question_id,cluster
28086865,0
39663117,5
37259168,0
22412231,2
25090735,3
25279059,1
22719224,3
7549662,2
28233633,0
40091963,5
1366274,1
1751959,1
11596423,3
23042962,2
4638806,5
4585692,4
39397720,0
35880247,1
32969757,3
2323080,4
32535816,0
20383151,4
3610071,0
13596408,1
39970303,1
38164587,2
19094441,5
26077231,2
39066567,5
27462337,3
22865573,3
22739592,5
23785155,4
39231607,4
39518350,3
25571861,4
31614866,2
15745418,2
15900883,3
32023183,2
39549494,1
38895185,3
35792905,1
17717282,0
11040626,0
36747114,3
3695202,5
29552575,2
21058514,0
33769143,2
6239042,4
13144158,1
34278866,0
26080958,2
5834054,2
25705544,2
27542341,2
38316294,1
20110006,0
33127008,2
18596189,0
2483840,4
20803932,3
4848965,0
27056575,2
8701419,2
4690155,4
26673267,3
32463870,0
36908926,3
19472499,0
38780122,1
37015876,4
12030085,4
29859761,0
33753832,1
4676973,2
39111903,5
27177212,1
22108306,0
38792077,3
32589767,2
3402694,4
35942081,4
26753268,5
26487648,1
19338748,4
19111047,1
13980656,2
30849351,0
33655933,3
13163895,2
13356680,2
16991754,1
18380766,2
5522524,2
39521924,3
36795424,5
19665125,2
33792478,1
4054254,4
25109001,2
2631311,1
843277,2
38879470,0
32906669,1
23873048,2
31350589,1
37730751,2
11816236,1
11376381,5
36053881,2
13336798,0
20298058,4
3068408,3
21465348,5
37066402,3
34394344,3
36447378,1
5075335,1
36507334,3
25709818,5
35046142,2
38591938,2
37390827,1
32683412,0
34880137,0
27434689,0
34708972,4
7765113,3
37864425,2
6107905,1
39978375,0
4968210,2
25462305,0
35641116,0
36816386,0
34683400,0
36820171,3
26005274,0
38477881,1
10639333,2
25387745,0
40113343,2
29080279,2
26615756,2
6655724,0
38876562,1
33592626,1
29144956,2
23970227,4
5531249,2
35224978,0
6650906,0
24037441,1
12311196,4
1056675,3
24020720,0
14319771,3
5289680,3
19919987,2
22127346,2
22983523,5
10587826,4
29581718,5
21897420,3
24419845,4
28624489,3
1693945,0
17124199,0
21397455,0
16494824,3
21436163,2
18896682,3
17621531,2
36534795,2
34381588,0
31538738,1
36813851,5
17173743,5
17327389,2
39341571,0
18968660,5
12485148,1
32705146,0
9584565,2
39331369,3
16059073,2
31253866,1
24743446,1
2465675,3
4713589,1
19216046,0
13369009,5
37541248,3
36518512,3
29408529,2
23617898,1
40006924,5
39394936,2
34352419,0
22731782,0
19484161,3
18352815,2
4255854,3
4717238,0
38704586,1
33572928,2
35846053,2
38343972,5
39396222,3
3842927,2
15966537,5
23154821,2
23580176,1
3489451,2
34052977,0
8358781,4
5566160,0
9952655,2
5258402,1
35822563,3
11601629,0
7184454,1
23779995,3
18767257,1
10292057,1
9193773,1
15194061,0
33452601,2
13664861,0
29922373,0
28410763,2
35006204,5
11017984,5
10459673,0
36854690,3
20129259,1
21434728,5
18667053,2
39448604,2
9852226,2
34452680,3
18821795,2
10903748,0
25375057,2
32723802,5
16044668,3
26770121,1
15661231,2
21403044,3
18946286,1
35625488,1
36301179,4
23963369,5
21047921,2
28677597,0
16597396,4
19430190,0
28085788,5
16664360,3
8973238,0
38343213,3
16329869,2
14621310,2
27524817,4
29029077,2
8573464,1
28930706,4
18486244,2
28384690,4
3905548,1
18689026,0
36689898,3
5513615,0
14902299,2
38579256,2
6871686,2
10424987,2
33492593,0
27440989,1
2193009,0
31419145,1
30025502,2
15265319,3
38289432,2
36697521,0
38038700,0
35440222,4
31400143,5
9014056,2
27118886,1
40027392,2
32078763,5
25064271,3
19833315,2
17202946,0
1258199,2
21705101,2
29832659,5
16816379,0
20202639,4
822195,0
37467812,5
39847007,2
11268039,2
29621334,0
17459700,2
3165213,2
31473998,4
22301531,0
22787091,5
25903242,0
30699806,5
34071495,5
39128412,0
37749111,3
14734492,2
13167852,2
39721813,3
30444863,3
28228720,5
30016119,5
20109487,0
35461213,0
17528842,0
34133667,5
13446989,1
16435697,2
12612229,2
17412087,1
35505498,1
34422238,0
27810898,4
17229045,4
22254151,0
25319851,5
20966102,2
38117824,2
17384485,1
8320106,2
39151443,5
992136,4
26984555,2
24422724,4
19693782,2
12139428,3
24286544,2
14863576,0
26214245,2
25379098,0
9526873,4
7385374,4
928806,0
3861148,0
39533524,4
31946790,0
32689758,5
22946117,0
15555589,2
3134850,3
10831075,2
20629113,5
28917968,3
28999332,0
21739518,1
18241359,2
13010551,2
11651188,5
9100431,1
34657480,4
15898829,3
13729394,3
6603448,5
4293408,2
28862412,2
35590796,2
21735827,2
23111625,2
13093806,2
33426634,1
30032701,0
15622082,1
17819311,5
7381998,0
36169342,2
22120887,2
11850762,3
25726289,1
13792798,5
31657423,2
19655688,1
23409982,0
23704826,2
8535913,2
24540431,5
23021976,0
7199405,4
36447597,0
22386064,5
32660596,1
34662357,5
37166891,3
22411463,0
8953035,0
1905396,2
27208757,0
9645924,1
39509080,2
11366294,3
36385992,1
7969552,0
29418117,1
9486345,1
10773372,4
13936169,2
33680750,2
29471617,5
33971496,3
35585362,3
32177449,2
11388632,3
1111173,0
30036443,2
17320133,2
12853628,1
23159019,2
1956249,3
35722096,2
18799033,1
6438260,1
19782309,0
13018266,3
34336273,0
12851374,4
15821830,3
17060930,2
28267756,2
38778676,1
32358269,0
21886526,2
14413661,2
4113014,2
26897759,2
38618888,5
3442920,4
23800972,2
31063601,1
28705834,5
27607638,2
6931039,2
35761561,2
28288395,1
32874900,2
38071436,5
27219759,0
21158731,3
26361113,3
27034416,0
22253695,3
11622692,5
16837642,2
3894923,5
17438943,4
37732552,1
23809636,3
39143465,4
10866990,3
17197406,5
2470121,4
34005479,5
32079691,0
28477877,2
10497342,3
22534552,1
14922533,2
35593961,4
32141623,4
35583510,3
12170262,2
28022998,0
25775965,3
22891586,2
7973002,2
11798323,4
35330733,0
14429724,1
18598238,5
14195544,3
17005775,4
33325603,2
16787725,2
38960196,0
39829846,2
26278348,1
6203653,4
37865763,5
36491375,2
23833324,4
30585679,5
34462682,2
18456841,3
7070693,1
16387597,0
23295868,3
21045437,4
32334346,0
12810499,5
24109713,2
23891486,2
36362175,5
29701951,1
5315873,0
40140412,2
22436864,4
14236633,3
38881888,0
38807067,4
22848533,1
23711762,2
5164307,3
3898572,0
4360636,4
31402734,5
23872285,0
1431936,1
39407747,2
27883769,0
4888440,2
37022787,5
24624809,1
19610240,3
19617959,1
34714863,0
818942,4
29244434,3
33333980,0
1229414,2
23506306,2
22603750,1
38723055,4
39836449,5
34411047,1
33979709,2
34525893,2
12328678,1
31111493,1
38367206,2
22665833,4
8779497,4
28722677,2
38384829,1
13824973,5
9770133,4
29566846,5
14579231,4
33658216,3
22561495,5
5918633,1
34383951,1
27575354,0
11228153,1
3407414,2
16813088,0
2038247,4
33713149,5
5445462,2
31872863,1
3486372,4
17492923,5
24058127,2
22787826,2
24404729,5
7768633,2
8930370,1
34584484,0
17370820,2
28658918,5
25285665,3
14588682,5
23205147,0
11897028,1
28078327,0
26698401,2
33720318,1
553019,5
40121221,4
31960214,0
24981505,5
24607358,4
37302934,3
23839662,0
29901471,2
24834926,0
24087593,2
36258215,2
28119877,0
3730616,2
32991977,2
2828962,4
32040304,5
26805232,3
24056286,2
21039589,1
15807611,0
9870182,2
21922382,0
16500443,1
22156574,4
7829007,2
33751388,2
7629288,4
22133696,1
32121236,5
2828059,2
2041978,4
22251169,3
15258017,4
26187054,2
14258702,2
31949339,0
38679516,2
27194710,5
29847082,5
27959962,5
25914854,4
19261392,5
25490432,3
21640880,4
25455067,2
27790357,5
8449454,0
19169352,1
29743523,5
33657182,0
4295799,0
39084519,5
25720742,4
35540265,3
15947517,2
10475448,4
22878113,2
16022579,3
35984404,2
26876438,0
10018679,0
34257693,3
31795092,5
9445835,5
19527097,2
14658945,2
762764,3
24591917,0
38237598,5
1842389,3
23618728,1
29545601,0
31307014,5
38447314,2
14621224,2
2415842,0
20502312,4
21113773,2
31487381,0
16700779,2
14533936,2
32485542,1
32813162,2
30834395,4
33405490,3
28882496,2
7556499,5
32740320,1
11481618,0
24376574,5
38219558,0
28520450,4
36131003,2
8299270,1
23234436,0
37830512,5
5403138,2
37662869,4
3586295,1
35258750,2
33713501,4
24057239,3
18478240,5
35696980,3
16022245,0
2524998,5
35332978,1
16981303,2
34662173,5
37471079,2
6162823,2
36163949,2
15378537,3
38708729,1
16110968,3
27772934,0
21784116,1
11824137,3
22899536,0
34322896,0
20444155,2
15541418,0
39776675,4
37019240,5
12559778,1
12658224,3
30380551,0
39214277,0
29973598,4
26642433,2
36152287,2
4098197,0
36894878,2
11059203,1
39792641,2
1364583,1
6912867,4
12289861,3
2743070,3
19715854,0
26352833,1
15638468,0
18117748,0
18324753,3
26762053,3
18915481,5
21285022,4
1720743,1
37579590,5
6322158,1
36091759,1
36764709,2
8590813,2
8904271,0
13209539,0
32877873,2
1325568,1
35287254,0
34957004,3
34064104,1
38808452,2
14006028,3
26683509,2
34755256,4
20136274,3
13111025,2
18838328,2
27284196,1
27990497,5
18581174,4
33929929,0
37289559,2
18883222,5
19441031,1
30293680,4
29300175,1
550804,2
19228711,3
38361224,2
4476354,2
19961071,2
39408038,5
25663653,1
23378498,3
33442872,3
5772148,0
29641616,4
17039151,5
32239077,0
17088224,3
10011302,5
34576409,0
8934530,0
5234944,2
19545979,0
15881439,4
30746167,2
25429219,3
27827503,2
16820635,2
8674426,2
20602488,0
35825289,3
36034926,1
28594000,1
31577926,3
33303952,1
21366021,4
25028105,2
27973941,2
30492313,5
6335906,1
14779216,2
10599347,2
19915264,2
20341650,4
22244837,0
36612981,1
29997186,0
4782028,0
36068943,2
34856717,5
7389109,2
29591313,2
10860774,2
25543741,4
35997393,1
35871625,5
32731554,0
32821143,0
16705670,2
28128514,1
17887503,0
35692719,2
21282039,4
38528332,5
36725130,5
35998123,2
4065085,0
14355642,0
33067867,5
26741204,5
8158536,1
39580929,1
26711396,5
26936345,2
26295092,1
14924795,1
23355661,2
17398040,1
35423366,2
8764895,4
20600527,1
14609467,2
34574351,5
21309172,2
21713148,1
28522671,2
13440956,5
34216141,0
29363697,1
31806428,1
35407893,3
21370722,1
36923265,4
37242036,3
35628640,2
11387439,2
11580789,2
9937781,2
36425234,5
23103370,5
13703295,0
29796140,1
13711187,0
31468597,0
26949091,0
18064914,5
32033557,5
38877102,5
17220997,3
37661073,5
11280464,4
34315152,5
11298909,5
29489717,1
14898089,1
26321618,2
39029632,5
22557758,2
6165819,0
5891359,4
30264461,1
23420021,1
5812318,2
902039,3
14532634,2
21392956,0
21699022,5
20262687,5
14184623,2
10110295,2
39366291,0
18245975,5
22876655,0
25856475,2
21175922,0
8063012,3
36738309,1
31388828,4
39626338,1
30405420,1
30067180,0
9914393,4
15442717,2
1181233,3
29775539,5
6649990,3
29794853,0
14850960,0
33665542,0
26527493,3
28759361,0
36386761,1
144218,5
33335937,4
12894154,3
18131839,2
2591580,2
35356198,5
26106833,5
22331396,4
29590189,0
38906797,2
23935029,1
26822873,1
31348238,3
1554673,1
17252024,5
32325075,1
10368153,2
37432161,0
30636248,0
21153407,4
39355483,2
22135108,2
22179718,2
1672113,2
32705280,3
23210644,5
14199168,5
29972991,5
31878409,1
26166248,3
19604825,2
19544545,0
26441236,4
21528899,4
18692818,3
25407738,2
31644677,0
27651993,3
12182744,5
33914593,1
30754926,5
18428457,0
36210157,0
34706485,5
36163147,3
28951256,3
18472826,3
10818445,0
13143218,2
26887558,4
20456759,4
30354380,3
33314704,2
4106332,4
39450903,5
37659066,1
18615022,2
36014646,4
19376994,4
27000754,2
37454726,3
13754880,2
34005062,3
39976348,5
9515559,3
26188763,0
39050676,2
19132927,0
23531110,4
24785657,3
18502197,2
32868911,3
22263679,0
5415199,3
19414060,2
2680619,2
22816409,0
27981595,3
31436023,5
31605888,2
38903443,0
26440574,1
13179917,3
27715429,4
31911465,3
36789493,0
21367320,1
26002936,4
28082017,4
29467807,4
7680343,4
12945387,0
30270899,4
27999685,1
22488693,3
35685146,2
30331943,4
37232804,1
19012948,2
22716035,3
11959434,4
37644773,2
31655788,0
18166360,2
4698755,5
38164191,0
28599012,5
31693683,1
11462235,0
28634422,0
19791208,2
36967011,2
13703724,3
14633290,3
23055860,2
21848033,1
30202445,1
37058194,0
29836948,2
12868559,4
23199042,2
33804118,5
14398868,5
37530500,3
28975467,3
18312886,2
35228991,2
14828945,5
4163740,3
33597066,2
37310695,1
21649113,1
29597831,2
34818228,2
36289259,0
35922675,1
32855029,2
19670697,2
8979031,0
1151207,0
38358521,2
24062013,2
21310797,4
40063530,2
7074051,2
31353423,1
30998543,5
36607953,5
33984132,3
5972506,1
11636162,2
35135979,2
16575250,0
21189294,2
27851087,5
31501806,0
26941785,2
19295832,5
4922623,3
22752467,4
26328818,1
17858553,2
38876429,5
29070176,2
23343709,2
26224484,2
9270931,0
33335291,2
32894378,2
27885855,2
22869719,2
22522330,2
28614911,4
34936193,0
34447789,0
32422279,5
34897280,0
32838397,2
10455538,0
32170913,2
23759873,4
7274521,2
7881110,1
27789298,0
30289289,2
21542301,2
5903501,0
25469869,1
22699808,2
3651339,1
32427207,5
36504073,0
28178477,3
37550934,2
36066054,0
4513937,0
37493102,3
23716734,0
29965571,2
16883360,2
23006023,1
25839183,4
28646271,1
24509307,1
9375878,2
20098319,3
34525277,3
31231115,5
39346549,2
4131546,0
28521142,4
27434153,4
20391489,1
35550913,2
25492346,2
20441762,3
31449291,4
26923433,3
27000546,0
32376579,0
27289344,3
29704164,0
21607965,0
39297328,3
34687818,0
20462833,2
39843230,0
16500798,2
12065019,0
35179953,0
32231896,5
4785918,0
32975638,0
29222034,1
23311483,3
19121894,2
34601505,5
12880324,2
35353771,1
18157259,2
26921854,2
6854662,1
37913101,5
40038519,1
16121686,0
37111118,2
27195594,1
37521814,4
6895205,2
27414913,0
6849582,1
37685459,1
5046845,1
31268914,2
21512572,2
21721545,3
17571349,2
22676327,4
22488553,5
1490429,0
27391292,2
19646627,5
16678500,2
35944841,5
23140799,3
31088263,5
29785941,2
28399233,2
26246233,1
9174234,2
6466628,3
30703988,4
27237072,1
23160476,2
23522539,0
34180827,0
27915151,0
39314024,4
38988705,1
900420,0
27587108,1
38685620,0
37560990,1
27957831,1
36892829,0
6713463,0
5180521,5
35374933,1
23288447,0
4226824,1
3247183,3
32905668,2
9312082,0
20018092,4
35141092,4
39370510,2
31192752,0
36582696,5
34015615,2
39018998,1
34048210,2
2900362,2
1999412,2
1080920,3
2863406,2
18439316,5
20887555,4
15398865,0
15169015,4
28814603,2
35630020,1
29545547,3
11380380,3
23640624,1
39491918,4
28015865,3
34427715,5
28256804,3
5068100,0
36802811,1
36661682,2
30610885,0
39987071,5
37956517,4
35795089,0
16746685,0
26954694,3
30668106,4
36164170,1
28277137,5
14888843,3
32872828,0
6681243,2
4735732,2
32852208,2
28513480,5
17944235,0
29096898,5
35351203,5
20638999,1
24764431,4
37200386,0
10773010,5
20012919,2
37646631,2
38013618,2
10044903,1
9283606,2
33384112,5
27038061,1
2102294,3
37231619,1
4717751,2
29061751,2
19002235,5
36655901,2
12888655,4
3746672,2
25317270,1
31108850,1
19256155,3
35324657,2
35778136,5
5551286,5
38073332,0
2102216,4
19236833,2
4560554,5
15761528,2
29690535,2
37901186,2
9484232,1
34117072,0
4919681,2
1489041,3
23641871,3
35032792,2
35261895,1
11216894,1
38895856,2
19804129,0
24811286,4
39901860,0
31924543,2
39663469,2
37045399,1
20710532,1
11251257,2
32350505,2
15374291,0
28267870,1
19728908,5
22466821,2
31984914,1
39086029,5
21586655,1
38622500,2
11715227,2
32577351,1
8957429,2
17309453,0
21527770,5
20365878,2
18240549,3
36286333,2
34674558,5
25927578,3
22041231,2
38269658,4
31385175,3
39964995,5
8820451,4
10526847,3
4695337,5
5474624,0
33944914,0
33795241,0
12391092,0
27291870,5
22796024,0
34367353,2
60680,4
31917430,2
24330068,3
13077939,0
38509208,3
33060192,5
9917334,2
5097005,4
25705707,2
29171937,0
10554276,3
20329927,0
37355662,1
32217242,5
30751547,1
30838820,2
39406836,4
1071277,3
39003251,2
30107606,2
2345331,1
8223137,2
4922926,0
13900946,0
11124121,0
2553672,3
21731133,1
37266221,1
28640971,1
5824859,1
11726866,0
9041958,0
15724672,1
29687761,0
34197936,5
5452931,1
10095299,0
37837311,2
3068839,1
39313273,1
15409132,2
25277433,0
18135547,2
38385558,2
21478132,5
16451509,1
34059399,5
30634243,0
35087630,2
14283086,2
2405936,0
21147095,0
10121485,3
17596250,2
35661474,5
38686206,2
15555968,2
4010507,3
23451359,4
3463698,3
9118322,4
27518446,2
37783991,2
11005233,0
1423214,1
37681840,4
24727929,2
2397324,3
21188579,0
32554641,1
31236247,1
7258245,4
39121709,5
30897250,0
37773037,3
1049320,2
13504424,0
29847535,1
24621792,2
1042451,1
28948385,3
36265049,2
24947418,2
31264735,1
20037426,3
15272637,1
40024017,2
39174657,3
35919242,3
19550326,0
33476755,2
38788066,0
28354550,0
25619945,4
35570319,0
23894138,3
4877924,2
28630249,2
29928457,0
38648328,4
18438934,2
38790368,2
33807424,1
12448426,4
23834765,5
24801534,3
10942236,4
26853262,2
22811382,5
5409308,1
23808918,3
15635972,1
36409596,5
24428091,5
29406767,2
352079,3
14469685,3
34789938,0
30759381,3
24370721,5
37677496,5
12062715,0
27302424,4
13658930,1
33928553,0
11606091,2
24099620,1
30595908,4
16491594,2
8288133,4
35360816,3
8695422,0
23047450,2
39400957,2
34554347,0
18858676,0
9428419,0
1098118,2
7279355,0
25299624,2
28679154,4
12326117,0
20302196,2
18844894,4
16821674,3
34367078,3
4924273,2
28125565,5
12108913,3
1824735,0
23144164,3
36527407,2
32802334,0
18881741,2
7834907,2
26745536,4
27042627,1
17978073,2
32213251,5
7276232,1
34063514,3
15841024,1
39652954,3
5407647,3
25917528,2
23640588,2
19216630,2
2733660,2
5127991,5
39837732,2
7660231,3
22043658,0
18905392,1
32580489,2
37768058,5
39323817,1
32394655,2
34550005,0
8027065,1
6889640,2
33135942,1
3265232,2
3448505,1
38309025,0
23529312,1
20112500,0
18653004,2
24809425,2
19315030,2
21047524,2
27662072,0
36870792,5
14225513,4
28206600,2
20741435,3
32974691,0
37716326,2
13531247,0
31192256,5
32239228,3
33027687,2
21542753,1
5866475,4
16976405,0
34011154,2
28622414,2
37413144,1
33245685,2
863234,2
23221747,1
20037687,2
33371664,3
18695990,2
39131755,2
10068419,2
34344025,0
39372150,1
35282826,2
25435656,1
24366775,2
16728695,2
34481205,2
28066146,2
6134933,1
25839070,3
11056821,0
17875037,0
21703142,2
6978331,2
37191442,0
2378110,1
34788422,4
35407514,1
11832824,2
26989736,2
38860185,1
15110685,2
27100278,2
37471934,3
35101847,2
29839397,0
30064894,5
30681997,5
791098,1
17437025,0
27558559,5
34543830,1
10446440,1
9567326,1
26598064,2
19889821,1
32879491,2
37788567,2
12406827,4
28794015,3
26914900,1
24650612,5
5012560,0
33959632,1
39971597,5
19373759,5
5550145,0
13936170,0
22801307,2
5882006,2
18353203,1
31518664,2
38600982,2
19648648,0
9384918,4
22489425,2
29463075,2
33496350,1
33772547,4
31397170,4
29322753,2
7900488,4
22098390,0
33190668,3
36972604,2
35464931,5
22367854,0
34451403,5
19507010,5
24024510,5
35736598,1
33242629,2
33761087,4
36574494,1
23945949,1
10428399,0
27930732,5
35006623,3
31467421,2
19922370,3
92928,4
24557707,4
26326663,3
24617100,3
20990538,0
33641756,0
26933761,1
22976596,3
5756427,5
3332494,2
36388632,3
26797025,5
17968100,0
34157247,2
34071433,0
33071152,0
37379492,0
7339685,0
14968560,0
26757412,5
37150065,1
37851443,0
25468014,3
19513761,2
14292349,2
931699,0
38983743,3
33694940,5
7065761,3
8497428,5
17584973,3
25779274,2
12838111,3
26620076,1
28673564,3
32970960,5
13168374,2
38405158,1
21071264,2
34463263,2
25585151,0
35342769,5
34896705,1
35981030,3
36546998,3
19250247,0
23360801,3
34322778,3
32084646,1
37140143,2
35228855,0
32869518,0
4239825,2
1195911,3
24524576,2
35946442,5
37422982,0
5629745,0
2825364,0
40122639,4
7076349,5
21124976,2
29443497,1
17492512,2
12527525,0
36873924,5
30921986,0
8612391,3
17931579,1
4883270,2
26544888,3
32974976,0
31269974,0
34597243,2
27743043,0
39143671,2
39798306,3
31341622,5
14218992,0
36827182,2
12076259,2
36707741,2
39792325,1
14673547,3
25458468,1
37006542,5
18222933,3
37403816,1
37329448,5
27317045,2
10011035,2
37213139,1
32365395,2
32462757,4
34377408,4
25991081,3
40028975,0
34417577,0
5322860,2
27449670,4
17210650,4
122327,2
36949105,5
30224418,0
22665215,0
15533680,3
7864519,1
22284430,2
21119726,1
17943523,4
35456478,0
24171075,5
9304983,1
11647805,3
7778215,4
29757848,0
37516575,1
30376266,5
20749599,4
26728001,3
13351341,2
11917944,2
34925849,4
28456089,2
13014297,5
16130154,2
28271185,2
33629782,0
2360291,2
36870722,0
38187330,1
37040867,4
39054328,2
18040752,2
25926957,1
33106298,3
27951295,5
25702118,5
35121538,2
35304024,0
34571352,2
35833520,4
19877306,1
29391630,2
15732491,2
20228649,0
16749659,0
9637892,4
21059929,0
32171909,2
31108022,4
22054978,5
14056723,2
33093213,1
11922857,1
24554376,4
38437189,5
26744155,0
25747362,1
13502623,2
21987701,2
25241970,4
814227,2
36867567,1
23679431,4
1163113,3
25519354,4
29292831,5
30643229,1
24125945,2
36783579,5
22991226,5
21436618,3
16396686,2
39128086,4
6795330,2
18238184,4
34258650,2
38712462,1
33571511,4
30356812,2
18557390,1
24314801,3
29784774,0
40010438,0
21899416,0
31395766,3
24815943,3
32157306,0
34471068,2
16192502,0
40129428,5
33616747,0
39322708,3
25021271,5
25018102,2
18679108,4
20329628,3
39407674,0
37102408,2
18118622,0
14219058,2
33683603,2
34275053,2
31547932,2
5832143,3
20473137,4
3309878,1
33770844,2
10647165,1
16070160,4
24283958,4
25128994,0
39615520,2
34128777,5
22850140,2
3737900,2
30082330,4
33007626,5
6154409,4
39892605,2
15737245,2
33621935,2
17985774,2
16901130,1
9251040,4
21924275,5
22912351,2
35663705,5
32054046,2
30041484,0
6048576,2
37771263,2
8083263,0
39698432,4
319426,2
38052930,2
33986784,3
39598606,1
34229140,5
31670575,4
17389011,0
30669492,2
22785193,5
24044330,2
38182258,1
24590022,0
4263001,3
30175285,3
26255530,1
21456078,1
8870261,2
33072866,3
15951448,2
36455382,2
35830915,3
24434690,2
34730452,0
23685092,1
33193180,2
18989291,0
31999669,2
14743127,5
20431640,0
36359869,3
24960814,0
7063743,1
32025676,4
39018232,5
29659497,2
20931571,3
26266464,2
31304007,5
34006658,2
38554640,5
29975588,2
22018652,0
28992000,0
37967949,0
10979534,3
37317140,0
26695506,0
4007289,0
31663578,4
959479,4
32596431,5
3274334,1
33345482,4
19566419,0
15889817,0
28628836,1
18920010,5
36959580,3
30828030,1
16616728,1
26761963,2
26433682,0
32758479,2
30025824,2
37664850,2
28045238,5
17757350,5
36564059,0
37732180,4
39002849,5
7619109,5
33707300,0
16234975,0
38223910,5
11667171,3
24789782,0
33203655,5
32807745,0
25182685,0
37761173,0
19479934,2
34610959,2
6194659,5
38836312,0
20561808,4
30100016,0
29936563,5
2352018,0
33700328,1
7553306,3
22396761,5
752308,2
9762301,2
8583136,5
39140679,1
15033409,0
2671668,5
33206356,2
20905350,1
35847419,3
15978571,3
17894168,2
19865347,5
29066411,0
36850514,2
23004729,4
36894678,2
22785929,2
36605866,3
2090424,0
37089933,1
4651693,1
20892096,3
20649282,0
30252258,3
22939059,5
32117340,0
28725367,2
28411806,2
24588543,4
7101126,0
39028908,0
20579740,2
37043151,5
36645668,1
27182350,2
14186260,1
3616721,0
35073718,4
37026745,0
40079435,4
18788878,0
1659380,4
8946810,5
22254253,2
32895660,2
15761059,3
1203639,5
17129393,0
35084454,5
31079649,2
25157090,0
15754208,1
26793625,0
15322171,0
10539823,2
31387113,2
40120122,2
30064191,0
7960982,1
34051702,3
27243170,3
21827818,1
9100909,1
3343768,5
3976772,4
4222595,4
39715354,0
4686241,0
17754152,4
16620391,1
32929952,0
790960,0
29039488,5
34768129,3
32860263,2
4923509,2
29419316,2
26665799,2
14982912,2
22925096,3
34849733,0
17389388,1
16039092,5
39634736,1
32929318,4
28405899,1
5174770,2
18181322,2
26666511,2
7829188,0
1043382,2
23012623,5
7894261,1
18504753,5
37902450,4
35704716,5
2402694,3
33826600,2
9120765,3
34316403,5
36772434,2
25465264,0
38041609,1
20042717,1
33725345,0
39753281,4
29149805,3
38070435,0
17797489,0
15450661,2
3676628,2
12825140,0
39829578,0
26445760,0
11856013,3
33133964,0
3177057,4
37693497,2
24381482,1
35082076,3
36731365,2
27434593,3
26327189,0
35852579,2
29094291,2
27531620,3
14448447,2
23713434,1
12265695,2
20073240,0
13151785,2
18137614,0
17117912,2
34626618,0
32808410,0
27407430,2
17625438,2
16561754,2
26284205,3
542596,1
33363207,1
28552998,0
23591507,2
32865597,1
4795772,0
5081610,4
26441740,3
35311343,3
24122568,4
36513625,2
31950550,2
258296,3
25991666,5
29489107,1
27352907,5
18842779,2
28161862,2
23637219,5
15660297,2
29458228,2
29012685,4
32868944,0
27734776,2
21126625,1
11359538,0
40008407,0
30539575,0
7960600,2
18511962,1
12866132,1
19772023,3
35713739,3
11766287,0
6140439,3
26598559,0
20021725,4
37518337,5
25888357,2
31477714,2
20843549,2
15511349,0
22717179,3
29335486,1
6592054,0
33077804,3
26627553,2
25150939,2
3297028,4
39960942,2
35108639,5
8234923,2
35527349,3
2897590,1
26446973,0
33727000,3
38648176,4
10921162,4
13327615,2
1986152,0
35192519,4
22163045,1
36837385,0
2435764,0
12975769,2
6875944,2
27866796,3
9519346,0
33092732,4
37221480,1
37366418,1
39435518,1
11181519,0
30017614,3
33457258,2
12586734,0
18974728,1
29197248,3
31360386,0
38770681,5
23728949,2
34664700,2
28456347,1
2554758,0
18166734,2
38255422,0
35849994,5
39482836,2
36150868,5
9153844,0
33984470,1
3866520,5
27364923,4
32641895,1
34519831,4
36747280,2
11971667,5
32140096,1
28675310,3
27917054,4
36991830,2
36323608,0
27209071,2
6811549,1
19469963,0
28702293,2
17646023,5
14174395,2
21977987,1
2922072,0
19819821,2
13881621,0
24673036,3
11221728,1
37104100,2
31837310,0
20649595,0
35810416,5
37978225,2
21317284,0
35091623,2
27406293,1
36918953,1
32615697,5
31264321,4
27372479,1
15229202,2
28929139,4
31066930,3
30020930,5
2025964,2
3985305,3
29104323,2
38530407,2
28421540,3
27691147,4
21847312,5
9787815,4
14021987,4
11501843,5
38303797,5
37776748,0
29975111,4
34042123,1
18768093,3
33429487,1
21497591,1
24045554,2
37306741,0
905005,0
21274526,1
33780334,3
30627899,2
12645782,0
5768406,0
18696303,2
26702689,2
3843188,2
39821339,5
5431958,2
9817292,1
23837877,1
4870771,5
30343156,2
9314824,2
10318351,0
7348144,2
33288798,2
15756007,1
36584425,0
31561965,2
16755042,4
24573354,2
34081424,2
30691347,2
30418181,5
25836358,1
2278665,4
31123308,5
36204534,0
23707644,0
36592907,5
24640154,2
21145909,0
34775833,3
30022017,1
27062652,5
20111254,4
21802519,1
13242221,4
4872183,3
18626533,4
15709227,0
25303839,2
16276268,5
21647054,5
9148782,0
19123269,0
15828294,1
31577280,2
32919316,3
39616631,0
8439042,2
7037938,5
20160983,1
29729956,4
36001620,0
35433166,3
37127556,3
38806295,1
30564818,0
18346894,4
31584379,1
40056887,2
31500173,2
32728212,5
3238150,3
33395903,0
25253618,2
33313048,1
23282945,1
22109712,1
36297610,0
31185130,2
22649379,1
14332114,4
28488492,4
25459285,0
38594352,2
16927428,1
7884712,4
33319060,4
3503861,4
17568481,4
10492548,2
17408825,3
7016509,1
28032722,4
33802391,5
16989842,3
28259366,0
40120596,0
26104434,5
24432209,5
32873396,2
8865878,0
39642258,4
38646500,5
25724318,3
37911091,5
36332976,2
23660424,2
4538962,5
10181035,1
25718961,2
39295996,0
30898365,1
25234921,2
7600235,0
37628372,1
29562943,0
13596407,1
3889038,2
34876656,4
35244913,2
4467230,2
28206826,1
12594239,0
4208659,1
22335171,0
28333732,2
33590599,5
18385524,1
29159680,3
19678641,5
29433259,1
34004042,2
12013813,4
3300406,2
39665712,5
34358550,5
33994158,2
3340528,3
7948510,5
37230696,5
26195181,3
25429410,4
22370117,3
15418093,2
34984015,0
24533951,1
37811767,2
28693433,0
11881900,3
37605531,2
35193688,2
7542651,4
4996085,1
8194489,1
21798501,4
33713472,5
37838023,2
33841523,2
31650997,3
39488380,2
36305573,3
28940535,2
15005240,4
13037462,4
11025777,4
25713022,1
23618231,2
4261129,3
36338020,5
31477393,4
22649703,4
12112172,3
29277831,5
25675998,2
15321993,5
29445943,5
9187579,2
14551484,2
28687087,1
2137539,2
29800157,0
39526134,2
3945028,0
14986129,3
9854869,3
26932870,1
13753213,5
29870209,0
7931382,5
29590365,5
24621889,1
20485141,3
31865990,5
31446640,2
30981249,1
35680848,3
38890265,0
15868424,1
6665577,2
39231865,5
35906266,1
16527834,0
29035533,2
16682563,2
11039209,1
20313002,5
34045618,1
2140219,1
33089019,0
16121545,0
5415679,0
7683116,2
17668633,4
19827368,2
31577163,2
17588699,1
23172265,2
20616307,3
13895526,2
35641414,1
27894253,5
25803567,2
18676293,2
29175519,2
6012604,2
13829666,1
37906835,2
13325954,2
26720106,0
39236601,5
4235004,0
11661822,2
2773416,2
1640054,0
8313705,0
20366031,2
37726207,1
4775875,1
36523912,2
20715408,4
21911853,2
20177899,2
3520672,5
22241343,2
11327736,0
18796117,3
33467537,1
9606364,0
35053507,1
19099756,0
38866526,2
37863458,5
7781448,2
2381241,2
39299548,1
27758999,3
21843143,0
32417520,2
8856523,2
13343577,2
33868862,4
39969717,5
15424895,0
14580787,4
15174162,4
27119700,2
32642785,0
36020079,5
883679,2
18267314,3
3288250,0
18856646,4
34406169,0
13801557,0
37766683,2
24373965,2
3818881,5
15807317,3
26705027,4
16434405,3
3018036,1
23680976,2
36247394,5
33502170,3
24134085,3
20928661,5
29637150,5
33011551,2
40114549,4
11492138,2
35540360,0
33823776,1
3261693,1
37683741,2
12549319,3
33678959,0
23849295,0
34288969,2
4819437,2
38215686,2
38816302,4
17273685,1
7961216,2
28212280,0
26473859,2
13559696,2
24709342,1
9391546,4
23314553,2
38556188,5
29248537,0
34637757,0
28195660,4
37813859,2
3823599,0
24414204,0
31234308,1
13349573,3
38129746,5
39538576,2
37634899,0
26328623,4
16405242,2
33066034,0
25090714,2
33728416,3
25480639,4
11205571,2
20438686,0
37932966,2
21393107,1
21317567,5
2413144,0
29221502,5
17557756,1
15817577,0
15479902,4
26712080,3
34670670,2
456867,2
30550918,3
18014580,0
35332852,5
39861280,0
38906513,0
38195089,4
31169990,5
604453,5
28511343,2
26533379,2
28756816,1
35026716,0
33577657,0
21706570,0
29349801,3
35373236,0
16654743,4
38033570,5
9784422,3
31035934,2
14691865,2
2549616,3
39456283,0
31842651,3
22978023,2
24792480,3
31365592,1
26465546,1
39271424,0
28507913,4
18287315,4
26876921,1
30252960,4
13537300,3
1711483,4
36463979,0
26962973,2
13787258,1
26621993,2
14861843,3
9344252,3
878143,4
27546500,2
26325233,1
34833307,5
25652379,2
39121577,1
27462227,5
10078564,4
34323908,0
11565492,4
12939791,1
34725704,1
34206696,5
15609348,3
40033979,2
25839946,3
15452996,0
577467,2
24498306,2
32518358,1
39843491,0
34013932,1
2863270,1
37090291,2
26676249,3
17166351,5
40114836,2
25087072,3
8568242,0
35629694,5
36133447,1
2082474,2
8326192,0
11872270,2
13188711,2
39013564,4
27518863,2
30434323,2
40030481,5
4010218,0
20026325,3
8563394,3
37791386,0
29390384,1
29268915,0
38646886,1
2752008,3
6826495,2
18617854,5
34865335,0
34260687,1
38214420,1
29442774,0
36236960,2
27770826,0
37504245,3
29577571,4
19554261,3
39536288,5
35049772,5
30650583,1
1765757,3
31091954,0
35400056,2
26249367,5
36876035,1
37818978,2
12055601,0
1638751,3
39608282,5
25799264,5
32323030,0
547829,2
36326246,5
19480449,2
14804173,2
32506956,1
15006622,5
38444010,2
31378804,4
9041681,5
37955929,1
27319439,4
29828786,2
4910203,1
21842950,2
22253658,2
9745909,0
29387060,0
15706911,0
21470039,2
32922535,4
7908295,2
39841276,3
23334022,4
14990376,1
31100251,3
5321767,2
38187781,1
4593695,3
25044549,5
37132000,3
10650146,2
4637420,4
29755656,2
39246374,1
24548279,2
33681858,2
29708564,3
31593772,1
29804422,0
32868211,0
32417338,0
24250515,2
23763300,2
28973277,2
15896493,0
29560630,0
27118511,0
8071254,4
39047784,4
3182153,2
26300442,0
3319632,3
38677022,3
24562175,1
10941830,0
3077490,4
37416600,2
3340015,1
37056981,1
20052885,1
37736021,3
6555573,1
5958793,0
15150275,3
24707811,3
16773857,4
10761769,2
39761444,4
39252170,2
38496831,5
31928897,1
22530081,2
14006482,1
16376732,2
37521454,3
25470428,0
7085512,2
32489601,4
29549149,2
31689133,4
26483054,2
39716433,1
15929676,4
32152233,2
28328890,2
21856383,4
12374176,0
1017388,3
10868530,1
16238462,4
38704037,2
37000346,1
19108182,4
6174369,1
31648992,3
24768455,2
7896462,4
38741395,5
22862105,0
20356215,2
10304467,2
10176037,3
7881133,5
14760703,3
17839922,1
38037873,2
13851041,2
20298407,5
38305946,5
32106805,5
39146027,1
14819098,2
9870221,0
39252323,1
40040726,3
38273916,5
31961688,1
3339562,1
28922374,1
40141134,2
32597668,0
27753350,0
20137321,2
28774852,3
1716554,0
28335202,2
29113461,0
8652140,4
24070082,2
32177308,0
18915941,2
35272985,0
3293194,1
35341399,5
13927576,3
29393646,3
35265632,4
2643244,4
20746505,5
14735469,2
28008807,3
33866503,3
17138952,2
4979150,1
29455660,0
24740104,3
635200,1
14418264,5
36810785,0
12608747,5
19389083,3
5522471,3
9753680,2
31684878,0
35274840,2
33190298,2
26828226,2
20931295,2
38403141,5
293482,2
38293647,0
32871467,2
35895466,2
10990895,2
7459204,1
35457358,0
31569216,0
35262753,0
5056152,2
38106808,2
25697684,4
3209529,0
34957620,2
38791898,2
36000668,5
35581490,2
38803150,1
11764203,0
37789747,5
15513618,4
19658703,4
24358611,4
12154579,2
30902050,2
9763675,1
6532065,0
38242677,1
20969744,2
31473184,2
32234863,2
30558116,5
36954453,2
40066680,0
28180301,5
3164086,4
12763505,0
37883325,5
7194701,1
17613250,1
36809368,1
37287922,0
18004030,2
34800915,3
7196427,2
10158269,2
39662975,3
25905752,0
20724856,2
5440098,2
28916554,5
27240287,0
34710842,2
32167758,2
27918091,5
10621324,5
17161420,2
627772,3
39664995,1
21818783,2
39817834,2
28209436,1
2761678,0
38168949,0
24274023,2
2799731,4
4981963,1
35301624,2
21576252,0
39587863,2
23475610,2
10221704,2
33745052,2
3465568,4
22703859,0
5366928,3
15725458,0
36895627,5
27952608,1
1003247,3
39086664,1
22415643,0
38499625,5
37709164,1
31387880,5
36736445,1
14819849,2
2243895,1
8020408,0
31861042,0
37098313,0
4588889,1
12266208,0
28505987,0
24418368,2
21367792,5
22512462,0
28376538,2
24576044,3
31489523,5
23725294,3
29171896,1
28026470,3
13355290,0
7963595,3
36202770,2
32123528,0
38340414,0
8691419,0
4094933,0
22719650,0
11134539,3
36704286,2
33910982,5
14036344,0
26938110,1
9600474,1
34909446,5
14320836,4
18159874,5
10423385,0
23705290,4
3330933,3
29722071,1
3161827,0
14874965,2
39461414,4
12019661,1
22493293,5
23227680,4
5011077,3
31207250,3
36120184,3
31794127,1
29124000,0
1188944,1
33790792,5
38821726,4
19597575,2
5406393,3
9193323,4
17823629,0
16049395,0
26630245,4
33555048,1
19718233,3
29773991,2
20741952,3
26618666,0
34255517,1
21612779,5
22220856,4
20974252,5
10559018,2
30298144,2
32465143,2
19869090,2
6410062,0
11790775,3
23577505,5
14515239,5
8519647,3
29200348,1
35004097,5
21079579,2
36562052,0
23037479,0
36123877,3
9335768,4
25019153,3
15864522,5
24837040,1
15545952,3
37870407,0
24065052,3
16847157,4
32313946,5
6616270,1
38306904,2
10152290,4
38683881,1
28473660,2
2824612,0
20661733,0
26870873,1
9753730,1
33864661,2
38129681,2
12208427,0
2985678,2
38516110,0
32590591,3
40064411,3
26607303,4
25050504,2
6336911,0
31417661,4
20616540,3
20104874,5
18224468,4
20586328,3
19936033,2
25301466,5
16675039,2
8848294,0
4117038,2
1829340,5
4419532,2
28881140,0
11813548,0
38644263,2
16574573,1
18784615,2
38806208,2
28930477,2
20037341,1
34538762,5
20731983,3
3217715,5
26850164,3
30044142,0
24168812,2
10319699,4
35644481,2
30722305,1
38797177,1
11666537,3
26957437,3
37266282,2
18356185,1
24106575,2
35688703,0
35230959,2
6878303,2
17576448,1
3158098,3
12332392,5
29760118,0
37870148,5
32026365,2
36863081,5
8300364,5
16236157,5
39804301,1
21438890,2
11045510,2
21221813,1
3680022,3
25293881,3
24173250,2
31349356,2
3803386,4
16952462,2
20675534,5
4203417,3
33418838,1
14885002,0
7962094,2
15878501,0
18768967,1
28220146,3
25816506,3
10901247,3
15487106,0
14803780,1
8721040,0
7616998,2
31848877,2
34929650,3
1226091,4
31250542,5
23102041,1
37204323,1
34793047,1
21110915,2
14386822,5
24140497,2
22534598,3
36342098,1
12840340,3
40087681,0
7208096,1
1823588,3
7020313,3
37528782,3
21717671,0
38278578,0
25372877,5
27904399,1
18968607,3
24872225,1
3867718,0
25212660,1
16091689,2
19942399,0
26851151,1
24663564,3
34954102,3
18578265,3
20462542,5
23267750,0
13328121,2
22951775,0
27526431,4
9310360,4
10971033,2
23965767,2
37339367,0
9629532,1
37471436,2
3014631,3
33048636,3
29181220,0
22304231,2
22450116,0
16741435,2
14319525,1
26427644,0
20423598,5
26697843,1
39359693,0
22303408,0
14777488,4
17544424,5
22831375,2
33573807,2
28509551,5
15843419,0
37053169,0
25491786,0
23358787,3
9048947,5
13721289,5
9691346,2
15926358,5
38733247,1
5307991,3
23173220,2
3715323,4
4788748,1
10618144,2
11039500,0
10224287,2
29250011,3
5426637,2
21437666,0
22378876,0
15437320,0
7654729,2
18705373,0
23553102,4
38667728,5
11059801,2
22144324,2
22913490,2
37705016,2
38167388,2
35520251,5
35761682,1
21081438,0
38271772,2
15109425,0
18331129,5
39917313,0
14690398,5
14030935,1
29586949,1
9125997,2
29055634,4
24291941,2
16862501,1
31006311,4
24613347,1
15890892,2
17130935,2
26056316,2
22793465,3
8730499,2
34085607,2
38170566,2
18782241,3
34844961,1
31435071,5
29049771,0
28154976,1
37023166,1
22779650,2
11672513,2
27302795,1
36794701,0
39282848,1
26874829,1
25814675,1
16110777,0
25194557,0
30748378,5
14225361,1
28924553,2
23905703,5
29055439,0
36792222,5
33356753,2
31295352,3
24715229,5
23263071,1
32929910,2
5715217,4
24316906,4
35536670,2
22766366,0
20394025,4
30675236,2
7611510,2
29323850,4
29053122,4
33248875,1
33995477,0
13111410,4
31991806,2
10694150,4
31568441,0
6535062,3
24693714,1
28516906,2
33253657,2
3123796,3
7384066,2
2380031,1
31194718,2
22179800,2
2990945,1
38333259,1
35818975,0
22935732,4
30276185,4
1645384,2
36315314,2
17577821,4
29403784,0
26744920,2
17662887,5
28392937,2
4110511,2
33916150,3
15840661,3
38808959,0
13404368,3
33294758,3
22688854,3
14821297,1
25234137,0
30310885,5
21039786,4
24269795,2
21953121,2
19466343,2
31668444,1
27178055,0
21509858,1
12533119,5
31215172,5
34113548,3
37218887,2
13845608,2
23068872,0
17180560,3
27135635,0
35784095,2
14668475,1
29184871,3
9907778,4
20115578,4
36049580,2
21890792,5
17610275,0
38897091,5
31177029,2
31978948,3
39132439,4
19907865,3
31039043,1
1872016,0
36278041,2
18501867,0
17535318,0
17146816,0
20481027,2
9674065,4
33634310,2
33178216,1
9488945,1
39762772,1
12444770,3
25145384,2
17896936,0
24830952,0
30483977,2
15035409,2
13052282,4
23172325,2
30607428,2
29334505,0
16294174,2
33506372,0
11164286,0
1120139,3
40041902,3
7251414,4
20249397,2
14410453,2
19544589,0
28978491,2
15030011,0
27388403,5
30839297,0
3449039,3
16668639,3
38647525,0
32569722,0
35820782,4
13939677,5
5237485,5
23902645,1
36333737,2
11020663,3
35633421,5
29745593,2
21412318,0
10962448,2
25273365,0
34793989,0
37644632,0
26881631,1
7486189,4
33595230,4
28831539,1
37360343,1
38777654,2
9316697,3
22773905,2
19733666,2
10511654,0
32473192,2
34884408,1
38540394,0
34333594,5
30969513,0
6273191,2
6808798,1
39541791,3
21803956,2
22881585,2
34164137,1
40101925,5
35242940,5
24119708,0
32704870,3
37619571,1
38947967,5
23619945,5
30271882,0
19883026,5
37078919,2
23285743,4
23002438,4
21757544,4
15582956,4
30850829,2
28933739,1
37192937,2
14069890,2
36526140,5
2763432,2
22044220,2
35337250,0
11280388,2
24367930,2
28242902,2
5097092,2
31019573,2
15371505,3
31100433,1
29317262,2
18427711,5
19337952,3
39529662,5
26292906,5
21362224,0
7502566,3
13202649,2
33737126,3
35808754,0
20248760,0
17592581,1
39618814,3
39196788,0
14313025,1
39914160,2
30242328,5
29452735,0
27032991,2
28789986,3
34436091,4
33137277,0
19688078,0
22403897,0
22859493,2
35992600,2
8031636,4
17156769,2
36702421,5
36953452,0
6197580,4
13918652,0
749000,3
24627919,1
12799772,3
14794296,0
34130717,3
19803039,1
23460357,0
19084223,0
37032174,0
37247111,2
9224284,0
38405122,0
34833473,2
32661495,2
31523241,2
29349522,4
39454471,5
11622700,1
38691009,0
33344809,0
21929716,4
39384922,0
27390751,2
27618651,2
35754837,2
35362707,5
7259316,3
34988748,0
25183798,3
39584544,5
7433232,2
31905949,3
26661177,2
1780763,0
31216574,2
12886902,0
7092821,3
32636307,3
7995202,1
31094044,2
28712167,1
37981890,2
13309255,1
34739151,5
32918014,4
7668551,2
35933201,5
13872174,5
39071050,1
37852994,5
30625881,0
14929304,1
16484167,2
17403175,1
11394820,0
30006740,4
31254278,0
37176167,2
39864563,0
37472336,1
31548586,1
34145566,0
26392752,0
39396610,3
31923003,2
21963929,3
28949303,4
36494860,0
28976249,2
38725187,2
30272269,2
1053344,3
885625,5
13167990,0
39518534,2
19573477,2
31437660,0
31057009,4
19494449,0
30362023,1
34269772,2
34012417,0
2924781,1
37441698,1
35894570,5
8537375,4
9006093,1
33795535,2
20720108,5
32152613,1
32514077,2
24265375,0
38315475,5
1610781,1
8682848,0
29882322,1
18835525,2
34023927,1
3494780,0
21830650,0
20801032,2
37528718,1
8367609,3
30719986,2
17819152,2
19508028,0
4642589,3
16786633,0
14505086,4
39302594,1
14294353,4
15182284,0
28500422,2
10914416,0
39507711,1
30676333,2
31504353,2
36839212,2
6479676,0
34132279,1
4494532,2
22186207,2
30210677,3
30633320,1
12241550,3
6014428,2
17755621,1
37279357,1
27489781,2
40076534,5
9876838,4
30710144,4
8394680,1
30357527,0
28099784,0
18213789,5
22072112,2
4903413,1
14220505,4
29988241,2
26785354,2
601874,1
39090875,2
28097247,3
12975456,1
35216526,2
30607364,1
38952059,1
29040609,0
40127794,2
40018083,2
34955321,2
33629033,2
16892696,2
4413912,2
29268012,0
14755946,4
35291232,1
12550379,0
26302575,3
954823,1
39652788,0
30194277,1
40061520,4
26283259,2
39839968,3
39036229,4
27112708,4
34892420,3
38573769,0
36252310,2
39427540,2
25944968,3
5396447,0
28950020,5
18522273,1
17827758,4
38214721,0
27921902,5
19530375,4
34053223,2
5250183,4
2049849,2
27341801,1
14497022,3
15951228,4
36018851,5
8375329,2
25404179,4
2443383,4
31608133,2
27645172,4
21514517,2
12959615,2
24746582,1
16731557,2
27984840,3
26902034,5
33665467,1
6036129,1
34375363,5
33170862,4
36486079,5
29460274,0
31225140,4
23618769,3
29372745,1
3411469,2
29420870,1
23403190,2
22846048,3
22972720,0
23281782,0
38165636,2
6354260,2
28879485,1
25904090,3
21758760,5
15080672,2
2266503,3
13871769,2
26518730,4
12179271,0
20858516,2
30294905,3
7493459,3
31145163,1
28035995,2
22048996,1
11219770,0
18348634,1
10388411,0
26472114,5
19945963,0
16861013,0
22308945,3
21716368,5
1057638,4
35809398,1
8286015,5
28384680,5
35087283,2
20860846,5
26747122,1
39306811,4
1512600,1
35329655,3
23446565,4
26288294,0
28856605,2
28460881,0
24077760,0
2501431,0
24947814,0
30881858,2
28316815,3
3443157,3
21383115,2
33544897,5
33476590,3
32776762,2
32667423,2
16951602,2
5363856,3
32402536,4
5656564,3
35644599,2
25849696,3
35196753,2
27930334,3
33093117,0
14099308,1
30174143,0
5321789,3
24162379,5
20528152,2
34005494,5
25212696,0
33653724,2
4330723,2
38419554,4
25642134,3
20019516,2
25235833,4
35447865,1
5928959,3
11357851,0
29612925,5
32210270,0
18518326,0
12902134,2
28094766,1
31105931,5
32237379,4
27925113,3
9617001,4
16730559,0
37152307,3
26330342,5
12023488,0
34414111,5
34191340,0
10653422,0
37324606,3
24313055,2
33525279,5
29401025,1
28427236,5
31128622,0
12577179,0
23351876,0
35176862,1
17788030,4
32705272,3
22938101,3
15836692,1
29019340,0
5933313,2
23927803,1
35504329,0
19447456,1
5465010,4
22239909,0
4828598,2
35471471,1
17262540,1
22686339,1
39070030,5
33768386,1
28830953,3
39733655,2
24216729,3
37455933,4
24334431,3
22084163,5
39617894,5
25415479,5
7976684,0
21447174,2
27657018,2
15096306,1
3500997,2
17065413,2
31941685,1
13023073,2
34565895,1
19270960,2
23125243,3
9219313,0
6284413,3
39352371,2
26624193,2
33518554,2
29522874,5
12355740,2
38209343,1
15675667,2
12393044,2
12104005,4
39100425,4
38083667,0
38762247,3
5080756,0
30506160,2
33297814,4
26752252,2
26445403,2
7192390,5
21877327,3
35364084,4
16223787,2
34879508,5
22575050,2
24669497,4
10303248,0
6540502,0
24707143,5
31153536,2
2922628,0
24877912,5
10889930,1
14839366,0
39702803,2
25965332,4
26592415,2
21197304,3
5643358,3
39275533,5
5160965,0
18963819,4
22650393,4
36782588,5
26514865,0
13249341,4
19017324,0
36762199,5
24001123,2
39683521,0
14360006,1
30786933,3
24211537,2
33675624,5
35538388,2
32223894,0
27697939,3
38995640,4
359498,1
34028293,2
11687302,1
37980812,0
39184071,2
29872349,0
31172220,5
20785987,3
39682342,2
31588232,2
29165171,2
10417108,0
1894846,0
17250477,0
33791608,3
22395185,2
29149744,4
32142150,0
9747059,0
18488287,3
13884328,2
27112286,2
30895093,5
35877208,1
21276576,5
12698102,3
22873511,3
10131811,2
26924193,1
7827196,1
2838707,4
34580796,0
24988809,5
26479280,4
33458277,4
3112456,4
34970948,2
16056104,1
30956362,2
29332163,2
13466341,4
34577792,0
37973589,5
30317213,4
38933789,1
2082145,5
35068300,2
38578378,0
30704214,1
37691973,3
39321678,4
20929790,4
36503178,5
13798344,0
37191893,5
8456401,1
394895,4
39258087,1
27647871,3
39490657,0
22212336,5
1445989,2
36454339,0
31270373,1
23166772,2
21622988,2
17203935,2
27167133,2
27571512,1
3419624,4
18542107,0
17203253,0
24981565,5
6737846,2
27133165,5
33469327,0
22269429,2
20669665,0
20677686,0
38488923,2
21346498,4
27137266,5
33971230,4
22847765,5
32640047,1
1347727,2
39922316,1
12189943,0
35189203,5
1249165,1
1836633,0
22493605,2
36603513,4
24254945,2
16100204,0
20160902,2
33259191,1
38491602,2
28672271,2
21495032,5
25372911,1
35633017,5
39644202,0
32114215,5
37640606,0
12180822,5
12915668,0
26097916,2
31720272,2
11763448,0
27989674,0
20883189,5
32801417,1
35805573,2
11010445,2
24126266,1
24045816,0
34596411,3
12784624,0
1861836,1
28931142,0
31805681,0
10035167,3
26297698,0
25261582,1
35587850,0
1351227,3
26878540,2
10555671,4
37832228,2
18340576,2
35247108,0
36899831,0
36313934,5
17135979,0
5673304,2
13113168,3
36428064,0
19017283,0
35522430,0
11722950,3
9319430,3
12992316,1
33117704,0
4427543,0
738301,3
2119682,3
39069841,3
14531544,5
5207305,5
30842119,2
20028202,2
34917828,1
22222662,2
34013142,3
36924748,2
32522750,3
36998498,2
29074509,4
7561969,1
25435908,4
40118266,3
37501075,5
37800639,0
20855090,0
27680024,5
17134024,2
28868693,4
36784908,2
27159558,4
12988780,4
11239567,2
14615847,3
17156943,2
7273215,0
18263475,3
5728248,2
17634940,3
27010588,5
34773838,4
31604446,1
23198665,1
10627221,2
30986482,2
39886063,2
28988814,3
31825633,1
5895588,3
19624038,2
34602999,0
3286607,1
18194440,2
1417902,3
40073003,5
16880252,1
31160197,2
9057497,0
15685894,5
26075841,2
854906,4
27434643,1
21115449,2
28533354,3
13592734,2
39650828,2
38951194,1
11773516,1
18678117,2
32403893,2
33707609,3
19560838,3
34822324,5
4611410,3
29803949,1
22979141,4
28939470,1
34560607,3
38369188,5
10586787,0
35227147,5
29309302,0
30907851,2
23208368,5
22546969,0
35946816,0
23511679,0
16981926,3
24421993,3
26112049,3
39856709,4
6024622,5
14664753,4
20727780,1
31162657,2
37154201,2
28400961,1
5786653,3
1902813,3
29294646,5
27317442,2
5781043,2
33979392,5
23121942,3
4148974,0
26818513,1
39297793,1
38602060,2
32900735,2
2829919,2
17593972,0
11505558,4
38156023,5
30360659,2
13676141,0
39922084,4
36228723,5
10079163,0
14131338,1
38796217,3
9219318,4
7340786,2
37082877,2
33856026,4
28293310,0
22884370,2
37806114,3
30762203,3
18610198,5
8545870,2
27420478,2
11917547,2
26921035,0
12282222,4
21248245,5
19841116,0
25070051,1
22702767,5
29640856,0
22444586,5
17304123,2
37008080,1
19542873,0
24355290,0
36638946,2
16936009,2
21043394,0
23068426,4
12272529,2
27403413,1
2227469,4
23741653,2
39951230,3
13120892,5
34828885,5
13736554,2
32288755,1
24318505,0
30725700,2
8660677,0
37227887,2
29424953,5
25321702,1
19201708,4
29868660,1
29004697,3
13128860,2
21767387,0
33569383,0
28077180,3
31595704,5
11207368,2
5543989,1
37587028,0
16430943,5
16872210,0
33281171,3
38809840,2
14679198,2
28462627,3
3680635,2
37197517,1
36038284,4
3887336,0
15191492,2
10964982,0
25104261,1
28952118,5
27129037,4
18679511,1
32189476,2
18786128,4
39915320,2
35735408,5
29009647,0
33287930,2
20906948,0
22910772,2
29466404,3
6633506,2
40100626,2
34738971,5
2609719,3
27003492,4
39117843,0
13910975,0
36538556,2
2685097,2
32397895,0
25031298,0
28100583,1
1854718,1
24243991,1
40093816,0
33413309,2
39902092,2
27030952,2
22628076,1
37252774,5
25103457,1
1713038,0
10835266,3
26153242,2
39740498,3
39494046,5
13351002,3
1894591,0
37947765,3
25075364,2
25615853,0
11209054,2
37000231,2
18290658,2
36939681,5
38601538,5
21866036,1
33000104,4
33332370,3
14991203,1
26021086,3
22317436,0
30715337,0
22507707,0
34738808,2
38352345,4
18334693,3
27914065,1
29539591,2
16323139,5
29166604,2
3874613,0
16715623,2
29241261,2
38559778,2
31547652,0
26050958,0
15209446,1
40074155,2
35807817,1
26323143,5
12748291,1
25663981,1
33076550,0
10202078,0
30107915,4
39580495,2
30114257,1
1550134,0
38743551,2
22873043,1
13859811,2
36589666,2
20195668,0
18323696,1
28924354,0
28948898,5
33534223,1
32934360,0
39553371,0
10468165,3
36821548,0
15561230,2
21309532,5
39739644,5
35279025,3
29358872,5
25987179,1
39928463,2
9729818,3
21799921,2
38233504,5
33989586,2
34320925,4
7536797,2
19134175,0
28889786,2
23251505,2
25549854,2
19566555,1
36772082,5
37936427,2
30682342,0
22084418,5
36448002,5
9613759,3
9134778,4
18935626,2
31186256,2
11221573,0
24844121,1
39127002,1
35485340,0
3745606,2
21463392,3
1598331,4
39416021,2
37683558,2
38138666,1
34075111,2
36983967,2
38200293,5
33642673,2
6522580,1
24156357,2
6569313,2
35721807,2
27088893,5
13045580,2
39693354,0
10679083,0
27897382,3
38944172,0
18767142,2
16961497,0
38717058,3
29194926,3
23443079,1
25838184,2
21893430,4
14573182,0
27509612,4
26711011,2
27626783,4
26673878,2
2047459,4
31762188,0
25883198,5
33184240,0
13966541,0
33746097,1
36624685,0
9576562,0
10442551,5
21844710,2
40126279,2
38572534,5
29152952,0
10589766,1
11939207,2
28978068,2
17368509,0
26029889,2
15356649,3
38388590,1
21804094,2
39196355,0
13504334,3
11107017,3
33661534,3
21590275,0
1905721,2
38349652,1
16999939,0
36627804,3
30228366,1
4893585,0
20172103,3
22360985,0
37933629,2
22801146,0
18850907,2
8611651,3
30927413,1
20042205,1
7615505,3
29183482,0
3760615,5
11069427,1
29046442,2
10106083,2
31126179,5
17748786,0
26496388,1
29150501,2
37974475,5
32900346,3
20808614,2
12467471,3
28866663,2
35569833,5
14574707,2
37512737,1
39599050,1
3340756,0
36076154,0
832485,0
38192651,5
38509807,0
39313762,4
14663071,5
25297778,2
23658378,5
38243547,2
27343504,3
39723570,2
32344829,1
23944651,2
16062749,0
18293096,2
34491359,1
32239234,0
39403002,1
17499806,2
31923537,0
3686256,1
28953653,3
34929261,5
21557117,2
17411132,1
37434611,3
27600893,5
22921804,2
38996464,1
13408711,0
12642061,2
31957564,0
29625470,1
21995426,2
25358368,4
45500,4
39584109,5
35244546,5
35802407,2
35580460,5
9903053,2
24507182,2
17406470,2
29400631,0
25614246,0
13572522,4
3015967,2
16371352,3
35237814,2
29138743,2
31979081,2
19699432,1
23161913,0
33766610,1
32738824,2
28382850,3
39036109,2
36158700,1
39500513,3
37042071,0
34312258,1
29975811,2
34372102,2
28248826,3
26292114,5
38171196,1
10516387,1
22681763,2
27599654,2
33216515,1
21639446,0
24191062,1
39195711,1
10704292,0
35768633,5
21756204,0
34499982,2
35858146,1
38238208,2
33924263,4
23699432,2
16978755,0
21292974,2
33858512,1
26295136,3
16951331,2
24237335,1
37571177,5
33072604,4
39880244,2
33066307,2
9332222,1
21614065,5
33271926,2
26899658,1
19695494,1
29924114,1
27947419,5
12018688,2
7157768,3
39726661,2
33765029,5
37743773,0
29921700,2
17620646,4
3238558,1
37886917,2
39642721,5
9286474,0
30087815,2
22807436,2
34832869,0
24983938,2
21341306,5
31125029,2
34240818,2
38721265,2
29917123,2
11999374,0
39969438,3
36865257,2
23553075,4
38528759,4
34586382,2
26594332,2
20619851,2
38255064,2
38836249,1
23140529,5
33703775,3
36322986,1
36588169,5
35825967,5
20250533,1
35216788,2
35449270,2
257956,1
13608745,2
31511196,2
844142,3
35477571,2
16935255,2
26300077,0
30421187,5
39298928,0
26286142,2
33349303,2
19614723,0
34021273,5
9417379,4
30063913,2
22447004,4
11208645,1
31749334,2
12452017,1
14793926,2
15034267,4
29225750,3
6196355,4
39482140,2
36571500,4
27568106,4
39980030,0
24464418,3
23655666,3
36311534,2
27451612,5
24640850,3
29324346,4
25422073,5
35754302,0
15284154,4
9737786,4
360368,0
33328656,3
32974756,0
19599578,2
28333760,5
11279804,2
14115318,3
40117702,5
1634502,0
33631216,4
12709194,0
27631702,0
16711923,3
4036009,4
24829880,0
25368493,0
7875643,2
36396004,0
22937653,3
34604660,3
37401838,5
34227717,2
10918122,3
20327621,1
29103566,0
23089179,2
21765938,4
26365544,1
32617538,2
25111752,2
36983233,2
37134589,5
24274277,0
12333004,2
32708530,4
28893314,5
3131488,0
22691249,2
34078500,4
36045059,0
20406771,3
20296224,5
8881993,2
39369260,4
37736531,0
17715222,4
39418477,1
28950669,1
37231325,1
31893039,0
8169249,2
24551464,3
16107884,5
70797,2
10056274,0
10357193,4
4307658,3
35136244,5
23251740,3
29451686,1
26620997,5
14129405,1
30830776,5
26645240,2
14962646,2
1571442,0
1145662,1
27717152,3
7832264,4
3387655,0
21329871,1
12100324,4
21819649,1
32408167,2
4536556,3
25918115,5
32970938,4
23254983,1
30512962,3
19896616,4
27687867,2
24535920,3
6789927,2
6782133,3
19957516,5
33450285,5
27437986,0
38834243,4
27972621,4
38245701,4
20462965,4
35842767,2
5020732,2
38051602,0
5660762,3
31616840,4
39180027,1
3694177,0
33977521,1
14500373,1
5349671,1
30000023,4
33787073,3
5311711,1
36805105,0
35538828,2
8685994,2
23836402,2
35635154,1
40111624,5
25412943,3
2824244,1
25928425,0
22026644,0
15365940,0
22108152,3
19282767,1
33561005,0
36414184,0
28358260,4
33273197,2
10515891,3
30899411,2
24702807,5
4956984,2
4259039,3
2946519,2
19479758,3
28640911,1
1739969,2
29686692,2
39860998,4
17478165,2
35470131,2
27023229,0
23940828,5
19164286,5
29982248,1
39934721,0
31555834,5
9929689,4
29624251,0
14513418,2
27614444,2
10515992,5
38161133,5
21714400,0
29010431,4
13634800,3
27079249,5
14639936,2
24631127,2
16493553,4
31503874,5
35573825,1
7168971,5
27014924,1
3079670,1
10205969,2
39635483,0
3445006,4
34303426,3
31043730,4
14072600,0
26445560,5
29183720,5
37653945,5
19604711,2
19063941,0
22831516,4
35744351,5
39353758,5
19506105,3
9548268,0
38172610,2
18901470,4
35739839,5
15292072,4
38737561,2
9559601,1
22239029,0
33875249,2
29265877,4
12702879,1
29492971,2
22864042,2
8659226,0
38806095,4
37263743,3
24239780,4
32668514,2
16453644,5
31374442,2
28709826,0
40127436,3
28605255,1
6921699,2
23180384,1
37836550,2
39493153,1
38963473,4
9170501,0
33483707,2
28099526,1
1970680,2
2001940,1
9909466,2
12169258,0
27096588,1
22022621,0
35302682,0
30144554,2
3918241,1
34988040,5
1765848,2
33599156,2
34329652,5
34607393,3
36193114,3
4617987,4
28264697,2
39950416,0
30769048,1
32015435,3
35897254,3
30986381,0
31596229,2
29022624,1
28138021,1
19715162,5
10568158,2
16755312,3
36668692,5
23634065,3
22732449,5
13241093,0
21729054,4
32082926,2
16301013,1
38151866,0
20042423,3
11086346,3
16957226,0
32059090,2
24181001,5
30489707,2
16515078,4
29578956,2
36802411,0
38208095,0
19753136,2
32150795,3
31165644,5
32028742,2
31521778,0
39313677,2
32462448,3
21666229,1
22479219,1
17181912,0
10817360,2
25744925,2
3498263,1
1594052,2
16524214,0
30224951,0
13614877,3
34458665,4
27074322,2
35810360,4
39441925,5
25603686,1
5362097,1
11619894,2
25090752,0
34101499,2
29534908,5
34920512,2
15442037,1
12844963,0
3460650,0
25142915,2
34884567,0
3316301,3
13349856,0
36000400,0
34032522,3
27759077,0
21341771,3
21222114,1
32805264,0
32819933,2
35094611,2
28024446,2
26465349,4
24399626,0
27167381,5
22595232,2
9378824,2
5529672,0
20391329,3
35583702,5
13850527,0
10748075,2
38884376,1
18139362,4
29555579,0
22609272,0
19491546,0
30925695,0
32213178,2
33312950,0
22080606,2
25560537,0
31325655,3
17870872,2
15941956,1
3890726,4
20632718,2
12177541,2
27137637,2
11448412,1
30253745,3
14778167,0
19081462,1
25096639,3
33440929,3
32614115,0
32853485,0
22750851,5
16260807,0
34828545,5
23300295,2
26648724,5
13277233,4
11158988,5
9350129,2
5871542,0
23819654,0
9756761,2
21163113,2
38998333,3
974931,2
21304272,0
22354668,1
26037390,3
37248125,2
22772619,3
21255168,0
12989576,1
5318311,5
32737627,0
16076775,0
12709945,2
35358248,2
36054382,0
30448762,5
29310116,2
5656798,5
34014483,2
16469018,0
29680362,2
6066797,2
28875429,3
26525137,2
22860909,1
4544154,0
30399622,1
38126159,1
13998693,2
18422131,2
18819954,1
28637928,2
27502455,2
17407691,0
22141648,3
35919807,5
18554719,0
38782004,1
13109274,2
12377473,0
37383812,1
19737432,1
17619703,0
23861468,2
23930274,5
23534060,2
23552809,0
23695414,1
39938083,4
21456729,3
14457596,2
8052002,1
36767717,4
13881395,2
33411053,0
26828368,0
9964118,3
18861877,4
37229398,1
32198096,0
12838114,0
22418336,0
32199241,1
12486778,1
27925251,3
32039888,2
35272572,4
32235617,0
6175237,5
4103031,0
11047034,3
13479286,3
9540311,3
9886575,0
37266035,5
40098058,5
34751942,2
4493844,2
25703711,4
4481644,4
11668031,5
24875797,3
26379420,3
37404234,4
3454437,2
32744940,5
6714723,3
28436482,2
28166439,2
14423363,2
27760421,0
2911946,1
25898086,2
17538906,4
38575332,3
19301330,2
17843298,2
39356761,0
31790284,5
37273158,0
23873240,4
24120894,2
11663452,5
464010,3
8789090,5
36694549,5
13957624,0
11469674,0
32917436,4
14028775,3
25226759,1
11630374,3
20663898,2
3022898,2
36553615,5
14383474,1
34647232,1
26461800,4
37024822,1
34505129,0
10527593,0
14670388,2
1841730,4
9762466,0
31190332,0
5483096,4
25473736,1
15184588,4
24150894,2
37424750,5
33298258,5
2255721,4
37423185,0
30757487,5
14322641,2
29449917,2
36519495,3
39369347,0
38968723,3
4850748,3
5877353,0
16043124,1
34696100,1
35729313,2
38990723,5
27364375,2
23988736,5
21456143,0
27883234,2
35140860,4
34861431,3
17290936,1
18270623,2
30156498,3
28255905,5
37341766,2
29872668,0
17317595,0
2845177,3
37578876,5
39860556,0
24351695,3
29529485,1
13892730,1
39199209,2
34527319,0
39424826,0
14335284,3
36884286,2
20422510,2
20281946,0
19676564,0
36554257,4
12129986,3
24687872,1
11570326,4
21414639,5
22109275,0
22111408,4
37038056,2
27430045,5
33511284,0
13831451,3
32759960,3
31240376,4
24186423,1
24480009,3
24274799,0
13187420,1
36933016,2
34400303,3
29290874,0
22920928,2
33259710,3
15328566,2
27438498,3
22679856,0
36568371,5
32938341,3
26789123,0
30102318,0
29333208,2
18493194,3
13966603,0
2847979,4
13807623,4
31998834,2
16063928,1
26897536,5
11345765,5
26005403,2
34242919,0
20469024,4
33960570,2
9451142,0
1083402,5
10751948,2
2067710,2
5154479,1
6000205,3
32059711,5
21389741,3
3224628,1
35017332,5
28326378,2
37755080,2
28722971,4
16216102,2
9265551,1
33070321,1
33349126,2
19076977,0
18213544,3
23442696,0
33138392,2
27627440,1
25489418,1
24986855,2
38335811,3
11677847,0
34304189,2
24533128,4
27830672,0
38338177,5
33678351,3
1726640,2
19131147,5
5300988,0
27585670,3
38937984,1
16679560,2
33692949,2
28596608,1
18632566,3
29380739,5
20914655,1
38442962,2
36165262,0
2858920,0
12179892,1
33542473,2
30006169,2
22771579,0
13379631,3
19796834,0
2365126,1
39461428,1
8210161,5
31422996,2
16049355,0
19964747,2
25852709,5
12572040,5
4121240,2
31950331,0
4109848,0
36338250,2
20241303,0
28640564,1
12233208,0
27951158,2
15590100,2
10834721,4
20689760,0
7581951,4
3373188,0
14278424,1
30383989,2
37292266,1
14503434,3
35611946,2
17709240,2
34003285,2
37418200,0
8958796,2
16490869,2
10100276,1
37346050,5
26201929,3
2150108,2
20035604,0
19820600,1
35343798,5
37954489,5
22067785,2
3391920,1
32883606,0
6168727,0
19749404,0
34571161,0
25140826,5
39785661,5
31683724,2
25440750,1
38632687,2
32507715,0
5161037,3
36608077,2
32069347,3
32814217,3
37605555,1
31619880,5
14948711,2
24689395,0
39089397,0
29577849,5
37356638,2
12996632,3
28201090,0
31237091,1
30652387,3
19412462,0
31588148,2
35921408,1
32979715,4
17527851,2
27837662,2
15526772,2
30879608,0
34316107,0
31901171,2
3617772,4
5434520,2
6328267,0
24900064,0
35052362,0
26044386,1
30270765,1
24219446,3
28122542,2
36644063,1
39210127,5
10118762,2
36110242,1
22975998,4
25027198,3
39907237,1
7369247,5
12879322,1
37189968,0
37438380,2
25063919,4
22209311,2
16426387,3
37236834,2
29690484,1
27920380,0
19037703,3
35693574,3
17718895,0
9750481,2
30989051,0
38271944,0
13503409,2
8626157,0
19101864,5
30076125,3
24023105,4
7557098,5
20551216,4
3985453,0
31208739,2
8421337,2
30210381,2
32152740,3
3175925,0
7155152,2
2099666,2
959985,3
11501950,3
35554982,0
34900461,1
8018870,2
38524483,4
28435032,4
13409386,3
26046256,2
32715836,1
7937994,0
1823493,0
18390874,1
32982012,5
5938011,4
34865006,0
20789434,0
12829525,0
36440533,4
32943227,5
27179016,3
39576673,0
31629994,4
27159883,0
30386515,2
17703956,0
31226625,3
18146149,2
31302227,1
34544047,1
24745852,1
8294842,1
35589968,1
23543452,2
29254077,2
6909495,3
38327803,0
29571621,2
3077557,2
39660005,3
14525736,1
16782639,0
13590192,4
25189017,3
32708323,3
37356728,0
19713141,4
26211814,1
22335677,2
30646152,5
6296584,3
22030696,3
17596893,4
39901135,2
27848816,0
32237794,0
8455358,2
10510124,2
35260519,3
4765629,1
34517270,2
16962430,2
32096777,5
8911735,0
16243955,5
24011431,5
5369383,3
33776657,5
34788559,1
29334550,1
25612920,4
23504803,2
23354508,1
3718251,2
17015307,0
37272995,0
27289142,0
10877249,3
24770369,3
31252939,5
12942159,4
20476362,4
4406102,2
35225561,3
17604316,2
31926460,0
15552486,2
34947935,1
26324468,0
34503795,4
32201872,0
39443814,5
5649540,2
3506498,3
4286036,2
26780347,4
25394014,0
4819300,5
35291183,4
29947654,4
37973693,5
34914142,0
27551821,5
31215837,2
8239554,1
16598777,1
6720440,0
31108312,3
7442570,0
20004307,1
35007553,1
19443431,0
28410776,1
34099351,2
18236350,3
37986834,1
31502405,0
302163,0
26588923,3
30604952,1
24410900,2
23394378,0
22841888,0
25372677,3
39835704,3
8522390,3
3001750,2
28704145,2
21901102,0
12998908,2
15467977,4
38147839,5
14876929,4
16247157,2
27534738,2
14973217,2
15959936,3
35894511,1
15598313,1
32143149,3
10782340,3
32461057,2
27302285,1
22310604,4
31618755,5
30427445,4
36534850,2
16039463,0
28166011,2
38727035,1
26780348,2
2484527,5
14122272,2
29506802,0
19824805,0
17454216,3
32378475,3
7218795,0
33249350,2
31109366,2
18902102,5
29212205,3
27723909,3
38110263,2
34823688,3
3916762,5
29523772,2
37433093,5
31883505,1
8905268,3
20074620,1
34494748,3
3187964,2
25984273,0
2283704,3
9151102,2
25041144,2
7017330,3
25973366,1
7092000,1
12052478,2
27518112,1
4387869,1
38118721,5
28595893,3
33231938,2
39354428,5
12467607,3
35377013,2
33650960,5
26547421,2
13498784,0
33744765,5
28062955,3
37757747,0
2792650,2
24298752,2
24157535,1
2189288,1
18274671,1
21364934,5
31013472,4
32211446,3
37538925,0
7531310,2
30678737,5
27024986,0
19750094,0
27839195,2
17839322,1
13807320,5
18413305,3
18915920,1
10149994,2
35645548,2
27785855,4
6315109,2
25701196,5
34737206,1
22379520,2
39609356,1
19482844,1
24049867,4
2916245,0
24494356,5
26263458,2
13514751,1
16343034,2
27655768,4
3761391,0
8859864,2
38335249,5
29214629,0
34640779,5
3484293,0
6131620,4
29246277,2
36833442,1
22206070,0
15940389,5
12254898,5
34712547,4
26478208,4
4419595,0
24619150,3
31680482,4
20367739,3
37319967,1
35349103,3
19966759,3
33747385,2
39769196,0
28955958,5
39846705,5
20275934,5
10287169,3
38681740,2
33405556,2
17844578,0
36957520,5
30339413,2
2485378,2
29504692,5
15319280,0
22581301,3
19722370,0
17103215,3
25964026,5
24263020,3
34821477,2
11190471,1
23841975,1
12676566,2
28289187,2
26005454,0
24677659,3
20283478,0
14760751,4
11748169,1
33185147,1
32235671,4
11600196,4
24109903,3
37779884,4
38464661,1
26387986,5
8146785,1
27761466,2
36523313,5
14231068,3
35813212,5
12970896,0
38854276,5
30644427,0
29687436,2
4771412,1
13318206,4
40099281,1
22146370,5
25144789,2
20602077,0
28006100,0
28755771,2
27437598,2
39312470,5
35685503,2
10267620,0
32190404,4
18038167,2
26103821,2
39040174,4
31958477,3
28158403,0
1042751,0
38288881,3
34242392,4
12666990,5
26529379,4
14469145,0
37343952,1
35164801,5
36194091,2
23226947,0
18948788,0
11069704,4
20966608,0
40003839,0
5266978,0
39834321,5
27459302,1
32710729,3
30782551,5
5846807,2
27116740,2
12738919,0
9388993,2
11473930,4
34827363,4
30963292,1
27442298,3
10103296,0
21140038,4
23864242,2
39539606,0
2280961,0
32953280,2
36144718,1
33141595,2
32424555,0
23566946,0
26522320,2
16154623,2
30989043,4
39491327,2
20909563,0
14692753,3
15408275,1
1728266,4
12797658,5
32910093,4
31419666,0
21801387,5
38621672,2
15784357,3
36040996,0
36145275,2
27264026,0
24130044,5
19663037,5
4940791,1
39971822,2
28357779,2
12779053,0
38109221,3
16619882,2
33923032,0
30373912,5
39602579,3
33168284,4
8542725,2
35593238,2
8506239,0
28247778,2
36636416,2
31207528,2
37759458,1
24971830,5
34990016,0
19758322,1
21766905,5
5383830,1
31687379,1
33787173,5
38578685,1
497765,2
4214261,2
21782655,2
24514571,1
20042478,5
34084151,2
37757839,4
1951012,0
27277623,0
3634420,2
8633365,1
16322862,0
37984214,0
36599584,4
29539245,5
24166569,2
31058993,0
33451965,0
28271655,5
39957629,2
18772706,2
11463527,0
26629789,2
18833731,1
23627331,0
23606561,5
37871418,1
24235836,1
39755553,2
36734595,0
29529852,3
39088415,2
10523242,0
24764779,2
37953055,0
35340470,3
20691097,3
4121003,2
14847243,2
14115254,2
7850908,1
39668776,2
35669130,2
37084709,1
15153497,2
10546330,3
20982069,4
17128105,3
24595617,2
39021114,2
3225894,1
30905636,2
36135220,3
4741223,2
2262351,1
27857842,0
22097185,5
11343188,3
19545064,2
37911147,5
3301139,5
2242909,3
8927624,4
23589314,2
37736744,2
24850991,4
40074315,4
18132963,1
2904542,2
18838118,3
15801524,2
30385570,3
35440549,1
28998193,2
5953297,0
28799449,0
22349767,2
33506328,5
21322474,1
12804977,1
29214580,4
26848198,0
5761208,2
34063345,5
36043542,3
27571494,2
11541123,2
20778398,1
32955115,0
12255031,2
3155441,0
23709154,5
32158990,5
2869251,2
33006721,0
16161727,3
18097479,3
24720194,2
25259947,0
20960667,3
28183305,1
17643674,5
29375661,0
19849651,2
15081981,0
20911147,0
28969485,4
22921617,3
17923619,1
24924909,5
35077535,0
18080556,3
19311933,1
21324828,0
27299542,1
22875270,1
11762197,4
36591107,1
215132,3
6933535,1
37780246,0
35391458,2
11267853,4
35723759,5
40048298,5
29708990,0
31281202,0
28754971,4
37677148,4
25614165,2
15797670,2
31206079,4
3731278,0
8205789,3
27508442,2
37180112,1
17283906,4
16762709,2
20405887,2
31126596,2
25565919,3
39726455,1
39478117,2
23422449,3
23319936,2
36051581,4
19915697,0
22968915,1
6680676,2
28646167,1
17515430,0
17312176,0
29597758,2
37528925,5
35408919,2
20183423,0
23456629,1
19591301,0
20518782,3
17773782,1
26005781,4
11683761,4
19260253,1
18792933,0
36814983,0
17776417,0
6671620,2
10513076,2
17677203,0
22966655,1
12830512,2
20569675,1
16959051,5
36024163,2
38790548,2
24495695,5
39252085,0
14897833,2
2351008,1
27261512,0
31792671,2
8461230,2
29667990,0
8709975,0
37445896,5
39509491,2
16341661,0
30257062,2
434641,1
27545182,1
12165200,0
8187461,2
32743427,5
6194736,2
29855646,0
10214105,1
28863676,0
31637263,3
3505479,2
37761161,1
11557413,2
17858891,0
32945426,0
31220768,1
34816130,0
3284289,4
18607392,1
38987557,4
6954108,4
3871209,4
30565945,4
27887825,0
28304802,3
25404688,2
35543821,2
40108890,2
31468051,3
23576603,0
34912054,1
35588158,2
15477314,0
38839590,0
27916710,5
21742740,3
17749799,1
38839402,2
27800443,2
4594895,2
25344576,5
30709539,5
36413949,5
30538062,5
19150818,2
18444819,3
6465549,1
19082614,0
35545624,3
11202713,4
27444493,5
34238455,5
37697942,1
36879701,4
39890659,1
36758097,0
1362997,0
32364352,0
36983733,2
7268886,2
39561622,2
4362402,0
35959542,5
29987799,2
32090776,5
16872857,2
11128686,5
34209906,5
19729531,3
39239916,5
11531741,2
31324305,3
33464064,2
10011484,1
26215286,1
14922722,2
28221985,0
4081724,1
26534002,3
30533636,5
38784970,2
27429615,1
21235816,5
18028824,1
7403966,5
5773216,5
33907127,0
27886783,1
26276632,1
33271442,5
35944522,5
19918169,2
19167181,5
7832248,3
20506116,2
37756963,2
28861063,4
23676543,2
1148709,4
38831874,0
19495919,0
31009284,5
31775468,2
22077328,2
28275352,5
27320092,0
37618263,3
29415537,1
31936573,5
2627715,4
17378480,0
17301887,0
29726919,0
697594,0
9130370,4
1647112,2
23387891,2
21100368,2
3326514,3
21806814,4
28089861,2
29312763,0
33379171,5
27376572,5
20694420,5
36408096,0
38059812,1
35885981,3
39959713,5
11773755,5
35724250,1
37498562,1
26065027,1
31361377,5
9862655,4
20801229,4
31767593,3
20486032,4
29817518,2
40024952,0
15951488,5
37124944,2
32225209,2
30395720,0
19945270,2
34906380,5
25251913,2
23185486,2
30189013,0
22138673,2
15025695,5
24420910,1
13807860,1
23235964,5
36627895,4
36051263,1
19559191,2
30945113,1
5784870,0
27556628,0
37184776,5
27076503,2
36658202,1
26070340,3
5919452,0
37977885,5
25284060,2
36340395,1
24923806,0
3182760,0
27262353,0
4324049,2
31458426,0
30894353,5
13696208,0
28609758,2
24707349,4
28989262,0
38978084,0
25858046,5
33726819,5
5342504,2
36377501,5
29528597,0
10067415,3
34928725,2
14389513,2
35027685,4
35913975,1
19294898,3
34439940,2
33669281,2
961263,0
5616570,3
7112657,0
2950275,1
19214785,0
497704,4
21883116,0
31536071,4
25113281,0
37293307,5
20103304,4
24191466,5
32154849,1
32939452,1
3835548,4
11626793,2
30188440,2
27670416,3
20570647,4
2007195,3
19841900,0
26995818,3
8859994,2
39229207,2
23151393,1
7115392,5
6982578,1
38546693,2
1714027,0
28571614,0
38303812,4
17807808,2
3519565,0
26494397,2
12613888,5
25949775,1
24481790,1
34980768,1
9341880,3
32538245,3
38445975,5
29605642,0
26768773,5
33852659,0
19709893,0
919104,2
35726066,2
28982305,0
15079186,5
31751210,5
34122809,3
28297973,1
25065616,4
29739253,3
37573805,0
23808327,5
38354580,1
38278157,5
30311997,4
26030515,5
16716813,2
33360370,5
15159027,1
25185638,2
9290018,1
32115900,5
23800442,4
25872711,5
24661925,1
31098412,3
36723393,1
37370745,2
39725880,1
32202957,1
24705101,1
30554047,2
11443884,2
15215644,0
33787662,0
31712145,0
36325053,4
38862349,2
16676780,0
32071339,2
11912580,0
27244736,4
1585181,1
24021831,3
10670621,1
35848046,2
14570318,0
25689111,4
8654634,1
3915315,0
33086536,2
33004159,2
39107647,2
33209743,2
25253728,5
3990344,4
20820830,3
39796484,2
2963302,1
39396929,1
4382875,3
39669082,3
39726124,5
38792944,1
35867650,4
34065566,1
2315151,4
29114189,2
30745001,2
26596101,5
4105376,2
34790835,2
6985783,2
33116546,0
17705736,1
39736249,2
39102563,5
17379479,5
27730044,0
4150443,0
18992373,2
8898131,2
5960249,0
1419065,1
27488573,3
19041486,5
30191881,2
31929202,5
24748925,2
33588745,3
34181387,4
26772053,1
37600213,5
34659063,2
65076,1
18949768,1
6219446,2
9645087,2
12208989,4
10237717,0
12620570,0
28992662,3
11538483,2
3384576,3
36991185,1
24455581,3
7453553,4
37007318,1
31371559,1
5980042,2
20062470,5
30950474,2
29754562,5
17661136,5
24985356,4
977491,2
16650426,5
33792332,5
9927699,4
15964056,2
27834477,2
34365760,4
26750855,0
33074967,2
11405673,5
15283478,3
5378616,5
6431495,1
34133309,2
36799362,4
39748867,5
32254464,3
25406691,2
34160529,1
13942686,4
32072881,2
13555174,0
39686410,0
33022444,4
5632351,1
15728613,0
32626982,5
2369492,5
29647068,0
28008622,1
31879751,1
16701416,1
35780960,2
16189728,2
23603419,3
16610311,3
8106900,0
28653011,3
5031196,0
33986145,3
18926732,0
8304203,4
19569556,2
29683082,3
23837498,2
9420886,4
26943638,2
29280210,0
29469459,1
25724788,0
21156519,2
40106794,3
33541956,4
27271227,4
21266199,2
18664226,3
2076260,3
30713062,2
19316074,2
5839286,1
13409460,2
18342087,4
3958750,2
22953025,2
35146415,5
39022897,2
10278608,2
34264828,2
11399335,4
24425864,2
33017872,3
9354087,0
14174241,5
38842022,0
799767,1
18227946,0
31397595,1
39912648,3
16822996,2
33786851,2
31330324,2
33440615,4
25191505,3
14946705,0
9200252,5
32304371,0
17043317,0
24984349,0
27618733,2
22801985,3
36700879,5
33437134,2
11286506,3
1879914,2
37044652,1
26896941,0
2752809,4
39040554,2
18403885,2
38225615,0
16782976,1
14227419,2
37559255,2
36988764,0
38695103,2
31833355,4
16140684,2
23924832,0
21268941,0
10566685,2
33039751,0
2365774,1
36048769,1
30150626,3
37818218,5
16310668,1
15366886,1
34060332,5
22138596,1
23684381,1
34770389,5
21516883,1
24357730,0
13847687,2
36561417,5
11868964,0
8268551,5
13432995,0
27435394,3
18794873,0
38330841,3
243865,0
12584135,1
32205982,5
33929195,2
28163137,2
22570602,3
39146957,0
35962263,2
30258804,4
3918306,1
8143682,0
13424700,3
36554456,5
35895383,5
22122511,5
21312584,4
31544762,4
14875450,0
28429501,2
28708752,2
3730925,1
36713215,1
23185148,2
30482350,0
4083440,4
26549118,2
33614967,3
31444232,3
38116494,4
7280033,2
33718724,0
21739815,0
22614244,0
38334293,2
5397985,3
39201783,5
17341129,2
17854468,1
35269201,4
15798765,4
304216,2
29622305,2
7225906,0
36818291,3
5236855,3
23183298,2
30663433,1
6680413,2
34386667,3
35915075,0
34905616,2
32185089,1
2892746,2
12249150,4
11811060,5
26843598,2
31560065,2
18632703,2
25046307,2
33699529,2
24951563,0
4012841,5
38453545,5
16446357,5
11732805,1
37017377,0
31684032,2
12758430,4
29325967,4
21196441,2
2557179,4
34136717,2
14794234,2
8586216,5
10509527,2
27230705,5
38264887,5
37199342,2
15783991,0
36188632,2
12746149,4
113007,1
24236852,2
8563464,1
14442951,3
31497645,2
38774805,5
29033280,1
35303596,3
7456638,0
34814606,5
30453243,1
15676333,2
30752535,3
25847411,1
39813838,0
22276750,2
21667547,5
10694204,4
14306122,2
2593496,0
34858888,2
27649503,5
28639239,4
39804399,3
26058595,4
31062448,0
37960880,4
39842674,0
35596551,2
26149844,4
33934702,3
8271139,1
11323334,1
15556930,5
3292488,5
36632776,5
26178626,1
19988465,0
34134163,1
19770628,0
25606118,3
28300910,3
16901279,2
39778606,0
21880348,1
13286855,4
37895568,0
4955452,2
20402109,5
20267264,1
19460527,3
14080790,1
4615762,2
23619989,2
33306572,1
36469715,2
11274297,1
28139948,0
29933565,4
31375656,1
33132925,0
38918342,5
2865538,0
15915570,3
31465489,3
26256787,1
31482286,0
1497038,2
1031851,2
35358223,2
8275573,4
38187286,0
34754900,0
30934591,1
25745729,2
26824576,5
19410585,4
29689220,0
2363602,0
27824979,5
1716117,1
33622099,3
20184765,0
14423794,0
33400367,0
26203698,2
38816915,5
39053286,2
31929854,2
33312046,0
6397463,1
22107524,2
29024136,4
21800753,3
32384782,2
36071578,2
9320463,4
10167463,0
1440323,4
12566065,4
22899109,5
22966531,1
5964645,2
22732384,2
24542123,0
6215311,4
21136591,3
27736588,3
19765214,3
22770640,1
34709457,0
38776350,2
34884432,1
9361786,1
29314424,5
10253450,2
18003178,3
16905645,1
25462467,4
1111317,2
5399853,3
30762378,4
39666459,2
7175376,2
13219546,0
17278597,4
18996444,0
22177950,3
39148579,1
20601480,2
18755043,2
31832319,4
35066809,0
34104452,2
21645318,2
23640272,1
16781444,2
10757063,3
11931530,1
36036605,0
21921812,3
31211521,5
32920532,3
10875937,5
32049437,2
3523174,0
13513627,4
34212390,2
10540929,5
30952385,5
26482397,0
34846651,0
13167907,4
37236666,5
16802902,0
37369727,1
6971819,0
31445048,1
13608636,1
33337926,2
32981567,2
36852532,3
22697210,4
32958393,0
21642959,0
32553356,5
38369629,5
34339218,2
906509,1
4812555,2
31210786,0
10260350,0
32970684,4
26269366,4
7288686,2
12652905,2
6220274,1
36599346,5
8745130,0
18196251,1
7855534,2
32813386,2
32410981,0
25107031,2
33614932,0
35947363,4
30696978,5
35973615,2
37863967,5
28517258,1
6675556,1
36965951,2
20720287,2
24757551,1
17185238,1
32469591,0
14321515,3
30760451,2
11302648,5
26921020,3
37515461,5
15870647,2
22925285,2
35835966,3
17636160,2
13658447,0
30317740,0
2507726,2
24918930,0
39689099,2
4710094,2
24493563,4
29708456,0
25647871,2
25360450,1
20454118,0
16185400,3
11539632,2
24963054,2
3109951,3
7299344,2
3589214,0
14824822,5
11597345,1
12448592,2
38911202,3
33939486,0
26661420,1
38620892,2
22788135,3
33200590,2
39842332,0
38810448,4
17960311,3
33330276,4
26114518,4
32360641,5
24592132,0
37309031,1
39285004,2
36004227,2
3493061,2
39059631,2
38895282,1
39643601,5
34994814,2
20804629,5
20454066,5
17092138,0
37049021,2
21326245,0
9359234,5
22824829,5
35691265,0
30541311,2
33427357,1
13492764,2
6769068,0
21814379,3
43315,1
35167805,0
39065074,5
31577488,2
26637692,1
28250315,1
20720327,0
39548189,0
25046076,2
26283045,5
33764488,1
26479090,2
33875497,2
15374261,5
1733004,0
1516795,0
26290431,2
16453067,0
34506575,3
16833449,3
5575335,0
21782642,5
24050168,2
29227383,3
36144060,3
6281744,2
27248226,2
9162030,0
35169828,1
6273634,5
16503394,3
21750126,3
36496860,2
32132540,0
23857386,2
36733181,2
13205133,4
6655991,2
28184919,0
13282143,4
15519615,2
15786685,3
37545479,2
39059225,3
25122152,5
35684275,1
33191513,2
39671392,0
29236584,2
17527785,3
19530017,0
26466328,4
22384473,3
8898352,1
30535230,2
19717236,2
33851179,5
37141213,2
31812703,2
29199766,0
16542846,2
27473156,3
39169563,1
38071986,0
21857523,3
25597837,2
35118386,4
26312400,1
31868996,0
34217288,1
28398105,3
27228704,5
24923226,4
21685019,5
3048902,0
16387509,1
23113840,4
37767026,5
31578300,4
13608416,5
33462154,2
39031168,1
25928806,0
32305345,3
35527313,0
24574385,1
13917041,2
14250664,4
16404230,1
10060174,0
6198009,4
8190750,2
32929927,5
14531332,3
9517536,3
39897553,4
32229882,5
28516980,3
2393238,2
20132822,2
28144052,1
35709901,5
16827622,2
34494209,3
6632197,2
31653179,0
6083090,0
22108576,4
19116880,2
3376666,2
39501774,0
34641019,4
8844771,0
35214490,2
5466971,2
29884168,0
36044604,0
26725227,1
35332251,3
32528940,4
34440211,2
8977679,4
13628710,5
9839735,0
3384094,0
13333212,2
23171959,2
2490335,4
13651952,2
32886927,2
6988779,0
22902640,4
30315217,0
2992458,4
9407771,0
27191621,1
36322133,2
13975845,2
20128592,1
26450021,1
7372316,2
9853227,1
22609760,4
11908017,0
30810028,3
22992073,4
28798788,2
4020027,1
28462413,4
27436584,2
19185764,0
34396151,2
13977970,1
31349924,2
27866164,1
16520441,3
40090710,3
11974442,1
17665330,1
14735777,2
32808383,2
29127126,1
4547096,4
22533368,4
30656857,2
39146371,1
37229649,2
9186138,2
37557880,1
24801359,2
4414082,4
24878083,0
1412169,4
17749629,0
15100566,3
18924417,5
29612228,2
19485445,2
12072181,4
15302569,0
10668585,2
33907328,3
39898887,0
2527173,3
14322078,3
28325622,2
29588645,3
38818400,0
35654493,0
34868885,0
31566219,0
10772503,2
30267236,2
30781432,2
29576655,2
11282924,1
35527720,0
39383914,2
19605652,2
16457159,2
21164262,1
31549024,2
27622834,2
28670800,5
9656390,3
34932354,4
31553534,2
12803566,0
35611901,5
4232433,2
15837810,5
10902340,3
15791330,3
12939975,1
37906775,1
27189980,5
33571976,3
35517702,5
35609196,1
17975165,2
7548328,4
22130697,3
26576778,2
28100042,2
23295811,0
26088745,1
7679970,0
4411370,2
28256067,2
22014672,3
39172450,5
26482791,1
39106666,0
29711547,3
12725024,0
39234553,5
20180297,3
29286038,1
22793116,3
15688744,2
4756155,5
32894611,2
10792008,1
30430014,3
12693278,0
14330705,0
19748971,4
33314082,2
12887398,0
12131739,2
36212811,2
31522887,4
13650623,0
3969777,2
37532410,5
4279560,0
38987582,4
38936854,2
11545577,1
26626360,3
39457468,5
2916955,2
354124,0
34916552,0
17466847,4
8127524,2
27712919,3
19613239,2
4672300,4
9959653,0
24673436,2
19626561,0
19721334,0
14949817,0
21377305,0
5174328,2
18972044,0
35975220,3
33827279,2
9773350,3
23193633,3
17985197,0
34142373,2
15386414,2
37372739,4
24149741,4
27397990,2
7084194,4
30765738,3
9779946,0
38703468,3
30271118,1
12595394,3
21823855,2
11039063,0
38123049,5
39333854,2
16517043,3
28512271,5
31074223,2
36825740,3
27372639,5
35143956,2
29897712,1
8790038,1
7165381,4
37406445,2
38330416,2
38468364,5
34702300,1
22670505,0
5141559,2
39554637,0
14290645,2
25277807,1
38122696,1
26326421,5
26609475,5
33880999,1
20613315,3
18418838,0
6422148,4
36659453,1
23601664,1
2251505,2
31980648,2
6558765,0
3354313,0
9528421,2
13083765,0
37020897,2
34268705,5
21714703,0
32426522,2
13155633,1
6912241,0
11148471,4
32976987,5
39993739,2
7098435,2
15888161,3
28976912,1
3481863,0
36452127,2
28486709,0
14894456,0
31348737,5
32705353,2
32301522,2
29496025,5
29595429,3
19262197,0
11888155,4
26803882,0
11926620,2
25706532,0
10026207,5
5911439,5
4090997,0
37989569,3
27550458,0
22023977,0
4693740,1
38671718,5
31171665,4
3559477,2
35614041,2
14419402,0
34725169,1
37467146,5
16780109,5
35485126,3
30937042,4
27594837,3
9132205,0
10417000,1
19010740,1
905403,4
16092012,4
28446422,2
1559709,2
12321915,4
19508393,2
29735743,5
34608916,5
8325142,4
23647020,5
14325022,5
22556895,3
29055213,2
38125475,4
33130635,4
11614965,1
37249091,1
14085317,1
7648878,0
35836382,4
39228928,4
21862777,5
31169309,1
19867476,0
17972552,1
39981846,2
4179804,1
21315663,0
5355120,4
641985,1
3745221,1
38671630,2
10713142,0
25619807,1
25214505,4
24726452,5
5662549,3
2635964,0
27760888,0
26463020,2
24473063,0
32540200,2
20396497,5
11544800,0
24506502,1
3690715,3
1583595,3
32727096,5
32126091,0
8942575,3
6581190,0
34167056,5
35120528,2
7961290,3
14591435,2
4783257,2
37275033,1
14722933,0
24664250,0
12783492,1
24151591,5
34608649,1
31040076,2
12097761,2
35848787,0
15034594,5
179287,0
9800895,3
249388,1
22457988,2
7079224,4
30705089,2
11801549,2
14903791,0
35051573,0
2864451,2
17770727,2
9858860,0
11605832,1
26349302,0
27261996,1
23565062,1
39901240,0
10261045,1
25977022,2
14314343,1
35399897,2
35817605,2
36241635,5
19544995,0
30416948,0
3160551,1
27520135,5
27321536,0
37456421,2
29887174,2
32236559,3
29722704,5
38617546,2
12355190,3
15406926,3
33925999,2
20351997,2
33097709,2
9231444,2
7971618,0
20974727,2
31027905,3
29554266,1
21803468,0
36508811,3
27662707,0
13078183,0
34487117,1
1966715,0
5126021,2
17920102,2
35063331,5
8933716,4
39006733,0
34385606,1
32144383,0
8082803,2
7001917,4
21839468,2
36045006,3
27971782,0
36220869,3
24133613,1
37055549,2
32575992,1
34030609,3
29767310,0
23839982,0
2155042,1
23979071,0
10865212,2
37820146,1
24947003,5
27681108,0
23426483,4
36921501,2
32318643,5
30867037,2
36806922,3
17709686,0
9847253,0
33288344,1
35096711,3
28467158,0
29829422,5
39018055,0
14909110,3
31619005,1
33816586,2
22082025,4
36061649,1
12059792,0
36365467,3
13567833,5
20691976,2
39098761,1
22186968,3
36797112,4
36362624,5
36773492,4
23531411,2
25663939,2
14361136,5
22970854,5
14724304,4
13245470,2
10739978,2
32483772,5
23299583,0
40011877,5
35484238,2
24083935,2
27845489,2
30866980,0
13856644,2
15238101,2
35724916,3
30356619,5
16825850,2
30045086,2
31816411,5
2213325,0
25253817,3
20223962,0
39906830,0
17814314,5
9210976,4
39363200,3
11186853,4
32989483,2
19821137,5
12492536,2
33658384,2
27254078,3
38285881,0
20395463,3
39213597,2
34167176,2
2095848,4
27473539,3
14390624,0
25073575,5
30371147,2
19182001,3
33837290,2
24275542,5
7417128,1
8230638,5
39084687,2
26368194,0
36808611,4
29604198,3
27726270,1
15753632,1
126787,4
15499397,1
32824368,5
8895925,1
28646293,2
28166623,1
40062388,2
29483604,2
31753520,2
34592040,4
27952819,2
20078700,5
31173379,5
5737728,3
25797213,0
28397949,0
27436748,2
11492864,3
31656198,5
24139304,4
8283359,4
38935623,1
28887383,0
14974222,0
11869383,3
24309121,0
36851140,5
19727066,2
16775694,2
22675968,2
33682284,5
30902317,2
31211345,0
37119448,3
20487045,5
26412193,2
39320437,2
24147099,4
38095478,1
24180766,2
9539477,1
31902356,0
25956746,2
5188792,2
19722580,1
22031653,0
35882408,2
20394751,4
39577484,1
30036941,0
26926742,2
9517388,2
17469461,3
13479513,0
31328807,5
34078201,2
5742828,2
35732465,2
40009500,4
22838527,4
14897756,4
37436362,3
1968343,3
25773551,0
1393849,0
10988199,3
20193606,0
15862367,0
30546334,4
5069606,3
35761306,2
17428657,2
22869156,5
4241871,3
7323782,2
27276508,2
3747679,1
13935929,4
34895668,0
1739913,2
5707495,0
18864810,5
2028207,2
25024919,4
28107084,1
24407834,4
2350249,4
27971159,1
23293612,0
20719852,1
16960070,0
35930398,4
23372291,2
24235241,1
12703842,0
38558221,5
18007862,2
35181118,3
11450158,2
38629338,1
11895065,0
29457904,1
28206120,2
36647736,2
22862628,5
22794533,0
39478510,3
34652915,2
39962416,5
32899621,1
5342698,2
29824217,2
7529287,2
2414917,1
15630710,2
35420427,2
28149853,3
30081982,2
38083670,2
19768957,5
20389291,5
14825899,0
39383122,4
4031288,2
39822733,1
35211704,2
27657879,0
14712004,0
18708095,2
39035233,4
3979962,0
15511400,0
19224527,2
20197045,0
26766587,0
37528183,3
29242055,5
36013063,5
6575599,3
23663343,1
21935641,3
12656611,3
7888900,3
16003682,0
28975275,5
1970185,3
9034624,3
33966973,2
36523574,1
33018873,5
31143376,4
32622238,3
20252939,0
35343440,4
5329510,0
17074330,0
19649370,3
12627118,0
15677296,2
14241729,4
12987206,1
6580635,3
17760166,5
22332674,0
32965667,0
34853386,5
28978838,2
12034915,1
22443378,2
2090564,2
29980209,3
17657103,1
21140630,5
2191581,2
36765122,5
30910844,2
10645189,2
34647434,0
26451667,2
39749807,5
23069908,0
37600041,2
37287980,2
38459380,4
23039705,4
39703021,0
9882479,2
38108887,1
22750555,1
35000636,0
16708376,5
38498960,2
34001838,3
31077906,5
37541311,3
5621166,4
14536384,5
32678280,3
12650429,4
35942242,1
28428882,2
628903,2
36805833,0
11770793,2
34390498,2
19377437,2
29959940,4
39294036,0
32093597,4
4226105,2
14765351,4
1561831,2
37564503,0
36614795,2
1924043,5
1024411,2
33350634,5
25508080,2
20524673,1
30942126,2
8918026,4
16192346,2
33143511,1
37229106,2
37570768,3
15269184,5
6402311,2
18608001,1
25612539,3
31145209,5
34007760,2
36841157,4
13257748,1
28777578,2
34056194,0
22065495,4
29049865,2
25832205,2
30990389,0
18272572,2
35150338,0
35923911,5
22128769,0
26180523,2
28955229,1
29157643,0
72393,2
32073427,2
14816081,3
38194649,2
11387424,3
31080295,2
23174512,0
23574940,3
10279055,1
3239307,0
18412858,4
27557461,1
24967469,3
21190179,2
26036983,3
20167183,3
20037607,0
19079560,3
18809524,5
30649847,4
12022082,2
8770481,0
24965540,3
30964330,2
23410458,3
18360607,1
38366140,2
31075829,5
34710277,4
28224554,0
12656219,0
30954123,4
2199413,4
37795060,0
9440866,2
3592436,4
3165200,0
27132312,0
28743647,1
37638046,4
40050999,4
18327010,0
20304453,0
5925385,2
30267686,0
29932251,0
10199226,4
3374365,1
19991772,2
10613315,3
8204373,2
36377550,5
24214636,2
15352108,4
39133505,2
39130679,5
28521383,2
32918534,1
7970070,0
34205853,5
28868944,3
33543475,3
7799650,4
30071618,5
20968257,1
36734463,0
32262496,0
19525996,1
22486738,0
39059337,4
28086895,1
20414256,2
32789062,1
5063699,2
32016991,0
4960166,1
27054550,0
12763711,0
7477162,4
6754487,2
27839157,2
17529670,2
37800958,5
32696774,4
35088343,2
16608119,0
20751989,5
20262673,0
14145008,2
32604887,0
2694442,2
18859705,5
5426908,5
14645466,2
26998204,5
18858348,4
25690943,2
1661210,4
34509830,1
3711184,2
33946384,5
8291778,2
30291625,0
27450854,1
5176968,5
17537563,2
6775521,2
25412954,5
28813309,2
34364891,3
33294625,2
33582315,2
11605009,0
38308071,0
31105606,1
16113500,1
38145532,2
27997887,2
9658459,2
8934156,5
3597610,5
25590456,3
17283194,1
15135323,5
21587916,2
13055718,4
29325734,5
21384887,3
5509902,0
9465047,5
15980461,4
21433070,0
40044040,4
39809487,1
28043820,4
12037818,0
29134954,0
31452968,1
17817034,2
35989644,2
11353934,1
35863822,0
24243597,2
37083836,5
21894815,3
37449475,1
3575165,1
26488444,2
27733707,2
23817491,2
32341368,4
21097355,3
5244485,2
8661783,0
19462148,2
4664438,1
32820466,5
15050474,0
37854256,2
19280325,4
37215551,3
4830368,2
15422858,2
37906757,0
10908877,2
35784926,3
27757279,1
19010990,5
3887381,2
4986906,2
31910741,0
17115271,2
26314316,1
6047243,2
24621860,2
26232864,0
36122176,0
20718469,3
21383960,1
23262455,4
11020636,0
32444889,3
8479736,4
19505454,5
38672963,2
32753449,5
29332501,5
34145893,2
22178520,2
2351694,0
15368582,1
36182950,0
37626866,0
21948149,0
35816195,4
32698099,2
13521655,3
30510715,1
3500799,2
23878445,4
18009266,3
26018362,1
16266651,0
6024003,4
23707530,1
2431276,3
25152882,0
24104406,3
39216942,3
10555587,3
39187519,5
13500897,0
36011333,3
36113242,0
38522513,2
23456641,0
37391575,0
25879794,5
14254386,1
27552026,4
39282464,2
23695305,1
17187281,4
22496015,3
19470099,2
20456189,2
31975921,0
21790304,0
32854733,2
38008453,3
23502867,0
25340108,0
10502492,0
39311702,3
36159202,1
7050888,0
6351028,1
31156211,3
10618955,2
37841222,4
11636079,2
23599480,2
28877613,0
36205245,2
32451506,2
33922929,0
16888409,2
12827969,5
5158766,0
29680083,0
7518376,5
8158647,5
638048,0
37737480,0
22585880,2
4436401,1
32991392,0
2199552,2
6587858,0
20082060,5
28051536,2
19412912,5
18135259,0
14810060,5
13280017,0
10960477,2
23089943,3
34889668,2
15449371,2
36748829,4
1544948,2
28315997,2
35072533,1
7456050,3
7319076,3
16422171,1
2587530,5
38432799,1
1398606,3
33973476,2
29056092,0
19352888,2
14969969,3
38293639,1
32434112,2
8885227,4
37747518,5
17732695,2
7391871,2
39673658,0
37323621,0
31093989,5
34615743,4
12652695,2
29987461,2
29597667,2
13127962,2
13887537,0
3826236,0
12143097,0
38788319,0
39508633,3
33811662,2
3238673,0
20361444,1
4719836,1
36515344,0
19712840,0
15959411,5
2643953,1
33778099,0
13947939,3
37958897,0
19975307,0
32292848,1
24218103,5
14439477,4
34032166,2
34167537,5
33963288,1
25493591,2
9814632,1
27043599,0
14368205,3
12163158,5
30238070,1
36270821,0
29359875,0
35831241,2
14986693,5
17749090,2
8085422,3
35796965,2
30765606,4
19405754,3
23322674,2
15335052,0
23762674,0
26460619,0
20524567,5
38465891,2
25177500,3
26943894,3
16683549,2
13767359,3
5783417,2
13771674,0
5446372,2
34597102,1
25583869,1
30419756,1
35240557,0
31179171,5
25490416,3
21408407,2
38743262,1
30065323,0
20207328,4
27815829,2
33902095,0
20861546,1
38056305,0
11155367,5
33189458,1
6497882,3
12157283,3
31237651,1
29708135,1
40012445,1
14852948,2
4832868,4
25250684,2
8119308,1
12842717,2
19407325,0
10888969,2
32411915,2
9557004,0
36515900,2
24718439,0
36310558,2
15597738,1
28805501,2
34955796,0
9150473,1
5338228,0
2295461,2
24683429,0
3479982,3
37640912,2
11020257,2
27047367,0
1629611,2
6321863,1
25338817,0
36026740,1
27532746,1
27899922,3
20750051,2
17008731,0
38964323,0
36021430,2
18972699,2
31797432,0
17154417,5
33690119,0
11369842,3
6210024,0
28336157,4
39624170,2
11583043,1
4440231,4
34637145,5
15383666,1
16425910,5
39965711,1
33977121,4
10035446,5
29842702,0
35148708,4
24629130,0
25040177,2
38775464,2
21861662,4
6189398,4
27301853,3
27355478,3
1116725,5
4940282,2
26911973,5
18791754,0
16982453,5
24326772,2
7434095,2
35658841,0
23838056,0
33631577,5
35276916,3
37590955,1
37053186,5
33474853,2
37616990,3
24652995,3
30178808,5
23992679,1
7309256,2
31641894,2
34106425,1
21030187,1
16556481,0
20538318,3
34688235,0
10061093,2
13654168,0
11882691,0
17406201,5
20035132,4
14589234,1
30856656,0
27937915,0
30499545,2
15213926,3
39577365,1
26721353,5
11300979,2
7923548,4
25733471,0
7321241,3
39513353,0
3349048,4
5442825,2
33837277,4
7062094,1
16989961,2
38208555,5
25319970,5
39894476,1
22196711,1
826493,1
37986329,2
32057007,5
15070063,1
38246928,1
35459065,0
37858998,1
13798132,1
12565500,1
27426764,2
27901254,3
20287019,4
632958,0
5601909,0
11845569,0
5388576,2
38538608,5
27664571,1
33992360,1
12268029,4
12943081,4
35310343,0
19509059,4
34408734,1
36047722,3
28045487,4
21027042,2
38620124,2
38447503,2
29633134,4
7141414,1
20365585,3
3611139,2
25498035,1
6387819,5
37651525,3
27607108,0
31594090,4
14483227,3
34224896,0
16048238,5
38515921,3
4219868,4
970545,2
34613953,0
18413963,2
17605897,3
36004553,2
24604507,4
20254401,1
36894675,4
25263934,2
17354955,5
29679743,5
23807156,0
7987196,3
17499369,3
13510193,0
22897534,4
31833460,4
34179604,1
33789989,0
24861673,5
35289476,5
15719481,2
32457971,1
5056475,4
20348801,2
1393075,0
37792901,2
25566799,1
11314940,2
30030043,0
33844777,5
22580781,5
28750063,0
4084385,0
12806501,2
19888588,0
35927236,0
6494102,2
29441243,2
34323265,3
3534508,1
30928431,2
12815874,0
23407618,2
24379275,1
33015816,1
29978740,5
31103817,3
6141154,2
36393253,0
35752495,3
32568784,2
35924565,1
34425876,0
39225244,2
15435483,0
8299303,2
17887594,2
7628187,2
17356617,3
11385829,3
38723788,1
33283249,2
36776318,2
21984674,2
33641901,2
31597474,2
27685562,0
32300716,1
9036013,2
20756935,2
36795675,5
13798536,2
27159332,2
11742638,1
8640809,3
13887458,0
39476633,2
17537041,2
26924110,0
8599937,2
28315005,2
14794303,4
38554972,4
5099012,2
39985143,4
30456958,3
35820780,4
14627334,4
37590475,5
15703520,0
33905944,5
21585807,5
38114956,2
33607241,2
18092380,1
21551718,3
22593037,0
12326504,3
35226797,5
24943742,4
6142475,0
21240653,1
9421345,3
32875080,0
11604983,2
33879523,2
10712886,2
30236643,5
1573671,2
9233461,4
26315179,1
20319554,2
17223964,1
28997078,0
30650763,0
7155930,5
30315273,3
39220215,2
9417163,4
17779540,0
36235391,2
33449890,2
2859667,5
7633274,2
11000742,1
39543876,2
20996892,0
33380554,2
25100113,2
33282658,1
35780264,2
13915122,0
30274866,5
28067574,0
27000466,0
13814569,4
12941091,2
15315536,4
24313513,1
18070843,1
38576969,5
1450957,2
26320638,5
31569549,2
28732523,2
10279850,3
31684163,1
38218274,1
27447363,3
6559656,1
16350367,0
35441590,3
16758617,0
37008252,0
36517311,5
20069146,5
33810776,2
32000147,3
18515926,1
12921788,1
20785802,2
40040564,1
25545726,0
10959864,1
33269392,4
13390401,0
34045572,5
39011192,5
39865207,3
13824642,2
32301565,5
10725891,4
4447426,5
19701094,5
32925612,2
34516691,3
30436194,3
10003866,4
24437146,3
19819954,1
33206594,4
3993793,0
27793297,2
16762879,4
38620745,2
2572564,0
6792395,5
9830176,3
10741922,0
36670664,2
13760232,2
39740155,5
13168943,2
34071476,5
19191043,2
30987521,4
38391649,5
29595029,0
2354696,2
38941806,1
39978085,2
31985771,2
7606582,2
38755425,2
38012915,0
24032332,1
4576622,3
26616168,3
15770537,0
10428871,2
12836517,3
17603502,1
13444053,0
8070065,1
22254576,2
18271959,0
33770711,0
5978426,1
25766460,5
27669376,0
9953268,2
26597886,5
9162999,1
12234211,2
10763182,3
32895858,3
19743167,0
1652304,1
37311984,2
37538737,1
35248039,1
28996477,5
39508956,0
19063238,0
25422485,2
14467043,3
17691111,2
35669642,2
3444391,4
32620907,1
20865487,2
22810373,0
27063962,5
8494988,2
16684346,0
34130806,2
36878195,0
37473219,2
20514513,2
26170659,1
29997576,3
2278662,3
10111428,1
19475729,5
38067726,5
2169623,2
34402349,0
28955568,0
30637946,0
38543952,2
19122118,0
10918944,1
20435604,5
36200516,0
35516376,0
13343384,3
17930878,2
14945019,5
35871996,2
28108851,4
27857475,2
155029,3
10212929,2
1309355,5
4413595,3
37320035,3
13575703,1
25799693,1
39238942,2
12326370,1
26064684,2
6296831,0
19019506,5
38171222,4
19554819,1
37202501,5
28309248,5
31716122,1
32948606,0
39668988,2
21917652,0
21537191,1
14101633,0
8964005,2
23044171,4
30547820,1
38085468,3
19622656,0
12715198,0
29623171,5
14666138,0
11937746,1
8445822,0
35216025,2
25044388,0
19683145,3
29564737,4
39231900,2
19438383,2
11974531,0
31642416,4
9018308,0
25537619,3
32425030,0
24357517,2
28507958,2
7396073,0
40050761,5
6778840,2
20274536,0
1727429,2
29244352,5
33615414,0
4350016,4
36011271,1
38174824,0
33261743,0
23707409,2
39882822,3
26779387,0
34948918,1
39103546,4
20155965,0
34500132,4
32422778,0
26299889,2
18312106,1
25756915,3
10952507,4
36594100,4
23316425,0
22217875,3
39020746,1
10175519,2
15606138,2
36985344,2
37648930,1
16686387,3
7643579,2
31750599,0
7139764,4
31133278,5
2512538,4
8904083,3
39171087,2
18097439,2
26968854,2
27999037,0
30853438,1
731759,4
39787204,5
39660927,2
31796460,4
8700920,0
21100117,2
34971788,0
32645291,0
19211116,0
29965211,3
37210655,2
30056331,2
23434842,4
23460997,1
19114411,1
30094091,2
11975020,0
31818448,5
32314215,5
22148917,1
13336623,0
19765469,0
9563666,3
16682672,1
30298426,3
33844987,2
36808290,1
26907349,3
11224554,5
32923169,0
3804149,0
1417665,4
34946454,3
34003592,1
14892543,0
13069634,4
11617816,0
28508699,5
38432468,3
36425389,1
31548712,0
8202417,3
1052931,1
27481427,1
36470440,5
36247997,1
11025197,2
11329538,0
6800861,5
28518369,0
14261053,2
1630427,3
37422665,2
34929761,2
11856219,2
23455734,0
18794457,3
24426200,5
35080428,5
6947065,4
9963155,0
33773661,2
29708501,0
14879960,2
25349178,5
3851224,2
26579036,5
5439407,2
27714981,0
32553545,5
24040640,1
33938488,2
20581017,3
30511600,3
19080943,2
21707337,2
23079554,1
39961362,0
14538283,2
29882722,2
17069303,2
34602356,0
35495530,4
15228500,2
34841673,4
35981489,0
12224001,4
27676954,4
18066521,4
24367790,0
24659006,0
1517259,1
28364083,4
8046064,0
26819637,2
14714528,5
22310142,2
14369313,1
26601746,0
38463570,5
8968801,0
11244514,5
36469680,0
32172957,4
33849089,0
37923506,1
25373054,3
2388423,1
12836125,4
36918588,0
23535767,2
2908895,3
28764355,0
29821308,2
5215593,3
15705491,0
11450886,0
27804729,2
30293881,5
16450683,4
10540314,2
7267977,3
36807405,3
39921273,3
20249406,2
4548082,4
30603349,5
26980743,2
25950957,1
29655219,4
14970351,0
3600948,1
34951134,3
34002426,2
30706429,1
25320518,5
22920436,5
33248866,0
15450022,0
32983622,1
38937776,2
17832362,3
30702519,4
28976106,5
32131927,0
15299822,1
33683188,1
33454712,2
35992398,5
26745617,4
31888222,2
39711473,1
30533983,3
13794971,5
33080210,2
29753876,2
10112515,1
39970288,0
26937341,0
32749399,5
14363707,5
37183549,0
28943816,2
38876805,2
35342803,2
39949041,1
7086368,0
2535037,2
38894576,5
3723337,0
27113978,2
38050849,2
34643463,3
22618262,5
38542543,0
30643137,5
22799096,4
31772663,2
2914585,1
28853558,1
39901053,4
29889146,3
26675498,2
25917335,3
31908982,5
35999759,5
7478366,2
28612776,2
25714549,5
28988627,5
35957073,1
8254860,4
32814816,0
32751512,5
31861196,2
15892100,2
38579049,5
21105317,0
34619752,1
33145856,0
37528922,3
34459465,0
14441080,1
27270547,0
29768601,1
18674064,3
30938780,0
36987317,5
28903915,0
37901832,0
37248298,2
25311417,1
6578258,2
21211930,2
15862761,1
27843255,2
31284719,2
27201219,4
29438730,1
29972894,2
2376798,2
26290994,5
22753160,5
37198517,2
13658287,0
37223638,3
4340322,0
30832798,1
1735722,0
38131886,0
33561376,3
1451349,4
37946342,2
28303711,2
11079644,3
30983447,2
38032855,5
29480554,5
24212952,3
11300745,4
37892301,3
27914657,0
31462265,0
40089134,2
36182906,2
29295965,1
33590571,3
9907616,4
21812515,5
2136267,2
21867523,4
38535707,2
32621960,5
39839726,2
34593929,2
16527825,2
37567837,0
35164964,2
9667253,2
32790836,1
19617108,2
15932896,5
20452742,3
23030106,0
23450138,0
19884746,0
14890107,0
11509892,1
30713756,2
4600325,3
39902029,3
33210037,0
28656660,5
19720249,0
21328509,2
28205918,1
29158336,0
33509052,5
5440346,2
11237685,1
6950486,4
35586794,0
23622645,0
31640127,3
37195489,4
5114313,3
30554240,0
22333034,0
3559673,3
37022881,3
10355818,2
33957110,2
9829331,0
27645079,3
39773780,2
26220621,5
30159449,2
31773391,4
38174211,2
30193411,5
20736754,2
38379919,2
39452842,2
17465362,2
31946018,4
26022267,1
30871674,5
6438784,4
23660092,2
3966490,3
27630265,0
31095898,3
33587761,5
12889202,1
25851183,2
39199781,4
18359660,2
28009390,0
33830662,2
27739381,2
26484286,2
8707515,0
39567577,2
31763039,5
29565887,0
15683168,4
17760556,1
17883424,0
30596834,5
35466663,0
11324519,1
33976147,2
17436569,0
16490263,0
7868215,1
31024826,0
24947866,4
23246013,5
23111516,1
5556282,3
21760215,4
12043021,3
38119808,2
30596839,5
39520186,1
28007465,3
19879612,0
27644193,1
14672360,1
29796541,2
31274945,3
14037975,1
13276957,2
18074143,0
10288488,0
14295337,1
29923855,2
36633002,2
32426250,0
35482079,2
37497933,0
8869998,1
24180879,0
33541960,5
39839832,0
29326556,2
24790548,1
38918891,5
14701532,0
13501761,3
34650573,2
30697056,2
1111356,2
7366065,1
17769009,5
25860512,5
23529172,0
33944277,1
26066112,2
34184053,5
13710991,1
33681493,1
36804197,3
34161308,0
38270861,5
37522720,5
4395499,0
32734002,2
9750330,2
8116969,0
36889821,3
20659528,0
38171687,2
17050302,3
28322842,1
28885844,2
18339745,4
39485731,4
32282274,1
33390792,2
30532340,4
38104637,1
18627382,0
6837368,2
30687178,5
23656777,0
34012517,3
34773960,3
10921893,5
10469548,2
24736867,5
21534685,4
11058199,5
39277824,4
11835833,1
10645383,2
24324030,3
28886508,2
20271235,3
27758933,2
13667626,0
7074984,4
33701450,0
11032799,2
35867158,3
32208301,4
31445124,5
7180914,4
21863227,5
15789611,0
12753312,0
22508606,2
36258797,2
11312197,2
33088963,2
29941321,3
23662257,2
7982441,4
12145056,5
8384052,4
12360732,2
28324372,4
14857719,3
17821079,0
19766757,5
1281184,2
31304131,5
12138240,3
31849152,2
33856391,2
37101553,2
31406830,2
5738901,0
7770922,3
10767809,2
30960819,3
38840305,3
39132847,2
3381036,0
7591715,2
32548563,2
27247931,5
24026256,2
38888609,1
35710060,2
38468764,1
27078899,3
20249374,4
21719063,2
25876758,2
38119861,2
27573993,3
13139517,3
35768327,2
20130926,3
17073669,0
23249269,2
1095768,0
18116383,3
31015333,3
36635983,5
16637765,4
30156218,2
39722984,1
21664915,2
32561651,2
15473012,3
24043069,1
12148690,2
38401814,0
10142066,3
19413994,2
20712520,2
559662,1
36661087,3
19823824,5
37487406,0
38231035,4
21058463,2
15104090,1
30844594,2
39108621,3
23855165,2
5559284,2
25956453,2
33827788,0
38624730,5
3462951,3
21173503,4
33106596,2
17803254,2
34932865,3
36138201,4
15484718,1
26510038,2
15131429,2
25839628,4
34730897,2
8061867,0
31314713,0
13096955,2
27073424,0
37006534,2
7010949,4
12143634,5
4199081,2
19048082,5
13443246,5
9399635,4
30061557,2
38944265,5
541115,3
21675532,2
3587613,3
12461724,4
34834474,0
15964119,1
34779587,1
19035075,2
36251452,5
27927062,1
33998726,1
23919781,2
13421326,5
25938617,5
38575392,3
36237810,1
4331006,0
33844632,4
16735786,0
27850744,0
38914151,0
29482275,5
13534461,0
24427363,3
33100702,5
36153442,1
1366047,4
34755710,0
26921044,2
19060821,0
35881948,2
37272635,1
34124457,0
4140466,0
24896138,1
21969686,1
29292636,2
39830235,4
22388281,3
8071586,3
31454087,5
38859593,1
16585847,2
37479223,5
27769202,1
13676092,2
37857697,2
23212535,0
34113521,4
37405998,5
15115443,1
21518249,2
32618985,1
16972229,5
25318791,2
15871081,1
27322121,5
16823964,5
29051988,1
14200512,4
1395913,2
13567507,2
38032782,0
37669905,0
24771384,5
15294863,0
29767898,2
6005243,2
23457844,4
15651527,5
19452797,2
38440799,0
18110475,2
4004979,0
32188922,0
39560902,0
28806369,3
10462927,0
26440761,2
22439542,0
5027148,3
24589669,0
21298833,1
29837722,2
33311403,3
16497547,5
36518968,1
21341325,0
19437415,2
35398270,5
16006687,0
21640794,1
30527083,2
33516530,0
33611983,3
34226122,4
16485200,5
2267568,2
20440581,2
33306001,0
34469635,2
24608774,0
20534849,2
3275252,2
22069625,4
22218601,2
32226581,0
25667259,2
25818143,2
33013611,2
33020945,2
2935616,2
11926572,2
874245,0
19574674,0
35125228,4
24066589,5
30664640,5
17646853,2
17763079,0
30188158,1
36844576,4
20832740,4
29761266,5
9751080,1
17588233,2
24724098,2
34156881,1
21115556,1
38726411,0
24702069,2
39457645,4
31019092,1
14888340,2
31261853,3
33281487,4
28620848,1
33901474,3
13051544,3
26195453,2
24437165,1
38316020,1
18577325,2
38751024,0
24831330,2
35951487,1
15106946,2
34711205,2
28923231,0
1472279,4
15046962,4
33125822,5
33756549,0
22584261,1
32402747,0
32773052,4
6582404,1
10063091,2
30817721,2
1093805,0
14637691,1
34481055,0
30684836,1
28373299,3
7776371,1
20340613,0
29615758,2
21038905,2
24847747,4
25669803,0
38640742,1
39090359,0
17778612,0
26282882,1
25120883,0
38345127,5
24082711,5
4502314,0
2742085,2
18818608,0
26263323,3
10180781,2
19520469,2
28611207,5
31942960,2
32147668,3
6485059,4
39985300,2
36589702,5
11636362,4
23903094,2
22624255,2
30446197,4
32805594,1
14724624,5
7974959,2
33702527,3
37347296,0
39531007,5
18387120,3
25072334,0
35354676,5
19847786,4
28485009,4
35469546,5
25824804,2
31827468,2
28429760,2
9352259,1
20264414,3
15424126,0
35760133,0
19865258,2
33984151,5
12960019,0
18302818,3
16745387,0
35366900,4
1463306,0
26193386,5
38878543,3
685869,1
31545946,2
20970732,1
30721550,0
20231291,5
28522203,2
15774979,2
38339417,2
6964489,5
10295717,3
37435255,0
38139847,5
30362475,2
37785131,5
38550263,3
12684001,2
38799430,0
31596582,3
34528138,5
30167692,1
22571853,1
1173184,4
30180046,4
16425660,2
37501808,0
30750843,2
1236104,1
38339815,3
24757923,3
34542000,0
30191428,1
11185873,2
33524742,0
39356509,5
39515096,2
25740839,0
22676319,3
39916811,4
7648607,3
39436329,1
39243905,2
35258712,5
37754398,3
18327790,3
31923896,2
15298830,4
31165900,4
8688050,1
11629734,2
18438162,0
33323553,4
30029316,0
27651862,1
17279103,3
38015537,4
37605612,1
13302403,2
3919382,1
11622652,5
24216860,4
20015213,0
37277950,2
33398908,1
39004837,3
26995700,5
35722753,2
17892451,2
6246061,2
37174167,1
21202093,0
21032981,1
28088323,3
23091283,2
20550351,1
35165398,1
12517997,4
39259046,3
36553386,5
37167968,0
29630026,1
1719279,3
10941824,4
20524888,5
22445416,2
9220883,4
13202507,1
16529038,5
10919379,0
17923161,0
15561173,4
11898451,4
20384743,4
34855391,4
35422578,2
26077541,3
8254309,0
36091007,1
32285927,2
39061928,0
5502014,2
32546776,0
853184,3
11034539,1
20152888,0
22534101,1
38687974,0
27525444,3
15722158,2
5264829,3
38447104,3
24018577,2
32783530,5
23579989,0
3083784,2
15603240,4
38262178,5
27571884,2
31753850,4
32951123,5
37081116,1
10320194,0
11488122,1
6960470,1
37225243,4
772518,4
14097061,1
4526498,3
26160792,2
4704913,5
33990345,2
28663508,5
27960507,2
31879459,2
30281274,1
14671345,5
17369534,5
29056976,4
12019618,2
19845691,1
6151400,3
38258343,2
8757019,2
24479281,1
38435289,5
22257665,1
36411331,1
31590858,0
5178535,1
20810630,2
8808597,5
18111488,0
4377038,4
26685007,2
17884411,0
18781344,2
26289759,2
25881271,5
8177261,2
32936129,0
22119586,2
10461531,0
36253931,0
37652976,1
12829125,1
32215165,3
37751173,1
6349833,0
31128435,1
36668447,4
32118749,1
28686453,1
24976474,0
8620521,5
27692883,5
38523546,2
28667126,0
26710946,4
6473753,2
7141665,4
36982015,5
16371626,5
28771174,2
22034878,0
13039060,0
24127601,4
31635828,2
31601713,2
25246842,5
30698466,5
33814607,2
30845469,0
28568939,4
28583565,0
29381375,1
10559465,0
19556809,0
27308698,2
36803774,2
34689540,2
37918586,2
18050933,0
4809825,2
28808626,0
35868089,2
8352736,4
33539955,0
37336899,0
15636527,3
31939503,3
9938130,5
7955602,5
25799297,2
15482097,1
16694671,5
4800419,0
13119791,2
33009893,2
23053365,5
25593325,2
39147407,3
20450313,3
29500012,3
19347009,1
5128741,0
7100514,2
22359595,4
17820699,5
32339872,2
24524740,0
9134491,2
14926601,0
34902352,1
34010106,2
3145897,2
6763636,0
16748891,0
38976089,2
26084620,1
25147934,0
21274619,2
9272257,1
26146837,4
37017786,1
21714335,2
7430108,1
39428481,1
1508906,0
28311203,1
9416934,5
37863410,5
6082501,0
34335989,5
4699605,2
36023996,0
6924706,3
28293270,1
30197052,2
9162453,0
15153876,2
35352390,5
14836425,5
2154095,4
38556217,3
37272552,3
20642504,4
21104176,2
37166188,3
25085870,0
26290620,2
11714768,5
16832266,2
10851246,0
39243929,1
37452166,5
18806424,0
16871130,1
790898,1
36128685,2
34420864,5
37894912,1
25150107,0
12556977,3
29473306,2
2349302,3
22497852,2
34599421,5
20346314,5
10005343,0
35042587,2
20877106,1
6399975,3
28623521,0
6282053,4
9300491,4
2020228,1
32215992,4
10982505,1
31326420,0
34673447,2
38136016,2
5154443,4
7772373,4
22587851,0
27804239,1
39929777,5
33375581,2
1494696,0
14182780,2
15193506,0
17644730,0
36589367,2
36878064,2
39715183,5
13376135,2
19655086,1
39579355,1
13851410,5
34570067,2
12827349,4
3142883,3
38551278,2
26241360,5
34011006,5
35496542,5
31018413,2
36635495,2
16760517,3
16994547,3
18766960,0
34303963,4
25332777,3
21487916,5
17052480,3
30416811,5
38866162,5
24610802,5
37362971,2
7186928,0
35419236,0
23797691,0
26989078,3
9486871,1
37925504,4
24830804,2
2046802,4
25442171,5
2173425,0
20047851,2
29641869,4
32820673,1
16222178,5
35887564,2
24191668,3
8525447,2
24282416,0
16803951,0
34349222,4
28367810,3
26935287,1
5808819,4
1829810,0
32017943,2
22363061,5
30359801,0
39835536,0
28741563,1
38182463,0
36986350,1
28091984,5
3612785,1
40031004,4
29919757,1
1994488,1
28116945,1
17376085,0
38363994,5
29671395,5
17845350,0
32887408,0
13926647,3
36755891,2
24537896,2
32428120,3
21390612,2
31492602,1
35517196,2
12110245,5
21140853,5
7217617,3
33682692,2
36321157,5
29355120,4
11027865,4
37214297,2
35251210,3
8974457,3
4220441,3
35632009,0
31633738,0
27203090,2
36712706,1
39317373,5
19303835,1
20293369,1
39305135,3
25529070,2
29592679,2
18663772,5
39494787,1
18666920,1
22668465,1
38594515,2
21411099,2
6189047,2
23117570,1
33794873,2
18939133,2
9630494,0
33488351,4
2568018,5
22361802,2
11388180,2
33466635,0
35679173,4
36901124,1
36808628,2
28012791,1
10547343,0
33176297,3
33218010,5
23206528,0
32320254,1
10472620,5
33295581,5
16193578,0
37206097,0
36090648,0
36100593,5
32939731,0
33120475,5
37570762,4
1915643,2
31053602,4
39196603,0
34602461,0
20629012,3
19675760,2
32596094,3
2362541,4
870520,0
39741509,2
26801490,1
29017416,1
777778,3
30790518,0
8533885,3
37192297,0
7752814,4
16254513,1
30692750,1
36063800,2
5958929,0
12644902,1
33906183,4
13176533,2
26145724,1
23426759,4
34777259,0
28191934,5
37850357,2
13371444,4
14716981,2
37353951,2
27103849,2
24432831,2
34646262,5
19446183,5
19627867,2
23818041,0
31093459,2
35826487,4
9856435,2
17976695,0
24315016,1
26764634,2
37443386,0
15078246,0
39459947,2
16922293,1
23666661,2
6809067,2
37017773,2
33891918,1
4479463,5
33803806,2
14864895,1
13570344,5
25411052,2
10669897,4
31048613,1
16313224,4
30477150,0
6109890,3
23173340,2
11745614,4
33897848,0
32158760,4
9648896,4
19731665,1
36796887,1
8126139,0
38285195,0
26336108,5
35893997,5
6222528,1
24748781,3
7569050,2
17959955,2
19073579,4
39135208,2
36114063,1
18570492,4
24041935,1
12770302,2
30011715,4
39233057,1
15372949,2
39925157,4
33024954,4
21208376,0
30998547,1
10364201,5
18369726,0
23416024,3
10265115,4
6832332,2
34955200,2
19188981,2
25473948,2
20904326,2
30413207,4
20602696,5
23388509,0
26935793,2
4135836,4
4009251,0
31032890,2
25716316,1
24350779,0
17323824,4
39187738,0
21205472,5
20620643,1
38845176,2
29066550,4
35951786,5
37155266,2
10404792,5
23397460,4
36827888,0
18661464,2
28572289,0
23827025,4
4427623,1
24965534,2
33027713,5
30188285,3
7664803,1
38341180,3
18062443,2
9531028,2
8262072,3
6394170,2
12448583,0
11280287,2
18245718,2
9510183,4
34129354,2
28943107,2
4650639,2
35389050,4
30882145,2
37131820,1
36924820,2
22927198,4
11632388,1
38592999,3
30769856,2
11527793,2
36719891,5
29748045,0
27791307,5
30617933,4
21737487,2
21252948,2
13570644,3
14495868,4
23457493,4
19577973,0
5724701,2
34968412,0
39047630,0
28515570,2
39667089,0
28059562,0
33971484,2
6043463,4
36075147,5
27846942,2
29737715,0
9526203,4
14928820,2
21409279,3
8323728,2
27131462,1
24967934,3
27301022,3
25161727,1
2608645,0
15120662,5
40109555,4
22268521,1
22038762,3
19171686,4
8983150,2
20460339,3
27949024,1
33417908,5
250038,1
38509137,0
13895951,2
4688943,4
30012998,2
10158060,5
23000451,0
19611822,2
39069782,0
1459080,4
35090726,1
11981810,5
35158917,5
25977673,0
30944576,3
23110542,5
18553896,0
32064061,1
9328638,2
19833298,3
12925615,5
2104957,0
5612123,2
33679738,5
38136516,5
32329289,0
36376135,2
28272974,3
9167390,2
34489749,4
91205,1
10073045,0
37789543,5
39395530,0
40118548,5
23408284,3
38222962,3
22062724,5
36846260,1
30674540,0
6245108,5
27949901,1
22916937,2
35953018,1
18790206,1
18868436,1
28097462,3
35384358,2
6672525,4
34760688,1
25193482,2
34671322,0
40065615,1
38660931,1
34163933,5
39078772,3
19319752,2
32892174,2
24121983,5
21349528,5
18536549,2
22208051,2
12193471,2
39067321,5
37291261,2
37891207,1
22517827,0
27179268,1
39605067,0
27800703,0
21542700,1
20655158,2
23328555,3
28330460,0
38648355,2
10021899,4
39880938,5
13099032,4
38908500,5
36101233,3
26901434,2
28661218,5
15297685,4
8582766,4
35905947,2
2070377,3
27227480,2
39684415,5
25291590,0
28518684,5
12318172,5
33947939,0
37668267,5
23577370,5
30044697,4
24080856,0
28596441,2
5289189,2
21117014,5
39563183,3
9755003,0
33846772,2
22236592,4
7519135,1
25030725,0
17507018,4
38206527,5
11626201,2
19128342,0
12579163,2
29751005,4
20830455,0
16672445,0
36832404,1
10718227,3
11944385,2
6806811,0
24492924,0
30946767,3
7030463,2
28924810,4
38211773,2
34149829,0
24436013,2
28554658,0
38357632,5
21511445,2
31798645,5
9768645,4
22001578,2
33799390,4
40070615,2
5400833,1
29044312,4
30797937,1
10410135,5
18167701,0
13964152,3
4305070,2
36684870,2
25488852,2
21915708,4
32740577,4
7905954,4
24432956,0
34617422,5
14897027,2
21316262,2
15125903,4
4915202,1
21279603,3
34924953,2
37155666,2
24000654,1
32940708,2
23667439,1
2760351,4
18279865,3
34889664,3
6121431,0
29579871,3
39381004,2
19848467,4
10132632,4
16055024,4
33599536,2
24943071,5
16818884,3
4700725,2
23303525,5
29864225,0
14500831,0
38062399,5
25320322,4
27573592,1
12867178,5
36708873,3
15438332,0
3840177,0
13017397,0
28387180,2
39816564,1
33637620,5
22004466,0
21584990,2
2784977,0
34347010,2
17976063,2
28908167,2
27135933,2
39067978,2
12225159,0
18818721,1
17923090,1
25715627,5
28680896,2
16739894,2
22818948,0
10573688,4
39455901,0
2917866,3
7923509,1
30569889,5
35857457,2
39112761,1
17897366,3
9152116,1
29048607,2
10886841,1
32257262,4
3088497,3
5916187,0
39276874,3
38536999,0
20547421,3
8128736,3
25677214,5
36531679,1
17386936,0
29521746,2
7692983,0
33041756,1
17091075,4
17896767,0
15459615,1
8888124,4
18796397,0
6212220,2
26898720,2
17505380,0
28726303,3
30942123,2
34709933,0
38017111,4
28069953,0
32614116,5
29199083,0
21649509,3
2479690,1
22651764,2
17964198,3
19529502,5
11823521,3
26353195,5
36297116,4
7544112,1
17688472,2
33722444,0
2685015,2
16219358,1
9245865,0
4746121,3
19051414,5
34310225,2
34697001,1
9919604,2
9820291,2
14548020,2
30105541,5
28537422,2
2162115,2
15452390,1
35821904,5
37337120,1
33079110,2
34921650,1
17068128,1
16110230,2
11234843,0
28369418,3
24175212,2
12181185,4
13437327,5
6478931,2
33649949,5
24255333,2
22547591,3
16733821,0
38124335,3
8027158,4
35447073,2
4824683,1
37746561,5
1854,1
3128821,3
39948543,5
29247960,5
35511296,2
4980297,1
31757747,1
31820470,4
26399877,3
18287633,2
10496168,1
23691564,1
29309133,2
11646697,4
15593775,2
30273877,3
1141504,2
24069150,3
32322090,5
19712264,2
24627928,2
19932708,4
1497258,0
34883909,0
24793385,3
28939006,0
32660583,5
28408943,3
24509737,2
12702839,2
16598393,2
12341588,1
29010049,0
36041797,2
19342977,2
32132999,1
19590344,0
21989035,5
34869347,1
15825201,1
39958232,2
28910157,1
30340555,0
38780223,1
24887337,5
39434821,2
34255749,2
833062,4
9423294,1
30172944,3
31304499,2
39813055,1
9955785,3
30844050,1
30253425,1
20517583,2
19116509,3
36746693,0
38678377,0
19253264,1
14846147,5
38358881,4
18732016,2
15627908,1
3153112,2
27338553,5
28508228,2
37797227,0
34367790,0
16692777,2
22699040,2
27821571,1
12787452,3
5968951,1
26696650,2
38565022,3
24339875,3
19737367,0
3343076,4
30063572,5
38569350,2
14232905,1
37173450,1
32855942,0
11238277,0
27559742,3
34618256,2
27447953,2
26564336,4
16846977,5
22784372,3
22018400,5
22197096,2
29395516,1
19263704,1
1649351,3
21678058,3
10688843,1
31831242,2
40048443,5
34767400,3
13398697,5
23766054,5
34340458,1
29153653,5
8935228,1
33612481,2
28813775,1
22159278,2
22528752,0
33658175,4
20045894,1
32343514,2
34403656,4
34207641,1
35964583,5
14594324,4
21913102,0
18556688,4
39522703,3
27001249,2
20779343,3
12553598,1
26720745,3
26996126,1
31700681,0
34535816,1
36113663,2
11663244,3
16122228,3
23399564,2
38888628,1
3822336,2
31751674,2
24915995,0
11729662,2
26181113,2
39504872,2
6839922,3
23165736,2
27077908,2
23648826,3
20997863,3
30060303,4
4359085,2
34772030,1
36424454,2
18228612,3
17926273,5
4801216,4
26693852,4
39379351,0
1782843,0
34902649,5
37883072,5
21567158,0
14138858,4
37487379,3
11785720,4
23230184,5
20753807,1
18729026,3
30580462,0
36780377,0
22446362,0
17933572,1
28970771,0
33359306,2
17757306,4
26716389,2
32804499,2
28747962,2
10713579,0
12526065,3
35436399,5
31641440,5
29530594,3
37091436,5
30539789,0
37153426,4
22510934,2
14440455,5
38742207,1
35462876,4
30559507,2
2386418,0
35314206,2
6433646,4
36099260,3
25080463,2
25596426,4
9907352,3
10212791,3
13978556,2
15564523,3
18351291,0
9332736,0
36515258,4
11454356,2
25952300,1
28254910,0
10867028,2
39219302,0
17287017,3
772814,2
18714724,2
2203424,2
27353947,5
22860742,3
31562726,2
36101327,2
38112650,2
39936831,0
22739701,3
33105830,5
22956785,3
5799126,2
27839797,1
27935718,1
3611827,3
17938818,3
38112806,1
23060615,0
39755464,0
3907810,2
31532290,2
2803737,2
35666067,0
14267427,0
22118704,0
8348456,4
36453319,2
20978757,2
17405992,2
4432208,0
28256618,0
21726553,2
30490452,4
32680184,2
23122079,2
29109802,2
9687989,3
6281670,4
7068360,0
35197779,3
9874405,1
13002132,1
4811379,2
34776877,0
6368452,3
39474896,3
28523535,2
36191351,2
25371880,2
28457312,3
15123928,5
37482733,5
13944427,1
9103511,1
29480288,2
20480238,0
36032280,2
25331500,3
10775411,0
34112729,2
21476075,1
35651895,5
9790121,4
38000290,0
27313970,2
24031821,4
15233601,3
13512823,5
6942039,5
34873614,2
36402748,5
19216135,2
14867193,0
8306171,0
2119761,5
33490163,3
5558837,3
25875465,2
34927327,1
25041420,5
8710918,1
25063167,0
23765639,2
1734801,1
35382203,3
17534932,1
33177824,5
11448005,0
23048756,0
32173856,0
33209048,1
25268696,2
2995983,4
34660528,0
34376896,2
7141501,0
31321210,3
12189133,0
35213559,1
33619188,0
39923814,3
38946269,2
10920035,4
29869559,2
21843693,2
15832451,3
6745523,4
27929669,4
39334235,3
34324025,2
39353395,5
31111032,0
26659877,3
34839105,2
27293796,2
32084545,2
36368252,0
34710633,2
21752684,1
38827949,1
21394015,0
22399888,5
6204443,2
33579522,5
20107925,0
15522310,5
37006267,3
32381416,5
25822738,4
29947162,2
36139,2
20926193,4
23584709,5
36292999,1
35662828,4
33489133,1
29866162,4
18637752,0
17777219,0
32339864,1
15020911,1
16341484,0
21166771,5
13770335,2
35546853,3
16860792,2
7524467,2
27372782,4
31379169,4
35851209,4
16315673,5
11598204,4
5506444,0
23083195,0
16744826,2
16694298,2
36515486,4
36691704,3
35281691,0
39726805,0
13805343,5
25229511,2
19645543,3
31336084,1
30589379,2
26994963,0
38826359,2
33573239,0
12939897,0
394500,4
17640919,2
22715036,0
39816374,2
18478837,1
24508033,5
31551410,2
17876492,0
25622764,1
37750141,1
16616563,3
27524664,5
34985735,2
27433026,2
28251453,4
15112166,4
39617488,3
35101791,1
39464748,4
35624459,2
3542881,2
39644907,1
8794506,2
11376898,5
24830163,2
29224258,2
18563717,2
16670712,3
38097531,5
39634861,3
20661902,2
11760436,0
30217561,2
35856708,0
34706388,2
12446132,3
2487475,0
34942123,3
24587480,2
33978621,0
8813226,5
30675956,3
26674790,0
23704892,1
24490115,0
25691996,0
18040251,2
26959176,5
22876148,3
32620254,0
38129077,1
10380065,0
1522636,4
11788115,4
17127083,2
29809524,4
23119648,2
25593973,4
39134580,3
28993219,4
4182419,1
31000289,1
36528692,3
39299917,2
8470539,5
33482496,0
27071661,5
33424001,5
24065099,4
25826219,2
26004787,4
23175728,2
35547002,0
21747902,1
26245449,1
28595465,2
23433842,2
31637600,3
15610749,4
21558782,0
9324389,0
10883805,5
34288230,0
18899555,0
27233585,2
38266841,5
39788860,5
24872289,2
29834729,2
25826130,1
39941213,3
34029726,2
33324535,1
25559596,0
13855020,1
39413447,2
33699718,3
3711303,2
5767678,2
15149075,1
35602681,2
1806608,0
33315062,2
25463013,0
31210223,1
22540410,2
36436283,2
27884085,0
32655055,1
13094994,0
18214937,2
4806520,4
21656843,1
33953505,0
35208553,5
25973363,1
19349503,1
39474794,5
14764294,4
3106893,1
3100739,2
9715454,2
23820144,0
34696412,3
30946670,3
1658722,0
23091840,4
40045899,1
29822007,1
37610533,2
24963118,3
200738,2
15401376,2
16409992,4
24936107,4
10166956,0
15582443,1
33996037,5
14652081,3
12500069,2
18833471,0
16285889,2
39177610,4
22124914,3
37512132,4
22207625,3
32239961,4
19291927,0
38334497,1
22208821,3
34608613,5
4378464,0
27924819,2
3783677,5
38743403,3
20827093,0
11058250,1
34467657,4
28500275,2
6573207,1
34981307,5
31607200,4
33338375,3
36535381,2
18394747,1
27603093,0
35611473,3
39479445,2
31773229,5
38206587,3
28477705,3
14858000,4
2631405,1
27831173,3
11301910,2
600190,4
21042624,3
14780175,3
17611947,0
11557587,2
37276018,2
17386880,1
29843433,0
27300302,0
15535927,0
22258442,2
32324619,3
2425787,2
25412508,2
903497,3
25063938,0
23540309,5
29399659,1
39662891,2
35544574,5
30418250,2
40082844,5
29776336,0
33137269,0
36157247,0
22620266,2
17121949,0
8624507,3
39381305,4
28966457,5
34780027,0
34096997,0
33464240,2
37195684,1
29083059,5
38263995,5
19350346,2
12453580,2
26228747,2
39723437,0
27051737,2
39817973,0
7990321,2
18866994,0
11885651,3
22775640,0
7524213,3
39873204,2
21533706,5
25004515,5
27691937,4
22512677,1
21994472,2
22586713,0
31144356,5
27640853,2
31368770,3
26616643,0
20317456,3
17056450,0
6575825,1
4653711,0
38226607,3
29461019,2
32850657,2
20196930,4
15696547,0
39252731,2
18261318,1
16888757,3
21722563,2
5486049,2
31293460,4
787739,0
35516674,2
19467290,4
28891985,0
38385010,1
7072505,4
15401497,5
36769231,2
17569519,4
17427252,3
24422502,2
38672675,3
36455647,2
23145928,2
38703556,0
417584,0
31500189,5
20008173,4
30955503,2
13178225,4
21294997,1
31943941,2
28158278,2
37877325,1
25641980,5
25024912,2
10077644,2
15722222,0
39750041,5
24707283,2
8335548,3
37220463,1
27296602,0
14013597,0
36926906,1
37908556,2
32383234,0
24826092,1
11905635,2
33650606,2
3778579,2
30539412,3
29158931,2
36817549,4
3609596,2
6233563,0
34214100,4
861190,0
37322690,4
14567210,5
25987662,1
30082180,2
19141073,3
37840885,4
27674145,2
15562446,4
33350147,0
28727241,2
7119755,0
39950816,2
24430620,1
9822291,5
34406382,3
18908875,4
32808856,3
29940783,1
22763675,5
30324464,0
16065370,4
26366588,3
6240648,1
37882975,3
39576340,5
31305213,4
10906605,2
657857,4
21007783,1
34713346,1
25064228,0
26060130,1
5847679,2
2786384,1
35320452,4
5231627,5
8910927,5
40010317,5
39628275,0
3195738,1
37567405,0
30792422,0
37175103,0
32124687,1
19460367,2
7850207,3
21266312,0
33555332,3
23085560,0
36825925,0
36488214,4
38872755,3
15823011,4
34795531,2
13818549,3
23975202,2
31997811,0
33683899,4
7800693,4
27592603,2
2656066,3
28735974,2
33165523,0
30182677,2
33689159,4
29963173,1
25087481,0
27163479,2
13398996,4
20402430,5
38839246,1
39708133,5
15851238,0
37461798,1
16453758,1
1817064,0
29350869,2
27066370,3
1588224,5
28187242,2
17453212,4
37809681,3
15272785,1
23146819,4
37783438,1
2619446,2
29676893,3
30934414,0
36317464,0
10567845,3
18385530,5
24832628,0
19063162,5
39578807,0
22208065,2
34398697,1
20968774,0
23524444,2
33355268,0
33920777,5
4528831,4
26147688,3
35002160,0
6142757,2
31263153,5
11638387,0
23578018,3
34287317,3
38908575,0
21209734,1
18818307,3
462933,5
35294265,1
30776447,3
21510223,4
27306343,2
17798174,4
23934922,3
37631810,1
17497819,2
36108585,0
35499348,4
31792768,2
24643704,0
30612360,4
31041736,1
36665225,5
19238307,0
12827548,4
36270068,5
13360387,3
37653474,2
26590089,1
21026224,1
24941642,0
39649714,1
23613715,5
14644889,2
35646121,2
17911026,2
5269304,0
15956169,2
19314465,0
14713757,2
31977102,0
13080591,4
5422184,5
16575153,3
38626345,2
38993266,2
32353974,2
12997572,1
31077688,0
22768682,5
13117477,2
30079630,3
39270653,5
23922867,4
7860534,2
25045924,4
19239154,3
14442255,3
38111769,4
19605405,0
35106112,5
29120626,0
15710592,1
10394243,3
19798597,2
3075065,0
12165691,2
26405939,3
16001959,0
2495487,2
13907315,0
25953959,2
4296041,2
22076453,1
29306092,0
30540139,5
14823363,2
28144350,2
12164734,5
8343576,4
35737788,0
12531790,0
28975274,1
26180778,0
14887577,3
8216729,0
32138760,5
21002166,0
28649795,2
37792813,1
39593747,2
22546836,1
13536350,2
3303312,2
36412921,2
30093903,5
34123891,2
25442482,4
22615196,2
9285713,2
36275522,5
27033146,3
11904603,4
15210674,1
23444658,3
29832234,1
1983332,0
33269853,2
12917294,1
6107918,4
28122488,5
36247462,3
37945057,4
11276322,3
15706339,5
394770,2
30946654,0
36606589,4
9541790,1
31055302,5
17871588,2
34748579,0
36885642,1
39415851,5
24299988,0
39536878,2
2753350,4
38973433,0
31757432,0
21680020,0
32464122,5
38982807,4
23774440,0
12755804,1
18772002,5
28091129,4
39018292,2
36948680,1
17278602,2
20971174,5
27688183,2
25277115,2
33702523,4
31307147,2
14063687,0
37587127,0
33901521,2
2383546,2
38749120,5
36986811,5
39059338,2
38187041,1
38198137,2
16984802,3
33040628,1
37543975,2
22225577,4
886629,2
9382941,1
12474344,3
18339384,3
21997850,5
32319726,0
15939963,4
37519550,3
12692641,2
31687572,5
37713847,2
38319205,2
39045544,5
29978236,0
11589275,4
27473307,2
27146262,1
27702780,2
35505583,5
38302523,5
5563743,2
17377867,1
35818129,2
15715152,2
15718068,2
19876993,1
32959342,0
33857914,1
27906581,3
23183478,0
22561151,1
25718075,2
3013283,4
22787243,3
36717715,2
17485382,2
6503929,1
35415468,5
5773607,0
21111659,2
5015749,4
39347762,2
26117548,0
35829364,5
15288824,0
22638392,1
30578705,5
24106532,2
31426757,2
2980196,3
38789013,3
19303678,2
39910941,0
4833948,0
11166632,3
6900595,0
3450436,4
36989435,1
14515313,3
29911211,1
27848037,1
36042697,0
23415251,5
35857519,5
38674805,5
39187032,2
4171866,5
10155510,0
7274478,0
25278752,1
32039862,1
14695559,4
25333525,2
28618010,2
39574742,3
29315898,0
13441936,0
2524853,2
18337139,3
29117524,5
38353263,1
18518376,2
8068478,2
12122006,0
39355048,0
23534867,0
8073734,3
35073940,0
15218465,2
27925974,4
31971302,5
35948337,3
32892964,4
36430336,2
29005004,1
32234266,5
31368358,3
35882920,3
2161365,1
34185425,2
11447624,2
38815747,2
22508136,0
35297771,5
37618695,4
29810140,5
3632919,4
8592249,2
35390843,3
33585928,5
8895614,0
18330411,0
3296893,2
22031061,4
9608859,3
24196421,2
2722386,3
30889444,5
3061924,3
39443478,5
2880499,2
13592192,1
27090129,3
15209113,0
1540835,4
27108835,3
7224099,2
3167106,3
37018475,0
31642226,5
5983339,2
27261350,2
37219327,0
22506504,2
34524506,0
5901779,2
668226,0
38102188,0
12487731,0
1760245,3
21731043,0
35456976,4
15318378,3
16852898,5
21567271,1
19783529,1
33274670,5
25236614,2
1665468,3
12703678,3
8008829,1
16656199,1
31728741,4
27152673,1
34725274,2
35934220,4
23161341,0
36971077,1
29285782,2
8126654,1
24906957,0
22235784,2
19198634,0
36068887,4
33614378,5
30296156,2
33540418,2
19265597,1
35666761,5
40010954,0
12573741,1
37316261,4
29596204,2
2532236,2
11533939,2
36039919,2
3472884,2
37874284,5
2203947,0
29884543,2
28788335,2
33511939,2
33703229,1
13133197,2
31139336,3
30882563,2
10972086,2
28180360,2
38779958,4
16548581,2
29655015,4
16849727,4
3220957,3
17701074,2
28602550,2
34721879,5
38463099,0
33785186,3
39662665,2
749070,0
38999203,3
23404162,3
24946061,1
19859609,2
40001010,3
39936697,0
15570526,4
31398235,4
39152390,1
30505407,5
21653433,2
29042718,3
3989967,1
37663931,2
21483003,3
35062368,2
25027506,0
6190348,3
30936082,3
28445912,3
20167450,1
38648441,3
37672642,4
32939190,5
17180738,0
25900639,1
24948099,0
10188210,0
24499349,2
28957946,0
120657,1
31376961,1
20332320,1
37286768,1
6726953,2
39781344,0
14989749,1
15920039,0
29814060,2
10728309,1
10344481,4
31787110,0
40121562,5
38564546,0
23405610,3
20224526,0
29238964,0
21120668,2
25943850,3
18346376,0
33774805,0
36417918,2
39890879,0
15761846,0
33457731,5
1633932,0
35350808,4
32677445,1
9717224,2
32806808,2
34896728,5
308913,0
31843830,2
39803321,3
11842979,3
35495377,5
19826477,1
35432462,2
34599159,0
6593030,5
22203332,0
35253990,5
16857407,5
38991025,0
20518302,1
34942955,3
30404890,2
37803637,0
34965276,2
24454177,0
13415660,0
28255850,2
23846113,0
1531402,0
3499242,2
22266209,0
24730520,3
38810610,2
29661297,2
25684522,0
39993714,3
27886502,0
19730157,2
4674465,2
14955487,1
37175400,0
524992,3
33109498,2
35213780,1
27806167,0
31661177,4
27326403,2
33057463,0
34281442,1
22409214,3
3149496,1
6498459,3
35711091,0
37245832,5
18580920,0
15416054,0
36840903,5
32467060,4
37356288,3
30974427,4
4972079,1
31269509,0
11729594,4
18513734,2
20814173,1
6407620,4
28298709,1
18221843,0
39233277,1
33586493,3
38353644,1
12872242,3
35086560,2
13665968,2
29141727,0
32129387,5
7191209,2
33131477,1
30533189,2
16068703,0
37853870,0
29017058,0
28631288,4
27004815,3
24458023,5
13806609,4
36142326,5
40125189,4
34296409,2
11853141,3
39085287,1
35542764,2
38992480,0
6194533,4
22849275,0
9789410,4
7916317,1
6756132,2
21313476,3
37849499,2
10035010,3
17868597,1
31336664,0
28215774,3
35027945,0
39088101,2
30461015,2
26836188,2
39133507,4
38308003,5
34584354,2
33857132,2
19808317,4
21073857,3
36532845,1
18881472,0
3950773,5
32036119,2
13484182,0
10307794,2
6953370,2
37197780,2
1602122,2
18961548,2
38817895,0
21805453,3
36463722,1
37976477,2
787015,4
10203210,2
27041646,2
31235971,2
35289673,3
38524821,2
10827112,4
28057646,0
14354819,0
4031814,4
34645130,1
12741957,3
9440010,3
24937011,0
25739026,2
20189314,1
14417870,0
32321408,0
15214020,0
37625075,4
27090063,4
12666319,3
885103,3
34264314,0
34803982,2
33612568,5
36731323,1
31516085,2
8180959,4
20131108,4
22829309,4
13584992,1
8314569,1
23841603,4
9532703,1
25437820,0
9753658,4
27876898,3
30289872,1
17852489,4
39164524,2
241250,3
27649132,0
15419617,3
34315278,2
37083168,0
12541213,2
25249838,0
35401094,5
37864419,3
37800054,5
36847384,4
36817413,2
37706221,4
35647330,0
15468422,4
40091456,4
22560698,3
35699484,0
37470469,0
7274049,4
26235782,3
37917378,5
23335766,2
37240417,3
24375909,5
2248321,3
38312494,2
28956968,2
21171290,5
36583635,2
34591505,5
33801171,1
31344201,2
9665002,3
32954728,3
9751214,5
20843922,0
2207562,3
14667146,5
35958510,5
34207062,2
25204299,3
32031995,3
32960877,0
39087559,5
15610574,2
1401721,2
29781828,5
19329533,2
15636601,2
27133678,0
6423171,4
16571908,2
35307091,2
27656401,1
2585091,2
13621533,0
31483818,0
23981601,5
38096006,1
12009616,3
35776829,4
2653516,0
35616545,1
36723595,5
32945732,2
33534976,2
22854607,4
31841751,2
33200893,2
8734091,2
15913767,1
13263122,1
28252442,5
8824826,4
37045053,3
26492636,0
39381137,3
20930006,1
13688707,1
23476331,1
10259282,3
22209145,2
39147701,4
15525416,0
29035094,1
36118077,5
37440855,2
35001186,2
9084228,1
1552260,0
40052616,2
10182487,0
33935557,4
19685002,2
33692619,2
26247960,2
14987106,3
32647939,2
18281082,0
3199363,2
6283481,0
25062068,1
13552907,2
23125471,3
30971615,1
25980802,3
24277313,2
10290990,1
15279429,5
2876517,1
14466713,5
12924792,4
29681457,1
31090572,0
38706655,4
4463395,2
31407900,5
36773053,5
30140437,3
31964930,0
22207212,1
33617120,2
40036942,0
23125671,3
17056775,0
27629797,1
30811412,2
18878663,0
10032077,3
33239147,2
12907004,1
11019036,0
17302166,1
29904851,3
20229291,0
23774619,5
39307257,0
25778004,5
39281199,1
30553824,0
35675601,3
18043537,0
23819365,0
7945730,0
1274869,1
23032990,2
30910270,5
9311312,0
39427492,3
21562815,0
38006968,0
21184299,4
5803290,4
14719776,5
30257408,3
31260389,3
24419525,0
24677595,2
37837148,2
21101557,2
35925625,5
29807201,3
16637735,2
33139896,0
39115933,4
25129881,0
34374424,4
15884038,5
38534817,0
8900768,1
17982967,5
16048056,0
28478085,2
34074049,3
30403606,3
38226401,0
26914462,0
38884513,2
34006847,2
17758442,2
6194865,2
9050408,0
30408098,5
37127292,1
32295879,1
36400683,1
17218151,5
4917893,3
9099523,2
34718095,3
35707214,5
34878405,2
37140933,0
17432157,3
18039190,5
13113726,3
20445060,1
27490714,2
31372778,0
39956663,2
38398029,2
39684365,0
1292817,4
31187335,2
31868441,1
33153606,5
2461964,4
40062073,1
13319442,0
25069246,3
33722336,2
24210700,2
39148477,1
38809858,3
23402882,5
34938686,2
24757879,1
33739182,0
19206459,1
17076141,0
7544258,5
21221595,0
17600942,1
18492273,5
30550812,0
39808573,4
20266163,2
29289288,1
1085852,1
29478684,3
19859827,0
35113081,5
17434399,5
18478287,3
27720034,3
22781227,0
26441492,2
10069336,4
34850315,1
24187487,1
33016142,2
30662112,2
25594970,2
28226308,5
9149151,1
20220990,4
27595349,2
36963406,0
10771163,2
15471233,3
30451190,4
7465889,4
5653088,3
23175978,3
36097275,2
32566188,1
23699870,2
8916028,3
7273841,2
36446729,1
35569447,2
10272612,3
29458653,0
25264279,0
33391736,0
37173122,1
21972020,1
39541722,1
38670267,2
21797181,2
16714617,1
34386096,3
9682328,0
27664896,4
37441218,4
27369247,2
21454299,1
36707916,0
18638499,2
28037248,2
3421290,1
31465161,3
5704590,3
32157517,0
6471081,1
21245219,0
22905129,2
35994465,2
3026678,1
13851757,4
27350944,2
24913505,1
25163023,2
37351733,3
39214484,5
14015152,4
38535456,2
36144981,2
24406692,3
33866352,3
13098457,1
38726250,2
14281251,4
18087720,4
26874346,1
14149210,3
23929778,1
32081680,4
10539373,0
34481169,4
14151021,0
4393340,2
5690888,0
25752315,1
25741655,5
1075652,0
33889584,1
28833593,3
33852378,1
33443233,5
12917792,2
31508043,0
39732495,0
34923628,5
35665838,0
33199172,2
37583078,0
30580301,2
33027992,1
38569603,2
23578396,0
17935660,3
5322027,0
12554085,1
19896733,4
39550050,3
29616749,1
22703385,2
27517425,5
32876962,1
35959358,2
980932,2
22356567,0
30713927,2
639949,3
29183653,2
25328663,5
28886558,0
13003949,5
28636741,2
15736578,1
22913012,0
4119813,3
28573545,2
27094838,2
8990600,2
36939522,0
6889785,2
39533452,4
5143593,0
30141853,4
17921455,2
23148216,3
23006458,2
37910443,0
8579098,3
31708990,0
5770944,0
26759339,0
26720307,2
14149613,2
35954990,5
27820713,5
4449261,4
33001507,4
33261630,1
15604475,1
23228276,5
19298147,2
19140431,4
16096754,2
27391006,0
35196065,2
28859183,0
30522672,3
2543672,3
7987269,5
11096134,2
23310864,1
26747692,2
35841701,5
33577192,4
35046437,2
4225927,1
17124365,2
37296209,3
32704725,1
35702936,0
34803766,0
27609865,0
19037116,4
36228516,0
29487090,1
2591845,5
32006771,1
34121294,0
33322435,0
11067916,5
26223951,4
25024203,4
15790691,1
19646716,2
12657867,0
22551408,0
38932722,0
16485237,0
11541824,0
29832160,1
10364818,2
11856815,4
30554114,0
38902553,2
16464015,0
19204776,2
21704646,0
16929639,4
34272186,3
34016106,3
32583125,2
39007820,5
23857535,3
27212153,0
34301581,1
39509392,3
10977114,3
29651027,5
36190751,1
8346164,2
15756285,0
34405649,1
23143513,1
25750247,2
1210118,1
32617086,3
1150581,2
13345284,3
25266999,2
1241893,0
26488279,3
29322824,4
25025299,1
3562441,4
38702364,5
31676473,5
38641162,5
35108617,0
19129106,0
33987864,2
11154634,3
37753671,2
39120934,0
30356069,2
7749914,2
31618733,0
27954926,3
12308028,4
13295205,4
34842697,2
33582424,1
37827808,0
28464886,2
24618648,2
39874047,2
15825241,2
12364981,2
23679318,4
31076197,0
16591082,3
11465158,0
35183140,2
397125,1
8440824,0
31565901,5
3324733,3
26575661,3
22675840,3
20409518,1
14572999,4
4665342,1
35152137,0
38213595,1
3642748,0
38625435,2
39003982,5
5230699,2
20432419,2
37132594,2
38256373,0
29317526,3
39256233,2
22284018,3
15272918,0
5385959,2
12796443,1
9919342,2
7010551,2
34253933,4
1383863,1
36387302,2
17202243,1
15007867,3
31453414,2
34108502,1
28313984,0
24914735,2
4516358,1
26470476,3
39205979,1
30254023,2
14344474,2
22452512,5
39662811,2
24415638,1
28354567,2
28274133,2
12353996,4
15864846,1
27957569,4
39425284,4
27046448,2
13238566,0
32378308,5
219215,1
39638324,2
27389165,0
28730805,5
9752017,4
11195140,0
28316119,0
35510972,1
38614156,5
25506527,1
19645527,1
33763621,1
37034308,4
33748040,2
33535386,4
26869977,5
33113031,3
35896970,2
34418667,3
34241050,2
34846503,4
32328192,0
31189199,2
4095749,0
29521027,5
38658574,1
20981691,3
32378647,2
40101329,0
21110713,2
19074645,4
21665629,4
5084934,5
32587183,5
39144482,5
6998366,0
17042602,5
21790459,2
37730650,4
18492000,0
27377142,2
17350774,0
37450334,2
1328041,1
4107070,3
29745032,1
32936373,1
14764873,4
6689935,0
13633521,0
33270673,2
6315501,4
30364958,2
35797523,0
32742250,4
20701484,5
10390537,4
17128029,1
15598867,5
19996940,2
19962300,4
1621806,2
30211966,0
34481924,5
33273792,2
30583738,5
21054359,0
26885143,4
37121222,2
27025359,0
7057450,0
3080450,0
29250319,1
27830650,1
26762740,2
23483503,2
11413657,1
37206973,1
34040241,4
13278959,0
19316985,0
7954784,1
5452648,4
25918393,1
10925507,0
36980910,2
36457040,5
6515160,3
5881615,2
10953060,4
5091914,2
22333700,5
33619895,5
10839836,2
25583468,0
38797281,3
24447994,3
38197722,5
22458192,3
7632589,1
39447362,2
12322065,0
20941428,2
17086289,2
29443216,1
16121425,5
38450320,2
38718190,3
18174401,4
21259988,3
20110732,1
25952922,2
10447010,2
22667298,0
2170228,3
40004639,1
1959744,2
5384632,2
35263440,2
31751230,5
22605344,3
19165751,5
38947658,1
33194533,2
19439961,2
37462656,4
13822642,2
37735296,3
35049873,2
32285022,5
23130008,0
26558688,4
15828312,0
4063392,0
12408414,3
4537355,4
16359052,0
33047762,5
38133980,1
7200606,1
27624166,4
39150996,4
23265920,2
35749955,1
35350065,2
40049320,4
28641210,2
3833717,5
28195586,2
8724729,1
21052946,5
27735413,3
31954983,1
30429608,5
5507156,2
24012547,3
27031629,2
23689357,2
32425153,1
25829049,3
35704722,5
29860814,1
4103085,1
37346269,4
38558171,4
24881554,0
9504937,3
16745487,1
32302687,1
35228982,5
24411931,5
29261917,0
8495786,5
34779058,1
19622241,4
17920147,2
7778809,2
36437397,5
28746247,1
39907708,5
383760,3
38242445,2
13304136,0
27004888,1
38729081,3
33260651,3
23290114,5
9850973,1
34846713,3
17015490,1
15993006,4
8904318,4
37502545,0
37354022,0
30660619,3
9671530,1
33272162,2
8686225,2
18295751,5
8327365,3
39905822,5
39060386,4
26449057,0
14827983,4
22244642,1
33697530,0
18431821,5
31982284,4
38733897,5
40071165,4
1596963,4
21032497,5
38928949,1
2801154,3
29454595,0
17116718,3
40098680,5
9390536,0
25766209,0
28233766,2
2940948,2
24804527,5
27027316,2
34812542,5
30009948,2
27732965,2
747781,0
16030923,2
22298050,5
12934699,2
21506864,5
26489449,0
30891094,1
16719263,5
6075974,0
38562144,5
14395115,3
4947290,3
39658549,4
34126448,2
26513125,3
30647997,1
38130054,5
6256183,2
30486773,4
28873486,2
28011551,1
32280480,3
12320143,3
9091073,0
25258755,3
34544925,5
14787461,0
11068198,1
32315491,1
15305787,3
13127045,0
24604983,2
21677964,0
13639461,2
23636077,3
40063317,4
30674777,0
40090673,0
8281762,1
31967010,3
31381183,3
26858129,2
11315259,2
26652845,5
35311269,1
16505456,2
22347357,3
16909779,5
37590721,2
28616679,3
26342588,3
39781172,1
31121026,4
19956622,4
30900003,0
9292169,2
16818338,3
17913377,0
3665414,2
36632745,3
18082319,1
33455463,0
37883476,2
23188991,1
30133505,0
23020520,0
34857737,3
11794466,4
38341323,5
36427800,1
38094679,1
19182912,2
22788770,3
15791553,0
2717282,3
37087613,2
9702933,1
30397874,5
22115831,1
1504729,4
20804956,1
2942940,4
4702274,2
13068043,0
17683701,4
19349117,2
7270022,0
31421283,0
38658041,2
36684140,0
32389221,3
11035076,0
17023170,5
31714221,4
8892831,1
27178126,2
36662624,5
40007815,4
18221294,3
30695709,4
35663130,2
35990123,4
38470092,3
36958314,2
3824179,0
13797624,2
16957167,3
39738285,4
14804291,5
39188888,5
31758913,0
27434569,0
11651553,2
12715804,1
13774397,4
5306756,2
19371849,3
21870618,2
29179670,5
15098431,1
36134850,5
3606743,1
12098559,2
38919565,5
27910855,2
25771516,1
32043124,0
28988072,1
11657614,0
9372456,2
9767585,2
30961846,5
15870443,3
29043771,2
34964426,3
11302487,3
21448929,4
30036303,3
32762924,3
39329309,4
35330808,3
3244876,2
23439131,5
38446908,0
34846325,5
28439394,3
35614466,0
34244191,0
9946760,1
20470970,0
11897597,0
19349902,0
2875767,2
18609513,1
21952175,1
4894976,3
25634624,3
27286275,2
2063412,1
25513698,2
33168099,3
30682836,4
15266818,5
32646389,4
32548708,0
30149776,0
22069727,0
10075065,5
35748549,1
8225460,5
28818036,0
11927604,3
3976795,0
39203384,3
20360293,1
10202306,1
8858145,3
1876131,4
31898989,5
19215847,2
35752388,2
33434990,5
19865964,0
36213883,2
31219359,1
16592420,4
5764664,2
16351436,5
19264922,1
19058985,3
34596576,4
39934802,4
21860661,2
13566747,2
22565311,2
5783516,2
30753390,0
29015221,0
38427958,4
25318639,2
26473885,2
3375375,2
17184225,1
19242826,3
20528081,0
36487527,0
30370110,2
37886785,5
18592785,0
31119510,5
30979092,5
11641435,3
21747260,1
37372401,3
34885107,0
23009552,2
19109158,1
19289291,3
19166126,5
20849316,3
13674792,4
36975738,3
10400139,0
25045483,2
39379805,5
23184263,2
39969218,5
19678342,1
5481686,1
21996288,3
27645132,3
38879220,2
39499959,4
33353855,1
10850052,1
16687433,4
22076449,4
33030056,0
36028382,2
18174883,0
11618913,4
32529073,2
30655847,1
19134404,3
29343107,0
6630645,4
19440322,1
18880625,2
34108696,5
37246630,5
26243682,0
38944814,3
29064053,5
7589238,2
2768188,2
38552285,0
36046230,4
35143596,2
11130831,5
26430607,1
27646065,1
34781904,2
35096360,5
17697170,3
25417713,5
10110083,2
1521058,0
30412340,3
28619045,3
32188352,0
14222773,2
38819570,2
28668698,4
11611849,4
855514,2
35948293,2
18301980,3
3907611,2
8901996,2
9252688,1
35260742,1
5136611,2
32971485,0
26345196,3
36068832,2
37106475,0
20461772,0
18232150,2
22387024,4
40039457,2
17831211,4
11982341,3
38963822,3
7222382,0
35502121,4
32203982,4
37341764,4
36410373,1
1448429,2
39348496,1
24440960,0
35261588,5
37885882,5
33412974,1
18236155,4
25249259,2
33681855,1
34757803,1
37335938,0
39557313,5
25726924,0
20579397,0
24234034,2
35397621,0
30662570,5
13025332,0
20199962,0
37528077,4
30815468,0
29929639,5
24941765,0
8060397,2
30121441,0
4707296,5
38994930,2
34485056,1
33527030,2
34445692,2
1212108,2
15486711,1
26801068,5
22806065,2
20551104,1
7698716,0
38609421,5
39257652,5
20870812,0
26894144,4
36794592,2
31836695,2
9964911,2
25770880,2
27912764,1
5498060,5
29733476,5
4605929,4
34598298,2
1491796,2
39646631,2
35090521,1
37232387,5
23023878,2
28211280,2
36723003,0
29338190,0
34369849,3
5041682,1
24028925,0
702986,2
21226708,4
5156663,0
12332195,0
1189253,1
30253198,0
4733838,1
11087553,1
36786056,2
20922979,3
35659578,0
23343370,3
37095012,1
21430900,0
10570560,0
35620823,2
28327150,5
36140143,0
6462684,1
10868473,2
14176833,2
23567674,1
39304995,5
17658399,0
21705098,4
14628486,1
34386221,0
24560173,4
24865844,1
36269546,2
1053928,5
37317496,5
9533179,4
13224920,2
35515975,1
6846829,2
8806101,2
13346021,1
14178517,3
25733955,0
2825520,2
27899293,2
11025700,1
38597378,2
24892904,5
20121664,2
9635913,3
18214743,0
29478400,3
16265602,3
28489149,4
10682806,3
17639142,2
24467748,4
26658175,2
5825653,2
9458110,0
30174526,1
24597661,0
28997445,4
38050084,2
18840174,2
25395175,1
29911230,2
38576589,3
39309227,3
2672635,3
35726924,1
9097441,2
15247628,2
37112548,3
2005540,4
21298772,2
15860074,1
22794884,2
3749512,2
20285906,3
3405626,3
29983059,5
8971074,2
5690147,3
36033021,2
7857868,4
12601316,2
33848197,2
16943988,3
35725478,5
23607525,0
33969754,1
34229641,2
24488927,5
11029014,2
2171733,2
22862658,2
30948997,5
16342777,4
10985157,2
20114653,2
32037190,0
34132663,0
18005861,2
30922736,2
35750140,4
28335194,2
4642423,4
36631462,4
10984471,2
31033468,5
34709927,4
39628043,4
28214895,0
7017990,2
27048702,2
39987703,1
27765166,0
8781024,2
34180674,4
22657874,2
21854364,4
2401117,2
1049070,0
13901185,4
29194082,5
25196721,2
34253425,2
15231870,0
19224300,5
37346463,2
12341496,2
5504498,5
36666353,2
18295595,2
27428008,0
5360050,4
9298820,1
27425443,3
39288354,4
28255133,4
30610579,0
25291506,3
30125939,1
34996508,2
35847399,4
4039354,2
29474143,1
37408133,2
25678204,4
11488558,2
37199288,5
31745159,2
31317312,4
22280167,1
26593944,5
8211386,1
22652762,2
3252383,0
30142149,3
31740909,2
6413891,0
29729356,5
26719449,1
18722046,4
9761116,3
32751576,0
25051362,3
28679718,2
27578674,3
30028841,5
36277917,4
28677657,0
27339940,0
16474171,3
13303464,4
14161331,5
31649871,0
33167079,3
28859300,2
37280467,4
15856429,0
28066142,2
37698554,2
14942343,2
14268056,4
39690258,5
15980196,0
25337092,3
21870807,2
23067585,1
5540510,1
11731392,5
3610084,0
39130288,5
168559,1
30150817,3
24525421,2
32940613,0
36676594,2
21756477,0
3040356,3
21617249,0
39527176,2
5768656,0
37303345,1
16747459,0
20023986,0
37516409,4
13493477,2
27912930,0
19742385,3
26549542,3
39700636,2
39261819,4
16455934,4
3601210,4
29060281,4
30801715,3
13019203,4
15405460,0
24428211,0
39564909,1
28246938,2
31259868,2
3647771,2
18146905,3
39965297,4
5325908,1
21947762,2
12332611,5
35537895,2
9278858,0
34701974,5
34915544,2
12071295,1
1329115,3
27271516,3
19429393,1
25012575,2
28748092,0
12933895,2
10000441,1
10823008,3
13588516,4
33052429,1
27925358,5
3430372,2
20889242,3
39457792,2
5385344,3
36690737,5
11565313,3
28957894,1
24401311,3
34415182,1
26901600,0
33687249,1
16908655,2
34087082,3
22494116,0
25976804,3
31202918,3
15323480,2
27262728,2
25803822,2
17373473,1
30449035,0
31622013,2
26694381,0
16339550,1
37170313,5
10164351,1
7741878,5
15239418,3
25182083,3
24780600,1
13041180,5
39671786,3
15176764,0
13858158,2
21810272,5
38107344,0
24065793,2
12607241,1
25813037,2
13312498,5
19173937,2
11684354,1
10109848,4
19379968,5
29467489,1
13844158,2
32118266,0
20260228,3
16102358,2
9844014,0
19694090,0
25219326,0
23519862,2
38818846,3
6726521,4
19342084,0
25200622,1
16893713,5
24718209,4
36044972,1
36329412,2
14187253,4
33674665,4
32804410,1
27266187,0
26743793,2
2364945,5
29382049,5
24906313,2
29737279,2
34022501,2
21641649,2
17095359,5
34386802,2
37880196,3
19615944,2
27163432,5
26818572,4
3909639,2
11570455,5
32613452,2
23155642,2
30285039,2
38132019,5
38233245,3
17033094,3
26233100,2
32402665,0
29240510,0
34903082,5
19873141,0
34063192,1
33350996,2
26383634,2
39448079,3
28273344,2
4718520,0
21211572,0
27340913,3
11313568,0
23067686,2
38977550,5
38008389,2
8554282,1
17261551,2
33145191,4
11851819,2
8539628,2
37391472,4
20916800,1
33699680,5
22312852,4
34771090,0
16759035,1
27756552,3
14134783,0
12050460,5
14284492,2
7087395,4
29837715,0
28502508,0
32609158,5
20844602,5
8514017,3
20836081,2
33908570,2
33486224,0
39555782,3
21972690,2
35607270,1
19464813,2
25778723,2
28225600,5
6769565,1
24198753,1
2956076,1
31480011,1
22845247,0
30623995,1
11863759,0
29111801,2
36994851,5
33120123,5
7186961,2
24346903,5
37913921,2
37056533,4
16990812,2
5436540,1
22682543,1
27914827,1
36579629,2
26385984,0
28097661,0
32130954,5
12665971,1
19379345,2
36972402,2
7346342,3
30542997,4
12984205,5
38349387,1
36461901,2
39948448,4
34537335,2
22423626,0
19031299,0
35368418,2
20324103,1
14049048,1
29209007,0
2330278,3
35470446,0
18809962,2
21471672,1
31111650,4
10682719,0
29550776,5
10121861,0
14124311,2
29175581,0
38166313,0
26199354,0
39057333,2
7438666,1
32764536,1
17324517,0
15841969,5
13757734,1
31593811,1
12225392,1
31279843,1
33662222,1
19655407,2
13089022,2
24228420,0
32720873,5
27365402,0
18514719,5
34079680,2
8014343,3
37259543,0
36672021,3
33235135,5
31432013,1
37143235,0
18482786,1
35566678,1
29794126,1
13277004,1
10671841,5
22932324,2
39673720,2
17118714,2
36327618,2
11352047,5
17941083,5
39888821,1
37851014,3
21896685,3
19666772,0
37094707,2
23390033,5
38768129,2
35102838,0
37014652,2
9405399,3
25859496,0
30154970,2
33808135,3
31517534,2
19561587,4
22473370,3
12880158,3
35436129,1
39969896,2
25429445,3
21192230,0
22315678,0
34049790,2
37643520,2
34656477,2
31601820,4
32606743,5
33712530,0
34260259,4
35336132,5
29670110,0
12613787,4
26106358,2
38232834,1
38687935,0
35908786,4
22815822,1
19152355,1
35298554,2
33158219,3
22619681,1
30872748,4
20482381,2
35032571,2
3351963,5
7766445,4
22205954,5
3635073,2
39421500,1
32227824,3
10792736,5
31719831,3
20295134,2
37795044,2
30986106,1
12150491,0
12954969,4
34382149,0
24361505,2
19939189,0
24273517,4
31210056,4
2882060,0
28615264,1
18549236,2
34102891,0
24231285,5
36619359,2
22106425,5
36547260,5
32914033,5
18123325,2
37145734,0
35958446,2
9547460,3
5315537,4
9900137,2
22349741,3
14037882,0
21629727,4
27582796,2
27543458,1
1400537,3
18396172,2
40111822,5
29062319,4
31211832,1
34132332,2
39284989,5
8380046,4
33336080,2
9727429,3
21424463,5
15852436,0
35565250,5
25772750,2
34495762,0
33824764,3
22738922,1
22806226,2
7693273,0
37297266,2
25444198,0
24468741,0
39784483,3
37131947,2
30918710,0
39548099,0
11155342,2
32350485,3
35756562,4
23123759,1
28698419,1
24849655,0
22605575,3
16146966,3
16128128,0
37296866,2
20103730,2
7186134,2
37077154,1
20921889,2
30722467,1
13248569,3
33341394,0
38061876,5
26049459,1
6301249,0
28059054,1
29823687,2
4495223,3
30643194,5
38976411,5
25798071,0
6961212,3
37146322,3
25866765,1
5436122,2
4106546,5
21023423,1
17290854,2
27456185,5
5472818,3
2690324,2
26922088,0
32018172,2
4882377,3
36925982,4
28433036,5
32622935,5
19451544,0
27819713,0
38100729,1
31635140,1
19873620,0
37671720,4
11387001,3
23215177,0
21677347,0
13331419,0
38372560,2
24680216,3
7258931,5
26197292,2
21922015,4
14538887,0
10544928,2
5129794,3
30847903,0
36365542,2
14335832,3
38310086,5
23787043,0
7760837,0
8318766,2
28612607,3
39008407,0
13955319,2
30979817,3
25625100,4
16491781,0
33833291,1
3800530,2
12644826,2
36871638,1
25733694,5
13341780,4
35765341,0
35832475,5
19401749,0
37789409,1
26592540,2
3853703,2
21881749,3
17782744,2
23256340,2
18795352,2
25435540,2
22871350,1
35278217,1
16953251,1
22155626,3
19426759,2
33345995,4
9358749,2
33727205,5
9986340,0
23546656,4
32317241,0
12804239,2
27162395,1
36576063,5
7003821,0
11665411,3
14004457,1
3345199,4
33114155,3
26948405,1
2894668,2
30144020,0
21556115,5
10846061,1
20935675,0
4371004,2
28134919,4
12620748,0
21997347,1
15169663,0
10042578,2
28562966,2
28616143,0
21152430,0
29332424,5
33383573,2
34649399,5
21936588,0
31012799,3
38236351,0
26442394,1
39848610,1
22438238,5
10165756,0
33279287,1
78799,0
11531531,4
12043522,3
5027352,1
11788565,0
27452754,2
17602455,4
14043431,3
28825116,2
39323666,2
34075491,3
13937176,0
24003450,2
35223118,1
28666995,3
14320396,1
7538587,4
6254713,5
16220263,5
15930291,5
15178640,4
23921090,5
14217466,3
21189346,1
16551998,1
18166417,2
29030529,2
32553661,3
37718683,5
36893767,5
31657017,1
26594163,4
5614992,3
4827303,0
3949772,2
25559202,2
26867730,2
17085021,3
5159238,0
21459349,3
29592042,2
23090151,1
39001152,5
14949090,0
2375956,3
29850602,4
23411836,0
15771424,2
22444607,2
9566592,5
29395105,2
3271639,0
3835083,5
1752902,4
17508544,2
32895729,0
33391624,5
36461054,1
16882965,5
24190137,2
28519444,2
21067462,2
32911481,0
7410182,1
34348113,5
32725823,5
32368888,2
22393783,0
34771564,2
37170927,0
3274114,2
36534351,0
39752819,1
22857889,4
32653137,1
15481914,2
5941622,1
30685462,2
22098932,3
26907640,0
34740768,5
35305162,5
16351654,4
39821177,0
8955274,0
35736250,1
25611832,4
29043138,2
10322653,1
15054095,5
16762637,3
30993445,5
30166105,2
29616487,1
29810464,0
29702424,5
21707330,2
8706631,1
27836146,5
10101540,1
13409239,4
30276499,0
9523603,1
39144325,5
39228698,2
22413568,4
35872981,3
10877734,3
32989059,3
20339390,4
37280435,4
30041679,0
1469614,1
26966221,2
39864184,1
10232465,5
31846335,3
15147189,2
2971381,4
739289,1
38117131,4
18838994,0
33416398,2
30055267,1
26089518,2
8130905,2
40099711,3
7829768,3
10844331,0
24261973,3
33444061,0
7051756,2
18696231,2
21615158,2
11890781,2
28667479,5
20797700,3
15893153,3
35910253,1
22567373,2
21263766,2
343204,1
30861156,1
23094616,3
4771754,2
38297292,5
27666008,0
30142863,2
6115066,4
31630260,5
13131139,0
31708737,4
38309707,3
29216804,2
35018628,2
14781895,1
35160710,0
8467683,2
17015610,2
38845012,2
29695657,1
24411180,2
2057921,2
13194542,2
18340528,4
14278370,2
14522757,0
29941757,0
38975770,0
38318011,5
34044266,0
36880860,0
27700625,5
32581569,4
24327313,0
37416978,5
9492355,2
3000646,1
36670851,0
33266577,0
33049814,5
16727171,1
31626035,1
10569846,1
28960249,2
27754231,1
38836591,3
34886005,1
4208390,4
21038210,1
21649841,0
23583840,3
33420068,2
11884635,2
18753341,2
39106532,2
1576784,4
36017135,2
18759765,3
11541454,4
15312732,3
14470504,2
1482308,0
7081567,2
18552242,2
37773719,3
34539959,2
33182632,3
10074325,1
22969817,0
26135386,1
15157502,1
36789677,3
6493876,2
2527992,3
11914083,2
33987624,5
40096197,3
20487981,2
32983085,3
39969021,5
24754016,2
21544372,3
11352199,4
20636036,1
20065164,1
27791255,5
18269786,4
20638206,0
3893599,5
8292948,3
20012920,1
35643306,0
36043951,0
18506586,2
35214455,3
30677288,2
7314942,4
37121110,5
613246,1
6143952,3
28526827,1
21791957,4
16315645,5
16538883,2
4277243,3
12217462,0
3887944,2
37150345,0
7396071,0
13696883,1
36485098,2
36573764,2
36288746,3
508183,2
21083924,2
3996904,0
3348594,2
20575347,0
23056805,2
4610717,0
39438335,1
24057943,2
30621772,2
25865975,5
20154766,0
19421538,4
893984,4
656155,0
39875322,1
14527671,2
31115016,0
18393543,2
36293801,2
16783597,3
34507234,0
14145371,2
25422733,5
24341701,5
21500737,1
37414213,1
37584942,0
39972261,1
6510333,1
31928942,2
37361069,4
35393379,0
28483471,1
20997957,2
38230117,2
38665093,2
15661465,3
12517649,1
28113433,5
34785467,1
8535997,2
18229875,3
31288144,2
33642846,0
30124608,2
34265102,0
38238,0
976506,1
24983212,2
26626815,3
7378427,4
39418419,3
36112600,4
21381096,3
27262473,2
34123173,2
8728854,2
30910443,4
10919823,1
19034210,1
4289937,2
27482976,3
35531105,3
12083158,1
29888002,2
19782975,2
25813789,4
29645055,0
37281200,2
7848573,3
33704780,5
38708775,5
35256779,1
10962922,4
27461677,0
1952379,0
35596501,4
34444681,0
29884453,2
27443143,0
37794648,0
32254920,2
17688155,5
28179026,1
29711531,1
25716808,0
6179617,2
29972842,2
39032103,0
22946719,1
34821534,5
28762951,5
10091271,4
2905987,4
27062908,5
2219316,1
24210256,3
34838946,0
17781448,1
20616705,3
13588024,1
19782336,2
5058830,2
27833489,0
37719889,0
38346542,0
29261991,2
14184105,2
3692697,1
12353608,1
31183788,5
10157678,1
8094760,1
15987690,2
14845789,1
30301011,3
1483024,1
32972422,5
7833106,1
8654869,2
25299497,2
30769867,0
1686292,3
24192984,3
13793270,2
10822486,4
12814667,0
12022105,3
28799952,2
30353804,2
25199291,4
4835611,0
17606149,1
20949204,5
28968690,5
21052973,2
37766612,5
25284292,0
34278043,0
5259161,3
26145678,0
38363262,2
32622219,0
35512199,1
30871384,2
34081037,2
10134253,1
37865177,2
23701148,5
32218520,5
28576540,5
24409698,3
31597203,0
37749759,5
39939716,3
9208867,2
25072115,3
29226021,4
30294712,3
11475885,2
23199578,3
33447680,2
32878574,2
33401428,2
16684595,0
16017034,2
39379616,2
38309109,5
37088933,0
21341702,3
36150434,1
30327595,2
26162613,0
38645607,3
19966557,1
22335894,2
14777066,5
14559101,3
16931536,1
19127704,2
17349928,5
36847447,4
9093059,1
22546431,5
6765886,3
2632199,1
33312584,2
29149466,0
13321398,3
31396062,1
989276,2
36956477,4
38261366,1
10706231,3
29160503,2
31190802,0
35369096,2
39058034,5
32851393,2
23079208,5
15192637,5
3903432,5
10860920,4
33826441,5
9814577,0
31192007,3
919927,3
28166784,3
755777,4
20317170,0
37522105,0
35867326,2
27018426,0
38454207,1
34484986,0
32059419,2
35007818,2
10134690,3
31440201,2
18706701,1
24970265,1
28432987,1
18683097,0
39435820,5
29078645,4
25386012,0
26032287,2
16426712,4
21064299,0
28641553,1
16114391,2
11022201,2
14359730,4
31589409,2
13635000,0
5583596,3
20121390,2
7110604,1
1293828,2
24297042,4
24637763,4
38288914,4
27806825,5
13017101,4
36243916,2
15404256,2
15420752,1
32707261,2
31764970,3
1351209,1
33977077,3
8361019,2
38131287,5
38932835,1
18688908,0
21273602,2
25247364,0
12352674,3
811306,4
31930789,2
13519774,2
37058567,1
26736220,4
1993243,4
32641480,2
31941532,0
32042775,0
37610140,5
28372127,5
10460088,0
38806453,1
36529788,0
7951804,2
7856853,2
6769782,3
34976671,1
27138039,0
7058494,5
28999591,3
18481531,3
24149597,0
14320068,1
1268899,2
17338309,5
17794241,0
3924414,3
31222249,0
38540208,4
690688,3
36497579,4
22189227,0
15116899,1
36958031,0
29309116,1
25791176,3
29433243,5
39877278,3
36185081,0
8741997,2
36426910,2
36722578,2
13992785,4
14773980,1
21769271,5
37032262,1
21592313,1
23328908,2
29686331,0
39026418,1
17070822,5
23263599,1
37595414,2
31374835,5
20725699,0
13962529,2
27987298,0
8000490,0
29765311,4
32027997,2
10038731,3
18163301,2
9860680,0
26184977,4
26948809,1
20483223,2
32978233,1
17425505,2
28599883,2
21369137,1
32884319,2
36585811,5
24045429,3
33458613,0
18432380,2
13369384,1
21946174,1
32063363,3
35350200,4
12321178,4
24964081,0
30961640,0
4291880,1
13327213,2
24149496,2
22387883,4
19890626,0
21485318,0
18531483,2
4372129,0
33101465,2
21769390,2
36988859,5
16812858,2
14017015,3
17877870,0
15039211,4
18935037,5
13122615,1
19719413,2
35620206,5
39551658,4
31247313,0
3184128,1
28203126,2
26863537,5
38689205,1
33248223,2
13948176,4
5228972,2
12843909,2
36750580,0
23689183,1
35137320,2
38066785,5
34916062,2
4048789,0
21693593,4
13238433,3
23412912,2
39998262,2
2959109,1
34474411,4
33763133,0
4473531,1
17285163,5
10003751,0
30990654,2
21453284,1
29960982,4
30514599,3
29160422,5
29991041,2
22856169,5
10915691,2
8826099,4
31335415,0
19963352,0
36850866,0
8794085,2
38044103,0
31032507,2
9062917,2
14996264,3
26163470,2
4138522,2
39340339,3
7349678,1
36098619,1
10609683,3
19743512,0
40070216,4
30545655,2
14296531,1
39650869,2
4241632,1
39065129,5
39858802,0
35634286,1
5663508,1
36404051,2
27753538,3
39965946,2
37437869,5
24410469,2
19713411,1
5503820,5
2613105,3
35738854,5
23005080,2
9868792,2
33382766,0
992169,4
15750711,4
29805186,0
5448257,1
33733880,3
4206393,2
2940858,0
39454770,1
33621399,5
6318347,2
34764065,3
1247284,2
38470929,3
37301682,2
16651859,1
9782865,2
15786525,2
22362010,5
28268878,0
14450645,3
18253401,3
20362993,2
34786935,2
13462587,2
26857515,2
25160171,2
2005956,2
8215419,5
3359614,2
34030438,2
34981727,2
25755504,5
21902861,3
15555135,2
9630569,1
18751352,2
11802036,5
26713799,3
2304712,2
28704274,4
1826761,5
35413618,1
24493773,0
4999233,2
31166943,2
25230754,0
30736627,3
17794998,4
29021532,1
27110140,3
39704362,5
24643338,2
26647535,3
34209203,2
4082533,0
35731855,2
10302986,5
7660542,0
22994423,0
34293879,0
11412290,4
21362489,0
33896776,1
15105098,0
14913153,1
36875978,5
8139721,0
17949475,5
27473526,1
33394238,5
27088991,2
22854756,0
14793687,3
29893688,2
8044737,2
36563878,2
31683721,2
17277002,2
30885351,1
13532531,1
23170764,5
26928672,1
10525903,2
8615256,4
34846130,5
24546073,5
27928704,5
39128713,5
17405682,4
39623506,0
9249151,0
39125370,3
14292636,4
27276135,0
31233040,5
14303376,0
32022158,1
32916313,0
34580878,5
1096912,2
29036924,2
27669791,1
24483050,0
7400601,4
26568207,0
35958075,1
19620736,2
25230392,1
34009393,4
33020520,5
28680636,0
24709023,5
21310559,2
7427898,0
9636617,1
6620471,5
35317410,4
24416500,3
15768483,0
33855901,3
21009439,1
37510761,2
9365928,4
26029436,0
38150251,5
30009896,0
31056070,5
6661005,4
40118638,5
28884140,1
14840524,3
28023996,0
18242617,5
34994083,2
34504970,4
14589642,5
20244774,3
8903730,0
32917290,2
33449775,2
21746750,0
3077740,0
3776627,2
12698834,1
38414292,0
26188677,1
31692262,0
35220342,5
9224895,2
35759806,2
26049590,3
33582653,5
28902308,3
33545642,0
18926102,0
14591568,1
32245625,2
3005632,4
20835977,1
19532402,2
34838140,4
35000152,2
15468709,1
29439183,3
25357667,2
8646496,2
21307944,4
34705880,0
21529266,4
13093951,3
13540144,2
31041670,3
29963144,1
24176012,2
39135330,3
12395796,1
4340607,5
19783631,1
24550084,1
36297617,2
39419932,0
26859795,2
18168978,2
25085908,4
26614724,4
38532522,0
39062891,4
34470501,3
17689806,0
18170128,3
2793641,2
37562391,3
39080153,2
20388759,5
34683427,3
34009322,4
31791501,2
11269862,5
22212893,2
35488997,5
37542700,3
30068807,1
21463062,1
23523398,3
38079916,4
21758560,5
21976154,2
19570800,2
8669123,0
27578027,2
39378552,5
38876816,5
39526716,0
2677545,0
6639247,3
2461320,0
33203366,2
39455997,2
28420441,1
16301318,0
17735077,0
176213,5
34093098,1
24027277,3
1517959,1
36364346,2
39629393,0
28208298,4
38352565,3
20171117,2
9365396,4
6877326,4
38531078,3
9651940,5
38069516,4
30542984,2
33794115,2
39290901,1
37871296,0
1970495,3
4140634,3
10407790,0
16241708,5
36303761,4
31695693,4
38491318,0
6009862,2
31417156,0
28641721,2
18967965,2
17722989,0
3497578,5
7873400,1
36511052,0
19324733,4
39375878,5
31375045,5
33580750,4
39635698,3
31251445,0
23319340,2
22692295,3
11218928,2
22162152,4
23767690,5
32818056,0
33856103,1
12877534,2
20021441,0
14204303,0
16235514,0
20622583,1
13619752,0
25754855,2
27131294,1
32424670,5
9338157,0
28914578,2
28072387,5
39839026,5
39032830,1
7715501,1
18732942,5
34394900,3
40079837,1
21323878,4
13342802,2
6712984,2
36846761,4
24207916,2
39926952,0
39545906,2
3745724,3
17814913,0
23558111,2
24352116,1
9813862,1
26578316,0
8352513,1
23723869,0
14483768,1
11312872,5
32873268,2
2209125,3
22392692,5
7180857,4
38591436,0
35828760,1
30116396,2
6719484,3
1781554,0
5079094,0
19987323,1
268930,0
23943379,0
2018058,0
28724610,0
10982705,3
16230984,5
18779313,0
14838061,4
26539279,2
19719616,0
36943197,1
37402550,2
13479337,3
2335384,3
17223852,0
31465199,2
35673914,2
25229272,0
1507082,0
10109700,5
27100961,3
27639037,2
15052142,3
24876329,3
1425414,0
32938487,2
38720527,1
32589475,1
3435589,0
7408865,2
27751072,5
19353484,5
37325888,1
27644360,0
14991002,3
13418172,3
18162709,2
8933877,3
13019617,1
35074011,4
21112129,2
32436723,3
30422726,4
31684873,0
3929646,1
13332872,0
12133144,4
36104412,1
38740215,0
767881,1
14167352,2
37155730,4
8217583,3
27073552,0
1228722,4
34937807,1
35369711,3
32719324,1
23350328,3
39926937,3
39661198,5
37647771,2
29267284,3
36429647,1
14600619,2
6307296,1
30963913,2
28506885,2
30174906,0
9200389,0
1321828,3
33177324,0
29936695,3
8668793,0
35235088,5
15263102,3
2571450,3
38327807,2
19621726,3
34232269,1
14140756,5
38248866,1
1848371,1
7962304,2
12023135,3
39529616,1
16252574,5
39846780,2
33503176,0
6500262,3
26276371,4
35356714,5
37619002,2
39093250,2
19573716,5
34382376,4
34316553,2
39989384,2
24581098,4
1059253,3
9578465,3
33240295,3
36924654,2
24447287,2
20352157,0
39832493,2
34866575,3
37097366,2
26018420,2
13635348,1
37549771,2
1423345,4
7686704,2
24985507,0
28905112,1
21467374,1
24846049,2
34540919,0
35373245,3
37979749,3
3116401,3
20189051,0
15757461,2
942902,0
8938442,4
26042559,0
8746883,4
37716415,2
33775255,1
15725653,0
29743329,0
2306115,4
26057115,0
11801025,2
37394390,1
23467014,1
15629098,0
26459760,1
18368057,3
40040427,2
24959164,2
29644569,5
1194963,3
10287021,0
21006124,1
25667722,2
13650214,2
24944627,1
24792462,2
34103338,5
11864673,2
12948964,0
10234999,4
32384312,0
25617039,4
21851502,3
14153210,0
15957484,5
17960441,2
24940797,1
17030445,0
23203947,2
32400719,1
24455553,0
17030238,1
31213869,0
15953983,2
26213710,2
24646461,2
3275324,2
21603353,4
10466207,0
34851614,0
28013560,2
15072736,5
4006854,4
24755006,3
10650089,5
13032183,1
21855359,2
21466351,4
21791164,3
31560850,0
20859954,1
21387655,1
10150041,0
34434302,2
20023867,2
35858347,4
36020644,1
27538818,0
26835407,0
37175279,5
38174116,0
19985560,0
7816363,0
1422880,0
23836903,0
25127701,4
12977174,4
17742673,1
9762157,4
29039643,2
15136435,1
31639336,5
24828629,3
36289389,4
34259746,2
38440700,2
10115022,0
31633091,2
26222641,5
35999535,0
13105915,5
29047600,0
26848795,0
3336087,2
34358808,1
17389932,3
6517793,2
4304837,3
39862281,4
35248068,0
11461044,0
11620697,5
9930232,3
32213955,1
32590746,0
26949273,2
26422594,4
9378772,2
37952055,1
28111696,3
4647037,2
23658776,5
35392217,1
29292076,5
39729787,1
18150043,4
11386562,0
11346002,2
32117949,1
16112688,1
38923478,4
22203635,3
7880180,1
11360479,2
919056,2
31922961,1
39238400,2
11329035,5
13259617,1
7458963,2
32767394,0
25017859,3
28442068,2
39864134,2
1313362,3
35204676,2
17986923,2
38365804,1
16308137,5
33432532,2
14168835,0
29069252,2
20914828,0
15225252,2
38137480,2
30644006,1
32685907,2
2418172,2
13940269,0
7785831,2
5743291,2
36988699,2
3000612,1
11375605,2
34870270,3
20345385,1
25822029,2
14608973,2
40095632,5
37691169,2
16995108,0
33878095,4
40001700,4
31844342,2
30195729,0
21970970,5
23659275,4
5579154,2
16338558,2
20882048,1
39053681,2
26380306,0
17348649,0
30125544,0
3877454,2
28990576,1
17870242,2
29349228,2
34159495,3
12282418,3
19524129,2
24461135,1
17627389,4
39803746,4
13001000,4
32313415,2
5367875,4
35371811,5
32774160,2
17734946,4
2901633,0
20832171,0
28092806,2
31052706,1
36628948,0
29322580,2
20925137,0
36636255,1
31584288,5
11954561,2
27406557,5
2917898,5
38967833,4
29847305,3
4246377,0
16594246,2
34244451,3
12846507,0
18122309,0
15515920,0
16069906,3
14289910,0
19738465,5
14513936,2
16417324,0
20858336,0
12409862,4
37843926,2
4996376,0
33176051,1
36902418,1
31255764,5
27353978,0
2853483,0
31778213,5
10200824,0
10171343,3
5367582,3
33515478,3
24747544,2
29041438,5
9982235,0
14678270,2
26428904,5
31927036,0
37532647,1
28860660,1
17789071,2
10432432,1
30867061,4
15467950,0
23935840,5
19712318,5
38780181,2
33554977,1
13201532,4
14400463,3
30148587,1
37585147,1
33153558,4
23988853,1
18721066,4
18437284,1
4170031,2
23548328,5
35919814,5
32054329,1
23784271,2
25697459,1
32337026,1
17569512,0
29517513,1
23072544,5
9243434,1
33103115,0
19188784,3
21062892,4
28247807,2
39172575,5
17822135,5
29330485,2
1150144,0
14742382,4
7719419,0
18489180,2
16701517,2
9612484,4
29469704,1
25923532,2
38564912,0
37570913,0
24635394,3
39230230,2
2833531,0
30773953,2
16136979,2
39339743,2
14955100,1
4937163,5
22865642,5
10904521,4
7051791,2
17793194,2
29091640,0
12587915,5
8485678,3
38344264,1
35149889,4
13823275,5
33244249,2
6798312,1
31339001,0
16396859,2
34225839,5
7655784,4
23406215,2
26071034,3
8758666,3
25597958,4
16489292,0
28571741,5
19008260,3
22139333,1
9390310,3
1096476,5
25943870,2
21169031,4
18783962,2
23305250,2
19204716,0
29694843,1
26673342,1
36169566,0
37184039,2
19136347,2
10775817,5
19583217,0
13395610,2
39836011,4
22597684,0
1985856,5
37391177,2
27471109,0
37212155,5
39493229,5
27190492,0
13545839,3
40115154,2
22551461,1
29671704,5
13105729,0
5887387,1
36032623,0
33981799,0
2515814,0
28627191,3
23110550,0
37028655,1
13893117,1
35066413,5
39889635,5
31146283,4
32370047,1
22456765,2
27744307,5
30643505,3
5614144,0
37442852,5
1133371,2
6157367,0
4272970,0
38589183,1
7979714,0
19555680,5
39344371,2
33799132,5
20104999,5
3790848,2
38426303,0
35118216,4
5480354,1
34163770,0
35625498,3
32100314,0
8362510,1
10873368,4
13663591,2
394465,4
23910150,1
6260777,0
7285746,1
9068625,0
7397969,4
33982167,0
16776721,1
8716801,3
28575070,2
22130602,1
16344076,0
31442693,2
29466630,1
4918458,2
17884862,2
15494574,1
38241517,1
21738882,2
24364666,1
16172810,5
15282614,4
38218091,1
30071849,5
29940869,4
30432228,4
5703456,1
19356736,2
37694908,2
35503922,2
3267081,3
21842885,2
3893576,1
39775055,2
12341468,0
34336511,2
25233749,0
31273995,5
32640029,3
11109458,2
24382417,0
34386971,5
12616074,0
3576071,5
18675471,2
28890220,3
9480436,2
4352244,0
18562350,4
26930593,5
39030037,0
15456475,2
11976498,1
21337090,3
39870912,2
31544489,5
37886596,2
5022237,4
30442794,2
24159654,0
20301338,3
39580066,2
31775295,3
39168281,3
18544396,2
15072405,0
36312767,1
39373397,0
34671217,2
38644532,5
14593515,3
18671938,1
38876353,5
28503770,2
22785484,3
776120,4
26978095,2
14701608,1
4909398,3
26193999,3
23668043,2
10947972,3
32232708,3
2945594,1
32791687,0
33991705,2
16413414,2
22796294,3
16044801,5
21708369,0
19701789,1
39377195,5
37624798,5
27709348,5
28347722,0
5426723,3
9247582,5
16621351,2
24540326,1
32643009,4
30525413,2
36707541,1
8258734,0
17389057,0
14453068,4
32843082,2
34909369,1
10129959,1
37976551,4
17350168,5
23017625,5
26288380,1
36297912,5
30960177,3
39118308,5
30514853,0
2918454,3
991926,3
2270345,1
24251959,5
4287019,3
25104372,2
29065318,4
32021975,1
39760579,5
18446522,0
26150337,1
26609824,0
21233089,4
11012981,5
34657183,5
26243592,0
38060292,2
12138691,2
18682965,4
9015248,2
39509696,1
19639939,1
35874743,2
9249717,2
34939609,2
26761734,2
1155566,2
14151657,4
13976836,4
35140147,2
32496906,3
33704925,0
38592324,2
33810617,1
14292271,1
1447422,1
13592166,0
7416170,2
24505638,0
24350967,2
25254093,2
33858344,2
35130192,2
33596363,5
36635607,4
26141287,2
21303510,2
25121535,3
4620009,3
34930305,4
3188925,0
34880843,5
7295639,2
34972485,3
26449835,1
25926384,1
24357358,1
25566781,5
28875296,4
16198539,1
33363622,2
20092850,2
34100440,2
13068551,5
23377182,0
11144819,1
29829728,4
21999810,1
30777897,2
34473682,2
31778444,0
9959769,2
21597071,2
32848603,0
32595980,3
31692269,0
37896509,0
23119031,2
37592168,0
6445508,2
36675489,2
25228175,5
31867543,3
24685790,3
37480487,2
33583757,2
35124724,1
1713078,4
38454914,2
21833348,5
25955833,3
17527869,5
13021743,1
6401167,0
11322250,2
21614941,3
38669125,4
29740808,4
39525993,0
36473744,3
32022971,4
38077925,4
39862663,4
21240195,5
25656715,3
30732102,4
19551589,4
25603555,2
32519153,3
7381089,3
1048831,2
2938405,4
30101979,5
26812617,2
16920504,3
26686002,3
26502641,5
844110,2
37507943,0
7744471,1
14801778,3
2539599,4
29526088,1
19391849,2
37901929,3
30577796,2
11822879,4
37369923,0
11579930,2
31426106,0
22148724,2
33085258,2
39630188,2
23388749,5
5461814,4
19199540,0
23301256,3
36736348,2
31851353,0
14589625,4
27832423,3
25693930,2
38839174,5
39662918,1
1024529,2
10344854,2
13307120,3
17534435,0
21210451,2
34758779,1
19847465,0
24313201,3
22894140,1
30873981,0
15537745,1
26423034,0
39990133,0
4845913,5
34402713,2
23490643,2
1939228,5
2597827,0
36653465,0
38961709,5
34045568,2
18469715,0
32774981,1
13269936,4
28282997,2
35917953,0
39827247,5
37062466,2
6298940,1
1913613,2
36963076,4
138029,2
1044473,4
39645125,5
22747235,3
27790801,0
24899772,4
9501894,1
30009171,1
1185775,0
37962113,2
15092537,4
38212118,2
2574080,2
12036146,4
29493591,2
19644702,2
33626444,5
26600753,2
22846098,5
20069835,5
33678423,0
18477414,5
19621955,0
32980633,5
1871549,1
31267366,4
35101770,4
39923023,3
34131285,5
18979658,1
25449946,2
17339827,3
17225638,2
13420988,4
34427964,3
34171491,5
31161500,2
25334334,5
11362692,2
26861897,1
18557407,3
4466489,4
2596069,1
37396527,3
30495979,3
39586613,2
1845681,1
15864353,0
14148210,0
4579908,1
7191337,4
17433910,5
12453279,2
34526854,5
16040469,0
34292007,2
18894808,1
3435900,0
7366528,3
24628959,1
25451348,5
30244246,0
17155055,0
30353714,1
34435503,0
32108070,0
29986194,2
21578785,2
20271383,3
17386487,4
26716140,3
39819858,5
38962479,2
3886667,1
36825151,2
8069451,3
36422107,1
24196875,1
3056830,1
35191690,2
15605379,2
11638158,2
25573056,0
33316051,1
28308648,0
39613065,3
32546786,1
3956181,2
31651906,3
36043095,0
29236813,0
20276508,0
25273690,0
19833393,1
30957509,0
1279032,3
2504907,1
5593636,0
18389618,2
24619629,3
36169142,5
29621275,4
30461969,1
38288412,0
33055718,0
30929411,1
25789302,0
11391700,3
13207678,0
4118409,1
14825910,3
36926140,5
15487848,1
23642478,4
30409140,2
17844905,2
8805290,0
38622681,1
39408090,5
11326748,3
34292116,3
17518827,2
18093619,2
26854678,1
25604949,2
8412665,4
6116345,0
24648045,5
30515773,3
33790854,0
23154242,0
23876588,5
18308786,2
22975308,0
21802708,0
38666744,0
39924168,2
31297859,1
1781617,0
37632845,2
25436589,0
21319384,0
36973331,1
37510460,4
6090275,2
28766248,0
36568646,4
28394666,3
18881929,4
18634650,0
34621952,1
7629541,0
37148487,2
8274724,3
11263420,0
26680590,2
21564357,0
39508166,2
16968080,3
12092518,4
34123018,1
27862402,2
34954149,5
19403772,0
27391977,1
9765718,0
29324236,1
30911872,2
13460463,4
10997254,5
7720828,3
25705141,1
35657681,4
35609318,3
38915997,2
29343051,0
26395491,1
25898403,5
18540563,2
4712929,2
16960638,1
13256991,1
13530998,0
22370287,1
31115347,5
8092695,1
24068412,1
9667546,0
37335408,5
9522627,2
28065526,1
12334925,5
13595674,2
28265410,0
30386392,3
7943385,0
13366058,3
20258986,1
19961428,2
34960516,2
37572745,2
6089078,1
39416667,0
9543287,3
18388670,1
15282424,4
3522739,4
35477813,0
13854347,0
16554999,2
24563761,0
25590762,4
31039111,0
2674437,2
22599657,2
28905584,3
21948376,1
40050201,5
4239205,0
22135780,2
38377047,4
31718742,3
34612569,4
302651,3
27872594,2
38156661,2
36452533,1
23053626,2
35655569,2
19811064,5
8230315,0
27345237,0
14078207,4
36907965,0
14063387,0
29573986,5
33993149,0
11025222,0
34337107,0
22665380,3
31265043,4
13618483,0
34529417,2
10184591,4
6714151,1
27065652,2
33833224,3
28333629,0
2400504,2
14804029,1
8661166,2
24639437,2
20004428,2
37402372,1
34732872,2
37955423,5
34564057,2
34011723,0
35061261,5
16598551,0
13067910,3
25145847,1
29380403,2
25334845,1
29852233,5
28348866,2
20134387,5
5790761,5
34148280,5
4170238,2
32577059,4
28403675,5
30444019,1
26067692,1
7577410,0
19320203,1
21660981,0
22981402,1
15805619,5
14070197,2
7161856,0
6602390,2
30371752,1
9039897,4
31516951,1
38881305,0
37604437,1
2986258,3
9773817,2
27677232,2
38258257,1
32419535,0
37195112,2
34806837,3
5283506,3
4992968,1
39143817,1
7530207,3
34226403,0
4433324,1
34394228,5
22211981,2
35106426,3
11678180,1
33234089,5
26289424,0
38104602,0
16389460,1
28111392,2
2204914,3
26405239,0
30146532,5
35459362,5
10954544,4
11491251,5
12494181,0
28532973,4
28684511,3
28792202,0
39865416,2
34935100,2
22569579,1
35082895,2
10567642,0
24111681,2
34364449,1
20428890,2
17909600,3
28307566,4
34397613,2
12454096,0
19802624,2
5576005,3
39981340,5
18240964,0
15531687,2
30447779,0
7230462,2
29832301,1
14972773,2
5015269,3
14916403,0
32733241,3
17270007,5
37159153,2
17960207,5
24788061,2
20208929,2
32129419,3
28675435,2
33687486,0
31033688,4
32303213,2
38461638,5
36228334,5
30967765,0
34287296,5
8594549,0
36058524,1
28289025,5
5251808,2
28910285,5
18261850,1
29158838,2
36420994,2
30072367,5
25691780,1
30407543,2
26127280,0
21471512,0
23401303,0
33715362,3
15754878,4
32718180,3
21221257,0
17681547,2
10893340,1
33338174,2
20055613,4
9526358,1
29377133,0
30263087,3
27836705,1
38818981,5
23284653,1
25669981,0
21060097,2
33733326,2
37473108,1
9886494,4
26384129,0
38040300,2
31356535,3
39986053,5
884650,4
16927288,2
21556126,0
39555057,2
28520825,0
13749252,2
31716211,2
26825058,3
16307326,0
14258984,2
36223325,1
214852,1
31501557,5
37735245,2
40063930,0
21002633,0
39197011,3
28581948,2
2383645,5
15998653,2
10738560,3
18704206,4
9715171,0
17960296,4
21018411,4
20101524,1
24267747,0
28094392,2
34844633,1
1978586,5
3904389,2
8195915,3
9458870,2
34130186,0
26637415,1
38125231,2
18257400,0
27681823,2
36650561,4
20962497,2
26447915,5
2577252,3
34948928,0
20813231,0
33075778,1
18216372,3
37592721,1
34706274,0
16333213,5
37975672,4
27781812,1
39697145,0
21679388,4
34448867,1
4938723,0
12416394,1
24797311,0
14951676,5
22756645,2
25954395,2
28260465,2
17138762,1
275541,3
11013911,4
13572383,5
30413361,2
32838874,0
35180764,0
22598334,3
33550048,2
4838305,3
26776824,5
7668204,2
18263136,0
30514396,5
24499609,2
35440188,1
27004842,5
32040422,3
24212789,2
38385360,0
18156139,1
16553405,2
19441591,1
39003704,0
27810981,2
38490811,5
39249169,1
37901679,1
35085809,1
31676713,5
33115343,5
30495337,2
23119782,0
31283429,1
27625363,5
11130339,1
11009691,0
28619838,2
21406887,1
27735478,0
39544553,2
35512132,4
9628489,0
32848546,0
32001927,1
2445823,3
34818832,1
17530308,0
19747369,1
25771916,5
19956141,2
29845531,4
39074285,1
31060614,2
33336813,2
36709684,1
19624035,3
22569789,1
36634795,2
24310242,1
18840949,1
34296617,5
34992439,4
25561186,1
38490937,0
24021065,0
36642691,3
3168096,2
11603845,0
24233477,0
16098394,4
13591170,1
33913886,2
32932591,2
32918757,0
7240382,3
22074536,2
2613527,0
19575943,5
37408129,0
37150067,0
10112680,0
21465445,3
30894616,2
17414040,5
34467962,2
39743507,3
6467651,4
8444354,4
17980967,1
34759585,2
21670747,4
30433960,0
32170059,0
6211110,2
18280988,2
7887785,4
5122372,5
12805370,1
32175329,3
9810217,2
33928830,3
9151464,4
33333778,5
35269374,2
38755111,0
8317951,0
19225347,5
20322465,1
35168870,3
35674651,5
35764509,3
24186569,1
35842598,5
34441624,2
31959379,5
38123480,1
25740582,1
8495367,1
15690016,1
5771376,0
28486832,2
31257955,3
20456860,2
33071046,5
39487769,1
1408277,2
6564004,0
1643265,5
7700545,0
28904750,1
37645965,0
38455492,5
17187564,3
7489390,4
26959189,3
24984545,0
30647460,5
14183533,2
28975667,4
27444181,3
18536349,4
17603678,5
18237343,0
31527844,1
11803121,0
28874556,2
24541083,3
38946492,5
39334586,2
9700396,0
14008494,0
20461790,1
16779411,0
34312193,1
19185762,0
13892929,3
21515771,0
20172475,1
497654,3
5480716,3
7470609,4
18177354,1
35990732,2
31464555,5
28566731,0
34001149,2
37193487,2
38846874,1
7395542,4
34954461,0
457207,2
23324690,2
33384406,5
34953853,2
17763862,0
39492524,1
32022401,4
28457805,3
23546312,1
22022820,2
19968065,5
24253977,0
15801883,0
26859291,2
28513604,2
24923536,0
30023913,2
12980500,2
18947938,3
32873021,4
34381370,1
793341,1
33089459,2
11986196,3
16990684,2
35195719,2
28870163,1
18827170,2
14157624,5
30158811,2
30177884,2
34144034,2
36466954,4
14568528,2
26242482,0
23594465,3
33149967,5
1817780,5
33231494,3
32693114,3
27461479,0
35481540,0
13735422,2
37052727,2
39715909,1
14222543,2
10351645,2
34207321,4
30421325,3
32405620,0
30415205,4
21077503,1
39639342,0
33371349,0
15114616,1
39742893,2
8947977,2
8751438,2
21199497,2
37560786,2
21463344,0
20650074,4
38595400,2
28845428,5
15614676,3
12714760,3
17846613,5
17037300,1
28967592,4
31016654,5
27813466,4
22339166,3
27128290,5
19409606,0
37658127,5
33870862,5
7544424,1
15009332,2
11998613,2
11047105,4
36508616,2
16070535,0
20956671,0
25417911,2
36358204,3
13808428,0
2497525,4
10081942,0
27698386,1
28314173,3
4504470,1
13675440,4
22394864,0
31890061,2
3294349,0
14078588,3
12134341,4
18510790,0
38730487,1
33018028,3
36472681,3
15357800,2
3582737,1
4355762,2
22119244,0
19870735,0
33914978,2
17401944,0
10836276,3
12867263,0
14825988,2
3268198,0
35526867,1
13906343,1
27051188,2
24363130,2
11792629,2
7056204,4
1950781,4
32648010,4
33572130,4
5957211,1
30627923,0
21034367,5
20572303,0
11454264,2
33293518,0
18309140,2
20845778,0
38579190,1
37669256,2
29852498,2
14133098,0
28676374,2
32407613,2
22640898,4
38444110,1
24769117,1
16310803,2
27927103,2
38003626,5
1596440,4
37045347,0
27369538,0
39737026,5
19363736,1
38209719,5
31678327,2
33656724,3
4528667,3
19485768,2
17099458,2
26365369,0
34646042,3
38508564,0
21017652,1
34744863,5
12453595,0
18927786,2
6022450,3
19649788,4
35736217,0
28702673,4
23420669,5
19713844,3
31954507,3
36680695,2
25477528,2
16875404,2
20957949,3
22392823,5
36690433,2
31625792,2
9941766,4
28452361,5
6328530,3
298782,2
33724611,2
22290508,3
2105508,1
27654433,2
14324069,4
9718054,3
30647866,3
35328941,0
26046023,2
39833902,0
31095811,4
30339847,0
17200385,0
34689852,0
31229728,1
28962403,2
28369852,3
31862169,1
38336938,2
34418881,2
4424283,2
32652485,2
35329135,1
25984025,0
30987118,1
34990179,5
29808355,5
22277318,0
19219017,2
22576312,2
38080070,5
36939157,3
4881312,1
2846416,1
33137686,2
36222823,2
39013431,0
32795354,4
28664221,1
26233925,5
16989736,0
31508846,0
27305221,2
37982004,5
36724955,0
1590474,4
17800897,3
39580473,4
1290515,0
31375022,3
18974810,2
31937190,1
35631923,1
11437350,5
37898559,3
2121036,2
23157481,5
25928390,3
2276768,3
5567922,1
14757054,4
11819188,2
19862948,5
837256,1
36763438,2
33454243,3
29357326,2
19900279,4
33321545,0
39498729,5
29773480,5
24871914,2
12632323,1
6645661,3
36612832,0
30465013,3
31793746,2
39538873,0
33282823,4
15880644,2
524714,3
21912859,5
28678351,5
20676849,0
22598561,2
21150761,0
15958917,1
7217715,4
28892261,1
27715515,2
441397,1
11752371,1
38919877,2
28884265,3
6731345,1
37563363,1
8065913,2
31481689,1
36169473,2
3302020,0
11473206,5
38900235,0
18391977,5
33956029,5
17313970,0
19059360,2
16898086,4
23124248,2
15190228,3
4019639,2
18288757,0
38129624,3
39312553,0
25515288,1
18440526,3
33860317,3
26866493,2
24085711,0
23395354,1
14517343,2
38975664,0
11143827,1
29964585,2
35822251,5
8158937,3
17472124,1
9667742,2
21455021,0
7859775,3
22336460,4
13542276,4
6802877,2
9074230,2
2081281,2
2576715,3
39548864,4
19078325,5
36377396,2
35949412,2
37577127,0
23404222,5
25518023,0
34830738,3
39422242,1
16469758,0
21799191,1
25691951,2
23444858,2
2002357,3
13423216,0
36393450,2
28366550,1
38542419,2
36619631,5
17665809,2
2196693,5
28669288,4
38886251,2
31988553,0
22043498,0
28263073,5
24768802,2
34291543,5
25430789,0
28335638,2
15177705,5
7751132,0
33139230,2
16750493,2
36342078,3
38175765,0
12739111,2
34833138,4
23955382,1
37351357,5
35615971,2
30201431,2
35698927,3
40074004,1
34888742,1
9931998,2
17377452,1
39616931,5
38043658,2
1554362,2
36271449,3
26165180,5
4901861,3
24265971,0
5568926,0
37535037,5
38225583,2
18995063,2
16984061,0
23392820,5
27584206,3
39600006,4
23747592,4
2181708,0
30576628,5
24106209,0
36640174,0
33740811,0
10445666,2
39969219,0
20156053,1
31939916,0
31541758,1
4519736,4
10392921,2
39479732,5
39811720,2
38113711,0
21141858,0
37515847,2
21233233,5
27409727,3
19783404,0
36522120,2
3862129,4
21805472,2
20530921,0
35821271,0
22723022,0
36188226,0
7911098,4
36525020,5
23469008,2
24039132,2
29295654,1
33726160,2
31830429,1
32858537,1
21996710,0
25633995,5
24930018,5
22014220,2
33341320,3
2482926,4
2938519,3
29330283,3
31816058,0
25598093,5
21743057,4
37400140,2
33713201,0
38912563,2
21215421,1
2398299,3
28798781,2
28719127,3
1547856,2
19104580,1
32492518,5
10320096,0
23696705,1
3207177,0
16617136,0
20691359,2
25575579,1
35387280,5
2525233,2
32754496,0
22024456,2
30870072,2
31855048,0
16968226,2
19613750,0
31793540,2
13287459,2
9949974,5
7720728,2
14519082,1
14531396,3
15477857,5
1893867,2
39600379,2
12241499,0
6557959,0
28706967,0
5311669,2
34483081,2
26498337,2
13961930,2
28989191,5
38782072,5
5684471,1
23819310,1
35344985,0
23959889,0
3553088,2
26752933,0
11041405,2
37386499,2
33672751,5
18309258,2
38484277,5
29356076,2
7215320,1
39571245,3
6816989,0
30503613,5
18745743,1
1908653,4
6698554,1
26189847,4
19684434,2
30997347,1
24642156,5
37313690,1
27555590,5
3052534,1
7427984,1
10324015,0
19869123,3
33604725,4
39307190,2
16662104,2
19612209,2
37576006,5
20848222,0
25041319,2
39647480,2
7958031,2
39023504,2
25030037,5
39151545,2
31610677,4
32618304,2
37517873,3
34583471,2
30457162,1
40088902,3
35611874,0
11005072,3
38255066,5
37522919,3
20403968,1
32511131,2
501626,0
35860839,4
22784890,2
20546321,0
23181442,0
2336423,2
19465847,0
25346036,5
15539260,0
35592406,2
33976504,1
31617562,4
34817416,2
31504591,3
34623846,0
26306975,2
25623295,2
10054880,1
36448960,3
22138648,2
9111730,3
19664587,5
30282504,1
31863076,0
30992316,5
21822592,5
27183036,1
29529074,2
31819393,4
17915850,1
34983043,4
36294317,0
31121547,0
27080100,2
15898817,0
34967236,4
15136392,0
26974838,4
34971201,2
19382013,5
33959124,5
4946596,2
39095435,0
35414834,2
29917232,4
27081877,3
13781563,3
12311310,0
13639444,2
28073132,0
21396414,2
12705527,0
3848954,2
24126240,0
14618100,0
14147175,2
9282149,5
36500348,5
40138085,2
31867193,0
29662590,3
7856843,1
1550707,2
27878137,0
36064812,0
37711337,3
21597469,3
32919383,5
20187219,3
30180445,1
5414241,1
38543898,0
5579407,1
17312276,4
29377730,2
17874297,1
29361314,5
23771759,1
24235921,3
14469329,0
21449763,2
24233385,2
39083524,0
19818927,2
34393141,3
38400028,0
22234428,0
39523665,2
37667765,1
3153427,4
25172341,0
11594100,2
9643268,4
20132108,2
28457469,0
20979261,2
34343132,2
11104180,4
11615878,1
35923958,4
8436373,2
34145556,2
6589225,2
24399772,4
33600230,2
21642748,5
39149117,2
5472501,3
24602117,1
2664944,4
32641051,2
34358173,2
38040071,4
22329224,4
13536118,2
37443169,5
34030215,1
29227351,1
25826979,3
18080746,0
16890899,3
27587250,5
12381785,5
32977809,0
18500998,1
8402800,4
38672638,3
8376270,1
26059821,0
33571348,0
8492443,2
35827853,1
3458830,2
19671082,2
35330850,0
30051051,0
35484250,5
37354574,5
8168858,2
13122656,3
823030,0
23183105,2
6773584,2
25100531,0
38489075,2
26811694,0
20043897,3
9566060,2
17605962,4
3964378,4
17687019,5
24958806,0
25796130,2
34030196,0
13855617,5
32335800,4
15745457,2
18462785,0
22775392,2
29632784,3
20685797,1
23913962,5
29428894,3
33103802,2
10208814,5
24167933,2
4965114,4
25647546,5
872119,2
1264472,1
6880096,2
36577025,1
37988388,1
39476732,0
23542526,0
29049621,1
33991527,2
20363927,5
23767772,4
29267597,1
26974120,1
27758491,2
28145024,0
34745609,1
27926220,5
8380376,3
28508208,1
36432098,0
13861532,2
17199113,4
20538305,1
9742428,3
22517080,0
14637768,4
14904012,4
37404043,5
7949986,0
22893460,2
14024855,4
1383239,1
14351779,2
4868139,3
12095898,0
3375217,0
38085624,0
33823557,4
14229187,4
29928477,4
39876280,2
13330028,4
24307454,4
30513814,3
26186577,3
32326771,2
6649096,2
12204287,1
39504728,5
38550392,1
37085708,2
18712318,4
30616211,3
29364189,5
30838232,2
33605493,5
7459248,1
26434718,0
7943971,3
6479214,0
14172700,2
23431015,4
30878697,1
18259697,3
1916663,2
14648793,2
32177669,2
10889506,0
21148655,4
36044210,0
1416646,2
9574379,1
14601570,0
18590658,1
5559147,0
12964547,3
5218805,2
6880691,2
9949246,4
24123659,5
32768331,2
33907369,2
38910958,2
31411357,2
8539100,2
38162539,5
14422340,1
17433453,1
37060639,2
472977,2
24982793,0
19313966,0
28065523,5
29834213,5
18940735,2
20352794,2
12068121,2
8796655,2
8826965,3
34205310,1
20926076,0
40138350,2
36630135,1
13055727,0
11554145,1
16552738,3
26210417,2
29275353,1
18720207,5
30371987,2
6391388,4
38380336,3
25798730,0
29871243,2
24789269,4
11527290,0
14080041,1
34057783,2
23398445,2
39778235,0
23250726,2
30529055,5
244750,4
23108356,1
21943393,0
28044332,1
35330872,2
17489178,0
30918905,0
37387726,5
29447188,4
31631052,5
20361235,3
10656831,4
21938272,2
17737703,0
35819129,1
7488649,1
31617827,2
23133573,2
38791527,0
17958667,0
35441534,2
18945450,3
8991433,3
18704215,0
23062926,3
19670153,1
35281360,0
36285966,2
20039200,0
6019473,5
14398791,2
32238896,3
15316428,0
23841011,0
6839116,3
9098441,4
20642284,4
5517314,3
33859025,1
39535756,5
9303301,1
23126498,2
37297367,5
28310657,5
38255340,2
11469228,0
6587516,0
31317642,2
19290674,2
23274357,5
40072838,4
32995170,2
6451229,3
37810281,3
22234443,3
2656900,2
6879991,3
39071093,3
5094697,4
34306443,4
2900084,0
9793631,1
4574296,2
14504887,1
15166186,5
36456766,0
888550,3
32185442,1
12557794,0
17451473,1
9294530,0
15794038,1
10924339,2
7117443,2
38150311,1
20932840,5
35098258,5
36526319,5
8387546,0
29757126,2
35921527,4
18518038,1
31198020,5
39402445,3
19354708,1
19763848,0
34886973,0
20925224,0
25365633,2
2744687,0
30203964,2
19527463,2
5570981,2
1466732,3
4644025,2
24248970,2
21849878,1
19490542,0
35374660,5
30916782,0
33989262,2
24991795,2
24695878,3
38007131,0
30236122,1
1654922,4
23154105,1
7278588,4
12003010,1
7365531,5
27953895,0
35509525,1
21003069,1
33382672,1
33651043,3
2878493,4
31225489,3
26977618,1
16183401,0
26945199,4
26851328,4
35641281,1
18112036,0
25302172,0
24028749,2
29741887,2
24196876,0
35774902,5
12990199,4
4047735,4
34174416,2
4216489,2
29019628,2
21029492,2
35685496,1
19195903,0
37593961,5
35380166,2
19717108,3
20976550,0
25999821,5
31864684,0
3071462,4
8456389,4
31175451,0
10725642,1
1457757,2
39116123,4
30794080,1
26827391,5
13409559,0
25058767,2
31328580,0
39241346,5
32836815,3
17427966,2
35074387,5
9843741,0
35842022,5
30952474,0
7197199,2
34767215,2
35911736,1
13715876,2
38024104,0
1183643,2
12566151,0
36353016,0
30720760,1
19086314,2
10922319,4
17046073,1
39708136,3
14528379,1
30429321,1
1166503,1
12658870,4
8734673,3
19554900,1
31306519,5
29606432,4
28843083,1
21497126,1
30525160,2
19477264,2
1517418,4
36042508,0
3379032,1
3169099,0
27201271,3
38725032,5
8348255,0
10819192,3
19069701,3
22921751,0
31538288,3
25354904,1
8071523,3
33313401,0
26051185,3
20856893,3
37427069,0
18969358,1
17692948,5
17323218,5
4987383,5
6621870,2
4638693,3
33840492,2
37747886,5
31381789,3
26549455,4
24788711,1
33474341,2
2962571,5
26381888,0
1316068,5
29104107,4
29478997,1
27648476,0
20858991,2
11854142,1
15440115,1
30620681,4
21277064,1
37475963,5
39875609,4
31826814,2
5120071,3
39874309,2
33883242,1
6199666,4
11385050,2
12444942,2
34701693,1
13355778,4
22363566,0
27095692,2
27086004,3
31034691,2
33775269,4
36356685,3
20091484,2
24590405,2
8754145,1
22527108,2
38943800,0
2433616,2
14595302,3
30700150,1
34009116,1
18889658,2
32918762,4
35889238,4
8370966,2
29525047,2
39770863,5
31301863,3
27659490,4
28479968,1
31045908,5
32448939,1
29621532,3
19902998,5
26916827,2
37007465,1
34168775,0
38833362,5
4918425,2
35155897,4
31955603,2
28356518,0
18825178,2
4652893,1
37082554,2
39542635,1
4239896,2
28804450,0
17743083,2
19600545,1
19485969,1
30559865,1
3012783,5
16201655,5
20308588,0
19381932,2
16350653,3
28360182,2
14265539,5
28753396,2
34449473,3
33396256,3
26103113,5
12080957,2
34816098,5
28511175,0
28619452,2
16824581,0
22025260,0
6117868,5
11350249,3
36717603,2
16839630,0
33205437,1
36171867,0
32792008,0
26522997,2
27939697,2
5424942,3
21621463,3
38048098,3
27371972,2
19622408,0
16771391,4
23678466,2
22678143,0
34168415,2
37624186,2
20014302,3
35349920,4
39248753,5
34966059,0
21614181,0
30679192,5
36783700,4
38526289,5
30037941,2
30464454,5
34132368,0
18090731,3
38989667,5
34597093,0
26037977,2
33443748,2
38662656,2
29120431,2
30252693,3
4467193,5
27334949,5
33306510,0
21697867,1
1739566,0
30642950,2
26111370,3
16122128,3
2083504,2
36932491,4
15535897,2
18452707,3
11078916,2
35032417,5
34572330,4
31873553,4
5073903,3
38644013,0
30120924,4
296270,1
7983099,2
6783826,1
2780904,2
34489301,3
9322284,4
32539611,2
22927288,2
22895618,0
21875967,1
9216829,2
11602579,2
36731874,0
30366142,5
27477940,1
9047349,2
28642871,0
14351854,1
40064853,0
29751403,2
25761701,2
9739407,2
37686060,1
15957071,1
30280206,3
38208137,5
10885984,5
24651723,3
31883073,1
26442790,5
21443690,4
39939627,5
27770300,2
17529541,5
8809881,1
25968752,3
30176184,4
18895110,4
4499129,3
16301356,1
36007937,3
21781782,2
33525073,0
25171995,2
33124464,3
38043717,0
15749591,0
31444374,2
13832562,2
38069160,2
32616182,0
10747873,0
15240357,2
3680262,2
16903368,2
16312822,0
37557052,1
9818688,1
28429745,2
33832370,0
4641877,2
7477864,0
7985696,0
30643987,1
36062041,2
24846671,2
20228227,4
30573618,4
18383970,0
15878012,1
35769095,3
36428505,2
5050110,3
6838130,2
28838129,2
24041885,3
30645276,5
30941350,5
21526351,3
21551154,3
15037690,3
33537917,4
21440816,5
36287701,2
15417415,1
19485728,1
39453015,0
33381807,4
4341746,1
39936200,2
23751870,4
35215754,0
32106500,1
17393343,2
2083353,0
35839043,4
26375381,0
23163508,2
34366763,0
18908204,5
15055029,3
31152301,1
33879279,2
30628442,2
36572960,5
33302984,4
19514353,5
8069859,3
5395853,4
23634356,0
28507637,3
19060144,5
26388226,0
17583247,3
39792591,5
20063844,3
26618333,0
30752198,1
13416294,1
34417154,3
26752020,4
2753022,1
29359564,0
17473938,1
8409306,2
1325518,5
17768515,0
30224991,3
35993647,3
24088825,3
21223898,5
33683184,1
20316299,2
15154658,5
33136727,4
29290277,2
10709144,1
31303026,2
25332555,1
24285325,2
29372643,2
30614996,2
15484443,5
29378090,4
6716934,1
18281767,5
31836211,0
29487282,1
14400993,1
20910616,4
18047232,0
34178840,0
13649316,2
33068690,0
24646139,2
30070358,0
14855014,3
40060461,2
34839146,2
3852190,4
27439431,2
39131559,5
15623738,2
17625431,3
5312487,2
11360744,5
7380629,0
38786936,2
18749121,2
35388647,0
7138076,1
3194018,4
21714285,2
37859823,0
38040946,0
21474964,5
32578083,4
31165588,2
32909787,5
24932245,2
37608830,2
39358958,5
26146512,2
22362736,2
9071438,3
36530293,2
22165610,2
1585439,2
19336385,0
14194997,0
5094351,2
39785543,0
30450646,2
36233330,2
30419488,2
17147446,3
22854904,3
30852243,2
27180336,2
1397799,2
21212287,0
31032509,2
27029725,2
26823026,4
25598942,0
37808567,0
39804652,1
2450593,3
22730956,0
29615870,5
23180879,2
27638005,2
26047801,2
636485,0
21573941,5
9882447,1
31134191,2
18476715,3
37316356,1
10251391,2
39296927,4
22885022,2
27380644,2
2522255,1
19827792,5
18354534,2
16034940,1
36412006,0
35978211,4
36365026,1
27456890,2
39128380,1
2799491,5
11159289,1
33534879,0
31424202,3
39784326,2
2358896,5
13956055,0
4065061,1
21571693,3
19611387,3
30854465,1
39318232,2
23395065,3
15401526,2
17455302,5
33856436,5
14371331,2
32792263,5
27184015,4
30605890,4
36114619,5
24417149,2
3441358,0
22501006,0
39529655,1
6087388,0
33099588,2
27368950,3
37058388,2
29105310,3
15889335,5
24290219,3
2951123,3
31947756,2
3183617,4
39832861,4
39127388,2
37454785,5
23790415,5
8707457,2
39975898,5
36526789,1
19138609,3
35276340,1
31841151,1
21339448,5
3964926,0
36462828,0
12234998,4
33321207,2
34532993,2
29357442,5
29934246,5
37205243,0
12719205,2
39335766,0
15304308,2
17844405,2
37512271,2
2808832,0
40118041,1
18622798,0
36826156,0
37397867,3
30953104,1
25080418,2
27577590,3
28006960,2
31325707,2
17824607,2
35964324,2
34062266,3
10943589,3
8646293,2
33103014,0
39047695,2
25798843,5
29450567,0
20394667,3
34849328,3
37531032,2
25483349,2
11802436,2
33977673,5
39666392,5
5297937,1
28522106,2
31943169,5
22426374,0
18570619,4
24842305,2
15340781,5
25282661,4
39906837,1
27063289,4
8783307,1
24142119,2
38517765,4
28701256,0
34411061,1
16344974,3
27695892,2
27895503,5
10590840,1
13752070,4
39514004,0
31623005,0
32922239,3
12680006,0
16892486,2
38659842,2
31003968,1
21607025,3
37235310,2
3918700,4
9433573,0
39378363,5
38626017,3
38021656,2
32731140,2
1265665,0
36002457,0
32386268,0
33777703,0
20394613,1
5000752,2
28514801,2
25360700,0
4621938,0
29214770,5
35380641,2
25005616,4
2017261,4
6402753,0
39209863,2
29333020,3
6080477,2
32030387,2
25962692,3
5543920,1
34567764,0
36292959,2
18172257,0
20503373,0
8762339,5
13781519,0
24920350,0
30832536,2
2143291,2
18935877,2
21020644,1
37195921,5
5268850,5
38005555,3
7551268,0
21001041,5
20278109,5
36461324,1
40049371,1
12335358,2
17792712,0
35647421,3
38234003,5
38068669,0
32723061,2
7096138,2
30554687,2
35532844,2
39289050,5
21976024,4
27434855,0
30488061,2
10650016,4
35811031,2
12186994,5
2651874,2
28788166,2
28013170,2
12301800,4
27767672,0
16446443,5
26326474,0
2462725,1
32428836,0
37784414,2
19434302,4
38318340,2
35323072,1
4371744,0
4685253,4
25589135,2
24863787,0
11241523,2
25896629,4
27531563,0
32799541,5
37195717,1
26904007,3
34481448,1
38394751,0
12163967,2
19646042,2
32896387,2
28254733,1
39231282,5
27744210,2
15166212,0
22158871,2
22598816,0
19718146,4
28405010,2
1682567,0
19491295,0
27911306,0
16467844,4
8960676,2
37287299,2
14985133,0
8177402,1
34955318,2
95642,4
33366221,5
22000086,0
34188248,5
29994589,2
35156353,2
21490504,0
35830675,0
39433191,2
27607366,1
5878830,3
28289978,1
25675640,2
35853661,0
13636458,1
3428014,2
28014735,5
31400769,5
16248104,2
25064353,2
37400078,0
32585153,3
33463635,2
21486261,2
10279778,5
33465118,0
31373019,2
37389174,0
37266065,4
35782251,5
31117393,0
18700661,1
20845835,3
37132810,4
38687134,4
18024962,1
11559062,2
35172692,0
12598988,2
20810705,0
25828492,2
11412132,2
27489463,4
22348229,5
9480419,2
22550304,4
38153772,3
38793579,1
5787471,4
18572601,0
23633605,2
32032426,5
23424515,1
34262734,2
38068880,0
36598728,2
24792499,0
15395610,0
34094468,5
18998568,2
1332853,4
38174216,3
16124630,4
28075472,3
34124388,2
7173872,1
39087245,0
8015867,2
26476218,0
12188648,0
7361078,0
18467244,0
3034014,5
2467013,0
7727087,2
13092807,5
38019688,3
38256369,5
19524383,5
9886150,4
19625101,2
28778340,0
16474522,0
564460,1
28661207,1
38410777,1
35606088,0
18238610,1
38188359,2
31487034,2
35259305,1
36339679,5
2036392,2
13658806,2
36944089,1
36421919,2
22561458,2
20382946,2
34682174,2
34262083,4
37206015,3
21535376,4
30069564,4
28532913,4
31117431,1
15059007,2
21346725,0
33745936,2
35922844,1
23460652,0
21767552,3
37400738,2
32417242,2
19365513,2
22674922,0
2956904,3
31223529,3
38066515,1
18298044,4
20503183,2
4002015,4
37351418,0
22371375,0
36854067,0
6713430,2
20730950,2
21865900,3
35184151,5
1800508,2
19351045,2
15819362,0
37845617,2
38256609,0
33543259,2
5886987,0
36530007,2
31291611,3
3830530,3
10860685,3
32217017,5
24079645,1
3134245,5
25989806,5
35978815,4
39905256,1
32539645,4
14104713,2
15101740,4
30903522,5
15841910,1
28855928,5
39709197,2
15855168,1
2610421,1
22232932,2
37051574,3
26123416,3
32171448,2
31266687,4
25494668,5
30482517,2
20555610,1
3173320,2
22309315,0
19502503,2
13333348,2
29640517,0
20715978,2
25832568,5
39627787,2
39875057,3
30743314,2
37253657,2
22199099,0
10113270,2
6791159,5
3892218,0
28064747,0
30272591,4
17452065,5
36087488,4
29462260,5
1030070,0
33698318,1
14059969,0
27517940,2
10312204,5
33445750,1
36289418,4
9685423,2
9810116,4
21992176,4
16698811,5
24843768,2
30790193,5
9519036,4
37730843,2
27080942,4
25762760,1
34231018,3
26688775,3
38925115,2
35000251,5
9135447,2
37745600,4
4792847,1
30154647,2
11282134,3
20932810,2
26896722,3
30024243,1
26005126,1
35374333,0
25101489,0
33945863,0
30636199,3
30724071,0
26101633,0
15053160,2
29579912,4
11859234,2
11336056,2
29800675,1
25232022,4
10524871,1
37265278,0
29100380,0
22332571,4
18695533,5
23867136,3
39238847,3
36285654,0
36941954,2
28444511,0
33904713,1
22348756,5
32470568,0
36335968,0
4817200,1
40126979,3
7688182,5
9549084,2
22846719,5
10825734,1
12316575,3
10554699,1
21301684,1
30633143,0
26923752,2
17135275,2
6687660,4
20749730,1
40136945,0
3772495,3
38876721,4
36627868,2
23358240,2
2204252,4
6199657,5
18429547,0
28269123,5
36315309,2
38557760,5
40024294,5
24611217,2
4422389,2
24877905,4
26402614,3
35069283,2
9172263,0
14557597,5
34517331,1
6722162,2
39471954,5
32531150,5
23513209,2
33470771,4
19914293,3
35637516,1
32638677,3
35747769,4
33832184,1
28049092,2
22438579,3
2712514,1
28422819,5
18751945,4
35634193,3
22166414,2
35388467,5
14554178,2
11561258,1
22947689,3
29595508,5
27882920,3
32076636,5
38999713,4
24266273,1
18155972,5
14562112,1
38884644,5
21322568,0
29042949,1
28857520,2
17232246,5
34865765,5
862173,4
35423750,2
32273587,0
20395691,3
28311358,2
15603755,4
36074091,3
3839426,4
39409170,3
23122362,0
3936957,2
17241211,5
17936384,1
11106483,3
21028819,5
10758668,5
21404885,2
33728792,1
15798209,5
25289887,0
15419912,2
37426055,1
3292752,3
32335210,3
16072548,2
35575055,0
18409760,4
18196811,5
25095920,2
32938494,5
32724828,1
3345530,1
5470985,2
14947165,0
13752988,5
29452228,0
36678063,4
7963316,2
10894532,1
32751193,0
23834390,3
30669337,2
11842490,4
38363640,0
29908066,0
29172029,1
39885520,0
34930745,0
16779648,2
36130820,2
23172293,0
38892192,0
37598507,3
26061814,4
9084455,3
12366607,0
14804908,2
37946458,2
38400732,5
1916009,3
7990235,0
33334606,4
21127880,2
38600173,4
8945370,2
26216773,0
36607540,3
28692542,3
21338635,3
33767122,0
17156911,3
32929725,5
2920793,1
7046842,4
33017452,5
35125752,1
19643993,0
13246694,5
35546994,0
31364140,2
38387733,1
16086821,0
8472282,4
28801216,2
13057742,4
12884638,3
11550435,4
30155345,5
31774230,0
12783422,0
37228319,4
34531416,5
37217773,2
28847824,2
9343180,4
20936693,4
29368331,3
10394659,5
36713290,0
26019085,0
33742583,4
37667046,4
39982981,1
32471390,0
7919544,2
34116081,2
26842899,3
33843812,2
39357863,1
35630305,5
36972714,5
24897906,2
39186169,5
35950231,3
32725922,2
9685068,2
30726029,2
38643131,1
22338927,2
11483509,3
38943625,1
24337416,3
8030721,0
12764463,5
18512981,2
32509815,3
39701507,3
27568663,3
16613751,2
33765191,0
27194933,2
36095910,0
30255112,2
37538116,2
39391007,0
30248469,1
14941097,5
7592592,2
11267446,4
35090103,2
10640759,5
27311199,3
27025389,3
22499057,4
20843135,5
27055218,3
9433283,2
34479794,5
21448794,2
14816700,0
5251066,2
27027247,2
34793998,1
5559349,2
32296887,0
10184048,0
39865329,2
16039940,0
32104462,4
37866575,1
32266039,1
36894986,2
17680544,2
17429159,3
9738518,4
7527413,2
34687313,2
22150395,2
27872058,0
9381612,4
16733109,2
39372340,5
34976515,1
39073067,0
18755466,1
12402982,2
27019740,2
29062616,2
34401121,0
31606420,2
3625897,0
36535673,5
20726367,4
28004974,2
14789930,2
35215095,4
27129880,3
652291,2
21472772,2
1609775,3
15980548,0
18066269,2
12250475,5
38025003,2
9781944,1
38647250,2
39478853,5
28810066,2
3525952,2
22894897,3
16010992,1
19694920,3
23999524,0
28192838,0
31893638,0
23142719,1
22234190,0
16515314,0
32521007,3
36573019,2
18753091,4
19413332,2
26658130,4
21954603,5
36662181,0
23684323,4
34261244,2
18108462,0
27925447,5
35070840,4
38754163,2
24638507,5
30116105,2
7698217,0
10964721,4
18612741,1
36344853,5
30677413,4
9950939,0
34622353,0
36255642,0
29489892,5
36701711,5
34822373,2
5162130,0
37284158,0
990016,0
2770810,3
39962277,0
34659109,0
16203874,2
22633139,5
19436365,2
18164415,2
5744977,4
35048921,2
18967518,2
6931880,0
28816496,0
16534246,0
12698843,2
12876172,4
35990541,2
29248280,5
23925766,2
16455636,3
4965342,0
11853725,3
33203620,4
18807743,0
17427565,5
30965974,3
22447572,4
24354311,3
35686058,0
18172653,5
27581683,0
16800375,3
11162798,0
33399106,5
12357043,2
3848829,2
20561778,2
30068995,3
27128688,5
4907924,3
37307421,5
912526,0
9520873,1
31017823,2
27769722,0
39604672,2
36634602,1
38615761,2
27542447,4
38284177,0
15796734,0
25792989,2
34107339,3
29837876,2
34571623,5
27731380,0
7629403,4
11911164,3
35015828,1
40136283,2
27378883,1
12151306,2
39275552,5
24486995,0
26436961,2
32996230,5
35101297,1
26788807,2
36959262,1
32191030,2
6860294,4
4239346,2
7940441,0
19339341,0
11043282,3
25195426,1
19935408,2
31118164,4
10158684,4
32724914,3
34348307,3
11563100,5
36520561,0
39559384,2
39277477,0
35485362,2
3098337,2
36779023,2
36076679,0
7114866,1
33635081,5
11892084,0
13050225,0
2362729,3
1145334,3
36399357,2
39129223,2
36649295,4
31073119,1
25293954,2
31555116,3
3271478,2
27951419,0
24417401,2
12571073,0
32957525,0
29881965,1
6864106,1
37890972,4
19151516,5
26061610,1
27815008,3
19613716,1
33017847,4
33323661,5
26961052,3
15041834,0
38724411,3
39674681,0
13334044,0
34931486,1
17507325,3
15411252,2
1635827,0
4035195,3
1903209,5
35434092,5
29033245,5
36696404,2
13480031,2
26783719,5
85577,0
35418410,5
37683026,2
15153900,1
16093247,2
38458115,2
14900546,3
3823659,1
27477970,2
33050788,5
36338693,5
10368281,0
15965309,2
36129386,2
12738781,0
3653717,1
35658529,0
925716,1
27317564,5
37331282,0
20085929,5
9059921,2
31187407,4
19604389,5
34418406,2
13412913,2
28858204,5
37665330,5
28310627,0
28136626,2
20171216,5
35524207,4
37602106,5
32010322,0
32688335,0
36556547,1
39374599,5
2250385,5
38701400,5
10861427,5
26044977,1
31112523,5
27952759,2
26800052,3
12592916,5
24566119,0
40121765,1
29576822,1
39297480,1
17131962,1
4300979,0
11847992,1
39390927,3
27713282,0
16993486,2
31446465,3
27498316,5
33656696,1
14675732,1
35557828,5
21973008,3
37626614,2
34193862,2
37245782,2
39257455,4
28171130,5
24358715,3
31270635,2
7624840,2
18130165,0
18473217,1
9245900,3
29034301,2
32827419,2
26064115,3
5450067,5
38381803,3
38520210,1
15722118,1
30879964,0
5891045,3
20246702,2
6518154,0
39488216,1
5356263,1
35973820,2
37265411,2
5661485,1
32789692,1
3418339,3
25691403,2
19555472,2
35453596,2
14273049,0
37383332,0
39695857,3
36406737,0
338103,1
19394227,3
34137007,2
2035599,1
21609961,4
14448310,0
24316900,3
39328197,3
38956950,2
23284531,5
16879928,5
22025675,5
8932410,3
12139624,0
31861017,0
21255525,4
4472458,2
32621089,2
34257472,0
32752250,0
37311699,5
21856559,2
32138140,0
23930695,1
38533642,3
19991033,0
37211765,5
26429322,5
38462666,1
9969406,3
34904465,2
30657223,2
10827393,2
38808248,1
16382493,4
11570942,5
21575749,2
27894738,2
25749252,0
16793501,3
31714453,0
28990440,0
8609147,0
20316100,1
37659782,2
8709453,1
39569128,1
33003536,0
32894184,2
26775558,1
34010974,0
18427775,1
11433810,3
21407985,4
33106871,2
16567249,0
6359734,2
17736731,0
33791555,0
30223073,4
21445515,2
22726498,5
17476989,3
25407258,0
10549634,2
2911867,4
4770164,2
3254560,1
14940338,2
19421835,3
38410843,0
28073916,2
10368371,5
15387354,3
31106363,0
16351286,2
30290028,0
10797189,0
17959644,4
20229817,5
32279887,5
18561519,3
2991557,3
38656786,5
23353887,2
38160518,0
36871756,2
39156809,0
33137165,3
33478942,1
20669085,1
11424808,0
39482504,1
18112393,0
25862513,4
5128807,4
29118729,1
19666462,3
19621625,0
39920252,5
17737914,2
3408494,3
34431833,2
38715570,2
39441880,3
9154023,2
37417765,2
11476886,1
38191114,2
27516059,1
6591890,3
37632766,5
24154465,2
37516570,3
29039434,5
30605090,5
19377427,2
18620199,5
21916146,0
36401400,1
15461511,2
39033106,4
36362027,3
35296244,1
20400671,2
33576537,1
1022649,5
7109149,2
39949841,5
12593366,0
37376798,3
36279649,2
18006023,0
12550843,5
8474394,2
10411359,2
38921364,2
31660951,1
5331275,5
36442023,2
24790655,3
36390290,1
35319652,2
37006187,2
23914730,0
27782511,2
18793888,2
31973169,5
17760769,3
24379456,5
15075792,2
33883840,1
1547944,0
16107658,1
30452395,1
24012327,2
20448664,4
15911674,2
17694732,0
13158452,2
34973763,0
34296436,2
7039200,3
17183122,2
4244855,2
17837078,0
27938954,0
10086412,0
38469632,0
39594002,4
30363174,1
14043719,2
34189397,5
30968256,2
23367218,3
7651220,2
28904793,2
33188104,2
138045,0
32038881,2
31421322,3
30559068,4
8655938,1
36626833,5
33629440,3
26920092,3
35796802,1
7911986,0
23929165,2
12906351,4
33877577,4
15846389,4
38285737,0
32125812,3
28790883,2
37368078,3
23863852,1
1945812,2
8859760,4
7733180,4
27925736,2
28096351,1
36576366,0
30268270,5
25584160,0
33894841,2
24730189,3
34853390,0
24627620,2
32255001,2
10117885,2
3408272,1
1859438,2
2969481,4
11151572,2
8676682,0
38175199,3
26364156,3
32103224,0
904746,2
35311585,5
26342132,0
30347090,3
24703315,2
4445109,5
35305124,0
34537922,3
7761659,0
27825206,2
9778389,2
267628,4
35141438,1
11801658,2
38081866,1
27612958,0
37098471,3
24000394,1
34725405,1
19145645,2
28564566,0
22055454,3
39289217,1
27304900,2
23983476,2
5422464,3
37043534,0
39402154,5
23710572,2
35695015,4
36493966,4
19912866,0
18300322,3
36095421,3
21770014,3
14845336,5
29825571,4
30392099,0
26976025,0
36652786,0
25137484,2
14260601,2
17595590,0
11970820,4
26791615,3
31675798,5
4474690,5
34978483,2
22405239,0
18808363,2
3349147,4
33489267,2
38313288,2
29929540,2
26477603,4
16088666,2
18392341,1
28282671,1
25327148,2
34596082,2
33404850,5
19925256,0
8845435,1
36489711,5
38293878,2
10970639,3
32944377,5
17136015,5
30270373,5
21595936,4
17300370,2
4503257,0
16493500,0
20072030,2
20208681,5
12416278,5
22927336,0
17556929,1
24237185,4
7330718,2
23421778,2
34093547,1
8917548,3
20410501,5
21964452,1
32407913,2
24907337,1
40065760,0
37162381,2
940822,0
14424408,4
36905267,1
28489560,3
32386768,0
37502848,1
27349184,4
39919405,0
19016224,2
16930657,5
37053314,2
22278993,2
31039249,2
38411903,2
1348510,3
21331077,3
12152487,2
38082699,0
33350570,1
8354078,5
21094536,1
35748384,0
12544086,0
38061344,1
18830651,0
26617865,3
37525576,2
14035522,2
5204640,1
1346297,1
16013330,1
27136481,4
27377223,2
25045292,3
22263745,5
21079995,1
26074523,1
16369685,4
30471943,2
23773577,3
24018309,2
40042071,1
12733840,1
28231738,0
4333094,2
37953143,1
25410336,2
36946844,3
24703675,2
12602032,1
17415354,4
20535605,2
37645504,1
13090505,3
20319813,0
29447503,1
1684197,3
31300131,5
39664963,0
31200648,2
33650426,5
28370598,5
35410041,3
11504104,1
866208,3
32920007,5
29594936,5
33925015,5
16720286,5
17406252,1
19374707,3
21742587,4
4780791,5
19915116,1
6341823,2
25444267,0
20112760,2
29401707,2
13160139,2
38467716,0
23430900,1
39186906,4
37094448,0
15816884,2
30745056,2
30227883,2
38664732,1
34505579,2
23538140,2
35565262,3
19705229,3
36902682,1
6715944,4
29145897,2
4758968,3
14568141,0
34601782,3
14029883,2
17169927,0
36851561,0
24948660,2
10341847,3
37661712,1
10958248,3
18603407,4
28420448,4
17781906,4
8685842,5
24723525,0
1355710,3
18335432,2
6705521,4
12867075,0
26455408,5
40141660,2
36332167,4
20001045,2
5878689,0
29667892,2
22440589,1
23600582,0
5725065,3
4976613,0
25067998,5
39303157,2
25673848,4
12630594,1
39607566,5
31408445,5
16013692,2
39898068,2
32969491,0
11942919,0
38498654,5
18676859,1
25080922,2
38405454,1
36944943,1
6728719,2
23264037,5
33252802,0
24395155,2
24944676,0
22416886,5
28102769,1
29375200,2
27999762,2
10425414,2
5888771,2
28800272,5
34418982,2
13293902,0
35330420,4
29292526,2
35212716,0
37796601,0
11661121,2
1264300,4
9482859,2
35245185,2
30801340,1
29344964,2
35682804,3
20568743,2
4657001,4
14264682,5
2045968,2
34320067,2
26855746,0
35003277,0
13273727,2
35719653,2
24563790,4
25883898,2
22442839,2
972267,4
27781881,1
25560879,2
26115889,4
8425304,1
14933771,2
28118236,4
10716916,2
15406882,2
16010898,1
38744353,2
29962525,1
37644156,2
5037432,2
7738272,4
27270829,3
32928328,4
30823730,2
38354163,2
8730946,0
21923964,0
39659469,0
1704085,4
7474976,2
19036477,5
21781233,2
35902694,0
37152940,4
27664609,3
31320657,2
21770419,1
38277002,0
4122504,4
28211333,2
7419787,2
27503961,1
11277432,2
27908424,2
7685087,2
25791196,1
30327523,0
12890100,1
17663862,0
28032395,1
16214190,2
31103161,3
1157725,3
25923565,0
28780493,0
15318800,2
21162535,3
26274037,2
8556398,0
24160626,0
23237628,3
35988808,4
35464976,2
32697252,2
33271060,5
38761142,2
34672408,1
31254758,5
20160622,0
25920049,4
34334927,1
25271459,4
37015852,5
17000732,1
14603104,1
19950823,2
32616111,2
17132659,4
18009979,0
1641470,2
27791014,3
27273499,4
3371795,4
27288730,2
6276170,0
7403585,4
24741690,5
36698082,0
22015803,3
26182916,2
14847703,0
37373196,5
21125674,1
11289670,1
18455576,2
35456290,5
35305688,0
36846007,2
9970005,0
32501869,0
39929934,1
17210425,2
26792615,2
17477583,5
24279706,4
33433863,4
29127196,1
23582393,0
23303221,0
34693939,2
14706225,4
39256611,2
2805595,4
35566034,4
23064280,4
32986366,2
13991248,0
21443381,1
21536555,0
8284890,5
11034388,0
16269376,5
19967862,1
38283475,2
14443595,0
14496193,2
37903818,2
21527610,0
35060732,2
35383195,4
25557311,3
27328116,2
29586096,2
33745964,3
4002286,4
13513244,5
33632932,2
27828184,2
38938306,4
30570659,4
20435405,1
27188983,0
39537757,1
16451849,3
3726338,2
20516178,3
32029892,1
32847800,0
15686658,0
33116305,0
9314149,4
3979658,1
15535683,3
24017650,1
4833646,4
35596031,2
33355265,2
33527596,4
20395913,3
38233515,1
23389450,0
18347352,5
29937830,2
16773583,0
14063877,0
4436240,0
14626613,0
33283235,2
17874609,5
30127355,2
20767639,1
25654453,2
32567100,3
35709639,0
35227154,2
4525147,3
14363655,0
4806237,4
9771562,2
28721397,2
9955548,0
26813499,0
39064725,2
30675501,5
10097477,2
11730952,5
23042963,0
20438594,4
25936696,5
19591467,1
12162021,4
24045265,4
29042787,3
12073957,5
35236880,5
5202721,2
35005574,1
37710542,4
32317330,5
36435012,2
36050887,0
2509260,2
21876482,2
24785928,2
30935583,3
22534854,3
32963088,5
18179606,2
28873113,1
23203332,2
21147075,0
16232244,2
27218543,2
31282297,3
20437976,0
37614550,4
21614739,1
38666329,1
33868598,5
28997364,0
32993775,4
8638534,1
38335685,5
21453137,3
21307835,0
4414375,2
30189749,2
2327989,2
34582419,2
4988301,0
5595658,4
37912206,0
29157808,2
25550874,4
34731954,2
26656151,1
28207805,5
36422775,1
28200686,2
37114683,2
40050625,0
33664163,5
39681616,5
8577055,1
10985565,0
20062179,3
38093965,2
16745740,0
13337870,2
11122418,2
31085768,3
10705360,0
11488555,3
21762720,1
33563572,2
38255065,0
20539069,5
19609041,1
27737091,5
34747543,0
29649147,1
38310392,0
31884965,4
35996569,4
12350907,1
30420841,0
39825307,2
28076561,0
32874273,2
33121433,3
30682918,5
33514317,2
18208287,0
15525493,5
26427340,5
38079222,4
8914642,3
9444242,2
27207971,2
39746035,3
33271600,1
22323054,2
33712418,2
31524210,4
36227945,0
555344,0
14035775,1
11804589,0
1303105,3
26763900,0
34449674,1
35475103,2
21852662,1
34598898,5
39217888,1
36989625,2
36063632,0
33338327,0
22147773,3
28745759,3
27312139,3
34890051,0
20171906,2
3389817,1
19942970,0
32250200,5
24838715,0
28301031,3
17147156,0
7113218,0
36718214,5
24287483,2
24576181,5
15476971,1
1455602,0
13298633,5
27756962,5
27999138,0
21944249,2
39734360,2
4358001,3
30111973,0
22620303,3
35307546,1
21455789,2
25727687,3
24743349,2
20144725,0
39276998,0
24481178,5
37350758,0
26516193,5
37445466,5
39995094,1
22162267,2
36855792,3
31943339,5
36636053,3
31291493,2
14110121,1
33608365,2
3209362,5
18158382,5
27029426,3
39845833,5
30422535,0
9289427,2
38729873,3
17728820,3
13225201,2
31362680,0
37265501,2
5354061,3
36068113,3
10253279,3
8094032,2
36816302,3
16924319,2
26313660,1
13613635,4
2406959,0
28726742,5
35253849,3
22252235,4
20807579,1
17955970,2
22147084,0
2296803,0
17907109,3
22671396,1
16269649,1
1821399,4
27955947,4
26759784,0
25036699,2
34035731,0
35079438,0
34487862,2
19646520,5
27720647,4
33712135,0
25779070,3
39847547,2
20494783,0
12323085,1
14323831,5
30856866,0
23803255,3
3997887,3
39021513,3
24476058,1
11076377,3
19930998,5
681565,1
33381305,2
12574275,4
6319915,2
19416008,0
34763139,3
36260599,0
20904447,0
27853002,3
5730407,4
1977022,4
9588331,5
39547056,2
12970567,0
37653995,4
29608581,3
6225843,1
38448321,5
27990419,3
23511569,2
19466460,2
32671668,3
34031410,0
16143226,3
29744062,5
31821780,5
3025031,1
9072227,0
38184969,0
31650897,1
37090869,5
23901291,5
37020712,4
15145222,2
2888598,0
4695609,3
35510666,2
19835923,2
20484366,3
36724202,1
22825693,2
6010011,3
28684187,3
35708920,2
6217351,2
33661115,1
17752460,2
27184204,5
27631241,2
25516805,4
22316489,0
31334629,3
5698175,1
33824334,2
36237853,1
31926470,4
3149370,1
12468823,2
12076092,2
12419875,2
35422392,5
11888635,3
15170450,1
39601218,2
34763208,2
37710662,1
39916655,2
35964994,1
33836647,2
5321186,3
31454438,2
36667061,2
32740048,1
1959188,1
7449395,1
28629911,4
23455341,2
5910703,0
15042945,1
22210251,3
14865572,3
36420970,1
28357582,2
5106358,5
13464759,2
34946062,5
24288780,0
29820370,2
34200551,1
34079787,5
36472879,4
13752507,0
15049333,0
1002072,4
32559406,2
19572248,2
33135354,2
13834472,1
2278150,4
29670109,3
19684765,5
31537305,1
15312170,5
35923078,1
27219849,2
30636014,0
39681631,4
23387488,2
24693024,5
18663956,1
20498469,4
30408127,0
26374648,2
6244272,5
19532344,2
35463419,0
37778176,2
18020849,2
29865518,4
33547061,0
7482959,2
7417701,2
23619426,4
30821951,4
23687011,1
19199944,2
13241200,2
37358499,0
16733716,2
12927060,1
17309356,2
26175761,5
35663109,0
11226252,2
39444808,2
25320719,0
19848965,0
12431826,0
34883086,1
39160750,0
3548937,2
35355657,4
31528600,2
25151108,5
34710482,5
36453888,0
29088467,2
19458344,2
37669177,0
22660581,2
32201138,1
37166827,5
38205540,5
28427651,2
8002282,1
32414960,0
2139823,0
22733642,2
39585179,2
32427110,2
25432139,1
16494560,4
8925293,3
3626619,1
20014811,0
25071242,1
18057029,4
30253141,4
35455991,0
31459439,1
34801132,0
15578416,3
37324106,5
18344996,0
36069211,2
7555335,1
3370996,2
6796722,4
24694887,3
38296748,1
25892181,4
17028562,1
32509261,4
22994881,2
26470151,5
28621908,5
39574813,2
14071096,3
36702120,0
6582183,3
34650978,1
28455413,5
22039057,2
16453746,2
35906395,3
35202289,2
31935514,0
24654209,3
22868900,3
14536167,4
37579374,2
28164874,5
5602265,0
28997120,5
25127899,0
27020950,2
27164129,3
18029074,2
29732282,0
32803223,0
21679401,0
35983172,3
28973150,2
1645962,3
33363613,3
29871460,5
38848471,2
24492345,2
16678006,4
37009788,5
35572308,0
39973360,2
31298298,4
32933480,1
21597078,3
37285708,3
1473625,0
39247527,5
34752521,1
27011143,3
2781186,4
3233674,0
36183763,3
19291738,0
9313999,1
22962474,0
14171719,3
23447411,5
25161449,5
19770147,5
26435738,0
24597761,0
14432020,2
4024972,5
10640623,0
16319878,2
32152166,1
32156071,4
9758513,0
14872061,1
39507592,0
5720233,4
33476561,5
16000228,0
27696154,3
22840985,2
31137414,3
33105045,5
21516322,0
9815077,0
31576270,4
38456295,0
22130727,1
37989239,2
20944212,5
19750890,2
23903848,4
34984174,1
15715597,4
15709933,0
25143621,4
32656758,1
1060745,1
23189610,3
23040727,0
30564792,1
27560764,2
603595,3
35725265,3
13169535,0
31690038,4
26261190,0
30164528,1
3453757,2
33094758,5
13475567,3
19364051,5
15204225,0
17113970,2
23028255,2
36902899,0
35348346,3
29868741,1
24921545,3
22134712,0
37233669,3
32966108,2
19410377,3
14159318,4
38949402,2
33084068,1
34107775,1
24011117,4
4291704,2
39524220,5
33667862,1
28715192,1
15998188,0
13860738,5
36146551,3
7456181,2
33639344,4
18390092,3
26880611,5
37897851,0
14158947,2
15876307,3
28529852,2
13232935,1
23974147,4
15597439,2
32800168,2
33790105,1
22059989,0
11100244,5
4873679,3
2540043,2
8437792,0
24633664,5
32546804,1
9182462,2
1158108,1
22183205,5
27261662,5
25729867,2
4211454,4
27843361,3
37742895,2
10267817,2
33681546,2
35391579,1
29972682,1
32936215,3
34563522,5
25106498,2
39734786,2
39263563,0
26698044,1
38237460,2
22486663,3
40075008,4
11480589,1
17143015,0
19412835,3
24259329,2
38857855,4
6896589,2
6725771,5
4403289,2
15580869,2
9143506,2
30754693,2
37396046,0
35026040,2
9850261,3
9816816,2
15214386,2
15456804,2
25796309,5
32041223,3
38448638,4
8795698,5
31276585,0
19096808,1
21330829,0
5554100,4
14541182,2
23379357,2
30278454,2
19644391,2
30229119,2
38138143,2
13033060,2
22795148,3
5228717,3
18195758,5
9142264,0
20154390,2
8844073,2
8234723,4
20886565,4
29914293,1
33251246,2
39131424,5
20780419,0
32975871,0
30822124,1
27537530,1
23734899,5
12368485,0
5708352,2
24210405,1
33735914,2
36045610,3
16535995,1
25076058,2
25474562,1
28495905,2
32788991,5
33678995,1
23392041,5
29847145,1
38458288,2
39495994,1
36481763,2
33934948,5
32090714,5
20928787,1
25123127,2
9795431,2
16803835,2
38084537,1
32049122,1
13077638,2
34415398,3
37482313,2
19498063,0
20584889,1
25387251,5
19403532,1
39639806,0
32980559,4
18038003,0
27350599,0
35794897,0
32311048,2
29922108,2
12899431,3
886238,1
33191477,2
28302556,2
24456314,4
17334993,1
31617858,4
25998282,0
2768038,2
13305767,3
8983019,2
6940257,3
19276731,0
10756383,4
33449279,1
30301112,2
17671733,3
26581666,0
33068747,2
35468907,4
38740631,1
25503926,3
30715650,4
38858982,3
5500563,2
30068578,2
20183020,2
17520927,0
15208543,2
6359881,0
11249941,2
27967298,4
28258873,2
19962495,5
21465903,2
27048746,4
26188666,3
30352394,2
38744747,2
17110379,2
22843336,0
31148251,0
38213819,2
32999363,4
30176479,3
33200025,1
29207107,2
24231994,1
11351110,2
37620761,0
38491963,0
20665895,1
32671247,2
5577425,2
37081085,2
24663332,3
11076018,0
19254974,0
20067316,1
26796316,0
4882674,0
29180739,1
10689273,0
20277394,1
37368152,1
9529428,0
35328487,5
36969724,0
2201867,0
5764449,3
29519051,5
22571800,5
36608834,1
36945410,4
34913005,5
8556724,1
37014153,0
7060534,0
34377278,2
34106696,2
23393687,4
38425775,2
32443901,2
34179675,0
5441961,1
8918847,3
26879942,4
14423896,2
22273985,2
19274503,5
3419202,2
210629,0
26626238,3
37529333,5
3452489,2
25257932,2
3467723,2
38000237,2
5617322,4
36834574,1
9832622,1
37750899,0
9307836,2
25212804,3
11807955,3
328964,2
36243708,4
24075340,1
32620164,2
19694360,3
38427570,3
29069306,3
2233422,1
28774824,1
12935407,3
34090316,2
3899593,0
22177059,3
34483142,0
11125690,0
883520,2
32039423,3
31100948,0
2526589,4
8356907,0
33843860,0
39964728,2
30802158,1
34429375,3
18263285,0
22572768,0
13714790,5
19712395,1
37055664,0
39952592,2
39995912,0
17386151,5
11601243,1
21923120,2
2619129,3
7362770,2
21352925,0
6963302,4
28099106,1
9644784,2
6450228,0
1386093,3
3497223,2
28489598,1
19898403,0
33113135,2
13094829,0
39227706,2
13993492,1
6855984,4
36841861,4
8074850,5
15296126,3
33831289,0
33536525,2
302867,1
35702535,5
29835163,4
36023521,2
37134281,2
11574850,2
39998184,5
38839828,0
38977929,1
26410206,2
35559678,1
8689825,2
13982442,3
14026851,3
807863,2
33228369,0
7772253,5
11861704,0
22995375,3
22553679,1
29437675,5
20553596,2
11563816,1
32902832,5
34789658,2
19630737,2
11518252,3
30387793,4
23184410,2
17862520,0
32193211,1
29880154,3
24665536,4
38602884,5
15515218,0
27993036,5
30024717,4
19393677,1
39946601,5
19704067,4
3690380,1
15004838,2
18117806,1
27181990,0
39043417,1
15341762,2
34798558,0
29957968,2
21512305,5
36815187,0
330383,2
21222458,1
12086724,2
21961037,4
3687702,2
32540422,2
2301458,1
8814383,4
32160439,1
6807459,0
30337602,0
30539564,1
12521575,2
26404893,1
30094682,2
32655778,2
36343197,4
37283514,1
26083293,5
29347626,5
35880249,2
17066451,0
23232463,5
38026431,0
1918270,0
30684872,3
10888373,3
24932730,2
34740102,2
2085592,3
11062417,1
34143988,5
12855534,3
27887393,3
11371415,0
27421282,2
36006248,5
5848184,4
33969479,3
1776290,1
35765317,0
31237499,0
17535127,0
23156116,1
16971396,0
16396599,0
16267450,2
19645908,3
10459041,1
13111899,1
18249177,4
28489031,2
20098238,5
39580427,5
35210564,2
2419416,2
6734487,2
32071337,4
14396178,0
30222389,2
33593485,0
32216391,1
8186828,0
26578264,0
24884756,3
37276888,2
29219386,4
32612026,2
37634370,5
16720033,1
19227798,2
478655,0
36250928,3
7585617,2
31459325,1
39963452,0
8280533,2
29190966,5
33821264,0
35643326,2
22133694,2
7614869,4
35603454,5
38529246,0
16514138,0
6101902,5
1122691,2
20434470,0
32699740,2
36002197,2
37917208,0
34357439,4
33760441,1
30251145,3
24621808,2
37559279,0
10055045,0
13070759,1
24017943,2
25796140,3
37623036,2
6541771,1
30133278,1
12564043,0
11732792,0
1052613,3
17065009,1
33611969,0
32354312,5
2773164,2
28246304,3
8328493,1
31592791,2
24101426,2
1734001,1
39926533,0
22095074,3
36600293,3
12010140,1
6356041,0
27221223,0
38243055,5
37124512,5
36364357,2
22968652,2
30372907,1
19710362,3
10146959,3
27735999,1
29307448,0
6320954,1
27818607,5
37037751,5
4064464,2
16327107,5
2541254,1
33077395,3
26207392,2
27208413,5
23056739,1
34046626,2
24371304,2
39165078,5
17046421,1
6824062,2
26198847,1
35963509,5
23062193,2
26588154,0
36242349,0
19821525,5
32881905,2
2581217,0
14992675,4
33153821,2
4088731,0
26080808,3
35454093,0
10566382,3
13323929,0
12056115,5
39642663,1
12432130,1
27098762,5
38602963,0
6834388,1
37354691,0
12124959,1
27333915,5
29517825,0
35153942,3
15603356,0
20182748,2
13055776,0
2207875,2
24739533,1
36308320,1
29861653,0
24511046,0
17633734,2
34030573,0
33426715,1
23378076,5
25898282,2
28003189,5
24414647,1
24060728,4
27670396,0
35425476,2
901704,3
26428941,0
6321795,0
12785133,2
15649257,3
35735064,2
37174909,2
19200608,3
14905866,2
23599650,2
19657301,5
19394099,2
8247151,3
22648641,4
3460867,1
3936798,3
36442900,2
18700929,3
34434353,2
23066149,1
13854472,2
30492556,5
13820954,2
36766355,1
34020508,0
30990342,5
16078366,4
21393454,1
19160571,2
18129860,3
16797459,2
34323570,5
6678266,0
23229649,0
16746609,0
32697958,5
36590898,1
28551122,1
36076136,0
3762199,5
34004922,5
35620938,0
24212450,3
6031007,4
12623571,5
8193965,5
38599261,5
18657935,2
32099273,2
30082300,1
9108238,0
2939070,3
14003924,2
24806069,1
35281989,2
13324439,5
39400302,4
29382145,0
16042773,5
37733892,5
35437458,3
15898798,1
35483111,0
12925227,4
17995668,2
34187515,3
24481169,2
30654895,0
11943831,0
1315425,4
3096953,2
7501557,3
27554036,5
33461115,2
4525735,2
14783714,0
6243276,2
30227503,2
26271715,2
27241726,3
3112469,0
27872305,2
33373465,5
5966852,3
15933588,5
3137685,4
14660541,0
38057096,0
23255308,5
31308318,4
26313520,0
29933701,5
25397971,2
28155383,2
21682086,5
10499258,3
8543730,4
28733625,1
23737316,0
27531010,3
29931461,3
9223579,0
30732569,3
15118741,0
37480466,0
22402599,1
29871621,5
10513235,1
27900812,1
30449763,2
5853948,3
8718878,5
12995925,1
3139922,4
39946750,0
1224585,1
34146628,0
12014042,0
28209329,1
29612259,4
31124329,3
31130450,1
16307640,2
36702370,2
35402874,3
29682133,1
8275746,5
28664813,1
31728810,0
4616272,3
10545041,0
38985598,0
11487036,2
35678215,3
5249917,4
12651618,5
32550269,3
8749505,3
5263712,1
30771652,2
31328367,2
618827,4
23846973,2
27468051,2
10693808,3
34544588,3
31621154,1
25311754,2
12885860,0
31393322,4
29030682,1
37840809,1
25455462,2
9933920,0
16903409,2
35963592,4
1059594,1
7769419,2
118467,0
39879746,3
17737638,4
28038453,3
36186554,5
18647236,3
22874513,5
27767662,1
5791766,4
10340439,3
8647735,2
39734304,5
22002726,1
14896982,3
18899648,5
11062773,0
31436881,0
16198789,1
28074495,2
36693486,0
36907242,4
14694834,2
28440708,1
24705646,3
6094171,3
16953149,4
12864911,2
29321077,0
33176278,2
36212494,1
6474549,3
21659375,2
8402176,4
29590988,2
30233109,2
36377688,5
1998261,4
32608199,5
16774889,2
32930452,0
23784905,0
295670,0
35439244,0
16517303,1
28694021,0
35945362,0
35104067,3
33493723,2
16332861,0
5638334,5
36795745,2
28228218,0
37959724,2
35838690,2
7117318,1
26558617,1
36757965,2
