question_id,cluster
28086865,0
39663117,7
37259168,0
22412231,3
25090735,4
25279059,2
22719224,0
7549662,3
28233633,5
40091963,7
1366274,2
1751959,2
11596423,5
23042962,3
4638806,7
4585692,1
39397720,6
35880247,2
32969757,5
2323080,4
32535816,0
20383151,1
3610071,6
13596408,2
39970303,2
38164587,3
19094441,7
26077231,4
39066567,7
27462337,5
22865573,6
22739592,7
23785155,1
39231607,4
39518350,5
25571861,1
31614866,3
15745418,4
15900883,5
32023183,3
39549494,2
38895185,5
35792905,2
17717282,6
11040626,0
36747114,6
3695202,7
29552575,3
21058514,0
33769143,3
6239042,4
13144158,2
34278866,0
26080958,3
5834054,3
25705544,3
27542341,3
38316294,2
20110006,0
33127008,3
18596189,0
2483840,1
20803932,5
4848965,6
27056575,3
8701419,3
4690155,1
26673267,5
32463870,6
36908926,3
19472499,6
38780122,2
37015876,1
12030085,1
29859761,6
33753832,2
4676973,3
39111903,0
27177212,4
22108306,0
38792077,5
32589767,3
3402694,1
35942081,3
26753268,7
26487648,2
19338748,1
19111047,2
13980656,0
30849351,0
33655933,5
13163895,4
13356680,3
16991754,2
18380766,3
5522524,3
39521924,5
36795424,7
19665125,3
33792478,2
4054254,1
25109001,4
2631311,3
843277,3
38879470,0
32906669,2
23873048,3
31350589,2
37730751,3
11816236,2
11376381,7
36053881,4
13336798,0
20298058,2
3068408,5
21465348,7
37066402,4
34394344,5
36447378,2
5075335,2
36507334,4
25709818,7
35046142,3
38591938,0
37390827,2
32683412,0
34880137,0
27434689,6
34708972,1
7765113,5
37864425,0
6107905,2
39978375,1
4968210,3
25462305,0
35641116,6
36816386,4
34683400,0
36820171,5
26005274,0
38477881,6
10639333,3
25387745,2
40113343,3
29080279,3
26615756,4
6655724,6
38876562,2
33592626,2
29144956,3
23970227,1
5531249,3
35224978,0
6650906,6
24037441,3
12311196,1
1056675,5
24020720,0
14319771,4
5289680,4
19919987,3
22127346,4
22983523,7
10587826,4
29581718,7
21897420,5
24419845,1
28624489,5
1693945,3
17124199,0
21397455,6
16494824,5
21436163,3
18896682,5
17621531,4
36534795,3
34381588,0
31538738,4
36813851,7
17173743,3
17327389,3
39341571,0
18968660,7
12485148,2
32705146,0
9584565,3
39331369,5
16059073,3
31253866,2
24743446,2
2465675,5
4713589,2
19216046,3
13369009,7
37541248,5
36518512,5
29408529,4
23617898,2
40006924,7
39394936,3
34352419,0
22731782,0
19484161,5
18352815,4
4255854,5
4717238,0
38704586,2
33572928,3
35846053,3
38343972,7
39396222,5
3842927,3
15966537,7
23154821,3
23580176,2
3489451,3
34052977,3
8358781,4
5566160,0
9952655,3
5258402,2
35822563,4
11601629,0
7184454,2
23779995,5
18767257,2
10292057,2
9193773,2
15194061,0
33452601,3
13664861,0
29922373,6
28410763,6
35006204,7
11017984,7
10459673,0
36854690,4
20129259,6
21434728,7
18667053,6
39448604,3
9852226,3
34452680,5
18821795,2
10903748,0
25375057,0
32723802,7
16044668,5
26770121,2
15661231,3
21403044,0
18946286,2
35625488,2
36301179,1
23963369,7
21047921,3
28677597,0
16597396,4
19430190,0
28085788,7
16664360,5
8973238,6
38343213,5
16329869,3
14621310,3
27524817,4
29029077,3
8573464,2
28930706,1
18486244,6
28384690,1
3905548,3
18689026,0
36689898,5
5513615,0
14902299,4
38579256,3
6871686,3
10424987,3
33492593,0
27440989,6
2193009,6
31419145,2
30025502,0
15265319,5
38289432,3
36697521,3
38038700,0
35440222,1
31400143,3
9014056,0
27118886,2
40027392,3
32078763,7
25064271,5
19833315,1
17202946,1
1258199,0
21705101,6
29832659,7
16816379,0
20202639,4
822195,0
37467812,7
39847007,3
11268039,4
29621334,3
17459700,4
3165213,3
31473998,1
22301531,3
22787091,7
25903242,0
30699806,7
34071495,1
39128412,6
37749111,5
14734492,4
13167852,3
39721813,5
30444863,5
28228720,3
30016119,7
20109487,7
35461213,0
17528842,0
34133667,7
13446989,2
16435697,3
12612229,3
17412087,2
35505498,2
34422238,0
27810898,4
17229045,4
22254151,0
25319851,7
20966102,3
38117824,3
17384485,4
8320106,3
39151443,7
992136,1
26984555,3
24422724,1
19693782,3
12139428,5
24286544,3
14863576,0
26214245,3
25379098,4
9526873,4
7385374,1
928806,6
3861148,0
39533524,1
31946790,6
32689758,7
22946117,4
15555589,3
3134850,5
10831075,3
20629113,7
28917968,4
28999332,0
21739518,2
18241359,3
13010551,0
11651188,0
9100431,6
34657480,1
15898829,5
13729394,4
6603448,7
4293408,3
28862412,3
35590796,3
21735827,3
23111625,3
13093806,3
33426634,2
30032701,0
15622082,2
17819311,6
7381998,0
36169342,4
22120887,3
11850762,5
25726289,2
13792798,7
31657423,3
19655688,2
23409982,0
23704826,3
8535913,3
24540431,7
23021976,0
7199405,4
36447597,0
22386064,7
32660596,2
34662357,3
37166891,5
22411463,6
8953035,3
1905396,3
27208757,0
9645924,2
39509080,3
11366294,5
36385992,2
7969552,0
29418117,2
9486345,6
10773372,1
13936169,3
33680750,3
29471617,7
33971496,5
35585362,4
32177449,4
11388632,5
1111173,0
30036443,3
17320133,3
12853628,4
23159019,3
1956249,5
35722096,3
18799033,2
6438260,2
19782309,0
13018266,5
34336273,6
12851374,1
15821830,5
17060930,3
28267756,3
38778676,2
32358269,0
21886526,3
14413661,3
4113014,3
26897759,6
38618888,3
3442920,4
23800972,4
31063601,2
28705834,7
27607638,3
6931039,3
35761561,3
28288395,2
32874900,3
38071436,7
27219759,6
21158731,5
26361113,4
27034416,0
22253695,5
11622692,7
16837642,3
3894923,7
17438943,4
37732552,2
23809636,5
39143465,4
10866990,5
17197406,4
2470121,6
34005479,3
32079691,3
28477877,3
10497342,4
22534552,2
14922533,3
35593961,1
32141623,1
35583510,5
12170262,3
28022998,0
25775965,4
22891586,6
7973002,3
11798323,4
35330733,0
14429724,2
18598238,7
14195544,5
17005775,1
33325603,6
16787725,3
38960196,0
39829846,3
26278348,2
6203653,1
37865763,3
36491375,3
23833324,1
30585679,7
34462682,3
18456841,5
7070693,5
16387597,0
23295868,5
21045437,1
32334346,3
12810499,7
24109713,3
23891486,4
36362175,3
29701951,2
5315873,0
40140412,4
22436864,1
14236633,5
38881888,6
38807067,4
22848533,2
23711762,3
5164307,5
3898572,0
4360636,1
31402734,7
23872285,0
1431936,2
39407747,3
27883769,6
4888440,6
37022787,7
24624809,2
19610240,5
19617959,2
34714863,0
818942,1
29244434,5
33333980,6
1229414,3
23506306,3
22603750,2
38723055,2
39836449,7
34411047,6
33979709,3
34525893,3
12328678,2
31111493,2
38367206,3
22665833,4
8779497,4
28722677,3
38384829,2
13824973,7
9770133,1
29566846,7
14579231,1
33658216,5
22561495,7
5918633,2
34383951,2
27575354,0
11228153,4
3407414,3
16813088,0
2038247,1
33713149,3
5445462,3
31872863,6
3486372,1
17492923,7
24058127,4
22787826,4
24404729,7
7768633,4
8930370,2
34584484,0
17370820,3
28658918,7
25285665,5
14588682,6
23205147,0
11897028,2
28078327,7
26698401,3
33720318,2
553019,7
40121221,1
31960214,2
24981505,7
24607358,1
37302934,5
23839662,0
29901471,3
24834926,6
24087593,3
36258215,0
28119877,6
3730616,3
32991977,3
2828962,1
32040304,7
26805232,5
24056286,3
21039589,3
15807611,0
9870182,4
21922382,0
16500443,4
22156574,4
7829007,3
33751388,3
7629288,4
22133696,2
32121236,7
2828059,3
2041978,1
22251169,5
15258017,1
26187054,4
14258702,4
31949339,0
38679516,3
27194710,7
29847082,0
27959962,7
25914854,1
19261392,7
25490432,5
21640880,1
25455067,4
27790357,7
8449454,0
19169352,2
29743523,7
33657182,0
4295799,0
39084519,7
25720742,1
35540265,5
15947517,3
10475448,1
22878113,3
16022579,5
35984404,0
26876438,6
10018679,0
34257693,5
31795092,3
9445835,0
19527097,3
14658945,3
762764,5
24591917,0
38237598,7
1842389,5
23618728,2
29545601,3
31307014,7
38447314,3
14621224,0
2415842,0
20502312,1
21113773,4
31487381,3
16700779,3
14533936,4
32485542,2
32813162,3
30834395,4
33405490,5
28882496,3
7556499,7
32740320,2
11481618,0
24376574,7
38219558,0
28520450,1
36131003,4
8299270,2
23234436,6
37830512,7
5403138,3
37662869,1
3586295,4
35258750,3
33713501,1
24057239,2
18478240,7
35696980,5
16022245,0
2524998,7
35332978,2
16981303,3
34662173,7
37471079,3
6162823,3
36163949,4
15378537,5
38708729,2
16110968,5
27772934,0
21784116,2
11824137,4
22899536,0
34322896,4
20444155,3
15541418,0
39776675,4
37019240,7
12559778,2
12658224,4
30380551,6
39214277,6
29973598,1
26642433,3
36152287,3
4098197,0
36894878,3
11059203,1
39792641,4
1364583,2
6912867,4
12289861,5
2743070,5
19715854,1
26352833,2
15638468,0
18117748,0
18324753,6
26762053,5
18915481,7
21285022,4
1720743,2
37579590,7
6322158,2
36091759,2
36764709,6
8590813,3
8904271,0
13209539,6
32877873,3
1325568,2
35287254,6
34957004,5
34064104,2
38808452,4
14006028,5
26683509,3
34755256,4
20136274,5
13111025,3
18838328,4
27284196,2
27990497,7
18581174,1
33929929,0
37289559,3
18883222,7
19441031,2
30293680,1
29300175,3
550804,4
19228711,4
38361224,3
4476354,4
19961071,3
39408038,7
25663653,2
23378498,5
33442872,5
5772148,0
29641616,1
17039151,7
32239077,1
17088224,5
10011302,7
34576409,6
8934530,0
5234944,4
19545979,0
15881439,5
30746167,3
25429219,4
27827503,3
16820635,3
8674426,3
20602488,3
35825289,5
36034926,2
28594000,2
31577926,5
33303952,2
21366021,4
25028105,4
27973941,4
30492313,3
6335906,4
14779216,4
10599347,4
19915264,3
20341650,1
22244837,0
36612981,6
29997186,6
4782028,0
36068943,4
34856717,7
7389109,3
29591313,4
10860774,3
25543741,1
35997393,0
35871625,7
32731554,0
32821143,0
16705670,3
28128514,2
17887503,6
35692719,3
21282039,1
38528332,0
36725130,7
35998123,3
4065085,0
14355642,6
33067867,7
26741204,3
8158536,2
39580929,2
26711396,7
26936345,3
26295092,2
14924795,2
23355661,3
17398040,2
35423366,3
8764895,1
20600527,6
14609467,4
34574351,7
21309172,3
21713148,2
28522671,3
13440956,7
34216141,0
29363697,2
31806428,2
35407893,5
21370722,6
36923265,1
37242036,6
35628640,3
11387439,6
11580789,4
9937781,3
36425234,7
23103370,7
13703295,6
29796140,2
13711187,0
31468597,0
26949091,0
18064914,7
32033557,3
38877102,7
17220997,4
37661073,7
11280464,1
34315152,7
11298909,7
29489717,2
14898089,2
26321618,3
39029632,7
22557758,3
6165819,6
5891359,2
30264461,2
23420021,4
5812318,3
902039,5
14532634,3
21392956,0
21699022,7
20262687,7
14184623,3
10110295,3
39366291,0
18245975,7
22876655,0
25856475,3
21175922,3
8063012,6
36738309,2
31388828,1
39626338,2
30405420,2
30067180,4
9914393,1
15442717,4
1181233,4
29775539,3
6649990,5
29794853,0
14850960,0
33665542,0
26527493,5
28759361,6
36386761,2
144218,7
33335937,1
12894154,4
18131839,3
2591580,4
35356198,7
26106833,7
22331396,4
29590189,6
38906797,4
23935029,2
26822873,2
31348238,5
1554673,2
17252024,7
32325075,2
10368153,4
37432161,0
30636248,0
21153407,1
39355483,3
22135108,3
22179718,3
1672113,3
32705280,6
23210644,7
14199168,0
29972991,7
31878409,2
26166248,4
19604825,3
19544545,0
26441236,6
21528899,1
18692818,5
25407738,4
31644677,0
27651993,6
12182744,7
33914593,4
30754926,7
18428457,0
36210157,0
34706485,7
36163147,5
28951256,4
18472826,5
10818445,0
13143218,3
26887558,1
20456759,1
30354380,4
33314704,3
4106332,6
39450903,7
37659066,4
18615022,3
36014646,4
19376994,1
27000754,3
37454726,5
13754880,3
34005062,5
39976348,7
9515559,4
26188763,3
39050676,3
19132927,7
23531110,1
24785657,5
18502197,0
32868911,5
22263679,3
5415199,5
19414060,3
2680619,4
22816409,0
27981595,4
31436023,7
31605888,4
38903443,6
26440574,6
13179917,4
27715429,1
31911465,5
36789493,6
21367320,2
26002936,1
28082017,1
29467807,4
7680343,1
12945387,6
30270899,1
27999685,2
22488693,5
35685146,3
30331943,1
37232804,2
19012948,4
22716035,5
11959434,1
37644773,3
31655788,1
18166360,3
4698755,7
38164191,0
28599012,0
31693683,2
11462235,0
28634422,6
19791208,3
36967011,0
13703724,5
14633290,5
23055860,3
21848033,2
30202445,2
37058194,6
29836948,4
12868559,1
23199042,3
33804118,7
14398868,7
37530500,5
28975467,5
18312886,4
35228991,3
14828945,7
4163740,5
33597066,3
37310695,3
21649113,2
29597831,0
34818228,0
36289259,0
35922675,4
32855029,0
19670697,4
8979031,0
1151207,0
38358521,4
24062013,2
21310797,4
40063530,3
7074051,3
31353423,2
30998543,7
36607953,7
33984132,5
5972506,2
11636162,3
35135979,4
16575250,0
21189294,3
27851087,7
31501806,3
26941785,4
19295832,7
4922623,5
22752467,1
26328818,2
17858553,3
38876429,7
29070176,3
23343709,3
26224484,4
9270931,0
33335291,3
32894378,3
27885855,3
22869719,3
22522330,4
28614911,1
34936193,0
34447789,0
32422279,7
34897280,0
32838397,3
10455538,6
32170913,4
23759873,6
7274521,3
7881110,3
27789298,0
30289289,3
21542301,3
5903501,3
25469869,1
22699808,6
3651339,2
32427207,1
36504073,0
28178477,5
37550934,0
36066054,0
4513937,6
37493102,5
23716734,4
29965571,4
16883360,3
23006023,2
25839183,4
28646271,2
24509307,2
9375878,3
20098319,4
34525277,5
31231115,7
39346549,4
4131546,0
28521142,2
27434153,1
20391489,2
35550913,6
25492346,3
20441762,5
31449291,6
26923433,5
27000546,0
32376579,0
27289344,5
29704164,0
21607965,3
39297328,4
34687818,6
20462833,3
39843230,0
16500798,3
12065019,0
35179953,6
32231896,7
4785918,0
32975638,4
29222034,2
23311483,5
19121894,3
34601505,7
12880324,3
35353771,2
18157259,6
26921854,3
6854662,2
37913101,7
40038519,2
16121686,0
37111118,3
27195594,2
37521814,1
6895205,3
27414913,0
6849582,2
37685459,2
5046845,3
31268914,3
21512572,4
21721545,5
17571349,3
22676327,1
22488553,7
1490429,6
27391292,3
19646627,0
16678500,3
35944841,7
23140799,4
31088263,3
29785941,3
28399233,3
26246233,1
9174234,3
6466628,5
30703988,1
27237072,6
23160476,3
23522539,0
34180827,0
27915151,0
39314024,1
38988705,2
900420,0
27587108,2
38685620,2
37560990,1
27957831,2
36892829,0
6713463,6
5180521,7
35374933,2
23288447,6
4226824,2
3247183,5
32905668,4
9312082,0
20018092,4
35141092,1
39370510,3
31192752,0
36582696,7
34015615,3
39018998,3
34048210,6
2900362,6
1999412,3
1080920,4
2863406,4
18439316,7
20887555,1
15398865,0
15169015,1
28814603,3
35630020,2
29545547,5
11380380,5
23640624,2
39491918,4
28015865,4
34427715,7
28256804,4
5068100,0
36802811,3
36661682,3
30610885,0
39987071,7
37956517,1
35795089,0
16746685,0
26954694,5
30668106,6
36164170,2
28277137,7
14888843,5
32872828,0
6681243,3
4735732,3
32852208,0
28513480,7
17944235,0
29096898,7
35351203,0
20638999,2
24764431,1
37200386,0
10773010,7
20012919,3
37646631,6
38013618,3
10044903,1
9283606,3
33384112,7
27038061,2
2102294,5
37231619,2
4717751,3
29061751,3
19002235,7
36655901,3
12888655,2
3746672,3
25317270,1
31108850,3
19256155,5
35324657,6
35778136,7
5551286,7
38073332,0
2102216,1
19236833,3
4560554,7
15761528,3
29690535,3
37901186,3
9484232,2
34117072,6
4919681,3
1489041,5
23641871,5
35032792,3
35261895,2
11216894,2
38895856,3
19804129,6
24811286,4
39901860,6
31924543,3
39663469,4
37045399,2
20710532,2
11251257,6
32350505,3
15374291,6
28267870,2
19728908,7
22466821,6
31984914,2
39086029,7
21586655,4
38622500,3
11715227,3
32577351,2
8957429,3
17309453,0
21527770,7
20365878,0
18240549,5
36286333,6
34674558,7
25927578,5
22041231,3
38269658,1
31385175,5
39964995,7
8820451,1
10526847,5
4695337,7
5474624,6
33944914,0
33795241,6
12391092,6
27291870,0
22796024,0
34367353,3
60680,1
31917430,6
24330068,5
13077939,0
38509208,4
33060192,7
9917334,3
5097005,1
25705707,3
29171937,0
10554276,5
20329927,0
37355662,2
32217242,7
30751547,2
30838820,3
39406836,4
1071277,5
39003251,0
30107606,0
2345331,2
8223137,3
4922926,6
13900946,0
11124121,6
2553672,4
21731133,0
37266221,2
28640971,1
5824859,2
11726866,0
9041958,0
15724672,2
29687761,6
34197936,7
5452931,2
10095299,0
37837311,3
3068839,2
39313273,2
15409132,4
25277433,6
18135547,0
38385558,3
21478132,7
16451509,2
34059399,7
30634243,6
35087630,3
14283086,3
2405936,6
21147095,0
10121485,5
17596250,3
35661474,7
38686206,4
15555968,3
4010507,5
23451359,1
3463698,5
9118322,1
27518446,3
37783991,4
11005233,6
1423214,2
37681840,1
24727929,4
2397324,5
21188579,0
32554641,2
31236247,2
7258245,1
39121709,7
30897250,0
37773037,5
1049320,4
13504424,0
29847535,2
24621792,3
1042451,4
28948385,5
36265049,3
24947418,4
31264735,2
20037426,4
15272637,2
40024017,4
39174657,5
35919242,5
19550326,0
33476755,3
38788066,4
28354550,0
25619945,1
35570319,6
23894138,5
4877924,0
28630249,0
29928457,0
38648328,4
18438934,3
38790368,3
33807424,4
12448426,4
23834765,3
24801534,5
10942236,1
26853262,3
22811382,7
5409308,2
23808918,5
15635972,4
36409596,7
24428091,7
29406767,3
352079,4
14469685,5
34789938,0
30759381,5
24370721,6
37677496,7
12062715,0
27302424,1
13658930,2
33928553,6
11606091,3
24099620,4
30595908,1
16491594,0
8288133,4
35360816,5
8695422,0
23047450,0
39400957,3
34554347,0
18858676,0
9428419,6
1098118,3
7279355,6
25299624,3
28679154,1
12326117,6
20302196,3
18844894,1
16821674,5
34367078,4
4924273,3
28125565,7
12108913,5
1824735,0
23144164,4
36527407,0
32802334,0
18881741,3
7834907,3
26745536,1
27042627,2
17978073,0
32213251,7
7276232,6
34063514,6
15841024,1
39652954,5
5407647,5
25917528,3
23640588,3
19216630,3
2733660,3
5127991,7
39837732,3
7660231,5
22043658,0
18905392,2
32580489,3
37768058,7
39323817,2
32394655,6
34550005,0
8027065,2
6889640,4
33135942,4
3265232,3
3448505,4
38309025,0
23529312,2
20112500,6
18653004,3
24809425,1
19315030,3
21047524,3
27662072,0
36870792,7
14225513,4
28206600,3
20741435,4
32974691,0
37716326,3
13531247,0
31192256,7
32239228,6
33027687,4
21542753,6
5866475,4
16976405,0
34011154,0
28622414,4
37413144,2
33245685,3
863234,6
23221747,2
20037687,3
33371664,5
18695990,3
39131755,3
10068419,4
34344025,6
39372150,2
35282826,4
25435656,2
24366775,3
16728695,3
34481205,3
28066146,3
6134933,6
25839070,5
11056821,2
17875037,0
21703142,3
6978331,6
37191442,1
2378110,2
34788422,1
35407514,2
11832824,4
26989736,3
38860185,6
15110685,3
27100278,3
37471934,5
35101847,3
29839397,0
30064894,7
30681997,7
791098,2
17437025,0
27558559,7
34543830,2
10446440,2
9567326,3
26598064,4
19889821,2
32879491,0
37788567,4
12406827,1
28794015,5
26914900,2
24650612,7
5012560,0
33959632,2
39971597,7
19373759,7
5550145,0
13936170,3
22801307,3
5882006,3
18353203,2
31518664,4
38600982,3
19648648,0
9384918,1
22489425,3
29463075,3
33496350,2
33772547,4
31397170,4
29322753,4
7900488,1
22098390,6
33190668,5
36972604,3
35464931,7
22367854,0
34451403,7
19507010,0
24024510,7
35736598,2
33242629,3
33761087,4
36574494,6
23945949,3
10428399,6
27930732,7
35006623,5
31467421,3
19922370,5
92928,1
24557707,4
26326663,5
24617100,4
20990538,0
33641756,0
26933761,2
22976596,5
5756427,7
3332494,4
36388632,5
26797025,7
17968100,0
34157247,3
34071433,0
33071152,0
37379492,0
7339685,6
14968560,6
26757412,7
37150065,2
37851443,0
25468014,5
19513761,4
14292349,3
931699,6
38983743,4
33694940,7
7065761,5
8497428,7
17584973,5
25779274,3
12838111,5
26620076,2
28673564,5
32970960,0
13168374,3
38405158,2
21071264,3
34463263,3
25585151,6
35342769,7
34896705,2
35981030,5
36546998,4
19250247,0
23360801,5
34322778,4
32084646,2
37140143,0
35228855,0
32869518,0
4239825,4
1195911,5
24524576,4
35946442,7
37422982,0
5629745,3
2825364,6
40122639,1
7076349,7
21124976,3
29443497,2
17492512,3
12527525,6
36873924,7
30921986,6
8612391,6
17931579,2
4883270,0
26544888,4
32974976,0
31269974,6
34597243,3
27743043,7
39143671,3
39798306,5
31341622,7
14218992,0
36827182,3
12076259,3
36707741,3
39792325,2
14673547,5
25458468,2
37006542,7
18222933,5
37403816,2
37329448,7
27317045,3
10011035,6
37213139,2
32365395,4
32462757,4
34377408,1
25991081,4
40028975,0
34417577,6
5322860,3
27449670,1
17210650,6
122327,3
36949105,7
30224418,0
22665215,0
15533680,5
7864519,4
22284430,3
21119726,2
17943523,4
35456478,0
24171075,7
9304983,2
11647805,5
7778215,1
29757848,0
37516575,2
30376266,7
20749599,1
26728001,5
13351341,3
11917944,3
34925849,4
28456089,6
13014297,7
16130154,4
28271185,3
33629782,3
2360291,0
36870722,0
38187330,2
37040867,1
39054328,3
18040752,0
25926957,2
33106298,5
27951295,0
25702118,1
35121538,3
35304024,0
34571352,0
35833520,1
19877306,2
29391630,3
15732491,3
20228649,0
16749659,6
9637892,1
21059929,0
32171909,3
31108022,6
22054978,7
14056723,3
33093213,2
11922857,2
24554376,1
38437189,7
26744155,1
25747362,2
13502623,3
21987701,0
25241970,4
814227,4
36867567,6
23679431,1
1163113,5
25519354,1
29292831,7
30643229,2
24125945,6
36783579,5
22991226,7
21436618,4
16396686,4
39128086,4
6795330,3
18238184,6
34258650,3
38712462,2
33571511,4
30356812,3
18557390,3
24314801,4
29784774,6
40010438,0
21899416,6
31395766,4
24815943,5
32157306,0
34471068,3
16192502,6
40129428,7
33616747,6
39322708,5
25021271,7
25018102,3
18679108,4
20329628,0
39407674,3
37102408,0
18118622,6
14219058,3
33683603,3
34275053,3
31547932,3
5832143,5
20473137,4
3309878,2
33770844,3
10647165,6
16070160,1
24283958,4
25128994,6
39615520,3
34128777,7
22850140,3
3737900,3
30082330,1
33007626,7
6154409,4
39892605,3
15737245,3
33621935,0
17985774,3
16901130,2
9251040,1
21924275,7
22912351,3
35663705,7
32054046,4
30041484,0
6048576,3
37771263,3
8083263,0
39698432,1
319426,3
38052930,3
33986784,5
39598606,2
34229140,7
31670575,1
17389011,4
30669492,3
22785193,7
24044330,3
38182258,2
24590022,4
4263001,5
30175285,5
26255530,4
21456078,2
8870261,3
33072866,5
15951448,3
36455382,3
35830915,5
24434690,3
34730452,6
23685092,2
33193180,3
18989291,6
31999669,3
14743127,3
20431640,0
36359869,5
24960814,0
7063743,1
32025676,4
39018232,3
29659497,3
20931571,5
26266464,4
31304007,7
34006658,3
38554640,7
29975588,3
22018652,6
28992000,0
37967949,6
10979534,5
37317140,0
26695506,0
4007289,2
31663578,1
959479,1
32596431,3
3274334,2
33345482,4
19566419,6
15889817,6
28628836,2
18920010,7
36959580,5
30828030,2
16616728,2
26761963,4
26433682,0
32758479,3
30025824,6
37664850,3
28045238,7
17757350,7
36564059,1
37732180,4
39002849,7
7619109,0
33707300,0
16234975,6
38223910,7
11667171,5
24789782,0
33203655,7
32807745,6
25182685,0
37761173,0
19479934,3
34610959,3
6194659,7
38836312,0
20561808,1
30100016,0
29936563,7
2352018,0
33700328,2
7553306,5
22396761,7
752308,3
9762301,3
8583136,7
39140679,2
15033409,6
2671668,7
33206356,3
20905350,2
35847419,4
15978571,4
17894168,3
19865347,7
29066411,0
36850514,3
23004729,1
36894678,3
22785929,3
36605866,5
2090424,6
37089933,2
4651693,2
20892096,5
20649282,0
30252258,6
22939059,7
32117340,0
28725367,3
28411806,3
24588543,1
7101126,6
39028908,4
20579740,3
37043151,7
36645668,2
27182350,4
14186260,2
3616721,0
35073718,1
37026745,6
40079435,4
18788878,6
1659380,4
8946810,7
22254253,3
32895660,3
15761059,5
1203639,7
17129393,0
35084454,7
31079649,3
25157090,0
15754208,2
26793625,0
15322171,0
10539823,3
31387113,3
40120122,3
30064191,0
7960982,2
34051702,4
27243170,4
21827818,2
9100909,2
3343768,0
3976772,4
4222595,1
39715354,0
4686241,6
17754152,2
16620391,2
32929952,0
790960,0
29039488,7
34768129,5
32860263,4
4923509,3
29419316,3
26665799,3
14982912,3
22925096,5
34849733,0
17389388,2
16039092,7
39634736,2
32929318,1
28405899,2
5174770,4
18181322,4
26666511,3
7829188,0
1043382,3
23012623,7
7894261,6
18504753,7
37902450,1
35704716,7
2402694,5
33826600,4
9120765,5
34316403,7
36772434,7
25465264,0
38041609,2
20042717,2
33725345,6
39753281,1
29149805,5
38070435,0
17797489,0
15450661,4
3676628,3
12825140,0
39829578,6
26445760,0
11856013,5
33133964,0
3177057,1
37693497,3
24381482,2
35082076,5
36731365,3
27434593,5
26327189,0
35852579,4
29094291,3
27531620,5
14448447,3
23713434,2
12265695,6
20073240,0
13151785,3
18137614,1
17117912,3
34626618,0
32808410,7
27407430,3
17625438,6
16561754,3
26284205,5
542596,2
33363207,0
28552998,0
23591507,3
32865597,2
4795772,0
5081610,1
26441740,5
35311343,4
24122568,1
36513625,3
31950550,3
258296,5
25991666,3
29489107,2
27352907,7
18842779,3
28161862,3
23637219,7
15660297,3
29458228,0
29012685,0
32868944,0
27734776,3
21126625,2
11359538,0
40008407,0
30539575,0
7960600,3
18511962,3
12866132,2
19772023,5
35713739,4
11766287,0
6140439,5
26598559,0
20021725,1
37518337,7
25888357,4
31477714,3
20843549,3
15511349,0
22717179,6
29335486,2
6592054,4
33077804,5
26627553,6
25150939,3
3297028,1
39960942,4
35108639,7
8234923,3
35527349,4
2897590,2
26446973,0
33727000,5
38648176,2
10921162,1
13327615,3
1986152,6
35192519,4
22163045,2
36837385,0
2435764,6
12975769,3
6875944,3
27866796,5
9519346,0
33092732,4
37221480,2
37366418,2
39435518,2
11181519,2
30017614,4
33457258,3
12586734,0
18974728,2
29197248,5
31360386,6
38770681,7
23728949,3
34664700,5
28456347,2
2554758,6
18166734,3
38255422,0
35849994,7
39482836,3
36150868,7
9153844,0
33984470,2
3866520,7
27364923,1
32641895,2
34519831,4
36747280,3
11971667,6
32140096,0
28675310,5
27917054,1
36991830,3
36323608,6
27209071,4
6811549,2
19469963,6
28702293,3
17646023,7
14174395,3
21977987,2
2922072,0
19819821,3
13881621,0
24673036,5
11221728,1
37104100,3
31837310,0
20649595,0
35810416,3
37978225,3
21317284,6
35091623,6
27406293,2
36918953,2
32615697,7
31264321,1
27372479,2
15229202,3
28929139,4
31066930,3
30020930,7
2025964,2
3985305,5
29104323,3
38530407,3
28421540,5
27691147,4
21847312,0
9787815,1
14021987,1
11501843,7
38303797,7
37776748,6
29975111,1
34042123,2
18768093,5
33429487,0
21497591,2
24045554,3
37306741,0
905005,6
21274526,2
33780334,5
30627899,3
12645782,0
5768406,6
18696303,3
26702689,4
3843188,3
39821339,7
5431958,4
9817292,2
23837877,2
4870771,7
30343156,3
9314824,3
10318351,0
7348144,3
33288798,3
15756007,2
36584425,0
31561965,6
16755042,1
24573354,6
34081424,3
30691347,4
30418181,7
25836358,2
2278665,1
31123308,7
36204534,1
23707644,6
36592907,7
24640154,0
21145909,0
34775833,5
30022017,2
27062652,7
20111254,1
21802519,2
13242221,1
4872183,5
18626533,1
15709227,0
25303839,4
16276268,6
21647054,7
9148782,6
19123269,3
15828294,2
31577280,0
32919316,4
39616631,0
8439042,3
7037938,3
20160983,2
29729956,6
36001620,3
35433166,5
37127556,5
38806295,6
30564818,6
18346894,1
31584379,2
40056887,3
31500173,3
32728212,7
3238150,6
33395903,0
25253618,3
33313048,2
23282945,2
22109712,2
36297610,0
31185130,3
22649379,2
14332114,1
28488492,1
25459285,0
38594352,3
16927428,2
7884712,1
33319060,1
3503861,1
17568481,4
10492548,3
17408825,5
7016509,1
28032722,7
33802391,7
16989842,4
28259366,0
40120596,6
26104434,7
24432209,7
32873396,4
8865878,0
39642258,1
38646500,7
25724318,5
37911091,7
36332976,3
23660424,3
4538962,7
10181035,2
25718961,4
39295996,6
30898365,2
25234921,3
7600235,0
37628372,4
29562943,0
13596407,2
3889038,0
34876656,1
35244913,3
4467230,3
28206826,2
12594239,1
4208659,2
22335171,6
28333732,3
33590599,7
18385524,3
29159680,5
19678641,7
29433259,1
34004042,3
12013813,1
3300406,3
39665712,7
34358550,7
33994158,6
3340528,5
7948510,7
37230696,0
26195181,5
25429410,1
22370117,5
15418093,3
34984015,0
24533951,2
37811767,6
28693433,6
11881900,5
37605531,0
35193688,3
7542651,1
4996085,2
8194489,2
21798501,1
33713472,3
37838023,3
33841523,3
31650997,5
39488380,3
36305573,5
28940535,3
15005240,1
13037462,1
11025777,1
25713022,2
23618231,3
4261129,4
36338020,7
31477393,1
22649703,1
12112172,5
29277831,7
25675998,4
15321993,7
29445943,7
9187579,3
14551484,3
28687087,2
2137539,3
29800157,6
39526134,3
3945028,0
14986129,5
9854869,5
26932870,2
13753213,7
29870209,0
7931382,7
29590365,7
24621889,2
20485141,4
31865990,7
31446640,3
30981249,2
35680848,4
38890265,0
15868424,2
6665577,3
39231865,3
35906266,2
16527834,0
29035533,3
16682563,0
11039209,4
20313002,0
34045618,2
2140219,2
33089019,6
16121545,6
5415679,6
7683116,3
17668633,1
19827368,3
31577163,4
17588699,2
23172265,3
20616307,5
13895526,3
35641414,2
27894253,7
25803567,3
18676293,3
29175519,3
6012604,3
13829666,2
37906835,3
13325954,3
26720106,0
39236601,7
4235004,0
11661822,4
2773416,3
1640054,0
8313705,0
20366031,3
37726207,2
4775875,2
36523912,3
20715408,1
21911853,0
20177899,4
3520672,7
22241343,3
11327736,0
18796117,5
33467537,2
9606364,6
35053507,6
19099756,0
38866526,4
37863458,7
7781448,3
2381241,3
39299548,2
27758999,5
21843143,2
32417520,3
8856523,3
13343577,3
33868862,1
39969717,7
15424895,0
14580787,1
15174162,1
27119700,3
32642785,6
36020079,7
883679,6
18267314,5
3288250,0
18856646,1
34406169,6
13801557,3
37766683,3
24373965,3
3818881,3
15807317,3
26705027,1
16434405,5
3018036,2
23680976,3
36247394,7
33502170,4
24134085,6
20928661,7
29637150,7
33011551,4
40114549,1
11492138,4
35540360,0
33823776,2
3261693,2
37683741,0
12549319,5
33678959,0
23849295,1
34288969,3
4819437,3
38215686,3
38816302,3
17273685,2
7961216,3
28212280,6
26473859,3
13559696,3
24709342,2
9391546,4
23314553,3
38556188,7
29248537,3
34637757,0
28195660,4
37813859,3
3823599,0
24414204,6
31234308,4
13349573,5
38129746,7
39538576,4
37634899,0
26328623,5
16405242,3
33066034,0
25090714,3
33728416,5
25480639,1
11205571,3
20438686,6
37932966,4
21393107,2
21317567,7
2413144,7
29221502,7
17557756,2
15817577,0
15479902,4
26712080,6
34670670,6
456867,3
30550918,6
18014580,0
35332852,7
39861280,0
38906513,7
38195089,2
31169990,3
604453,7
28511343,3
26533379,3
28756816,2
35026716,0
33577657,0
21706570,6
29349801,5
35373236,0
16654743,1
38033570,7
9784422,5
31035934,3
14691865,4
2549616,5
39456283,0
31842651,5
22978023,3
24792480,5
31365592,2
26465546,2
39271424,0
28507913,4
18287315,1
26876921,1
30252960,1
13537300,5
1711483,1
36463979,0
26962973,3
13787258,2
26621993,0
14861843,5
9344252,6
878143,1
27546500,3
26325233,2
34833307,7
25652379,3
39121577,2
27462227,7
10078564,1
34323908,3
11565492,4
12939791,6
34725704,2
34206696,7
15609348,4
40033979,3
25839946,5
15452996,3
577467,1
24498306,3
32518358,2
39843491,0
34013932,2
2863270,3
37090291,3
26676249,5
17166351,7
40114836,3
25087072,4
8568242,0
35629694,7
36133447,2
2082474,3
8326192,0
11872270,3
13188711,3
39013564,1
27518863,3
30434323,3
40030481,7
4010218,0
20026325,5
8563394,5
37791386,0
29390384,2
29268915,0
38646886,2
2752008,5
6826495,3
18617854,7
34865335,6
34260687,4
38214420,2
29442774,0
36236960,0
27770826,0
37504245,4
29577571,1
19554261,5
39536288,7
35049772,3
30650583,2
1765757,5
31091954,0
35400056,3
26249367,7
36876035,2
37818978,3
12055601,0
1638751,5
39608282,7
25799264,7
32323030,6
547829,6
36326246,7
19480449,3
14804173,3
32506956,2
15006622,3
38444010,3
31378804,4
9041681,7
37955929,2
27319439,4
29828786,3
4910203,2
21842950,3
22253658,3
9745909,6
29387060,6
15706911,0
21470039,0
32922535,1
7908295,6
39841276,4
23334022,4
14990376,2
31100251,5
5321767,4
38187781,2
4593695,5
25044549,7
37132000,4
10650146,4
4637420,1
29755656,0
39246374,2
24548279,3
33681858,3
29708564,5
31593772,2
29804422,0
32868211,6
32417338,0
24250515,4
23763300,3
28973277,3
15896493,4
29560630,0
27118511,0
8071254,1
39047784,1
3182153,6
26300442,6
3319632,5
38677022,4
24562175,2
10941830,0
3077490,4
37416600,3
3340015,2
37056981,3
20052885,2
37736021,5
6555573,2
5958793,6
15150275,6
24707811,4
16773857,1
10761769,3
39761444,0
39252170,3
38496831,7
31928897,2
22530081,3
14006482,2
16376732,3
37521454,5
25470428,0
7085512,0
32489601,4
29549149,3
31689133,1
26483054,4
39716433,2
15929676,6
32152233,3
28328890,4
21856383,1
12374176,6
1017388,5
10868530,2
16238462,4
38704037,6
37000346,2
19108182,1
6174369,2
31648992,5
24768455,3
7896462,1
38741395,7
22862105,0
20356215,6
10304467,6
10176037,5
7881133,7
14760703,5
17839922,2
38037873,3
13851041,4
20298407,7
38305946,7
32106805,0
39146027,2
14819098,0
9870221,6
39252323,2
40040726,5
38273916,7
31961688,2
3339562,2
28922374,2
40141134,3
32597668,0
27753350,6
20137321,3
28774852,4
1716554,0
28335202,3
29113461,0
8652140,1
24070082,4
32177308,0
18915941,3
35272985,0
3293194,4
35341399,7
13927576,5
29393646,4
35265632,1
2643244,1
20746505,7
14735469,3
28008807,5
33866503,5
17138952,3
4979150,2
29455660,6
24740104,5
635200,2
14418264,7
36810785,6
12608747,7
19389083,5
5522471,5
9753680,3
31684878,0
35274840,3
33190298,3
26828226,3
20931295,3
38403141,3
293482,4
38293647,0
32871467,3
35895466,3
10990895,3
7459204,2
35457358,0
31569216,0
35262753,0
5056152,3
38106808,3
25697684,1
3209529,0
34957620,3
38791898,3
36000668,7
35581490,0
38803150,2
11764203,1
37789747,7
15513618,4
19658703,4
24358611,1
12154579,4
30902050,3
9763675,2
6532065,0
38242677,2
20969744,3
31473184,0
32234863,3
30558116,7
36954453,4
40066680,7
28180301,7
3164086,1
12763505,0
37883325,7
7194701,2
17613250,3
36809368,2
37287922,0
18004030,3
34800915,3
7196427,3
10158269,3
39662975,5
25905752,1
20724856,3
5440098,3
28916554,0
27240287,0
34710842,3
32167758,3
27918091,7
10621324,7
17161420,3
627772,5
39664995,2
21818783,3
39817834,4
28209436,2
2761678,0
38168949,0
24274023,3
2799731,1
4981963,2
35301624,3
21576252,1
39587863,3
23475610,3
10221704,3
33745052,3
3465568,1
22703859,0
5366928,5
15725458,0
36895627,7
27952608,4
1003247,5
39086664,2
22415643,0
38499625,7
37709164,2
31387880,7
36736445,2
14819849,3
2243895,2
8020408,0
31861042,6
37098313,0
4588889,2
12266208,0
28505987,0
24418368,3
21367792,7
22512462,0
28376538,3
24576044,5
31489523,7
23725294,5
29171896,2
28026470,4
13355290,0
7963595,5
36202770,6
32123528,6
38340414,6
8691419,7
4094933,0
22719650,6
11134539,5
36704286,3
33910982,7
14036344,0
26938110,2
9600474,2
34909446,7
14320836,1
18159874,7
10423385,0
23705290,4
3330933,5
29722071,2
3161827,6
14874965,3
39461414,1
12019661,2
22493293,7
23227680,4
5011077,5
31207250,4
36120184,5
31794127,2
29124000,0
1188944,6
33790792,7
38821726,4
19597575,3
5406393,5
9193323,1
17823629,0
16049395,1
26630245,1
33555048,2
19718233,5
29773991,3
20741952,5
26618666,6
34255517,2
21612779,7
22220856,1
20974252,7
10559018,3
30298144,3
32465143,3
19869090,3
6410062,0
11790775,5
23577505,7
14515239,7
8519647,6
29200348,2
35004097,3
21079579,3
36562052,6
23037479,6
36123877,5
9335768,1
25019153,4
15864522,7
24837040,2
15545952,5
37870407,6
24065052,4
16847157,1
32313946,7
6616270,2
38306904,3
10152290,4
38683881,2
28473660,3
2824612,3
20661733,1
26870873,2
9753730,2
33864661,3
38129681,3
12208427,0
2985678,3
38516110,6
32590591,5
40064411,4
26607303,6
25050504,3
6336911,0
31417661,1
20616540,6
20104874,7
18224468,4
20586328,5
19936033,3
25301466,7
16675039,4
8848294,0
4117038,3
1829340,7
4419532,4
28881140,3
11813548,0
38644263,3
16574573,2
18784615,4
38806208,4
28930477,3
20037341,2
34538762,7
20731983,5
3217715,7
26850164,5
30044142,0
24168812,3
10319699,1
35644481,4
30722305,2
38797177,2
11666537,4
26957437,5
37266282,3
18356185,2
24106575,3
35688703,0
35230959,3
6878303,3
17576448,2
3158098,5
12332392,7
29760118,0
37870148,7
32026365,3
36863081,7
8300364,7
16236157,7
39804301,2
21438890,3
11045510,4
21221813,2
3680022,5
25293881,5
24173250,3
31349356,3
3803386,1
16952462,3
20675534,7
4203417,4
33418838,2
14885002,3
7962094,3
15878501,6
18768967,2
28220146,5
25816506,4
10901247,5
15487106,0
14803780,6
8721040,0
7616998,3
31848877,3
34929650,5
1226091,1
31250542,7
23102041,4
37204323,2
34793047,2
21110915,3
14386822,3
24140497,4
22534598,0
36342098,2
12840340,5
40087681,0
7208096,2
1823588,5
7020313,5
37528782,5
21717671,1
38278578,0
25372877,7
27904399,2
18968607,5
24872225,2
3867718,6
25212660,2
16091689,3
19942399,0
26851151,2
24663564,5
34954102,5
18578265,5
20462542,7
23267750,0
13328121,3
22951775,0
27526431,6
9310360,1
10971033,6
23965767,3
37339367,0
9629532,2
37471436,3
3014631,5
33048636,4
29181220,0
22304231,3
22450116,0
16741435,3
14319525,2
26427644,0
20423598,7
26697843,2
39359693,0
22303408,0
14777488,1
17544424,3
22831375,2
33573807,4
28509551,7
15843419,7
37053169,0
25491786,3
23358787,5
9048947,7
13721289,0
9691346,3
15926358,3
38733247,4
5307991,5
23173220,6
3715323,6
4788748,2
10618144,3
11039500,0
10224287,4
29250011,5
5426637,3
21437666,0
22378876,0
15437320,0
7654729,3
18705373,0
23553102,1
38667728,7
11059801,3
22144324,3
22913490,3
37705016,3
38167388,3
35520251,6
35761682,1
21081438,0
38271772,6
15109425,0
18331129,7
39917313,0
14690398,7
14030935,2
29586949,2
9125997,3
29055634,1
24291941,3
16862501,2
31006311,4
24613347,2
15890892,4
17130935,3
26056316,3
22793465,5
8730499,0
34085607,3
38170566,3
18782241,5
34844961,2
31435071,7
29049771,0
28154976,2
37023166,2
22779650,3
11672513,4
27302795,2
36794701,0
39282848,2
26874829,1
25814675,2
16110777,0
25194557,6
30748378,7
14225361,2
28924553,3
23905703,7
29055439,6
36792222,3
33356753,4
31295352,5
24715229,7
23263071,4
32929910,3
5715217,1
24316906,1
35536670,3
22766366,0
20394025,4
30675236,3
7611510,6
29323850,1
29053122,4
33248875,2
33995477,0
13111410,1
31991806,3
10694150,1
31568441,6
6535062,5
24693714,2
28516906,3
33253657,3
3123796,5
7384066,3
2380031,4
31194718,3
22179800,3
2990945,2
38333259,2
35818975,7
22935732,1
30276185,1
1645384,3
36315314,3
17577821,1
29403784,0
26744920,3
17662887,7
28392937,3
4110511,3
33916150,5
15840661,5
38808959,0
13404368,5
33294758,4
22688854,4
14821297,2
25234137,0
30310885,7
21039786,1
24269795,3
21953121,0
19466343,3
31668444,2
27178055,0
21509858,2
12533119,7
31215172,7
34113548,5
37218887,3
13845608,6
23068872,0
17180560,3
27135635,0
35784095,3
14668475,2
29184871,5
9907778,1
20115578,1
36049580,0
21890792,7
17610275,6
38897091,7
31177029,3
31978948,5
39132439,4
19907865,4
31039043,2
1872016,0
36278041,3
18501867,0
17535318,3
17146816,4
20481027,6
9674065,1
33634310,3
33178216,6
9488945,2
39762772,2
12444770,5
25145384,3
17896936,0
24830952,0
30483977,3
15035409,3
13052282,1
23172325,6
30607428,3
29334505,0
16294174,3
33506372,3
11164286,0
1120139,5
40041902,5
7251414,1
20249397,3
14410453,4
19544589,0
28978491,3
15030011,0
27388403,0
30839297,6
3449039,4
16668639,5
38647525,1
32569722,0
35820782,1
13939677,3
5237485,3
23902645,4
36333737,3
11020663,5
35633421,7
29745593,0
21412318,0
10962448,6
25273365,0
34793989,0
37644632,0
26881631,2
7486189,4
33595230,1
28831539,2
37360343,4
38777654,4
9316697,5
22773905,3
19733666,3
10511654,6
32473192,4
34884408,2
38540394,0
34333594,7
30969513,0
6273191,3
6808798,6
39541791,5
21803956,6
22881585,4
34164137,2
40101925,7
35242940,7
24119708,3
32704870,2
37619571,2
38947967,7
23619945,7
30271882,4
19883026,7
37078919,3
23285743,1
23002438,2
21757544,4
15582956,1
30850829,2
28933739,2
37192937,3
14069890,3
36526140,7
2763432,3
22044220,0
35337250,0
11280388,3
24367930,3
28242902,3
5097092,3
31019573,3
15371505,4
31100433,2
29317262,3
18427711,1
19337952,4
39529662,7
26292906,7
21362224,4
7502566,5
13202649,4
33737126,5
35808754,6
20248760,0
17592581,6
39618814,4
39196788,6
14313025,2
39914160,3
30242328,3
29452735,0
27032991,3
28789986,5
34436091,1
33137277,6
19688078,0
22403897,6
22859493,3
35992600,0
8031636,4
17156769,3
36702421,7
36953452,0
6197580,1
13918652,0
749000,5
24627919,2
12799772,4
14794296,6
34130717,4
19803039,2
23460357,0
19084223,0
37032174,0
37247111,3
9224284,0
38405122,0
34833473,3
32661495,3
31523241,6
29349522,1
39454471,7
11622700,2
38691009,0
33344809,0
21929716,4
39384922,0
27390751,3
27618651,3
35754837,3
35362707,7
7259316,5
34988748,0
25183798,5
39584544,7
7433232,3
31905949,5
26661177,3
1780763,0
31216574,4
12886902,0
7092821,4
32636307,5
7995202,2
31094044,3
28712167,2
37981890,3
13309255,2
34739151,7
32918014,2
7668551,3
35933201,7
13872174,7
39071050,2
37852994,7
30625881,0
14929304,4
16484167,6
17403175,2
11394820,0
30006740,4
31254278,0
37176167,4
39864563,0
37472336,2
31548586,2
34145566,0
26392752,0
39396610,5
31923003,0
21963929,5
28949303,1
36494860,4
28976249,0
38725187,3
30272269,4
1053344,5
885625,7
13167990,0
39518534,3
19573477,4
31437660,0
31057009,1
19494449,0
30362023,2
34269772,3
34012417,0
2924781,2
37441698,2
35894570,7
8537375,6
9006093,2
33795535,3
20720108,7
32152613,2
32514077,3
24265375,0
38315475,7
1610781,2
8682848,6
29882322,6
18835525,3
34023927,2
3494780,0
21830650,0
20801032,3
37528718,4
8367609,5
30719986,0
17819152,3
19508028,0
4642589,4
16786633,6
14505086,1
39302594,2
14294353,6
15182284,0
28500422,3
10914416,4
39507711,6
30676333,3
31504353,3
36839212,4
6479676,0
34132279,2
4494532,3
22186207,3
30210677,5
30633320,2
12241550,5
6014428,3
17755621,2
37279357,2
27489781,3
40076534,0
9876838,2
30710144,1
8394680,2
30357527,0
28099784,0
18213789,7
22072112,3
4903413,2
14220505,1
29988241,3
26785354,0
601874,2
39090875,3
28097247,5
12975456,6
35216526,3
30607364,2
38952059,2
29040609,0
40127794,3
40018083,3
34955321,3
33629033,3
16892696,1
4413912,3
29268012,6
14755946,1
35291232,2
12550379,0
26302575,5
954823,2
39652788,6
30194277,2
40061520,0
26283259,3
39839968,4
39036229,1
27112708,3
34892420,5
38573769,0
36252310,3
39427540,3
25944968,5
5396447,0
28950020,7
18522273,2
17827758,4
38214721,6
27921902,7
19530375,3
34053223,3
5250183,4
2049849,6
27341801,2
14497022,5
15951228,1
36018851,7
8375329,3
25404179,2
2443383,1
31608133,3
27645172,4
21514517,0
12959615,3
24746582,2
16731557,3
27984840,5
26902034,7
33665467,2
6036129,2
34375363,7
33170862,4
36486079,7
29460274,3
31225140,2
23618769,5
29372745,2
3411469,4
29420870,2
23403190,3
22846048,5
22972720,6
23281782,3
38165636,3
6354260,3
28879485,2
25904090,5
21758760,7
15080672,4
2266503,5
13871769,6
26518730,1
12179271,6
20858516,3
30294905,5
7493459,3
31145163,2
28035995,3
22048996,2
11219770,0
18348634,2
10388411,6
26472114,7
19945963,0
16861013,0
22308945,4
21716368,7
1057638,1
35809398,2
8286015,7
28384680,7
35087283,3
20860846,7
26747122,2
39306811,4
1512600,2
35329655,4
23446565,4
26288294,6
28856605,3
28460881,0
24077760,0
2501431,0
24947814,6
30881858,3
28316815,4
3443157,5
21383115,0
33544897,7
33476590,5
32776762,3
32667423,3
16951602,0
5363856,5
32402536,1
5656564,5
35644599,3
25849696,4
35196753,4
27930334,5
33093117,7
14099308,6
30174143,0
5321789,5
24162379,7
20528152,3
34005494,7
25212696,0
33653724,3
4330723,0
38419554,4
25642134,5
20019516,3
25235833,1
35447865,7
5928959,4
11357851,4
29612925,7
32210270,4
18518326,6
12902134,3
28094766,2
31105931,7
32237379,4
27925113,4
9617001,1
16730559,0
37152307,5
26330342,7
12023488,6
34414111,7
34191340,0
10653422,1
37324606,5
24313055,3
33525279,7
29401025,2
28427236,7
31128622,1
12577179,0
23351876,0
35176862,6
17788030,1
32705272,5
22938101,4
15836692,1
29019340,6
5933313,3
23927803,2
35504329,0
19447456,2
5465010,1
22239909,6
4828598,3
35471471,2
17262540,2
22686339,2
39070030,7
33768386,2
28830953,5
39733655,4
24216729,5
37455933,4
24334431,5
22084163,7
39617894,7
25415479,7
7976684,7
21447174,3
27657018,0
15096306,2
3500997,3
17065413,3
31941685,2
13023073,3
34565895,2
19270960,3
23125243,4
9219313,1
6284413,5
39352371,3
26624193,3
33518554,3
29522874,7
12355740,4
38209343,2
15675667,3
12393044,3
12104005,1
39100425,4
38083667,6
38762247,5
5080756,3
30506160,3
33297814,6
26752252,3
26445403,3
7192390,7
21877327,5
35364084,1
16223787,3
34879508,7
22575050,3
24669497,1
10303248,6
6540502,0
24707143,7
31153536,3
2922628,6
24877912,7
10889930,2
14839366,1
39702803,3
25965332,1
26592415,3
21197304,5
5643358,5
39275533,3
5160965,0
18963819,1
22650393,1
36782588,7
26514865,0
13249341,6
19017324,1
36762199,7
24001123,3
39683521,4
14360006,6
30786933,5
24211537,3
33675624,7
35538388,3
32223894,4
27697939,5
38995640,1
359498,6
34028293,3
11687302,2
37980812,0
39184071,3
29872349,6
31172220,7
20785987,5
39682342,0
31588232,3
29165171,3
10417108,0
1894846,0
17250477,3
33791608,5
22395185,3
29149744,1
32142150,0
9747059,0
18488287,5
13884328,3
27112286,4
30895093,7
35877208,2
21276576,7
12698102,6
22873511,5
10131811,3
26924193,2
7827196,2
2838707,4
34580796,0
24988809,7
26479280,1
33458277,1
3112456,1
34970948,3
16056104,2
30956362,4
29332163,3
13466341,1
34577792,6
37973589,7
30317213,1
38933789,2
2082145,7
35068300,4
38578378,0
30704214,2
37691973,5
39321678,1
20929790,1
36503178,7
13798344,6
37191893,3
8456401,2
394895,1
39258087,2
27647871,5
39490657,6
22212336,7
1445989,6
36454339,0
31270373,2
23166772,0
21622988,3
17203935,4
27167133,3
27571512,1
3419624,1
18542107,0
17203253,0
24981565,7
6737846,3
27133165,7
33469327,0
22269429,3
20669665,0
20677686,6
38488923,0
21346498,1
27137266,7
33971230,1
22847765,7
32640047,2
1347727,3
39922316,2
12189943,0
35189203,7
1249165,2
1836633,6
22493605,3
36603513,1
24254945,4
16100204,6
20160902,3
33259191,2
38491602,3
28672271,3
21495032,7
25372911,2
35633017,7
39644202,0
32114215,7
37640606,0
12180822,7
12915668,0
26097916,3
31720272,4
11763448,0
27989674,0
20883189,7
32801417,2
35805573,3
11010445,4
24126266,2
24045816,6
34596411,5
12784624,0
1861836,2
28931142,6
31805681,0
10035167,5
26297698,0
25261582,2
35587850,3
1351227,5
26878540,3
10555671,1
37832228,6
18340576,4
35247108,3
36899831,0
36313934,7
17135979,0
5673304,3
13113168,5
36428064,0
19017283,6
35522430,0
11722950,4
9319430,5
12992316,1
33117704,0
4427543,3
738301,5
2119682,5
39069841,5
14531544,7
5207305,7
30842119,6
20028202,3
34917828,2
22222662,4
34013142,5
36924748,5
32522750,5
36998498,3
29074509,4
7561969,2
25435908,1
40118266,5
37501075,7
37800639,6
20855090,0
27680024,7
17134024,0
28868693,1
36784908,3
27159558,4
12988780,6
11239567,4
14615847,5
17156943,4
7273215,0
18263475,5
5728248,3
17634940,4
27010588,3
34773838,1
31604446,2
23198665,2
10627221,3
30986482,3
39886063,3
28988814,5
31825633,2
5895588,5
19624038,3
34602999,0
3286607,3
18194440,4
1417902,4
40073003,7
16880252,1
31160197,3
9057497,0
15685894,7
26075841,3
854906,1
27434643,2
21115449,3
28533354,5
13592734,4
39650828,3
38951194,2
11773516,3
18678117,3
32403893,3
33707609,5
19560838,5
34822324,7
4611410,4
29803949,2
22979141,4
28939470,2
34560607,5
38369188,7
10586787,6
35227147,7
29309302,0
30907851,3
23208368,7
22546969,6
35946816,0
23511679,3
16981926,5
24421993,5
26112049,6
39856709,1
6024622,7
14664753,1
20727780,2
31162657,4
37154201,3
28400961,2
5786653,4
1902813,5
29294646,7
27317442,3
5781043,3
33979392,7
23121942,4
4148974,0
26818513,2
39297793,2
38602060,3
32900735,3
2829919,4
17593972,0
11505558,6
38156023,7
30360659,3
13676141,0
39922084,1
36228723,7
10079163,0
14131338,2
38796217,5
9219318,1
7340786,3
37082877,3
33856026,1
28293310,1
22884370,3
37806114,5
30762203,5
18610198,7
8545870,3
27420478,3
11917547,3
26921035,0
12282222,1
21248245,7
19841116,6
25070051,4
22702767,7
29640856,4
22444586,7
17304123,0
37008080,2
19542873,0
24355290,3
36638946,3
16936009,3
21043394,4
23068426,1
12272529,3
27403413,2
2227469,1
23741653,4
39951230,5
13120892,7
34828885,7
13736554,0
32288755,2
24318505,0
30725700,3
8660677,0
37227887,3
29424953,7
25321702,2
19201708,1
29868660,2
29004697,4
13128860,3
21767387,1
33569383,0
28077180,5
31595704,7
11207368,3
5543989,2
37587028,0
16430943,7
16872210,6
33281171,5
38809840,3
14679198,3
28462627,5
3680635,3
37197517,2
36038284,1
3887336,0
15191492,4
10964982,0
25104261,0
28952118,7
27129037,1
18679511,2
32189476,3
18786128,1
39915320,3
35735408,7
29009647,6
33287930,3
20906948,0
22910772,3
29466404,6
6633506,4
40100626,3
34738971,7
2609719,5
27003492,1
39117843,0
13910975,6
36538556,3
2685097,3
32397895,6
25031298,0
28100583,2
1854718,1
24243991,2
40093816,0
33413309,3
39902092,4
27030952,0
22628076,2
37252774,7
25103457,2
1713038,6
10835266,5
26153242,3
39740498,5
39494046,7
13351002,4
1894591,6
37947765,5
25075364,3
25615853,0
11209054,6
37000231,3
18290658,3
36939681,7
38601538,7
21866036,2
33000104,1
33332370,4
14991203,2
26021086,5
22317436,6
30715337,0
22507707,0
34738808,4
38352345,1
18334693,4
27914065,2
29539591,6
16323139,7
29166604,3
3874613,6
16715623,4
29241261,4
38559778,3
31547652,3
26050958,1
15209446,2
40074155,3
35807817,4
26323143,7
12748291,2
25663981,6
33076550,0
10202078,3
30107915,4
39580495,3
30114257,2
1550134,0
38743551,3
22873043,2
13859811,3
36589666,3
20195668,0
18323696,6
28924354,0
28948898,7
33534223,2
32934360,0
39553371,0
10468165,5
36821548,5
15561230,3
21309532,7
39739644,7
35279025,5
29358872,7
25987179,2
39928463,3
9729818,4
21799921,3
38233504,7
33989586,4
34320925,1
7536797,4
19134175,7
28889786,3
23251505,0
25549854,3
19566555,2
36772082,7
37936427,3
30682342,4
22084418,0
36448002,0
9613759,5
9134778,3
18935626,3
31186256,3
11221573,3
24844121,2
39127002,2
35485340,0
3745606,3
21463392,5
1598331,1
39416021,3
37683558,0
38138666,1
34075111,3
36983967,3
38200293,3
33642673,0
6522580,2
24156357,4
6569313,3
35721807,3
27088893,7
13045580,3
39693354,0
10679083,6
27897382,5
38944172,3
18767142,3
16961497,0
38717058,5
29194926,3
23443079,6
25838184,3
21893430,1
14573182,0
27509612,4
26711011,3
27626783,4
26673878,0
2047459,6
31762188,7
25883198,7
33184240,0
13966541,3
33746097,2
36624685,3
9576562,0
10442551,7
21844710,3
40126279,3
38572534,7
29152952,3
10589766,2
11939207,3
28978068,3
17368509,0
26029889,4
15356649,4
38388590,2
21804094,3
39196355,0
13504334,5
11107017,4
33661534,5
21590275,6
1905721,3
38349652,5
16999939,0
36627804,5
30228366,2
4893585,0
20172103,5
22360985,0
37933629,3
22801146,0
18850907,3
8611651,5
30927413,4
20042205,2
7615505,5
29183482,0
3760615,7
11069427,2
29046442,3
10106083,3
31126179,7
17748786,0
26496388,2
29150501,3
37974475,3
32900346,5
20808614,4
12467471,5
28866663,3
35569833,7
14574707,1
37512737,2
39599050,2
3340756,0
36076154,0
832485,0
38192651,7
38509807,6
39313762,1
14663071,7
25297778,0
23658378,7
38243547,3
27343504,4
39723570,3
32344829,2
23944651,3
16062749,6
18293096,3
34491359,2
32239234,6
39403002,2
17499806,3
31923537,0
3686256,2
28953653,5
34929261,7
21557117,4
17411132,2
37434611,5
27600893,7
22921804,3
38996464,2
13408711,0
12642061,3
31957564,1
29625470,2
21995426,3
25358368,4
45500,1
39584109,1
35244546,7
35802407,3
35580460,7
9903053,0
24507182,3
17406470,4
29400631,0
25614246,1
13572522,1
3015967,3
16371352,5
35237814,0
29138743,3
31979081,3
19699432,2
23161913,0
33766610,2
32738824,3
28382850,4
39036109,4
36158700,2
39500513,5
37042071,0
34312258,2
29975811,3
34372102,4
28248826,5
26292114,7
38171196,6
10516387,2
22681763,0
27599654,3
33216515,2
21639446,3
24191062,6
39195711,2
10704292,4
35768633,7
21756204,6
34499982,3
35858146,2
38238208,3
33924263,1
23699432,3
16978755,0
21292974,3
33858512,2
26295136,5
16951331,3
24237335,2
37571177,7
33072604,7
39880244,3
33066307,4
9332222,4
21614065,7
33271926,4
26899658,2
19695494,2
29924114,2
27947419,7
12018688,3
7157768,5
39726661,3
33765029,7
37743773,6
29921700,3
17620646,4
3238558,2
37886917,3
39642721,7
9286474,7
30087815,3
22807436,3
34832869,0
24983938,3
21341306,2
31125029,3
34240818,3
38721265,3
29917123,3
11999374,0
39969438,5
36865257,3
23553075,1
38528759,1
34586382,3
26594332,4
20619851,3
38255064,3
38836249,2
23140529,0
33703775,5
36322986,6
36588169,3
35825967,7
20250533,2
35216788,3
35449270,3
257956,2
13608745,4
31511196,4
844142,6
35477571,3
16935255,3
26300077,0
30421187,7
39298928,1
26286142,3
33349303,3
19614723,6
34021273,7
9417379,4
30063913,3
22447004,1
11208645,2
31749334,3
12452017,3
14793926,3
15034267,1
29225750,5
6196355,1
39482140,4
36571500,4
27568106,1
39980030,6
24464418,5
23655666,5
36311534,3
27451612,7
24640850,5
29324346,1
25422073,7
35754302,3
15284154,4
9737786,1
360368,6
33328656,5
32974756,0
19599578,3
28333760,7
11279804,3
14115318,5
40117702,7
1634502,6
33631216,1
12709194,6
27631702,6
16711923,6
4036009,4
24829880,0
25368493,0
7875643,3
36396004,0
22937653,4
34604660,5
37401838,7
34227717,7
10918122,4
20327621,2
29103566,6
23089179,3
21765938,0
26365544,2
32617538,3
25111752,4
36983233,3
37134589,7
24274277,6
12333004,3
32708530,1
28893314,3
3131488,0
22691249,3
34078500,4
36045059,0
20406771,5
20296224,7
8881993,3
39369260,1
37736531,0
17715222,1
39418477,2
28950669,2
37231325,2
31893039,0
8169249,3
24551464,6
16107884,7
70797,3
10056274,0
10357193,1
4307658,5
35136244,7
23251740,5
29451686,2
26620997,7
14129405,2
30830776,7
26645240,3
14962646,3
1571442,2
1145662,2
27717152,4
7832264,4
3387655,6
21329871,2
12100324,4
21819649,2
32408167,3
4536556,4
25918115,7
32970938,1
23254983,1
30512962,4
19896616,4
27687867,3
24535920,4
6789927,3
6782133,5
19957516,7
33450285,7
27437986,0
38834243,1
27972621,4
38245701,1
20462965,4
35842767,3
5020732,3
38051602,4
5660762,4
31616840,1
39180027,2
3694177,0
33977521,4
14500373,2
5349671,4
30000023,1
33787073,4
5311711,2
36805105,0
35538828,3
8685994,3
23836402,3
35635154,2
40111624,0
25412943,4
2824244,6
25928425,6
22026644,0
15365940,0
22108152,5
19282767,2
33561005,6
36414184,0
28358260,4
33273197,4
10515891,5
30899411,3
24702807,7
4956984,3
4259039,5
2946519,3
19479758,4
28640911,3
1739969,4
29686692,3
39860998,1
17478165,3
35470131,3
27023229,4
23940828,5
19164286,7
29982248,2
39934721,0
31555834,7
9929689,1
29624251,0
14513418,3
27614444,3
10515992,7
38161133,7
21714400,0
29010431,1
13634800,4
27079249,7
14639936,3
24631127,3
16493553,4
31503874,7
35573825,4
7168971,3
27014924,4
3079670,2
10205969,3
39635483,0
3445006,6
34303426,5
31043730,1
14072600,7
26445560,7
29183720,7
37653945,7
19604711,3
19063941,1
22831516,1
35744351,7
39353758,7
19506105,5
9548268,0
38172610,4
18901470,1
35739839,3
15292072,1
38737561,3
9559601,2
22239029,0
33875249,3
29265877,1
12702879,2
29492971,3
22864042,3
8659226,0
38806095,1
37263743,5
24239780,1
32668514,3
16453644,3
31374442,3
28709826,0
40127436,5
28605255,2
6921699,3
23180384,2
37836550,3
39493153,2
38963473,4
9170501,6
33483707,3
28099526,2
1970680,3
2001940,6
9909466,3
12169258,0
27096588,2
22022621,6
35302682,0
30144554,3
3918241,2
34988040,7
1765848,0
33599156,3
34329652,3
34607393,5
36193114,4
4617987,1
28264697,3
39950416,0
30769048,2
32015435,4
35897254,5
30986381,0
31596229,3
29022624,2
28138021,3
19715162,7
10568158,3
16755312,5
36668692,7
23634065,5
22732449,3
13241093,0
21729054,2
32082926,3
16301013,2
38151866,0
20042423,5
11086346,5
16957226,0
32059090,4
24181001,7
30489707,6
16515078,0
29578956,3
36802411,6
38208095,0
19753136,1
32150795,4
31165644,7
32028742,3
31521778,0
39313677,3
32462448,5
21666229,2
22479219,2
17181912,0
10817360,3
25744925,3
3498263,2
1594052,4
16524214,0
30224951,0
13614877,4
34458665,4
27074322,3
35810360,1
39441925,7
25603686,2
5362097,6
11619894,3
25090752,0
34101499,4
29534908,7
34920512,4
15442037,2
12844963,6
3460650,6
25142915,3
34884567,6
3316301,5
13349856,0
36000400,7
34032522,4
27759077,0
21341771,5
21222114,2
32805264,6
32819933,3
35094611,3
28024446,3
26465349,4
24399626,0
27167381,7
22595232,3
9378824,4
5529672,0
20391329,5
35583702,7
13850527,0
10748075,4
38884376,2
18139362,1
29555579,4
22609272,6
19491546,0
30925695,0
32213178,6
33312950,0
22080606,4
25560537,6
31325655,5
17870872,4
15941956,2
3890726,4
20632718,3
12177541,3
27137637,4
11448412,2
30253745,6
14778167,4
19081462,2
25096639,4
33440929,4
32614115,0
32853485,0
22750851,7
16260807,3
34828545,7
23300295,3
26648724,7
13277233,1
11158988,7
9350129,3
5871542,6
23819654,0
9756761,3
21163113,4
38998333,5
974931,3
21304272,0
22354668,2
26037390,5
37248125,3
22772619,5
21255168,0
12989576,4
5318311,7
32737627,0
16076775,0
12709945,3
35358248,3
36054382,0
30448762,7
29310116,3
5656798,7
34014483,3
16469018,6
29680362,4
6066797,3
28875429,0
26525137,3
22860909,2
4544154,0
30399622,7
38126159,3
13998693,0
18422131,6
18819954,2
28637928,3
27502455,4
17407691,0
22141648,4
35919807,7
18554719,0
38782004,2
13109274,3
12377473,0
37383812,2
19737432,2
17619703,0
23861468,3
23930274,7
23534060,4
23552809,0
23695414,2
39938083,4
21456729,5
14457596,3
8052002,2
36767717,1
13881395,3
33411053,7
26828368,0
9964118,5
18861877,1
37229398,2
32198096,0
12838114,6
22418336,0
32199241,2
12486778,2
27925251,5
32039888,4
35272572,1
32235617,0
6175237,7
4103031,0
11047034,4
13479286,5
9540311,5
9886575,0
37266035,7
40098058,7
34751942,3
4493844,6
25703711,1
4481644,1
11668031,7
24875797,5
26379420,5
37404234,1
3454437,6
32744940,7
6714723,5
28436482,3
28166439,3
14423363,3
27760421,6
2911946,2
25898086,3
17538906,1
38575332,5
19301330,6
17843298,3
39356761,6
31790284,7
37273158,0
23873240,1
24120894,3
11663452,0
464010,5
8789090,0
36694549,7
13957624,0
11469674,0
32917436,1
14028775,4
25226759,2
11630374,5
20663898,3
3022898,4
36553615,7
14383474,2
34647232,2
26461800,1
37024822,2
34505129,0
10527593,0
14670388,3
1841730,4
9762466,0
31190332,0
5483096,1
25473736,2
15184588,6
24150894,6
37424750,7
33298258,7
2255721,4
37423185,0
30757487,7
14322641,3
29449917,3
36519495,3
39369347,0
38968723,2
4850748,5
5877353,6
16043124,4
34696100,2
35729313,3
38990723,7
27364375,6
23988736,7
21456143,0
27883234,3
35140860,1
34861431,5
17290936,2
18270623,3
30156498,5
28255905,3
37341766,3
29872668,6
17317595,0
2845177,5
37578876,7
39860556,6
24351695,4
29529485,4
13892730,2
39199209,3
34527319,0
39424826,6
14335284,5
36884286,3
20422510,3
20281946,0
19676564,0
36554257,4
12129986,5
24687872,2
11570326,1
21414639,7
22109275,6
22111408,1
37038056,3
27430045,7
33511284,7
13831451,6
32759960,5
31240376,1
24186423,4
24480009,4
24274799,1
13187420,2
36933016,3
34400303,5
29290874,0
22920928,3
33259710,4
15328566,6
27438498,5
22679856,7
36568371,7
32938341,5
26789123,6
30102318,3
29333208,3
18493194,5
13966603,0
2847979,1
13807623,1
31998834,3
16063928,1
26897536,7
11345765,7
26005403,0
34242919,6
20469024,1
33960570,3
9451142,6
1083402,3
10751948,3
2067710,4
5154479,2
6000205,5
32059711,7
21389741,4
3224628,4
35017332,3
28326378,3
37755080,3
28722971,1
16216102,3
9265551,2
33070321,2
33349126,3
19076977,1
18213544,4
23442696,4
33138392,3
27627440,2
25489418,4
24986855,6
38335811,4
11677847,6
34304189,3
24533128,1
27830672,0
38338177,7
33678351,4
1726640,3
19131147,7
5300988,6
27585670,5
38937984,2
16679560,3
33692949,3
28596608,2
18632566,5
29380739,6
20914655,2
38442962,3
36165262,1
2858920,3
12179892,2
33542473,3
30006169,3
22771579,0
13379631,5
19796834,0
2365126,2
39461428,2
8210161,0
31422996,1
16049355,0
19964747,3
25852709,7
12572040,7
4121240,3
31950331,0
4109848,6
36338250,3
20241303,6
28640564,2
12233208,0
27951158,3
15590100,3
10834721,4
20689760,0
7581951,1
3373188,6
14278424,4
30383989,0
37292266,2
14503434,5
35611946,4
17709240,3
34003285,3
37418200,0
8958796,3
16490869,3
10100276,2
37346050,7
26201929,5
2150108,3
20035604,6
19820600,2
35343798,7
37954489,7
22067785,0
3391920,2
32883606,6
6168727,0
19749404,0
34571161,6
25140826,4
39785661,7
31683724,3
25440750,2
38632687,3
32507715,0
5161037,5
36608077,3
32069347,5
32814217,4
37605555,2
31619880,2
14948711,3
24689395,0
39089397,0
29577849,6
37356638,0
12996632,5
28201090,0
31237091,2
30652387,5
19412462,0
31588148,3
35921408,2
32979715,1
17527851,3
27837662,3
15526772,3
30879608,0
34316107,6
31901171,0
3617772,1
5434520,4
6328267,6
24900064,0
35052362,0
26044386,2
30270765,2
24219446,3
28122542,0
36644063,2
39210127,7
10118762,3
36110242,2
22975998,4
25027198,4
39907237,2
7369247,7
12879322,2
37189968,6
37438380,3
25063919,1
22209311,3
16426387,5
37236834,4
29690484,2
27920380,6
19037703,4
35693574,5
17718895,0
9750481,4
30989051,6
38271944,6
13503409,3
8626157,6
19101864,7
30076125,5
24023105,1
7557098,7
20551216,4
3985453,7
31208739,0
8421337,3
30210381,2
32152740,5
3175925,0
7155152,3
2099666,4
959985,4
11501950,4
35554982,0
34900461,2
8018870,3
38524483,1
28435032,1
13409386,5
26046256,3
32715836,2
7937994,6
1823493,1
18390874,2
32982012,7
5938011,1
34865006,0
20789434,4
12829525,0
36440533,1
32943227,4
27179016,4
39576673,6
31629994,6
27159883,0
30386515,4
17703956,6
31226625,5
18146149,3
31302227,2
34544047,2
24745852,2
8294842,2
35589968,2
23543452,4
29254077,3
6909495,5
38327803,0
29571621,3
3077557,3
39660005,5
14525736,2
16782639,0
13590192,4
25189017,5
32708323,5
37356728,6
19713141,1
26211814,2
22335677,4
30646152,7
6296584,5
22030696,5
17596893,1
39901135,3
27848816,6
32237794,0
8455358,3
10510124,3
35260519,5
4765629,2
34517270,3
16962430,3
32096777,7
8911735,6
16243955,7
24011431,7
5369383,5
33776657,7
34788559,2
29334550,2
25612920,6
23504803,3
23354508,2
3718251,3
17015307,6
37272995,0
27289142,1
10877249,5
24770369,5
31252939,3
12942159,1
20476362,1
4406102,4
35225561,4
17604316,6
31926460,4
15552486,3
34947935,1
26324468,0
34503795,1
32201872,0
39443814,7
5649540,3
3506498,6
4286036,3
26780347,4
25394014,0
4819300,7
35291183,4
29947654,2
37973693,7
34914142,0
27551821,7
31215837,3
8239554,2
16598777,2
6720440,6
31108312,5
7442570,0
20004307,2
35007553,2
19443431,0
28410776,2
34099351,2
18236350,4
37986834,3
31502405,6
302163,0
26588923,5
30604952,2
24410900,3
23394378,0
22841888,6
25372677,6
39835704,5
8522390,4
3001750,6
28704145,0
21901102,0
12998908,6
15467977,1
38147839,7
14876929,1
16247157,4
27534738,1
14973217,3
15959936,5
35894511,2
15598313,6
32143149,5
10782340,5
32461057,3
27302285,4
22310604,1
31618755,0
30427445,1
36534850,3
16039463,6
28166011,3
38727035,2
26780348,3
2484527,3
14122272,3
29506802,3
19824805,3
17454216,6
32378475,5
7218795,0
33249350,0
31109366,3
18902102,7
29212205,5
27723909,5
38110263,3
34823688,5
3916762,3
29523772,3
37433093,7
31883505,2
8905268,5
20074620,2
34494748,5
3187964,4
25984273,3
2283704,5
9151102,3
25041144,0
7017330,5
25973366,2
7092000,6
12052478,3
27518112,2
4387869,2
38118721,7
28595893,5
33231938,3
39354428,7
12467607,4
35377013,3
33650960,7
26547421,3
13498784,0
33744765,7
28062955,5
37757747,0
2792650,3
24298752,4
24157535,2
2189288,6
18274671,2
21364934,7
31013472,1
32211446,4
37538925,0
7531310,3
30678737,7
27024986,3
19750094,0
27839195,3
17839322,6
13807320,7
18413305,6
18915920,2
10149994,3
35645548,4
27785855,1
6315109,3
25701196,7
34737206,2
22379520,3
39609356,2
19482844,0
24049867,1
2916245,1
24494356,7
26263458,4
13514751,2
16343034,6
27655768,4
3761391,6
8859864,3
38335249,7
29214629,0
34640779,7
3484293,6
6131620,1
29246277,3
36833442,2
22206070,4
15940389,7
12254898,7
34712547,6
26478208,1
4419595,6
24619150,4
31680482,1
20367739,5
37319967,2
35349103,4
19966759,5
33747385,0
39769196,0
28955958,7
39846705,7
20275934,7
10287169,5
38681740,3
33405556,3
17844578,0
36957520,7
30339413,3
2485378,3
29504692,7
15319280,0
22581301,5
19722370,0
17103215,5
25964026,7
24263020,5
34821477,4
11190471,4
23841975,2
12676566,3
28289187,3
26005454,0
24677659,5
20283478,0
14760751,1
11748169,3
33185147,2
32235671,4
11600196,1
24109903,5
37779884,1
38464661,2
26387986,3
8146785,2
27761466,3
36523313,7
14231068,6
35813212,0
12970896,0
38854276,7
30644427,0
29687436,0
4771412,2
13318206,1
40099281,2
22146370,7
25144789,3
20602077,0
28006100,6
28755771,3
27437598,3
39312470,7
35685503,4
10267620,6
32190404,4
18038167,6
26103821,3
39040174,6
31958477,5
28158403,0
1042751,0
38288881,5
34242392,1
12666990,7
26529379,6
14469145,0
37343952,2
35164801,7
36194091,6
23226947,0
18948788,7
11069704,1
20966608,0
40003839,0
5266978,6
39834321,7
27459302,2
32710729,5
30782551,3
5846807,3
27116740,6
12738919,0
9388993,3
11473930,1
34827363,1
30963292,2
27442298,5
10103296,6
21140038,4
23864242,4
39539606,6
2280961,6
32953280,4
36144718,2
33141595,0
32424555,0
23566946,0
26522320,3
16154623,4
30989043,1
39491327,3
20909563,0
14692753,6
15408275,2
1728266,1
12797658,7
32910093,4
31419666,0
21801387,7
38621672,3
15784357,5
36040996,6
36145275,3
27264026,6
24130044,7
19663037,0
4940791,2
39971822,4
28357779,3
12779053,0
38109221,5
16619882,3
33923032,0
30373912,7
39602579,5
33168284,4
8542725,3
35593238,6
8506239,6
28247778,3
36636416,3
31207528,4
37759458,2
24971830,7
34990016,6
19758322,2
21766905,7
5383830,2
31687379,2
33787173,7
38578685,2
497765,3
4214261,3
21782655,0
24514571,2
20042478,3
34084151,3
37757839,4
1951012,6
27277623,0
3634420,3
8633365,2
16322862,0
37984214,0
36599584,4
29539245,7
24166569,3
31058993,0
33451965,0
28271655,7
39957629,3
18772706,3
11463527,0
26629789,3
18833731,2
23627331,0
23606561,7
37871418,2
24235836,2
39755553,3
36734595,0
29529852,5
39088415,3
10523242,6
24764779,3
37953055,1
35340470,5
20691097,5
4121003,3
14847243,3
14115254,3
7850908,2
39668776,4
35669130,0
37084709,2
15153497,3
10546330,4
20982069,1
17128105,5
24595617,3
39021114,4
3225894,2
30905636,4
36135220,5
4741223,3
2262351,2
27857842,0
22097185,7
11343188,4
19545064,3
37911147,3
3301139,5
2242909,5
8927624,4
23589314,4
37736744,3
24850991,4
40074315,3
18132963,2
2904542,3
18838118,5
15801524,3
30385570,5
35440549,0
28998193,3
5953297,0
28799449,0
22349767,6
33506328,7
21322474,2
12804977,6
29214580,6
26848198,0
5761208,3
34063345,7
36043542,5
27571494,3
11541123,3
20778398,4
32955115,0
12255031,3
3155441,0
23709154,7
32158990,7
2869251,6
33006721,0
16161727,5
18097479,5
24720194,3
25259947,7
20960667,5
28183305,2
17643674,6
29375661,0
19849651,3
15081981,6
20911147,0
28969485,1
22921617,4
17923619,2
24924909,7
35077535,0
18080556,4
19311933,2
21324828,0
27299542,2
22875270,2
11762197,4
36591107,2
215132,5
6933535,2
37780246,0
35391458,3
11267853,1
35723759,3
40048298,7
29708990,0
31281202,0
28754971,1
37677148,4
25614165,3
15797670,3
31206079,1
3731278,0
8205789,5
27508442,4
37180112,2
17283906,1
16762709,3
20405887,3
31126596,4
25565919,5
39726455,2
39478117,3
23422449,5
23319936,3
36051581,2
19915697,0
22968915,2
6680676,4
28646167,2
17515430,6
17312176,1
29597758,3
37528925,7
35408919,4
20183423,0
23456629,2
19591301,4
20518782,5
17773782,2
26005781,1
11683761,1
19260253,2
18792933,6
36814983,0
17776417,7
6671620,3
10513076,3
17677203,3
22966655,2
12830512,3
20569675,2
16959051,7
36024163,0
38790548,3
24495695,7
39252085,0
14897833,3
2351008,6
27261512,1
31792671,3
8461230,3
29667990,7
8709975,6
37445896,7
39509491,4
16341661,0
30257062,3
434641,2
27545182,2
12165200,0
8187461,3
32743427,7
6194736,3
29855646,0
10214105,2
28863676,0
31637263,5
3505479,3
37761161,2
11557413,3
17858891,1
32945426,0
31220768,2
34816130,0
3284289,4
18607392,3
38987557,1
6954108,6
3871209,1
30565945,1
27887825,0
28304802,5
25404688,3
35543821,3
40108890,3
31468051,5
23576603,0
34912054,2
35588158,3
15477314,3
38839590,3
27916710,7
21742740,5
17749799,2
38839402,3
27800443,3
4594895,3
25344576,7
30709539,7
36413949,7
30538062,7
19150818,3
18444819,5
6465549,2
19082614,0
35545624,5
11202713,1
27444493,7
34238455,7
37697942,2
36879701,1
39890659,2
36758097,6
1362997,6
32364352,0
36983733,6
7268886,3
39561622,4
4362402,6
35959542,7
29987799,3
32090776,7
16872857,3
11128686,7
34209906,3
19729531,5
39239916,7
11531741,3
31324305,4
33464064,3
10011484,2
26215286,2
14922722,3
28221985,0
4081724,2
26534002,5
30533636,3
38784970,3
27429615,2
21235816,0
18028824,2
7403966,7
5773216,7
33907127,0
27886783,2
26276632,2
33271442,3
35944522,0
19918169,3
19167181,7
7832248,5
20506116,3
37756963,3
28861063,1
23676543,3
1148709,0
38831874,6
19495919,4
31009284,1
31775468,3
22077328,3
28275352,7
27320092,0
37618263,5
29415537,2
31936573,7
2627715,3
17378480,6
17301887,7
29726919,0
697594,0
9130370,5
1647112,3
23387891,3
21100368,3
3326514,0
21806814,1
28089861,3
29312763,0
33379171,7
27376572,7
20694420,7
36408096,0
38059812,2
35885981,5
39959713,7
11773755,7
35724250,4
37498562,6
26065027,2
31361377,7
9862655,4
20801229,4
31767593,5
20486032,1
29817518,3
40024952,0
15951488,7
37124944,4
32225209,3
30395720,6
19945270,3
34906380,0
25251913,3
23185486,3
30189013,3
22138673,3
15025695,7
24420910,2
13807860,2
23235964,6
36627895,4
36051263,2
19559191,3
30945113,2
5784870,3
27556628,0
37184776,3
27076503,3
36658202,2
26070340,5
5919452,0
37977885,3
25284060,3
36340395,4
24923806,3
3182760,0
27262353,0
4324049,3
31458426,6
30894353,7
13696208,0
28609758,6
24707349,1
28989262,0
38978084,6
25858046,7
33726819,7
5342504,6
36377501,7
29528597,6
10067415,5
34928725,3
14389513,3
35027685,1
35913975,2
19294898,5
34439940,3
33669281,6
961263,0
5616570,4
7112657,0
2950275,6
19214785,0
497704,1
21883116,6
31536071,1
25113281,0
37293307,3
20103304,1
24191466,0
32154849,2
32939452,2
3835548,1
11626793,4
30188440,3
27670416,5
20570647,4
2007195,4
19841900,0
26995818,5
8859994,6
39229207,3
23151393,2
7115392,7
6982578,2
38546693,3
1714027,0
28571614,0
38303812,4
17807808,3
3519565,0
26494397,3
12613888,7
25949775,2
24481790,2
34980768,2
9341880,5
32538245,4
38445975,7
29605642,0
26768773,7
33852659,6
19709893,3
919104,4
35726066,0
28982305,0
15079186,7
31751210,7
34122809,5
28297973,2
25065616,4
29739253,5
37573805,0
23808327,7
38354580,2
38278157,7
30311997,1
26030515,7
16716813,6
33360370,4
15159027,0
25185638,0
9290018,2
32115900,7
23800442,1
25872711,7
24661925,4
31098412,5
36723393,2
37370745,3
39725880,2
32202957,7
24705101,2
30554047,3
11443884,3
15215644,0
33787662,0
31712145,0
36325053,1
38862349,3
16676780,0
32071339,6
11912580,0
27244736,4
1585181,2
24021831,4
10670621,2
35848046,3
14570318,7
25689111,1
8654634,2
3915315,6
33086536,3
33004159,3
39107647,3
33209743,3
25253728,4
3990344,6
20820830,5
39796484,3
2963302,2
39396929,2
4382875,4
39669082,5
39726124,6
38792944,2
35867650,1
34065566,3
2315151,1
29114189,3
30745001,4
26596101,0
4105376,3
34790835,3
6985783,3
33116546,0
17705736,2
39736249,3
39102563,7
17379479,7
27730044,3
4150443,0
18992373,3
8898131,3
5960249,0
1419065,2
27488573,5
19041486,7
30191881,4
31929202,7
24748925,4
33588745,5
34181387,1
26772053,2
37600213,7
34659063,0
65076,2
18949768,2
6219446,6
9645087,3
12208989,1
10237717,6
12620570,0
28992662,5
11538483,6
3384576,5
36991185,2
24455581,4
7453553,4
37007318,2
31371559,1
5980042,4
20062470,7
30950474,4
29754562,0
17661136,7
24985356,4
977491,3
16650426,7
33792332,7
9927699,1
15964056,3
27834477,3
34365760,4
26750855,0
33074967,4
11405673,7
15283478,5
5378616,0
6431495,2
34133309,3
36799362,1
39748867,7
32254464,5
25406691,3
34160529,6
13942686,5
32072881,4
13555174,0
39686410,0
33022444,4
5632351,2
15728613,0
32626982,7
2369492,7
29647068,7
28008622,2
31879751,2
16701416,2
35780960,4
16189728,3
23603419,5
16610311,3
8106900,6
28653011,5
5031196,6
33986145,4
18926732,6
8304203,1
19569556,6
29683082,5
23837498,3
9420886,4
26943638,3
29280210,5
29469459,2
25724788,4
21156519,6
40106794,4
33541956,1
27271227,1
21266199,0
18664226,4
2076260,5
30713062,3
19316074,0
5839286,2
13409460,4
18342087,4
3958750,3
22953025,3
35146415,7
39022897,3
10278608,3
34264828,3
11399335,1
24425864,6
33017872,5
9354087,6
14174241,3
38842022,0
799767,2
18227946,0
31397595,2
39912648,4
16822996,3
33786851,3
31330324,4
33440615,1
25191505,5
14946705,6
9200252,4
32304371,0
17043317,1
24984349,0
27618733,0
22801985,5
36700879,6
33437134,3
11286506,6
1879914,3
37044652,2
26896941,6
2752809,1
39040554,4
18403885,3
38225615,0
16782976,2
14227419,4
37559255,3
36988764,0
38695103,3
31833355,1
16140684,3
23924832,6
21268941,0
10566685,3
33039751,6
2365774,6
36048769,2
30150626,4
37818218,7
16310668,2
15366886,2
34060332,7
22138596,2
23684381,1
34770389,7
21516883,2
24357730,2
13847687,4
36561417,7
11868964,0
8268551,7
13432995,0
27435394,5
18794873,6
38330841,5
243865,0
12584135,0
32205982,7
33929195,4
28163137,3
22570602,5
39146957,6
35962263,3
30258804,4
3918306,2
8143682,0
13424700,5
36554456,7
35895383,7
22122511,7
21312584,1
31544762,1
14875450,7
28429501,3
28708752,3
3730925,2
36713215,2
23185148,3
30482350,3
4083440,4
26549118,4
33614967,5
31444232,5
38116494,1
7280033,3
33718724,6
21739815,6
22614244,4
38334293,3
5397985,5
39201783,7
17341129,3
17854468,3
35269201,1
15798765,1
304216,3
29622305,3
7225906,0
36818291,5
5236855,5
23183298,3
30663433,2
6680413,4
34386667,5
35915075,0
34905616,3
32185089,2
2892746,3
12249150,5
11811060,7
26843598,3
31560065,3
18632703,0
25046307,3
33699529,3
24951563,6
4012841,7
38453545,7
16446357,3
11732805,2
37017377,0
31684032,3
12758430,6
29325967,1
21196441,4
2557179,1
34136717,0
14794234,3
8586216,7
10509527,3
27230705,3
38264887,7
37199342,3
15783991,0
36188632,3
12746149,1
113007,2
24236852,3
8563464,2
14442951,5
31497645,3
38774805,7
29033280,2
35303596,5
7456638,6
34814606,7
30453243,2
15676333,4
30752535,5
25847411,2
39813838,0
22276750,3
21667547,7
10694204,1
14306122,3
2593496,0
34858888,3
27649503,7
28639239,1
39804399,5
26058595,1
31062448,4
37960880,4
39842674,0
35596551,3
26149844,4
33934702,4
8271139,2
11323334,2
15556930,7
3292488,0
36632776,7
26178626,2
19988465,6
34134163,2
19770628,6
25606118,5
28300910,5
16901279,3
39778606,0
21880348,2
13286855,1
37895568,0
4955452,3
20402109,3
20267264,2
19460527,5
14080790,2
4615762,6
23619989,3
33306572,2
36469715,4
11274297,2
28139948,6
29933565,4
31375656,2
33132925,0
38918342,0
2865538,6
15915570,4
31465489,5
26256787,2
31482286,0
1497038,3
1031851,3
35358223,3
8275573,1
38187286,0
34754900,6
30934591,2
25745729,0
26824576,7
19410585,4
29689220,6
2363602,0
27824979,7
1716117,2
33622099,5
20184765,0
14423794,0
33400367,7
26203698,3
38816915,4
39053286,3
31929854,3
33312046,0
6397463,2
22107524,3
29024136,1
21800753,4
32384782,3
36071578,3
9320463,1
10167463,0
1440323,1
12566065,1
22899109,7
22966531,2
5964645,3
22732384,3
24542123,0
6215311,1
21136591,4
27736588,5
19765214,5
22770640,2
34709457,0
38776350,3
34884432,2
9361786,6
29314424,0
10253450,3
18003178,5
16905645,2
25462467,1
1111317,3
5399853,5
30762378,1
39666459,4
7175376,4
13219546,0
17278597,1
18996444,0
22177950,4
39148579,2
20601480,3
18755043,6
31832319,1
35066809,0
34104452,3
21645318,3
23640272,2
16781444,3
10757063,5
11931530,2
36036605,0
21921812,5
31211521,7
32920532,4
10875937,7
32049437,4
3523174,1
13513627,1
34212390,3
10540929,7
30952385,7
26482397,0
34846651,0
13167907,1
37236666,7
16802902,0
37369727,2
6971819,0
31445048,2
13608636,2
33337926,3
32981567,4
36852532,5
22697210,1
32958393,3
21642959,3
32553356,3
38369629,7
34339218,3
906509,2
4812555,3
31210786,3
10260350,0
32970684,1
26269366,1
7288686,6
12652905,0
6220274,2
36599346,7
8745130,0
18196251,2
7855534,6
32813386,3
32410981,0
25107031,3
33614932,4
35947363,1
30696978,7
35973615,3
37863967,7
28517258,2
6675556,2
36965951,3
20720287,4
24757551,2
17185238,2
32469591,0
14321515,5
30760451,4
11302648,7
26921020,4
37515461,7
15870647,0
22925285,3
35835966,5
17636160,6
13658447,0
30317740,0
2507726,3
24918930,6
39689099,3
4710094,3
24493563,4
29708456,0
25647871,3
25360450,2
20454118,6
16185400,5
11539632,3
24963054,3
3109951,6
7299344,4
3589214,0
14824822,7
11597345,2
12448592,3
38911202,4
33939486,0
26661420,2
38620892,0
22788135,5
33200590,3
39842332,0
38810448,4
17960311,5
33330276,1
26114518,1
32360641,7
24592132,0
37309031,2
39285004,3
36004227,3
3493061,3
39059631,0
38895282,2
39643601,7
34994814,0
20804629,7
20454066,7
17092138,0
37049021,4
21326245,0
9359234,7
22824829,7
35691265,0
30541311,3
33427357,6
13492764,3
6769068,0
21814379,5
43315,2
35167805,0
39065074,7
31577488,6
26637692,2
28250315,2
20720327,0
39548189,0
25046076,3
26283045,7
33764488,2
26479090,4
33875497,6
15374261,7
1733004,0
1516795,0
26290431,3
16453067,6
34506575,4
16833449,5
5575335,0
21782642,7
24050168,3
29227383,5
36144060,5
6281744,3
27248226,3
9162030,0
35169828,2
6273634,6
16503394,5
21750126,3
36496860,3
32132540,6
23857386,3
36733181,3
13205133,1
6655991,4
28184919,6
13282143,1
15519615,3
15786685,5
37545479,3
39059225,4
25122152,7
35684275,2
33191513,3
39671392,0
29236584,3
17527785,4
19530017,0
26466328,4
22384473,5
8898352,0
30535230,3
19717236,4
33851179,7
37141213,6
31812703,3
29199766,0
16542846,3
27473156,4
39169563,6
38071986,6
21857523,4
25597837,3
35118386,1
26312400,2
31868996,2
34217288,3
28398105,5
27228704,0
24923226,1
21685019,7
3048902,0
16387509,2
23113840,1
37767026,7
31578300,1
13608416,7
33462154,3
39031168,2
25928806,5
32305345,5
35527313,0
24574385,2
13917041,3
14250664,4
16404230,2
10060174,0
6198009,2
8190750,0
32929927,7
14531332,5
9517536,5
39897553,1
32229882,7
28516980,5
2393238,3
20132822,3
28144052,2
35709901,7
16827622,3
34494209,5
6632197,4
31653179,6
6083090,6
22108576,1
19116880,4
3376666,3
39501774,6
34641019,1
8844771,6
35214490,0
5466971,3
29884168,0
36044604,6
26725227,2
35332251,5
32528940,4
34440211,3
8977679,1
13628710,7
9839735,6
3384094,4
13333212,3
23171959,0
2490335,2
13651952,4
32886927,3
6988779,6
22902640,1
30315217,6
2992458,1
9407771,4
27191621,2
36322133,3
13975845,3
20128592,2
26450021,2
7372316,3
9853227,2
22609760,1
11908017,6
30810028,4
22992073,1
28798788,3
4020027,2
28462413,1
27436584,3
19185764,0
34396151,3
13977970,6
31349924,3
27866164,2
16520441,5
40090710,4
11974442,2
17665330,2
14735777,4
32808383,3
29127126,2
4547096,1
22533368,5
30656857,3
39146371,2
37229649,3
9186138,3
37557880,2
24801359,6
4414082,1
24878083,6
1412169,1
17749629,0
15100566,5
18924417,6
29612228,4
19485445,0
12072181,4
15302569,6
10668585,3
33907328,5
39898887,0
2527173,5
14322078,5
28325622,3
29588645,4
38818400,6
35654493,3
34868885,0
31566219,3
10772503,4
30267236,3
30781432,3
29576655,4
11282924,6
35527720,6
39383914,3
19605652,3
16457159,4
21164262,2
31549024,6
27622834,3
28670800,7
9656390,5
34932354,1
31553534,3
12803566,0
35611901,7
4232433,0
15837810,7
10902340,5
15791330,5
12939975,2
37906775,2
27189980,7
33571976,6
35517702,7
35609196,2
17975165,4
7548328,3
22130697,4
26576778,3
28100042,4
23295811,4
26088745,3
7679970,4
4411370,3
28256067,3
22014672,5
39172450,6
26482791,2
39106666,0
29711547,5
12725024,0
39234553,7
20180297,5
29286038,6
22793116,4
15688744,0
4756155,7
32894611,3
10792008,2
30430014,4
12693278,0
14330705,0
19748971,1
33314082,3
12887398,0
12131739,3
36212811,3
31522887,2
13650623,6
3969777,6
37532410,7
4279560,6
38987582,1
38936854,3
11545577,2
26626360,5
39457468,7
2916955,3
354124,6
34916552,0
17466847,1
8127524,3
27712919,5
19613239,3
4672300,4
9959653,3
24673436,3
19626561,0
19721334,6
14949817,4
21377305,7
5174328,4
18972044,0
35975220,4
33827279,3
9773350,4
23193633,5
17985197,0
34142373,4
15386414,3
37372739,4
24149741,1
27397990,4
7084194,1
30765738,5
9779946,0
38703468,5
30271118,2
12595394,4
21823855,2
11039063,6
38123049,3
39333854,3
16517043,5
28512271,7
31074223,4
36825740,4
27372639,7
35143956,0
29897712,2
8790038,2
7165381,4
37406445,3
38330416,3
38468364,7
34702300,7
22670505,7
5141559,3
39554637,0
14290645,3
25277807,2
38122696,2
26326421,7
26609475,7
33880999,2
20613315,5
18418838,4
6422148,1
36659453,2
23601664,2
2251505,4
31980648,4
6558765,0
3354313,0
9528421,3
13083765,0
37020897,3
34268705,7
21714703,6
32426522,3
13155633,2
6912241,0
11148471,4
32976987,7
39993739,3
7098435,3
15888161,5
28976912,2
3481863,0
36452127,4
28486709,0
14894456,0
31348737,7
32705353,3
32301522,6
29496025,7
29595429,5
19262197,0
11888155,1
26803882,0
11926620,3
25706532,6
10026207,7
5911439,7
4090997,0
37989569,5
27550458,6
22023977,7
4693740,2
38671718,7
31171665,4
3559477,3
35614041,3
14419402,6
34725169,2
37467146,7
16780109,7
35485126,5
30937042,1
27594837,5
9132205,7
10417000,2
19010740,2
905403,4
16092012,1
28446422,3
1559709,6
12321915,1
19508393,3
29735743,7
34608916,7
8325142,1
23647020,3
14325022,7
22556895,5
29055213,3
38125475,1
33130635,1
11614965,2
37249091,2
14085317,2
7648878,0
35836382,1
39228928,1
21862777,7
31169309,2
19867476,0
17972552,4
39981846,4
4179804,2
21315663,4
5355120,1
641985,2
3745221,2
38671630,3
10713142,0
25619807,2
25214505,1
24726452,7
5662549,4
2635964,0
27760888,0
26463020,3
24473063,0
32540200,3
20396497,7
11544800,1
24506502,2
3690715,5
1583595,5
32727096,7
32126091,4
8942575,4
6581190,0
34167056,0
35120528,3
7961290,4
14591435,3
4783257,6
37275033,2
14722933,6
24664250,0
12783492,2
24151591,3
34608649,2
31040076,4
12097761,6
35848787,6
15034594,7
179287,0
9800895,5
249388,2
22457988,3
7079224,4
30705089,3
11801549,3
14903791,1
35051573,6
2864451,3
17770727,3
9858860,0
11605832,2
26349302,0
27261996,2
23565062,2
39901240,0
10261045,2
25977022,3
14314343,0
35399897,3
35817605,4
36241635,7
19544995,0
30416948,6
3160551,6
27520135,7
27321536,0
37456421,0
29887174,3
32236559,6
29722704,3
38617546,3
12355190,5
15406926,5
33925999,3
20351997,3
33097709,3
9231444,3
7971618,0
20974727,3
31027905,5
29554266,2
21803468,0
36508811,5
27662707,6
13078183,0
34487117,2
1966715,6
5126021,4
17920102,3
35063331,7
8933716,4
39006733,6
34385606,2
32144383,0
8082803,3
7001917,1
21839468,3
36045006,5
27971782,6
36220869,4
24133613,2
37055549,3
32575992,2
34030609,5
29767310,6
23839982,0
2155042,3
23979071,0
10865212,4
37820146,2
24947003,7
27681108,0
23426483,1
36921501,3
32318643,1
30867037,3
36806922,5
17709686,0
9847253,1
33288344,2
35096711,4
28467158,3
29829422,7
39018055,0
14909110,4
31619005,2
33816586,3
22082025,1
36061649,2
12059792,0
36365467,5
13567833,7
20691976,3
39098761,2
22186968,5
36797112,1
36362624,7
36773492,1
23531411,3
25663939,3
14361136,7
22970854,7
14724304,1
13245470,3
10739978,3
32483772,7
23299583,0
40011877,7
35484238,6
24083935,0
27845489,4
30866980,0
13856644,6
15238101,0
35724916,5
30356619,7
16825850,3
30045086,3
31816411,7
2213325,6
25253817,5
20223962,0
39906830,6
17814314,7
9210976,1
39363200,5
11186853,1
32989483,3
19821137,7
12492536,4
33658384,3
27254078,4
38285881,3
20395463,4
39213597,3
34167176,4
2095848,6
27473539,5
14390624,6
25073575,7
30371147,4
19182001,5
33837290,3
24275542,7
7417128,2
8230638,7
39084687,3
26368194,0
36808611,1
29604198,6
27726270,2
15753632,2
126787,1
15499397,2
32824368,7
8895925,2
28646293,3
28166623,4
40062388,3
29483604,3
31753520,3
34592040,6
27952819,3
20078700,7
31173379,7
5737728,6
25797213,0
28397949,0
27436748,3
11492864,5
31656198,0
24139304,4
8283359,1
38935623,2
28887383,6
14974222,0
11869383,5
24309121,0
36851140,7
19727066,3
16775694,3
22675968,3
33682284,3
30902317,3
31211345,0
37119448,4
20487045,7
26412193,3
39320437,4
24147099,4
38095478,2
24180766,3
9539477,2
31902356,0
25956746,3
5188792,3
19722580,3
22031653,6
35882408,3
20394751,1
39577484,2
30036941,0
26926742,3
9517388,3
17469461,5
13479513,0
31328807,7
34078201,3
5742828,3
35732465,3
40009500,1
22838527,2
14897756,1
37436362,6
1968343,5
25773551,6
1393849,6
10988199,5
20193606,6
15862367,0
30546334,1
5069606,5
35761306,3
17428657,6
22869156,7
4241871,5
7323782,3
27276508,6
3747679,2
13935929,1
34895668,0
1739913,3
5707495,0
18864810,7
2028207,1
25024919,1
28107084,2
24407834,1
2350249,1
27971159,2
23293612,0
20719852,6
16960070,0
35930398,1
23372291,3
24235241,2
12703842,0
38558221,7
18007862,3
35181118,5
11450158,4
38629338,4
11895065,0
29457904,2
28206120,0
36647736,0
22862628,7
22794533,0
39478510,5
34652915,3
39962416,7
32899621,6
5342698,3
29824217,3
7529287,2
2414917,2
15630710,3
35420427,3
28149853,5
30081982,4
38083670,3
19768957,6
20389291,7
14825899,0
39383122,1
4031288,3
39822733,2
35211704,3
27657879,4
14712004,0
18708095,3
39035233,1
3979962,4
15511400,0
19224527,3
20197045,0
26766587,0
37528183,5
29242055,7
36013063,7
6575599,5
23663343,2
21935641,5
12656611,4
7888900,5
16003682,0
28975275,7
1970185,5
9034624,4
33966973,3
36523574,2
33018873,7
31143376,2
32622238,5
20252939,0
35343440,6
5329510,0
17074330,6
19649370,5
12627118,6
15677296,3
14241729,1
12987206,2
6580635,4
17760166,3
22332674,6
32965667,6
34853386,7
28978838,3
12034915,2
22443378,3
2090564,3
29980209,4
17657103,2
21140630,7
2191581,3
36765122,7
30910844,3
10645189,3
34647434,0
26451667,3
39749807,7
23069908,6
37600041,3
37287980,3
38459380,1
23039705,6
39703021,4
9882479,6
38108887,2
22750555,6
35000636,0
16708376,7
38498960,3
34001838,5
31077906,7
37541311,5
5621166,1
14536384,7
32678280,5
12650429,1
35942242,2
28428882,3
628903,3
36805833,0
11770793,3
34390498,4
19377437,4
29959940,4
39294036,6
32093597,1
4226105,4
14765351,1
1561831,2
37564503,0
36614795,3
1924043,3
1024411,3
33350634,7
25508080,3
20524673,4
30942126,3
8918026,4
16192346,3
33143511,2
37229106,3
37570768,5
15269184,0
6402311,3
18608001,2
25612539,4
31145209,3
34007760,0
36841157,1
13257748,2
28777578,3
34056194,3
22065495,1
29049865,3
25832205,3
30990389,3
18272572,3
35150338,0
35923911,7
22128769,6
26180523,3
28955229,2
29157643,0
72393,4
32073427,3
14816081,5
38194649,3
11387424,5
31080295,6
23174512,6
23574940,4
10279055,6
3239307,0
18412858,1
27557461,2
24967469,4
21190179,3
26036983,4
20167183,4
20037607,7
19079560,3
18809524,7
30649847,1
12022082,3
8770481,0
24965540,5
30964330,3
23410458,2
18360607,2
38366140,3
31075829,7
34710277,6
28224554,6
12656219,0
30954123,1
2199413,4
37795060,0
9440866,3
3592436,5
3165200,0
27132312,6
28743647,2
37638046,1
40050999,1
18327010,0
20304453,0
5925385,3
30267686,1
29932251,0
10199226,6
3374365,2
19991772,3
10613315,4
8204373,4
36377550,7
24214636,6
15352108,1
39133505,3
39130679,6
28521383,3
32918534,6
7970070,0
34205853,7
28868944,4
33543475,5
7799650,6
30071618,7
20968257,2
36734463,0
32262496,0
19525996,2
22486738,0
39059337,4
28086895,2
20414256,4
32789062,2
5063699,3
32016991,6
4960166,2
27054550,0
12763711,4
7477162,1
6754487,3
27839157,3
17529670,3
37800958,7
32696774,4
35088343,3
16608119,0
20751989,7
20262673,0
14145008,4
32604887,6
2694442,3
18859705,0
5426908,7
14645466,3
26998204,7
18858348,1
25690943,4
1661210,1
34509830,2
3711184,6
33946384,7
8291778,3
30291625,0
27450854,1
5176968,3
17537563,3
6775521,4
25412954,7
28813309,3
34364891,5
33294625,3
33582315,3
11605009,0
38308071,6
31105606,2
16113500,6
38145532,3
27997887,4
9658459,3
8934156,7
3597610,7
25590456,2
17283194,2
15135323,7
21587916,3
13055718,1
29325734,7
21384887,5
5509902,0
9465047,7
15980461,4
21433070,6
40044040,1
39809487,2
28043820,1
12037818,6
29134954,0
31452968,2
17817034,4
35989644,3
11353934,2
35863822,0
24243597,3
37083836,1
21894815,4
37449475,2
3575165,6
26488444,4
27733707,4
23817491,0
32341368,1
21097355,5
5244485,3
8661783,6
19462148,3
4664438,2
32820466,7
15050474,1
37854256,3
19280325,1
37215551,5
4830368,0
15422858,6
37906757,0
10908877,3
35784926,5
27757279,2
19010990,7
3887381,3
4986906,3
31910741,0
17115271,3
26314316,2
6047243,3
24621860,3
26232864,0
36122176,3
20718469,5
21383960,4
23262455,1
11020636,6
32444889,4
8479736,4
19505454,7
38672963,3
32753449,7
29332501,7
34145893,3
22178520,3
2351694,6
15368582,2
36182950,0
37626866,3
21948149,0
35816195,2
32698099,3
13521655,4
30510715,2
3500799,3
23878445,1
18009266,5
26018362,2
16266651,0
6024003,1
23707530,2
2431276,5
25152882,0
24104406,5
39216942,5
10555587,5
39187519,7
13500897,0
36011333,4
36113242,0
38522513,3
23456641,0
37391575,0
25879794,7
14254386,2
27552026,4
39282464,6
23695305,2
17187281,4
22496015,5
19470099,3
20456189,3
31975921,0
21790304,0
32854733,3
38008453,4
23502867,0
25340108,0
10502492,7
39311702,4
36159202,2
7050888,0
6351028,4
31156211,5
10618955,3
37841222,1
11636079,3
23599480,3
28877613,6
36205245,3
32451506,4
33922929,3
16888409,3
12827969,7
5158766,0
29680083,6
7518376,6
8158647,7
638048,0
37737480,0
22585880,0
4436401,6
32991392,0
2199552,3
6587858,6
20082060,7
28051536,3
19412912,7
18135259,0
14810060,7
13280017,0
10960477,3
23089943,5
34889668,3
15449371,4
36748829,1
1544948,3
28315997,0
35072533,2
7456050,5
7319076,5
16422171,1
2587530,7
38432799,2
1398606,5
33973476,6
29056092,6
19352888,3
14969969,5
38293639,2
32434112,3
8885227,1
37747518,7
17732695,0
7391871,3
39673658,4
37323621,6
31093989,7
34615743,1
12652695,4
29987461,3
29597667,4
13127962,3
13887537,0
3826236,0
12143097,0
38788319,0
39508633,4
33811662,3
3238673,6
20361444,2
4719836,2
36515344,6
19712840,6
15959411,7
2643953,2
33778099,6
13947939,5
37958897,0
19975307,1
32292848,2
24218103,7
14439477,1
34032166,3
34167537,7
33963288,0
25493591,3
9814632,2
27043599,6
14368205,5
12163158,7
30238070,2
36270821,0
29359875,0
35831241,3
14986693,7
17749090,3
8085422,5
35796965,3
30765606,1
19405754,5
23322674,3
15335052,0
23762674,0
26460619,0
20524567,7
38465891,4
25177500,5
26943894,5
16683549,3
13767359,5
5783417,3
13771674,6
5446372,3
34597102,2
25583869,1
30419756,2
35240557,0
31179171,3
25490416,5
21408407,4
38743262,2
30065323,6
20207328,1
27815829,4
33902095,0
20861546,2
38056305,0
11155367,7
33189458,2
6497882,5
12157283,5
31237651,2
29708135,6
40012445,2
14852948,3
4832868,4
25250684,3
8119308,0
12842717,3
19407325,0
10888969,3
32411915,0
9557004,3
36515900,3
24718439,6
36310558,4
15597738,2
28805501,3
34955796,0
9150473,2
5338228,0
2295461,3
24683429,0
3479982,5
37640912,4
11020257,3
27047367,6
1629611,3
6321863,2
25338817,0
36026740,2
27532746,2
27899922,5
20750051,3
17008731,0
38964323,6
36021430,3
18972699,3
31797432,0
17154417,7
33690119,0
11369842,5
6210024,6
28336157,1
39624170,3
11583043,3
4440231,1
34637145,7
15383666,2
16425910,7
39965711,2
33977121,1
10035446,7
29842702,0
35148708,1
24629130,0
25040177,3
38775464,6
21861662,1
6189398,1
27301853,5
27355478,5
1116725,7
4940282,4
26911973,7
18791754,0
16982453,7
24326772,3
7434095,3
35658841,3
23838056,0
33631577,7
35276916,6
37590955,2
37053186,0
33474853,3
37616990,5
24652995,5
30178808,7
23992679,3
7309256,4
31641894,3
34106425,2
21030187,2
16556481,0
20538318,4
34688235,0
10061093,3
13654168,3
11882691,0
17406201,7
20035132,1
14589234,2
30856656,2
27937915,6
30499545,3
15213926,5
39577365,4
26721353,7
11300979,4
7923548,2
25733471,0
7321241,5
39513353,0
3349048,1
5442825,6
33837277,1
7062094,4
16989961,3
38208555,7
25319970,7
39894476,2
22196711,6
826493,3
37986329,3
32057007,7
15070063,2
38246928,2
35459065,6
37858998,2
13798132,2
12565500,2
27426764,3
27901254,4
20287019,1
632958,0
5601909,0
11845569,3
5388576,3
38538608,7
27664571,2
33992360,2
12268029,1
12943081,1
35310343,0
19509059,1
34408734,2
36047722,5
28045487,2
21027042,3
38620124,0
38447503,4
29633134,1
7141414,1
20365585,5
3611139,0
25498035,2
6387819,7
37651525,5
27607108,1
31594090,1
14483227,5
34224896,6
16048238,7
38515921,5
4219868,1
970545,3
34613953,0
18413963,3
17605897,5
36004553,4
24604507,1
20254401,2
36894675,1
25263934,4
17354955,7
29679743,7
23807156,6
7987196,5
17499369,4
13510193,2
22897534,6
31833460,4
34179604,3
33789989,0
24861673,3
35289476,7
15719481,4
32457971,2
5056475,4
20348801,3
1393075,2
37792901,3
25566799,2
11314940,3
30030043,4
33844777,7
22580781,7
28750063,0
4084385,6
12806501,3
19888588,0
35927236,0
6494102,3
29441243,3
34323265,4
3534508,2
30928431,6
12815874,6
23407618,3
24379275,2
33015816,2
29978740,7
31103817,5
6141154,3
36393253,0
35752495,4
32568784,3
35924565,6
34425876,0
39225244,3
15435483,0
8299303,3
17887594,3
7628187,4
17356617,5
11385829,5
38723788,2
33283249,3
36776318,4
21984674,3
33641901,3
31597474,3
27685562,6
32300716,2
9036013,3
20756935,3
36795675,7
13798536,3
27159332,3
11742638,4
8640809,5
13887458,4
39476633,4
17537041,3
26924110,0
8599937,3
28315005,3
14794303,1
38554972,1
5099012,3
39985143,1
30456958,4
35820780,1
14627334,4
37590475,7
15703520,0
33905944,0
21585807,7
38114956,3
33607241,3
18092380,2
21551718,5
22593037,0
12326504,4
35226797,7
24943742,1
6142475,4
21240653,2
9421345,5
32875080,0
11604983,3
33879523,3
10712886,3
30236643,7
1573671,3
9233461,2
26315179,2
20319554,3
17223964,6
28997078,6
30650763,4
7155930,3
30315273,5
39220215,3
9417163,1
17779540,0
36235391,3
33449890,3
2859667,7
7633274,3
11000742,3
39543876,3
20996892,6
33380554,3
25100113,3
33282658,2
35780264,3
13915122,6
30274866,7
28067574,7
27000466,0
13814569,4
12941091,3
15315536,1
24313513,2
18070843,2
38576969,7
1450957,3
26320638,7
31569549,3
28732523,0
10279850,4
31684163,4
38218274,2
27447363,5
6559656,2
16350367,0
35441590,5
16758617,0
37008252,0
36517311,3
20069146,7
33810776,3
32000147,5
18515926,2
12921788,2
20785802,0
40040564,4
25545726,0
10959864,2
33269392,1
13390401,6
34045572,7
39011192,7
39865207,5
13824642,3
32301565,7
10725891,4
4447426,7
19701094,7
32925612,4
34516691,5
30436194,5
10003866,1
24437146,4
19819954,2
33206594,1
3993793,0
27793297,4
16762879,6
38620745,3
2572564,6
6792395,7
9830176,5
10741922,6
36670664,3
13760232,0
39740155,7
13168943,3
34071476,7
19191043,0
30987521,1
38391649,7
29595029,0
2354696,3
38941806,2
39978085,3
31985771,3
7606582,6
38755425,3
38012915,1
24032332,2
4576622,5
26616168,4
15770537,3
10428871,4
12836517,5
17603502,2
13444053,0
8070065,2
22254576,3
18271959,0
33770711,0
5978426,6
25766460,7
27669376,7
9953268,0
26597886,7
9162999,2
12234211,3
10763182,5
32895858,5
19743167,0
1652304,2
37311984,4
37538737,0
35248039,4
28996477,7
39508956,0
19063238,0
25422485,4
14467043,4
17691111,3
35669642,3
3444391,1
32620907,2
20865487,3
22810373,0
27063962,3
8494988,3
16684346,0
34130806,3
36878195,7
37473219,0
20514513,3
26170659,2
29997576,4
2278662,5
10111428,2
19475729,7
38067726,3
2169623,3
34402349,0
28955568,0
30637946,6
38543952,3
19122118,6
10918944,2
20435604,7
36200516,7
35516376,6
13343384,5
17930878,3
14945019,7
35871996,3
28108851,1
27857475,3
155029,5
10212929,3
1309355,7
4413595,5
37320035,5
13575703,2
25799693,2
39238942,3
12326370,4
26064684,3
6296831,6
19019506,7
38171222,1
19554819,3
37202501,7
28309248,7
31716122,2
32948606,0
39668988,3
21917652,7
21537191,2
14101633,0
8964005,3
23044171,4
30547820,2
38085468,5
19622656,0
12715198,0
29623171,7
14666138,6
11937746,2
8445822,6
35216025,3
25044388,0
19683145,4
29564737,1
39231900,4
19438383,3
11974531,0
31642416,4
9018308,6
25537619,5
32425030,6
24357517,4
28507958,3
7396073,0
40050761,7
6778840,4
20274536,0
1727429,3
29244352,7
33615414,0
4350016,1
36011271,4
38174824,6
33261743,0
23707409,3
39882822,5
26779387,0
34948918,2
39103546,1
20155965,0
34500132,1
32422778,6
26299889,4
18312106,2
25756915,5
10952507,6
36594100,1
23316425,0
22217875,5
39020746,2
10175519,3
15606138,3
36985344,3
37648930,2
16686387,6
7643579,3
31750599,4
7139764,4
31133278,6
2512538,1
8904083,5
39171087,0
18097439,4
26968854,3
27999037,0
30853438,2
731759,1
39787204,7
39660927,3
31796460,1
8700920,0
21100117,3
34971788,0
32645291,0
19211116,0
29965211,4
37210655,3
30056331,0
23434842,1
23460997,2
19114411,6
30094091,3
11975020,0
31818448,7
32314215,7
22148917,2
13336623,0
19765469,6
9563666,5
16682672,3
30298426,1
33844987,3
36808290,2
26907349,5
11224554,0
32923169,3
3804149,0
1417665,4
34946454,5
34003592,2
14892543,6
13069634,1
11617816,0
28508699,0
38432468,5
36425389,2
31548712,6
8202417,4
1052931,6
27481427,2
36470440,7
36247997,3
11025197,0
11329538,0
6800861,7
28518369,0
14261053,3
1630427,5
37422665,3
34929761,3
11856219,3
23455734,0
18794457,5
24426200,7
35080428,7
6947065,1
9963155,6
33773661,3
29708501,0
14879960,6
25349178,7
3851224,4
26579036,7
5439407,3
27714981,7
32553545,7
24040640,2
33938488,0
20581017,4
30511600,5
19080943,3
21707337,3
23079554,2
39961362,0
14538283,3
29882722,3
17069303,4
34602356,0
35495530,1
15228500,3
34841673,1
35981489,3
12224001,5
27676954,1
18066521,1
24367790,4
24659006,0
1517259,2
28364083,1
8046064,6
26819637,3
14714528,7
22310142,3
14369313,2
26601746,6
38463570,3
8968801,4
11244514,7
36469680,0
32172957,4
33849089,0
37923506,2
25373054,6
2388423,2
12836125,1
36918588,6
23535767,3
2908895,5
28764355,0
29821308,3
5215593,5
15705491,0
11450886,0
27804729,3
30293881,7
16450683,4
10540314,3
7267977,5
36807405,5
39921273,5
20249406,4
4548082,4
30603349,7
26980743,3
25950957,2
29655219,1
14970351,0
3600948,2
34951134,4
34002426,3
30706429,2
25320518,7
22920436,7
33248866,0
15450022,0
32983622,2
38937776,3
17832362,5
30702519,1
28976106,7
32131927,7
15299822,2
33683188,2
33454712,3
35992398,7
26745617,6
31888222,3
39711473,2
30533983,5
13794971,7
33080210,3
29753876,3
10112515,3
39970288,0
26937341,6
32749399,7
14363707,7
37183549,0
28943816,3
38876805,3
35342803,6
39949041,2
7086368,6
2535037,6
38894576,7
3723337,6
27113978,3
38050849,3
34643463,5
22618262,7
38542543,6
30643137,3
22799096,1
31772663,3
2914585,2
28853558,2
39901053,4
29889146,5
26675498,3
25917335,4
31908982,7
35999759,7
7478366,4
28612776,3
25714549,7
28988627,7
35957073,6
8254860,2
32814816,0
32751512,3
31861196,6
15892100,0
38579049,7
21105317,0
34619752,2
33145856,0
37528922,5
34459465,6
14441080,6
27270547,0
29768601,2
18674064,5
30938780,0
36987317,7
28903915,0
37901832,1
37248298,3
25311417,2
6578258,3
21211930,4
15862761,2
27843255,3
31284719,3
27201219,1
29438730,2
29972894,3
2376798,3
26290994,7
22753160,7
37198517,3
13658287,0
37223638,5
4340322,0
30832798,2
1735722,0
38131886,0
33561376,4
1451349,1
37946342,3
28303711,3
11079644,5
30983447,3
38032855,7
29480554,7
24212952,5
11300745,1
37892301,4
27914657,0
31462265,0
40089134,4
36182906,3
29295965,2
33590571,5
9907616,1
21812515,7
2136267,4
21867523,1
38535707,3
32621960,7
39839726,3
34593929,4
16527825,3
37567837,0
35164964,3
9667253,3
32790836,4
19617108,3
15932896,6
20452742,4
23030106,0
23450138,0
19884746,0
14890107,0
11509892,2
30713756,3
4600325,5
39902029,5
33210037,0
28656660,7
19720249,0
21328509,0
28205918,2
29158336,0
33509052,7
5440346,3
11237685,2
6950486,2
35586794,0
23622645,7
31640127,4
37195489,1
5114313,4
30554240,0
22333034,0
3559673,5
37022881,5
10355818,3
33957110,3
9829331,6
27645079,5
39773780,4
26220621,7
30159449,3
31773391,1
38174211,6
30193411,0
20736754,6
38379919,3
39452842,4
17465362,3
31946018,1
26022267,2
30871674,7
6438784,1
23660092,6
3966490,6
27630265,0
31095898,4
33587761,7
12889202,2
25851183,0
39199781,1
18359660,3
28009390,0
33830662,3
27739381,0
26484286,0
8707515,6
39567577,3
31763039,7
29565887,1
15683168,1
17760556,2
17883424,4
30596834,7
35466663,0
11324519,2
33976147,3
17436569,0
16490263,1
7868215,2
31024826,6
24947866,4
23246013,7
23111516,2
5556282,5
21760215,1
12043021,4
38119808,0
30596839,7
39520186,2
28007465,5
19879612,1
27644193,2
14672360,2
29796541,4
31274945,5
14037975,2
13276957,4
18074143,4
10288488,6
14295337,2
29923855,3
36633002,3
32426250,6
35482079,4
37497933,0
8869998,2
24180879,0
33541960,2
39839832,3
29326556,0
24790548,2
38918891,7
14701532,6
13501761,6
34650573,3
30697056,3
1111356,4
7366065,4
17769009,3
25860512,0
23529172,0
33944277,2
26066112,3
34184053,7
13710991,2
33681493,2
36804197,4
34161308,6
38270861,7
37522720,7
4395499,6
32734002,3
9750330,3
8116969,6
36889821,5
20659528,0
38171687,3
17050302,5
28322842,2
28885844,0
18339745,4
39485731,1
32282274,2
33390792,3
30532340,1
38104637,2
18627382,0
6837368,3
30687178,0
23656777,6
34012517,4
34773960,5
10921893,7
10469548,3
24736867,7
21534685,1
11058199,7
39277824,3
11835833,2
10645383,0
24324030,5
28886508,6
20271235,5
27758933,3
13667626,0
7074984,1
33701450,0
11032799,3
35867158,4
32208301,7
31445124,7
7180914,1
21863227,6
15789611,0
12753312,0
22508606,3
36258797,3
11312197,0
33088963,3
29941321,5
23662257,6
7982441,4
12145056,7
8384052,1
12360732,3
28324372,1
14857719,5
17821079,0
19766757,7
1281184,3
31304131,7
12138240,5
31849152,0
33856391,4
37101553,3
31406830,3
5738901,0
7770922,4
10767809,3
30960819,4
38840305,5
39132847,3
3381036,0
7591715,3
32548563,4
27247931,7
24026256,3
38888609,6
35710060,0
38468764,1
27078899,5
20249374,1
21719063,3
25876758,4
38119861,3
27573993,5
13139517,7
35768327,3
20130926,5
17073669,3
23249269,0
1095768,0
18116383,4
31015333,5
36635983,7
16637765,1
30156218,3
39722984,3
21664915,3
32561651,3
15473012,5
24043069,4
12148690,3
38401814,0
10142066,5
19413994,3
20712520,0
559662,2
36661087,5
19823824,3
37487406,0
38231035,4
21058463,3
15104090,4
30844594,4
39108621,5
23855165,3
5559284,3
25956453,3
33827788,0
38624730,7
3462951,5
21173503,1
33106596,1
17803254,4
34932865,5
36138201,1
15484718,2
26510038,3
15131429,3
25839628,4
34730897,6
8061867,6
31314713,0
13096955,3
27073424,7
37006534,3
7010949,1
12143634,4
4199081,3
19048082,3
13443246,7
9399635,4
30061557,3
38944265,6
541115,5
21675532,4
3587613,5
12461724,1
34834474,6
15964119,2
34779587,2
19035075,3
36251452,7
27927062,2
33998726,2
23919781,3
13421326,7
25938617,7
38575392,5
36237810,2
4331006,6
33844632,1
16735786,6
27850744,0
38914151,6
29482275,7
13534461,6
24427363,5
33100702,7
36153442,2
1366047,1
34755710,0
26921044,3
19060821,6
35881948,3
37272635,2
34124457,0
4140466,0
24896138,2
21969686,2
29292636,3
39830235,1
22388281,5
8071586,5
31454087,7
38859593,2
16585847,3
37479223,7
27769202,2
13676092,3
37857697,3
23212535,6
34113521,1
37405998,6
15115443,2
21518249,3
32618985,2
16972229,7
25318791,3
15871081,2
27322121,7
16823964,7
29051988,2
14200512,1
1395913,3
13567507,4
38032782,6
37669905,0
24771384,7
15294863,0
29767898,3
6005243,3
23457844,4
15651527,3
19452797,2
38440799,6
18110475,3
4004979,0
32188922,0
39560902,0
28806369,5
10462927,0
26440761,4
22439542,0
5027148,5
24589669,6
21298833,2
29837722,3
33311403,5
16497547,7
36518968,2
21341325,0
19437415,0
35398270,7
16006687,0
21640794,2
30527083,3
33516530,0
33611983,5
34226122,1
16485200,7
2267568,4
20440581,4
33306001,6
34469635,3
24608774,0
20534849,3
3275252,4
22069625,4
22218601,3
32226581,0
25667259,4
25818143,3
33013611,0
33020945,3
2935616,3
11926572,4
874245,6
19574674,0
35125228,1
24066589,7
30664640,7
17646853,3
17763079,0
30188158,2
36844576,4
20832740,1
29761266,7
9751080,2
17588233,3
24724098,0
34156881,2
21115556,6
38726411,0
24702069,3
39457645,1
31019092,2
14888340,3
31261853,5
33281487,1
28620848,6
33901474,5
13051544,5
26195453,6
24437165,2
38316020,2
18577325,3
38751024,0
24831330,3
35951487,2
15106946,4
34711205,3
28923231,3
1472279,6
15046962,1
33125822,7
33756549,0
22584261,2
32402747,0
32773052,1
6582404,2
10063091,3
30817721,3
1093805,6
14637691,2
34481055,6
30684836,2
28373299,5
7776371,2
20340613,0
29615758,3
21038905,3
24847747,5
25669803,0
38640742,6
39090359,0
17778612,0
26282882,2
25120883,2
38345127,7
24082711,7
4502314,0
2742085,3
18818608,6
26263323,4
10180781,3
19520469,3
28611207,6
31942960,3
32147668,5
6485059,1
39985300,4
36589702,7
11636362,1
23903094,3
22624255,4
30446197,1
32805594,1
14724624,4
7974959,3
33702527,5
37347296,0
39531007,7
18387120,5
25072334,6
35354676,7
19847786,4
28485009,1
35469546,7
25824804,3
31827468,3
28429760,4
9352259,4
20264414,5
15424126,6
35760133,3
19865258,3
33984151,7
12960019,0
18302818,4
16745387,0
35366900,4
1463306,3
26193386,7
38878543,4
685869,2
31545946,6
20970732,2
30721550,0
20231291,7
28522203,6
15774979,3
38339417,3
6964489,7
10295717,4
37435255,0
38139847,7
30362475,3
37785131,0
38550263,4
12684001,3
38799430,0
31596582,5
34528138,7
30167692,2
22571853,2
1173184,4
30180046,1
16425660,4
37501808,0
30750843,3
1236104,2
38339815,5
24757923,5
34542000,0
30191428,2
11185873,3
33524742,6
39356509,7
39515096,3
25740839,0
22676319,5
39916811,1
7648607,5
39436329,2
39243905,4
35258712,7
37754398,4
18327790,5
31923896,3
15298830,1
31165900,1
8688050,2
11629734,3
18438162,0
33323553,1
30029316,0
27651862,2
17279103,5
38015537,4
37605612,2
13302403,3
3919382,2
11622652,2
24216860,4
20015213,0
37277950,3
33398908,2
39004837,5
26995700,7
35722753,6
17892451,3
6246061,3
37174167,2
21202093,0
21032981,2
28088323,5
23091283,3
20550351,6
35165398,2
12517997,1
39259046,5
36553386,7
37167968,0
29630026,2
1719279,5
10941824,4
20524888,7
22445416,3
9220883,1
13202507,2
16529038,7
10919379,6
17923161,0
15561173,1
11898451,1
20384743,4
34855391,1
35422578,3
26077541,5
8254309,0
36091007,2
32285927,3
39061928,0
5502014,4
32546776,0
853184,5
11034539,2
20152888,0
22534101,2
38687974,0
27525444,5
15722158,3
5264829,4
38447104,4
24018577,0
32783530,7
23579989,6
3083784,4
15603240,5
38262178,7
27571884,3
31753850,4
32951123,0
37081116,2
10320194,0
11488122,2
6960470,2
37225243,4
772518,5
14097061,4
4526498,5
26160792,3
4704913,7
33990345,3
28663508,7
27960507,3
31879459,3
30281274,2
14671345,7
17369534,7
29056976,1
12019618,0
19845691,4
6151400,6
38258343,3
8757019,3
24479281,2
38435289,7
22257665,2
36411331,2
31590858,6
5178535,2
20810630,4
8808597,7
18111488,0
4377038,1
26685007,3
17884411,0
18781344,3
26289759,4
25881271,7
8177261,3
32936129,1
22119586,4
10461531,0
36253931,0
37652976,2
12829125,2
32215165,5
37751173,6
6349833,0
31128435,2
36668447,1
32118749,2
28686453,2
24976474,0
8620521,7
27692883,6
38523546,3
28667126,0
26710946,1
6473753,1
7141665,1
36982015,7
16371626,7
28771174,4
22034878,0
13039060,6
24127601,1
31635828,3
31601713,3
25246842,7
30698466,7
33814607,3
30845469,0
28568939,1
28583565,0
29381375,6
10559465,0
19556809,0
27308698,4
36803774,3
34689540,3
37918586,3
18050933,0
4809825,3
28808626,0
35868089,3
8352736,6
33539955,0
37336899,6
15636527,5
31939503,5
9938130,7
7955602,7
25799297,3
15482097,3
16694671,7
4800419,0
13119791,3
33009893,3
23053365,7
25593325,6
39147407,5
20450313,2
29500012,5
19347009,2
5128741,0
7100514,4
22359595,1
17820699,7
32339872,4
24524740,0
9134491,4
14926601,0
34902352,2
34010106,3
3145897,3
6763636,6
16748891,5
38976089,4
26084620,2
25147934,6
21274619,3
9272257,2
26146837,1
37017786,6
21714335,4
7430108,2
39428481,2
1508906,0
28311203,2
9416934,7
37863410,7
6082501,0
34335989,7
4699605,3
36023996,0
6924706,5
28293270,2
30197052,3
9162453,0
15153876,3
35352390,7
14836425,7
2154095,4
38556217,5
37272552,4
20642504,1
21104176,0
37166188,5
25085870,0
26290620,3
11714768,7
16832266,3
10851246,0
39243929,5
37452166,3
18806424,3
16871130,2
790898,6
36128685,3
34420864,7
37894912,2
25150107,3
12556977,5
29473306,4
2349302,5
22497852,4
34599421,7
20346314,7
10005343,6
35042587,4
20877106,2
6399975,0
28623521,0
6282053,1
9300491,6
2020228,2
32215992,1
10982505,2
31326420,4
34673447,3
38136016,3
5154443,1
7772373,1
22587851,0
27804239,2
39929777,2
33375581,3
1494696,6
14182780,3
15193506,0
17644730,0
36589367,3
36878064,3
39715183,7
13376135,3
19655086,2
39579355,1
13851410,7
34570067,3
12827349,1
3142883,5
38551278,3
26241360,7
34011006,7
35496542,7
31018413,3
36635495,3
16760517,5
16994547,5
18766960,0
34303963,1
25332777,5
21487916,7
17052480,5
30416811,1
38866162,7
24610802,7
37362971,4
7186928,3
35419236,6
23797691,0
26989078,5
9486871,6
37925504,1
24830804,0
2046802,1
25442171,7
2173425,6
20047851,3
29641869,4
32820673,2
16222178,7
35887564,3
24191668,5
8525447,3
24282416,7
16803951,0
34349222,1
28367810,6
26935287,2
5808819,4
1829810,2
32017943,4
22363061,7
30359801,0
39835536,3
28741563,2
38182463,3
36986350,2
28091984,7
3612785,2
40031004,4
29919757,2
1994488,2
28116945,2
17376085,0
38363994,7
29671395,7
17845350,3
32887408,0
13926647,5
36755891,3
24537896,3
32428120,5
21390612,3
31492602,2
35517196,3
12110245,7
21140853,7
7217617,5
33682692,3
36321157,7
29355120,1
11027865,1
37214297,3
35251210,4
8974457,5
4220441,5
35632009,4
31633738,0
27203090,3
36712706,2
39317373,3
19303835,2
20293369,2
39305135,5
25529070,0
29592679,3
18663772,4
39494787,2
18666920,2
22668465,2
38594515,3
21411099,3
6189047,0
23117570,1
33794873,6
18939133,4
9630494,0
33488351,1
2568018,7
22361802,0
11388180,3
33466635,0
35679173,1
36901124,2
36808628,3
28012791,2
10547343,6
33176297,6
33218010,7
23206528,0
32320254,2
10472620,7
33295581,3
16193578,0
37206097,0
36090648,6
36100593,3
32939731,0
33120475,3
37570762,1
1915643,6
31053602,6
39196603,0
34602461,0
20629012,5
19675760,3
32596094,5
2362541,0
870520,0
39741509,3
26801490,2
29017416,4
777778,5
30790518,0
8533885,5
37192297,0
7752814,1
16254513,2
30692750,2
36063800,3
5958929,0
12644902,2
33906183,1
13176533,3
26145724,2
23426759,1
34777259,0
28191934,7
37850357,3
13371444,1
14716981,3
37353951,0
27103849,4
24432831,3
34646262,7
19446183,7
19627867,6
23818041,0
31093459,4
35826487,2
9856435,3
17976695,6
24315016,0
26764634,3
37443386,0
15078246,7
39459947,4
16922293,2
23666661,3
6809067,3
37017773,3
33891918,2
4479463,7
33803806,3
14864895,2
13570344,7
25411052,3
10669897,1
31048613,2
16313224,4
30477150,0
6109890,5
23173340,3
11745614,1
33897848,0
32158760,1
9648896,1
19731665,2
36796887,2
8126139,0
38285195,0
26336108,7
35893997,7
6222528,2
24748781,5
7569050,3
17959955,3
19073579,1
39135208,3
36114063,2
18570492,4
24041935,6
12770302,2
30011715,1
39233057,2
15372949,3
39925157,4
33024954,1
21208376,0
30998547,2
10364201,7
18369726,0
23416024,4
10265115,4
6832332,3
34955200,3
19188981,3
25473948,3
20904326,3
30413207,1
20602696,7
23388509,3
26935793,3
4135836,6
4009251,0
31032890,3
25716316,2
24350779,0
17323824,1
39187738,6
21205472,7
20620643,2
38845176,3
29066550,6
35951786,7
37155266,0
10404792,7
23397460,1
36827888,0
18661464,3
28572289,0
23827025,6
4427623,2
24965534,3
33027713,7
30188285,5
7664803,2
38341180,5
18062443,6
9531028,3
8262072,5
6394170,3
12448583,6
11280287,3
18245718,3
9510183,1
34129354,3
28943107,3
4650639,3
35389050,1
30882145,3
37131820,4
36924820,0
22927198,1
11632388,2
38592999,5
30769856,4
11527793,3
36719891,7
29748045,6
27791307,7
30617933,2
21737487,3
21252948,3
13570644,5
14495868,4
23457493,4
19577973,0
5724701,3
34968412,0
39047630,6
28515570,3
39667089,0
28059562,3
33971484,3
6043463,3
36075147,7
27846942,3
29737715,0
9526203,6
14928820,3
21409279,5
8323728,4
27131462,4
24967934,5
27301022,5
25161727,2
2608645,6
15120662,7
40109555,1
22268521,2
22038762,5
19171686,1
8983150,3
20460339,5
27949024,2
33417908,7
250038,2
38509137,0
13895951,3
4688943,6
30012998,6
10158060,7
23000451,4
19611822,0
39069782,0
1459080,4
35090726,7
11981810,3
35158917,7
25977673,0
30944576,5
23110542,7
18553896,7
32064061,2
9328638,6
19833298,4
12925615,7
2104957,6
5612123,3
33679738,7
38136516,7
32329289,0
36376135,3
28272974,4
9167390,3
34489749,1
91205,4
10073045,0
37789543,7
39395530,0
40118548,7
23408284,5
38222962,5
22062724,7
36846260,2
30674540,0
6245108,0
27949901,2
22916937,3
35953018,2
18790206,2
18868436,2
28097462,4
35384358,3
6672525,1
34760688,2
25193482,6
34671322,0
40065615,2
38660931,6
34163933,7
39078772,5
19319752,3
32892174,3
24121983,7
21349528,7
18536549,0
22208051,0
12193471,3
39067321,7
37291261,4
37891207,2
22517827,7
27179268,2
39605067,0
27800703,3
21542700,2
20655158,3
23328555,0
28330460,6
38648355,6
10021899,6
39880938,7
13099032,1
38908500,7
36101233,5
26901434,3
28661218,7
15297685,1
8582766,6
35905947,3
2070377,5
27227480,3
39684415,7
25291590,6
28518684,7
12318172,7
33947939,0
37668267,7
23577370,7
30044697,4
24080856,0
28596441,3
5289189,3
21117014,7
39563183,5
9755003,0
33846772,6
22236592,1
7519135,2
25030725,6
17507018,6
38206527,7
11626201,0
19128342,0
12579163,3
29751005,1
20830455,3
16672445,0
36832404,2
10718227,4
11944385,3
6806811,0
24492924,0
30946767,5
7030463,3
28924810,1
38211773,4
34149829,0
24436013,3
28554658,3
38357632,7
21511445,3
31798645,7
9768645,4
22001578,3
33799390,6
40070615,3
5400833,2
29044312,1
30797937,2
10410135,7
18167701,0
13964152,5
4305070,3
36684870,3
25488852,3
21915708,1
32740577,3
7905954,4
24432956,0
34617422,7
14897027,3
21316262,3
15125903,1
4915202,2
21279603,5
34924953,3
37155666,3
24000654,2
32940708,3
23667439,2
2760351,1
18279865,4
34889664,5
6121431,0
29579871,5
39381004,3
19848467,1
10132632,1
16055024,4
33599536,3
24943071,7
16818884,4
4700725,3
23303525,7
29864225,0
14500831,0
38062399,3
25320322,1
27573592,2
12867178,7
36708873,4
15438332,6
3840177,0
13017397,6
28387180,0
39816564,2
33637620,7
22004466,0
21584990,3
2784977,0
34347010,3
17976063,3
28908167,4
27135933,1
39067978,3
12225159,6
18818721,2
17923090,2
25715627,0
28680896,3
16739894,4
22818948,6
10573688,1
39455901,0
2917866,5
7923509,2
30569889,7
35857457,0
39112761,2
17897366,5
9152116,2
29048607,3
10886841,3
32257262,1
3088497,5
5916187,3
39276874,5
38536999,6
20547421,4
8128736,5
25677214,7
36531679,6
17386936,0
29521746,3
7692983,6
33041756,2
17091075,1
17896767,6
15459615,2
8888124,6
18796397,0
6212220,3
26898720,3
17505380,0
28726303,5
30942123,3
34709933,0
38017111,1
28069953,6
32614116,7
29199083,0
21649509,5
2479690,2
22651764,3
17964198,5
19529502,0
11823521,5
26353195,7
36297116,4
7544112,2
17688472,4
33722444,7
2685015,3
16219358,6
9245865,6
4746121,5
19051414,3
34310225,3
34697001,2
9919604,3
9820291,4
14548020,3
30105541,7
28537422,3
2162115,4
15452390,2
35821904,7
37337120,2
33079110,4
34921650,2
17068128,2
16110230,3
11234843,2
28369418,5
24175212,6
12181185,1
13437327,7
6478931,3
33649949,7
24255333,4
22547591,6
16733821,7
38124335,5
8027158,4
35447073,3
4824683,2
37746561,7
1854,2
3128821,5
39948543,7
29247960,7
35511296,3
4980297,2
31757747,1
31820470,1
26399877,5
18287633,3
10496168,2
23691564,2
29309133,4
11646697,1
15593775,3
30273877,5
1141504,3
24069150,5
32322090,7
19712264,3
24627928,3
19932708,1
1497258,6
34883909,0
24793385,5
28939006,0
32660583,7
28408943,5
24509737,6
12702839,0
16598393,3
12341588,4
29010049,6
36041797,3
19342977,4
32132999,2
19590344,7
21989035,3
34869347,2
15825201,2
39958232,3
28910157,2
30340555,6
38780223,2
24887337,7
39434821,4
34255749,3
833062,1
9423294,2
30172944,5
31304499,3
39813055,2
9955785,5
30844050,2
30253425,2
20517583,3
19116509,5
36746693,0
38678377,0
19253264,2
14846147,7
38358881,1
18732016,3
15627908,2
3153112,3
27338553,0
28508228,4
37797227,6
34367790,3
16692777,3
22699040,4
27821571,2
12787452,5
5968951,2
26696650,3
38565022,5
24339875,5
19737367,0
3343076,5
30063572,7
38569350,3
14232905,2
37173450,4
32855942,6
11238277,0
27559742,4
34618256,2
27447953,0
26564336,4
16846977,7
22784372,3
22018400,7
22197096,3
29395516,2
19263704,2
1649351,5
21678058,5
10688843,2
31831242,3
40048443,7
34767400,5
13398697,3
23766054,7
34340458,3
29153653,7
8935228,2
33612481,4
28813775,2
22159278,3
22528752,3
33658175,4
20045894,2
32343514,3
34403656,2
34207641,2
35964583,7
14594324,1
21913102,0
18556688,1
39522703,5
27001249,0
20779343,4
12553598,2
26720745,5
26996126,4
31700681,0
34535816,2
36113663,3
11663244,4
16122228,5
23399564,3
38888628,2
3822336,4
31751674,4
24915995,0
11729662,3
26181113,3
39504872,3
6839922,4
23165736,4
27077908,3
23648826,4
20997863,5
30060303,4
4359085,6
34772030,2
36424454,3
18228612,5
17926273,7
4801216,1
26693852,1
39379351,6
1782843,6
34902649,7
37883072,7
21567158,0
14138858,1
37487379,4
11785720,1
23230184,7
20753807,2
18729026,5
30580462,6
36780377,0
22446362,0
17933572,2
28970771,0
33359306,3
17757306,1
26716389,4
32804499,3
28747962,6
10713579,3
12526065,5
35436399,0
31641440,6
29530594,5
37091436,7
30539789,6
37153426,1
22510934,4
14440455,7
38742207,2
35462876,1
30559507,0
2386418,6
35314206,4
6433646,2
36099260,5
25080463,3
25596426,1
9907352,5
10212791,5
13978556,3
15564523,4
18351291,0
9332736,6
36515258,1
11454356,0
25952300,2
28254910,0
10867028,3
39219302,0
17287017,5
772814,3
18714724,3
2203424,3
27353947,7
22860742,5
31562726,3
36101327,3
38112650,3
39936831,4
22739701,5
33105830,7
22956785,6
5799126,3
27839797,2
27935718,2
3611827,5
17938818,4
38112806,4
23060615,6
39755464,0
3907810,4
31532290,3
2803737,4
35666067,4
14267427,0
22118704,0
8348456,4
36453319,0
20978757,3
17405992,0
4432208,0
28256618,0
21726553,3
30490452,1
32680184,3
23122079,3
29109802,3
9687989,5
6281670,1
7068360,0
35197779,5
9874405,2
13002132,2
4811379,0
34776877,0
6368452,4
39474896,5
28523535,3
36191351,6
25371880,3
28457312,6
15123928,7
37482733,7
13944427,2
9103511,2
29480288,0
20480238,0
36032280,3
25331500,5
10775411,0
34112729,1
21476075,2
35651895,7
9790121,1
38000290,0
27313970,0
24031821,1
15233601,4
13512823,7
6942039,7
34873614,4
36402748,7
19216135,3
14867193,0
8306171,0
2119761,7
33490163,3
5558837,4
25875465,3
34927327,2
25041420,7
8710918,2
25063167,0
23765639,0
1734801,2
35382203,5
17534932,4
33177824,7
11448005,0
23048756,2
32173856,0
33209048,2
25268696,3
2995983,1
34660528,0
34376896,3
7141501,0
31321210,5
12189133,0
35213559,2
33619188,0
39923814,5
38946269,3
10920035,1
29869559,3
21843693,3
15832451,5
6745523,2
27929669,4
39334235,4
34324025,3
39353395,7
31111032,0
26659877,5
34839105,3
27293796,4
32084545,3
36368252,0
34710633,6
21752684,2
38827949,2
21394015,6
22399888,7
6204443,3
33579522,7
20107925,0
15522310,7
37006267,5
32381416,7
25822738,1
29947162,4
36139,3
20926193,4
23584709,7
36292999,6
35662828,1
33489133,2
29866162,1
18637752,0
17777219,0
32339864,4
15020911,4
16341484,0
21166771,7
13770335,3
35546853,5
16860792,3
7524467,3
27372782,1
31379169,6
35851209,1
16315673,7
11598204,3
5506444,7
23083195,0
16744826,3
16694298,3
36515486,4
36691704,4
35281691,0
39726805,0
13805343,7
25229511,3
19645543,5
31336084,2
30589379,3
26994963,0
38826359,3
33573239,0
12939897,0
394500,1
17640919,2
22715036,4
39816374,4
18478837,2
24508033,7
31551410,3
17876492,0
25622764,2
37750141,2
16616563,5
27524664,7
34985735,3
27433026,3
28251453,1
15112166,1
39617488,4
35101791,2
39464748,1
35624459,0
3542881,3
39644907,2
8794506,3
11376898,7
24830163,3
29224258,3
18563717,1
16670712,5
38097531,6
39634861,5
20661902,0
11760436,2
30217561,3
35856708,6
34706388,4
12446132,5
2487475,6
34942123,5
24587480,3
33978621,0
8813226,6
30675956,5
26674790,0
23704892,2
24490115,6
25691996,6
18040251,3
26959176,7
22876148,4
32620254,6
38129077,2
10380065,0
1522636,1
11788115,1
17127083,3
29809524,4
23119648,4
25593973,1
39134580,5
28993219,1
4182419,2
31000289,2
36528692,4
39299917,3
8470539,7
33482496,0
27071661,7
33424001,7
24065099,4
25826219,3
26004787,1
23175728,3
35547002,0
21747902,2
26245449,2
28595465,3
23433842,3
31637600,5
15610749,4
21558782,0
9324389,0
10883805,7
34288230,0
18899555,4
27233585,3
38266841,7
39788860,7
24872289,3
29834729,3
25826130,6
39941213,4
34029726,4
33324535,2
25559596,6
13855020,2
39413447,3
33699718,4
3711303,3
5767678,4
15149075,2
35602681,3
1806608,0
33315062,3
25463013,0
31210223,2
22540410,4
36436283,0
27884085,0
32655055,2
13094994,6
18214937,3
4806520,4
21656843,2
33953505,6
35208553,7
25973363,2
19349503,2
39474794,7
14764294,1
3106893,2
3100739,3
9715454,3
23820144,0
34696412,5
30946670,5
1658722,6
23091840,4
40045899,2
29822007,2
37610533,3
24963118,5
200738,3
15401376,3
16409992,1
24936107,1
10166956,0
15582443,2
33996037,7
14652081,5
12500069,3
18833471,6
16285889,3
39177610,1
22124914,5
37512132,4
22207625,5
32239961,1
19291927,6
38334497,2
22208821,5
34608613,7
4378464,6
27924819,3
3783677,7
38743403,5
20827093,0
11058250,2
34467657,2
28500275,3
6573207,2
34981307,3
31607200,4
33338375,4
36535381,3
18394747,2
27603093,0
35611473,4
39479445,3
31773229,7
38206587,5
28477705,5
14858000,1
2631405,2
27831173,4
11301910,3
600190,6
21042624,5
14780175,5
17611947,0
11557587,3
37276018,4
17386880,2
29843433,0
27300302,0
15535927,0
22258442,3
32324619,3
2425787,3
25412508,3
903497,6
25063938,0
23540309,0
29399659,3
39662891,0
35544574,7
30418250,3
40082844,7
29776336,0
33137269,0
36157247,4
22620266,3
17121949,0
8624507,5
39381305,4
28966457,7
34780027,0
34096997,0
33464240,0
37195684,2
29083059,4
38263995,7
19350346,3
12453580,3
26228747,3
39723437,0
27051737,3
39817973,6
7990321,4
18866994,0
11885651,5
22775640,0
7524213,5
39873204,3
21533706,7
25004515,7
27691937,1
22512677,2
21994472,0
22586713,0
31144356,7
27640853,4
31368770,5
26616643,0
20317456,5
17056450,6
6575825,2
4653711,3
38226607,5
29461019,3
32850657,3
20196930,1
15696547,6
39252731,3
18261318,2
16888757,5
21722563,4
5486049,3
31293460,0
787739,4
35516674,3
19467290,1
28891985,2
38385010,2
7072505,1
15401497,7
36769231,4
17569519,4
17427252,5
24422502,3
38672675,5
36455647,3
23145928,3
38703556,6
417584,6
31500189,7
20008173,6
30955503,3
13178225,4
21294997,4
31943941,3
28158278,3
37877325,2
25641980,7
25024912,3
10077644,3
15722222,0
39750041,7
24707283,3
8335548,5
37220463,2
27296602,0
14013597,0
36926906,2
37908556,3
32383234,1
24826092,2
11905635,3
33650606,3
3778579,3
30539412,4
29158931,6
36817549,1
3609596,3
6233563,0
34214100,4
861190,0
37322690,6
14567210,3
25987662,2
30082180,0
19141073,4
37840885,1
27674145,3
15562446,1
33350147,0
28727241,3
7119755,6
39950816,4
24430620,2
9822291,7
34406382,4
18908875,4
32808856,5
29940783,4
22763675,7
30324464,0
16065370,1
26366588,4
6240648,2
37882975,5
39576340,7
31305213,1
10906605,4
657857,6
21007783,2
34713346,2
25064228,0
26060130,2
5847679,4
2786384,2
35320452,1
5231627,7
8910927,7
40010317,7
39628275,0
3195738,2
37567405,0
30792422,0
37175103,0
32124687,2
19460367,3
7850207,5
21266312,0
33555332,5
23085560,6
36825925,0
36488214,1
38872755,4
15823011,4
34795531,3
13818549,5
23975202,3
31997811,6
33683899,1
7800693,1
27592603,7
2656066,5
28735974,3
33165523,6
30182677,4
33689159,1
29963173,2
25087481,0
27163479,3
13398996,4
20402430,7
38839246,2
39708133,7
15851238,0
37461798,2
16453758,2
1817064,0
29350869,0
27066370,4
1588224,7
28187242,3
17453212,1
37809681,4
15272785,2
23146819,2
37783438,2
2619446,3
29676893,5
30934414,0
36317464,0
10567845,5
18385530,7
24832628,6
19063162,3
39578807,6
22208065,3
34398697,2
20968774,0
23524444,3
33355268,1
33920777,3
4528831,1
26147688,5
35002160,0
6142757,3
31263153,7
11638387,0
23578018,5
34287317,6
38908575,0
21209734,2
18818307,5
462933,7
35294265,2
30776447,4
21510223,6
27306343,3
17798174,1
23934922,5
37631810,2
17497819,4
36108585,0
35499348,1
31792768,3
24643704,0
30612360,4
31041736,2
36665225,7
19238307,0
12827548,4
36270068,7
13360387,4
37653474,0
26590089,2
21026224,2
24941642,4
39649714,2
23613715,7
14644889,6
35646121,4
17911026,3
5269304,0
15956169,3
19314465,0
14713757,4
31977102,3
13080591,4
5422184,7
16575153,6
38626345,3
38993266,3
32353974,3
12997572,2
31077688,0
22768682,7
13117477,3
30079630,5
39270653,7
23922867,1
7860534,3
25045924,1
19239154,6
14442255,5
38111769,1
19605405,0
35106112,7
29120626,0
15710592,2
10394243,5
19798597,4
3075065,0
12165691,3
26405939,5
16001959,0
2495487,3
13907315,3
25953959,3
4296041,3
22076453,2
29306092,0
30540139,7
14823363,6
28144350,0
12164734,7
8343576,6
35737788,6
12531790,4
28975274,2
26180778,0
14887577,4
8216729,0
32138760,7
21002166,6
28649795,4
37792813,2
39593747,3
22546836,2
13536350,3
3303312,3
36412921,3
30093903,7
34123891,4
25442482,1
22615196,3
9285713,3
36275522,7
27033146,5
11904603,4
15210674,2
23444658,5
29832234,1
1983332,0
33269853,3
12917294,6
6107918,1
28122488,7
36247462,5
37945057,4
11276322,4
15706339,7
394770,6
30946654,3
36606589,4
9541790,2
31055302,7
17871588,6
34748579,6
36885642,2
39415851,3
24299988,0
39536878,4
2753350,1
38973433,0
31757432,6
21680020,0
32464122,7
38982807,1
23774440,1
12755804,2
18772002,7
28091129,7
39018292,3
36948680,2
17278602,3
20971174,7
27688183,3
25277115,3
33702523,1
31307147,4
14063687,0
37587127,7
33901521,3
2383546,3
38749120,6
36986811,7
39059338,4
38187041,2
38198137,3
16984802,5
33040628,2
37543975,3
22225577,4
886629,3
9382941,2
12474344,4
18339384,5
21997850,7
32319726,0
15939963,1
37519550,5
12692641,3
31687572,7
37713847,3
38319205,4
39045544,7
29978236,0
11589275,4
27473307,3
27146262,6
27702780,6
35505583,6
38302523,7
5563743,3
17377867,2
35818129,3
15715152,3
15718068,0
19876993,2
32959342,0
33857914,2
27906581,5
23183478,3
22561151,1
25718075,3
3013283,4
22787243,6
36717715,3
17485382,3
6503929,1
35415468,7
5773607,3
21111659,3
5015749,4
39347762,3
26117548,6
35829364,7
15288824,6
22638392,2
30578705,3
24106532,3
31426757,3
2980196,6
38789013,5
19303678,3
39910941,6
4833948,0
11166632,5
6900595,0
3450436,1
36989435,2
14515313,4
29911211,2
27848037,2
36042697,6
23415251,7
35857519,7
38674805,7
39187032,3
4171866,7
10155510,6
7274478,0
25278752,1
32039862,2
14695559,1
25333525,3
28618010,4
39574742,5
29315898,0
13441936,0
2524853,3
18337139,4
29117524,7
38353263,3
18518376,3
8068478,3
12122006,0
39355048,5
23534867,1
8073734,5
35073940,6
15218465,3
27925974,4
31971302,3
35948337,5
32892964,4
36430336,3
29005004,2
32234266,7
31368358,4
35882920,4
2161365,2
34185425,3
11447624,3
38815747,3
22508136,4
35297771,7
37618695,1
29810140,7
3632919,1
8592249,3
35390843,5
33585928,7
8895614,6
18330411,0
3296893,3
22031061,4
9608859,4
24196421,3
2722386,4
30889444,7
3061924,6
39443478,3
2880499,3
13592192,2
27090129,5
15209113,6
1540835,1
27108835,4
7224099,6
3167106,4
37018475,4
31642226,7
5983339,3
27261350,3
37219327,0
22506504,3
34524506,0
5901779,3
668226,6
38102188,0
12487731,0
1760245,4
21731043,0
35456976,4
15318378,4
16852898,7
21567271,2
19783529,2
33274670,7
25236614,3
1665468,5
12703678,4
8008829,2
16656199,1
31728741,1
27152673,2
34725274,3
35934220,1
23161341,0
36971077,0
29285782,3
8126654,6
24906957,1
22235784,0
19198634,0
36068887,1
33614378,7
30296156,3
33540418,3
19265597,2
35666761,7
40010954,0
12573741,2
37316261,1
29596204,3
2532236,3
11533939,6
36039919,4
3472884,3
37874284,7
2203947,6
29884543,3
28788335,3
33511939,3
33703229,2
13133197,3
31139336,5
30882563,4
10972086,4
28180360,0
38779958,4
16548581,3
29655015,1
16849727,6
3220957,5
17701074,3
28602550,3
34721879,7
38463099,0
33785186,5
39662665,3
749070,0
38999203,5
23404162,2
24946061,2
19859609,3
40001010,6
39936697,0
15570526,1
31398235,1
39152390,2
30505407,7
21653433,3
29042718,4
3989967,3
37663931,3
21483003,5
35062368,3
25027506,0
6190348,5
30936082,5
28445912,5
20167450,4
38648441,5
37672642,1
32939190,7
17180738,3
25900639,2
24948099,0
10188210,0
24499349,3
28957946,4
120657,2
31376961,2
20332320,2
37286768,2
6726953,3
39781344,0
14989749,1
15920039,0
29814060,3
10728309,2
10344481,4
31787110,6
40121562,3
38564546,4
23405610,5
20224526,0
29238964,0
21120668,3
25943850,4
18346376,0
33774805,0
36417918,3
39890879,0
15761846,0
33457731,0
1633932,0
35350808,1
32677445,2
9717224,3
32806808,3
34896728,6
308913,6
31843830,3
39803321,5
11842979,5
35495377,7
19826477,4
35432462,6
34599159,0
6593030,7
22203332,0
35253990,7
16857407,7
38991025,0
20518302,4
34942955,6
30404890,3
37803637,6
34965276,3
24454177,0
13415660,4
28255850,3
23846113,0
1531402,0
3499242,3
22266209,0
24730520,5
38810610,3
29661297,3
25684522,0
39993714,5
27886502,4
19730157,3
4674465,3
14955487,2
37175400,0
524992,5
33109498,3
35213780,2
27806167,3
31661177,1
27326403,3
33057463,6
34281442,2
22409214,5
3149496,1
6498459,5
35711091,3
37245832,7
18580920,6
15416054,0
36840903,7
32467060,1
37356288,5
30974427,1
4972079,2
31269509,0
11729594,1
18513734,4
20814173,2
6407620,1
28298709,2
18221843,0
39233277,2
33586493,4
38353644,2
12872242,4
35086560,3
13665968,3
29141727,0
32129387,7
7191209,4
33131477,2
30533189,3
16068703,0
37853870,6
29017058,0
28631288,1
27004815,4
24458023,7
13806609,5
36142326,7
40125189,4
34296409,3
11853141,5
39085287,2
35542764,3
38992480,0
6194533,2
22849275,0
9789410,1
7916317,2
6756132,0
21313476,4
37849499,4
10035010,5
17868597,2
31336664,6
28215774,5
35027945,1
39088101,3
30461015,3
26836188,3
39133507,1
38308003,7
34584354,3
33857132,3
19808317,1
21073857,5
36532845,2
18881472,0
3950773,7
32036119,3
13484182,6
10307794,3
6953370,4
37197780,3
1602122,3
18961548,3
38817895,6
21805453,5
36463722,2
37976477,3
787015,2
10203210,3
27041646,3
31235971,0
35289673,4
38524821,3
10827112,1
28057646,0
14354819,0
4031814,1
34645130,2
12741957,5
9440010,5
24937011,6
25739026,4
20189314,2
14417870,0
32321408,0
15214020,0
37625075,1
27090063,1
12666319,5
885103,5
34264314,0
34803982,3
33612568,7
36731323,6
31516085,3
8180959,1
20131108,1
22829309,4
13584992,2
8314569,2
23841603,1
9532703,2
25437820,4
9753658,2
27876898,5
30289872,2
17852489,1
39164524,4
241250,5
27649132,0
15419617,5
34315278,4
37083168,4
12541213,3
25249838,0
35401094,7
37864419,5
37800054,7
36847384,4
36817413,3
37706221,6
35647330,0
15468422,4
40091456,1
22560698,5
35699484,0
37470469,4
7274049,1
26235782,5
37917378,0
23335766,3
37240417,5
24375909,7
2248321,5
38312494,3
28956968,3
21171290,7
36583635,3
34591505,7
33801171,2
31344201,6
9665002,5
32954728,5
9751214,7
20843922,0
2207562,5
14667146,7
35958510,7
34207062,3
25204299,5
32031995,5
32960877,3
39087559,7
15610574,3
1401721,3
29781828,3
19329533,3
15636601,3
27133678,6
6423171,1
16571908,3
35307091,3
27656401,2
2585091,3
13621533,6
31483818,7
23981601,7
38096006,2
12009616,4
35776829,4
2653516,0
35616545,2
36723595,0
32945732,3
33534976,2
22854607,1
31841751,3
33200893,3
8734091,3
15913767,2
13263122,2
28252442,7
8824826,1
37045053,5
26492636,6
39381137,5
20930006,6
13688707,2
23476331,2
10259282,5
22209145,3
39147701,4
15525416,0
29035094,2
36118077,7
37440855,3
35001186,3
9084228,2
1552260,6
40052616,3
10182487,0
33935557,1
19685002,3
33692619,3
26247960,3
14987106,4
32647939,3
18281082,6
3199363,3
6283481,0
25062068,2
13552907,3
23125471,5
30971615,2
25980802,4
24277313,3
10290990,2
15279429,7
2876517,2
14466713,7
12924792,1
29681457,2
31090572,0
38706655,4
4463395,3
31407900,7
36773053,7
30140437,4
31964930,0
22207212,2
33617120,3
40036942,6
23125671,5
17056775,0
27629797,4
30811412,3
18878663,7
10032077,5
33239147,1
12907004,2
11019036,0
17302166,2
29904851,5
20229291,0
23774619,7
39307257,6
25778004,6
39281199,4
30553824,0
35675601,5
18043537,0
23819365,0
7945730,0
1274869,2
23032990,3
30910270,7
9311312,6
39427492,5
21562815,6
38006968,6
21184299,6
5803290,0
14719776,7
30257408,4
31260389,6
24419525,0
24677595,3
37837148,3
21101557,4
35925625,3
29807201,6
16637735,3
33139896,0
39115933,3
25129881,3
34374424,4
15884038,7
38534817,7
8900768,2
17982967,7
16048056,0
28478085,3
34074049,4
30403606,4
38226401,6
26914462,6
38884513,6
34006847,3
17758442,3
6194865,4
9050408,2
30408098,7
37127292,2
32295879,2
36400683,2
17218151,7
4917893,5
9099523,3
34718095,5
35707214,7
34878405,6
37140933,6
17432157,5
18039190,7
13113726,4
20445060,2
27490714,3
31372778,7
39956663,3
38398029,3
39684365,0
1292817,4
31187335,4
31868441,3
33153606,7
2461964,1
40062073,6
13319442,0
25069246,5
33722336,3
24210700,3
39148477,2
38809858,5
23402882,7
34938686,3
24757879,2
33739182,6
19206459,4
17076141,6
7544258,3
21221595,0
17600942,6
18492273,7
30550812,0
39808573,1
20266163,0
29289288,2
1085852,2
29478684,5
19859827,6
35113081,7
17434399,7
18478287,6
27720034,4
22781227,0
26441492,3
10069336,5
34850315,6
24187487,2
33016142,3
30662112,3
25594970,4
28226308,4
9149151,2
20220990,4
27595349,4
36963406,6
10771163,3
15471233,5
30451190,4
7465889,1
5653088,5
23175978,5
36097275,3
32566188,6
23699870,3
8916028,5
7273841,3
36446729,2
35569447,4
10272612,4
29458653,3
25264279,0
33391736,6
37173122,2
21972020,7
39541722,2
38670267,3
21797181,3
16714617,2
34386096,4
9682328,3
27664896,1
37441218,1
27369247,3
21454299,2
36707916,0
18638499,3
28037248,3
3421290,6
31465161,5
5704590,5
32157517,7
6471081,4
21245219,0
22905129,3
35994465,3
3026678,2
13851757,1
27350944,0
24913505,2
25163023,3
37351733,4
39214484,7
14015152,1
38535456,3
36144981,3
24406692,5
33866352,5
13098457,2
38726250,3
14281251,1
18087720,1
26874346,2
14149210,5
23929778,2
32081680,4
10539373,6
34481169,4
14151021,4
4393340,3
5690888,6
25752315,2
25741655,7
1075652,0
33889584,2
28833593,5
33852378,2
33443233,3
12917792,4
31508043,1
39732495,4
34923628,7
35665838,0
33199172,3
37583078,6
30580301,3
33027992,2
38569603,3
23578396,0
17935660,5
5322027,0
12554085,2
19896733,1
39550050,5
29616749,2
22703385,3
27517425,7
32876962,2
35959358,3
980932,4
22356567,0
30713927,3
639949,5
29183653,3
25328663,7
28886558,0
13003949,7
28636741,3
15736578,2
22913012,0
4119813,4
28573545,0
27094838,0
8990600,6
36939522,0
6889785,0
39533452,4
5143593,6
30141853,1
17921455,3
23148216,5
23006458,3
37910443,6
8579098,5
31708990,3
5770944,1
26759339,0
26720307,3
14149613,3
35954990,7
27820713,7
4449261,1
33001507,1
33261630,2
15604475,2
23228276,6
19298147,3
19140431,4
16096754,3
27391006,0
35196065,3
28859183,0
30522672,4
2543672,5
7987269,7
11096134,6
23310864,2
26747692,3
35841701,7
33577192,1
35046437,3
4225927,2
17124365,6
37296209,5
32704725,2
35702936,1
34803766,1
27609865,0
19037116,1
36228516,0
29487090,2
2591845,7
32006771,2
34121294,0
33322435,1
11067916,7
26223951,1
25024203,1
15790691,2
19646716,3
12657867,6
22551408,0
38932722,6
16485237,0
11541824,0
29832160,2
10364818,6
11856815,4
30554114,0
38902553,3
16464015,0
19204776,3
21704646,0
16929639,1
34272186,5
34016106,4
32583125,3
39007820,5
23857535,4
27212153,0
34301581,2
39509392,5
10977114,5
29651027,7
36190751,2
8346164,3
15756285,0
34405649,2
23143513,2
25750247,3
1210118,2
32617086,5
1150581,3
13345284,4
25266999,3
1241893,6
26488279,5
29322824,1
25025299,2
3562441,1
38702364,3
31676473,7
38641162,7
35108617,0
19129106,0
33987864,0
11154634,6
37753671,1
39120934,0
30356069,4
7749914,6
31618733,0
27954926,5
12308028,1
13295205,1
34842697,0
33582424,2
37827808,6
28464886,3
24618648,3
39874047,3
15825241,3
12364981,3
23679318,1
31076197,0
16591082,5
11465158,0
35183140,0
397125,2
8440824,6
31565901,7
3324733,5
26575661,5
22675840,5
20409518,2
14572999,1
4665342,2
35152137,0
38213595,2
3642748,6
38625435,3
39003982,7
5230699,3
20432419,3
37132594,3
38256373,0
29317526,0
39256233,3
22284018,4
15272918,0
5385959,3
12796443,2
9919342,3
7010551,3
34253933,4
1383863,2
36387302,3
17202243,2
15007867,6
31453414,4
34108502,2
28313984,6
24914735,3
4516358,2
26470476,5
39205979,4
30254023,0
14344474,3
22452512,7
39662811,0
24415638,2
28354567,3
28274133,3
12353996,1
15864846,2
27957569,1
39425284,1
27046448,3
13238566,6
32378308,7
219215,2
39638324,3
27389165,0
28730805,7
9752017,6
11195140,0
28316119,6
35510972,2
38614156,7
25506527,2
19645527,2
33763621,2
37034308,4
33748040,3
33535386,1
26869977,7
33113031,7
35896970,4
34418667,5
34241050,3
34846503,1
32328192,7
31189199,4
4095749,0
29521027,0
38658574,2
20981691,4
32378647,3
40101329,0
21110713,3
19074645,1
21665629,4
5084934,7
32587183,7
39144482,7
6998366,0
17042602,4
21790459,3
37730650,1
18492000,0
27377142,4
17350774,0
37450334,4
1328041,6
4107070,5
29745032,2
32936373,2
14764873,1
6689935,6
13633521,0
33270673,3
6315501,1
30364958,3
35797523,0
32742250,4
20701484,7
10390537,1
17128029,2
15598867,7
19996940,3
19962300,4
1621806,4
30211966,0
34481924,7
33273792,3
30583738,7
21054359,0
26885143,2
37121222,0
27025359,0
7057450,6
3080450,0
29250319,2
27830650,2
26762740,3
23483503,3
11413657,2
37206973,2
34040241,1
13278959,6
19316985,0
7954784,2
5452648,4
25918393,2
10925507,2
36980910,0
36457040,7
6515160,5
5881615,6
10953060,1
5091914,3
22333700,7
33619895,7
10839836,3
25583468,4
38797281,5
24447994,5
38197722,3
22458192,5
7632589,1
39447362,3
12322065,6
20941428,3
17086289,0
29443216,2
16121425,3
38450320,3
38718190,5
18174401,1
21259988,5
20110732,2
25952922,3
10447010,3
22667298,0
2170228,5
40004639,2
1959744,3
5384632,3
35263440,3
31751230,7
22605344,4
19165751,7
38947658,2
33194533,0
19439961,4
37462656,4
13822642,6
37735296,5
35049873,3
32285022,7
23130008,3
26558688,1
15828312,6
4063392,0
12408414,5
4537355,6
16359052,0
33047762,7
38133980,2
7200606,2
27624166,1
39150996,4
23265920,3
35749955,2
35350065,3
40049320,1
28641210,4
3833717,7
28195586,3
8724729,2
21052946,7
27735413,6
31954983,2
30429608,7
5507156,3
24012547,5
27031629,3
23689357,4
32425153,2
25829049,4
35704722,7
29860814,2
4103085,2
37346269,4
38558171,4
24881554,0
9504937,5
16745487,2
32302687,2
35228982,7
24411931,7
29261917,0
8495786,7
34779058,2
19622241,5
17920147,3
7778809,4
36437397,7
28746247,2
39907708,7
383760,5
38242445,3
13304136,7
27004888,6
38729081,5
33260651,6
23290114,7
9850973,2
34846713,5
17015490,2
15993006,1
8904318,1
37502545,0
37354022,0
30660619,5
9671530,2
33272162,3
8686225,3
18295751,7
8327365,4
39905822,7
39060386,2
26449057,0
14827983,1
22244642,2
33697530,0
18431821,7
31982284,6
38733897,7
40071165,1
1596963,1
21032497,7
38928949,2
2801154,4
29454595,0
17116718,4
40098680,7
9390536,0
25766209,3
28233766,3
2940948,3
24804527,7
27027316,3
34812542,7
30009948,3
27732965,3
747781,6
16030923,3
22298050,7
12934699,3
21506864,7
26489449,0
30891094,2
16719263,7
6075974,0
38562144,7
14395115,4
4947290,4
39658549,1
34126448,0
26513125,5
30647997,2
38130054,6
6256183,3
30486773,1
28873486,4
28011551,2
32280480,5
12320143,4
9091073,0
25258755,5
34544925,7
14787461,6
11068198,2
32315491,2
15305787,5
13127045,0
24604983,4
21677964,0
13639461,4
23636077,5
40063317,1
30674777,0
40090673,0
8281762,2
31967010,4
31381183,5
26858129,3
11315259,3
26652845,7
35311269,1
16505456,3
22347357,5
16909779,7
37590721,0
28616679,5
26342588,5
39781172,2
31121026,1
19956622,6
30900003,0
9292169,3
16818338,5
17913377,0
3665414,3
36632745,5
18082319,0
33455463,0
37883476,3
23188991,2
30133505,0
23020520,0
34857737,4
11794466,6
38341323,7
36427800,4
38094679,2
19182912,0
22788770,5
15791553,0
2717282,5
37087613,3
9702933,2
30397874,7
22115831,2
1504729,1
20804956,2
2942940,4
4702274,3
13068043,3
17683701,4
19349117,3
7270022,6
31421283,6
38658041,0
36684140,0
32389221,4
11035076,6
17023170,7
31714221,4
8892831,2
27178126,0
36662624,7
40007815,1
18221294,5
30695709,4
35663130,3
35990123,1
38470092,5
36958314,3
3824179,0
13797624,3
16957167,4
39738285,4
14804291,7
39188888,7
31758913,1
27434569,7
11651553,3
12715804,3
13774397,1
5306756,3
19371849,5
21870618,3
29179670,7
15098431,2
36134850,7
3606743,2
12098559,4
38919565,7
27910855,3
25771516,2
32043124,6
28988072,2
11657614,6
9372456,6
9767585,4
30961846,7
15870443,4
29043771,4
34964426,5
11302487,5
21448929,2
30036303,4
32762924,5
39329309,1
35330808,5
3244876,3
23439131,7
38446908,6
34846325,7
28439394,5
35614466,3
34244191,0
9946760,2
20470970,0
11897597,6
19349902,0
2875767,3
18609513,6
21952175,2
4894976,5
25634624,5
27286275,3
2063412,2
25513698,3
33168099,4
30682836,1
15266818,7
32646389,1
32548708,0
30149776,0
22069727,6
10075065,4
35748549,2
8225460,7
28818036,0
11927604,4
3976795,0
39203384,5
20360293,2
10202306,2
8858145,5
1876131,1
31898989,7
19215847,3
35752388,3
33434990,7
19865964,0
36213883,3
31219359,2
16592420,1
5764664,3
16351436,7
19264922,2
19058985,5
34596576,1
39934802,4
21860661,3
13566747,3
22565311,2
5783516,3
30753390,3
29015221,1
38427958,1
25318639,3
26473885,3
3375375,3
17184225,4
19242826,5
20528081,6
36487527,0
30370110,3
37886785,7
18592785,6
31119510,6
30979092,7
11641435,5
21747260,2
37372401,5
34885107,6
23009552,5
19109158,2
19289291,5
19166126,7
20849316,5
13674792,1
36975738,4
10400139,0
25045483,3
39379805,7
23184263,3
39969218,7
19678342,2
5481686,2
21996288,5
27645132,4
38879220,3
39499959,1
33353855,6
10850052,2
16687433,1
22076449,1
33030056,4
36028382,3
18174883,0
11618913,1
32529073,3
30655847,4
19134404,5
29343107,0
6630645,4
19440322,2
18880625,3
34108696,7
37246630,6
26243682,0
38944814,5
29064053,7
7589238,6
2768188,3
38552285,6
36046230,4
35143596,3
11130831,7
26430607,2
27646065,2
34781904,3
35096360,3
17697170,5
25417713,7
10110083,4
1521058,0
30412340,6
28619045,3
32188352,0
14222773,3
38819570,4
28668698,1
11611849,1
855514,3
35948293,3
18301980,5
3907611,3
8901996,3
9252688,2
35260742,2
5136611,3
32971485,0
26345196,5
36068832,3
37106475,7
20461772,3
18232150,4
22387024,1
40039457,3
17831211,1
11982341,5
38963822,5
7222382,0
35502121,4
32203982,4
37341764,1
36410373,2
1448429,4
39348496,2
24440960,0
35261588,7
37885882,3
33412974,2
18236155,1
25249259,3
33681855,2
34757803,2
37335938,6
39557313,3
25726924,0
20579397,6
24234034,3
35397621,0
30662570,3
13025332,6
20199962,0
37528077,1
30815468,6
29929639,7
24941765,6
8060397,3
30121441,6
4707296,0
38994930,3
34485056,2
33527030,4
34445692,3
1212108,3
15486711,6
26801068,7
22806065,3
20551104,2
7698716,0
38609421,7
39257652,7
20870812,2
26894144,1
36794592,3
31836695,3
9964911,0
25770880,4
27912764,2
5498060,7
29733476,7
4605929,2
34598298,6
1491796,3
39646631,3
35090521,1
37232387,7
23023878,3
28211280,3
36723003,0
29338190,3
34369849,4
5041682,2
24028925,0
702986,4
21226708,4
5156663,6
12332195,6
1189253,2
30253198,0
4733838,2
11087553,2
36786056,4
20922979,4
35659578,6
23343370,5
37095012,2
21430900,6
10570560,6
35620823,3
28327150,7
36140143,0
6462684,2
10868473,3
14176833,6
23567674,2
39304995,7
17658399,0
21705098,1
14628486,6
34386221,0
24560173,4
24865844,6
36269546,3
1053928,7
37317496,7
9533179,1
13224920,1
35515975,2
6846829,6
8806101,3
13346021,2
14178517,5
25733955,0
2825520,3
27899293,0
11025700,2
38597378,3
24892904,7
20121664,3
9635913,5
18214743,6
29478400,5
16265602,5
28489149,1
10682806,5
17639142,6
24467748,1
26658175,3
5825653,3
9458110,0
30174526,2
24597661,0
28997445,6
38050084,6
18840174,3
25395175,2
29911230,4
38576589,5
39309227,5
2672635,6
35726924,2
9097441,0
15247628,3
37112548,5
2005540,1
21298772,3
15860074,2
22794884,3
3749512,0
20285906,5
3405626,5
29983059,7
8971074,4
5690147,4
36033021,0
7857868,1
12601316,4
33848197,3
16943988,5
35725478,7
23607525,6
33969754,2
34229641,6
24488927,7
11029014,3
2171733,0
22862658,3
30948997,7
16342777,5
10985157,3
20114653,4
32037190,6
34132663,0
18005861,4
30922736,3
35750140,1
28335194,3
4642423,4
36631462,4
10984471,3
31033468,0
34709927,4
39628043,4
28214895,0
7017990,3
27048702,3
39987703,2
27765166,6
8781024,3
34180674,1
22657874,3
21854364,1
2401117,3
1049070,0
13901185,1
29194082,1
25196721,4
34253425,4
15231870,0
19224300,7
37346463,4
12341496,3
5504498,7
36666353,6
18295595,0
27428008,0
5360050,1
9298820,4
27425443,6
39288354,1
28255133,1
30610579,0
25291506,5
30125939,2
34996508,4
35847399,1
4039354,3
29474143,2
37408133,4
25678204,1
11488558,4
37199288,7
31745159,0
31317312,1
22280167,2
26593944,7
8211386,2
22652762,3
3252383,0
30142149,5
31740909,3
6413891,6
29729356,7
26719449,2
18722046,1
9761116,5
32751576,0
25051362,5
28679718,4
27578674,5
30028841,7
36277917,1
28677657,6
27339940,0
16474171,5
13303464,4
14161331,7
31649871,6
33167079,5
28859300,3
37280467,1
15856429,2
28066142,6
37698554,6
14942343,4
14268056,4
39690258,7
15980196,6
25337092,4
21870807,4
23067585,2
5540510,2
11731392,7
3610084,0
39130288,7
168559,2
30150817,4
24525421,3
32940613,0
36676594,3
21756477,6
3040356,5
21617249,0
39527176,0
5768656,6
37303345,2
16747459,0
20023986,6
37516409,4
13493477,4
27912930,0
19742385,4
26549542,4
39700636,3
39261819,1
16455934,1
3601210,1
29060281,1
30801715,5
13019203,4
15405460,0
24428211,6
39564909,2
28246938,3
31259868,3
3647771,3
18146905,5
39965297,2
5325908,2
21947762,3
12332611,7
35537895,3
9278858,6
34701974,7
34915544,3
12071295,2
1329115,5
27271516,5
19429393,2
25012575,3
28748092,0
12933895,3
10000441,2
10823008,5
13588516,4
33052429,2
27925358,7
3430372,3
20889242,5
39457792,3
5385344,5
36690737,7
11565313,4
28957894,2
24401311,5
34415182,2
26901600,0
33687249,2
16908655,3
34087082,5
22494116,0
25976804,5
31202918,4
15323480,3
27262728,3
25803822,3
17373473,2
30449035,0
31622013,0
26694381,0
16339550,2
37170313,7
10164351,2
7741878,7
15239418,5
25182083,5
24780600,2
13041180,7
39671786,5
15176764,0
13858158,6
21810272,7
38107344,0
24065793,3
12607241,2
25813037,0
13312498,7
19173937,3
11684354,2
10109848,4
19379968,7
29467489,2
13844158,3
32118266,7
20260228,5
16102358,3
9844014,6
19694090,0
25219326,3
23519862,3
38818846,5
6726521,1
19342084,3
25200622,2
16893713,7
24718209,4
36044972,2
36329412,3
14187253,0
33674665,1
32804410,2
27266187,0
26743793,3
2364945,7
29382049,7
24906313,3
29737279,3
34022501,3
21641649,4
17095359,7
34386802,3
37880196,5
19615944,3
27163432,7
26818572,1
3909639,3
11570455,0
32613452,3
23155642,3
30285039,4
38132019,7
38233245,5
17033094,6
26233100,3
32402665,0
29240510,0
34903082,7
19873141,0
34063192,7
33350996,3
26383634,3
39448079,5
28273344,3
4718520,6
21211572,0
27340913,6
11313568,0
23067686,3
38977550,5
38008389,3
8554282,4
17261551,3
33145191,1
11851819,4
8539628,3
37391472,4
20916800,2
33699680,7
22312852,4
34771090,0
16759035,6
27756552,5
14134783,0
12050460,7
14284492,3
7087395,4
29837715,0
28502508,0
32609158,7
20844602,7
8514017,5
20836081,3
33908570,3
33486224,3
39555782,5
21972690,3
35607270,2
19464813,3
25778723,3
28225600,7
6769565,2
24198753,2
2956076,2
31480011,2
22845247,7
30623995,2
11863759,0
29111801,3
36994851,7
33120123,7
7186961,3
24346903,3
37913921,4
37056533,1
16990812,3
5436540,2
22682543,2
27914827,2
36579629,4
26385984,0
28097661,0
32130954,7
12665971,2
19379345,3
36972402,3
7346342,5
30542997,1
12984205,7
38349387,2
36461901,3
39948448,1
34537335,3
22423626,0
19031299,0
35368418,3
20324103,2
14049048,2
29209007,0
2330278,5
35470446,0
18809962,4
21471672,6
31111650,1
10682719,2
29550776,7
10121861,0
14124311,3
29175581,6
38166313,0
26199354,3
39057333,3
7438666,2
32764536,2
17324517,0
15841969,7
13757734,1
31593811,2
12225392,2
31279843,2
33662222,2
19655407,0
13089022,3
24228420,6
32720873,7
27365402,6
18514719,0
34079680,3
8014343,5
37259543,4
36672021,5
33235135,0
31432013,2
37143235,0
18482786,6
35566678,2
29794126,6
13277004,2
10671841,0
22932324,3
39673720,3
17118714,4
36327618,3
11352047,7
17941083,7
39888821,2
37851014,4
21896685,4
19666772,0
37094707,3
23390033,7
38768129,3
35102838,0
37014652,6
9405399,5
25859496,0
30154970,3
33808135,5
31517534,3
19561587,1
22473370,5
12880158,5
35436129,2
39969896,3
25429445,5
21192230,0
22315678,0
34049790,4
37643520,4
34656477,4
31601820,4
32606743,7
33712530,0
34260259,1
35336132,7
29670110,6
12613787,1
26106358,3
38232834,2
38687935,0
35908786,1
22815822,2
19152355,4
35298554,4
33158219,6
22619681,2
30872748,1
20482381,3
35032571,3
3351963,7
7766445,4
22205954,7
3635073,3
39421500,2
32227824,5
10792736,3
31719831,4
20295134,3
37795044,3
30986106,2
12150491,0
12954969,1
34382149,0
24361505,3
19939189,0
24273517,1
31210056,1
2882060,0
28615264,2
18549236,3
34102891,0
24231285,7
36619359,4
22106425,7
36547260,7
32914033,7
18123325,1
37145734,0
35958446,0
9547460,5
5315537,1
9900137,1
22349741,4
14037882,0
21629727,1
27582796,3
27543458,4
1400537,5
18396172,3
40111822,7
29062319,1
31211832,2
34132332,3
39284989,7
8380046,4
33336080,3
9727429,6
21424463,7
15852436,0
35565250,7
25772750,3
34495762,0
33824764,4
22738922,3
22806226,6
7693273,7
37297266,4
25444198,0
24468741,0
39784483,5
37131947,4
30918710,6
39548099,0
11155342,4
32350485,5
35756562,1
23123759,2
28698419,2
24849655,0
22605575,4
16146966,5
16128128,0
37296866,3
20103730,3
7186134,3
37077154,2
20921889,6
30722467,3
13248569,5
33341394,4
38061876,7
26049459,2
6301249,3
28059054,2
29823687,3
4495223,5
30643194,1
38976411,7
25798071,0
6961212,5
37146322,5
25866765,2
5436122,3
4106546,3
21023423,2
17290854,3
27456185,7
5472818,5
2690324,3
26922088,6
32018172,3
4882377,5
36925982,1
28433036,7
32622935,7
19451544,3
27819713,0
38100729,2
31635140,2
19873620,0
37671720,1
11387001,5
23215177,1
21677347,0
13331419,0
38372560,3
24680216,5
7258931,7
26197292,3
21922015,4
14538887,0
10544928,3
5129794,5
30847903,6
36365542,4
14335832,5
38310086,7
23787043,6
7760837,0
8318766,4
28612607,5
39008407,0
13955319,2
30979817,5
25625100,1
16491781,0
33833291,2
3800530,3
12644826,3
36871638,2
25733694,7
13341780,1
35765341,4
35832475,7
19401749,6
37789409,2
26592540,3
3853703,3
21881749,5
17782744,3
23256340,3
18795352,4
25435540,3
22871350,4
35278217,4
16953251,2
22155626,5
19426759,3
33345995,1
9358749,3
33727205,7
9986340,0
23546656,1
32317241,0
12804239,3
27162395,2
36576063,7
7003821,0
11665411,5
14004457,2
3345199,1
33114155,4
26948405,2
2894668,3
30144020,0
21556115,7
10846061,2
20935675,0
4371004,0
28134919,1
12620748,7
21997347,2
15169663,0
10042578,4
28562966,3
28616143,6
21152430,0
29332424,7
33383573,3
34649399,7
21936588,0
31012799,4
38236351,7
26442394,2
39848610,2
22438238,0
10165756,4
33279287,2
78799,6
11531531,1
12043522,5
5027352,2
11788565,0
27452754,3
17602455,1
14043431,5
28825116,3
39323666,3
34075491,5
13937176,0
24003450,3
35223118,2
28666995,4
14320396,2
7538587,1
6254713,7
16220263,7
15930291,7
15178640,1
23921090,7
14217466,5
21189346,2
16551998,2
18166417,3
29030529,1
32553661,5
37718683,7
36893767,7
31657017,2
26594163,1
5614992,5
4827303,6
3949772,3
25559202,3
26867730,0
17085021,6
5159238,0
21459349,4
29592042,3
23090151,2
39001152,7
14949090,0
2375956,4
29850602,1
23411836,0
15771424,3
22444607,3
9566592,7
29395105,1
3271639,6
3835083,7
1752902,4
17508544,3
32895729,6
33391624,7
36461054,2
16882965,3
24190137,3
28519444,3
21067462,3
32911481,0
7410182,1
34348113,7
32725823,7
32368888,3
22393783,4
34771564,3
37170927,6
3274114,3
36534351,0
39752819,2
22857889,4
32653137,2
15481914,3
5941622,2
30685462,3
22098932,3
26907640,0
34740768,3
35305162,7
16351654,4
39821177,2
8955274,0
35736250,4
25611832,6
29043138,4
10322653,2
15054095,7
16762637,4
30993445,7
30166105,3
29616487,2
29810464,0
29702424,7
21707330,3
8706631,2
27836146,7
10101540,2
13409239,1
30276499,6
9523603,2
39144325,7
39228698,4
22413568,3
35872981,5
10877734,4
32989059,5
20339390,1
37280435,1
30041679,6
1469614,2
26966221,3
39864184,2
10232465,0
31846335,5
15147189,6
2971381,1
739289,2
38117131,4
18838994,0
33416398,4
30055267,6
26089518,3
8130905,3
40099711,5
7829768,4
10844331,0
24261973,5
33444061,0
7051756,6
18696231,4
21615158,3
11890781,3
28667479,7
20797700,4
15893153,5
35910253,2
22567373,3
21263766,3
343204,6
30861156,2
23094616,4
4771754,4
38297292,3
27666008,0
30142863,3
6115066,1
31630260,7
13131139,0
31708737,1
38309707,5
29216804,3
35018628,3
14781895,1
35160710,0
8467683,3
17015610,4
38845012,3
29695657,1
24411180,4
2057921,3
13194542,3
18340528,1
14278370,3
14522757,6
29941757,0
38975770,0
38318011,7
34044266,0
36880860,0
27700625,7
32581569,1
24327313,6
37416978,7
9492355,3
3000646,2
36670851,0
33266577,0
33049814,0
16727171,2
31626035,2
10569846,2
28960249,3
27754231,4
38836591,5
34886005,2
4208390,1
21038210,2
21649841,0
23583840,5
33420068,3
11884635,4
18753341,3
39106532,3
1576784,2
36017135,3
18759765,5
11541454,1
15312732,5
14470504,4
1482308,0
7081567,4
18552242,6
37773719,5
34539959,3
33182632,5
10074325,6
22969817,0
26135386,2
15157502,2
36789677,5
6493876,4
2527992,5
11914083,3
33987624,7
40096197,5
20487981,3
32983085,5
39969021,7
24754016,3
21544372,5
11352199,1
20636036,2
20065164,6
27791255,7
18269786,1
20638206,0
3893599,7
8292948,5
20012920,6
35643306,6
36043951,0
18506586,3
35214455,5
30677288,3
7314942,0
37121110,7
613246,2
6143952,5
28526827,2
21791957,6
16315645,7
16538883,4
4277243,5
12217462,0
3887944,3
37150345,0
7396071,0
13696883,2
36485098,3
36573764,3
36288746,5
508183,4
21083924,3
3996904,0
3348594,3
20575347,0
23056805,3
4610717,5
39438335,2
24057943,3
30621772,3
25865975,7
20154766,5
19421538,4
893984,1
656155,6
39875322,2
14527671,3
31115016,3
18393543,3
36293801,3
16783597,5
34507234,6
14145371,0
25422733,7
24341701,7
21500737,6
37414213,2
37584942,6
39972261,2
6510333,2
31928942,3
37361069,1
35393379,6
28483471,2
20997957,3
38230117,3
38665093,3
15661465,5
12517649,2
28113433,7
34785467,2
8535997,3
18229875,5
31288144,4
33642846,0
30124608,3
34265102,6
38238,6
976506,2
24983212,3
26626815,5
7378427,1
39418419,5
36112600,1
21381096,5
27262473,3
34123173,0
8728854,3
30910443,1
10919823,2
19034210,4
4289937,3
27482976,5
35531105,5
12083158,2
29888002,4
19782975,4
25813789,1
29645055,0
37281200,3
7848573,3
33704780,7
38708775,4
35256779,2
10962922,1
27461677,0
1952379,6
35596501,1
34444681,0
29884453,3
27443143,6
37794648,0
32254920,3
17688155,7
28179026,6
29711531,2
25716808,6
6179617,3
29972842,3
39032103,0
22946719,2
34821534,7
28762951,7
10091271,1
2905987,4
27062908,3
2219316,4
24210256,5
34838946,1
17781448,4
20616705,5
13588024,4
19782336,3
5058830,3
27833489,1
37719889,0
38346542,6
29261991,3
14184105,3
3692697,4
12353608,7
31183788,7
10157678,2
8094760,5
15987690,3
14845789,2
30301011,5
1483024,2
32972422,7
7833106,2
8654869,3
25299497,3
30769867,0
1686292,5
24192984,5
13793270,0
10822486,4
12814667,0
12022105,5
28799952,3
30353804,3
25199291,4
4835611,6
17606149,2
20949204,7
28968690,7
21052973,3
37766612,7
25284292,6
34278043,0
5259161,2
26145678,6
38363262,3
32622219,0
35512199,2
30871384,3
34081037,3
10134253,2
37865177,3
23701148,7
32218520,7
28576540,7
24409698,5
31597203,3
37749759,7
39939716,5
9208867,3
25072115,4
29226021,1
30294712,5
11475885,3
23199578,5
33447680,3
32878574,3
33401428,0
16684595,0
16017034,3
39379616,3
38309109,7
37088933,0
21341702,5
36150434,2
30327595,3
26162613,0
38645607,5
19966557,1
22335894,4
14777066,7
14559101,4
16931536,2
19127704,3
17349928,7
36847447,1
9093059,2
22546431,7
6765886,5
2632199,2
33312584,3
29149466,6
13321398,5
31396062,2
989276,0
36956477,1
38261366,2
10706231,6
29160503,3
31190802,0
35369096,3
39058034,7
32851393,3
23079208,7
15192637,7
3903432,7
10860920,1
33826441,3
9814577,0
31192007,5
919927,6
28166784,5
755777,1
20317170,0
37522105,6
35867326,3
27018426,0
38454207,2
34484986,0
32059419,3
35007818,4
10134690,4
31440201,3
18706701,2
24970265,2
28432987,2
18683097,6
39435820,7
29078645,1
25386012,0
26032287,3
16426712,1
21064299,0
28641553,2
16114391,3
11022201,3
14359730,1
31589409,3
13635000,0
5583596,4
20121390,6
7110604,2
1293828,4
24297042,1
24637763,1
38288914,1
27806825,7
13017101,4
36243916,3
15404256,3
15420752,2
32707261,3
31764970,5
1351209,2
33977077,5
8361019,6
38131287,7
38932835,4
18688908,0
21273602,3
25247364,6
12352674,4
811306,4
31930789,3
13519774,4
37058567,4
26736220,1
1993243,1
32641480,3
31941532,3
32042775,0
37610140,7
28372127,7
10460088,0
38806453,2
36529788,0
7951804,5
7856853,3
6769782,5
34976671,2
27138039,0
7058494,7
28999591,5
18481531,5
24149597,0
14320068,2
1268899,3
17338309,7
17794241,0
3924414,4
31222249,1
38540208,6
690688,5
36497579,1
22189227,3
15116899,2
36958031,6
29309116,2
25791176,5
29433243,7
39877278,5
36185081,0
8741997,0
36426910,3
36722578,3
13992785,1
14773980,2
21769271,7
37032262,2
21592313,2
23328908,6
29686331,0
39026418,2
17070822,3
23263599,2
37595414,3
31374835,7
20725699,6
13962529,3
27987298,0
8000490,6
29765311,4
32027997,3
10038731,5
18163301,3
9860680,0
26184977,4
26948809,2
20483223,3
32978233,2
17425505,3
28599883,3
21369137,2
32884319,3
36585811,7
24045429,5
33458613,0
18432380,0
13369384,2
21946174,2
32063363,5
35350200,4
12321178,1
24964081,0
30961640,4
4291880,1
13327213,3
24149496,1
22387883,1
19890626,0
21485318,0
18531483,3
4372129,6
33101465,3
21769390,3
36988859,7
16812858,3
14017015,4
17877870,0
15039211,1
18935037,7
13122615,2
19719413,3
35620206,4
39551658,1
31247313,0
3184128,2
28203126,2
26863537,7
38689205,2
33248223,3
13948176,1
5228972,3
12843909,3
36750580,0
23689183,2
35137320,3
38066785,7
34916062,3
4048789,0
21693593,5
13238433,5
23412912,3
39998262,3
2959109,6
34474411,1
33763133,0
4473531,2
17285163,7
10003751,0
30990654,0
21453284,2
29960982,1
30514599,5
29160422,3
29991041,4
22856169,7
10915691,3
8826099,1
31335415,4
19963352,0
36850866,0
8794085,4
38044103,0
31032507,3
9062917,3
14996264,4
26163470,3
4138522,3
39340339,4
7349678,2
36098619,2
10609683,5
19743512,1
40070216,1
30545655,6
14296531,2
39650869,3
4241632,2
39065129,7
39858802,3
35634286,2
5663508,2
36404051,3
27753538,4
39965946,3
37437869,7
24410469,3
19713411,2
5503820,7
2613105,5
35738854,7
23005080,3
9868792,3
33382766,0
992169,1
15750711,1
29805186,6
5448257,6
33733880,5
4206393,3
2940858,0
39454770,2
33621399,7
6318347,3
34764065,5
1247284,4
38470929,4
37301682,3
16651859,2
9782865,6
15786525,6
22362010,7
28268878,0
14450645,4
18253401,5
20362993,3
34786935,3
13462587,3
26857515,3
25160171,3
2005956,3
8215419,7
3359614,3
34030438,3
34981727,4
25755504,7
21902861,5
15555135,3
9630569,2
18751352,3
11802036,7
26713799,4
2304712,4
28704274,1
1826761,7
35413618,2
24493773,0
4999233,3
31166943,0
25230754,0
30736627,5
17794998,1
29021532,2
27110140,5
39704362,7
24643338,3
26647535,5
34209203,3
4082533,0
35731855,3
10302986,7
7660542,0
22994423,0
34293879,0
11412290,1
21362489,0
33896776,2
15105098,0
14913153,2
36875978,7
8139721,0
17949475,7
27473526,4
33394238,7
27088991,0
22854756,1
14793687,4
29893688,3
8044737,3
36563878,0
31683721,0
17277002,3
30885351,2
13532531,2
23170764,7
26928672,2
10525903,6
8615256,1
34846130,7
24546073,3
27928704,2
39128713,7
17405682,1
39623506,0
9249151,0
39125370,6
14292636,1
27276135,3
31233040,7
14303376,0
32022158,2
32916313,0
34580878,7
1096912,3
29036924,3
27669791,2
24483050,1
7400601,4
26568207,0
35958075,2
19620736,3
25230392,6
34009393,4
33020520,7
28680636,6
24709023,7
21310559,3
7427898,0
9636617,2
6620471,7
35317410,1
24416500,5
15768483,3
33855901,5
21009439,2
37510761,3
9365928,1
26029436,0
38150251,7
30009896,0
31056070,0
6661005,1
40118638,7
28884140,2
14840524,5
28023996,0
18242617,7
34994083,4
34504970,1
14589642,7
20244774,5
8903730,4
32917290,6
33449775,3
21746750,0
3077740,0
3776627,0
12698834,2
38414292,6
26188677,1
31692262,0
35220342,7
9224895,3
35759806,3
26049590,4
33582653,7
28902308,5
33545642,0
18926102,0
14591568,2
32245625,3
3005632,2
20835977,2
19532402,4
34838140,4
35000152,3
15468709,2
29439183,5
25357667,4
8646496,0
21307944,1
34705880,6
21529266,4
13093951,5
13540144,3
31041670,4
29963144,2
24176012,3
39135330,5
12395796,2
4340607,7
19783631,2
24550084,2
36297617,3
39419932,0
26859795,6
18168978,4
25085908,1
26614724,4
38532522,2
39062891,1
34470501,4
17689806,0
18170128,5
2793641,4
37562391,5
39080153,3
20388759,7
34683427,6
34009322,2
31791501,3
11269862,7
22212893,3
35488997,7
37542700,5
30068807,2
21463062,2
23523398,5
38079916,4
21758560,7
21976154,3
19570800,3
8669123,0
27578027,3
39378552,7
38876816,7
39526716,4
2677545,6
6639247,5
2461320,6
33203366,3
39455997,3
28420441,2
16301318,0
17735077,6
176213,3
34093098,2
24027277,5
1517959,4
36364346,3
39629393,0
28208298,1
38352565,4
20171117,3
9365396,4
6877326,6
38531078,4
9651940,7
38069516,1
30542984,3
33794115,3
39290901,2
37871296,0
1970495,5
4140634,4
10407790,3
16241708,7
36303761,4
31695693,4
38491318,3
6009862,3
31417156,0
28641721,3
18967965,4
17722989,0
3497578,7
7873400,6
36511052,0
19324733,4
39375878,3
31375045,7
33580750,1
39635698,4
31251445,6
23319340,3
22692295,5
11218928,3
22162152,1
23767690,7
32818056,0
33856103,2
12877534,3
20021441,0
14204303,3
16235514,6
20622583,2
13619752,0
25754855,3
27131294,1
32424670,7
9338157,6
28914578,3
28072387,7
39839026,7
39032830,2
7715501,2
18732942,7
34394900,4
40079837,2
21323878,4
13342802,4
6712984,3
36846761,4
24207916,3
39926952,0
39545906,3
3745724,5
17814913,0
23558111,3
24352116,2
9813862,2
26578316,6
8352513,6
23723869,4
14483768,2
11312872,0
32873268,4
2209125,5
22392692,7
7180857,1
38591436,0
35828760,2
30116396,3
6719484,5
1781554,0
5079094,0
19987323,2
268930,0
23943379,0
2018058,0
28724610,6
10982705,5
16230984,7
18779313,0
14838061,1
26539279,3
19719616,0
36943197,2
37402550,4
13479337,5
2335384,4
17223852,6
31465199,3
35673914,4
25229272,0
1507082,6
10109700,1
27100961,5
27639037,3
15052142,5
24876329,6
1425414,6
32938487,3
38720527,2
32589475,2
3435589,0
7408865,6
27751072,7
19353484,7
37325888,2
27644360,0
14991002,5
13418172,4
18162709,3
8933877,5
13019617,2
35074011,1
21112129,4
32436723,5
30422726,1
31684873,0
3929646,2
13332872,3
12133144,1
36104412,2
38740215,0
767881,2
14167352,3
37155730,1
8217583,5
27073552,0
1228722,1
34937807,2
35369711,4
32719324,2
23350328,5
39926937,5
39661198,7
37647771,3
29267284,5
36429647,2
14600619,0
6307296,2
30963913,3
28506885,3
30174906,0
9200389,6
1321828,4
33177324,6
29936695,5
8668793,2
35235088,7
15263102,5
2571450,4
38327807,3
19621726,5
34232269,6
14140756,3
38248866,2
1848371,2
7962304,4
12023135,4
39529616,2
16252574,7
39846780,4
33503176,1
6500262,5
26276371,2
35356714,7
37619002,4
39093250,3
19573716,7
34382376,4
34316553,3
39989384,3
24581098,4
1059253,5
9578465,5
33240295,6
36924654,4
24447287,3
20352157,6
39832493,4
34866575,5
37097366,3
26018420,0
13635348,2
37549771,3
1423345,1
7686704,3
24985507,0
28905112,2
21467374,2
24846049,0
34540919,6
35373245,4
37979749,5
3116401,5
20189051,6
15757461,4
942902,0
8938442,1
26042559,0
8746883,1
37716415,3
33775255,5
15725653,0
29743329,0
2306115,1
26057115,0
11801025,3
37394390,2
23467014,2
15629098,0
26459760,3
18368057,4
40040427,4
24959164,0
29644569,7
1194963,5
10287021,7
21006124,6
25667722,3
13650214,0
24944627,2
24792462,4
34103338,0
11864673,2
12948964,6
10234999,4
32384312,0
25617039,1
21851502,5
14153210,0
15957484,7
17960441,0
24940797,2
17030445,6
23203947,0
32400719,3
24455553,0
17030238,2
31213869,0
15953983,3
26213710,3
24646461,3
3275324,0
21603353,1
10466207,6
34851614,0
28013560,3
15072736,7
4006854,1
24755006,4
10650089,7
13032183,2
21855359,3
21466351,6
21791164,5
31560850,0
20859954,2
21387655,2
10150041,3
34434302,6
20023867,3
35858347,4
36020644,6
27538818,0
26835407,0
37175279,7
38174116,0
19985560,0
7816363,0
1422880,0
23836903,3
25127701,1
12977174,1
17742673,2
9762157,1
29039643,3
15136435,2
31639336,7
24828629,5
36289389,6
34259746,3
38440700,0
10115022,6
31633091,3
26222641,7
35999535,0
13105915,7
29047600,0
26848795,3
3336087,3
34358808,2
17389932,6
6517793,3
4304837,5
39862281,1
35248068,0
11461044,6
11620697,7
9930232,5
32213955,2
32590746,6
26949273,4
26422594,1
9378772,3
37952055,2
28111696,5
4647037,3
23658776,7
35392217,2
29292076,7
39729787,2
18150043,4
11386562,4
11346002,3
32117949,2
16112688,2
38923478,1
22203635,5
7880180,2
11360479,3
919056,3
31922961,2
39238400,3
11329035,7
13259617,6
7458963,3
32767394,0
25017859,5
28442068,3
39864134,0
1313362,5
35204676,4
17986923,3
38365804,2
16308137,0
33432532,3
14168835,0
29069252,3
20914828,0
15225252,3
38137480,3
30644006,2
32685907,3
2418172,4
13940269,0
7785831,4
5743291,3
36988699,7
3000612,6
11375605,3
34870270,4
20345385,2
25822029,3
14608973,3
40095632,3
37691169,3
16995108,6
33878095,1
40001700,5
31844342,3
30195729,6
21970970,0
23659275,1
5579154,3
16338558,3
20882048,2
39053681,3
26380306,0
17348649,6
30125544,6
3877454,0
28990576,2
17870242,0
29349228,3
34159495,5
12282418,5
19524129,3
24461135,2
17627389,4
39803746,4
13001000,1
32313415,3
5367875,1
35371811,7
32774160,3
17734946,4
2901633,6
20832171,6
28092806,0
31052706,2
36628948,0
29322580,3
20925137,6
36636255,4
31584288,7
11954561,3
27406557,7
2917898,7
38967833,4
29847305,5
4246377,3
16594246,3
34244451,5
12846507,4
18122309,0
15515920,6
16069906,5
14289910,4
19738465,7
14513936,0
16417324,0
20858336,0
12409862,0
37843926,3
4996376,0
33176051,2
36902418,2
31255764,7
27353978,6
2853483,0
31778213,7
10200824,6
10171343,4
5367582,5
33515478,5
24747544,3
29041438,7
9982235,6
14678270,3
26428904,7
31927036,0
37532647,2
28860660,2
17789071,3
10432432,2
30867061,1
15467950,0
23935840,7
19712318,7
38780181,3
33554977,2
13201532,1
14400463,5
30148587,1
37585147,4
33153558,1
23988853,2
18721066,1
18437284,4
4170031,3
23548328,7
35919814,7
32054329,2
23784271,3
25697459,2
32337026,2
17569512,3
29517513,2
23072544,3
9243434,2
33103115,4
19188784,5
21062892,1
28247807,3
39172575,7
17822135,7
29330485,3
1150144,0
14742382,4
7719419,3
18489180,3
16701517,3
9612484,1
29469704,2
25923532,4
38564912,4
37570913,0
24635394,5
39230230,4
2833531,0
30773953,3
16136979,6
39339743,3
14955100,6
4937163,7
22865642,7
10904521,6
7051791,3
17793194,4
29091640,0
12587915,7
8485678,4
38344264,2
35149889,1
13823275,7
33244249,3
6798312,6
31339001,0
16396859,3
34225839,7
7655784,4
23406215,3
26071034,5
8758666,5
25597958,1
16489292,0
28571741,7
19008260,5
22139333,2
9390310,5
1096476,7
25943870,3
21169031,1
18783962,3
23305250,4
19204716,0
29694843,2
26673342,2
36169566,0
37184039,4
19136347,6
10775817,7
19583217,6
13395610,3
39836011,1
22597684,6
1985856,7
37391177,3
27471109,0
37212155,7
39493229,7
27190492,0
13545839,2
40115154,4
22551461,2
29671704,7
13105729,0
5887387,2
36032623,6
33981799,0
2515814,1
28627191,5
23110550,0
37028655,2
13893117,2
35066413,7
39889635,7
31146283,4
32370047,2
22456765,3
27744307,7
30643505,5
5614144,6
37442852,7
1133371,6
6157367,0
4272970,6
38589183,2
7979714,6
19555680,7
39344371,3
33799132,7
20104999,7
3790848,6
38426303,3
35118216,1
5480354,2
34163770,0
35625498,5
32100314,6
8362510,2
10873368,1
13663591,3
394465,4
23910150,1
6260777,0
7285746,2
9068625,0
7397969,1
33982167,6
16776721,2
8716801,5
28575070,6
22130602,2
16344076,0
31442693,3
29466630,2
4918458,3
17884862,3
15494574,2
38241517,2
21738882,3
24364666,2
16172810,6
15282614,1
38218091,6
30071849,7
29940869,5
30432228,1
5703456,2
19356736,4
37694908,0
35503922,3
3267081,5
21842885,3
3893576,2
39775055,3
12341468,6
34336511,3
25233749,6
31273995,7
32640029,6
11109458,3
24382417,1
34386971,7
12616074,0
3576071,6
18675471,3
28890220,4
9480436,3
4352244,6
18562350,4
26930593,7
39030037,0
15456475,3
11976498,1
21337090,5
39870912,3
31544489,7
37886596,4
5022237,1
30442794,3
24159654,0
20301338,5
39580066,3
31775295,5
39168281,3
18544396,3
15072405,0
36312767,2
39373397,0
34671217,3
38644532,7
14593515,5
18671938,2
38876353,7
28503770,3
22785484,4
776120,1
26978095,3
14701608,2
4909398,5
26193999,5
23668043,0
10947972,5
32232708,5
2945594,2
32791687,0
33991705,3
16413414,3
22796294,4
16044801,0
21708369,0
19701789,2
39377195,6
37624798,3
27709348,0
28347722,0
5426723,0
9247582,7
16621351,3
24540326,2
32643009,1
30525413,3
36707541,2
8258734,0
17389057,0
14453068,1
32843082,3
34909369,2
10129959,2
37976551,1
17350168,7
23017625,3
26288380,2
36297912,7
30960177,4
39118308,7
30514853,0
2918454,5
991926,5
2270345,2
24251959,7
4287019,4
25104372,6
29065318,1
32021975,2
39760579,7
18446522,0
26150337,2
26609824,5
21233089,6
11012981,7
34657183,3
26243592,0
38060292,6
12138691,3
18682965,1
9015248,3
39509696,2
19639939,2
35874743,3
9249717,3
34939609,3
26761734,3
1155566,3
14151657,1
13976836,1
35140147,3
32496906,5
33704925,3
38592324,3
33810617,2
14292271,2
1447422,2
13592166,0
7416170,3
24505638,6
24350967,3
25254093,3
33858344,3
35130192,3
33596363,6
36635607,1
26141287,3
21303510,3
25121535,5
4620009,5
34930305,1
3188925,3
34880843,7
7295639,3
34972485,4
26449835,6
25926384,2
24357358,2
25566781,7
28875296,1
16198539,2
33363622,3
20092850,3
34100440,3
13068551,7
23377182,0
11144819,6
29829728,1
21999810,2
30777897,3
34473682,3
31778444,0
9959769,4
21597071,3
32848603,0
32595980,4
31692269,0
37896509,0
23119031,3
37592168,2
6445508,3
36675489,3
25228175,3
31867543,5
24685790,5
37480487,3
33583757,3
35124724,2
1713078,1
38454914,3
21833348,7
25955833,5
17527869,7
13021743,2
6401167,0
11322250,6
21614941,5
38669125,1
29740808,1
39525993,0
36473744,4
32022971,1
38077925,1
39862663,1
21240195,7
25656715,5
30732102,1
19551589,1
25603555,3
32519153,4
7381089,3
1048831,3
2938405,1
30101979,7
26812617,3
16920504,0
26686002,5
26502641,7
844110,3
37507943,4
7744471,2
14801778,5
2539599,1
29526088,2
19391849,6
37901929,4
30577796,4
11822879,1
37369923,6
11579930,3
31426106,0
22148724,3
33085258,3
39630188,2
23388749,5
5461814,1
19199540,0
23301256,4
36736348,3
31851353,0
14589625,4
27832423,5
25693930,3
38839174,6
39662918,5
1024529,3
10344854,3
13307120,5
17534435,0
21210451,4
34758779,2
19847465,0
24313201,5
22894140,2
30873981,0
15537745,2
26423034,0
39990133,0
4845913,6
34402713,3
23490643,3
1939228,0
2597827,6
36653465,0
38961709,7
34045568,4
18469715,0
32774981,2
13269936,1
28282997,3
35917953,0
39827247,7
37062466,6
6298940,2
1913613,3
36963076,4
138029,3
1044473,1
39645125,7
22747235,4
27790801,0
24899772,1
9501894,2
30009171,2
1185775,0
37962113,4
15092537,1
38212118,3
2574080,3
12036146,1
29493591,3
19644702,3
33626444,7
26600753,3
22846098,3
20069835,7
33678423,1
18477414,7
19621955,0
32980633,7
1871549,2
31267366,1
35101770,1
39923023,5
34131285,7
18979658,2
25449946,4
17339827,5
17225638,3
13420988,1
34427964,2
34171491,7
31161500,4
25334334,7
11362692,4
26861897,2
18557407,5
4466489,4
2596069,2
37396527,6
30495979,5
39586613,4
1845681,2
15864353,0
14148210,6
4579908,2
7191337,4
17433910,6
12453279,3
34526854,7
16040469,6
34292007,3
18894808,2
3435900,0
7366528,5
24628959,2
25451348,7
30244246,0
17155055,0
30353714,2
34435503,7
32108070,6
29986194,3
21578785,3
20271383,5
17386487,1
26716140,5
39819858,7
38962479,3
3886667,2
36825151,3
8069451,5
36422107,2
24196875,2
3056830,4
35191690,4
15605379,3
11638158,3
25573056,0
33316051,2
28308648,3
39613065,5
32546786,2
3956181,3
31651906,5
36043095,0
29236813,0
20276508,0
25273690,0
19833393,2
30957509,0
1279032,5
2504907,2
5593636,0
18389618,3
24619629,5
36169142,7
29621275,1
30461969,6
38288412,0
33055718,0
30929411,2
25789302,6
11391700,4
13207678,1
4118409,2
14825910,5
36926140,7
15487848,2
23642478,1
30409140,3
17844905,0
8805290,0
38622681,2
39408090,7
11326748,5
34292116,5
17518827,3
18093619,3
26854678,2
25604949,3
8412665,4
6116345,6
24648045,7
30515773,6
33790854,0
23154242,6
23876588,7
18308786,0
22975308,0
21802708,2
38666744,0
39924168,3
31297859,2
1781617,3
37632845,3
25436589,6
21319384,6
36973331,2
37510460,6
6090275,4
28766248,6
36568646,1
28394666,5
18881929,4
18634650,0
34621952,2
7629541,6
37148487,3
8274724,5
11263420,0
26680590,4
21564357,0
39508166,0
16968080,4
12092518,4
34123018,2
27862402,4
34954149,7
19403772,0
27391977,2
9765718,1
29324236,3
30911872,3
13460463,1
10997254,7
7720828,4
25705141,2
35657681,1
35609318,5
38915997,3
29343051,0
26395491,2
25898403,7
18540563,3
4712929,3
16960638,2
13256991,4
13530998,6
22370287,6
31115347,7
8092695,4
24068412,2
9667546,6
37335408,7
9522627,6
28065526,2
12334925,7
13595674,0
28265410,0
30386392,5
7943385,0
13366058,5
20258986,6
19961428,3
34960516,3
37572745,2
6089078,2
39416667,0
9543287,6
18388670,2
15282424,2
3522739,4
35477813,6
13854347,0
16554999,3
24563761,2
25590762,1
31039111,0
2674437,3
22599657,4
28905584,5
21948376,2
40050201,0
4239205,7
22135780,3
38377047,6
31718742,5
34612569,1
302651,5
27872594,3
38156661,3
36452533,2
23053626,3
35655569,3
19811064,7
8230315,6
27345237,3
14078207,1
36907965,0
14063387,0
29573986,7
33993149,0
11025222,0
34337107,0
22665380,5
31265043,1
13618483,6
34529417,3
10184591,1
6714151,2
27065652,3
33833224,5
28333629,6
2400504,3
14804029,2
8661166,3
24639437,3
20004428,0
37402372,2
34732872,3
37955423,7
34564057,3
34011723,0
35061261,0
16598551,0
13067910,5
25145847,2
29380403,3
25334845,0
29852233,7
28348866,3
20134387,7
5790761,7
34148280,7
4170238,3
32577059,4
28403675,7
30444019,6
26067692,2
7577410,6
19320203,6
21660981,0
22981402,2
15805619,7
14070197,3
7161856,6
6602390,3
30371752,2
9039897,3
31516951,1
38881305,0
37604437,2
2986258,5
9773817,3
27677232,3
38258257,3
32419535,0
37195112,3
34806837,5
5283506,4
4992968,2
39143817,2
7530207,5
34226403,0
4433324,4
34394228,7
22211981,3
35106426,5
11678180,4
33234089,7
26289424,0
38104602,0
16389460,2
28111392,3
2204914,4
26405239,0
30146532,7
35459362,7
10954544,1
11491251,7
12494181,4
28532973,1
28684511,5
28792202,6
39865416,3
34935100,3
22569579,2
35082895,3
10567642,0
24111681,4
34364449,2
20428890,3
17909600,5
28307566,1
34397613,3
12454096,0
19802624,3
5576005,5
39981340,7
18240964,0
15531687,3
30447779,0
7230462,3
29832301,2
14972773,3
5015269,5
14916403,5
32733241,5
17270007,0
37159153,3
17960207,7
24788061,0
20208929,3
32129419,3
28675435,4
33687486,6
31033688,1
32303213,4
38461638,7
36228334,7
30967765,0
34287296,7
8594549,6
36058524,2
28289025,7
5251808,3
28910285,7
18261850,2
29158838,3
36420994,3
30072367,7
25691780,2
30407543,3
26127280,0
21471512,0
23401303,4
33715362,4
15754878,1
32718180,6
21221257,0
17681547,3
10893340,2
33338174,3
20055613,1
9526358,2
29377133,0
30263087,6
27836705,2
38818981,7
23284653,2
25669981,0
21060097,3
33733326,3
37473108,2
9886494,4
26384129,6
38040300,4
31356535,5
39986053,7
884650,1
16927288,0
21556126,6
39555057,3
28520825,7
13749252,4
31716211,6
26825058,5
16307326,0
14258984,3
36223325,2
214852,2
31501557,4
37735245,3
40063930,0
21002633,0
39197011,5
28581948,3
2383645,7
15998653,4
10738560,4
18704206,1
9715171,6
17960296,1
21018411,1
20101524,1
24267747,0
28094392,4
34844633,1
1978586,5
3904389,3
8195915,5
9458870,7
34130186,4
26637415,2
38125231,3
18257400,0
27681823,3
36650561,6
20962497,4
26447915,7
2577252,5
34948928,0
20813231,0
33075778,2
18216372,5
37592721,2
34706274,6
16333213,7
37975672,1
27781812,2
39697145,0
21679388,1
34448867,2
4938723,1
12416394,6
24797311,0
14951676,7
22756645,3
25954395,4
28260465,3
17138762,2
275541,5
11013911,5
13572383,7
30413361,4
32838874,0
35180764,7
22598334,5
33550048,3
4838305,4
26776824,7
7668204,4
18263136,4
30514396,7
24499609,3
35440188,1
27004842,7
32040422,4
24212789,0
38385360,6
18156139,2
16553405,2
19441591,2
39003704,3
27810981,3
38490811,7
39249169,2
37901679,2
35085809,2
31676713,7
33115343,7
30495337,4
23119782,0
31283429,2
27625363,7
11130339,2
11009691,0
28619838,3
21406887,2
27735478,0
39544553,3
35512132,4
9628489,1
32848546,6
32001927,2
2445823,5
34818832,2
17530308,0
19747369,2
25771916,7
19956141,3
29845531,1
39074285,2
31060614,3
33336813,4
36709684,4
19624035,5
22569789,2
36634795,0
24310242,2
18840949,2
34296617,7
34992439,1
25561186,2
38490937,0
24021065,0
36642691,5
3168096,3
11603845,0
24233477,5
16098394,1
13591170,5
33913886,0
32932591,3
32918757,0
7240382,4
22074536,3
2613527,0
19575943,7
37408129,0
37150067,3
10112680,6
21465445,5
30894616,3
17414040,7
34467962,6
39743507,5
6467651,1
8444354,1
17980967,2
34759585,3
21670747,1
30433960,6
32170059,0
6211110,4
18280988,3
7887785,4
5122372,7
12805370,2
32175329,2
9810217,3
33928830,5
9151464,1
33333778,7
35269374,0
38755111,0
8317951,4
19225347,7
20322465,2
35168870,5
35674651,7
35764509,5
24186569,2
35842598,7
34441624,0
31959379,4
38123480,2
25740582,4
8495367,4
15690016,2
5771376,0
28486832,6
31257955,5
20456860,3
33071046,7
39487769,6
1408277,3
6564004,0
1643265,7
7700545,0
28904750,2
37645965,0
38455492,7
17187564,5
7489390,1
26959189,6
24984545,1
30647460,7
14183533,3
28975667,1
27444181,4
18536349,3
17603678,7
18237343,6
31527844,2
11803121,6
28874556,3
24541083,4
38946492,5
39334586,3
9700396,0
14008494,0
20461790,2
16779411,6
34312193,2
19185762,0
13892929,6
21515771,6
20172475,2
497654,5
5480716,6
7470609,4
18177354,2
35990732,3
31464555,7
28566731,0
34001149,3
37193487,3
38846874,2
7395542,1
34954461,0
457207,4
23324690,4
33384406,7
34953853,3
17763862,0
39492524,2
32022401,1
28457805,5
23546312,2
22022820,3
19968065,7
24253977,0
15801883,0
26859291,3
28513604,3
24923536,0
30023913,3
12980500,3
18947938,5
32873021,4
34381370,2
793341,2
33089459,3
11986196,5
16990684,3
35195719,3
28870163,2
18827170,3
14157624,7
30158811,3
30177884,3
34144034,3
36466954,4
14568528,3
26242482,0
23594465,5
33149967,0
1817780,3
33231494,5
32693114,5
27461479,1
35481540,0
13735422,3
37052727,4
39715909,6
14222543,3
10351645,3
34207321,1
30421325,5
32405620,6
30415205,1
21077503,2
39639342,3
33371349,4
15114616,3
39742893,3
8947977,3
8751438,6
21199497,3
37560786,0
21463344,1
20650074,1
38595400,3
28845428,7
15614676,5
12714760,4
17846613,7
17037300,2
28967592,1
31016654,7
27813466,1
22339166,2
27128290,7
19409606,6
37658127,7
33870862,3
7544424,2
15009332,4
11998613,3
11047105,6
36508616,4
16070535,0
20956671,0
25417911,3
36358204,5
13808428,0
2497525,1
10081942,0
27698386,2
28314173,5
4504470,2
13675440,1
22394864,6
31890061,0
3294349,0
14078588,4
12134341,1
18510790,6
38730487,2
33018028,5
36472681,4
15357800,4
3582737,2
4355762,3
22119244,1
19870735,6
33914978,3
17401944,3
10836276,5
12867263,2
14825988,3
3268198,4
35526867,2
13906343,2
27051188,3
24363130,3
11792629,1
7056204,1
1950781,1
32648010,1
33572130,1
5957211,2
30627923,6
21034367,0
20572303,0
11454264,3
33293518,6
18309140,0
20845778,0
38579190,2
37669256,3
29852498,3
14133098,0
28676374,1
32407613,3
22640898,1
38444110,2
24769117,2
16310803,4
27927103,3
38003626,7
1596440,1
37045347,0
27369538,0
39737026,7
19363736,2
38209719,7
31678327,4
33656724,5
4528667,5
19485768,6
17099458,3
26365369,0
34646042,4
38508564,0
21017652,2
34744863,7
12453595,0
18927786,3
6022450,4
19649788,1
35736217,0
28702673,1
23420669,7
19713844,5
31954507,5
36680695,3
25477528,3
16875404,0
20957949,5
22392823,7
36690433,3
31625792,4
9941766,1
28452361,7
6328530,5
298782,4
33724611,6
22290508,5
2105508,2
27654433,3
14324069,6
9718054,5
30647866,5
35328941,0
26046023,3
39833902,0
31095811,1
30339847,0
17200385,0
34689852,6
31229728,2
28962403,3
28369852,5
31862169,2
38336938,3
34418881,3
4424283,3
32652485,3
35329135,2
25984025,6
30987118,2
34990179,7
29808355,7
22277318,0
19219017,4
22576312,4
38080070,3
36939157,0
4881312,2
2846416,6
33137686,3
36222823,3
39013431,0
32795354,6
28664221,2
26233925,0
16989736,0
31508846,0
27305221,4
37982004,7
36724955,0
1590474,1
17800897,5
39580473,1
1290515,6
31375022,4
18974810,3
31937190,2
35631923,1
11437350,7
37898559,5
2121036,0
23157481,7
25928390,4
2276768,5
5567922,2
14757054,1
11819188,0
19862948,3
837256,2
36763438,3
33454243,4
29357326,3
19900279,1
33321545,0
39498729,7
29773480,7
24871914,3
12632323,2
6645661,3
36612832,0
30465013,5
31793746,3
39538873,6
33282823,1
15880644,4
524714,6
21912859,7
28678351,7
20676849,0
22598561,3
21150761,0
15958917,2
7217715,1
28892261,3
27715515,4
441397,2
11752371,2
38919877,3
28884265,5
6731345,2
37563363,2
8065913,3
31481689,4
36169473,3
3302020,6
11473206,3
38900235,0
18391977,0
33956029,0
17313970,6
19059360,0
16898086,1
23124248,4
15190228,5
4019639,3
18288757,0
38129624,5
39312553,6
25515288,2
18440526,5
33860317,5
26866493,3
24085711,6
23395354,2
14517343,0
38975664,0
11143827,4
29964585,3
35822251,7
8158937,5
17472124,2
9667742,4
21455021,6
7859775,5
22336460,1
13542276,1
6802877,3
9074230,3
2081281,3
2576715,4
39548864,6
19078325,3
36377396,3
35949412,3
37577127,0
23404222,7
25518023,6
34830738,5
39422242,4
16469758,0
21799191,2
25691951,3
23444858,3
2002357,5
13423216,0
36393450,3
28366550,2
38542419,3
36619631,3
17665809,3
2196693,7
28669288,1
38886251,3
31988553,0
22043498,0
28263073,3
24768802,0
34291543,7
25430789,6
28335638,4
15177705,7
7751132,6
33139230,3
16750493,3
36342078,4
38175765,1
12739111,3
34833138,1
23955382,2
37351357,7
35615971,3
30201431,3
35698927,5
40074004,6
34888742,4
9931998,3
17377452,2
39616931,7
38043658,4
1554362,3
36271449,4
26165180,7
4901861,5
24265971,0
5568926,0
37535037,7
38225583,3
18995063,3
16984061,0
23392820,7
27584206,5
39600006,1
23747592,1
2181708,4
30576628,3
24106209,3
36640174,0
33740811,0
10445666,3
39969219,0
20156053,2
31939916,0
31541758,2
4519736,1
10392921,3
39479732,7
39811720,3
38113711,0
21141858,0
37515847,3
21233233,3
27409727,5
19783404,6
36522120,3
3862129,1
21805472,3
20530921,6
35821271,0
22723022,4
36188226,3
7911098,1
36525020,7
23469008,3
24039132,3
29295654,2
33726160,0
31830429,2
32858537,6
21996710,0
25633995,7
24930018,7
22014220,3
33341320,5
2482926,1
2938519,5
29330283,5
31816058,0
25598093,7
21743057,1
37400140,3
33713201,0
38912563,3
21215421,2
2398299,5
28798781,6
28719127,4
1547856,3
19104580,2
32492518,7
10320096,0
23696705,4
3207177,0
16617136,0
20691359,3
25575579,2
35387280,7
2525233,3
32754496,0
22024456,3
30870072,3
31855048,6
16968226,3
19613750,6
31793540,3
13287459,3
9949974,7
7720728,3
14519082,2
14531396,5
15477857,7
1893867,3
39600379,3
12241499,6
6557959,6
28706967,0
5311669,3
34483081,3
26498337,0
13961930,3
28989191,7
38782072,7
5684471,2
23819310,2
35344985,3
23959889,0
3553088,3
26752933,0
11041405,3
37386499,3
33672751,7
18309258,0
38484277,7
29356076,3
7215320,2
39571245,5
6816989,6
30503613,7
18745743,6
1908653,4
6698554,2
26189847,4
19684434,6
30997347,2
24642156,7
37313690,6
27555590,7
3052534,2
7427984,2
10324015,6
19869123,3
33604725,1
39307190,3
16662104,3
19612209,3
37576006,7
20848222,3
25041319,3
39647480,3
7958031,3
39023504,3
25030037,7
39151545,3
31610677,1
32618304,4
37517873,5
34583471,3
30457162,2
40088902,5
35611874,6
11005072,4
38255066,7
37522919,5
20403968,2
32511131,3
501626,0
35860839,4
22784890,3
20546321,5
23181442,6
2336423,3
19465847,6
25346036,7
15539260,0
35592406,3
33976504,7
31617562,1
34817416,3
31504591,3
34623846,6
26306975,4
25623295,3
10054880,2
36448960,5
22138648,3
9111730,5
19664587,7
30282504,6
31863076,6
30992316,7
21822592,7
27183036,4
29529074,3
31819393,1
17915850,2
34983043,4
36294317,0
31121547,0
27080100,3
15898817,0
34967236,1
15136392,0
26974838,2
34971201,6
19382013,7
33959124,7
4946596,0
39095435,0
35414834,3
29917232,1
27081877,5
13781563,5
12311310,0
13639444,3
28073132,1
21396414,3
12705527,0
3848954,3
24126240,0
14618100,0
14147175,3
9282149,7
36500348,7
40138085,3
31867193,4
29662590,5
7856843,3
1550707,3
27878137,0
36064812,1
37711337,5
21597469,4
32919383,7
20187219,4
30180445,2
5414241,2
38543898,4
5579407,2
17312276,1
29377730,3
17874297,2
29361314,7
23771759,2
24235921,5
14469329,0
21449763,4
24233385,3
39083524,0
19818927,3
34393141,5
38400028,6
22234428,0
39523665,4
37667765,2
3153427,0
25172341,0
11594100,3
9643268,1
20132108,4
28457469,3
20979261,3
34343132,3
11104180,1
11615878,2
35923958,1
8436373,3
34145556,3
6589225,3
24399772,4
33600230,4
21642748,7
39149117,3
5472501,5
24602117,4
2664944,1
32641051,3
34358173,3
38040071,1
22329224,4
13536118,4
37443169,3
34030215,2
29227351,2
25826979,6
18080746,0
16890899,5
27587250,7
12381785,0
32977809,6
18500998,6
8402800,1
38672638,4
8376270,2
26059821,0
33571348,0
8492443,3
35827853,2
3458830,3
19671082,0
35330850,0
30051051,6
35484250,7
37354574,7
8168858,7
13122656,5
823030,0
23183105,4
6773584,3
25100531,6
38489075,3
26811694,0
20043897,5
9566060,3
17605962,4
3964378,1
17687019,7
24958806,0
25796130,3
34030196,0
13855617,7
32335800,1
15745457,4
18462785,6
22775392,3
29632784,7
20685797,2
23913962,7
29428894,5
33103802,3
10208814,7
24167933,3
4965114,1
25647546,7
872119,3
1264472,2
6880096,3
36577025,2
37988388,2
39476732,0
23542526,0
29049621,2
33991527,6
20363927,7
23767772,1
29267597,2
26974120,2
27758491,3
28145024,0
34745609,2
27926220,7
8380376,5
28508208,2
36432098,6
13861532,3
17199113,1
20538305,2
9742428,4
22517080,0
14637768,4
14904012,1
37404043,7
7949986,0
22893460,3
14024855,4
1383239,2
14351779,3
4868139,4
12095898,0
3375217,6
38085624,0
33823557,1
14229187,1
29928477,4
39876280,4
13330028,1
24307454,1
30513814,5
26186577,5
32326771,3
6649096,3
12204287,6
39504728,7
38550392,2
37085708,3
18712318,1
30616211,5
29364189,7
30838232,4
33605493,6
7459248,2
26434718,0
7943971,5
6479214,0
14172700,3
23431015,1
30878697,2
18259697,5
1916663,0
14648793,3
32177669,3
10889506,6
21148655,1
36044210,0
1416646,3
9574379,1
14601570,0
18590658,0
5559147,6
12964547,4
5218805,4
6880691,3
9949246,4
24123659,7
32768331,3
33907369,3
38910958,3
31411357,3
8539100,3
38162539,7
14422340,2
17433453,2
37060639,3
472977,3
24982793,0
19313966,3
28065523,7
29834213,7
18940735,3
20352794,0
12068121,3
8796655,3
8826965,7
34205310,2
20926076,0
40138350,3
36630135,2
13055727,1
11554145,2
16552738,5
26210417,3
29275353,2
18720207,7
30371987,0
6391388,4
38380336,4
25798730,0
29871243,3
24789269,1
11527290,0
14080041,2
34057783,3
23398445,3
39778235,6
23250726,3
30529055,7
244750,1
23108356,3
21943393,6
28044332,2
35330872,3
17489178,0
30918905,0
37387726,7
29447188,4
31631052,7
20361235,5
10656831,1
21938272,2
17737703,0
35819129,2
7488649,2
31617827,3
23133573,3
38791527,0
17958667,0
35441534,4
18945450,5
8991433,5
18704215,0
23062926,5
19670153,2
35281360,0
36285966,4
20039200,6
6019473,3
14398791,3
32238896,5
15316428,3
23841011,6
6839116,4
9098441,4
20642284,4
5517314,5
33859025,2
39535756,6
9303301,2
23126498,6
37297367,0
28310657,7
38255340,3
11469228,0
6587516,3
31317642,0
19290674,3
23274357,2
40072838,1
32995170,3
6451229,5
37810281,5
22234443,5
2656900,2
6879991,5
39071093,5
5094697,1
34306443,1
2900084,0
9793631,2
4574296,6
14504887,2
15166186,7
36456766,6
888550,5
32185442,1
12557794,0
17451473,2
9294530,0
15794038,2
10924339,3
7117443,3
38150311,2
20932840,3
35098258,7
36526319,7
8387546,0
29757126,3
35921527,1
18518038,2
31198020,7
39402445,4
19354708,2
19763848,0
34886973,6
20925224,1
25365633,6
2744687,6
30203964,3
19527463,3
5570981,4
1466732,5
4644025,3
24248970,3
21849878,2
19490542,0
35374660,7
30916782,0
33989262,4
24991795,0
24695878,4
38007131,0
30236122,6
1654922,1
23154105,2
7278588,6
12003010,2
7365531,7
27953895,6
35509525,2
21003069,2
33382672,2
33651043,4
2878493,1
31225489,5
26977618,2
16183401,2
26945199,1
26851328,6
35641281,4
18112036,1
25302172,0
24028749,4
29741887,4
24196876,0
35774902,7
12990199,6
4047735,1
34174416,3
4216489,3
29019628,3
21029492,0
35685496,2
19195903,6
37593961,7
35380166,4
19717108,4
20976550,6
25999821,7
31864684,4
3071462,4
8456389,6
31175451,0
10725642,2
1457757,3
39116123,4
30794080,2
26827391,7
13409559,0
25058767,3
31328580,0
39241346,7
32836815,4
17427966,3
35074387,7
9843741,6
35842022,7
30952474,0
7197199,4
34767215,0
35911736,7
13715876,3
38024104,6
1183643,3
12566151,6
36353016,6
30720760,2
19086314,3
10922319,1
17046073,2
39708136,5
14528379,1
30429321,2
1166503,2
12658870,1
8734673,5
19554900,3
31306519,3
29606432,6
28843083,2
21497126,2
30525160,3
19477264,3
1517418,1
36042508,7
3379032,2
3169099,7
27201271,4
38725032,3
8348255,0
10819192,5
19069701,4
22921751,1
31538288,5
25354904,2
8071523,5
33313401,3
26051185,5
20856893,5
37427069,0
18969358,2
17692948,7
17323218,0
4987383,7
6621870,3
4638693,5
33840492,6
37747886,7
31381789,4
26549455,1
24788711,2
33474341,2
2962571,7
26381888,0
1316068,7
29104107,4
29478997,2
27648476,0
20858991,3
11854142,0
15440115,2
30620681,1
21277064,2
37475963,3
39875609,4
31826814,4
5120071,5
39874309,3
33883242,2
6199666,4
11385050,3
12444942,3
34701693,2
13355778,4
22363566,0
27095692,3
27086004,4
31034691,3
33775269,1
36356685,5
20091484,3
24590405,3
8754145,2
22527108,3
38943800,6
2433616,6
14595302,6
30700150,2
34009116,2
18889658,3
32918762,1
35889238,1
8370966,3
29525047,4
39770863,7
31301863,5
27659490,6
28479968,2
31045908,7
32448939,3
29621532,5
19902998,7
26916827,0
37007465,2
34168775,0
38833362,7
4918425,3
35155897,1
31955603,3
28356518,6
18825178,3
4652893,2
37082554,3
39542635,2
4239896,3
28804450,1
17743083,0
19600545,2
19485969,6
30559865,2
3012783,7
16201655,0
20308588,0
19381932,3
16350653,5
28360182,3
14265539,7
28753396,3
34449473,5
33396256,5
26103113,7
12080957,3
34816098,7
28511175,0
28619452,6
16824581,7
22025260,0
6117868,7
11350249,4
36717603,3
16839630,3
33205437,2
36171867,4
32792008,0
26522997,3
27939697,3
5424942,5
21621463,4
38048098,4
27371972,3
19622408,0
16771391,5
23678466,4
22678143,0
34168415,3
37624186,3
20014302,5
35349920,6
39248753,7
34966059,0
21614181,0
30679192,7
36783700,1
38526289,7
30037941,3
30464454,7
34132368,0
18090731,5
38989667,7
34597093,6
26037977,4
33443748,3
38662656,3
29120431,3
30252693,5
4467193,7
27334949,7
33306510,0
21697867,2
1739566,0
30642950,0
26111370,5
16122128,5
2083504,3
36932491,1
15535897,4
18452707,5
11078916,4
35032417,7
34572330,4
31873553,1
5073903,5
38644013,6
30120924,4
296270,2
7983099,3
6783826,2
2780904,0
34489301,4
9322284,4
32539611,3
22927288,3
22895618,0
21875967,3
9216829,3
11602579,3
36731874,0
30366142,7
27477940,2
9047349,3
28642871,0
14351854,4
40064853,6
29751403,3
25761701,3
9739407,3
37686060,2
15957071,2
30280206,0
38208137,7
10885984,7
24651723,4
31883073,4
26442790,7
21443690,1
39939627,7
27770300,3
17529541,0
8809881,2
25968752,3
30176184,1
18895110,4
4499129,5
16301356,1
36007937,6
21781782,0
33525073,6
25171995,3
33124464,5
38043717,0
15749591,0
31444374,0
13832562,3
38069160,3
32616182,0
10747873,0
15240357,3
3680262,3
16903368,6
16312822,0
37557052,2
9818688,2
28429745,3
33832370,0
4641877,4
7477864,0
7985696,3
30643987,2
36062041,3
24846671,3
20228227,6
30573618,1
18383970,6
15878012,3
35769095,4
36428505,3
5050110,5
6838130,3
28838129,3
24041885,5
30645276,7
30941350,7
21526351,4
21551154,5
15037690,5
33537917,4
21440816,3
36287701,3
15417415,3
19485728,2
39453015,6
33381807,1
4341746,2
39936200,3
23751870,4
35215754,0
32106500,6
17393343,3
2083353,6
35839043,1
26375381,0
23163508,3
34366763,0
18908204,7
15055029,5
31152301,2
33879279,3
30628442,3
36572960,7
33302984,1
19514353,7
8069859,4
5395853,4
23634356,4
28507637,5
19060144,7
26388226,0
17583247,5
39792591,7
20063844,4
26618333,7
30752198,2
13416294,2
34417154,5
26752020,4
2753022,2
29359564,7
17473938,2
8409306,4
1325518,7
17768515,0
30224991,4
35993647,4
24088825,5
21223898,7
33683184,2
20316299,3
15154658,7
33136727,4
29290277,3
10709144,2
31303026,3
25332555,4
24285325,3
29372643,3
30614996,3
15484443,7
29378090,2
6716934,2
18281767,3
31836211,0
29487282,2
14400993,2
20910616,1
18047232,0
34178840,4
13649316,6
33068690,0
24646139,3
30070358,0
14855014,5
40060461,0
34839146,4
3852190,4
27439431,3
39131559,7
15623738,4
17625431,4
5312487,4
11360744,7
7380629,0
38786936,3
18749121,3
35388647,0
7138076,2
3194018,1
21714285,3
37859823,3
38040946,0
21474964,7
32578083,1
31165588,3
32909787,7
24932245,3
37608830,0
39358958,0
26146512,3
22362736,0
9071438,6
36530293,3
22165610,3
1585439,3
19336385,0
14194997,6
5094351,3
39785543,3
30450646,4
36233330,0
30419488,3
17147446,5
22854904,5
30852243,3
27180336,3
1397799,4
21212287,0
31032509,3
27029725,3
26823026,1
25598942,0
37808567,0
39804652,2
2450593,5
22730956,0
29615870,3
23180879,3
27638005,6
26047801,3
636485,4
21573941,7
9882447,2
31134191,4
18476715,5
37316356,2
10251391,3
39296927,6
22885022,3
27380644,0
2522255,2
19827792,7
18354534,4
16034940,0
36412006,0
35978211,4
36365026,2
27456890,3
39128380,2
2799491,7
11159289,6
33534879,0
31424202,4
39784326,3
2358896,7
13956055,6
4065061,2
21571693,4
19611387,5
30854465,2
39318232,3
23395065,5
15401526,3
17455302,7
33856436,7
14371331,3
32792263,0
27184015,4
30605890,1
36114619,7
24417149,3
3441358,6
22501006,0
39529655,2
6087388,0
33099588,3
27368950,5
37058388,3
29105310,5
15889335,3
24290219,5
2951123,4
31947756,3
3183617,4
39832861,1
39127388,3
37454785,7
23790415,7
8707457,3
39975898,7
36526789,2
19138609,5
35276340,3
31841151,2
21339448,7
3964926,0
36462828,5
12234998,1
33321207,3
34532993,0
29357442,7
29934246,7
37205243,0
12719205,0
39335766,0
15304308,3
17844405,3
37512271,0
2808832,0
40118041,2
18622798,0
36826156,0
37397867,6
30953104,4
25080418,3
27577590,4
28006960,6
31325707,3
17824607,3
35964324,3
34062266,3
10943589,5
8646293,3
33103014,0
39047695,3
25798843,3
29450567,0
20394667,4
34849328,5
37531032,3
25483349,3
11802436,3
33977673,7
39666392,7
5297937,1
28522106,3
31943169,7
22426374,6
18570619,1
24842305,3
15340781,3
25282661,1
39906837,2
27063289,1
8783307,4
24142119,1
38517765,4
28701256,0
34411061,2
16344974,5
27695892,3
27895503,7
10590840,2
13752070,1
39514004,0
31623005,0
32922239,5
12680006,0
16892486,3
38659842,3
31003968,2
21607025,4
37235310,3
3918700,1
9433573,0
39378363,7
38626017,5
38021656,3
32731140,3
1265665,0
36002457,0
32386268,0
33777703,0
20394613,2
5000752,3
28514801,3
25360700,0
4621938,6
29214770,7
35380641,3
25005616,4
2017261,1
6402753,6
39209863,4
29333020,4
6080477,3
32030387,3
25962692,5
5543920,2
34567764,0
36292959,3
18172257,0
20503373,3
8762339,7
13781519,0
24920350,0
30832536,4
2143291,3
18935877,3
21020644,4
37195921,7
5268850,7
38005555,5
7551268,0
21001041,7
20278109,7
36461324,2
40049371,2
12335358,3
17792712,0
35647421,5
38234003,7
38068669,0
32723061,0
7096138,3
30554687,3
35532844,3
39289050,7
21976024,4
27434855,6
30488061,3
10650016,4
35811031,3
12186994,7
2651874,3
28788166,0
28013170,3
12301800,1
27767672,3
16446443,7
26326474,0
2462725,2
32428836,0
37784414,0
19434302,1
38318340,3
35323072,2
4371744,0
4685253,1
25589135,3
24863787,6
11241523,3
25896629,1
27531563,6
32799541,7
37195717,2
26904007,5
34481448,2
38394751,0
12163967,3
19646042,3
32896387,3
28254733,2
39231282,7
27744210,4
15166212,0
22158871,3
22598816,0
19718146,1
28405010,3
1682567,3
19491295,0
27911306,0
16467844,1
8960676,0
37287299,4
14985133,6
8177402,2
34955318,4
95642,1
33366221,7
22000086,6
34188248,7
29994589,3
35156353,3
21490504,0
35830675,0
39433191,3
27607366,6
5878830,6
28289978,2
25675640,3
35853661,0
13636458,2
3428014,3
28014735,7
31400769,7
16248104,3
25064353,7
37400078,6
32585153,5
33463635,3
21486261,3
10279778,7
33465118,0
31373019,4
37389174,7
37266065,4
35782251,7
31117393,6
18700661,2
20845835,5
37132810,1
38687134,1
18024962,2
11559062,3
35172692,0
12598988,0
20810705,0
25828492,4
11412132,3
27489463,1
22348229,7
9480419,3
22550304,1
38153772,5
38793579,6
5787471,1
18572601,0
23633605,6
32032426,2
23424515,2
34262734,0
38068880,6
36598728,2
24792499,0
15395610,6
34094468,7
18998568,4
1332853,1
38174216,5
16124630,1
28075472,5
34124388,3
7173872,2
39087245,0
8015867,3
26476218,0
12188648,0
7361078,0
18467244,6
3034014,7
2467013,6
7727087,3
13092807,7
38019688,5
38256369,0
19524383,7
9886150,1
19625101,3
28778340,0
16474522,0
564460,4
28661207,2
38410777,2
35606088,0
18238610,2
38188359,3
31487034,3
35259305,6
36339679,7
2036392,3
13658806,3
36944089,2
36421919,3
22561458,3
20382946,4
34682174,3
34262083,6
37206015,4
21535376,1
30069564,1
28532913,1
31117431,2
15059007,0
21346725,0
33745936,3
35922844,2
23460652,7
21767552,6
37400738,3
32417242,3
19365513,3
22674922,1
2956904,5
31223529,4
38066515,4
18298044,1
20503183,3
4002015,4
37351418,0
22371375,0
36854067,0
6713430,3
20730950,3
21865900,4
35184151,7
1800508,3
19351045,4
15819362,0
37845617,3
38256609,6
33543259,6
5886987,0
36530007,3
31291611,5
3830530,6
10860685,5
32217017,3
24079645,2
3134245,1
25989806,7
35978815,4
39905256,2
32539645,1
14104713,2
15101740,1
30903522,7
15841910,3
28855928,7
39709197,3
15855168,2
2610421,2
22232932,3
37051574,5
26123416,4
32171448,3
31266687,3
25494668,7
30482517,3
20555610,4
3173320,3
22309315,0
19502503,3
13333348,3
29640517,0
20715978,3
25832568,3
39627787,3
39875057,5
30743314,3
37253657,3
22199099,0
10113270,3
6791159,7
3892218,6
28064747,6
30272591,1
17452065,3
36087488,1
29462260,3
1030070,0
33698318,2
14059969,6
27517940,3
10312204,7
33445750,2
36289418,1
9685423,3
9810116,1
21992176,4
16698811,7
24843768,3
30790193,7
9519036,1
37730843,3
27080942,4
25762760,2
34231018,5
26688775,5
38925115,3
35000251,7
9135447,3
37745600,4
4792847,2
30154647,3
11282134,5
20932810,3
26896722,4
30024243,2
26005126,2
35374333,0
25101489,2
33945863,0
30636199,5
30724071,0
26101633,0
15053160,3
29579912,1
11859234,6
11336056,3
29800675,2
25232022,1
10524871,2
37265278,0
29100380,0
22332571,4
18695533,7
23867136,4
39238847,5
36285654,0
36941954,3
28444511,0
33904713,2
22348756,7
32470568,0
36335968,0
4817200,2
40126979,5
7688182,7
9549084,3
22846719,7
10825734,2
12316575,5
10554699,2
21301684,2
30633143,6
26923752,6
17135275,4
6687660,1
20749730,2
40136945,0
3772495,5
38876721,1
36627868,3
23358240,4
2204252,4
6199657,7
18429547,0
28269123,7
36315309,6
38557760,7
40024294,7
24611217,4
4422389,4
24877905,1
26402614,5
35069283,3
9172263,6
14557597,7
34517331,2
6722162,3
39471954,7
32531150,7
23513209,3
33470771,1
19914293,5
35637516,2
32638677,5
35747769,4
33832184,2
28049092,3
22438579,5
2712514,2
28422819,7
18751945,6
35634193,5
22166414,3
35388467,7
14554178,3
11561258,2
22947689,5
29595508,7
27882920,0
32076636,3
38999713,1
24266273,6
18155972,7
14562112,3
38884644,7
21322568,0
29042949,2
28857520,6
17232246,7
34865765,7
862173,4
35423750,3
32273587,0
20395691,5
28311358,3
15603755,1
36074091,5
3839426,1
39409170,4
23122362,6
3936957,0
17241211,6
17936384,2
11106483,4
21028819,7
10758668,7
21404885,2
33728792,2
15798209,7
25289887,6
15419912,3
37426055,2
3292752,5
32335210,4
16072548,3
35575055,0
18409760,1
18196811,7
25095920,3
32938494,7
32724828,2
3345530,2
5470985,3
14947165,0
13752988,3
29452228,2
36678063,1
7963316,4
10894532,2
32751193,6
23834390,5
30669337,4
11842490,4
38363640,3
29908066,6
29172029,2
39885520,0
34930745,0
16779648,4
36130820,3
23172293,0
38892192,0
37598507,5
26061814,1
9084455,4
12366607,0
14804908,3
37946458,3
38400732,7
1916009,5
7990235,0
33334606,4
21127880,4
38600173,1
8945370,3
26216773,0
36607540,4
28692542,5
21338635,5
33767122,0
17156911,4
32929725,7
2920793,2
7046842,3
33017452,7
35125752,2
19643993,0
13246694,7
35546994,0
31364140,4
38387733,4
16086821,0
8472282,1
28801216,4
13057742,1
12884638,5
11550435,1
30155345,7
31774230,6
12783422,6
37228319,1
34531416,7
37217773,3
28847824,3
9343180,4
20936693,1
29368331,5
10394659,7
36713290,0
26019085,0
33742583,6
37667046,4
39982981,2
32471390,0
7919544,3
34116081,3
26842899,5
33843812,3
39357863,2
35630305,7
36972714,7
24897906,3
39186169,7
35950231,5
32725922,3
9685068,4
30726029,0
38643131,6
22338927,3
11483509,5
38943625,2
24337416,5
8030721,0
12764463,7
18512981,3
32509815,4
39701507,5
27568663,5
16613751,0
33765191,0
27194933,3
36095910,6
30255112,3
37538116,3
39391007,0
30248469,2
14941097,3
7592592,3
11267446,1
35090103,4
10640759,7
27311199,5
27025389,4
22499057,1
20843135,7
27055218,5
9433283,3
34479794,6
21448794,3
14816700,6
5251066,4
27027247,3
34793998,2
5559349,3
32296887,0
10184048,0
39865329,4
16039940,4
32104462,1
37866575,3
32266039,2
36894986,3
17680544,4
17429159,6
9738518,1
7527413,4
34687313,3
22150395,3
27872058,0
9381612,4
16733109,3
39372340,7
34976515,2
39073067,0
18755466,2
12402982,3
27019740,3
29062616,3
34401121,0
31606420,3
3625897,0
36535673,7
20726367,4
28004974,3
14789930,3
35215095,1
27129880,4
652291,3
21472772,3
1609775,5
15980548,0
18066269,3
12250475,7
38025003,3
9781944,2
38647250,0
39478853,7
28810066,4
3525952,3
22894897,5
16010992,2
19694920,5
23999524,0
28192838,4
31893638,0
23142719,1
22234190,0
16515314,4
32521007,5
36573019,3
18753091,1
19413332,4
26658130,4
21954603,7
36662181,0
23684323,1
34261244,3
18108462,6
27925447,7
35070840,1
38754163,0
24638507,3
30116105,4
7698217,6
10964721,1
18612741,6
36344853,7
30677413,4
9950939,6
34622353,6
36255642,0
29489892,7
36701711,0
34822373,3
5162130,0
37284158,0
990016,6
2770810,5
39962277,0
34659109,0
16203874,0
22633139,3
19436365,3
18164415,3
5744977,1
35048921,3
18967518,3
6931880,0
28816496,6
16534246,6
12698843,4
12876172,4
35990541,3
29248280,7
23925766,3
16455636,4
4965342,0
11853725,5
33203620,4
18807743,0
17427565,7
30965974,5
22447572,1
24354311,5
35686058,0
18172653,7
27581683,0
16800375,5
11162798,0
33399106,3
12357043,3
3848829,3
20561778,4
30068995,5
27128688,7
4907924,5
37307421,7
912526,0
9520873,2
31017823,3
27769722,0
39604672,3
36634602,2
38615761,3
27542447,3
38284177,3
15796734,6
25792989,3
34107339,4
29837876,0
34571623,7
27731380,0
7629403,1
11911164,5
35015828,2
40136283,3
27378883,2
12151306,3
39275552,7
24486995,0
26436961,4
32996230,7
35101297,2
26788807,3
36959262,2
32191030,3
6860294,4
4239346,3
7940441,6
19339341,6
11043282,5
25195426,2
19935408,3
31118164,1
10158684,1
32724914,5
34348307,5
11563100,7
36520561,0
39559384,3
39277477,6
35485362,0
3098337,3
36779023,3
36076679,4
7114866,2
33635081,7
11892084,0
13050225,0
2362729,3
1145334,5
36399357,0
39129223,3
36649295,1
31073119,2
25293954,3
31555116,4
3271478,3
27951419,0
24417401,3
12571073,1
32957525,0
29881965,2
6864106,2
37890972,4
19151516,7
26061610,2
27815008,5
19613716,2
33017847,1
33323661,7
26961052,4
15041834,0
38724411,5
39674681,3
13334044,4
34931486,1
17507325,5
15411252,3
1635827,0
4035195,5
1903209,7
35434092,7
29033245,7
36696404,3
13480031,3
26783719,7
85577,0
35418410,7
37683026,4
15153900,6
16093247,6
38458115,3
14900546,5
3823659,2
27477970,3
33050788,7
36338693,7
10368281,0
15965309,0
36129386,3
12738781,0
3653717,2
35658529,0
925716,2
27317564,7
37331282,0
20085929,7
9059921,4
31187407,1
19604389,7
34418406,6
13412913,3
28858204,4
37665330,7
28310627,6
28136626,0
20171216,7
35524207,4
37602106,7
32010322,0
32688335,0
36556547,4
39374599,7
2250385,7
38701400,3
10861427,7
26044977,6
31112523,4
27952759,0
26800052,5
12592916,7
24566119,0
40121765,2
29576822,2
39297480,2
17131962,2
4300979,6
11847992,2
39390927,5
27713282,3
16993486,4
31446465,5
27498316,3
33656696,2
14675732,2
35557828,7
21973008,5
37626614,3
34193862,3
37245782,3
39257455,1
28171130,7
24358715,5
31270635,3
7624840,3
18130165,0
18473217,2
9245900,5
29034301,4
32827419,4
26064115,5
5450067,7
38381803,5
38520210,2
15722118,2
30879964,6
5891045,5
20246702,0
6518154,0
39488216,4
5356263,2
35973820,3
37265411,3
5661485,2
32789692,2
3418339,5
25691403,3
19555472,3
35453596,3
14273049,6
37383332,6
39695857,0
36406737,0
338103,3
19394227,5
34137007,3
2035599,1
21609961,1
14448310,0
24316900,5
39328197,4
38956950,3
23284531,7
16879928,7
22025675,7
8932410,5
12139624,6
31861017,4
21255525,1
4472458,4
32621089,3
34257472,6
32752250,0
37311699,7
21856559,3
32138140,6
23930695,4
38533642,5
19991033,6
37211765,7
26429322,7
38462666,2
9969406,0
34904465,3
30657223,3
10827393,3
38808248,2
16382493,1
11570942,3
21575749,3
27894738,3
25749252,0
16793501,4
31714453,0
28990440,6
8609147,0
20316100,1
37659782,0
8709453,2
39569128,2
33003536,0
32894184,3
26775558,2
34010974,0
18427775,2
11433810,5
21407985,4
33106871,3
16567249,0
6359734,3
17736731,0
33791555,6
30223073,6
21445515,3
22726498,7
17476989,5
25407258,0
10549634,3
2911867,5
4770164,3
3254560,2
14940338,3
19421835,4
38410843,0
28073916,3
10368371,7
15387354,5
31106363,6
16351286,4
30290028,0
10797189,0
17959644,1
20229817,7
32279887,7
18561519,4
2991557,5
38656786,7
23353887,3
38160518,0
36871756,3
39156809,6
33137165,5
33478942,2
20669085,4
11424808,0
39482504,2
18112393,0
25862513,1
5128807,1
29118729,2
19666462,4
19621625,0
39920252,7
17737914,3
3408494,3
34431833,0
38715570,0
39441880,4
9154023,3
37417765,6
11476886,2
38191114,3
27516059,1
6591890,5
37632766,7
24154465,3
37516570,0
29039434,7
30605090,3
19377427,4
18620199,7
21916146,0
36401400,2
15461511,3
39033106,4
36362027,5
35296244,2
20400671,4
33576537,2
1022649,7
7109149,3
39949841,7
12593366,3
37376798,5
36279649,3
18006023,6
12550843,7
8474394,3
10411359,3
38921364,0
31660951,2
5331275,7
36442023,3
24790655,4
36390290,6
35319652,3
37006187,3
23914730,0
27782511,3
18793888,4
31973169,3
17760769,4
24379456,7
15075792,3
33883840,2
1547944,6
16107658,2
30452395,2
24012327,0
20448664,1
15911674,4
17694732,0
13158452,3
34973763,0
34296436,3
7039200,4
17183122,3
4244855,0
17837078,6
27938954,0
10086412,0
38469632,7
39594002,4
30363174,2
14043719,4
34189397,0
30968256,4
23367218,5
7651220,3
28904793,4
33188104,3
138045,3
32038881,3
31421322,5
30559068,1
8655938,2
36626833,7
33629440,5
26920092,0
35796802,2
7911986,2
23929165,3
12906351,1
33877577,1
15846389,6
38285737,6
32125812,6
28790883,3
37368078,5
23863852,2
1945812,3
8859760,4
7733180,4
27925736,3
28096351,2
36576366,0
30268270,7
25584160,0
33894841,3
24730189,5
34853390,6
24627620,3
32255001,3
10117885,4
3408272,2
1859438,3
2969481,1
11151572,3
8676682,3
38175199,5
26364156,5
32103224,0
904746,0
35311585,3
26342132,3
30347090,5
24703315,3
4445109,7
35305124,0
34537922,5
7761659,0
27825206,3
9778389,3
267628,1
35141438,2
11801658,3
38081866,1
27612958,0
37098471,5
24000394,2
34725405,2
19145645,3
28564566,0
22055454,5
39289217,2
27304900,3
23983476,3
5422464,5
37043534,6
39402154,7
23710572,3
35695015,1
36493966,1
19912866,3
18300322,5
36095421,3
21770014,5
14845336,7
29825571,6
30392099,3
26976025,0
36652786,0
25137484,3
14260601,3
17595590,0
11970820,1
26791615,4
31675798,7
4474690,6
34978483,3
22405239,0
18808363,3
3349147,1
33489267,0
38313288,3
29929540,4
26477603,1
16088666,4
18392341,2
28282671,2
25327148,6
34596082,3
33404850,7
19925256,6
8845435,2
36489711,7
38293878,3
10970639,5
32944377,7
17136015,7
30270373,7
21595936,1
17300370,4
4503257,4
16493500,0
20072030,3
20208681,7
12416278,7
22927336,3
17556929,2
24237185,4
7330718,3
23421778,3
34093547,4
8917548,5
20410501,7
21964452,2
32407913,4
24907337,2
40065760,6
37162381,4
940822,0
14424408,4
36905267,2
28489560,5
32386768,0
37502848,2
27349184,1
39919405,0
19016224,3
16930657,7
37053314,3
22278993,4
31039249,3
38411903,0
1348510,5
21331077,4
12152487,3
38082699,3
33350570,2
8354078,3
21094536,2
35748384,0
12544086,0
38061344,2
18830651,0
26617865,5
37525576,0
14035522,6
5204640,6
1346297,2
16013330,2
27136481,1
27377223,3
25045292,5
22263745,7
21079995,2
26074523,2
16369685,1
30471943,3
23773577,5
24018309,3
40042071,2
12733840,2
28231738,6
4333094,3
37953143,2
25410336,0
36946844,6
24703675,3
12602032,2
17415354,1
20535605,3
37645504,2
13090505,5
20319813,0
29447503,2
1684197,4
31300131,7
39664963,6
31200648,4
33650426,7
28370598,7
35410041,3
11504104,2
866208,5
32920007,7
29594936,7
33925015,7
16720286,7
17406252,2
19374707,5
21742587,1
4780791,7
19915116,2
6341823,3
25444267,0
20112760,3
29401707,3
13160139,4
38467716,0
23430900,2
39186906,1
37094448,0
15816884,3
30745056,3
30227883,3
38664732,2
34505579,3
23538140,3
35565262,0
19705229,5
36902682,5
6715944,1
29145897,3
4758968,5
14568141,6
34601782,5
14029883,3
17169927,0
36851561,6
24948660,3
10341847,5
37661712,2
10958248,5
18603407,4
28420448,1
17781906,1
8685842,0
24723525,0
1355710,6
18335432,3
6705521,1
12867075,0
26455408,7
40141660,3
36332167,6
20001045,3
5878689,0
29667892,3
22440589,2
23600582,0
5725065,5
4976613,0
25067998,7
39303157,3
25673848,1
12630594,2
39607566,7
31408445,7
16013692,3
39898068,4
32969491,0
11942919,0
38498654,7
18676859,2
25080922,3
38405454,2
36944943,2
6728719,3
23264037,7
33252802,0
24395155,4
24944676,0
22416886,7
28102769,2
29375200,0
27999762,4
10425414,3
5888771,3
28800272,7
34418982,3
13293902,0
35330420,4
29292526,3
35212716,0
37796601,0
11661121,3
1264300,4
9482859,0
35245185,3
30801340,2
29344964,3
35682804,5
20568743,4
4657001,4
14264682,7
2045968,3
34320067,3
26855746,4
35003277,0
13273727,4
35719653,3
24563790,1
25883898,3
22442839,4
972267,4
27781881,2
25560879,0
26115889,1
8425304,1
14933771,3
28118236,6
10716916,3
15406882,3
16010898,3
38744353,3
29962525,2
37644156,4
5037432,3
7738272,7
27270829,5
32928328,1
30823730,3
38354163,3
8730946,0
21923964,6
39659469,6
1704085,1
7474976,3
19036477,7
21781233,3
35902694,0
37152940,1
27664609,4
31320657,3
21770419,6
38277002,0
4122504,1
28211333,3
7419787,3
27503961,2
11277432,3
27908424,6
7685087,6
25791196,2
30327523,0
12890100,2
17663862,6
28032395,3
16214190,3
31103161,5
1157725,5
25923565,0
28780493,6
15318800,4
21162535,4
26274037,0
8556398,6
24160626,6
23237628,5
35988808,1
35464976,3
32697252,6
33271060,7
38761142,3
34672408,1
31254758,7
20160622,3
25920049,1
34334927,2
25271459,5
37015852,7
17000732,2
14603104,2
19950823,3
32616111,3
17132659,1
18009979,0
1641470,6
27791014,5
27273499,1
3371795,3
27288730,3
6276170,0
7403585,1
24741690,7
36698082,0
22015803,5
26182916,3
14847703,0
37373196,7
21125674,2
11289670,2
18455576,4
35456290,7
35305688,0
36846007,3
9970005,0
32501869,0
39929934,2
17210425,3
26792615,4
17477583,7
24279706,1
33433863,4
29127196,3
23582393,0
23303221,0
34693939,3
14706225,1
39256611,3
2805595,1
35566034,4
23064280,1
32986366,3
13991248,3
21443381,2
21536555,0
8284890,7
11034388,6
16269376,7
19967862,2
38283475,3
14443595,6
14496193,3
37903818,0
21527610,6
35060732,6
35383195,6
25557311,5
27328116,3
29586096,3
33745964,0
4002286,1
13513244,7
33632932,3
27828184,3
38938306,1
30570659,1
20435405,2
27188983,0
39537757,6
16451849,5
3726338,3
20516178,4
32029892,2
32847800,0
15686658,6
33116305,0
9314149,4
3979658,2
15535683,5
24017650,6
4833646,1
35596031,3
33355265,4
33527596,1
20395913,5
38233515,6
23389450,0
18347352,7
29937830,3
16773583,4
14063877,6
4436240,0
14626613,0
33283235,3
17874609,3
30127355,3
20767639,2
25654453,3
32567100,4
35709639,0
35227154,4
4525147,5
14363655,1
4806237,4
9771562,3
28721397,3
9955548,0
26813499,0
39064725,3
30675501,7
10097477,3
11730952,7
23042963,6
20438594,1
25936696,7
19591467,2
12162021,1
24045265,1
29042787,5
12073957,7
35236880,7
5202721,3
35005574,2
37710542,7
32317330,7
36435012,4
36050887,3
2509260,3
21876482,3
24785928,3
30935583,5
22534854,5
32963088,7
18179606,3
28873113,2
23203332,3
21147075,0
16232244,6
27218543,3
31282297,5
20437976,6
37614550,1
21614739,2
38666329,2
33868598,7
28997364,0
32993775,4
8638534,2
38335685,3
21453137,5
21307835,0
4414375,2
30189749,3
2327989,3
34582419,3
4988301,0
5595658,1
37912206,0
29157808,0
25550874,1
34731954,6
26656151,2
28207805,7
36422775,2
28200686,4
37114683,0
40050625,0
33664163,7
39681616,7
8577055,2
10985565,0
20062179,4
38093965,3
16745740,0
13337870,2
11122418,3
31085768,5
10705360,6
11488555,5
21762720,2
33563572,3
38255065,6
20539069,7
19609041,2
27737091,7
34747543,6
29649147,2
38310392,0
31884965,1
35996569,4
12350907,2
30420841,0
39825307,3
28076561,2
32874273,3
33121433,4
30682918,7
33514317,0
18208287,0
15525493,7
26427340,7
38079222,1
8914642,5
9444242,3
27207971,4
39746035,5
33271600,2
22323054,3
33712418,3
31524210,2
36227945,0
555344,0
14035775,2
11804589,6
1303105,5
26763900,0
34449674,2
35475103,4
21852662,2
34598898,7
39217888,2
36989625,3
36063632,7
33338327,3
22147773,5
28745759,5
27312139,5
34890051,1
20171906,4
3389817,2
19942970,0
32250200,7
24838715,0
28301031,5
17147156,0
7113218,1
36718214,7
24287483,3
24576181,7
15476971,6
1455602,0
13298633,7
27756962,7
27999138,0
21944249,4
39734360,3
4358001,5
30111973,0
22620303,4
35307546,2
21455789,4
25727687,5
24743349,6
20144725,0
39276998,0
24481178,7
37350758,1
26516193,7
37445466,7
39995094,2
22162267,3
36855792,4
31943339,7
36636053,5
31291493,3
14110121,2
33608365,3
3209362,7
18158382,7
27029426,4
39845833,7
30422535,0
9289427,3
38729873,4
17728820,4
13225201,3
31362680,6
37265501,3
5354061,5
36068113,5
10253279,5
8094032,3
36816302,4
16924319,0
26313660,6
13613635,1
2406959,6
28726742,7
35253849,5
22252235,1
20807579,6
17955970,4
22147084,0
2296803,0
17907109,5
22671396,2
16269649,2
1821399,1
27955947,1
26759784,6
25036699,3
34035731,0
35079438,0
34487862,4
19646520,7
27720647,2
33712135,0
25779070,5
39847547,3
20494783,3
12323085,2
14323831,7
30856866,2
23803255,5
3997887,5
39021513,5
24476058,2
11076377,4
19930998,3
681565,2
33381305,3
12574275,1
6319915,3
19416008,0
34763139,5
36260599,4
20904447,0
27853002,5
5730407,1
1977022,1
9588331,7
39547056,3
12970567,0
37653995,6
29608581,5
6225843,2
38448321,7
27990419,4
23511569,3
19466460,4
32671668,4
34031410,0
16143226,4
29744062,7
31821780,0
3025031,1
9072227,0
38184969,3
31650897,2
37090869,7
23901291,7
37020712,1
15145222,0
2888598,5
4695609,5
35510666,3
19835923,3
20484366,5
36724202,2
22825693,3
6010011,4
28684187,4
35708920,3
6217351,6
33661115,2
17752460,3
27184204,7
27631241,4
25516805,1
22316489,0
31334629,5
5698175,2
33824334,3
36237853,2
31926470,1
3149370,2
12468823,0
12076092,3
12419875,6
35422392,0
11888635,5
15170450,2
39601218,3
34763208,0
37710662,2
39916655,3
35964994,2
33836647,3
5321186,5
31454438,0
36667061,3
32740048,7
1959188,6
7449395,2
28629911,4
23455341,6
5910703,6
15042945,2
22210251,4
14865572,5
36420970,2
28357582,3
5106358,7
13464759,3
34946062,7
24288780,0
29820370,6
34200551,2
34079787,7
36472879,4
13752507,0
15049333,6
1002072,1
32559406,4
19572248,3
33135354,3
13834472,2
2278150,1
29670109,4
19684765,7
31537305,6
15312170,7
35923078,2
27219849,3
30636014,0
39681631,1
23387488,6
24693024,7
18663956,2
20498469,1
30408127,2
26374648,3
6244272,7
19532344,3
35463419,1
37778176,6
18020849,3
29865518,1
33547061,6
7482959,3
7417701,3
23619426,6
30821951,4
23687011,2
19199944,6
13241200,0
37358499,0
16733716,3
12927060,2
17309356,4
26175761,3
35663109,0
11226252,3
39444808,3
25320719,0
19848965,0
12431826,0
34883086,2
39160750,0
3548937,3
35355657,6
31528600,3
25151108,7
34710482,7
36453888,3
29088467,3
19458344,3
37669177,0
22660581,3
32201138,2
37166827,7
38205540,7
28427651,3
8002282,2
32414960,3
2139823,0
22733642,3
39585179,0
32427110,3
25432139,2
16494560,1
8925293,5
3626619,2
20014811,6
25071242,2
18057029,1
30253141,1
35455991,6
31459439,2
34801132,0
15578416,6
37324106,7
18344996,0
36069211,3
7555335,4
3370996,3
6796722,4
24694887,5
38296748,6
25892181,1
17028562,2
32509261,1
22994881,6
26470151,4
28621908,3
39574813,3
14071096,5
36702120,0
6582183,5
34650978,2
28455413,7
22039057,0
16453746,0
35906395,5
35202289,3
31935514,0
24654209,4
22868900,4
14536167,5
37579374,3
28164874,7
5602265,0
28997120,7
25127899,6
27020950,3
27164129,5
18029074,6
29732282,6
32803223,0
21679401,0
35983172,5
28973150,3
1645962,5
33363613,4
29871460,7
38848471,4
24492345,4
16678006,1
37009788,7
35572308,1
39973360,3
31298298,1
32933480,2
21597078,5
37285708,5
1473625,6
39247527,7
34752521,2
27011143,5
2781186,1
3233674,0
36183763,5
19291738,0
9313999,2
22962474,0
14171719,5
23447411,7
25161449,7
19770147,7
26435738,0
24597761,0
14432020,0
4024972,7
10640623,0
16319878,3
32152166,2
32156071,4
9758513,0
14872061,2
39507592,0
5720233,1
33476561,7
16000228,0
27696154,5
22840985,4
31137414,4
33105045,7
21516322,6
9815077,0
31576270,4
38456295,0
22130727,2
37989239,3
20944212,7
19750890,3
23903848,5
34984174,2
15715597,1
15709933,6
25143621,1
32656758,2
1060745,2
23189610,3
23040727,6
30564792,2
27560764,3
603595,5
35725265,4
13169535,0
31690038,4
26261190,0
30164528,2
3453757,1
33094758,7
13475567,4
19364051,7
15204225,0
17113970,3
23028255,3
36902899,0
35348346,4
29868741,2
24921545,5
22134712,0
37233669,4
32966108,3
19410377,5
14159318,1
38949402,4
33084068,2
34107775,2
24011117,1
4291704,4
39524220,7
33667862,2
28715192,2
15998188,0
13860738,7
36146551,5
7456181,3
33639344,1
18390092,5
26880611,7
37897851,6
14158947,6
15876307,4
28529852,3
13232935,2
23974147,3
15597439,3
32800168,3
33790105,2
22059989,2
11100244,7
4873679,5
2540043,3
8437792,6
24633664,7
32546804,2
9182462,3
1158108,2
22183205,7
27261662,7
25729867,4
4211454,4
27843361,5
37742895,3
10267817,3
33681546,3
35391579,2
29972682,5
32936215,5
34563522,7
25106498,3
39734786,3
39263563,2
26698044,2
38237460,3
22486663,5
40075008,1
11480589,2
17143015,3
19412835,5
24259329,3
38857855,1
6896589,3
6725771,5
4403289,3
15580869,3
9143506,3
30754693,4
37396046,0
35026040,3
9850261,5
9816816,3
15214386,6
15456804,3
25796309,7
32041223,5
38448638,1
8795698,7
31276585,6
19096808,2
21330829,0
5554100,1
14541182,3
23379357,3
30278454,0
19644391,0
30229119,3
38138143,3
13033060,3
22795148,5
5228717,5
18195758,7
9142264,0
20154390,3
8844073,3
8234723,1
20886565,1
29914293,4
33251246,3
39131424,7
20780419,0
32975871,3
30822124,2
27537530,2
23734899,7
12368485,0
5708352,0
24210405,2
33735914,0
36045610,5
16535995,2
25076058,6
25474562,2
28495905,3
32788991,7
33678995,2
23392041,7
29847145,2
38458288,4
39495994,2
36481763,3
33934948,3
32090714,7
20928787,2
25123127,3
9795431,4
16803835,3
38084537,2
32049122,2
13077638,3
34415398,5
37482313,0
19498063,0
20584889,6
25387251,7
19403532,2
39639806,7
32980559,2
18038003,0
27350599,6
35794897,6
32311048,3
29922108,3
12899431,4
886238,2
33191477,4
28302556,3
24456314,1
17334993,2
31617858,1
25998282,0
2768038,3
13305767,5
8983019,3
6940257,5
19276731,0
10756383,1
33449279,2
30301112,4
17671733,5
26581666,3
33068747,4
35468907,1
38740631,2
25503926,5
30715650,1
38858982,5
5500563,4
30068578,3
20183020,3
17520927,0
15208543,4
6359881,0
11249941,3
27967298,1
28258873,3
19962495,7
21465903,3
27048746,1
26188666,5
30352394,3
38744747,4
17110379,3
22843336,0
31148251,0
38213819,3
32999363,1
30176479,5
33200025,2
29207107,3
24231994,2
11351110,3
37620761,0
38491963,6
20665895,2
32671247,3
5577425,3
37081085,3
24663332,5
11076018,5
19254974,0
20067316,2
26796316,0
4882674,6
29180739,2
10689273,6
20277394,4
37368152,2
9529428,0
35328487,7
36969724,0
2201867,6
5764449,6
29519051,7
22571800,7
36608834,0
36945410,1
34913005,7
8556724,2
37014153,0
7060534,0
34377278,3
34106696,3
23393687,1
38425775,3
32443901,3
34179675,2
5441961,2
8918847,5
26879942,5
14423896,3
22273985,4
19274503,7
3419202,3
210629,0
26626238,5
37529333,7
3452489,3
25257932,4
3467723,3
38000237,4
5617322,4
36834574,2
9832622,2
37750899,0
9307836,0
25212804,4
11807955,5
328964,3
36243708,1
24075340,2
32620164,4
19694360,5
38427570,4
29069306,5
2233422,2
28774824,2
12935407,5
34090316,0
3899593,0
22177059,4
34483142,2
11125690,4
883520,4
32039423,5
31100948,1
2526589,1
8356907,0
33843860,0
39964728,3
30802158,2
34429375,5
18263285,1
22572768,1
13714790,7
19712395,6
37055664,0
39952592,3
39995912,3
17386151,7
11601243,2
21923120,3
2619129,4
7362770,0
21352925,0
6963302,1
28099106,2
9644784,3
6450228,0
1386093,5
3497223,3
28489598,2
19898403,0
33113135,3
13094829,0
39227706,3
13993492,4
6855984,1
36841861,1
8074850,7
15296126,5
33831289,0
33536525,3
302867,2
35702535,7
29835163,1
36023521,3
37134281,4
11574850,4
39998184,7
38839828,6
38977929,2
26410206,3
35559678,2
8689825,4
13982442,5
14026851,5
807863,3
33228369,0
7772253,7
11861704,0
22995375,5
22553679,2
29437675,7
20553596,4
11563816,2
32902832,7
34789658,3
19630737,3
11518252,5
30387793,1
23184410,3
17862520,1
32193211,3
29880154,5
24665536,4
38602884,7
15515218,0
27993036,7
30024717,4
19393677,2
39946601,7
19704067,1
3690380,2
15004838,0
18117806,2
27181990,0
39043417,2
15341762,3
34798558,6
29957968,3
21512305,7
36815187,0
330383,3
21222458,2
12086724,3
21961037,3
3687702,3
32540422,0
2301458,1
8814383,1
32160439,2
6807459,7
30337602,0
30539564,3
12521575,3
26404893,1
30094682,3
32655778,3
36343197,1
37283514,2
26083293,7
29347626,7
35880249,3
17066451,0
23232463,3
38026431,6
1918270,0
30684872,5
10888373,5
24932730,3
34740102,3
2085592,5
11062417,2
34143988,7
12855534,4
27887393,5
11371415,0
27421282,3
36006248,7
5848184,1
33969479,5
1776290,2
35765317,0
31237499,0
17535127,7
23156116,2
16971396,0
16396599,0
16267450,3
19645908,5
10459041,2
13111899,1
18249177,4
28489031,0
20098238,7
39580427,7
35210564,3
2419416,6
6734487,6
32071337,4
14396178,0
30222389,3
33593485,0
32216391,2
8186828,6
26578264,6
24884756,5
37276888,6
29219386,1
32612026,3
37634370,7
16720033,2
19227798,3
478655,6
36250928,4
7585617,4
31459325,3
39963452,1
8280533,3
29190966,7
33821264,4
35643326,3
22133694,3
7614869,6
35603454,7
38529246,3
16514138,0
6101902,7
1122691,3
20434470,3
32699740,3
36002197,3
37917208,4
34357439,4
33760441,6
30251145,5
24621808,3
37559279,1
10055045,0
13070759,4
24017943,4
25796140,6
37623036,3
6541771,1
30133278,2
12564043,0
11732792,4
1052613,4
17065009,2
33611969,0
32354312,7
2773164,3
28246304,5
8328493,2
31592791,3
24101426,3
1734001,2
39926533,0
22095074,5
36600293,5
12010140,6
6356041,0
27221223,6
38243055,7
37124512,7
36364357,4
22968652,3
30372907,2
19710362,5
10146959,5
27735999,5
29307448,0
6320954,2
27818607,7
37037751,7
4064464,3
16327107,5
2541254,2
33077395,5
26207392,3
27208413,7
23056739,6
34046626,3
24371304,6
39165078,7
17046421,2
6824062,4
26198847,3
35963509,7
23062193,3
26588154,0
36242349,0
19821525,7
32881905,3
2581217,0
14992675,4
33153821,3
4088731,6
26080808,5
35454093,0
10566382,5
13323929,0
12056115,7
39642663,2
12432130,2
27098762,7
38602963,6
6834388,2
37354691,1
12124959,2
27333915,7
29517825,3
35153942,5
15603356,4
20182748,3
13055776,0
2207875,6
24739533,2
36308320,2
29861653,6
24511046,0
17633734,3
34030573,0
33426715,2
23378076,7
25898282,3
28003189,7
24414647,2
24060728,4
27670396,0
35425476,3
901704,5
26428941,0
6321795,0
12785133,4
15649257,5
35735064,3
37174909,3
19200608,4
14905866,6
23599650,3
19657301,7
19394099,3
8247151,5
22648641,1
3460867,2
3936798,4
36442900,3
18700929,5
34434353,3
23066149,2
13854472,3
30492556,3
13820954,3
36766355,2
34020508,0
30990342,7
16078366,4
21393454,2
19160571,4
18129860,6
16797459,3
34323570,7
6678266,6
23229649,6
16746609,0
32697958,7
36590898,2
28551122,2
36076136,0
3762199,7
34004922,0
35620938,0
24212450,5
6031007,1
12623571,7
8193965,3
38599261,7
18657935,3
32099273,3
30082300,2
9108238,6
2939070,5
14003924,4
24806069,1
35281989,3
13324439,7
39400302,1
29382145,0
16042773,3
37733892,7
35437458,5
15898798,4
35483111,0
12925227,1
17995668,3
34187515,5
24481169,3
30654895,0
11943831,6
1315425,6
3096953,0
7501557,5
27554036,3
33461115,4
4525735,0
14783714,2
6243276,6
30227503,3
26271715,3
27241726,5
3112469,6
27872305,0
33373465,7
5966852,5
15933588,7
3137685,6
14660541,6
38057096,0
23255308,7
31308318,1
26313520,0
29933701,7
25397971,3
28155383,3
21682086,7
10499258,5
8543730,1
28733625,2
23737316,6
27531010,5
29931461,4
9223579,0
30732569,5
15118741,0
37480466,6
22402599,2
29871621,7
10513235,2
27900812,2
30449763,3
5853948,5
8718878,0
12995925,2
3139922,4
39946750,0
1224585,2
34146628,2
12014042,7
28209329,2
29612259,4
31124329,4
31130450,2
16307640,3
36702370,3
35402874,5
29682133,2
8275746,7
28664813,2
31728810,0
4616272,5
10545041,6
38985598,0
11487036,3
35678215,5
5249917,1
12651618,6
32550269,5
8749505,5
5263712,2
30771652,4
31328367,3
618827,1
23846973,1
27468051,6
10693808,4
34544588,3
31621154,2
25311754,4
12885860,0
31393322,4
29030682,2
37840809,2
25455462,3
9933920,4
16903409,4
35963592,2
1059594,2
7769419,3
118467,6
39879746,5
17737638,1
28038453,5
36186554,0
18647236,5
22874513,7
27767662,2
5791766,1
10340439,5
8647735,3
39734304,7
22002726,2
14896982,5
18899648,7
11062773,0
31436881,0
16198789,2
28074495,3
36693486,0
36907242,6
14694834,0
28440708,2
24705646,5
6094171,5
16953149,1
12864911,4
29321077,0
33176278,4
36212494,2
6474549,6
21659375,3
8402176,1
29590988,0
30233109,3
36377688,7
1998261,3
32608199,7
16774889,3
32930452,0
23784905,0
295670,6
35439244,6
16517303,2
28694021,0
35945362,0
35104067,5
33493723,3
16332861,0
5638334,0
36795745,3
28228218,0
37959724,3
35838690,3
7117318,2
26558617,2
36757965,3
