question_id,cluster
28086865,7
39663117,3
37259168,6
22412231,8
25090735,5
25279059,1
22719224,5
7549662,7
28233633,5
40091963,9
1366274,1
1751959,1
11596423,5
23042962,7
4638806,2
4585692,0
39397720,1
35880247,1
32969757,5
2323080,4
32535816,2
20383151,0
3610071,8
13596408,1
39970303,8
38164587,6
19094441,3
26077231,6
39066567,3
27462337,3
22865573,8
22739592,2
23785155,0
39231607,4
39518350,1
25571861,2
31614866,9
15745418,4
15900883,4
32023183,2
39549494,1
38895185,5
35792905,1
17717282,8
11040626,9
36747114,5
3695202,3
29552575,3
21058514,7
33769143,6
6239042,4
13144158,1
34278866,6
26080958,1
5834054,7
25705544,7
27542341,9
38316294,2
20110006,3
33127008,6
18596189,8
2483840,0
20803932,8
4848965,3
27056575,6
8701419,2
4690155,0
26673267,5
32463870,8
36908926,7
19472499,5
38780122,1
37015876,0
12030085,0
29859761,8
33753832,0
4676973,2
39111903,3
27177212,4
22108306,9
38792077,5
32589767,2
3402694,4
35942081,0
26753268,9
26487648,1
19338748,0
19111047,1
13980656,9
30849351,9
33655933,5
13163895,4
13356680,6
16991754,4
18380766,5
5522524,6
39521924,5
36795424,3
19665125,7
33792478,1
4054254,0
25109001,3
2631311,3
843277,8
38879470,7
32906669,1
23873048,7
31350589,6
37730751,9
11816236,4
11376381,3
36053881,4
13336798,8
20298058,4
3068408,5
21465348,9
37066402,5
34394344,4
36447378,1
5075335,1
36507334,4
25709818,3
35046142,7
38591938,9
37390827,1
32683412,3
34880137,9
27434689,8
34708972,4
7765113,5
37864425,6
6107905,1
39978375,7
4968210,5
25462305,9
35641116,8
36816386,6
34683400,9
36820171,5
26005274,7
38477881,8
10639333,9
25387745,2
40113343,7
29080279,1
26615756,4
6655724,8
38876562,1
33592626,1
29144956,6
23970227,0
5531249,6
35224978,2
6650906,8
24037441,6
12311196,0
1056675,1
24020720,9
14319771,4
5289680,5
19919987,6
22127346,5
22983523,3
10587826,5
29581718,3
21897420,1
24419845,0
28624489,5
1693945,7
17124199,4
21397455,8
16494824,5
21436163,4
18896682,0
17621531,2
36534795,2
34381588,9
31538738,4
36813851,8
17173743,9
17327389,3
39341571,7
18968660,9
12485148,8
32705146,7
9584565,6
39331369,5
16059073,6
31253866,1
24743446,1
2465675,5
4713589,1
19216046,2
13369009,3
37541248,1
36518512,5
29408529,4
23617898,1
40006924,2
39394936,5
34352419,9
22731782,9
19484161,5
18352815,6
4255854,4
4717238,0
38704586,1
33572928,6
35846053,7
38343972,3
39396222,5
3842927,3
15966537,3
23154821,9
23580176,1
3489451,6
34052977,9
8358781,4
5566160,7
9952655,6
5258402,1
35822563,5
11601629,6
7184454,6
23779995,5
18767257,1
10292057,1
9193773,1
15194061,9
33452601,7
13664861,7
29922373,8
28410763,5
35006204,9
11017984,3
10459673,7
36854690,6
20129259,8
21434728,3
18667053,8
39448604,4
9852226,8
34452680,5
18821795,1
10903748,9
25375057,4
32723802,3
16044668,5
26770121,1
15661231,6
21403044,3
18946286,1
35625488,1
36301179,0
23963369,3
21047921,9
28677597,7
16597396,4
19430190,7
28085788,3
16664360,5
8973238,8
38343213,5
16329869,3
14621310,8
27524817,6
29029077,4
8573464,4
28930706,5
18486244,9
28384690,0
3905548,1
18689026,9
36689898,5
5513615,6
14902299,4
38579256,7
6871686,3
10424987,6
33492593,3
27440989,8
2193009,5
31419145,1
30025502,7
15265319,5
38289432,7
36697521,6
38038700,9
35440222,0
31400143,9
9014056,9
27118886,1
40027392,0
32078763,6
25064271,5
19833315,2
17202946,2
1258199,6
21705101,8
29832659,3
16816379,6
20202639,4
822195,6
37467812,3
39847007,4
11268039,4
29621334,3
17459700,4
3165213,7
31473998,0
22301531,7
22787091,3
25903242,9
30699806,3
34071495,2
39128412,8
37749111,5
14734492,6
13167852,6
39721813,5
30444863,5
28228720,6
30016119,3
20109487,2
35461213,9
17528842,9
34133667,3
13446989,1
16435697,3
12612229,6
17412087,1
35505498,1
34422238,9
27810898,4
17229045,4
22254151,6
25319851,9
20966102,6
38117824,7
17384485,4
8320106,6
39151443,3
992136,0
26984555,5
24422724,4
19693782,2
12139428,5
24286544,6
14863576,9
26214245,8
25379098,8
9526873,4
7385374,4
928806,8
3861148,2
39533524,0
31946790,8
32689758,3
22946117,5
15555589,5
3134850,5
10831075,0
20629113,3
28917968,4
28999332,1
21739518,8
18241359,7
13010551,6
11651188,6
9100431,4
34657480,0
15898829,5
13729394,4
6603448,9
4293408,9
28862412,9
35590796,2
21735827,6
23111625,6
13093806,8
33426634,2
30032701,9
15622082,1
17819311,3
7381998,2
36169342,4
22120887,7
11850762,5
25726289,3
13792798,3
31657423,7
19655688,6
23409982,6
23704826,3
8535913,6
24540431,3
23021976,6
7199405,4
36447597,9
22386064,3
32660596,1
34662357,9
37166891,9
22411463,3
8953035,7
1905396,6
27208757,2
9645924,1
39509080,3
11366294,5
36385992,4
7969552,7
29418117,1
9486345,8
10773372,0
13936169,7
33680750,9
29471617,3
33971496,5
35585362,2
32177449,4
11388632,0
1111173,5
30036443,9
17320133,6
12853628,4
23159019,8
1956249,5
35722096,4
18799033,1
6438260,1
19782309,7
13018266,5
34336273,9
12851374,0
15821830,9
17060930,7
28267756,7
38778676,1
32358269,6
21886526,6
14413661,2
4113014,4
26897759,8
38618888,6
3442920,4
23800972,4
31063601,8
28705834,3
27607638,9
6931039,9
35761561,7
28288395,1
32874900,7
38071436,3
27219759,9
21158731,2
26361113,4
27034416,7
22253695,5
11622692,3
16837642,4
3894923,6
17438943,4
37732552,1
23809636,5
39143465,4
10866990,5
17197406,4
2470121,8
34005479,3
32079691,7
28477877,8
10497342,5
22534552,1
14922533,7
35593961,0
32141623,0
35583510,2
12170262,6
28022998,9
25775965,4
22891586,2
7973002,1
11798323,4
35330733,0
14429724,6
18598238,3
14195544,5
17005775,2
33325603,7
16787725,6
38960196,8
39829846,7
26278348,1
6203653,0
37865763,6
36491375,7
23833324,0
30585679,3
34462682,6
18456841,5
7070693,1
16387597,7
23295868,5
21045437,0
32334346,7
12810499,3
24109713,6
23891486,4
36362175,3
29701951,1
5315873,7
40140412,4
22436864,0
14236633,6
38881888,8
38807067,1
22848533,4
23711762,5
5164307,5
3898572,8
4360636,0
31402734,3
23872285,6
1431936,1
39407747,1
27883769,8
4888440,4
37022787,3
24624809,1
19610240,5
19617959,1
34714863,5
818942,2
29244434,5
33333980,8
1229414,6
23506306,7
22603750,1
38723055,4
39836449,6
34411047,1
33979709,7
34525893,8
12328678,1
31111493,1
38367206,6
22665833,4
8779497,4
28722677,6
38384829,1
13824973,9
9770133,0
29566846,2
14579231,0
33658216,6
22561495,9
5918633,1
34383951,8
27575354,7
11228153,4
3407414,9
16813088,7
2038247,8
33713149,9
5445462,7
31872863,8
3486372,0
17492923,6
24058127,4
22787826,4
24404729,2
7768633,7
8930370,3
34584484,6
17370820,9
28658918,2
25285665,5
14588682,0
23205147,9
11897028,1
28078327,3
26698401,7
33720318,1
553019,6
40121221,0
31960214,2
24981505,9
24607358,0
37302934,5
23839662,7
29901471,6
24834926,8
24087593,7
36258215,9
28119877,8
3730616,1
32991977,2
2828962,0
32040304,3
26805232,5
24056286,6
21039589,8
15807611,2
9870182,4
21922382,7
16500443,4
22156574,4
7829007,6
33751388,6
7629288,4
22133696,4
32121236,9
2828059,9
2041978,0
22251169,5
15258017,0
26187054,6
14258702,4
31949339,6
38679516,6
27194710,3
29847082,9
27959962,1
25914854,0
19261392,3
25490432,2
21640880,0
25455067,7
27790357,3
8449454,6
19169352,1
29743523,3
33657182,9
4295799,0
39084519,3
25720742,0
35540265,5
15947517,2
10475448,0
22878113,3
16022579,5
35984404,6
26876438,8
10018679,9
34257693,1
31795092,9
9445835,6
19527097,0
14658945,3
762764,5
24591917,7
38237598,3
1842389,5
23618728,1
29545601,2
31307014,3
38447314,6
14621224,6
2415842,5
20502312,0
21113773,8
31487381,7
16700779,7
14533936,7
32485542,1
32813162,2
30834395,4
33405490,5
28882496,8
7556499,3
32740320,1
11481618,9
24376574,3
38219558,7
28520450,0
36131003,4
8299270,8
23234436,8
37830512,3
5403138,4
37662869,0
3586295,4
35258750,9
33713501,0
24057239,1
18478240,3
35696980,5
16022245,9
2524998,8
35332978,2
16981303,6
34662173,3
37471079,1
6162823,9
36163949,4
15378537,6
38708729,1
16110968,5
27772934,5
21784116,1
11824137,5
22899536,7
34322896,2
20444155,6
15541418,3
39776675,4
37019240,3
12559778,1
12658224,4
30380551,8
39214277,8
29973598,0
26642433,7
36152287,7
4098197,7
36894878,0
11059203,2
39792641,4
1364583,3
6912867,4
12289861,5
2743070,6
19715854,3
26352833,7
15638468,2
18117748,7
18324753,5
26762053,5
18915481,3
21285022,4
1720743,1
37579590,3
6322158,1
36091759,8
36764709,8
8590813,4
8904271,9
13209539,8
32877873,7
1325568,0
35287254,8
34957004,6
34064104,6
38808452,4
14006028,5
26683509,7
34755256,0
20136274,1
13111025,9
18838328,0
27284196,4
27990497,3
18581174,0
33929929,2
37289559,1
18883222,3
19441031,8
30293680,8
29300175,1
550804,4
19228711,4
38361224,6
4476354,4
19961071,7
39408038,9
25663653,1
23378498,5
33442872,5
5772148,7
29641616,2
17039151,9
32239077,2
17088224,5
10011302,7
34576409,8
8934530,8
5234944,4
19545979,9
15881439,0
30746167,6
25429219,4
27827503,4
16820635,8
8674426,9
20602488,7
35825289,5
36034926,1
28594000,1
31577926,5
33303952,1
21366021,0
25028105,4
27973941,4
30492313,3
6335906,4
14779216,4
10599347,6
19915264,0
20341650,0
22244837,7
36612981,8
29997186,9
4782028,9
36068943,6
34856717,6
7389109,7
29591313,9
10860774,8
25543741,8
35997393,6
35871625,3
32731554,2
32821143,9
16705670,6
28128514,1
17887503,8
35692719,6
21282039,0
38528332,5
36725130,9
35998123,4
4065085,8
14355642,3
33067867,3
26741204,6
8158536,1
39580929,4
26711396,3
26936345,6
26295092,1
14924795,4
23355661,6
17398040,1
35423366,3
8764895,0
20600527,2
14609467,4
34574351,6
21309172,1
21713148,1
28522671,7
13440956,2
34216141,6
29363697,6
31806428,1
35407893,5
21370722,8
36923265,0
37242036,8
35628640,9
11387439,8
11580789,4
9937781,6
36425234,9
23103370,3
13703295,8
29796140,8
13711187,8
31468597,9
26949091,7
18064914,2
32033557,9
38877102,3
17220997,4
37661073,6
11280464,0
34315152,1
11298909,3
29489717,1
14898089,4
26321618,6
39029632,3
22557758,0
6165819,2
5891359,0
30264461,1
23420021,4
5812318,9
902039,5
14532634,3
21392956,6
21699022,2
20262687,9
14184623,8
10110295,7
39366291,6
18245975,3
22876655,9
25856475,8
21175922,7
8063012,5
36738309,8
31388828,0
39626338,1
30405420,6
30067180,4
9914393,1
15442717,5
1181233,4
29775539,6
6649990,6
29794853,9
14850960,9
33665542,2
26527493,4
28759361,8
36386761,1
144218,3
33335937,0
12894154,5
18131839,3
2591580,4
35356198,3
26106833,8
22331396,4
29590189,8
38906797,4
23935029,1
26822873,1
31348238,5
1554673,1
17252024,3
32325075,1
10368153,6
37432161,6
30636248,9
21153407,0
39355483,4
22135108,7
22179718,6
1672113,7
32705280,5
23210644,3
14199168,9
29972991,8
31878409,0
26166248,4
19604825,7
19544545,9
26441236,8
21528899,7
18692818,2
25407738,4
31644677,8
27651993,5
12182744,8
33914593,1
30754926,6
18428457,8
36210157,9
34706485,9
36163147,5
28951256,4
18472826,5
10818445,0
13143218,0
26887558,0
20456759,0
30354380,4
33314704,7
4106332,8
39450903,3
37659066,4
18615022,5
36014646,4
19376994,4
27000754,7
37454726,5
13754880,7
34005062,5
39976348,9
9515559,4
26188763,2
39050676,9
19132927,3
23531110,0
24785657,5
18502197,9
32868911,5
22263679,7
5415199,5
19414060,8
2680619,3
22816409,9
27981595,5
31436023,3
31605888,4
38903443,8
26440574,8
13179917,4
27715429,0
31911465,5
36789493,7
21367320,1
26002936,0
28082017,0
29467807,4
7680343,0
12945387,0
30270899,0
27999685,0
22488693,5
35685146,7
30331943,2
37232804,1
19012948,4
22716035,9
11959434,0
37644773,7
31655788,2
18166360,9
4698755,3
38164191,7
28599012,9
31693683,1
11462235,6
28634422,7
19791208,4
36967011,6
13703724,5
14633290,5
23055860,0
21848033,1
30202445,1
37058194,5
29836948,6
12868559,2
23199042,6
33804118,2
14398868,3
37530500,5
28975467,5
18312886,1
35228991,6
14828945,3
4163740,2
33597066,6
37310695,1
21649113,1
29597831,9
34818228,9
36289259,7
35922675,1
32855029,6
19670697,4
8979031,2
1151207,1
38358521,1
24062013,2
21310797,4
40063530,4
7074051,9
31353423,4
30998543,1
36607953,2
33984132,5
5972506,3
11636162,7
35135979,4
16575250,7
21189294,9
27851087,3
31501806,8
26941785,4
19295832,6
4922623,5
22752467,4
26328818,1
17858553,5
38876429,3
29070176,5
23343709,9
26224484,0
9270931,9
33335291,9
32894378,9
27885855,4
22869719,6
22522330,4
28614911,0
34936193,9
34447789,9
32422279,3
34897280,5
32838397,7
10455538,8
32170913,4
23759873,8
7274521,7
7881110,7
27789298,1
30289289,6
21542301,7
5903501,7
25469869,1
22699808,8
3651339,1
32427207,0
36504073,3
28178477,5
37550934,9
36066054,7
4513937,1
37493102,5
23716734,4
29965571,1
16883360,8
23006023,1
25839183,1
28646271,4
24509307,1
9375878,3
20098319,4
34525277,5
31231115,7
39346549,2
4131546,4
28521142,1
27434153,0
20391489,4
35550913,8
25492346,7
20441762,5
31449291,3
26923433,5
27000546,6
32376579,1
27289344,5
29704164,8
21607965,7
39297328,5
34687818,8
20462833,7
39843230,8
16500798,4
12065019,7
35179953,3
32231896,3
4785918,4
32975638,4
29222034,1
23311483,5
19121894,7
34601505,3
12880324,7
35353771,8
18157259,8
26921854,7
6854662,1
37913101,5
40038519,1
16121686,2
37111118,5
27195594,1
37521814,0
6895205,0
27414913,3
6849582,6
37685459,1
5046845,8
31268914,6
21512572,6
21721545,5
17571349,7
22676327,0
22488553,3
1490429,4
27391292,2
19646627,6
16678500,1
35944841,3
23140799,1
31088263,6
29785941,7
28399233,4
26246233,0
9174234,6
6466628,5
30703988,0
27237072,8
23160476,2
23522539,0
34180827,7
27915151,9
39314024,0
38988705,1
900420,9
27587108,1
38685620,1
37560990,0
27957831,0
36892829,0
6713463,8
5180521,2
35374933,1
23288447,8
4226824,6
3247183,6
32905668,1
9312082,7
20018092,4
35141092,0
39370510,5
31192752,9
36582696,3
34015615,7
39018998,1
34048210,8
2900362,9
1999412,6
1080920,4
2863406,4
18439316,3
20887555,0
15398865,2
15169015,0
28814603,6
35630020,1
29545547,5
11380380,5
23640624,1
39491918,0
28015865,4
34427715,3
28256804,5
5068100,8
36802811,1
36661682,2
30610885,9
39987071,3
37956517,0
35795089,1
16746685,6
26954694,5
30668106,4
36164170,1
28277137,3
14888843,5
32872828,2
6681243,1
4735732,6
32852208,6
28513480,3
17944235,9
29096898,9
35351203,6
20638999,1
24764431,0
37200386,9
10773010,2
20012919,7
37646631,9
38013618,9
10044903,0
9283606,2
33384112,3
27038061,0
2102294,4
37231619,1
4717751,4
29061751,2
19002235,3
36655901,6
12888655,4
3746672,1
25317270,0
31108850,1
19256155,4
35324657,8
35778136,2
5551286,3
38073332,7
2102216,0
19236833,6
4560554,3
15761528,3
29690535,6
37901186,3
9484232,0
34117072,7
4919681,6
1489041,5
23641871,5
35032792,6
35261895,2
11216894,1
38895856,9
19804129,8
24811286,5
39901860,8
31924543,8
39663469,4
37045399,1
20710532,1
11251257,8
32350505,3
15374291,8
28267870,1
19728908,9
22466821,8
31984914,1
39086029,3
21586655,6
38622500,2
11715227,1
32577351,1
8957429,7
17309453,6
21527770,3
20365878,9
18240549,5
36286333,7
34674558,3
25927578,5
22041231,4
38269658,0
31385175,1
39964995,3
8820451,0
10526847,5
4695337,3
5474624,7
33944914,3
33795241,8
12391092,8
27291870,9
22796024,9
34367353,5
60680,0
31917430,8
24330068,5
13077939,6
38509208,4
33060192,3
9917334,6
5097005,0
25705707,6
29171937,6
10554276,5
20329927,9
37355662,1
32217242,3
30751547,2
30838820,7
39406836,4
1071277,5
39003251,6
30107606,7
2345331,1
8223137,7
4922926,8
13900946,9
11124121,8
2553672,4
21731133,1
37266221,1
28640971,2
5824859,1
11726866,7
9041958,2
15724672,1
29687761,8
34197936,3
5452931,1
10095299,7
37837311,1
3068839,0
39313273,1
15409132,4
25277433,2
18135547,7
38385558,1
21478132,3
16451509,1
34059399,3
30634243,8
35087630,7
14283086,8
2405936,8
21147095,8
10121485,5
17596250,4
35661474,3
38686206,4
15555968,9
4010507,5
23451359,0
3463698,5
9118322,0
27518446,7
37783991,4
11005233,8
1423214,8
37681840,0
24727929,4
2397324,9
21188579,9
32554641,1
31236247,1
7258245,0
39121709,5
30897250,7
37773037,5
1049320,5
13504424,7
29847535,2
24621792,6
1042451,4
28948385,5
36265049,7
24947418,4
31264735,0
20037426,4
15272637,1
40024017,8
39174657,5
35919242,5
19550326,9
33476755,6
38788066,4
28354550,7
25619945,0
35570319,8
23894138,5
4877924,6
28630249,7
29928457,2
38648328,4
18438934,7
38790368,6
33807424,4
12448426,4
23834765,9
24801534,5
10942236,0
26853262,4
22811382,6
5409308,0
23808918,0
15635972,4
36409596,3
24428091,3
29406767,6
352079,4
14469685,0
34789938,7
30759381,5
24370721,8
37677496,3
12062715,6
27302424,0
13658930,1
33928553,8
11606091,4
24099620,3
30595908,2
16491594,6
8288133,4
35360816,5
8695422,9
23047450,7
39400957,9
34554347,2
18858676,1
9428419,7
1098118,6
7279355,8
25299624,2
28679154,0
12326117,7
20302196,7
18844894,4
16821674,0
34367078,4
4924273,4
28125565,9
12108913,5
1824735,2
23144164,4
36527407,6
32802334,9
18881741,3
7834907,6
26745536,0
27042627,1
17978073,7
32213251,6
7276232,8
34063514,5
15841024,8
39652954,5
5407647,5
25917528,6
23640588,7
19216630,7
2733660,4
5127991,9
39837732,7
7660231,5
22043658,7
18905392,8
32580489,7
37768058,3
39323817,1
32394655,2
34550005,7
8027065,1
6889640,4
33135942,4
3265232,8
3448505,6
38309025,0
23529312,8
20112500,2
18653004,8
24809425,0
19315030,1
21047524,9
27662072,7
36870792,3
14225513,4
28206600,6
20741435,6
32974691,7
37716326,6
13531247,7
31192256,3
32239228,5
33027687,4
21542753,8
5866475,4
16976405,2
34011154,6
28622414,4
37413144,0
33245685,7
863234,8
23221747,1
20037687,0
33371664,5
18695990,1
39131755,6
10068419,4
34344025,8
39372150,1
35282826,4
25435656,1
24366775,6
16728695,6
34481205,9
28066146,6
6134933,8
25839070,5
11056821,7
17875037,6
21703142,6
6978331,8
37191442,2
2378110,2
34788422,0
35407514,1
11832824,4
26989736,6
38860185,1
15110685,9
27100278,6
37471934,5
35101847,6
29839397,9
30064894,3
30681997,3
791098,8
17437025,6
27558559,6
34543830,1
10446440,1
9567326,1
26598064,8
19889821,1
32879491,8
37788567,4
12406827,0
28794015,5
26914900,4
24650612,9
5012560,7
33959632,1
39971597,3
19373759,3
5550145,7
13936170,7
22801307,9
5882006,7
18353203,1
31518664,4
38600982,0
19648648,9
9384918,4
22489425,5
29463075,3
33496350,1
33772547,4
31397170,0
29322753,4
7900488,0
22098390,8
33190668,4
36972604,7
35464931,3
22367854,7
34451403,6
19507010,6
24024510,3
35736598,1
33242629,7
33761087,4
36574494,1
23945949,3
10428399,8
27930732,9
35006623,5
31467421,6
19922370,5
92928,0
24557707,4
26326663,5
24617100,5
20990538,9
33641756,9
26933761,1
22976596,5
5756427,3
3332494,4
36388632,7
26797025,3
17968100,0
34157247,2
34071433,8
33071152,2
37379492,6
7339685,2
14968560,9
26757412,3
37150065,2
37851443,6
25468014,4
19513761,4
14292349,6
931699,8
38983743,1
33694940,3
7065761,9
8497428,6
17584973,4
25779274,9
12838111,5
26620076,1
28673564,5
32970960,9
13168374,6
38405158,1
21071264,7
34463263,6
25585151,8
35342769,3
34896705,0
35981030,5
36546998,4
19250247,6
23360801,4
34322778,4
32084646,1
37140143,6
35228855,9
32869518,9
4239825,4
1195911,5
24524576,4
35946442,3
37422982,9
5629745,2
2825364,8
40122639,0
7076349,3
21124976,7
29443497,1
17492512,6
12527525,8
36873924,3
30921986,8
8612391,8
17931579,0
4883270,7
26544888,4
32974976,6
31269974,8
34597243,8
27743043,2
39143671,7
39798306,5
31341622,3
14218992,1
36827182,7
12076259,9
36707741,9
39792325,1
14673547,5
25458468,1
37006542,3
18222933,1
37403816,8
37329448,3
27317045,6
10011035,8
37213139,1
32365395,4
32462757,4
34377408,4
25991081,5
40028975,7
34417577,2
5322860,6
27449670,0
17210650,0
122327,1
36949105,3
30224418,2
22665215,9
15533680,5
7864519,0
22284430,9
21119726,8
17943523,4
35456478,9
24171075,3
9304983,1
11647805,5
7778215,0
29757848,9
37516575,1
30376266,3
20749599,0
26728001,5
13351341,9
11917944,7
34925849,4
28456089,0
13014297,6
16130154,4
28271185,4
33629782,8
2360291,4
36870722,6
38187330,1
37040867,9
39054328,4
18040752,7
25926957,3
33106298,5
27951295,6
25702118,2
35121538,0
35304024,7
34571352,7
35833520,0
19877306,7
29391630,1
15732491,6
20228649,2
16749659,8
9637892,2
21059929,7
32171909,7
31108022,8
22054978,9
14056723,0
33093213,2
11922857,1
24554376,0
38437189,9
26744155,2
25747362,1
13502623,1
21987701,6
25241970,4
814227,4
36867567,8
23679431,8
1163113,5
25519354,0
29292831,3
30643229,4
24125945,2
36783579,9
22991226,3
21436618,4
16396686,4
39128086,0
6795330,7
18238184,8
34258650,2
38712462,1
33571511,6
30356812,7
18557390,1
24314801,4
29784774,7
40010438,9
21899416,8
31395766,4
24815943,5
32157306,7
34471068,6
16192502,8
40129428,3
33616747,8
39322708,5
25021271,3
25018102,6
18679108,4
20329628,7
39407674,8
37102408,6
18118622,2
14219058,9
33683603,4
34275053,6
31547932,1
5832143,5
20473137,4
3309878,8
33770844,6
10647165,8
16070160,0
24283958,4
25128994,9
39615520,6
34128777,9
22850140,4
3737900,9
30082330,0
33007626,3
6154409,4
39892605,1
15737245,5
33621935,6
17985774,9
16901130,1
9251040,0
21924275,3
22912351,9
35663705,3
32054046,4
30041484,8
6048576,6
37771263,2
8083263,6
39698432,0
319426,9
38052930,2
33986784,6
39598606,1
34229140,3
31670575,0
17389011,4
30669492,4
22785193,9
24044330,5
38182258,1
24590022,4
4263001,1
30175285,4
26255530,1
21456078,1
8870261,9
33072866,5
15951448,4
36455382,6
35830915,5
24434690,7
34730452,8
23685092,1
33193180,6
18989291,4
31999669,7
14743127,6
20431640,6
36359869,5
24960814,6
7063743,2
32025676,8
39018232,9
29659497,6
20931571,5
26266464,6
31304007,2
34006658,7
38554640,2
29975588,6
22018652,9
28992000,2
37967949,8
10979534,5
37317140,0
26695506,9
4007289,8
31663578,0
959479,0
32596431,6
3274334,0
33345482,4
19566419,8
15889817,2
28628836,1
18920010,9
36959580,5
30828030,6
16616728,1
26761963,4
26433682,9
32758479,8
30025824,1
37664850,9
28045238,3
17757350,3
36564059,2
37732180,4
39002849,3
7619109,3
33707300,2
16234975,8
38223910,7
11667171,5
24789782,6
33203655,3
32807745,7
25182685,3
37761173,6
19479934,7
34610959,4
6194659,2
38836312,7
20561808,0
30100016,9
29936563,3
2352018,7
33700328,1
7553306,1
22396761,2
752308,9
9762301,7
8583136,6
39140679,5
15033409,8
2671668,9
33206356,7
20905350,1
35847419,5
15978571,5
17894168,0
19865347,3
29066411,7
36850514,7
23004729,3
36894678,7
22785929,7
36605866,5
2090424,8
37089933,1
4651693,1
20892096,5
20649282,8
30252258,5
22939059,3
32117340,9
28725367,8
28411806,7
24588543,5
7101126,8
39028908,3
20579740,4
37043151,3
36645668,1
27182350,4
14186260,6
3616721,9
35073718,0
37026745,8
40079435,4
18788878,8
1659380,4
8946810,3
22254253,6
32895660,9
15761059,5
1203639,3
17129393,9
35084454,6
31079649,6
25157090,5
15754208,6
26793625,7
15322171,6
10539823,6
31387113,6
40120122,6
30064191,6
7960982,1
34051702,4
27243170,4
21827818,1
9100909,1
3343768,9
3976772,0
4222595,0
39715354,7
4686241,8
17754152,1
16620391,1
32929952,7
790960,0
29039488,9
34768129,5
32860263,2
4923509,6
29419316,6
26665799,9
14982912,7
22925096,1
34849733,7
17389388,0
16039092,7
39634736,1
32929318,0
28405899,1
5174770,4
18181322,4
26666511,4
7829188,9
1043382,4
23012623,3
7894261,8
18504753,3
37902450,0
35704716,3
2402694,0
33826600,4
9120765,9
34316403,3
36772434,2
25465264,9
38041609,6
20042717,1
33725345,8
39753281,0
29149805,1
38070435,7
17797489,9
15450661,4
3676628,6
12825140,6
39829578,2
26445760,7
11856013,5
33133964,6
3177057,2
37693497,9
24381482,1
35082076,5
36731365,9
27434593,5
26327189,9
35852579,5
29094291,3
27531620,3
14448447,7
23713434,1
12265695,8
20073240,9
13151785,9
18137614,7
17117912,9
34626618,7
32808410,2
27407430,0
17625438,8
16561754,7
26284205,5
542596,8
33363207,6
28552998,7
23591507,6
32865597,1
4795772,9
5081610,0
26441740,5
35311343,5
24122568,4
36513625,1
31950550,4
258296,5
25991666,9
29489107,6
27352907,3
18842779,7
28161862,7
23637219,3
15660297,3
29458228,9
29012685,4
32868944,9
27734776,4
21126625,7
11359538,9
40008407,5
30539575,6
7960600,2
18511962,7
12866132,1
19772023,5
35713739,5
11766287,7
6140439,2
26598559,7
20021725,0
37518337,1
25888357,6
31477714,6
20843549,7
15511349,9
22717179,5
29335486,0
6592054,6
33077804,3
26627553,1
25150939,6
3297028,0
39960942,5
35108639,3
8234923,6
35527349,5
2897590,1
26446973,7
33727000,5
38648176,1
10921162,0
13327615,2
1986152,8
35192519,0
22163045,1
36837385,5
2435764,8
12975769,1
6875944,4
27866796,5
9519346,1
33092732,0
37221480,1
37366418,1
39435518,1
11181519,8
30017614,4
33457258,6
12586734,6
18974728,6
29197248,4
31360386,4
38770681,0
23728949,7
34664700,9
28456347,1
2554758,6
18166734,6
38255422,6
35849994,9
39482836,7
36150868,2
9153844,6
33984470,1
3866520,3
27364923,0
32641895,6
34519831,4
36747280,6
11971667,8
32140096,0
28675310,0
27917054,0
36991830,6
36323608,8
27209071,6
6811549,1
19469963,7
28702293,6
17646023,3
14174395,7
21977987,0
2922072,9
19819821,8
13881621,6
24673036,5
11221728,0
37104100,9
31837310,0
20649595,9
35810416,3
37978225,9
21317284,8
35091623,8
27406293,1
36918953,1
32615697,3
31264321,6
27372479,1
15229202,7
28929139,4
31066930,5
30020930,3
2025964,4
3985305,2
29104323,6
38530407,9
28421540,5
27691147,0
21847312,9
9787815,2
14021987,0
11501843,8
38303797,3
37776748,4
29975111,0
34042123,3
18768093,5
33429487,6
21497591,1
24045554,2
37306741,7
905005,8
21274526,1
33780334,5
30627899,9
12645782,7
5768406,8
18696303,7
26702689,4
3843188,9
39821339,3
5431958,4
9817292,1
23837877,1
4870771,9
30343156,9
9314824,6
10318351,9
7348144,9
33288798,7
15756007,1
36584425,9
31561965,8
16755042,0
24573354,8
34081424,6
30691347,5
30418181,3
25836358,4
2278665,0
31123308,3
36204534,2
23707644,8
36592907,3
24640154,6
21145909,7
34775833,5
30022017,0
27062652,3
20111254,0
21802519,1
13242221,2
4872183,5
18626533,0
15709227,7
25303839,4
16276268,8
21647054,9
9148782,8
19123269,7
15828294,1
31577280,6
32919316,5
39616631,9
8439042,9
7037938,9
20160983,1
29729956,8
36001620,2
35433166,5
37127556,5
38806295,8
30564818,8
18346894,0
31584379,1
40056887,3
31500173,9
32728212,9
3238150,5
33395903,7
25253618,2
33313048,6
23282945,1
22109712,1
36297610,9
31185130,3
22649379,1
14332114,0
28488492,0
25459285,2
38594352,6
16927428,1
7884712,0
33319060,0
3503861,0
17568481,9
10492548,0
17408825,8
7016509,2
28032722,2
33802391,2
16989842,2
28259366,8
40120596,8
26104434,3
24432209,9
32873396,4
8865878,9
39642258,0
38646500,3
25724318,5
37911091,9
36332976,4
23660424,7
4538962,2
10181035,1
25718961,4
39295996,2
30898365,1
25234921,6
7600235,3
37628372,4
29562943,6
13596407,1
3889038,9
34876656,0
35244913,9
4467230,6
28206826,2
12594239,2
4208659,1
22335171,8
28333732,7
33590599,9
18385524,8
29159680,5
19678641,3
29433259,0
34004042,2
12013813,0
3300406,7
39665712,2
34358550,3
33994158,0
3340528,5
7948510,3
37230696,9
26195181,4
25429410,0
22370117,5
15418093,8
34984015,9
24533951,0
37811767,8
28693433,8
11881900,5
37605531,6
35193688,6
7542651,6
4996085,1
8194489,1
21798501,0
33713472,9
37838023,6
33841523,9
31650997,6
39488380,7
36305573,1
28940535,4
15005240,0
13037462,0
11025777,0
25713022,1
23618231,6
4261129,4
36338020,3
31477393,0
22649703,0
12112172,5
29277831,3
25675998,4
15321993,3
29445943,3
9187579,6
14551484,7
28687087,1
2137539,8
29800157,2
39526134,3
3945028,6
14986129,0
9854869,5
26932870,2
13753213,3
29870209,9
7931382,3
29590365,3
24621889,8
20485141,4
31865990,3
31446640,8
30981249,1
35680848,1
38890265,6
15868424,7
6665577,2
39231865,6
35906266,1
16527834,7
29035533,6
16682563,6
11039209,4
20313002,6
34045618,1
2140219,0
33089019,8
16121545,8
5415679,8
7683116,1
17668633,0
19827368,6
31577163,6
17588699,1
23172265,4
20616307,5
13895526,0
35641414,1
27894253,3
25803567,7
18676293,6
29175519,7
6012604,3
13829666,1
37906835,7
13325954,2
26720106,7
39236601,3
4235004,9
11661822,4
2773416,6
1640054,4
8313705,7
20366031,6
37726207,6
4775875,1
36523912,6
20715408,0
21911853,6
20177899,5
3520672,3
22241343,6
11327736,2
18796117,9
33467537,5
9606364,7
35053507,8
19099756,9
38866526,4
37863458,9
7781448,7
2381241,0
39299548,1
27758999,0
21843143,4
32417520,7
8856523,6
13343577,7
33868862,8
39969717,3
15424895,7
14580787,8
15174162,0
27119700,6
32642785,7
36020079,2
883679,8
18267314,5
3288250,7
18856646,0
34406169,8
13801557,2
37766683,3
24373965,9
3818881,3
15807317,5
26705027,0
16434405,5
3018036,1
23680976,6
36247394,9
33502170,4
24134085,8
20928661,3
29637150,3
33011551,4
40114549,0
11492138,4
35540360,2
33823776,1
3261693,1
37683741,6
12549319,5
33678959,6
23849295,7
34288969,9
4819437,8
38215686,7
38816302,0
17273685,6
7961216,9
28212280,7
26473859,4
13559696,7
24709342,1
9391546,4
23314553,0
38556188,3
29248537,7
34637757,9
28195660,2
37813859,6
3823599,6
24414204,8
31234308,2
13349573,5
38129746,8
39538576,4
37634899,6
26328623,0
16405242,1
33066034,9
25090714,7
33728416,5
25480639,0
11205571,7
20438686,1
37932966,4
21393107,4
21317567,3
2413144,3
29221502,9
17557756,1
15817577,2
15479902,4
26712080,3
34670670,8
456867,5
30550918,8
18014580,0
35332852,3
39861280,7
38906513,3
38195089,1
31169990,9
604453,3
28511343,6
26533379,6
28756816,1
35026716,8
33577657,7
21706570,4
29349801,5
35373236,9
16654743,0
38033570,3
9784422,5
31035934,7
14691865,4
2549616,5
39456283,9
31842651,5
22978023,6
24792480,4
31365592,1
26465546,1
39271424,3
28507913,4
18287315,8
26876921,2
30252960,0
13537300,5
1711483,0
36463979,9
26962973,7
13787258,1
26621993,4
14861843,5
9344252,8
878143,0
27546500,2
26325233,1
34833307,3
25652379,8
39121577,1
27462227,6
10078564,7
34323908,7
11565492,4
12939791,2
34725704,1
34206696,3
15609348,2
40033979,6
25839946,5
15452996,6
577467,0
24498306,7
32518358,1
39843491,9
34013932,1
2863270,8
37090291,9
26676249,5
17166351,3
40114836,1
25087072,4
8568242,9
35629694,9
36133447,1
2082474,6
8326192,7
11872270,5
13188711,7
39013564,4
27518863,5
30434323,1
40030481,3
4010218,9
20026325,5
8563394,5
37791386,3
29390384,4
29268915,9
38646886,4
2752008,5
6826495,6
18617854,9
34865335,8
34260687,4
38214420,1
29442774,7
36236960,7
27770826,9
37504245,4
29577571,0
19554261,4
39536288,3
35049772,3
30650583,1
1765757,5
31091954,6
35400056,9
26249367,3
36876035,1
37818978,6
12055601,9
1638751,8
39608282,6
25799264,3
32323030,7
547829,8
36326246,3
19480449,6
14804173,0
32506956,1
15006622,6
38444010,7
31378804,4
9041681,3
37955929,1
27319439,4
29828786,7
4910203,1
21842950,6
22253658,7
9745909,7
29387060,8
15706911,7
21470039,9
32922535,0
7908295,2
39841276,4
23334022,4
14990376,8
31100251,5
5321767,4
38187781,6
4593695,9
25044549,3
37132000,4
10650146,4
4637420,0
29755656,3
39246374,1
24548279,9
33681858,4
29708564,5
31593772,1
29804422,6
32868211,8
32417338,7
24250515,9
23763300,9
28973277,4
15896493,6
29560630,6
27118511,2
8071254,0
39047784,4
3182153,8
26300442,8
3319632,5
38677022,4
24562175,6
10941830,8
3077490,4
37416600,8
3340015,0
37056981,1
20052885,1
37736021,5
6555573,1
5958793,8
15150275,8
24707811,4
16773857,0
10761769,7
39761444,0
39252170,9
38496831,3
31928897,1
22530081,2
14006482,4
16376732,4
37521454,5
25470428,9
7085512,9
32489601,2
29549149,7
31689133,2
26483054,4
39716433,1
15929676,4
32152233,9
28328890,4
21856383,0
12374176,8
1017388,5
10868530,8
16238462,4
38704037,8
37000346,1
19108182,0
6174369,0
31648992,5
24768455,7
7896462,0
38741395,3
22862105,9
20356215,6
10304467,2
10176037,9
7881133,3
14760703,5
17839922,4
38037873,4
13851041,4
20298407,3
38305946,3
32106805,9
39146027,1
14819098,6
9870221,9
39252323,1
40040726,5
38273916,2
31961688,1
3339562,6
28922374,1
40141134,9
32597668,7
27753350,8
20137321,6
28774852,1
1716554,6
28335202,9
29113461,9
8652140,0
24070082,4
32177308,2
18915941,6
35272985,3
3293194,1
35341399,3
13927576,9
29393646,4
35265632,0
2643244,2
20746505,3
14735469,7
28008807,5
33866503,7
17138952,5
4979150,8
29455660,8
24740104,5
635200,1
14418264,3
36810785,3
12608747,9
19389083,4
5522471,5
9753680,7
31684878,6
35274840,9
33190298,7
26828226,2
20931295,3
38403141,3
293482,4
38293647,2
32871467,6
35895466,9
10990895,0
7459204,2
35457358,6
31569216,5
35262753,6
5056152,2
38106808,6
25697684,0
3209529,6
34957620,9
38791898,0
36000668,3
35581490,7
38803150,1
11764203,0
37789747,2
15513618,8
19658703,4
24358611,0
12154579,4
30902050,7
9763675,6
6532065,9
38242677,1
20969744,4
31473184,5
32234863,6
30558116,3
36954453,4
40066680,3
28180301,9
3164086,0
12763505,9
37883325,3
7194701,8
17613250,7
36809368,0
37287922,3
18004030,2
34800915,5
7196427,9
10158269,1
39662975,5
25905752,0
20724856,4
5440098,6
28916554,9
27240287,9
34710842,6
32167758,7
27918091,3
10621324,1
17161420,6
627772,5
39664995,1
21818783,2
39817834,4
28209436,1
2761678,3
38168949,7
24274023,6
2799731,0
4981963,1
35301624,6
21576252,0
39587863,9
23475610,9
10221704,6
33745052,4
3465568,0
22703859,7
5366928,5
15725458,9
36895627,3
27952608,5
1003247,5
39086664,1
22415643,9
38499625,3
37709164,1
31387880,3
36736445,1
14819849,9
2243895,0
8020408,9
31861042,8
37098313,8
4588889,8
12266208,9
28505987,9
24418368,7
21367792,3
22512462,7
28376538,7
24576044,5
31489523,3
23725294,0
29171896,2
28026470,4
13355290,3
7963595,5
36202770,8
32123528,8
38340414,2
8691419,3
4094933,4
22719650,5
11134539,5
36704286,8
33910982,7
14036344,6
26938110,1
9600474,1
34909446,3
14320836,2
18159874,2
10423385,9
23705290,4
3330933,5
29722071,1
3161827,8
14874965,9
39461414,0
12019661,0
22493293,6
23227680,1
5011077,5
31207250,5
36120184,5
31794127,8
29124000,9
1188944,8
33790792,3
38821726,4
19597575,9
5406393,5
9193323,2
17823629,8
16049395,2
26630245,0
33555048,1
19718233,5
29773991,6
20741952,5
26618666,7
34255517,1
21612779,3
22220856,0
20974252,3
10559018,9
30298144,6
32465143,9
19869090,6
6410062,9
11790775,5
23577505,3
14515239,6
8519647,8
29200348,8
35004097,3
21079579,7
36562052,8
23037479,8
36123877,5
9335768,0
25019153,5
15864522,9
24837040,1
15545952,5
37870407,8
24065052,4
16847157,0
32313946,3
6616270,2
38306904,6
10152290,4
38683881,1
28473660,3
2824612,8
20661733,2
26870873,1
9753730,1
33864661,0
38129681,4
12208427,3
2985678,6
38516110,8
32590591,5
40064411,5
26607303,4
25050504,9
6336911,6
31417661,0
20616540,8
20104874,9
18224468,4
20586328,5
19936033,3
25301466,3
16675039,4
8848294,6
4117038,7
1829340,3
4419532,6
28881140,8
11813548,8
38644263,9
16574573,4
18784615,5
38806208,6
28930477,2
20037341,1
34538762,3
20731983,5
3217715,3
26850164,5
30044142,7
24168812,6
10319699,0
35644481,4
30722305,1
38797177,0
11666537,4
26957437,5
37266282,6
18356185,1
24106575,9
35688703,9
35230959,7
6878303,7
17576448,4
3158098,5
12332392,3
29760118,9
37870148,3
32026365,6
36863081,9
8300364,6
16236157,9
39804301,6
21438890,6
11045510,4
21221813,1
3680022,2
25293881,5
24173250,3
31349356,7
3803386,2
16952462,9
20675534,3
4203417,5
33418838,4
14885002,8
7962094,7
15878501,8
18768967,1
28220146,5
25816506,5
10901247,5
15487106,7
14803780,8
8721040,7
7616998,4
31848877,9
34929650,5
1226091,0
31250542,3
23102041,6
37204323,4
34793047,1
21110915,7
14386822,3
24140497,6
22534598,5
36342098,4
12840340,4
40087681,8
7208096,5
1823588,5
7020313,9
37528782,4
21717671,0
38278578,6
25372877,3
27904399,2
18968607,6
24872225,1
3867718,8
25212660,1
16091689,7
19942399,6
26851151,1
24663564,5
34954102,5
18578265,4
20462542,3
23267750,7
13328121,7
22951775,9
27526431,8
9310360,0
10971033,8
23965767,2
37339367,7
9629532,1
37471436,6
3014631,4
33048636,4
29181220,7
22304231,7
22450116,7
16741435,7
14319525,1
26427644,2
20423598,3
26697843,1
39359693,3
22303408,6
14777488,0
17544424,9
22831375,6
33573807,8
28509551,9
15843419,3
37053169,9
25491786,3
23358787,0
9048947,2
13721289,6
9691346,6
15926358,9
38733247,1
5307991,5
23173220,8
3715323,8
4788748,1
10618144,7
11039500,6
10224287,6
29250011,5
5426637,7
21437666,7
22378876,6
15437320,6
7654729,8
18705373,8
23553102,0
38667728,3
11059801,6
22144324,9
22913490,0
37705016,6
38167388,7
35520251,8
35761682,5
21081438,9
38271772,8
15109425,2
18331129,6
39917313,7
14690398,2
14030935,1
29586949,1
9125997,8
29055634,0
24291941,7
16862501,2
31006311,4
24613347,2
15890892,6
17130935,7
26056316,6
22793465,5
8730499,7
34085607,8
38170566,7
18782241,5
34844961,1
31435071,3
29049771,3
28154976,1
37023166,2
22779650,6
11672513,4
27302795,1
36794701,3
39282848,1
26874829,0
25814675,1
16110777,6
25194557,8
30748378,3
14225361,1
28924553,7
23905703,3
29055439,8
36792222,6
33356753,6
31295352,5
24715229,3
23263071,4
32929910,7
5715217,0
24316906,1
35536670,6
22766366,5
20394025,4
30675236,7
7611510,8
29323850,0
29053122,4
33248875,0
33995477,6
13111410,8
31991806,6
10694150,0
31568441,8
6535062,5
24693714,1
28516906,7
33253657,1
3123796,5
7384066,5
2380031,4
31194718,2
22179800,8
2990945,1
38333259,1
35818975,3
22935732,0
30276185,0
1645384,6
36315314,5
17577821,0
29403784,6
26744920,8
17662887,9
28392937,6
4110511,6
33916150,5
15840661,5
38808959,2
13404368,5
33294758,5
22688854,2
14821297,1
25234137,8
30310885,3
21039786,0
24269795,6
21953121,9
19466343,0
31668444,1
27178055,7
21509858,4
12533119,9
31215172,3
34113548,5
37218887,4
13845608,8
23068872,9
17180560,5
27135635,6
35784095,6
14668475,6
29184871,5
9907778,0
20115578,0
36049580,6
21890792,3
17610275,8
38897091,3
31177029,6
31978948,3
39132439,4
19907865,4
31039043,1
1872016,8
36278041,1
18501867,9
17535318,7
17146816,4
20481027,8
9674065,0
33634310,6
33178216,0
9488945,1
39762772,1
12444770,5
25145384,2
17896936,9
24830952,3
30483977,4
15035409,3
13052282,2
23172325,8
30607428,9
29334505,7
16294174,0
33506372,7
11164286,8
1120139,5
40041902,2
7251414,0
20249397,9
14410453,4
19544589,7
28978491,7
15030011,0
27388403,3
30839297,8
3449039,4
16668639,5
38647525,2
32569722,9
35820782,0
13939677,9
5237485,9
23902645,4
36333737,2
11020663,5
35633421,3
29745593,9
21412318,7
10962448,8
25273365,3
34793989,3
37644632,7
26881631,1
7486189,4
33595230,0
28831539,1
37360343,4
38777654,8
9316697,5
22773905,2
19733666,9
10511654,2
32473192,4
34884408,1
38540394,2
34333594,3
30969513,3
6273191,8
6808798,8
39541791,5
21803956,1
22881585,4
34164137,3
40101925,9
35242940,2
24119708,7
32704870,0
37619571,1
38947967,6
23619945,3
30271882,6
19883026,2
37078919,1
23285743,0
23002438,0
21757544,4
15582956,2
30850829,0
28933739,1
37192937,0
14069890,9
36526140,3
2763432,7
22044220,9
35337250,9
11280388,9
24367930,8
28242902,9
5097092,7
31019573,7
15371505,4
31100433,0
29317262,1
18427711,3
19337952,1
39529662,6
26292906,3
21362224,4
7502566,5
13202649,4
33737126,4
35808754,0
20248760,7
17592581,8
39618814,4
39196788,9
14313025,1
39914160,3
30242328,9
29452735,9
27032991,4
28789986,5
34436091,0
33137277,8
19688078,8
22403897,8
22859493,9
35992600,9
8031636,4
17156769,9
36702421,3
36953452,7
6197580,0
13918652,7
749000,5
24627919,5
12799772,4
14794296,2
34130717,4
19803039,1
23460357,7
19084223,6
37032174,6
37247111,7
9224284,8
38405122,2
34833473,7
32661495,0
31523241,8
29349522,0
39454471,3
11622700,1
38691009,6
33344809,7
21929716,4
39384922,8
27390751,9
27618651,3
35754837,4
35362707,2
7259316,8
34988748,9
25183798,5
39584544,9
7433232,4
31905949,5
26661177,9
1780763,7
31216574,4
12886902,9
7092821,4
32636307,5
7995202,0
31094044,2
28712167,1
37981890,7
13309255,2
34739151,3
32918014,4
7668551,7
35933201,3
13872174,6
39071050,1
37852994,3
30625881,9
14929304,1
16484167,8
17403175,1
11394820,6
30006740,4
31254278,9
37176167,0
39864563,8
37472336,1
31548586,1
34145566,6
26392752,9
39396610,5
31923003,2
21963929,5
28949303,0
36494860,2
28976249,6
38725187,4
30272269,6
1053344,5
885625,8
13167990,7
39518534,7
19573477,4
31437660,7
31057009,0
19494449,6
30362023,1
34269772,8
34012417,8
2924781,1
37441698,1
35894570,9
8537375,8
9006093,2
33795535,7
20720108,5
32152613,1
32514077,1
24265375,8
38315475,3
1610781,1
8682848,8
29882322,8
18835525,9
34023927,6
3494780,1
21830650,9
20801032,3
37528718,4
8367609,8
30719986,7
17819152,4
19508028,0
4642589,4
16786633,8
14505086,0
39302594,0
14294353,8
15182284,9
28500422,3
10914416,4
39507711,8
30676333,6
31504353,6
36839212,4
6479676,7
34132279,1
4494532,6
22186207,1
30210677,5
30633320,2
12241550,5
6014428,7
17755621,3
37279357,1
27489781,6
40076534,9
9876838,0
30710144,0
8394680,1
30357527,7
28099784,0
18213789,3
22072112,7
4903413,1
14220505,0
29988241,3
26785354,3
601874,2
39090875,0
28097247,1
12975456,8
35216526,6
30607364,1
38952059,1
29040609,8
40127794,3
40018083,6
34955321,9
33629033,6
16892696,2
4413912,7
29268012,8
14755946,0
35291232,1
12550379,0
26302575,5
954823,1
39652788,8
30194277,1
40061520,4
26283259,8
39839968,5
39036229,0
27112708,4
34892420,5
38573769,7
36252310,3
39427540,2
25944968,5
5396447,9
28950020,3
18522273,0
17827758,4
38214721,8
27921902,3
19530375,4
34053223,7
5250183,4
2049849,8
27341801,1
14497022,5
15951228,0
36018851,9
8375329,7
25404179,1
2443383,0
31608133,9
27645172,4
21514517,7
12959615,7
24746582,1
16731557,6
27984840,5
26902034,2
33665467,1
6036129,1
34375363,3
33170862,4
36486079,7
29460274,7
31225140,0
23618769,5
29372745,1
3411469,6
29420870,1
23403190,5
22846048,5
22972720,8
23281782,8
38165636,6
6354260,6
28879485,1
25904090,5
21758760,3
15080672,4
2266503,5
13871769,8
26518730,0
12179271,8
20858516,6
30294905,6
7493459,4
31145163,8
28035995,7
22048996,1
11219770,9
18348634,1
10388411,8
26472114,2
19945963,5
16861013,7
22308945,5
21716368,2
1057638,0
35809398,1
8286015,2
28384680,3
35087283,7
20860846,6
26747122,1
39306811,4
1512600,4
35329655,6
23446565,1
26288294,7
28856605,3
28460881,7
24077760,2
2501431,4
24947814,2
30881858,4
28316815,4
3443157,5
21383115,7
33544897,0
33476590,5
32776762,4
32667423,4
16951602,9
5363856,5
32402536,7
5656564,5
35644599,9
25849696,4
35196753,4
27930334,5
33093117,2
14099308,2
30174143,6
5321789,5
24162379,6
20528152,9
34005494,3
25212696,7
33653724,7
4330723,8
38419554,0
25642134,5
20019516,9
25235833,2
35447865,3
5928959,4
11357851,3
29612925,6
32210270,4
18518326,8
12902134,7
28094766,1
31105931,3
32237379,4
27925113,4
9617001,3
16730559,8
37152307,4
26330342,9
12023488,7
34414111,3
34191340,7
10653422,0
37324606,7
24313055,7
33525279,3
29401025,0
28427236,9
31128622,2
12577179,3
23351876,3
35176862,8
17788030,0
32705272,5
22938101,5
15836692,3
29019340,8
5933313,7
23927803,1
35504329,3
19447456,1
5465010,0
22239909,8
4828598,5
35471471,1
17262540,1
22686339,0
39070030,3
33768386,1
28830953,1
39733655,4
24216729,5
37455933,4
24334431,5
22084163,2
39617894,9
25415479,3
7976684,2
21447174,9
27657018,6
15096306,1
3500997,2
17065413,6
31941685,1
13023073,6
34565895,1
19270960,9
23125243,4
9219313,2
6284413,5
39352371,6
26624193,9
33518554,5
29522874,3
12355740,4
38209343,1
15675667,3
12393044,1
12104005,0
39100425,4
38083667,9
38762247,5
5080756,2
30506160,6
33297814,0
26752252,7
26445403,1
7192390,3
21877327,5
35364084,0
16223787,6
34879508,9
22575050,7
24669497,0
10303248,8
6540502,6
24707143,9
31153536,7
2922628,8
24877912,8
10889930,0
14839366,2
39702803,4
25965332,0
26592415,6
21197304,5
5643358,5
39275533,9
5160965,6
18963819,0
22650393,0
36782588,9
26514865,7
13249341,4
19017324,0
36762199,3
24001123,7
39683521,7
14360006,1
30786933,5
24211537,4
33675624,3
35538388,6
32223894,6
27697939,5
38995640,0
359498,1
34028293,7
11687302,1
37980812,6
39184071,5
29872349,8
31172220,3
20785987,5
39682342,9
31588232,9
29165171,7
10417108,3
1894846,9
17250477,8
33791608,5
22395185,5
29149744,0
32142150,3
9747059,7
18488287,1
13884328,7
27112286,5
30895093,3
35877208,1
21276576,3
12698102,8
22873511,3
10131811,9
26924193,1
7827196,1
2838707,3
34580796,3
24988809,9
26479280,0
33458277,0
3112456,2
34970948,6
16056104,8
30956362,4
29332163,6
13466341,4
34577792,8
37973589,3
30317213,0
38933789,1
2082145,3
35068300,4
38578378,8
30704214,1
37691973,4
39321678,0
20929790,0
36503178,3
13798344,8
37191893,9
8456401,1
394895,0
39258087,1
27647871,5
39490657,8
22212336,2
1445989,5
36454339,9
31270373,5
23166772,6
21622988,6
17203935,6
27167133,6
27571512,2
3419624,0
18542107,7
17203253,7
24981565,9
6737846,6
27133165,9
33469327,7
22269429,3
20669665,6
20677686,9
38488923,6
21346498,0
27137266,3
33971230,0
22847765,2
32640047,1
1347727,0
39922316,1
12189943,6
35189203,3
1249165,8
1836633,8
22493605,7
36603513,2
24254945,4
16100204,9
20160902,1
33259191,1
38491602,6
28672271,6
21495032,3
25372911,1
35633017,3
39644202,7
32114215,3
37640606,9
12180822,3
12915668,9
26097916,9
31720272,4
11763448,9
27989674,9
20883189,6
32801417,1
35805573,6
11010445,9
24126266,1
24045816,7
34596411,9
12784624,6
1861836,0
28931142,8
31805681,9
10035167,5
26297698,9
25261582,1
35587850,0
1351227,5
26878540,6
10555671,8
37832228,8
18340576,6
35247108,9
36899831,3
36313934,3
17135979,2
5673304,4
13113168,1
36428064,6
19017283,7
35522430,6
11722950,5
9319430,5
12992316,2
33117704,8
4427543,3
738301,5
2119682,5
39069841,5
14531544,1
5207305,2
30842119,8
20028202,4
34917828,8
22222662,5
34013142,5
36924748,9
32522750,5
36998498,4
29074509,4
7561969,0
25435908,0
40118266,6
37501075,3
37800639,7
20855090,8
27680024,3
17134024,6
28868693,0
36784908,6
27159558,4
12988780,8
11239567,4
14615847,5
17156943,4
7273215,3
18263475,8
5728248,6
17634940,4
27010588,1
34773838,4
31604446,6
23198665,1
10627221,3
30986482,7
39886063,7
28988814,5
31825633,1
5895588,5
19624038,6
34602999,6
3286607,6
18194440,4
1417902,4
40073003,3
16880252,0
31160197,7
9057497,3
15685894,3
26075841,6
854906,0
27434643,8
21115449,9
28533354,5
13592734,6
39650828,6
38951194,1
11773516,1
18678117,7
32403893,7
33707609,5
19560838,5
34822324,6
4611410,4
29803949,1
22979141,4
28939470,1
34560607,8
38369188,3
10586787,8
35227147,3
29309302,6
30907851,2
23208368,9
22546969,8
35946816,2
23511679,6
16981926,1
24421993,9
26112049,5
39856709,0
6024622,3
14664753,0
20727780,7
31162657,4
37154201,6
28400961,1
5786653,5
1902813,5
29294646,9
27317442,3
5781043,7
33979392,9
23121942,4
4148974,7
26818513,1
39297793,1
38602060,6
32900735,9
2829919,4
17593972,7
11505558,4
38156023,3
30360659,8
13676141,7
39922084,0
36228723,3
10079163,3
14131338,1
38796217,5
9219318,0
7340786,7
37082877,9
33856026,0
28293310,2
22884370,7
37806114,5
30762203,4
18610198,3
8545870,9
27420478,6
11917547,3
26921035,9
12282222,0
21248245,3
19841116,9
25070051,2
22702767,9
29640856,6
22444586,6
17304123,6
37008080,4
19542873,7
24355290,3
36638946,9
16936009,2
21043394,7
23068426,0
12272529,5
27403413,6
2227469,0
23741653,4
39951230,1
13120892,3
34828885,3
13736554,9
32288755,1
24318505,3
30725700,9
8660677,0
37227887,2
29424953,3
25321702,1
19201708,0
29868660,1
29004697,4
13128860,7
21767387,2
33569383,7
28077180,5
31595704,3
11207368,2
5543989,1
37587028,7
16430943,6
16872210,8
33281171,5
38809840,7
14679198,6
28462627,5
3680635,6
37197517,1
36038284,0
3887336,9
15191492,4
10964982,9
25104261,4
28952118,3
27129037,0
18679511,1
32189476,2
18786128,0
39915320,7
35735408,2
29009647,7
33287930,9
20906948,6
22910772,4
29466404,8
6633506,4
40100626,7
34738971,3
2609719,5
27003492,1
39117843,6
13910975,8
36538556,5
2685097,1
32397895,2
25031298,9
28100583,8
1854718,2
24243991,0
40093816,6
33413309,6
39902092,5
27030952,9
22628076,2
37252774,6
25103457,1
1713038,8
10835266,5
26153242,7
39740498,6
39494046,3
13351002,5
1894591,8
37947765,5
25075364,2
25615853,7
11209054,6
37000231,9
18290658,4
36939681,3
38601538,6
21866036,8
33000104,4
33332370,5
14991203,1
26021086,5
22317436,9
30715337,8
22507707,3
34738808,8
38352345,0
18334693,4
27914065,1
29539591,8
16323139,3
29166604,7
3874613,8
16715623,6
29241261,4
38559778,7
31547652,8
26050958,0
15209446,1
40074155,3
35807817,2
26323143,2
12748291,1
25663981,8
33076550,2
10202078,7
30107915,3
39580495,9
30114257,1
1550134,7
38743551,6
22873043,1
13859811,7
36589666,9
20195668,6
18323696,8
28924354,1
28948898,3
33534223,0
32934360,7
39553371,2
10468165,5
36821548,2
15561230,7
21309532,1
39739644,3
35279025,9
29358872,3
25987179,6
39928463,9
9729818,4
21799921,6
38233504,9
33989586,4
34320925,0
7536797,7
19134175,3
28889786,6
23251505,7
25549854,8
19566555,5
36772082,9
37936427,8
30682342,4
22084418,9
36448002,6
9613759,5
9134778,4
18935626,6
31186256,7
11221573,9
24844121,1
39127002,1
35485340,4
3745606,5
21463392,5
1598331,4
39416021,2
37683558,9
38138666,0
34075111,3
36983967,9
38200293,6
33642673,6
6522580,1
24156357,9
6569313,7
35721807,9
27088893,3
13045580,7
39693354,9
10679083,2
27897382,5
38944172,8
18767142,1
16961497,9
38717058,5
29194926,5
23443079,8
25838184,1
21893430,0
14573182,6
27509612,4
26711011,7
27626783,0
26673878,6
2047459,8
31762188,9
25883198,3
33184240,9
13966541,7
33746097,1
36624685,7
9576562,7
10442551,3
21844710,8
40126279,6
38572534,3
29152952,3
10589766,0
11939207,9
28978068,6
17368509,7
26029889,6
15356649,8
38388590,1
21804094,9
39196355,9
13504334,8
11107017,4
33661534,5
21590275,8
1905721,3
38349652,1
16999939,2
36627804,5
30228366,0
4893585,6
20172103,4
22360985,7
37933629,2
22801146,7
18850907,1
8611651,3
30927413,4
20042205,0
7615505,5
29183482,7
3760615,9
11069427,1
29046442,2
10106083,7
31126179,3
17748786,4
26496388,1
29150501,5
37974475,3
32900346,6
20808614,6
12467471,1
28866663,8
35569833,3
14574707,0
37512737,1
39599050,1
3340756,8
36076154,9
832485,9
38192651,0
38509807,8
39313762,0
14663071,3
25297778,6
23658378,2
38243547,2
27343504,4
39723570,6
32344829,1
23944651,7
16062749,8
18293096,6
34491359,1
32239234,8
39403002,1
17499806,1
31923537,1
3686256,1
28953653,5
34929261,3
21557117,6
17411132,1
37434611,5
27600893,3
22921804,4
38996464,1
13408711,2
12642061,7
31957564,0
29625470,1
21995426,4
25358368,4
45500,4
39584109,0
35244546,3
35802407,9
35580460,7
9903053,3
24507182,9
17406470,4
29400631,9
25614246,2
13572522,0
3015967,6
16371352,5
35237814,2
29138743,6
31979081,3
19699432,1
23161913,7
33766610,1
32738824,6
28382850,4
39036109,2
36158700,1
39500513,0
37042071,7
34312258,1
29975811,4
34372102,4
28248826,5
26292114,3
38171196,8
10516387,1
22681763,4
27599654,7
33216515,1
21639446,7
24191062,8
39195711,2
10704292,9
35768633,2
21756204,8
34499982,7
35858146,1
38238208,2
33924263,0
23699432,7
16978755,3
21292974,6
33858512,6
26295136,5
16951331,7
24237335,8
37571177,7
33072604,2
39880244,4
33066307,4
9332222,6
21614065,3
33271926,5
26899658,1
19695494,1
29924114,1
27947419,6
12018688,2
7157768,5
39726661,4
33765029,3
37743773,8
29921700,6
17620646,4
3238558,1
37886917,2
39642721,3
9286474,2
30087815,6
22807436,3
34832869,7
24983938,1
21341306,6
31125029,9
34240818,8
38721265,3
29917123,4
11999374,7
39969438,5
36865257,7
23553075,0
38528759,0
34586382,6
26594332,4
20619851,9
38255064,2
38836249,1
23140529,9
33703775,1
36322986,8
36588169,9
35825967,2
20250533,1
35216788,6
35449270,9
257956,0
13608745,6
31511196,4
844142,5
35477571,6
16935255,8
26300077,6
30421187,3
39298928,0
26286142,7
33349303,4
19614723,8
34021273,3
9417379,4
30063913,7
22447004,4
11208645,4
31749334,3
12452017,6
14793926,5
15034267,0
29225750,5
6196355,0
39482140,4
36571500,4
27568106,0
39980030,8
24464418,5
23655666,8
36311534,9
27451612,3
24640850,5
29324346,0
25422073,3
35754302,7
15284154,4
9737786,0
360368,8
33328656,4
32974756,6
19599578,9
28333760,3
11279804,9
14115318,5
40117702,3
1634502,8
33631216,1
12709194,8
27631702,2
16711923,8
4036009,4
24829880,9
25368493,9
7875643,9
36396004,6
22937653,4
34604660,5
37401838,9
34227717,2
10918122,4
20327621,0
29103566,3
23089179,8
21765938,0
26365544,1
32617538,8
25111752,4
36983233,6
37134589,3
24274277,7
12333004,4
32708530,4
28893314,6
3131488,8
22691249,7
34078500,4
36045059,7
20406771,5
20296224,3
8881993,6
39369260,1
37736531,5
17715222,0
39418477,1
28950669,1
37231325,1
31893039,6
8169249,7
24551464,5
16107884,3
70797,7
10056274,3
10357193,0
4307658,5
35136244,3
23251740,5
29451686,6
26620997,3
14129405,1
30830776,3
26645240,8
14962646,1
1571442,2
1145662,1
27717152,5
7832264,0
3387655,8
21329871,4
12100324,4
21819649,8
32408167,9
4536556,1
25918115,2
32970938,4
23254983,0
30512962,5
19896616,4
27687867,4
24535920,8
6789927,3
6782133,5
19957516,3
33450285,3
27437986,2
38834243,0
27972621,4
38245701,2
20462965,4
35842767,7
5020732,7
38051602,4
5660762,5
31616840,0
39180027,1
3694177,5
33977521,4
14500373,1
5349671,4
30000023,0
33787073,4
5311711,1
36805105,6
35538828,7
8685994,3
23836402,8
35635154,4
40111624,9
25412943,4
2824244,6
25928425,8
22026644,7
15365940,9
22108152,5
19282767,1
33561005,1
36414184,7
28358260,4
33273197,6
10515891,5
30899411,9
24702807,3
4956984,6
4259039,5
2946519,9
19479758,4
28640911,1
1739969,1
29686692,8
39860998,0
17478165,3
35470131,4
27023229,4
23940828,9
19164286,3
29982248,1
39934721,3
31555834,3
9929689,0
29624251,7
14513418,8
27614444,0
10515992,2
38161133,3
21714400,7
29010431,0
13634800,4
27079249,3
14639936,6
24631127,7
16493553,4
31503874,3
35573825,4
7168971,7
27014924,4
3079670,8
10205969,9
39635483,8
3445006,8
34303426,5
31043730,0
14072600,3
26445560,3
29183720,6
37653945,3
19604711,6
19063941,2
22831516,0
35744351,3
39353758,9
19506105,5
9548268,8
38172610,4
18901470,0
35739839,0
15292072,0
38737561,9
9559601,1
22239029,9
33875249,6
29265877,4
12702879,1
29492971,1
22864042,7
8659226,0
38806095,0
37263743,5
24239780,0
32668514,7
16453644,3
31374442,7
28709826,4
40127436,5
28605255,8
6921699,6
23180384,1
37836550,6
39493153,1
38963473,4
9170501,8
33483707,1
28099526,1
1970680,3
2001940,8
9909466,7
12169258,8
27096588,5
22022621,2
35302682,7
30144554,6
3918241,1
34988040,9
1765848,6
33599156,6
34329652,3
34607393,5
36193114,4
4617987,0
28264697,7
39950416,7
30769048,1
32015435,6
35897254,5
30986381,2
31596229,9
29022624,1
28138021,1
19715162,9
10568158,8
16755312,5
36668692,2
23634065,5
22732449,3
13241093,7
21729054,0
32082926,9
16301013,1
38151866,6
20042423,5
11086346,5
16957226,6
32059090,8
24181001,9
30489707,8
16515078,0
29578956,0
36802411,8
38208095,9
19753136,0
32150795,5
31165644,3
32028742,8
31521778,2
39313677,7
32462448,5
21666229,2
22479219,8
17181912,9
10817360,3
25744925,2
3498263,1
1594052,4
16524214,7
30224951,3
13614877,4
34458665,4
27074322,7
35810360,0
39441925,3
25603686,1
5362097,8
11619894,2
25090752,2
34101499,4
29534908,9
34920512,4
15442037,1
12844963,8
3460650,8
25142915,6
34884567,8
3316301,5
13349856,9
36000400,3
34032522,4
27759077,1
21341771,5
21222114,1
32805264,8
32819933,9
35094611,4
28024446,6
26465349,4
24399626,6
27167381,3
22595232,7
9378824,4
5529672,9
20391329,5
35583702,9
13850527,7
10748075,4
38884376,1
18139362,0
29555579,8
22609272,8
19491546,2
30925695,6
32213178,8
33312950,7
22080606,6
25560537,8
31325655,5
17870872,5
15941956,1
3890726,4
20632718,6
12177541,4
27137637,4
11448412,1
30253745,5
14778167,4
19081462,1
25096639,4
33440929,5
32614115,7
32853485,7
22750851,3
16260807,7
34828545,3
23300295,4
26648724,3
13277233,0
11158988,2
9350129,5
5871542,8
23819654,6
9756761,7
21163113,4
38998333,4
974931,9
21304272,2
22354668,0
26037390,5
37248125,9
22772619,6
21255168,7
12989576,4
5318311,3
32737627,2
16076775,7
12709945,2
35358248,6
36054382,7
30448762,3
29310116,6
5656798,3
34014483,9
16469018,7
29680362,4
6066797,6
28875429,9
26525137,8
22860909,1
4544154,7
30399622,2
38126159,6
13998693,6
18422131,0
18819954,1
28637928,9
27502455,5
17407691,9
22141648,4
35919807,3
18554719,7
38782004,1
13109274,7
12377473,7
37383812,1
19737432,2
17619703,6
23861468,7
23930274,3
23534060,7
23552809,6
23695414,8
39938083,4
21456729,5
14457596,7
8052002,1
36767717,1
13881395,8
33411053,2
26828368,7
9964118,5
18861877,0
37229398,8
32198096,4
12838114,8
22418336,6
32199241,1
12486778,1
27925251,5
32039888,7
35272572,0
32235617,7
6175237,9
4103031,8
11047034,4
13479286,5
9540311,5
9886575,9
37266035,6
40098058,9
34751942,1
4493844,8
25703711,2
4481644,4
11668031,3
24875797,0
26379420,5
37404234,0
3454437,8
32744940,3
6714723,5
28436482,7
28166439,2
14423363,7
27760421,8
2911946,1
25898086,6
17538906,0
38575332,5
19301330,8
17843298,2
39356761,8
31790284,5
37273158,9
23873240,4
24120894,7
11663452,9
464010,1
8789090,5
36694549,9
13957624,9
11469674,2
32917436,0
14028775,4
25226759,6
11630374,5
20663898,6
3022898,2
36553615,3
14383474,4
34647232,6
26461800,0
37024822,1
34505129,4
10527593,7
14670388,4
1841730,4
9762466,7
31190332,9
5483096,0
25473736,8
15184588,8
24150894,8
37424750,0
33298258,3
2255721,4
37423185,6
30757487,1
14322641,5
29449917,9
36519495,5
39369347,7
38968723,1
4850748,5
5877353,8
16043124,4
34696100,1
35729313,7
38990723,1
27364375,2
23988736,3
21456143,9
27883234,6
35140860,0
34861431,5
17290936,1
18270623,2
30156498,5
28255905,9
37341766,7
29872668,7
17317595,6
2845177,5
37578876,3
39860556,8
24351695,4
29529485,1
13892730,1
39199209,1
34527319,7
39424826,2
14335284,5
36884286,6
20422510,7
20281946,9
19676564,2
36554257,4
12129986,5
24687872,6
11570326,0
21414639,3
22109275,0
22111408,0
37038056,3
27430045,9
33511284,3
13831451,5
32759960,5
31240376,0
24186423,1
24480009,4
24274799,2
13187420,1
36933016,3
34400303,5
29290874,9
22920928,0
33259710,4
15328566,8
27438498,5
22679856,3
36568371,2
32938341,5
26789123,8
30102318,7
29333208,6
18493194,5
13966603,7
2847979,0
13807623,0
31998834,9
16063928,1
26897536,3
11345765,9
26005403,6
34242919,8
20469024,0
33960570,4
9451142,8
1083402,3
10751948,7
2067710,5
5154479,1
6000205,5
32059711,3
21389741,1
3224628,1
35017332,6
28326378,7
37755080,6
28722971,0
16216102,6
9265551,1
33070321,1
33349126,7
19076977,2
18213544,4
23442696,4
33138392,8
27627440,0
25489418,4
24986855,5
38335811,0
11677847,8
34304189,6
24533128,0
27830672,3
38338177,3
33678351,0
1726640,5
19131147,3
5300988,7
27585670,5
38937984,1
16679560,7
33692949,0
28596608,1
18632566,5
29380739,8
20914655,1
38442962,1
36165262,2
2858920,1
12179892,1
33542473,3
30006169,1
22771579,6
13379631,5
19796834,6
2365126,1
39461428,8
8210161,6
31422996,0
16049355,7
19964747,9
25852709,9
12572040,3
4121240,6
31950331,3
4109848,8
36338250,2
20241303,8
28640564,6
12233208,7
27951158,2
15590100,2
10834721,0
20689760,2
7581951,0
3373188,8
14278424,1
30383989,6
37292266,0
14503434,5
35611946,4
17709240,7
34003285,6
37418200,7
8958796,7
16490869,6
10100276,1
37346050,3
26201929,5
2150108,9
20035604,8
19820600,1
35343798,3
37954489,0
22067785,6
3391920,0
32883606,2
6168727,6
19749404,4
34571161,7
25140826,4
39785661,3
31683724,8
25440750,1
38632687,7
32507715,1
5161037,2
36608077,8
32069347,5
32814217,5
37605555,1
31619880,1
14948711,2
24689395,7
39089397,6
29577849,8
37356638,6
12996632,4
28201090,6
31237091,1
30652387,5
19412462,3
31588148,6
35921408,1
32979715,0
17527851,6
27837662,4
15526772,6
30879608,9
34316107,8
31901171,7
3617772,0
5434520,4
6328267,8
24900064,7
35052362,7
26044386,1
30270765,1
24219446,5
28122542,7
36644063,6
39210127,3
10118762,7
36110242,1
22975998,4
25027198,4
39907237,1
7369247,6
12879322,1
37189968,9
37438380,7
25063919,0
22209311,7
16426387,5
37236834,2
29690484,1
27920380,8
19037703,4
35693574,5
17718895,7
9750481,4
30989051,8
38271944,8
13503409,6
8626157,8
19101864,3
30076125,5
24023105,0
7557098,2
20551216,4
3985453,3
31208739,4
8421337,7
30210381,1
32152740,5
3175925,4
7155152,6
2099666,4
959985,4
11501950,4
35554982,7
34900461,4
8018870,6
38524483,4
28435032,0
13409386,5
26046256,7
32715836,2
7937994,8
1823493,7
18390874,0
32982012,3
5938011,0
34865006,9
20789434,2
12829525,6
36440533,0
32943227,2
27179016,4
39576673,8
31629994,8
27159883,6
30386515,4
17703956,8
31226625,5
18146149,6
31302227,8
34544047,6
24745852,1
8294842,1
35589968,8
23543452,4
29254077,6
6909495,2
38327803,7
29571621,9
3077557,1
39660005,5
14525736,1
16782639,7
13590192,4
25189017,5
32708323,4
37356728,8
19713141,0
26211814,1
22335677,6
30646152,2
6296584,5
22030696,5
17596893,0
39901135,6
27848816,8
32237794,9
8455358,7
10510124,9
35260519,5
4765629,8
34517270,4
16962430,6
32096777,0
8911735,8
16243955,3
24011431,2
5369383,5
33776657,3
34788559,1
29334550,4
25612920,8
23504803,6
23354508,1
3718251,1
17015307,8
37272995,3
27289142,8
10877249,5
24770369,8
31252939,5
12942159,3
20476362,0
4406102,4
35225561,4
17604316,8
31926460,4
15552486,7
34947935,0
26324468,7
34503795,0
32201872,7
39443814,3
5649540,8
3506498,8
4286036,2
26780347,4
25394014,8
4819300,3
35291183,4
29947654,0
37973693,3
34914142,2
27551821,2
31215837,7
8239554,6
16598777,1
6720440,8
31108312,5
7442570,9
20004307,1
35007553,1
19443431,9
28410776,1
34099351,1
18236350,4
37986834,1
31502405,8
302163,5
26588923,5
30604952,1
24410900,7
23394378,0
22841888,7
25372677,8
39835704,5
8522390,4
3001750,8
28704145,6
21901102,7
12998908,8
15467977,0
38147839,3
14876929,0
16247157,4
27534738,8
14973217,5
15959936,0
35894511,1
15598313,2
32143149,5
10782340,5
32461057,2
27302285,4
22310604,0
31618755,6
30427445,0
36534850,6
16039463,8
28166011,7
38727035,2
26780348,9
2484527,3
14122272,0
29506802,3
19824805,9
17454216,8
32378475,5
7218795,7
33249350,9
31109366,3
18902102,3
29212205,3
27723909,5
38110263,6
34823688,5
3916762,2
29523772,7
37433093,3
31883505,1
8905268,5
20074620,1
34494748,5
3187964,6
25984273,8
2283704,5
9151102,7
25041144,0
7017330,5
25973366,1
7092000,8
12052478,1
27518112,6
4387869,1
38118721,9
28595893,5
33231938,6
39354428,3
12467607,1
35377013,7
33650960,3
26547421,8
13498784,7
33744765,6
28062955,5
37757747,6
2792650,1
24298752,7
24157535,1
2189288,8
18274671,1
21364934,3
31013472,0
32211446,5
37538925,6
7531310,5
30678737,3
27024986,2
19750094,3
27839195,7
17839322,8
13807320,3
18413305,8
18915920,4
10149994,6
35645548,4
27785855,3
6315109,3
25701196,3
34737206,1
22379520,4
39609356,1
19482844,6
24049867,0
2916245,2
24494356,3
26263458,4
13514751,1
16343034,9
27655768,4
3761391,8
8859864,9
38335249,3
29214629,8
34640779,9
3484293,8
6131620,0
29246277,1
36833442,0
22206070,4
15940389,8
12254898,3
34712547,8
26478208,0
4419595,2
24619150,4
31680482,0
20367739,5
37319967,2
35349103,5
19966759,4
33747385,7
39769196,9
28955958,3
39846705,3
20275934,3
10287169,5
38681740,6
33405556,6
17844578,2
36957520,3
30339413,3
2485378,7
29504692,2
15319280,9
22581301,1
19722370,7
17103215,5
25964026,2
24263020,5
34821477,4
11190471,1
23841975,4
12676566,6
28289187,6
26005454,9
24677659,5
20283478,9
14760751,0
11748169,1
33185147,1
32235671,4
11600196,2
24109903,5
37779884,0
38464661,2
26387986,6
8146785,1
27761466,6
36523313,6
14231068,5
35813212,4
12970896,4
38854276,3
30644427,7
29687436,6
4771412,1
13318206,0
40099281,1
22146370,3
25144789,2
20602077,9
28006100,8
28755771,7
27437598,6
39312470,6
35685503,4
10267620,8
32190404,4
18038167,8
26103821,6
39040174,0
31958477,5
28158403,6
1042751,6
38288881,5
34242392,0
12666990,2
26529379,8
14469145,9
37343952,1
35164801,3
36194091,8
23226947,9
18948788,2
11069704,0
20966608,7
40003839,7
5266978,8
39834321,3
27459302,1
32710729,5
30782551,9
5846807,4
27116740,8
12738919,2
9388993,9
11473930,0
34827363,4
30963292,1
27442298,5
10103296,8
21140038,4
23864242,4
39539606,8
2280961,8
32953280,2
36144718,1
33141595,6
32424555,6
23566946,7
26522320,4
16154623,6
30989043,0
39491327,3
20909563,9
14692753,8
15408275,8
1728266,0
12797658,3
32910093,4
31419666,9
21801387,7
38621672,4
15784357,5
36040996,8
36145275,6
27264026,8
24130044,3
19663037,9
4940791,0
39971822,1
28357779,5
12779053,1
38109221,5
16619882,9
33923032,9
30373912,3
39602579,5
33168284,1
8542725,7
35593238,5
8506239,7
28247778,6
36636416,4
31207528,4
37759458,4
24971830,2
34990016,8
19758322,1
21766905,9
5383830,1
31687379,1
33787173,9
38578685,1
497765,9
4214261,6
21782655,6
24514571,1
20042478,3
34084151,3
37757839,0
1951012,8
27277623,7
3634420,6
8633365,1
16322862,6
37984214,9
36599584,4
29539245,3
24166569,6
31058993,8
33451965,7
28271655,2
39957629,4
18772706,9
11463527,9
26629789,9
18833731,1
23627331,7
23606561,7
37871418,1
24235836,1
39755553,7
36734595,7
29529852,5
39088415,6
10523242,8
24764779,9
37953055,8
35340470,5
20691097,5
4121003,6
14847243,2
14115254,6
7850908,1
39668776,4
35669130,6
37084709,1
15153497,7
10546330,5
20982069,0
17128105,2
24595617,1
39021114,2
3225894,0
30905636,4
36135220,5
4741223,6
2262351,1
27857842,9
22097185,3
11343188,4
19545064,9
37911147,9
3301139,5
2242909,5
8927624,4
23589314,4
37736744,2
24850991,4
40074315,4
18132963,2
2904542,6
18838118,5
15801524,6
30385570,5
35440549,8
28998193,9
5953297,3
28799449,0
22349767,8
33506328,2
21322474,1
12804977,8
29214580,4
26848198,6
5761208,5
34063345,3
36043542,5
27571494,2
11541123,6
20778398,1
32955115,9
12255031,7
3155441,9
23709154,2
32158990,9
2869251,8
33006721,3
16161727,5
18097479,0
24720194,7
25259947,3
20960667,5
28183305,1
17643674,8
29375661,7
19849651,7
15081981,8
20911147,2
28969485,0
22921617,5
17923619,1
24924909,6
35077535,6
18080556,4
19311933,1
21324828,4
27299542,1
22875270,1
11762197,4
36591107,1
215132,2
6933535,1
37780246,2
35391458,2
11267853,0
35723759,9
40048298,9
29708990,6
31281202,6
28754971,0
37677148,4
25614165,9
15797670,7
31206079,2
3731278,6
8205789,5
27508442,6
37180112,1
17283906,0
16762709,6
20405887,7
31126596,4
25565919,5
39726455,0
39478117,2
23422449,5
23319936,6
36051581,0
19915697,8
22968915,1
6680676,4
28646167,1
17515430,7
17312176,0
29597758,2
37528925,7
35408919,4
20183423,1
23456629,0
19591301,4
20518782,5
17773782,0
26005781,0
11683761,0
19260253,1
18792933,8
36814983,9
17776417,3
6671620,4
10513076,2
17677203,7
22966655,8
12830512,9
20569675,8
16959051,9
36024163,9
38790548,6
24495695,9
39252085,2
14897833,6
2351008,8
27261512,2
31792671,9
8461230,9
29667990,3
8709975,8
37445896,2
39509491,4
16341661,7
30257062,7
434641,6
27545182,1
12165200,9
8187461,8
32743427,3
6194736,8
29855646,9
10214105,1
28863676,9
31637263,5
3505479,6
37761161,0
11557413,4
17858891,2
32945426,2
31220768,1
34816130,2
3284289,4
18607392,3
38987557,0
6954108,8
3871209,0
30565945,0
27887825,3
28304802,5
25404688,6
35543821,5
40108890,4
31468051,4
23576603,9
34912054,1
35588158,6
15477314,7
38839590,2
27916710,9
21742740,5
17749799,1
38839402,7
27800443,1
4594895,0
25344576,3
30709539,3
36413949,3
30538062,3
19150818,9
18444819,1
6465549,8
19082614,9
35545624,5
11202713,0
27444493,2
34238455,2
37697942,1
36879701,0
39890659,1
36758097,7
1362997,8
32364352,4
36983733,8
7268886,4
39561622,6
4362402,8
35959542,9
29987799,7
32090776,3
16872857,2
11128686,3
34209906,6
19729531,5
39239916,1
11531741,8
31324305,5
33464064,5
10011484,1
26215286,1
14922722,6
28221985,6
4081724,4
26534002,5
30533636,3
38784970,6
27429615,1
21235816,5
18028824,1
7403966,8
5773216,3
33907127,3
27886783,1
26276632,4
33271442,6
35944522,9
19918169,4
19167181,9
7832248,9
20506116,4
37756963,6
28861063,0
23676543,7
1148709,0
38831874,9
19495919,4
31009284,0
31775468,2
22077328,6
28275352,3
27320092,0
37618263,5
29415537,1
31936573,3
2627715,0
17378480,6
17301887,3
29726919,9
697594,4
9130370,3
1647112,9
23387891,9
21100368,7
3326514,5
21806814,0
28089861,7
29312763,2
33379171,8
27376572,3
20694420,9
36408096,7
38059812,6
35885981,5
39959713,3
11773755,8
35724250,1
37498562,8
26065027,6
31361377,3
9862655,0
20801229,4
31767593,5
20486032,0
29817518,8
40024952,2
15951488,3
37124944,1
32225209,6
30395720,2
19945270,7
34906380,6
25251913,6
23185486,5
30189013,7
22138673,9
15025695,3
24420910,1
13807860,8
23235964,3
36627895,4
36051263,1
19559191,6
30945113,1
5784870,9
27556628,7
37184776,6
27076503,7
36658202,1
26070340,6
5919452,7
37977885,2
25284060,6
36340395,4
24923806,7
3182760,8
27262353,7
4324049,1
31458426,6
30894353,3
13696208,7
28609758,6
24707349,0
28989262,7
38978084,8
25858046,3
33726819,2
5342504,4
36377501,3
29528597,8
10067415,5
34928725,6
14389513,6
35027685,8
35913975,1
19294898,4
34439940,3
33669281,8
961263,8
5616570,5
7112657,2
2950275,8
19214785,7
497704,4
21883116,8
31536071,0
25113281,5
37293307,3
20103304,0
24191466,9
32154849,1
32939452,7
3835548,0
11626793,7
30188440,7
27670416,5
20570647,4
2007195,4
19841900,7
26995818,0
8859994,7
39229207,4
23151393,1
7115392,0
6982578,1
38546693,4
1714027,7
28571614,8
38303812,4
17807808,9
3519565,9
26494397,7
12613888,9
25949775,1
24481790,1
34980768,2
9341880,5
32538245,4
38445975,3
29605642,3
26768773,2
33852659,9
19709893,7
919104,4
35726066,6
28982305,7
15079186,3
31751210,3
34122809,5
28297973,1
25065616,4
29739253,5
37573805,6
23808327,3
38354580,1
38278157,3
30311997,0
26030515,7
16716813,8
33360370,4
15159027,0
25185638,6
9290018,1
32115900,3
23800442,0
25872711,6
24661925,4
31098412,5
36723393,1
37370745,7
39725880,1
32202957,2
24705101,1
30554047,9
11443884,6
15215644,5
33787662,5
31712145,9
36325053,0
38862349,7
16676780,2
32071339,9
11912580,9
27244736,4
1585181,0
24021831,4
10670621,1
35848046,7
14570318,2
25689111,4
8654634,1
3915315,8
33086536,7
33004159,2
39107647,0
33209743,9
25253728,4
3990344,8
20820830,5
39796484,6
2963302,1
39396929,1
4382875,4
39669082,5
39726124,8
38792944,4
35867650,0
34065566,1
2315151,0
29114189,6
30745001,6
26596101,6
4105376,9
34790835,6
6985783,7
33116546,9
17705736,1
39736249,6
39102563,9
17379479,3
27730044,7
4150443,6
18992373,6
8898131,7
5960249,7
1419065,8
27488573,1
19041486,3
30191881,4
31929202,3
24748925,4
33588745,5
34181387,0
26772053,1
37600213,3
34659063,6
65076,1
18949768,1
6219446,8
9645087,9
12208989,0
10237717,8
12620570,1
28992662,5
11538483,8
3384576,1
36991185,8
24455581,4
7453553,4
37007318,1
31371559,0
5980042,8
20062470,6
30950474,4
29754562,9
17661136,6
24985356,4
977491,6
16650426,3
33792332,9
9927699,0
15964056,6
27834477,1
34365760,4
26750855,7
33074967,4
11405673,3
15283478,9
5378616,9
6431495,1
34133309,6
36799362,0
39748867,3
32254464,6
25406691,6
34160529,8
13942686,4
32072881,5
13555174,9
39686410,0
33022444,0
5632351,4
15728613,7
32626982,6
2369492,3
29647068,9
28008622,0
31879751,1
16701416,2
35780960,5
16189728,7
23603419,5
16610311,5
8106900,8
28653011,5
5031196,8
33986145,5
18926732,5
8304203,2
19569556,8
29683082,5
23837498,4
9420886,4
26943638,3
29280210,5
29469459,1
25724788,4
21156519,8
40106794,4
33541956,0
27271227,0
21266199,9
18664226,4
2076260,5
30713062,3
19316074,6
5839286,1
13409460,4
18342087,4
3958750,6
22953025,6
35146415,3
39022897,9
10278608,9
34264828,2
11399335,4
24425864,8
33017872,5
9354087,8
14174241,3
38842022,7
799767,0
18227946,6
31397595,1
39912648,4
16822996,9
33786851,4
31330324,4
33440615,1
25191505,5
14946705,8
9200252,3
32304371,7
17043317,2
24984349,8
27618733,5
22801985,5
36700879,8
33437134,5
11286506,8
1879914,6
37044652,6
26896941,8
2752809,4
39040554,6
18403885,7
38225615,7
16782976,1
14227419,6
37559255,7
36988764,6
38695103,9
31833355,1
16140684,8
23924832,8
21268941,7
10566685,0
33039751,6
2365774,5
36048769,1
30150626,5
37818218,3
16310668,1
15366886,8
34060332,3
22138596,1
23684381,0
34770389,9
21516883,1
24357730,1
13847687,6
36561417,3
11868964,9
8268551,3
13432995,6
27435394,5
18794873,8
38330841,4
243865,9
12584135,3
32205982,3
33929195,4
28163137,8
22570602,5
39146957,8
35962263,6
30258804,4
3918306,8
8143682,9
13424700,5
36554456,3
35895383,3
22122511,3
21312584,0
31544762,0
14875450,3
28429501,0
28708752,6
3730925,1
36713215,8
23185148,6
30482350,3
4083440,4
26549118,6
33614967,5
31444232,5
38116494,0
7280033,6
33718724,7
21739815,7
22614244,2
38334293,6
5397985,5
39201783,3
17341129,6
17854468,6
35269201,2
15798765,5
304216,6
29622305,1
7225906,9
36818291,4
5236855,0
23183298,6
30663433,1
6680413,6
34386667,5
35915075,6
34905616,8
32185089,1
2892746,0
12249150,0
11811060,6
26843598,0
31560065,6
18632703,7
25046307,6
33699529,6
24951563,7
4012841,3
38453545,3
16446357,3
11732805,1
37017377,2
31684032,5
12758430,8
29325967,7
21196441,4
2557179,0
34136717,6
14794234,7
8586216,3
10509527,7
27230705,9
38264887,3
37199342,4
15783991,9
36188632,1
12746149,4
113007,0
24236852,1
8563464,8
14442951,5
31497645,7
38774805,3
29033280,1
35303596,5
7456638,8
34814606,3
30453243,1
15676333,6
30752535,5
25847411,0
39813838,1
22276750,5
21667547,6
10694204,2
14306122,5
2593496,9
34858888,9
27649503,3
28639239,0
39804399,1
26058595,0
31062448,5
37960880,4
39842674,8
35596551,6
26149844,0
33934702,5
8271139,1
11323334,1
15556930,3
3292488,6
36632776,3
26178626,1
19988465,8
34134163,1
19770628,9
25606118,5
28300910,4
16901279,3
39778606,9
21880348,1
13286855,0
37895568,9
4955452,6
20402109,9
20267264,1
19460527,5
14080790,1
4615762,8
23619989,2
33306572,2
36469715,4
11274297,1
28139948,8
29933565,4
31375656,3
33132925,4
38918342,9
2865538,8
15915570,5
31465489,5
26256787,1
31482286,9
1497038,4
1031851,9
35358223,2
8275573,0
38187286,9
34754900,2
30934591,1
25745729,9
26824576,3
19410585,1
29689220,8
2363602,8
27824979,3
1716117,0
33622099,5
20184765,9
14423794,8
33400367,3
26203698,7
38816915,4
39053286,7
31929854,4
33312046,7
6397463,4
22107524,7
29024136,0
21800753,5
32384782,6
36071578,6
9320463,0
10167463,2
1440323,0
12566065,0
22899109,3
22966531,1
5964645,7
22732384,4
24542123,7
6215311,0
21136591,4
27736588,0
19765214,5
22770640,1
34709457,6
38776350,9
34884432,1
9361786,8
29314424,9
10253450,4
18003178,5
16905645,1
25462467,4
1111317,6
5399853,5
30762378,0
39666459,4
7175376,4
13219546,9
17278597,0
18996444,7
22177950,4
39148579,0
20601480,7
18755043,8
31832319,4
35066809,4
34104452,9
21645318,7
23640272,1
16781444,8
10757063,5
11931530,1
36036605,8
21921812,5
31211521,7
32920532,5
10875937,2
32049437,4
3523174,0
13513627,0
34212390,1
10540929,3
30952385,9
26482397,7
34846651,9
13167907,1
37236666,3
16802902,7
37369727,0
6971819,9
31445048,4
13608636,3
33337926,7
32981567,4
36852532,5
22697210,0
32958393,7
21642959,7
32553356,6
38369629,3
34339218,7
906509,1
4812555,6
31210786,9
10260350,3
32970684,4
26269366,0
7288686,8
12652905,6
6220274,1
36599346,9
8745130,7
18196251,1
7855534,8
32813386,7
32410981,7
25107031,7
33614932,4
35947363,4
30696978,3
35973615,7
37863967,3
28517258,1
6675556,6
36965951,7
20720287,4
24757551,1
17185238,8
32469591,9
14321515,5
30760451,4
11302648,2
26921020,4
37515461,3
15870647,2
22925285,9
35835966,5
17636160,5
13658447,7
30317740,7
2507726,6
24918930,8
39689099,7
4710094,7
24493563,0
29708456,8
25647871,7
25360450,1
20454118,8
16185400,9
11539632,8
24963054,0
3109951,8
7299344,4
3589214,9
14824822,3
11597345,1
12448592,9
38911202,5
33939486,3
26661420,1
38620892,7
22788135,5
33200590,7
39842332,8
38810448,4
17960311,2
33330276,0
26114518,0
32360641,9
24592132,2
37309031,1
39285004,7
36004227,5
3493061,9
39059631,9
38895282,1
39643601,9
34994814,6
20804629,6
20454066,3
17092138,9
37049021,5
21326245,7
9359234,3
22824829,3
35691265,6
30541311,7
33427357,4
13492764,7
6769068,7
21814379,5
43315,1
35167805,3
39065074,2
31577488,8
26637692,1
28250315,2
20720327,9
39548189,7
25046076,3
26283045,3
33764488,1
26479090,4
33875497,5
15374261,9
1733004,7
1516795,5
26290431,7
16453067,8
34506575,4
16833449,2
5575335,9
21782642,3
24050168,1
29227383,5
36144060,5
6281744,2
27248226,2
9162030,9
35169828,0
6273634,8
16503394,5
21750126,2
36496860,0
32132540,8
23857386,5
36733181,6
13205133,0
6655991,4
28184919,8
13282143,4
15519615,7
15786685,9
37545479,6
39059225,4
25122152,6
35684275,1
33191513,4
39671392,2
29236584,4
17527785,4
19530017,7
26466328,4
22384473,5
8898352,1
30535230,1
19717236,4
33851179,8
37141213,8
31812703,6
29199766,6
16542846,7
27473156,4
39169563,8
38071986,8
21857523,4
25597837,7
35118386,0
26312400,1
31868996,7
34217288,1
28398105,5
27228704,6
24923226,0
21685019,3
3048902,4
16387509,1
23113840,0
37767026,3
31578300,8
13608416,3
33462154,2
39031168,6
25928806,9
32305345,5
35527313,6
24574385,0
13917041,6
14250664,5
16404230,1
10060174,8
6198009,1
8190750,7
32929927,9
14531332,3
9517536,5
39897553,0
32229882,3
28516980,5
2393238,9
20132822,6
28144052,1
35709901,1
16827622,6
34494209,5
6632197,4
31653179,2
6083090,7
22108576,0
19116880,4
3376666,9
39501774,8
34641019,1
8844771,3
35214490,7
5466971,6
29884168,9
36044604,8
26725227,4
35332251,1
32528940,4
34440211,9
8977679,0
13628710,3
9839735,9
3384094,4
13333212,7
23171959,2
2490335,4
13651952,5
32886927,4
6988779,8
22902640,2
30315217,8
2992458,0
9407771,4
27191621,1
36322133,3
13975845,8
20128592,8
26450021,6
7372316,3
9853227,6
22609760,0
11908017,8
30810028,4
22992073,0
28798788,2
4020027,0
28462413,0
27436584,7
19185764,6
34396151,2
13977970,8
31349924,1
27866164,1
16520441,5
40090710,9
11974442,0
17665330,1
14735777,4
32808383,6
29127126,1
4547096,0
22533368,4
30656857,7
39146371,1
37229649,2
9186138,1
37557880,1
24801359,2
4414082,0
24878083,8
1412169,4
17749629,9
15100566,5
18924417,8
29612228,4
19485445,9
12072181,4
15302569,8
10668585,5
33907328,5
39898887,9
2527173,5
14322078,5
28325622,6
29588645,2
38818400,8
35654493,0
34868885,7
31566219,4
10772503,4
30267236,0
30781432,7
29576655,4
11282924,8
35527720,7
39383914,0
19605652,3
16457159,2
21164262,1
31549024,8
27622834,6
28670800,3
9656390,4
34932354,0
31553534,0
12803566,6
35611901,7
4232433,9
15837810,3
10902340,5
15791330,5
12939975,1
37906775,1
27189980,3
33571976,4
35517702,3
35609196,1
17975165,8
7548328,4
22130697,5
26576778,7
28100042,4
23295811,4
26088745,5
7679970,4
4411370,6
28256067,6
22014672,5
39172450,8
26482791,1
39106666,7
29711547,5
12725024,1
39234553,3
20180297,0
29286038,8
22793116,5
15688744,6
4756155,2
32894611,6
10792008,4
30430014,5
12693278,8
14330705,3
19748971,0
33314082,6
12887398,9
12131739,0
36212811,9
31522887,4
13650623,8
3969777,8
37532410,3
4279560,8
38987582,0
38936854,9
11545577,1
26626360,5
39457468,3
2916955,7
354124,8
34916552,0
17466847,0
8127524,6
27712919,5
19613239,1
4672300,4
9959653,7
24673436,5
19626561,9
19721334,8
14949817,5
21377305,2
5174328,6
18972044,7
35975220,5
33827279,8
9773350,4
23193633,5
17985197,9
34142373,4
15386414,3
37372739,4
24149741,0
27397990,4
7084194,0
30765738,5
9779946,7
38703468,5
30271118,1
12595394,4
21823855,6
11039063,8
38123049,6
39333854,6
16517043,5
28512271,3
31074223,4
36825740,4
27372639,1
35143956,6
29897712,0
8790038,1
7165381,0
37406445,7
38330416,6
38468364,3
34702300,1
22670505,3
5141559,6
39554637,2
14290645,7
25277807,1
38122696,4
26326421,6
26609475,1
33880999,0
20613315,5
18418838,4
6422148,0
36659453,1
23601664,1
2251505,4
31980648,4
6558765,2
3354313,9
9528421,9
13083765,9
37020897,4
34268705,3
21714703,2
32426522,6
13155633,1
6912241,6
11148471,4
32976987,3
39993739,6
7098435,7
15888161,5
28976912,8
3481863,8
36452127,4
28486709,2
14894456,4
31348737,3
32705353,6
32301522,8
29496025,5
29595429,5
19262197,9
11888155,0
26803882,9
11926620,7
25706532,9
10026207,6
5911439,3
4090997,8
37989569,5
27550458,8
22023977,3
4693740,4
38671718,3
31171665,4
3559477,6
35614041,7
14419402,8
34725169,1
37467146,6
16780109,2
35485126,5
30937042,0
27594837,5
9132205,2
10417000,1
19010740,1
905403,4
16092012,0
28446422,7
1559709,2
12321915,0
19508393,4
29735743,2
34608916,3
8325142,4
23647020,6
14325022,3
22556895,5
29055213,6
38125475,4
33130635,0
11614965,1
37249091,1
14085317,8
7648878,9
35836382,0
39228928,4
21862777,3
31169309,6
19867476,7
17972552,5
39981846,4
4179804,1
21315663,0
5355120,0
641985,6
3745221,8
38671630,1
10713142,5
25619807,1
25214505,2
24726452,3
5662549,4
2635964,9
27760888,9
26463020,6
24473063,7
32540200,6
20396497,3
11544800,2
24506502,1
3690715,5
1583595,5
32727096,9
32126091,7
8942575,4
6581190,8
34167056,6
35120528,2
7961290,5
14591435,9
4783257,8
37275033,1
14722933,8
24664250,6
12783492,1
24151591,9
34608649,2
31040076,4
12097761,8
35848787,8
15034594,9
179287,6
9800895,8
249388,1
22457988,8
7079224,4
30705089,6
11801549,7
14903791,7
35051573,7
2864451,6
17770727,6
9858860,9
11605832,5
26349302,7
27261996,1
23565062,3
39901240,8
10261045,2
25977022,7
14314343,6
35399897,4
35817605,4
36241635,3
19544995,6
30416948,8
3160551,8
27520135,3
27321536,9
37456421,9
29887174,6
32236559,1
29722704,9
38617546,7
12355190,6
15406926,5
33925999,4
20351997,6
33097709,8
9231444,9
7971618,9
20974727,6
31027905,6
29554266,1
21803468,9
36508811,5
27662707,8
13078183,3
34487117,1
1966715,8
5126021,4
17920102,6
35063331,3
8933716,4
39006733,2
34385606,1
32144383,0
8082803,3
7001917,0
21839468,3
36045006,5
27971782,3
36220869,5
24133613,1
37055549,6
32575992,0
34030609,5
29767310,8
23839982,2
2155042,2
23979071,6
10865212,4
37820146,1
24947003,2
27681108,6
23426483,0
36921501,7
32318643,2
30867037,7
36806922,5
17709686,9
9847253,9
33288344,1
35096711,4
28467158,7
29829422,3
39018055,7
14909110,4
31619005,1
33816586,6
22082025,0
36061649,0
12059792,2
36365467,5
13567833,9
20691976,9
39098761,7
22186968,5
36797112,0
36362624,3
36773492,4
23531411,7
25663939,6
14361136,3
22970854,6
14724304,6
13245470,7
10739978,3
32483772,3
23299583,3
40011877,3
35484238,8
24083935,9
27845489,6
30866980,3
13856644,8
15238101,9
35724916,8
30356619,3
16825850,7
30045086,9
31816411,9
2213325,8
25253817,5
20223962,9
39906830,8
17814314,3
9210976,8
39363200,5
11186853,4
32989483,3
19821137,3
12492536,4
33658384,7
27254078,4
38285881,8
20395463,4
39213597,6
34167176,6
2095848,0
27473539,5
14390624,8
25073575,9
30371147,4
19182001,5
33837290,8
24275542,3
7417128,7
8230638,3
39084687,6
26368194,6
36808611,2
29604198,5
27726270,5
15753632,1
126787,0
15499397,4
32824368,3
8895925,1
28646293,7
28166623,4
40062388,2
29483604,7
31753520,4
34592040,8
27952819,3
20078700,3
31173379,9
5737728,8
25797213,9
28397949,7
27436748,9
11492864,5
31656198,6
24139304,4
8283359,0
38935623,1
28887383,8
14974222,6
11869383,5
24309121,8
36851140,2
19727066,7
16775694,6
22675968,1
33682284,9
30902317,9
31211345,9
37119448,4
20487045,2
26412193,6
39320437,5
24147099,4
38095478,1
24180766,2
9539477,1
31902356,6
25956746,9
5188792,6
19722580,1
22031653,8
35882408,7
20394751,0
39577484,8
30036941,7
26926742,7
9517388,4
17469461,5
13479513,9
31328807,3
34078201,6
5742828,6
35732465,7
40009500,0
22838527,0
14897756,0
37436362,5
1968343,5
25773551,1
1393849,9
10988199,5
20193606,8
15862367,7
30546334,4
5069606,4
35761306,7
17428657,8
22869156,9
4241871,5
7323782,9
27276508,9
3747679,1
13935929,0
34895668,2
1739913,7
5707495,2
18864810,3
2028207,1
25024919,0
28107084,1
24407834,0
2350249,0
27971159,1
23293612,9
20719852,8
16960070,9
35930398,4
23372291,7
24235241,1
12703842,6
38558221,3
18007862,6
35181118,5
11450158,4
38629338,4
11895065,4
29457904,1
28206120,3
36647736,6
22862628,3
22794533,9
39478510,5
34652915,1
39962416,3
32899621,8
5342698,5
29824217,7
7529287,6
2414917,6
15630710,5
35420427,1
28149853,5
30081982,4
38083670,2
19768957,8
20389291,3
14825899,9
39383122,0
4031288,8
39822733,2
35211704,6
27657879,2
14712004,6
18708095,7
39035233,1
3979962,6
15511400,7
19224527,7
20197045,2
26766587,7
37528183,5
29242055,3
36013063,3
6575599,2
23663343,1
21935641,1
12656611,5
7888900,5
16003682,7
28975275,3
1970185,4
9034624,5
33966973,9
36523574,1
33018873,3
31143376,1
32622238,5
20252939,7
35343440,0
5329510,7
17074330,8
19649370,5
12627118,8
15677296,6
14241729,8
12987206,1
6580635,5
17760166,7
22332674,7
32965667,8
34853386,3
28978838,6
12034915,1
22443378,9
2090564,7
29980209,5
17657103,1
21140630,3
2191581,6
36765122,3
30910844,2
10645189,7
34647434,9
26451667,6
39749807,3
23069908,0
37600041,9
37287980,7
38459380,0
23039705,8
39703021,4
9882479,8
38108887,1
22750555,8
35000636,9
16708376,9
38498960,6
34001838,5
31077906,3
37541311,5
5621166,5
14536384,3
32678280,5
12650429,0
35942242,1
28428882,8
628903,8
36805833,3
11770793,6
34390498,2
19377437,4
29959940,4
39294036,8
32093597,0
4226105,5
14765351,4
1561831,4
37564503,8
36614795,2
1924043,6
1024411,8
33350634,7
25508080,6
20524673,4
30942126,6
8918026,4
16192346,1
33143511,1
37229106,6
37570768,5
15269184,2
6402311,8
18608001,1
25612539,4
31145209,0
34007760,7
36841157,0
13257748,1
28777578,7
34056194,7
22065495,0
29049865,2
25832205,7
30990389,9
18272572,6
35150338,2
35923911,3
22128769,2
26180523,6
28955229,1
29157643,3
72393,4
32073427,6
14816081,5
38194649,2
11387424,5
31080295,8
23174512,8
23574940,4
10279055,8
3239307,9
18412858,3
27557461,1
24967469,4
21190179,1
26036983,5
20167183,4
20037607,3
19079560,5
18809524,6
30649847,0
12022082,2
8770481,1
24965540,5
30964330,0
23410458,1
18360607,1
38366140,9
31075829,9
34710277,8
28224554,8
12656219,7
30954123,0
2199413,4
37795060,9
9440866,9
3592436,0
3165200,0
27132312,2
28743647,7
37638046,0
40050999,0
18327010,3
20304453,5
5925385,6
30267686,2
29932251,7
10199226,8
3374365,1
19991772,6
10613315,4
8204373,4
36377550,3
24214636,8
15352108,0
39133505,6
39130679,9
28521383,0
32918534,8
7970070,6
34205853,9
28868944,4
33543475,4
7799650,8
30071618,6
20968257,0
36734463,9
32262496,7
19525996,7
22486738,7
39059337,4
28086895,1
20414256,6
32789062,1
5063699,6
32016991,8
4960166,1
27054550,5
12763711,6
7477162,0
6754487,6
27839157,4
17529670,6
37800958,3
32696774,2
35088343,9
16608119,6
20751989,3
20262673,9
14145008,4
32604887,8
2694442,9
18859705,6
5426908,9
14645466,8
26998204,3
18858348,2
25690943,4
1661210,0
34509830,1
3711184,8
33946384,3
8291778,9
30291625,9
27450854,2
5176968,9
17537563,0
6775521,6
25412954,3
28813309,7
34364891,5
33294625,7
33582315,0
11605009,9
38308071,8
31105606,4
16113500,8
38145532,6
27997887,5
9658459,3
8934156,3
3597610,3
25590456,4
17283194,8
15135323,9
21587916,7
13055718,0
29325734,9
21384887,5
5509902,7
9465047,2
15980461,4
21433070,9
40044040,0
39809487,0
28043820,0
12037818,0
29134954,4
31452968,1
17817034,4
35989644,7
11353934,1
35863822,6
24243597,6
37083836,0
21894815,4
37449475,1
3575165,8
26488444,4
27733707,4
23817491,6
32341368,0
21097355,6
5244485,8
8661783,9
19462148,6
4664438,0
32820466,9
15050474,0
37854256,6
19280325,0
37215551,5
4830368,2
15422858,8
37906757,4
10908877,6
35784926,5
27757279,1
19010990,9
3887381,7
4986906,9
31910741,3
17115271,7
26314316,0
6047243,9
24621860,2
26232864,5
36122176,2
20718469,5
21383960,4
23262455,0
11020636,8
32444889,4
8479736,4
19505454,3
38672963,7
32753449,3
29332501,2
34145893,6
22178520,9
2351694,8
15368582,1
36182950,7
37626866,7
21948149,7
35816195,0
32698099,7
13521655,5
30510715,1
3500799,8
23878445,2
18009266,5
26018362,1
16266651,6
6024003,1
23707530,1
2431276,5
25152882,7
24104406,5
39216942,5
10555587,5
39187519,3
13500897,7
36011333,5
36113242,2
38522513,6
23456641,7
37391575,8
25879794,3
14254386,1
27552026,4
39282464,6
23695305,1
17187281,4
22496015,5
19470099,2
20456189,9
31975921,6
21790304,8
32854733,7
38008453,4
23502867,0
25340108,7
10502492,2
39311702,4
36159202,1
7050888,8
6351028,4
31156211,4
10618955,5
37841222,0
11636079,6
23599480,4
28877613,8
36205245,2
32451506,4
33922929,2
16888409,6
12827969,1
5158766,3
29680083,8
7518376,2
8158647,3
638048,9
37737480,9
22585880,4
4436401,8
32991392,6
2199552,6
6587858,8
20082060,1
28051536,1
19412912,2
18135259,6
14810060,5
13280017,7
10960477,6
23089943,5
34889668,7
15449371,4
36748829,0
1544948,7
28315997,7
35072533,2
7456050,5
7319076,1
16422171,0
2587530,6
38432799,1
1398606,5
33973476,0
29056092,8
19352888,7
14969969,5
38293639,1
32434112,9
8885227,0
37747518,3
17732695,6
7391871,3
39673658,4
37323621,8
31093989,3
34615743,4
12652695,4
29987461,3
29597667,4
13127962,4
13887537,7
3826236,7
12143097,9
38788319,4
39508633,4
33811662,7
3238673,8
20361444,1
4719836,1
36515344,8
19712840,8
15959411,3
2643953,1
33778099,8
13947939,5
37958897,6
19975307,2
32292848,1
24218103,3
14439477,0
34032166,2
34167537,3
33963288,1
25493591,6
9814632,1
27043599,8
14368205,8
12163158,3
30238070,1
36270821,6
29359875,2
35831241,6
14986693,3
17749090,7
8085422,5
35796965,9
30765606,0
19405754,5
23322674,8
15335052,6
23762674,7
26460619,7
20524567,9
38465891,4
25177500,5
26943894,5
16683549,7
13767359,5
5783417,6
13771674,8
5446372,8
34597102,1
25583869,0
30419756,1
35240557,7
31179171,3
25490416,5
21408407,1
38743262,1
30065323,8
20207328,0
27815829,4
33902095,7
20861546,1
38056305,9
11155367,8
33189458,1
6497882,5
12157283,4
31237651,1
29708135,1
40012445,1
14852948,4
4832868,4
25250684,4
8119308,6
12842717,3
19407325,7
10888969,2
32411915,9
9557004,7
36515900,6
24718439,1
36310558,5
15597738,1
28805501,7
34955796,3
9150473,1
5338228,8
2295461,8
24683429,7
3479982,8
37640912,4
11020257,7
27047367,1
1629611,6
6321863,1
25338817,9
36026740,8
27532746,0
27899922,5
20750051,9
17008731,9
38964323,2
36021430,7
18972699,6
31797432,9
17154417,3
33690119,7
11369842,5
6210024,8
28336157,8
39624170,7
11583043,2
4440231,0
34637145,9
15383666,1
16425910,3
39965711,1
33977121,0
10035446,3
29842702,6
35148708,0
24629130,6
25040177,7
38775464,8
21861662,0
6189398,0
27301853,5
27355478,5
1116725,3
4940282,4
26911973,3
18791754,3
16982453,9
24326772,9
7434095,9
35658841,5
23838056,3
33631577,3
35276916,5
37590955,1
37053186,6
33474853,8
37616990,5
24652995,5
30178808,9
23992679,1
7309256,6
31641894,7
34106425,0
21030187,1
16556481,7
20538318,4
34688235,6
10061093,0
13654168,7
11882691,8
17406201,3
20035132,2
14589234,4
30856656,8
27937915,7
30499545,2
15213926,5
39577365,4
26721353,9
11300979,4
7923548,0
25733471,2
7321241,5
39513353,3
3349048,0
5442825,5
33837277,0
7062094,0
16989961,5
38208555,3
25319970,3
39894476,1
22196711,8
826493,8
37986329,5
32057007,3
15070063,1
38246928,1
35459065,8
37858998,1
13798132,1
12565500,6
27426764,8
27901254,4
20287019,0
632958,6
5601909,7
11845569,8
5388576,2
38538608,3
27664571,0
33992360,1
12268029,0
12943081,0
35310343,6
19509059,0
34408734,1
36047722,5
28045487,1
21027042,6
38620124,6
38447503,5
29633134,7
7141414,0
20365585,7
3611139,6
25498035,1
6387819,3
37651525,4
27607108,0
31594090,0
14483227,5
34224896,8
16048238,7
38515921,5
4219868,0
970545,4
34613953,7
18413963,2
17605897,5
36004553,6
24604507,0
20254401,1
36894675,0
25263934,4
17354955,2
29679743,9
23807156,8
7987196,5
17499369,5
13510193,1
22897534,8
31833460,0
34179604,8
33789989,9
24861673,6
35289476,9
15719481,4
32457971,6
5056475,4
20348801,1
1393075,7
37792901,9
25566799,1
11314940,6
30030043,7
33844777,3
22580781,7
28750063,9
4084385,8
12806501,8
19888588,7
35927236,9
6494102,6
29441243,9
34323265,5
3534508,1
30928431,8
12815874,8
23407618,9
24379275,1
33015816,6
29978740,3
31103817,5
6141154,7
36393253,9
35752495,5
32568784,7
35924565,8
34425876,6
39225244,7
15435483,7
8299303,3
17887594,7
7628187,5
17356617,5
11385829,5
38723788,1
33283249,6
36776318,4
21984674,1
33641901,7
31597474,3
27685562,8
32300716,1
9036013,8
20756935,8
36795675,3
13798536,6
27159332,4
11742638,4
8640809,8
13887458,6
39476633,4
17537041,6
26924110,9
8599937,6
28315005,7
14794303,0
38554972,0
5099012,5
39985143,0
30456958,4
35820780,0
14627334,0
37590475,3
15703520,7
33905944,9
21585807,3
38114956,6
33607241,8
18092380,4
21551718,5
22593037,9
12326504,4
35226797,3
24943742,0
6142475,4
21240653,1
9421345,5
32875080,0
11604983,7
33879523,6
10712886,6
30236643,3
1573671,6
9233461,0
26315179,1
20319554,7
17223964,8
28997078,8
30650763,2
7155930,6
30315273,5
39220215,7
9417163,0
17779540,2
36235391,9
33449890,5
2859667,3
7633274,9
11000742,4
39543876,2
20996892,7
33380554,0
25100113,9
33282658,1
35780264,7
13915122,7
30274866,3
28067574,3
27000466,7
13814569,2
12941091,6
15315536,0
24313513,1
18070843,1
38576969,3
1450957,8
26320638,6
31569549,9
28732523,9
10279850,4
31684163,4
38218274,1
27447363,5
6559656,1
16350367,8
35441590,5
16758617,7
37008252,9
36517311,3
20069146,3
33810776,6
32000147,5
18515926,1
12921788,6
20785802,5
40040564,4
25545726,2
10959864,1
33269392,0
13390401,8
34045572,9
39011192,9
39865207,5
13824642,9
32301565,3
10725891,4
4447426,3
19701094,3
32925612,4
34516691,5
30436194,5
10003866,0
24437146,5
19819954,1
33206594,2
3993793,9
27793297,6
16762879,1
38620745,9
2572564,7
6792395,9
9830176,5
10741922,7
36670664,5
13760232,7
39740155,3
13168943,9
34071476,3
19191043,6
30987521,0
38391649,3
29595029,7
2354696,6
38941806,1
39978085,6
31985771,7
7606582,8
38755425,7
38012915,4
24032332,1
4576622,5
26616168,4
15770537,7
10428871,4
12836517,5
17603502,1
13444053,3
8070065,1
22254576,6
18271959,7
33770711,9
5978426,8
25766460,3
27669376,3
9953268,9
26597886,3
9162999,1
12234211,9
10763182,4
32895858,5
19743167,7
1652304,1
37311984,6
37538737,5
35248039,1
28996477,3
39508956,9
19063238,8
25422485,4
14467043,5
17691111,8
35669642,7
3444391,8
32620907,7
20865487,3
22810373,6
27063962,9
8494988,8
16684346,9
34130806,6
36878195,3
37473219,6
20514513,5
26170659,1
29997576,1
2278662,1
10111428,1
19475729,3
38067726,9
2169623,9
34402349,2
28955568,9
30637946,8
38543952,9
19122118,7
10918944,6
20435604,2
36200516,3
35516376,3
13343384,5
17930878,9
14945019,9
35871996,2
28108851,0
27857475,9
155029,5
10212929,5
1309355,3
4413595,5
37320035,5
13575703,1
25799693,1
39238942,8
12326370,4
26064684,7
6296831,8
19019506,3
38171222,2
19554819,1
37202501,3
28309248,3
31716122,1
32948606,6
39668988,7
21917652,2
21537191,1
14101633,9
8964005,6
23044171,4
30547820,1
38085468,8
19622656,9
12715198,7
29623171,3
14666138,8
11937746,0
8445822,8
35216025,6
25044388,6
19683145,4
29564737,1
39231900,4
19438383,9
11974531,7
31642416,4
9018308,8
25537619,5
32425030,8
24357517,6
28507958,7
7396073,9
40050761,3
6778840,4
20274536,3
1727429,4
29244352,3
33615414,9
4350016,0
36011271,5
38174824,8
33261743,8
23707409,7
39882822,5
26779387,9
34948918,1
39103546,0
20155965,7
34500132,0
32422778,8
26299889,4
18312106,0
25756915,5
10952507,0
36594100,0
23316425,1
22217875,4
39020746,7
10175519,6
15606138,9
36985344,8
37648930,1
16686387,8
7643579,6
31750599,4
7139764,4
31133278,2
2512538,0
8904083,5
39171087,9
18097439,4
26968854,9
27999037,6
30853438,8
731759,0
39787204,3
39660927,8
31796460,0
8700920,9
21100117,6
34971788,3
32645291,9
19211116,9
29965211,1
37210655,3
30056331,3
23434842,0
23460997,0
19114411,5
30094091,7
11975020,9
31818448,3
32314215,9
22148917,1
13336623,9
19765469,8
9563666,5
16682672,8
30298426,5
33844987,8
36808290,1
26907349,5
11224554,7
32923169,8
3804149,7
1417665,8
34946454,5
34003592,1
14892543,8
13069634,0
11617816,2
28508699,9
38432468,5
36425389,1
31548712,8
8202417,4
1052931,8
27481427,1
36470440,3
36247997,1
11025197,4
11329538,2
6800861,3
28518369,9
14261053,6
1630427,4
37422665,1
34929761,5
11856219,4
23455734,9
18794457,5
24426200,3
35080428,3
6947065,0
9963155,8
33773661,3
29708501,3
14879960,8
25349178,3
3851224,4
26579036,3
5439407,4
27714981,7
32553545,3
24040640,6
33938488,9
20581017,5
30511600,5
19080943,7
21707337,2
23079554,1
39961362,6
14538283,7
29882722,6
17069303,4
34602356,9
35495530,0
15228500,1
34841673,0
35981489,8
12224001,4
27676954,0
18066521,0
24367790,8
24659006,6
1517259,0
28364083,0
8046064,8
26819637,2
14714528,3
22310142,7
14369313,5
26601746,8
38463570,6
8968801,4
11244514,3
36469680,6
32172957,4
33849089,6
37923506,1
25373054,2
2388423,0
12836125,2
36918588,8
23535767,7
2908895,5
28764355,2
29821308,7
5215593,1
15705491,2
11450886,8
27804729,9
30293881,9
16450683,4
10540314,6
7267977,4
36807405,5
39921273,5
20249406,4
4548082,4
30603349,3
26980743,6
25950957,0
29655219,2
14970351,7
3600948,1
34951134,5
34002426,9
30706429,1
25320518,2
22920436,6
33248866,9
15450022,9
32983622,4
38937776,7
17832362,5
30702519,0
28976106,3
32131927,3
15299822,2
33683188,1
33454712,2
35992398,3
26745617,1
31888222,6
39711473,5
30533983,5
13794971,3
33080210,6
29753876,5
10112515,4
39970288,6
26937341,5
32749399,3
14363707,2
37183549,0
28943816,2
38876805,6
35342803,8
39949041,1
7086368,8
2535037,8
38894576,3
3723337,7
27113978,1
38050849,7
34643463,5
22618262,9
38542543,8
30643137,7
22799096,0
31772663,6
2914585,1
28853558,0
39901053,4
29889146,5
26675498,7
25917335,5
31908982,9
35999759,1
7478366,5
28612776,6
25714549,9
28988627,3
35957073,8
8254860,0
32814816,7
32751512,3
31861196,8
15892100,9
38579049,5
21105317,9
34619752,1
33145856,8
37528922,5
34459465,8
14441080,1
27270547,3
29768601,1
18674064,6
30938780,0
36987317,3
28903915,2
37901832,0
37248298,6
25311417,1
6578258,1
21211930,6
15862761,1
27843255,7
31284719,2
27201219,0
29438730,6
29972894,9
2376798,4
26290994,9
22753160,2
37198517,8
13658287,6
37223638,8
4340322,9
30832798,1
1735722,6
38131886,6
33561376,4
1451349,0
37946342,9
28303711,6
11079644,5
30983447,1
38032855,3
29480554,3
24212952,5
11300745,2
37892301,1
27914657,9
31462265,3
40089134,9
36182906,6
29295965,1
33590571,4
9907616,0
21812515,6
2136267,4
21867523,0
38535707,6
32621960,2
39839726,9
34593929,4
16527825,2
37567837,7
35164964,6
9667253,6
32790836,4
19617108,6
15932896,9
20452742,5
23030106,9
23450138,7
19884746,6
14890107,8
11509892,1
30713756,7
4600325,5
39902029,5
33210037,9
28656660,3
19720249,9
21328509,6
28205918,1
29158336,6
33509052,3
5440346,7
11237685,1
6950486,1
35586794,2
23622645,3
31640127,5
37195489,2
5114313,4
30554240,7
22333034,6
3559673,2
37022881,9
10355818,4
33957110,6
9829331,8
27645079,5
39773780,8
26220621,9
30159449,7
31773391,0
38174211,8
30193411,9
20736754,8
38379919,6
39452842,6
17465362,6
31946018,6
26022267,1
30871674,3
6438784,0
23660092,6
3966490,8
27630265,7
31095898,4
33587761,3
12889202,2
25851183,9
39199781,0
18359660,9
28009390,9
33830662,5
27739381,6
26484286,7
8707515,0
39567577,6
31763039,9
29565887,2
15683168,4
17760556,4
17883424,6
30596834,7
35466663,7
11324519,1
33976147,6
17436569,6
16490263,2
7868215,1
31024826,2
24947866,4
23246013,3
23111516,1
5556282,5
21760215,0
12043021,4
38119808,6
30596839,9
39520186,8
28007465,5
19879612,2
27644193,1
14672360,8
29796541,4
31274945,5
14037975,0
13276957,6
18074143,2
10288488,8
14295337,1
29923855,5
36633002,7
32426250,8
35482079,3
37497933,7
8869998,1
24180879,9
33541960,6
39839832,7
29326556,1
24790548,1
38918891,2
14701532,8
13501761,8
34650573,8
30697056,6
1111356,4
7366065,5
17769009,6
25860512,9
23529172,9
33944277,1
26066112,6
34184053,3
13710991,1
33681493,1
36804197,5
34161308,9
38270861,1
37522720,2
4395499,8
32734002,1
9750330,6
8116969,7
36889821,5
20659528,7
38171687,4
17050302,5
28322842,1
28885844,6
18339745,4
39485731,0
32282274,1
33390792,2
30532340,2
38104637,1
18627382,2
6837368,6
30687178,2
23656777,3
34012517,4
34773960,5
10921893,9
10469548,1
24736867,3
21534685,5
11058199,3
39277824,0
11835833,1
10645383,6
24324030,5
28886508,8
20271235,6
27758933,7
13667626,7
7074984,0
33701450,9
11032799,3
35867158,4
32208301,3
31445124,3
7180914,0
21863227,3
15789611,7
12753312,6
22508606,6
36258797,7
11312197,9
33088963,2
29941321,5
23662257,2
7982441,4
12145056,3
8384052,1
12360732,9
28324372,0
14857719,5
17821079,9
19766757,3
1281184,7
31304131,3
12138240,5
31849152,4
33856391,1
37101553,9
31406830,4
5738901,9
7770922,4
10767809,6
30960819,5
38840305,4
39132847,7
3381036,5
7591715,4
32548563,1
27247931,3
24026256,7
38888609,8
35710060,9
38468764,0
27078899,5
20249374,0
21719063,6
25876758,4
38119861,7
27573993,4
13139517,3
35768327,6
20130926,5
17073669,7
23249269,9
1095768,4
18116383,5
31015333,5
36635983,9
16637765,0
30156218,6
39722984,8
21664915,7
32561651,7
15473012,5
24043069,4
12148690,6
38401814,2
10142066,5
19413994,7
20712520,8
559662,0
36661087,5
19823824,9
37487406,9
38231035,4
21058463,7
15104090,6
30844594,4
39108621,5
23855165,9
5559284,6
25956453,4
33827788,7
38624730,7
3462951,5
21173503,0
33106596,2
17803254,4
34932865,5
36138201,0
15484718,1
26510038,4
15131429,6
25839628,4
34730897,8
8061867,8
31314713,9
13096955,9
27073424,2
37006534,9
7010949,4
12143634,4
4199081,4
19048082,6
13443246,3
9399635,4
30061557,7
38944265,2
541115,5
21675532,4
3587613,5
12461724,0
34834474,8
15964119,6
34779587,1
19035075,6
36251452,9
27927062,1
33998726,1
23919781,9
13421326,7
25938617,3
38575392,1
36237810,1
4331006,8
33844632,0
16735786,9
27850744,7
38914151,8
29482275,6
13534461,8
24427363,5
33100702,3
36153442,1
1366047,0
34755710,2
26921044,1
19060821,7
35881948,3
37272635,4
34124457,5
4140466,6
24896138,1
21969686,8
29292636,7
39830235,0
22388281,8
8071586,5
31454087,6
38859593,1
16585847,4
37479223,6
27769202,1
13676092,9
37857697,6
23212535,8
34113521,0
37405998,8
15115443,1
21518249,6
32618985,0
16972229,6
25318791,4
15871081,1
27322121,2
16823964,3
29051988,1
14200512,2
1395913,6
13567507,4
38032782,4
37669905,3
24771384,3
15294863,6
29767898,6
6005243,7
23457844,4
15651527,6
19452797,2
38440799,8
18110475,9
4004979,4
32188922,9
39560902,7
28806369,5
10462927,6
26440761,4
22439542,9
5027148,5
24589669,2
21298833,8
29837722,7
33311403,5
16497547,9
36518968,1
21341325,8
19437415,7
35398270,3
16006687,7
21640794,1
30527083,7
33516530,7
33611983,5
34226122,0
16485200,3
2267568,4
20440581,2
33306001,8
34469635,6
24608774,7
20534849,6
3275252,8
22069625,0
22218601,6
32226581,6
25667259,4
25818143,6
33013611,9
33020945,7
2935616,9
11926572,4
874245,8
19574674,7
35125228,0
24066589,3
30664640,3
17646853,9
17763079,3
30188158,8
36844576,4
20832740,0
29761266,3
9751080,1
17588233,2
24724098,6
34156881,8
21115556,8
38726411,7
24702069,2
39457645,0
31019092,1
14888340,1
31261853,5
33281487,0
28620848,8
33901474,5
13051544,5
26195453,8
24437165,1
38316020,1
18577325,8
38751024,0
24831330,7
35951487,1
15106946,6
34711205,9
28923231,7
1472279,8
15046962,6
33125822,3
33756549,7
22584261,8
32402747,6
32773052,0
6582404,1
10063091,6
30817721,9
1093805,8
14637691,1
34481055,8
30684836,1
28373299,5
7776371,1
20340613,9
29615758,7
21038905,8
24847747,4
25669803,9
38640742,6
39090359,7
17778612,9
26282882,1
25120883,1
38345127,3
24082711,3
4502314,6
2742085,4
18818608,8
26263323,5
10180781,6
19520469,6
28611207,8
31942960,7
32147668,1
6485059,4
39985300,6
36589702,9
11636362,0
23903094,6
22624255,4
30446197,0
32805594,1
14724624,4
7974959,9
33702527,1
37347296,7
39531007,3
18387120,1
25072334,2
35354676,3
19847786,0
28485009,0
35469546,3
25824804,3
31827468,6
28429760,6
9352259,4
20264414,5
15424126,8
35760133,9
19865258,2
33984151,3
12960019,9
18302818,5
16745387,3
35366900,4
1463306,7
26193386,3
38878543,4
685869,1
31545946,8
20970732,1
30721550,8
20231291,3
28522203,6
15774979,7
38339417,6
6964489,3
10295717,5
37435255,9
38139847,4
30362475,1
37785131,6
38550263,5
12684001,4
38799430,9
31596582,5
34528138,3
30167692,2
22571853,1
1173184,4
30180046,2
16425660,4
37501808,7
30750843,4
1236104,1
38339815,5
24757923,1
34542000,9
30191428,1
11185873,8
33524742,7
39356509,3
39515096,4
25740839,9
22676319,5
39916811,0
7648607,5
39436329,1
39243905,2
35258712,9
37754398,4
18327790,5
31923896,9
15298830,0
31165900,1
8688050,1
11629734,7
18438162,7
33323553,1
30029316,6
27651862,1
17279103,5
38015537,4
37605612,0
13302403,9
3919382,0
11622652,3
24216860,4
20015213,4
37277950,6
33398908,1
39004837,5
26995700,7
35722753,8
17892451,9
6246061,7
37174167,1
21202093,7
21032981,1
28088323,5
23091283,8
20550351,8
35165398,1
12517997,0
39259046,5
36553386,3
37167968,6
29630026,1
1719279,5
10941824,4
20524888,3
22445416,8
9220883,0
13202507,1
16529038,3
10919379,8
17923161,8
15561173,0
11898451,0
20384743,4
34855391,0
35422578,3
26077541,5
8254309,2
36091007,1
32285927,3
39061928,0
5502014,4
32546776,9
853184,5
11034539,1
20152888,9
22534101,2
38687974,6
27525444,5
15722158,2
5264829,4
38447104,8
24018577,6
32783530,3
23579989,8
3083784,6
15603240,0
38262178,3
27571884,7
31753850,8
32951123,9
37081116,1
10320194,7
11488122,2
6960470,1
37225243,4
772518,6
14097061,4
4526498,5
26160792,6
4704913,2
33990345,5
28663508,3
27960507,6
31879459,6
30281274,2
14671345,3
17369534,3
29056976,0
12019618,7
19845691,4
6151400,8
38258343,6
8757019,5
24479281,0
38435289,3
22257665,1
36411331,1
31590858,3
5178535,1
20810630,5
8808597,9
18111488,7
4377038,0
26685007,6
17884411,6
18781344,7
26289759,6
25881271,3
8177261,7
32936129,7
22119586,4
10461531,9
36253931,9
37652976,1
12829125,8
32215165,0
37751173,8
6349833,7
31128435,1
36668447,0
32118749,1
28686453,4
24976474,6
8620521,9
27692883,7
38523546,7
28667126,7
26710946,0
6473753,0
7141665,2
36982015,3
16371626,3
28771174,4
22034878,8
13039060,8
24127601,0
31635828,4
31601713,6
25246842,3
30698466,5
33814607,6
30845469,3
28568939,0
28583565,6
29381375,8
10559465,9
19556809,6
27308698,4
36803774,6
34689540,9
37918586,9
18050933,9
4809825,4
28808626,9
35868089,6
8352736,8
33539955,9
37336899,8
15636527,5
31939503,5
9938130,3
7955602,3
25799297,9
15482097,8
16694671,3
4800419,9
13119791,3
33009893,7
23053365,3
25593325,8
39147407,5
20450313,1
29500012,5
19347009,1
5128741,1
7100514,6
22359595,2
17820699,6
32339872,4
24524740,9
9134491,4
14926601,7
34902352,1
34010106,8
3145897,7
6763636,8
16748891,2
38976089,4
26084620,2
25147934,7
21274619,2
9272257,4
26146837,0
37017786,8
21714335,4
7430108,0
39428481,1
1508906,1
28311203,1
9416934,3
37863410,9
6082501,6
34335989,4
4699605,0
36023996,4
6924706,9
28293270,1
30197052,7
9162453,9
15153876,0
35352390,3
14836425,3
2154095,4
38556217,5
37272552,5
20642504,0
21104176,1
37166188,5
25085870,2
26290620,5
11714768,3
16832266,7
10851246,9
39243929,1
37452166,6
18806424,7
16871130,1
790898,0
36128685,4
34420864,9
37894912,1
25150107,7
12556977,4
29473306,6
2349302,5
22497852,6
34599421,3
20346314,3
10005343,7
35042587,4
20877106,1
6399975,9
28623521,6
6282053,0
9300491,8
2020228,1
32215992,0
10982505,1
31326420,4
34673447,6
38136016,7
5154443,0
7772373,0
22587851,0
27804239,1
39929777,6
33375581,6
1494696,8
14182780,1
15193506,9
17644730,9
36589367,4
36878064,6
39715183,8
13376135,8
19655086,4
39579355,0
13851410,3
34570067,9
12827349,0
3142883,5
38551278,8
26241360,9
34011006,3
35496542,7
31018413,7
36635495,1
16760517,8
16994547,5
18766960,7
34303963,0
25332777,5
21487916,2
17052480,1
30416811,3
38866162,3
24610802,0
37362971,4
7186928,7
35419236,2
23797691,7
26989078,5
9486871,8
37925504,0
24830804,9
2046802,0
25442171,3
2173425,8
20047851,7
29641869,4
32820673,1
16222178,3
35887564,6
24191668,4
8525447,7
24282416,3
16803951,7
34349222,0
28367810,5
26935287,1
5808819,0
1829810,2
32017943,4
22363061,3
30359801,0
39835536,7
28741563,1
38182463,8
36986350,1
28091984,3
3612785,0
40031004,4
29919757,0
1994488,8
28116945,0
17376085,2
38363994,6
29671395,6
17845350,7
32887408,8
13926647,5
36755891,3
24537896,9
32428120,5
21390612,7
31492602,7
35517196,4
12110245,2
21140853,3
7217617,5
33682692,6
36321157,3
29355120,0
11027865,0
37214297,7
35251210,4
8974457,5
4220441,2
35632009,2
31633738,9
27203090,7
36712706,2
39317373,9
19303835,4
20293369,1
39305135,5
25529070,6
29592679,7
18663772,4
39494787,6
18666920,6
22668465,1
38594515,6
21411099,7
6189047,2
23117570,2
33794873,8
18939133,4
9630494,7
33488351,2
2568018,3
22361802,6
11388180,8
33466635,6
35679173,1
36901124,4
36808628,7
28012791,0
10547343,8
33176297,8
33218010,2
23206528,7
32320254,1
10472620,3
33295581,9
16193578,9
37206097,9
36090648,8
36100593,3
32939731,7
33120475,7
37570762,0
1915643,8
31053602,8
39196603,7
34602461,9
20629012,5
19675760,6
32596094,5
2362541,4
870520,9
39741509,2
26801490,2
29017416,4
777778,5
30790518,5
8533885,8
37192297,6
7752814,0
16254513,1
30692750,1
36063800,7
5958929,9
12644902,1
33906183,0
13176533,2
26145724,1
23426759,0
34777259,9
28191934,3
37850357,1
13371444,0
14716981,7
37353951,6
27103849,7
24432831,7
34646262,3
19446183,3
19627867,2
23818041,7
31093459,4
35826487,0
9856435,7
17976695,2
24315016,7
26764634,8
37443386,3
15078246,2
39459947,4
16922293,1
23666661,7
6809067,8
37017773,9
33891918,1
4479463,3
33803806,3
14864895,1
13570344,3
25411052,7
10669897,0
31048613,1
16313224,0
30477150,7
6109890,1
23173340,6
11745614,0
33897848,3
32158760,0
9648896,0
19731665,1
36796887,1
8126139,7
38285195,7
26336108,3
35893997,3
6222528,1
24748781,5
7569050,6
17959955,6
19073579,8
39135208,1
36114063,6
18570492,4
24041935,0
12770302,1
30011715,8
39233057,1
15372949,9
39925157,4
33024954,0
21208376,7
30998547,1
10364201,3
18369726,6
23416024,5
10265115,0
6832332,7
34955200,6
19188981,4
25473948,1
20904326,1
30413207,0
20602696,9
23388509,7
26935793,1
4135836,8
4009251,9
31032890,3
25716316,1
24350779,9
17323824,0
39187738,8
21205472,6
20620643,9
38845176,5
29066550,8
35951786,6
37155266,6
10404792,3
23397460,0
36827888,9
18661464,6
28572289,2
23827025,8
4427623,1
24965534,7
33027713,3
30188285,6
7664803,1
38341180,6
18062443,8
9531028,3
8262072,2
6394170,7
12448583,3
11280287,6
18245718,6
9510183,0
34129354,4
28943107,7
4650639,6
35389050,4
30882145,4
37131820,1
36924820,6
22927198,0
11632388,2
38592999,5
30769856,4
11527793,6
36719891,6
29748045,8
27791307,3
30617933,0
21737487,4
21252948,7
13570644,5
14495868,4
23457493,4
19577973,0
5724701,9
34968412,7
39047630,8
28515570,7
39667089,9
28059562,3
33971484,6
6043463,6
36075147,3
27846942,6
29737715,7
9526203,8
14928820,7
21409279,5
8323728,4
27131462,2
24967934,5
27301022,5
25161727,1
2608645,8
15120662,3
40109555,0
22268521,0
22038762,6
19171686,4
8983150,9
20460339,5
27949024,4
33417908,2
250038,1
38509137,7
13895951,2
4688943,0
30012998,7
10158060,3
23000451,2
19611822,9
39069782,9
1459080,0
35090726,8
11981810,6
35158917,3
25977673,9
30944576,1
23110542,3
18553896,3
32064061,1
9328638,5
19833298,4
12925615,8
2104957,8
5612123,7
33679738,3
38136516,9
32329289,6
36376135,4
28272974,5
9167390,6
34489749,0
91205,4
10073045,2
37789543,2
39395530,7
40118548,3
23408284,5
38222962,4
22062724,1
36846260,1
30674540,7
6245108,3
27949901,0
22916937,7
35953018,1
18790206,1
18868436,1
28097462,4
35384358,1
6672525,0
34760688,8
25193482,7
34671322,7
40065615,0
38660931,0
34163933,3
39078772,5
19319752,7
32892174,8
24121983,6
21349528,3
18536549,7
22208051,7
12193471,7
39067321,3
37291261,4
37891207,1
22517827,3
27179268,1
39605067,2
27800703,6
21542700,6
20655158,1
23328555,5
28330460,1
38648355,9
10021899,8
39880938,9
13099032,0
38908500,3
36101233,4
26901434,6
28661218,2
15297685,3
8582766,4
35905947,6
2070377,5
27227480,7
39684415,9
25291590,8
28518684,3
12318172,2
33947939,6
37668267,3
23577370,3
30044697,4
24080856,0
28596441,7
5289189,6
21117014,6
39563183,0
9755003,7
33846772,2
22236592,0
7519135,4
25030725,8
17507018,8
38206527,3
11626201,9
19128342,9
12579163,7
29751005,0
20830455,7
16672445,9
36832404,1
10718227,8
11944385,7
6806811,9
24492924,7
30946767,5
7030463,6
28924810,0
38211773,8
34149829,7
24436013,3
28554658,7
38357632,3
21511445,6
31798645,3
9768645,4
22001578,4
33799390,0
40070615,9
5400833,1
29044312,0
30797937,1
10410135,3
18167701,7
13964152,5
4305070,0
36684870,9
25488852,6
21915708,0
32740577,0
7905954,4
24432956,2
34617422,3
14897027,4
21316262,6
15125903,0
4915202,1
21279603,5
34924953,4
37155666,6
24000654,1
32940708,4
23667439,1
2760351,0
18279865,4
34889664,9
6121431,9
29579871,5
39381004,7
19848467,0
10132632,0
16055024,4
33599536,2
24943071,3
16818884,5
4700725,6
23303525,9
29864225,6
14500831,7
38062399,3
25320322,4
27573592,2
12867178,3
36708873,4
15438332,8
3840177,1
13017397,8
28387180,6
39816564,0
33637620,3
22004466,2
21584990,6
2784977,8
34347010,0
17976063,6
28908167,4
27135933,0
39067978,3
12225159,8
18818721,4
17923090,1
25715627,9
28680896,9
16739894,4
22818948,8
10573688,0
39455901,9
2917866,5
7923509,1
30569889,3
35857457,6
39112761,1
17897366,5
9152116,1
29048607,7
10886841,8
32257262,0
3088497,6
5916187,2
39276874,5
38536999,8
20547421,4
8128736,0
25677214,6
36531679,8
17386936,7
29521746,9
7692983,8
33041756,4
17091075,0
17896767,3
15459615,3
8888124,8
18796397,0
6212220,7
26898720,6
17505380,6
28726303,5
30942123,4
34709933,7
38017111,1
28069953,8
32614116,3
29199083,2
21649509,5
2479690,1
22651764,6
17964198,5
19529502,6
11823521,5
26353195,3
36297116,4
7544112,3
17688472,4
33722444,3
2685015,6
16219358,8
9245865,8
4746121,5
19051414,9
34310225,1
34697001,8
9919604,9
9820291,3
14548020,7
30105541,3
28537422,8
2162115,4
15452390,1
35821904,2
37337120,0
33079110,4
34921650,1
17068128,1
16110230,6
11234843,1
28369418,5
24175212,8
12181185,2
13437327,3
6478931,6
33649949,3
24255333,4
22547591,5
16733821,3
38124335,5
8027158,4
35447073,6
4824683,1
37746561,9
1854,0
3128821,5
39948543,3
29247960,9
35511296,6
4980297,1
31757747,0
31820470,0
26399877,5
18287633,6
10496168,6
23691564,1
29309133,6
11646697,4
15593775,9
30273877,1
1141504,8
24069150,5
32322090,2
19712264,7
24627928,4
19932708,0
1497258,5
34883909,9
24793385,5
28939006,7
32660583,9
28408943,5
24509737,8
12702839,7
16598393,6
12341588,8
29010049,8
36041797,7
19342977,4
32132999,1
19590344,2
21989035,6
34869347,1
15825201,2
39958232,5
28910157,1
30340555,8
38780223,0
24887337,9
39434821,5
34255749,3
833062,1
9423294,1
30172944,4
31304499,9
39813055,1
9955785,5
30844050,8
30253425,0
20517583,9
19116509,7
36746693,9
38678377,6
19253264,1
14846147,3
38358881,0
18732016,6
15627908,6
3153112,8
27338553,9
28508228,4
37797227,8
34367790,7
16692777,9
22699040,4
27821571,3
12787452,5
5968951,0
26696650,7
38565022,5
24339875,5
19737367,3
3343076,4
30063572,9
38569350,7
14232905,1
37173450,4
32855942,5
11238277,9
27559742,4
34618256,6
27447953,9
26564336,3
16846977,3
22784372,2
22018400,3
22197096,9
29395516,7
19263704,8
1649351,5
21678058,5
10688843,1
31831242,3
40048443,3
34767400,5
13398697,6
23766054,9
34340458,2
29153653,3
8935228,1
33612481,4
28813775,0
22159278,7
22528752,3
33658175,4
20045894,1
32343514,7
34403656,1
34207641,1
35964583,3
14594324,0
21913102,6
18556688,2
39522703,5
27001249,7
20779343,5
12553598,1
26720745,8
26996126,1
31700681,6
34535816,1
36113663,0
11663244,4
16122228,9
23399564,7
38888628,1
3822336,4
31751674,1
24915995,9
11729662,7
26181113,7
39504872,7
6839922,4
23165736,4
27077908,7
23648826,5
20997863,5
30060303,0
4359085,9
34772030,1
36424454,6
18228612,5
17926273,9
4801216,4
26693852,0
39379351,8
1782843,8
34902649,3
37883072,9
21567158,9
14138858,0
37487379,4
11785720,0
23230184,3
20753807,1
18729026,4
30580462,2
36780377,9
22446362,9
17933572,1
28970771,9
33359306,6
17757306,0
26716389,4
32804499,7
28747962,7
10713579,8
12526065,5
35436399,6
31641440,4
29530594,5
37091436,3
30539789,2
37153426,0
22510934,4
14440455,3
38742207,1
35462876,3
30559507,4
2386418,8
35314206,4
6433646,1
36099260,5
25080463,6
25596426,0
9907352,5
10212791,5
13978556,7
15564523,4
18351291,3
9332736,8
36515258,0
11454356,9
25952300,1
28254910,7
10867028,6
39219302,6
17287017,5
772814,4
18714724,6
2203424,6
27353947,6
22860742,5
31562726,6
36101327,1
38112650,6
39936831,4
22739701,5
33105830,9
22956785,8
5799126,4
27839797,1
27935718,1
3611827,4
17938818,5
38112806,4
23060615,8
39755464,9
3907810,6
31532290,7
2803737,4
35666067,4
14267427,2
22118704,3
8348456,4
36453319,9
20978757,3
17405992,6
4432208,3
28256618,9
21726553,2
30490452,0
32680184,0
23122079,7
29109802,6
9687989,5
6281670,0
7068360,7
35197779,1
9874405,1
13002132,1
4811379,9
34776877,5
6368452,5
39474896,1
28523535,8
36191351,9
25371880,3
28457312,8
15123928,6
37482733,9
13944427,1
9103511,1
29480288,9
20480238,9
36032280,7
25331500,5
10775411,8
34112729,0
21476075,1
35651895,6
9790121,0
38000290,7
27313970,6
24031821,0
15233601,4
13512823,3
6942039,3
34873614,4
36402748,9
19216135,7
14867193,9
8306171,8
2119761,3
33490163,5
5558837,4
25875465,6
34927327,2
25041420,4
8710918,1
25063167,9
23765639,9
1734801,2
35382203,5
17534932,6
33177824,9
11448005,9
23048756,7
32173856,1
33209048,1
25268696,4
2995983,0
34660528,9
34376896,6
7141501,9
31321210,5
12189133,6
35213559,1
33619188,6
39923814,5
38946269,7
10920035,0
29869559,9
21843693,6
15832451,8
6745523,1
27929669,4
39334235,5
34324025,9
39353395,3
31111032,9
26659877,5
34839105,7
27293796,4
32084545,7
36368252,9
34710633,4
21752684,0
38827949,1
21394015,8
22399888,9
6204443,8
33579522,8
20107925,7
15522310,9
37006267,5
32381416,3
25822738,8
29947162,6
36139,9
20926193,4
23584709,2
36292999,2
35662828,0
33489133,1
29866162,0
18637752,5
17777219,7
32339864,2
15020911,4
16341484,9
21166771,3
13770335,6
35546853,5
16860792,3
7524467,7
27372782,0
31379169,8
35851209,0
16315673,3
11598204,0
5506444,3
23083195,1
16744826,6
16694298,5
36515486,4
36691704,5
35281691,3
39726805,7
13805343,3
25229511,6
19645543,5
31336084,6
30589379,6
26994963,7
38826359,3
33573239,8
12939897,7
394500,0
17640919,6
22715036,4
39816374,2
18478837,1
24508033,3
31551410,1
17876492,6
25622764,2
37750141,1
16616563,6
27524664,3
34985735,7
27433026,2
28251453,8
15112166,0
39617488,4
35101791,1
39464748,0
35624459,4
3542881,4
39644907,1
8794506,2
11376898,3
24830163,0
29224258,6
18563717,2
16670712,5
38097531,8
39634861,5
20661902,9
11760436,1
30217561,6
35856708,7
34706388,6
12446132,5
2487475,8
34942123,5
24587480,9
33978621,9
8813226,8
30675956,5
26674790,2
23704892,1
24490115,8
25691996,2
18040251,9
26959176,3
22876148,4
32620254,8
38129077,1
10380065,9
1522636,0
11788115,0
17127083,4
29809524,4
23119648,2
25593973,1
39134580,4
28993219,0
4182419,1
31000289,1
36528692,4
39299917,7
8470539,3
33482496,0
27071661,9
33424001,3
24065099,4
25826219,4
26004787,0
23175728,7
35547002,9
21747902,1
26245449,1
28595465,6
23433842,9
31637600,5
15610749,4
21558782,2
9324389,6
10883805,6
34288230,9
18899555,8
27233585,9
38266841,6
39788860,2
24872289,6
29834729,6
25826130,8
39941213,5
34029726,4
33324535,1
25559596,8
13855020,0
39413447,9
33699718,1
3711303,9
5767678,4
15149075,1
35602681,6
1806608,7
33315062,6
25463013,2
31210223,1
22540410,7
36436283,6
27884085,9
32655055,1
13094994,7
18214937,7
4806520,5
21656843,1
33953505,7
35208553,9
25973363,1
19349503,1
39474794,3
14764294,0
3106893,1
3100739,8
9715454,7
23820144,7
34696412,1
30946670,5
1658722,8
23091840,0
40045899,1
29822007,1
37610533,1
24963118,5
200738,6
15401376,7
16409992,0
24936107,0
10166956,9
15582443,1
33996037,9
14652081,5
12500069,7
18833471,8
16285889,2
39177610,0
22124914,5
37512132,0
22207625,5
32239961,4
19291927,8
38334497,1
22208821,5
34608613,3
4378464,8
27924819,9
3783677,3
38743403,5
20827093,7
11058250,1
34467657,1
28500275,7
6573207,2
34981307,3
31607200,4
33338375,5
36535381,9
18394747,4
27603093,7
35611473,4
39479445,8
31773229,3
38206587,5
28477705,5
14858000,0
2631405,6
27831173,4
11301910,6
600190,8
21042624,5
14780175,5
17611947,6
11557587,5
37276018,4
17386880,1
29843433,6
27300302,9
15535927,9
22258442,6
32324619,2
2425787,6
25412508,6
903497,8
25063938,8
23540309,9
29399659,7
39662891,6
35544574,3
30418250,7
40082844,9
29776336,9
33137269,6
36157247,4
22620266,7
17121949,8
8624507,5
39381305,4
28966457,3
34780027,7
34096997,6
33464240,6
37195684,0
29083059,3
38263995,3
19350346,2
12453580,9
26228747,7
39723437,7
27051737,6
39817973,8
7990321,4
18866994,6
11885651,1
22775640,1
7524213,5
39873204,6
21533706,3
25004515,7
27691937,0
22512677,5
21994472,6
22586713,7
31144356,9
27640853,4
31368770,5
26616643,7
20317456,6
17056450,9
6575825,1
4653711,1
38226607,5
29461019,3
32850657,9
20196930,0
15696547,8
39252731,7
18261318,1
16888757,5
21722563,4
5486049,0
31293460,6
787739,7
35516674,1
19467290,0
28891985,7
38385010,8
7072505,0
15401497,3
36769231,4
17569519,4
17427252,0
24422502,7
38672675,5
36455647,9
23145928,9
38703556,8
417584,5
31500189,3
20008173,8
30955503,7
13178225,2
21294997,4
31943941,6
28158278,4
37877325,1
25641980,9
25024912,7
10077644,2
15722222,9
39750041,2
24707283,9
8335548,5
37220463,1
27296602,9
14013597,7
36926906,1
37908556,6
32383234,2
24826092,1
11905635,8
33650606,7
3778579,1
30539412,4
29158931,7
36817549,4
3609596,6
6233563,4
34214100,4
861190,9
37322690,8
14567210,9
25987662,0
30082180,6
19141073,5
37840885,0
27674145,9
15562446,0
33350147,3
28727241,6
7119755,2
39950816,4
24430620,1
9822291,3
34406382,5
18908875,4
32808856,5
29940783,4
22763675,3
30324464,1
16065370,8
26366588,5
6240648,1
37882975,5
39576340,9
31305213,4
10906605,4
657857,8
21007783,1
34713346,6
25064228,1
26060130,1
5847679,3
2786384,1
35320452,0
5231627,3
8910927,2
40010317,3
39628275,2
3195738,1
37567405,6
30792422,9
37175103,6
32124687,1
19460367,5
7850207,1
21266312,7
33555332,5
23085560,7
36825925,7
36488214,0
38872755,5
15823011,4
34795531,7
13818549,3
23975202,6
31997811,8
33683899,0
7800693,0
27592603,2
2656066,5
28735974,9
33165523,8
30182677,4
33689159,4
29963173,1
25087481,7
27163479,6
13398996,4
20402430,6
38839246,7
39708133,3
15851238,8
37461798,1
16453758,1
1817064,6
29350869,7
27066370,4
1588224,3
28187242,7
17453212,0
37809681,5
15272785,4
23146819,4
37783438,1
2619446,2
29676893,5
30934414,2
36317464,7
10567845,5
18385530,6
24832628,8
19063162,7
39578807,7
22208065,2
34398697,1
20968774,6
23524444,7
33355268,2
33920777,3
4528831,4
26147688,4
35002160,0
6142757,7
31263153,3
11638387,0
23578018,5
34287317,8
38908575,7
21209734,1
18818307,5
462933,2
35294265,4
30776447,4
21510223,8
27306343,7
17798174,0
23934922,5
37631810,1
17497819,7
36108585,9
35499348,2
31792768,6
24643704,7
30612360,4
31041736,1
36665225,3
19238307,9
12827548,4
36270068,3
13360387,4
37653474,9
26590089,4
21026224,1
24941642,6
39649714,1
23613715,2
14644889,7
35646121,7
17911026,7
5269304,7
15956169,6
19314465,3
14713757,4
31977102,7
13080591,4
5422184,3
16575153,8
38626345,4
38993266,5
32353974,2
12997572,7
31077688,9
22768682,3
13117477,5
30079630,0
39270653,3
23922867,0
7860534,6
25045924,0
19239154,5
14442255,6
38111769,0
19605405,2
35106112,3
29120626,9
15710592,1
10394243,5
19798597,5
3075065,2
12165691,3
26405939,5
16001959,7
2495487,6
13907315,7
25953959,9
4296041,4
22076453,1
29306092,9
30540139,2
14823363,8
28144350,9
12164734,9
8343576,8
35737788,8
12531790,4
28975274,1
26180778,1
14887577,6
8216729,6
32138760,3
21002166,8
28649795,4
37792813,1
39593747,6
22546836,1
13536350,4
3303312,9
36412921,6
30093903,6
34123891,4
25442482,0
22615196,1
9285713,7
36275522,6
27033146,5
11904603,4
15210674,4
23444658,5
29832234,0
1983332,1
33269853,6
12917294,8
6107918,0
28122488,3
36247462,5
37945057,4
11276322,5
15706339,3
394770,8
30946654,7
36606589,4
9541790,1
31055302,3
17871588,8
34748579,2
36885642,0
39415851,9
24299988,7
39536878,4
2753350,0
38973433,9
31757432,7
21680020,7
32464122,3
38982807,0
23774440,2
12755804,1
18772002,3
28091129,8
39018292,9
36948680,6
17278602,7
20971174,3
27688183,1
25277115,1
33702523,0
31307147,4
14063687,7
37587127,2
33901521,6
2383546,7
38749120,3
36986811,3
39059338,4
38187041,2
38198137,6
16984802,0
33040628,1
37543975,6
22225577,4
886629,7
9382941,0
12474344,7
18339384,5
21997850,2
32319726,0
15939963,4
37519550,5
12692641,9
31687572,3
37713847,7
38319205,2
39045544,3
29978236,9
11589275,4
27473307,8
27146262,8
27702780,8
35505583,9
38302523,3
5563743,3
17377867,6
35818129,6
15715152,6
15718068,6
19876993,1
32959342,7
33857914,8
27906581,5
23183478,6
22561151,1
25718075,3
3013283,4
22787243,8
36717715,2
17485382,2
6503929,0
35415468,3
5773607,7
21111659,9
5015749,4
39347762,6
26117548,8
35829364,3
15288824,2
22638392,1
30578705,9
24106532,7
31426757,7
2980196,5
38789013,5
19303678,7
39910941,8
4833948,6
11166632,5
6900595,6
3450436,0
36989435,1
14515313,4
29911211,1
27848037,1
36042697,2
23415251,3
35857519,3
38674805,3
39187032,5
4171866,3
10155510,9
7274478,6
25278752,0
32039862,1
14695559,0
25333525,9
28618010,6
39574742,5
29315898,2
13441936,7
2524853,7
18337139,5
29117524,3
38353263,7
18518376,6
8068478,8
12122006,9
39355048,5
23534867,0
8073734,5
35073940,7
15218465,6
27925974,4
31971302,3
35948337,9
32892964,4
36430336,4
29005004,1
32234266,2
31368358,5
35882920,4
2161365,1
34185425,6
11447624,7
38815747,7
22508136,4
35297771,3
37618695,0
29810140,6
3632919,0
8592249,8
35390843,5
33585928,9
8895614,8
18330411,9
3296893,8
22031061,4
9608859,4
24196421,1
2722386,2
30889444,3
3061924,8
39443478,7
2880499,6
13592192,1
27090129,5
15209113,8
1540835,1
27108835,4
7224099,8
3167106,5
37018475,6
31642226,3
5983339,7
27261350,6
37219327,9
22506504,7
34524506,7
5901779,2
668226,2
38102188,3
12487731,0
1760245,4
21731043,1
35456976,4
15318378,4
16852898,8
21567271,1
19783529,1
33274670,3
25236614,6
1665468,5
12703678,4
8008829,6
16656199,0
31728741,4
27152673,1
34725274,3
35934220,0
23161341,2
36971077,6
29285782,6
8126654,8
24906957,1
22235784,9
19198634,2
36068887,0
33614378,3
30296156,2
33540418,7
19265597,1
35666761,3
40010954,6
12573741,1
37316261,0
29596204,7
2532236,8
11533939,8
36039919,6
3472884,6
37874284,0
2203947,8
29884543,4
28788335,6
33511939,4
33703229,1
13133197,4
31139336,5
30882563,5
10972086,4
28180360,9
38779958,1
16548581,6
29655015,0
16849727,8
3220957,6
17701074,9
28602550,8
34721879,8
38463099,9
33785186,4
39662665,7
749070,9
38999203,0
23404162,2
24946061,1
19859609,3
40001010,8
39936697,6
15570526,0
31398235,2
39152390,1
30505407,3
21653433,6
29042718,4
3989967,6
37663931,9
21483003,5
35062368,9
25027506,2
6190348,5
30936082,5
28445912,5
20167450,4
38648441,5
37672642,0
32939190,3
17180738,7
25900639,4
24948099,9
10188210,7
24499349,6
28957946,4
120657,1
31376961,6
20332320,1
37286768,1
6726953,1
39781344,2
14989749,2
15920039,6
29814060,5
10728309,1
10344481,4
31787110,2
40121562,3
38564546,4
23405610,5
20224526,3
29238964,7
21120668,8
25943850,4
18346376,7
33774805,4
36417918,6
39890879,7
15761846,2
33457731,3
1633932,9
35350808,0
32677445,0
9717224,4
32806808,7
34896728,8
308913,8
31843830,6
39803321,3
11842979,5
35495377,3
19826477,1
35432462,2
34599159,7
6593030,3
22203332,9
35253990,3
16857407,3
38991025,7
20518302,4
34942955,8
30404890,6
37803637,7
34965276,7
24454177,9
13415660,8
28255850,0
23846113,3
1531402,8
3499242,6
22266209,9
24730520,5
38810610,6
29661297,9
25684522,5
39993714,5
27886502,4
19730157,7
4674465,7
14955487,8
37175400,9
524992,5
33109498,8
35213780,1
27806167,7
31661177,0
27326403,9
33057463,8
34281442,2
22409214,5
3149496,0
6498459,5
35711091,7
37245832,3
18580920,9
15416054,0
36840903,3
32467060,2
37356288,5
30974427,0
4972079,1
31269509,3
11729594,0
18513734,4
20814173,1
6407620,8
28298709,4
18221843,6
39233277,0
33586493,4
38353644,0
12872242,4
35086560,6
13665968,1
29141727,7
32129387,6
7191209,7
33131477,1
30533189,6
16068703,9
37853870,8
29017058,7
28631288,0
27004815,5
24458023,2
13806609,0
36142326,3
40125189,4
34296409,9
11853141,5
39085287,1
35542764,2
38992480,6
6194533,4
22849275,7
9789410,0
7916317,1
6756132,1
21313476,5
37849499,4
10035010,5
17868597,1
31336664,8
28215774,5
35027945,0
39088101,1
30461015,6
26836188,7
39133507,0
38308003,6
34584354,6
33857132,9
19808317,0
21073857,5
36532845,1
18881472,9
3950773,2
32036119,6
13484182,8
10307794,0
6953370,4
37197780,4
1602122,3
18961548,7
38817895,2
21805453,5
36463722,1
37976477,2
787015,1
10203210,0
27041646,1
31235971,9
35289673,4
38524821,9
10827112,0
28057646,9
14354819,9
4031814,0
34645130,0
12741957,5
9440010,5
24937011,8
25739026,6
20189314,1
14417870,7
32321408,9
15214020,1
37625075,8
27090063,0
12666319,5
885103,5
34264314,9
34803982,1
33612568,3
36731323,8
31516085,8
8180959,1
20131108,0
22829309,4
13584992,1
8314569,6
23841603,0
9532703,1
25437820,4
9753658,0
27876898,5
30289872,2
17852489,1
39164524,4
241250,5
27649132,9
15419617,5
34315278,5
37083168,4
12541213,7
25249838,2
35401094,3
37864419,5
37800054,3
36847384,4
36817413,9
37706221,8
35647330,6
15468422,4
40091456,0
22560698,5
35699484,2
37470469,4
7274049,0
26235782,5
37917378,9
23335766,6
37240417,5
24375909,9
2248321,5
38312494,2
28956968,7
21171290,2
36583635,6
34591505,3
33801171,1
31344201,8
9665002,5
32954728,5
9751214,6
20843922,6
2207562,5
14667146,3
35958510,3
34207062,9
25204299,5
32031995,5
32960877,7
39087559,3
15610574,3
1401721,9
29781828,9
19329533,7
15636601,7
27133678,8
6423171,0
16571908,0
35307091,9
27656401,0
2585091,0
13621533,8
31483818,3
23981601,3
38096006,6
12009616,4
35776829,4
2653516,5
35616545,8
36723595,5
32945732,5
33534976,1
22854607,0
31841751,6
33200893,1
8734091,4
15913767,1
13263122,1
28252442,9
8824826,0
37045053,5
26492636,8
39381137,5
20930006,8
13688707,1
23476331,6
10259282,5
22209145,0
39147701,4
15525416,7
29035094,3
36118077,2
37440855,6
35001186,3
9084228,6
1552260,8
40052616,1
10182487,4
33935557,0
19685002,7
33692619,7
26247960,6
14987106,1
32647939,6
18281082,8
3199363,6
6283481,6
25062068,1
13552907,8
23125471,5
30971615,1
25980802,4
24277313,4
10290990,0
15279429,3
2876517,1
14466713,3
12924792,0
29681457,7
31090572,6
38706655,4
4463395,0
31407900,9
36773053,3
30140437,5
31964930,9
22207212,7
33617120,7
40036942,1
23125671,5
17056775,7
27629797,4
30811412,9
18878663,3
10032077,4
33239147,0
12907004,1
11019036,0
17302166,1
29904851,1
20229291,8
23774619,3
39307257,8
25778004,8
39281199,5
30553824,7
35675601,5
18043537,6
23819365,2
7945730,7
1274869,0
23032990,6
30910270,3
9311312,8
39427492,5
21562815,8
38006968,8
21184299,4
5803290,4
14719776,2
30257408,4
31260389,5
24419525,2
24677595,6
37837148,6
21101557,4
35925625,6
29807201,3
16637735,4
33139896,9
39115933,4
25129881,7
34374424,4
15884038,2
38534817,2
8900768,0
17982967,8
16048056,1
28478085,6
34074049,4
30403606,5
38226401,8
26914462,8
38884513,8
34006847,0
17758442,4
6194865,4
9050408,1
30408098,3
37127292,1
32295879,1
36400683,4
17218151,3
4917893,5
9099523,7
34718095,5
35707214,1
34878405,8
37140933,8
17432157,4
18039190,3
13113726,4
20445060,1
27490714,4
31372778,7
39956663,7
38398029,6
39684365,7
1292817,4
31187335,6
31868441,1
33153606,6
2461964,0
40062073,8
13319442,9
25069246,5
33722336,7
24210700,1
39148477,1
38809858,5
23402882,9
34938686,9
24757879,7
33739182,7
19206459,1
17076141,8
7544258,9
21221595,9
17600942,8
18492273,9
30550812,8
39808573,0
20266163,9
29289288,1
1085852,1
29478684,5
19859827,7
35113081,3
17434399,3
18478287,8
27720034,4
22781227,6
26441492,0
10069336,4
34850315,1
24187487,6
33016142,9
30662112,6
25594970,8
28226308,3
9149151,1
20220990,4
27595349,5
36963406,3
10771163,6
15471233,6
30451190,4
7465889,0
5653088,5
23175978,5
36097275,7
32566188,8
23699870,2
8916028,5
7273841,6
36446729,1
35569447,4
10272612,4
29458653,7
25264279,9
33391736,9
37173122,1
21972020,2
39541722,1
38670267,6
21797181,6
16714617,1
34386096,5
9682328,9
27664896,0
37441218,0
27369247,6
21454299,1
36707916,0
18638499,6
28037248,6
3421290,7
31465161,5
5704590,5
32157517,9
6471081,1
21245219,7
22905129,1
35994465,9
3026678,2
13851757,4
27350944,9
24913505,1
25163023,6
37351733,4
39214484,3
14015152,0
38535456,7
36144981,9
24406692,5
33866352,5
13098457,1
38726250,7
14281251,3
18087720,0
26874346,1
14149210,5
23929778,1
32081680,4
10539373,8
34481169,4
14151021,4
4393340,4
5690888,8
25752315,1
25741655,3
1075652,3
33889584,1
28833593,5
33852378,7
33443233,6
12917792,6
31508043,2
39732495,4
34923628,3
35665838,4
33199172,2
37583078,5
30580301,9
33027992,6
38569603,7
23578396,9
17935660,1
5322027,2
12554085,1
19896733,0
39550050,5
29616749,1
22703385,7
27517425,9
32876962,1
35959358,3
980932,4
22356567,6
30713927,1
639949,5
29183653,5
25328663,6
28886558,6
13003949,3
28636741,6
15736578,2
22913012,2
4119813,5
28573545,9
27094838,9
8990600,8
36939522,7
6889785,9
39533452,2
5143593,8
30141853,4
17921455,8
23148216,5
23006458,7
37910443,8
8579098,5
31708990,7
5770944,3
26759339,7
26720307,7
14149613,4
35954990,3
27820713,3
4449261,0
33001507,0
33261630,1
15604475,0
23228276,8
19298147,7
19140431,4
16096754,7
27391006,6
35196065,7
28859183,7
30522672,4
2543672,5
7987269,2
11096134,8
23310864,2
26747692,7
35841701,2
33577192,0
35046437,0
4225927,1
17124365,8
37296209,5
32704725,6
35702936,2
34803766,2
27609865,7
19037116,0
36228516,9
29487090,1
2591845,9
32006771,1
34121294,9
33322435,2
11067916,9
26223951,0
25024203,3
15790691,1
19646716,7
12657867,8
22551408,8
38932722,8
16485237,2
11541824,3
29832160,1
10364818,8
11856815,4
30554114,7
38902553,6
16464015,7
19204776,6
21704646,7
16929639,0
34272186,5
34016106,4
32583125,6
39007820,6
23857535,4
27212153,9
34301581,1
39509392,5
10977114,5
29651027,3
36190751,8
8346164,6
15756285,3
34405649,0
23143513,1
25750247,1
1210118,8
32617086,8
1150581,6
13345284,6
25266999,7
1241893,2
26488279,5
29322824,1
25025299,0
3562441,0
38702364,7
31676473,3
38641162,3
35108617,8
19129106,7
33987864,6
11154634,8
37753671,7
39120934,9
30356069,6
7749914,8
31618733,7
27954926,5
12308028,0
13295205,0
34842697,7
33582424,8
37827808,8
28464886,3
24618648,7
39874047,3
15825241,7
12364981,2
23679318,9
31076197,6
16591082,5
11465158,9
35183140,6
397125,2
8440824,8
31565901,3
3324733,5
26575661,4
22675840,5
20409518,1
14572999,0
4665342,1
35152137,7
38213595,0
3642748,8
38625435,9
39003982,9
5230699,6
20432419,9
37132594,7
38256373,7
29317526,4
39256233,4
22284018,4
15272918,9
5385959,8
12796443,4
9919342,9
7010551,8
34253933,4
1383863,1
36387302,7
17202243,1
15007867,8
31453414,8
34108502,1
28313984,8
24914735,7
4516358,7
26470476,5
39205979,4
30254023,6
14344474,6
22452512,3
39662811,6
24415638,2
28354567,6
28274133,5
12353996,0
15864846,1
27957569,0
39425284,0
27046448,4
13238566,8
32378308,9
219215,1
39638324,9
27389165,6
28730805,9
9752017,8
11195140,7
28316119,8
35510972,3
38614156,7
25506527,1
19645527,2
33763621,0
37034308,4
33748040,9
33535386,0
26869977,0
33113031,2
35896970,4
34418667,5
34241050,9
34846503,4
32328192,2
31189199,6
4095749,9
29521027,9
38658574,6
20981691,5
32378647,9
40101329,9
21110713,6
19074645,0
21665629,4
5084934,6
32587183,9
39144482,3
6998366,5
17042602,4
21790459,9
37730650,0
18492000,9
27377142,4
17350774,2
37450334,2
1328041,8
4107070,5
29745032,6
32936373,4
14764873,0
6689935,8
13633521,7
33270673,2
6315501,0
30364958,7
35797523,9
32742250,4
20701484,3
10390537,0
17128029,1
15598867,9
19996940,7
19962300,4
1621806,0
30211966,9
34481924,9
33273792,6
30583738,3
21054359,9
26885143,1
37121222,6
27025359,7
7057450,8
3080450,9
29250319,1
27830650,1
26762740,4
23483503,2
11413657,1
37206973,1
34040241,0
13278959,7
19316985,8
7954784,0
5452648,0
25918393,1
10925507,1
36980910,5
36457040,3
6515160,5
5881615,8
10953060,0
5091914,4
22333700,3
33619895,3
10839836,3
25583468,6
38797281,5
24447994,1
38197722,9
22458192,5
7632589,2
39447362,8
12322065,0
20941428,9
17086289,6
29443216,1
16121425,9
38450320,4
38718190,5
18174401,0
21259988,4
20110732,5
25952922,6
10447010,9
22667298,7
2170228,9
40004639,1
1959744,7
5384632,1
35263440,9
31751230,9
22605344,4
19165751,6
38947658,3
33194533,9
19439961,4
37462656,4
13822642,7
37735296,5
35049873,6
32285022,3
23130008,7
26558688,0
15828312,8
4063392,3
12408414,4
4537355,8
16359052,9
33047762,3
38133980,1
7200606,6
27624166,0
39150996,4
23265920,9
35749955,1
35350065,4
40049320,0
28641210,4
3833717,3
28195586,9
8724729,1
21052946,6
27735413,8
31954983,1
30429608,3
5507156,6
24012547,5
27031629,9
23689357,4
32425153,1
25829049,4
35704722,9
29860814,2
4103085,1
37346269,4
38558171,4
24881554,7
9504937,5
16745487,1
32302687,1
35228982,8
24411931,3
29261917,9
8495786,3
34779058,1
19622241,1
17920147,9
7778809,6
36437397,3
28746247,1
39907708,3
383760,5
38242445,2
13304136,2
27004888,8
38729081,8
33260651,2
23290114,3
9850973,1
34846713,5
17015490,1
15993006,0
8904318,0
37502545,2
37354022,9
30660619,5
9671530,0
33272162,7
8686225,8
18295751,3
8327365,0
39905822,3
39060386,0
26449057,9
14827983,0
22244642,1
33697530,2
18431821,3
31982284,8
38733897,3
40071165,0
1596963,6
21032497,7
38928949,1
2801154,4
29454595,7
17116718,1
40098680,9
9390536,7
25766209,7
28233766,6
2940948,4
24804527,3
27027316,7
34812542,3
30009948,9
27732965,7
747781,2
16030923,7
22298050,9
12934699,6
21506864,3
26489449,7
30891094,1
16719263,3
6075974,7
38562144,3
14395115,4
4947290,5
39658549,0
34126448,9
26513125,5
30647997,1
38130054,3
6256183,9
30486773,0
28873486,4
28011551,1
32280480,5
12320143,1
9091073,2
25258755,9
34544925,3
14787461,8
11068198,1
32315491,1
15305787,5
13127045,2
24604983,6
21677964,7
13639461,4
23636077,5
40063317,0
30674777,9
40090673,9
8281762,0
31967010,4
31381183,5
26858129,6
11315259,6
26652845,9
35311269,8
16505456,8
22347357,5
16909779,3
37590721,6
28616679,5
26342588,5
39781172,1
31121026,0
19956622,4
30900003,9
9292169,5
16818338,5
17913377,7
3665414,9
36632745,5
18082319,6
33455463,4
37883476,5
23188991,4
30133505,9
23020520,3
34857737,4
11794466,8
38341323,3
36427800,4
38094679,0
19182912,9
22788770,1
15791553,2
2717282,5
37087613,6
9702933,1
30397874,3
22115831,0
1504729,0
20804956,1
2942940,0
4702274,8
13068043,7
17683701,4
19349117,5
7270022,8
31421283,7
38658041,8
36684140,7
32389221,4
11035076,7
17023170,3
31714221,6
8892831,8
27178126,9
36662624,3
40007815,0
18221294,4
30695709,4
35663130,9
35990123,0
38470092,5
36958314,9
3824179,5
13797624,3
16957167,5
39738285,4
14804291,9
39188888,9
31758913,0
27434569,3
11651553,6
12715804,1
13774397,8
5306756,7
19371849,5
21870618,7
29179670,3
15098431,6
36134850,9
3606743,1
12098559,4
38919565,3
27910855,7
25771516,1
32043124,8
28988072,1
11657614,8
9372456,8
9767585,6
30961846,3
15870443,4
29043771,4
34964426,5
11302487,5
21448929,4
30036303,4
32762924,5
39329309,0
35330808,5
3244876,3
23439131,3
38446908,8
34846325,9
28439394,5
35614466,7
34244191,2
9946760,1
20470970,9
11897597,8
19349902,9
2875767,4
18609513,8
21952175,1
4894976,5
25634624,5
27286275,7
2063412,4
25513698,4
33168099,2
30682836,0
15266818,9
32646389,0
32548708,9
30149776,7
22069727,8
10075065,6
35748549,6
8225460,2
28818036,7
11927604,4
3976795,9
39203384,2
20360293,1
10202306,8
8858145,5
1876131,4
31898989,3
19215847,6
35752388,6
33434990,2
19865964,4
36213883,6
31219359,1
16592420,0
5764664,6
16351436,3
19264922,2
19058985,5
34596576,0
39934802,4
21860661,7
13566747,9
22565311,0
5783516,7
30753390,9
29015221,2
38427958,0
25318639,9
26473885,7
3375375,4
17184225,4
19242826,5
20528081,9
36487527,7
30370110,8
37886785,9
18592785,5
31119510,8
30979092,3
11641435,5
21747260,1
37372401,5
34885107,4
23009552,5
19109158,1
19289291,5
19166126,6
20849316,5
13674792,0
36975738,5
10400139,8
25045483,2
39379805,3
23184263,8
39969218,2
19678342,1
5481686,1
21996288,9
27645132,5
38879220,6
39499959,0
33353855,8
10850052,8
16687433,0
22076449,0
33030056,5
36028382,7
18174883,7
11618913,4
32529073,7
30655847,4
19134404,5
29343107,8
6630645,4
19440322,6
18880625,1
34108696,2
37246630,8
26243682,1
38944814,5
29064053,3
7589238,2
2768188,7
38552285,7
36046230,4
35143596,2
11130831,3
26430607,4
27646065,0
34781904,1
35096360,9
17697170,1
25417713,3
10110083,6
1521058,3
30412340,2
28619045,4
32188352,6
14222773,4
38819570,4
28668698,2
11611849,0
855514,7
35948293,6
18301980,5
3907611,6
8901996,7
9252688,4
35260742,2
5136611,0
32971485,6
26345196,6
36068832,7
37106475,3
20461772,2
18232150,5
22387024,0
40039457,6
17831211,0
11982341,5
38963822,5
7222382,3
35502121,1
32203982,4
37341764,0
36410373,1
1448429,1
39348496,1
24440960,6
35261588,3
37885882,9
33412974,1
18236155,0
25249259,7
33681855,0
34757803,6
37335938,8
39557313,3
25726924,9
20579397,8
24234034,6
35397621,6
30662570,3
13025332,8
20199962,7
37528077,0
30815468,8
29929639,9
24941765,9
8060397,9
30121441,8
4707296,9
38994930,6
34485056,1
33527030,6
34445692,6
1212108,1
15486711,8
26801068,2
22806065,6
20551104,1
7698716,4
38609421,3
39257652,3
20870812,4
26894144,1
36794592,6
31836695,6
9964911,6
25770880,9
27912764,1
5498060,3
29733476,3
4605929,4
34598298,8
1491796,0
39646631,9
35090521,0
37232387,3
23023878,8
28211280,1
36723003,9
29338190,3
34369849,5
5041682,1
24028925,2
702986,4
21226708,0
5156663,5
12332195,8
1189253,8
30253198,9
4733838,1
11087553,0
36786056,2
20922979,4
35659578,8
23343370,5
37095012,1
21430900,8
10570560,2
35620823,7
28327150,3
36140143,6
6462684,0
10868473,4
14176833,8
23567674,1
39304995,3
17658399,7
21705098,0
14628486,8
34386221,2
24560173,4
24865844,8
36269546,9
1053928,3
37317496,3
9533179,0
13224920,0
35515975,1
6846829,8
8806101,9
13346021,4
14178517,5
25733955,9
2825520,4
27899293,4
11025700,1
38597378,3
24892904,6
20121664,6
9635913,5
18214743,8
29478400,1
16265602,1
28489149,0
10682806,5
17639142,2
24467748,0
26658175,9
5825653,3
9458110,6
30174526,1
24597661,6
28997445,8
38050084,7
18840174,3
25395175,0
29911230,6
38576589,5
39309227,5
2672635,8
35726924,5
9097441,6
15247628,9
37112548,5
2005540,0
21298772,3
15860074,1
22794884,6
3749512,9
20285906,3
3405626,4
29983059,2
8971074,4
5690147,5
36033021,6
7857868,4
12601316,4
33848197,6
16943988,5
35725478,0
23607525,8
33969754,1
34229641,8
24488927,9
11029014,8
2171733,3
22862658,7
30948997,3
16342777,0
10985157,1
20114653,6
32037190,8
34132663,9
18005861,4
30922736,6
35750140,0
28335194,7
4642423,4
36631462,4
10984471,9
31033468,6
34709927,4
39628043,4
28214895,9
7017990,5
27048702,4
39987703,1
27765166,8
8781024,5
34180674,0
22657874,6
21854364,0
2401117,7
1049070,2
13901185,0
29194082,2
25196721,4
34253425,4
15231870,6
19224300,3
37346463,4
12341496,8
5504498,3
36666353,8
18295595,6
27428008,9
5360050,0
9298820,1
27425443,4
39288354,1
28255133,0
30610579,2
25291506,5
30125939,1
34996508,4
35847399,0
4039354,8
29474143,1
37408133,4
25678204,2
11488558,4
37199288,3
31745159,9
31317312,6
22280167,1
26593944,3
8211386,1
22652762,7
3252383,7
30142149,5
31740909,6
6413891,8
29729356,9
26719449,1
18722046,0
9761116,5
32751576,2
25051362,5
28679718,4
27578674,5
30028841,2
36277917,0
28677657,8
27339940,9
16474171,4
13303464,4
14161331,3
31649871,8
33167079,5
28859300,6
37280467,0
15856429,1
28066142,8
37698554,8
14942343,4
14268056,4
39690258,3
15980196,8
25337092,4
21870807,4
23067585,2
5540510,8
11731392,2
3610084,4
39130288,3
168559,8
30150817,5
24525421,6
32940613,7
36676594,6
21756477,8
3040356,1
21617249,0
39527176,9
5768656,8
37303345,0
16747459,8
20023986,8
37516409,0
13493477,4
27912930,9
19742385,4
26549542,4
39700636,6
39261819,0
16455934,1
3601210,0
29060281,0
30801715,6
13019203,3
15405460,7
24428211,8
39564909,1
28246938,8
31259868,6
3647771,4
18146905,5
39965297,0
5325908,1
21947762,7
12332611,3
35537895,3
9278858,4
34701974,9
34915544,1
12071295,1
1329115,5
27271516,5
19429393,1
25012575,6
28748092,5
12933895,6
10000441,1
10823008,3
13588516,4
33052429,1
27925358,3
3430372,6
20889242,5
39457792,7
5385344,5
36690737,0
11565313,5
28957894,1
24401311,5
34415182,1
26901600,7
33687249,1
16908655,6
34087082,5
22494116,6
25976804,5
31202918,4
15323480,9
27262728,7
25803822,6
17373473,1
30449035,7
31622013,6
26694381,3
16339550,4
37170313,3
10164351,0
7741878,3
15239418,5
25182083,5
24780600,1
13041180,6
39671786,5
15176764,9
13858158,8
21810272,3
38107344,9
24065793,7
12607241,1
25813037,6
13312498,3
19173937,9
11684354,0
10109848,4
19379968,9
29467489,1
13844158,9
32118266,1
20260228,5
16102358,9
9844014,8
19694090,5
25219326,8
23519862,9
38818846,4
6726521,0
19342084,7
25200622,4
16893713,3
24718209,2
36044972,4
36329412,9
14187253,6
33674665,0
32804410,1
27266187,6
26743793,9
2364945,3
29382049,3
24906313,5
29737279,6
34022501,6
21641649,1
17095359,3
34386802,1
37880196,1
19615944,7
27163432,3
26818572,0
3909639,3
11570455,6
32613452,7
23155642,6
30285039,8
38132019,3
38233245,5
17033094,8
26233100,6
32402665,0
29240510,6
34903082,6
19873141,9
34063192,1
33350996,6
26383634,3
39448079,5
28273344,1
4718520,8
21211572,6
27340913,5
11313568,9
23067686,6
38977550,5
38008389,2
8554282,4
17261551,5
33145191,0
11851819,4
8539628,6
37391472,4
20916800,1
33699680,9
22312852,4
34771090,9
16759035,8
27756552,5
14134783,2
12050460,3
14284492,2
7087395,4
29837715,9
28502508,7
32609158,3
20844602,9
8514017,5
20836081,3
33908570,7
33486224,2
39555782,5
21972690,6
35607270,6
19464813,7
25778723,6
28225600,3
6769565,1
24198753,1
2956076,1
31480011,1
22845247,3
30623995,1
11863759,9
29111801,6
36994851,3
33120123,3
7186961,4
24346903,3
37913921,4
37056533,0
16990812,8
5436540,1
22682543,1
27914827,0
36579629,4
26385984,8
28097661,7
32130954,3
12665971,8
19379345,1
36972402,6
7346342,5
30542997,4
12984205,2
38349387,4
36461901,9
39948448,0
34537335,6
22423626,9
19031299,6
35368418,7
20324103,2
14049048,1
29209007,1
2330278,5
35470446,2
18809962,4
21471672,8
31111650,4
10682719,2
29550776,5
10121861,7
14124311,6
29175581,8
38166313,9
26199354,7
39057333,7
7438666,1
32764536,1
17324517,9
15841969,6
13757734,0
31593811,1
12225392,1
31279843,7
33662222,1
19655407,9
13089022,6
24228420,2
32720873,3
27365402,8
18514719,6
34079680,9
8014343,5
37259543,7
36672021,5
33235135,9
31432013,8
37143235,7
18482786,8
35566678,1
29794126,8
13277004,1
10671841,9
22932324,6
39673720,7
17118714,4
36327618,1
11352047,3
17941083,3
39888821,0
37851014,4
21896685,5
19666772,9
37094707,7
23390033,3
38768129,0
35102838,9
37014652,3
9405399,5
25859496,7
30154970,7
33808135,5
31517534,0
19561587,0
22473370,5
12880158,5
35436129,1
39969896,7
25429445,5
21192230,7
22315678,6
34049790,2
37643520,5
34656477,6
31601820,0
32606743,3
33712530,7
34260259,7
35336132,3
29670110,2
12613787,4
26106358,4
38232834,1
38687935,9
35908786,0
22815822,1
19152355,4
35298554,5
33158219,8
22619681,1
30872748,0
20482381,1
35032571,1
3351963,3
7766445,4
22205954,7
3635073,4
39421500,1
32227824,5
10792736,6
31719831,5
20295134,9
37795044,3
30986106,7
12150491,8
12954969,0
34382149,9
24361505,4
19939189,7
24273517,0
31210056,0
2882060,2
28615264,1
18549236,6
34102891,9
24231285,3
36619359,0
22106425,3
36547260,3
32914033,9
18123325,0
37145734,6
35958446,7
9547460,5
5315537,4
9900137,0
22349741,5
14037882,6
21629727,2
27582796,2
27543458,4
1400537,5
18396172,6
40111822,3
29062319,0
31211832,1
34132332,9
39284989,3
8380046,4
33336080,4
9727429,5
21424463,6
15852436,9
35565250,0
25772750,7
34495762,7
33824764,4
22738922,8
22806226,8
7693273,7
37297266,4
25444198,0
24468741,7
39784483,5
37131947,5
30918710,7
39548099,7
11155342,4
32350485,5
35756562,0
23123759,1
28698419,1
24849655,9
22605575,5
16146966,1
16128128,7
37296866,7
20103730,5
7186134,6
37077154,4
20921889,8
30722467,1
13248569,5
33341394,4
38061876,9
26049459,1
6301249,7
28059054,1
29823687,9
4495223,5
30643194,0
38976411,3
25798071,7
6961212,5
37146322,8
25866765,0
5436122,7
4106546,2
21023423,5
17290854,8
27456185,3
5472818,5
2690324,7
26922088,6
32018172,2
4882377,1
36925982,0
28433036,7
32622935,2
19451544,7
27819713,9
38100729,0
31635140,1
19873620,5
37671720,1
11387001,5
23215177,0
21677347,6
13331419,9
38372560,4
24680216,5
7258931,3
26197292,7
21922015,4
14538887,9
10544928,0
5129794,5
30847903,2
36365542,8
14335832,5
38310086,3
23787043,9
7760837,9
8318766,4
28612607,5
39008407,7
13955319,1
30979817,5
25625100,0
16491781,8
33833291,1
3800530,4
12644826,4
36871638,0
25733694,3
13341780,0
35765341,6
35832475,9
19401749,8
37789409,1
26592540,8
3853703,4
21881749,5
17782744,3
23256340,6
18795352,4
25435540,1
22871350,4
35278217,4
16953251,0
22155626,5
19426759,4
33345995,0
9358749,9
33727205,6
9986340,6
23546656,4
32317241,7
12804239,6
27162395,0
36576063,3
7003821,9
11665411,5
14004457,1
3345199,0
33114155,4
26948405,1
2894668,7
30144020,9
21556115,3
10846061,1
20935675,7
4371004,6
28134919,0
12620748,0
21997347,6
15169663,9
10042578,8
28562966,9
28616143,8
21152430,9
29332424,2
33383573,7
34649399,3
21936588,7
31012799,5
38236351,2
26442394,1
39848610,3
22438238,3
10165756,4
33279287,7
78799,8
11531531,0
12043522,5
5027352,8
11788565,9
27452754,7
17602455,0
14043431,5
28825116,9
39323666,6
34075491,9
13937176,2
24003450,9
35223118,1
28666995,5
14320396,1
7538587,0
6254713,9
16220263,6
15930291,3
15178640,0
23921090,3
14217466,5
21189346,1
16551998,1
18166417,6
29030529,6
32553661,5
37718683,3
36893767,3
31657017,7
26594163,0
5614992,5
4827303,7
3949772,1
25559202,9
26867730,9
17085021,5
5159238,7
21459349,4
29592042,7
23090151,1
39001152,3
14949090,9
2375956,4
29850602,0
23411836,2
15771424,6
22444607,6
9566592,9
29395105,0
3271639,2
3835083,6
1752902,4
17508544,9
32895729,8
33391624,9
36461054,1
16882965,9
24190137,6
28519444,7
21067462,7
32911481,9
7410182,2
34348113,3
32725823,9
32368888,5
22393783,2
34771564,7
37170927,8
3274114,9
36534351,6
39752819,3
22857889,4
32653137,4
15481914,9
5941622,5
30685462,9
22098932,5
26907640,6
34740768,9
35305162,3
16351654,0
39821177,1
8955274,7
35736250,4
25611832,5
29043138,4
10322653,1
15054095,9
16762637,4
30993445,3
30166105,4
29616487,1
29810464,9
29702424,2
21707330,9
8706631,1
27836146,3
10101540,1
13409239,2
30276499,8
9523603,4
39144325,9
39228698,4
22413568,4
35872981,5
10877734,6
32989059,5
20339390,0
37280435,0
30041679,8
1469614,1
26966221,6
39864184,1
10232465,3
31846335,5
15147189,8
2971381,0
739289,4
38117131,4
18838994,2
33416398,4
30055267,1
26089518,7
8130905,9
40099711,1
7829768,4
10844331,7
24261973,5
33444061,1
7051756,8
18696231,4
21615158,6
11890781,7
28667479,4
20797700,4
15893153,5
35910253,1
22567373,7
21263766,9
343204,1
30861156,2
23094616,4
4771754,4
38297292,9
27666008,9
30142863,7
6115066,0
31630260,6
13131139,6
31708737,0
38309707,5
29216804,2
35018628,7
14781895,0
35160710,9
8467683,8
17015610,4
38845012,7
29695657,0
24411180,5
2057921,2
13194542,6
18340528,4
14278370,6
14522757,8
29941757,6
38975770,3
38318011,3
34044266,2
36880860,7
27700625,3
32581569,2
24327313,8
37416978,9
9492355,2
3000646,4
36670851,2
33266577,7
33049814,9
16727171,1
31626035,4
10569846,1
28960249,3
27754231,4
38836591,5
34886005,1
4208390,0
21038210,1
21649841,6
23583840,5
33420068,6
11884635,4
18753341,7
39106532,6
1576784,1
36017135,6
18759765,5
11541454,0
15312732,1
14470504,5
1482308,9
7081567,5
18552242,7
37773719,1
34539959,6
33182632,5
10074325,1
22969817,9
26135386,6
15157502,1
36789677,5
6493876,6
2527992,5
11914083,7
33987624,1
40096197,5
20487981,7
32983085,1
39969021,3
24754016,4
21544372,5
11352199,0
20636036,1
20065164,8
27791255,3
18269786,3
20638206,4
3893599,3
8292948,5
20012920,8
35643306,7
36043951,6
18506586,7
35214455,1
30677288,0
7314942,4
37121110,3
613246,1
6143952,5
28526827,1
21791957,8
16315645,3
16538883,6
4277243,5
12217462,4
3887944,2
37150345,7
7396071,6
13696883,1
36485098,5
36573764,9
36288746,9
508183,4
21083924,3
3996904,3
3348594,9
20575347,2
23056805,0
4610717,3
39438335,6
24057943,7
30621772,8
25865975,2
20154766,9
19421538,4
893984,2
656155,8
39875322,5
14527671,8
31115016,9
18393543,6
36293801,6
16783597,5
34507234,2
14145371,9
25422733,9
24341701,3
21500737,8
37414213,1
37584942,8
39972261,1
6510333,1
31928942,4
37361069,4
35393379,8
28483471,8
20997957,7
38230117,6
38665093,1
15661465,1
12517649,6
28113433,3
34785467,1
8535997,4
18229875,5
31288144,4
33642846,8
30124608,6
34265102,3
38238,8
976506,1
24983212,9
26626815,4
7378427,4
39418419,5
36112600,0
21381096,5
27262473,1
34123173,6
8728854,6
30910443,0
10919823,2
19034210,4
4289937,7
27482976,5
35531105,1
12083158,1
29888002,5
19782975,3
25813789,0
29645055,6
37281200,7
7848573,5
33704780,3
38708775,6
35256779,1
10962922,0
27461677,7
1952379,8
35596501,0
34444681,6
29884453,6
27443143,0
37794648,7
32254920,0
17688155,3
28179026,8
29711531,1
25716808,8
6179617,1
29972842,0
39032103,2
22946719,1
34821534,2
28762951,3
10091271,0
2905987,4
27062908,9
2219316,1
24210256,5
34838946,2
17781448,4
20616705,5
13588024,0
19782336,7
5058830,2
27833489,0
37719889,3
38346542,2
29261991,6
14184105,7
3692697,4
12353608,3
31183788,3
10157678,1
8094760,1
15987690,7
14845789,2
30301011,5
1483024,1
32972422,3
7833106,0
8654869,8
25299497,6
30769867,7
1686292,5
24192984,5
13793270,6
10822486,4
12814667,9
12022105,5
28799952,2
30353804,3
25199291,4
4835611,8
17606149,1
20949204,9
28968690,9
21052973,4
37766612,7
25284292,8
34278043,9
5259161,2
26145678,8
38363262,1
32622219,7
35512199,1
30871384,7
34081037,7
10134253,1
37865177,9
23701148,3
32218520,3
28576540,9
24409698,5
31597203,7
37749759,9
39939716,0
9208867,8
25072115,5
29226021,4
30294712,5
11475885,4
23199578,5
33447680,4
32878574,1
33401428,9
16684595,9
16017034,9
39379616,7
38309109,3
37088933,8
21341702,5
36150434,0
30327595,9
26162613,9
38645607,6
19966557,0
22335894,7
14777066,3
14559101,4
16931536,1
19127704,6
17349928,3
36847447,2
9093059,1
22546431,3
6765886,6
2632199,8
33312584,6
29149466,8
13321398,8
31396062,1
989276,7
36956477,0
38261366,1
10706231,5
29160503,9
31190802,9
35369096,1
39058034,3
32851393,9
23079208,3
15192637,3
3903432,3
10860920,0
33826441,9
9814577,8
31192007,5
919927,7
28166784,5
755777,0
20317170,6
37522105,8
35867326,2
27018426,6
38454207,1
34484986,2
32059419,6
35007818,4
10134690,5
31440201,7
18706701,2
24970265,1
28432987,4
18683097,8
39435820,2
29078645,0
25386012,9
26032287,6
16426712,3
21064299,2
28641553,8
16114391,1
11022201,6
14359730,0
31589409,8
13635000,9
5583596,4
20121390,8
7110604,0
1293828,4
24297042,0
24637763,0
38288914,0
27806825,9
13017101,4
36243916,6
15404256,4
15420752,1
32707261,9
31764970,5
1351209,1
33977077,5
8361019,8
38131287,9
38932835,2
18688908,9
21273602,5
25247364,8
12352674,4
811306,4
31930789,6
13519774,3
37058567,4
26736220,4
1993243,0
32641480,6
31941532,3
32042775,6
37610140,9
28372127,3
10460088,6
38806453,1
36529788,7
7951804,7
7856853,6
6769782,5
34976671,1
27138039,7
7058494,2
28999591,5
18481531,5
24149597,0
14320068,4
1268899,9
17338309,3
17794241,7
3924414,5
31222249,2
38540208,8
690688,5
36497579,0
22189227,7
15116899,1
36958031,8
29309116,2
25791176,5
29433243,3
39877278,4
36185081,3
8741997,9
36426910,0
36722578,4
13992785,0
14773980,1
21769271,9
37032262,6
21592313,8
23328908,8
29686331,0
39026418,2
17070822,3
23263599,3
37595414,8
31374835,3
20725699,8
13962529,5
27987298,6
8000490,2
29765311,4
32027997,2
10038731,5
18163301,5
9860680,7
26184977,4
26948809,0
20483223,7
32978233,1
17425505,4
28599883,2
21369137,1
32884319,4
36585811,3
24045429,5
33458613,7
18432380,9
13369384,1
21946174,1
32063363,4
35350200,4
12321178,0
24964081,7
30961640,2
4291880,0
13327213,6
24149496,2
22387883,0
19890626,7
21485318,6
18531483,7
4372129,8
33101465,9
21769390,5
36988859,3
16812858,9
14017015,4
17877870,3
15039211,0
18935037,3
13122615,4
19719413,0
35620206,4
39551658,0
31247313,2
3184128,1
28203126,4
26863537,9
38689205,1
33248223,7
13948176,0
5228972,3
12843909,6
36750580,8
23689183,1
35137320,9
38066785,3
34916062,9
4048789,8
21693593,4
13238433,5
23412912,4
39998262,7
2959109,8
34474411,0
33763133,7
4473531,4
17285163,3
10003751,9
30990654,9
21453284,2
29960982,0
30514599,5
29160422,3
29991041,4
22856169,3
10915691,4
8826099,4
31335415,6
19963352,7
36850866,8
8794085,4
38044103,6
31032507,6
9062917,6
14996264,5
26163470,7
4138522,5
39340339,4
7349678,0
36098619,0
10609683,5
19743512,0
40070216,4
30545655,7
14296531,1
39650869,2
4241632,1
39065129,6
39858802,7
35634286,1
5663508,1
36404051,6
27753538,5
39965946,7
37437869,9
24410469,7
19713411,2
5503820,3
2613105,5
35738854,3
23005080,1
9868792,6
33382766,7
992169,0
15750711,1
29805186,8
5448257,8
33733880,5
4206393,6
2940858,0
39454770,1
33621399,3
6318347,8
34764065,4
1247284,1
38470929,4
37301682,3
16651859,1
9782865,8
15786525,8
22362010,9
28268878,7
14450645,5
18253401,5
20362993,6
34786935,1
13462587,9
26857515,7
25160171,7
2005956,8
8215419,3
3359614,6
34030438,8
34981727,4
25755504,6
21902861,5
15555135,4
9630569,1
18751352,7
11802036,3
26713799,4
2304712,4
28704274,0
1826761,3
35413618,3
24493773,4
4999233,5
31166943,9
25230754,0
30736627,5
17794998,0
29021532,1
27110140,4
39704362,3
24643338,7
26647535,5
34209203,7
4082533,3
35731855,9
10302986,3
7660542,2
22994423,3
34293879,9
11412290,0
21362489,3
33896776,1
15105098,9
14913153,1
36875978,9
8139721,6
17949475,3
27473526,4
33394238,3
27088991,0
22854756,0
14793687,4
29893688,7
8044737,3
36563878,6
31683721,9
17277002,9
30885351,2
13532531,6
23170764,3
26928672,1
10525903,8
8615256,0
34846130,3
24546073,3
27928704,4
39128713,3
17405682,0
39623506,9
9249151,6
39125370,5
14292636,0
27276135,1
31233040,9
14303376,9
32022158,2
32916313,7
34580878,3
1096912,8
29036924,4
27669791,1
24483050,3
7400601,4
26568207,9
35958075,1
19620736,6
25230392,4
34009393,4
33020520,6
28680636,8
24709023,2
21310559,2
7427898,0
9636617,1
6620471,3
35317410,0
24416500,5
15768483,7
33855901,5
21009439,3
37510761,7
9365928,1
26029436,7
38150251,9
30009896,7
31056070,2
6661005,4
40118638,3
28884140,1
14840524,5
28023996,6
18242617,3
34994083,4
34504970,0
14589642,3
20244774,5
8903730,4
32917290,8
33449775,7
21746750,0
3077740,8
3776627,9
12698834,1
38414292,8
26188677,0
31692262,4
35220342,2
9224895,0
35759806,8
26049590,4
33582653,3
28902308,5
33545642,7
18926102,0
14591568,1
32245625,6
3005632,1
20835977,1
19532402,6
34838140,4
35000152,0
15468709,7
29439183,1
25357667,4
8646496,6
21307944,0
34705880,5
21529266,4
13093951,4
13540144,6
31041670,4
29963144,1
24176012,8
39135330,2
12395796,2
4340607,6
19783631,1
24550084,1
36297617,4
39419932,6
26859795,8
18168978,4
25085908,0
26614724,4
38532522,2
39062891,0
34470501,5
17689806,9
18170128,5
2793641,4
37562391,5
39080153,2
20388759,3
34683427,2
34009322,4
31791501,7
11269862,5
22212893,7
35488997,3
37542700,5
30068807,1
21463062,6
23523398,5
38079916,4
21758560,3
21976154,7
19570800,7
8669123,8
27578027,5
39378552,9
38876816,9
39526716,5
2677545,8
6639247,0
2461320,8
33203366,6
39455997,6
28420441,1
16301318,9
17735077,8
176213,9
34093098,6
24027277,5
1517959,4
36364346,6
39629393,9
28208298,0
38352565,4
20171117,7
9365396,8
6877326,0
38531078,7
9651940,3
38069516,0
30542984,9
33794115,6
39290901,1
37871296,7
1970495,5
4140634,2
10407790,8
16241708,3
36303761,4
31695693,2
38491318,9
6009862,5
31417156,6
28641721,2
18967965,4
17722989,9
3497578,2
7873400,8
36511052,6
19324733,4
39375878,9
31375045,9
33580750,2
39635698,5
31251445,8
23319340,9
22692295,2
11218928,9
22162152,4
23767690,3
32818056,9
33856103,1
12877534,2
20021441,9
14204303,7
16235514,3
20622583,1
13619752,9
25754855,9
27131294,2
32424670,3
9338157,8
28914578,6
28072387,3
39839026,6
39032830,1
7715501,2
18732942,2
34394900,4
40079837,1
21323878,0
13342802,4
6712984,6
36846761,5
24207916,4
39926952,7
39545906,3
3745724,4
17814913,9
23558111,3
24352116,2
9813862,4
26578316,7
8352513,8
23723869,4
14483768,1
11312872,6
32873268,6
2209125,5
22392692,3
7180857,0
38591436,4
35828760,1
30116396,7
6719484,5
1781554,6
5079094,7
19987323,1
268930,4
23943379,3
2018058,7
28724610,8
10982705,6
16230984,3
18779313,2
14838061,0
26539279,0
19719616,7
36943197,1
37402550,4
13479337,5
2335384,4
17223852,9
31465199,0
35673914,5
25229272,8
1507082,8
10109700,0
27100961,5
27639037,7
15052142,1
24876329,5
1425414,8
32938487,9
38720527,6
32589475,1
3435589,7
7408865,8
27751072,9
19353484,2
37325888,8
27644360,6
14991002,5
13418172,5
18162709,6
8933877,5
13019617,0
35074011,0
21112129,7
32436723,5
30422726,0
31684873,3
3929646,1
13332872,9
12133144,8
36104412,7
38740215,1
767881,8
14167352,6
37155730,0
8217583,5
27073552,9
1228722,0
34937807,1
35369711,4
32719324,1
23350328,5
39926937,5
39661198,9
37647771,6
29267284,5
36429647,1
14600619,5
6307296,1
30963913,8
28506885,5
30174906,6
9200389,8
1321828,4
33177324,8
29936695,5
8668793,2
35235088,9
15263102,5
2571450,4
38327807,2
19621726,9
34232269,2
14140756,6
38248866,1
1848371,6
7962304,4
12023135,4
39529616,1
16252574,3
39846780,6
33503176,0
6500262,5
26276371,4
35356714,9
37619002,5
39093250,3
19573716,2
34382376,4
34316553,9
39989384,7
24581098,4
1059253,5
9578465,5
33240295,8
36924654,6
24447287,5
20352157,8
39832493,6
34866575,5
37097366,9
26018420,9
13635348,1
37549771,6
1423345,0
7686704,8
24985507,7
28905112,0
21467374,1
24846049,6
34540919,8
35373245,4
37979749,5
3116401,4
20189051,8
15757461,4
942902,9
8938442,0
26042559,9
8746883,1
37716415,7
33775255,1
15725653,9
29743329,6
2306115,4
26057115,6
11801025,2
37394390,2
23467014,1
15629098,7
26459760,1
18368057,4
40040427,6
24959164,9
29644569,3
1194963,5
10287021,3
21006124,1
25667722,9
13650214,9
24944627,1
24792462,4
34103338,6
11864673,1
12948964,8
10234999,2
32384312,9
25617039,0
21851502,1
14153210,6
15957484,3
17960441,3
24940797,1
17030445,8
23203947,6
32400719,1
24455553,9
17030238,1
31213869,7
15953983,9
26213710,0
24646461,6
3275324,9
21603353,0
10466207,8
34851614,7
28013560,9
15072736,3
4006854,0
24755006,4
10650089,3
13032183,1
21855359,4
21466351,0
21791164,0
31560850,9
20859954,7
21387655,1
10150041,2
34434302,4
20023867,9
35858347,1
36020644,8
27538818,7
26835407,7
37175279,3
38174116,7
19985560,7
7816363,8
1422880,3
23836903,2
25127701,0
12977174,0
17742673,1
9762157,0
29039643,8
15136435,1
31639336,3
24828629,1
36289389,4
34259746,3
38440700,6
10115022,8
31633091,1
26222641,3
35999535,7
13105915,3
29047600,6
26848795,8
3336087,6
34358808,1
17389932,5
6517793,4
4304837,5
39862281,6
35248068,3
11461044,8
11620697,3
9930232,1
32213955,1
32590746,8
26949273,4
26422594,2
9378772,6
37952055,0
28111696,5
4647037,4
23658776,3
35392217,1
29292076,3
39729787,1
18150043,4
11386562,4
11346002,9
32117949,1
16112688,1
38923478,2
22203635,3
7880180,1
11360479,4
919056,6
31922961,1
39238400,5
11329035,9
13259617,1
7458963,0
32767394,6
25017859,1
28442068,6
39864134,6
1313362,5
35204676,4
17986923,9
38365804,1
16308137,9
33432532,2
14168835,7
29069252,5
20914828,0
15225252,2
38137480,7
30644006,1
32685907,7
2418172,4
13940269,9
7785831,4
5743291,8
36988699,2
3000612,1
11375605,6
34870270,5
20345385,1
25822029,8
14608973,7
40095632,9
37691169,7
16995108,8
33878095,0
40001700,5
31844342,1
30195729,2
21970970,6
23659275,0
5579154,4
16338558,9
20882048,1
39053681,2
26380306,7
17348649,8
30125544,8
3877454,9
28990576,0
17870242,9
29349228,6
34159495,5
12282418,5
19524129,7
24461135,1
17627389,4
39803746,0
13001000,0
32313415,6
5367875,4
35371811,3
32774160,1
17734946,4
2901633,8
20832171,8
28092806,6
31052706,1
36628948,7
29322580,4
20925137,8
36636255,4
31584288,9
11954561,9
27406557,3
2917898,3
38967833,4
29847305,6
4246377,7
16594246,4
34244451,5
12846507,4
18122309,8
15515920,7
16069906,5
14289910,7
19738465,3
14513936,7
16417324,9
20858336,2
12409862,4
37843926,6
4996376,7
33176051,1
36902418,1
31255764,3
27353978,8
2853483,9
31778213,9
10200824,8
10171343,1
5367582,5
33515478,4
24747544,0
29041438,6
9982235,1
14678270,9
26428904,0
31927036,7
37532647,4
28860660,0
17789071,2
10432432,4
30867061,0
15467950,7
23935840,3
19712318,6
38780181,9
33554977,1
13201532,0
14400463,2
30148587,0
37585147,4
33153558,0
23988853,0
18721066,0
18437284,4
4170031,5
23548328,3
35919814,3
32054329,1
23784271,6
25697459,7
32337026,1
17569512,9
29517513,0
23072544,6
9243434,1
33103115,2
19188784,5
21062892,5
28247807,6
39172575,9
17822135,2
29330485,7
1150144,7
14742382,4
7719419,7
18489180,8
16701517,9
9612484,8
29469704,1
25923532,1
38564912,4
37570913,8
24635394,5
39230230,6
2833531,9
30773953,7
16136979,8
39339743,7
14955100,8
4937163,3
22865642,3
10904521,8
7051791,6
17793194,4
29091640,7
12587915,3
8485678,5
38344264,0
35149889,0
13823275,3
33244249,1
6798312,2
31339001,6
16396859,7
34225839,3
7655784,4
23406215,7
26071034,5
8758666,5
25597958,0
16489292,7
28571741,3
19008260,5
22139333,6
9390310,0
1096476,2
25943870,9
21169031,0
18783962,7
23305250,4
19204716,9
29694843,1
26673342,1
36169566,6
37184039,4
19136347,8
10775817,3
19583217,7
13395610,6
39836011,0
22597684,8
1985856,3
37391177,8
27471109,2
37212155,3
39493229,3
27190492,9
13545839,1
40115154,4
22551461,1
29671704,3
13105729,6
5887387,1
36032623,8
33981799,2
2515814,8
28627191,5
23110550,8
37028655,5
13893117,8
35066413,3
39889635,9
31146283,1
32370047,1
22456765,3
27744307,2
30643505,3
5614144,8
37442852,2
1133371,8
6157367,5
4272970,8
38589183,1
7979714,8
19555680,3
39344371,6
33799132,2
20104999,3
3790848,9
38426303,6
35118216,0
5480354,1
34163770,3
35625498,5
32100314,8
8362510,1
10873368,0
13663591,6
394465,4
23910150,2
6260777,7
7285746,1
9068625,9
7397969,2
33982167,2
16776721,1
8716801,5
28575070,4
22130602,0
16344076,7
31442693,6
29466630,1
4918458,6
17884862,7
15494574,8
38241517,1
21738882,9
24364666,1
16172810,3
15282614,0
38218091,8
30071849,3
29940869,0
30432228,0
5703456,1
19356736,4
37694908,6
35503922,9
3267081,5
21842885,7
3893576,0
39775055,9
12341468,8
34336511,3
25233749,2
31273995,9
32640029,5
11109458,7
24382417,3
34386971,3
12616074,7
3576071,2
18675471,6
28890220,4
9480436,7
4352244,8
18562350,4
26930593,3
39030037,7
15456475,8
11976498,0
21337090,5
39870912,3
31544489,3
37886596,6
5022237,4
30442794,4
24159654,7
20301338,4
39580066,6
31775295,4
39168281,5
18544396,3
15072405,9
36312767,1
39373397,1
34671217,5
38644532,3
14593515,5
18671938,8
38876353,2
28503770,6
22785484,4
776120,0
26978095,7
14701608,1
4909398,5
26193999,5
23668043,7
10947972,5
32232708,5
2945594,1
32791687,6
33991705,1
16413414,9
22796294,4
16044801,3
21708369,7
19701789,0
39377195,9
37624798,9
27709348,9
28347722,5
5426723,5
9247582,3
16621351,6
24540326,1
32643009,0
30525413,6
36707541,1
8258734,6
17389057,2
14453068,0
32843082,4
34909369,1
10129959,2
37976551,0
17350168,3
23017625,9
26288380,0
36297912,2
30960177,6
39118308,9
30514853,2
2918454,5
991926,5
2270345,1
24251959,3
4287019,4
25104372,8
29065318,0
32021975,0
39760579,9
18446522,7
26150337,1
26609824,5
21233089,8
11012981,9
34657183,6
26243592,7
38060292,8
12138691,7
18682965,6
9015248,7
39509696,1
19639939,1
35874743,0
9249717,7
34939609,2
26761734,7
1155566,6
14151657,0
13976836,0
35140147,2
32496906,5
33704925,7
38592324,6
33810617,8
14292271,1
1447422,1
13592166,9
7416170,9
24505638,8
24350967,7
25254093,7
33858344,3
35130192,9
33596363,2
36635607,2
26141287,1
21303510,8
25121535,1
4620009,5
34930305,1
3188925,8
34880843,3
7295639,6
34972485,4
26449835,8
25926384,0
24357358,1
25566781,3
28875296,0
16198539,8
33363622,1
20092850,9
34100440,7
13068551,9
23377182,8
11144819,8
29829728,0
21999810,1
30777897,6
34473682,6
31778444,0
9959769,4
21597071,6
32848603,9
32595980,5
31692269,6
37896509,9
23119031,6
37592168,1
6445508,6
36675489,3
25228175,9
31867543,5
24685790,5
37480487,5
33583757,6
35124724,1
1713078,0
38454914,4
21833348,2
25955833,8
17527869,3
13021743,1
6401167,7
11322250,6
21614941,5
38669125,0
29740808,0
39525993,9
36473744,4
32022971,0
38077925,0
39862663,0
21240195,3
25656715,4
30732102,4
19551589,7
25603555,5
32519153,5
7381089,5
1048831,4
2938405,0
30101979,3
26812617,4
16920504,5
26686002,5
26502641,2
844110,2
37507943,4
7744471,1
14801778,1
2539599,0
29526088,1
19391849,8
37901929,4
30577796,6
11822879,0
37369923,7
11579930,7
31426106,0
22148724,9
33085258,5
39630188,1
23388749,5
5461814,0
19199540,7
23301256,4
36736348,4
31851353,2
14589625,4
27832423,5
25693930,6
38839174,8
39662918,5
1024529,6
10344854,1
13307120,5
17534435,9
21210451,4
34758779,1
19847465,7
24313201,5
22894140,1
30873981,6
15537745,1
26423034,2
39990133,7
4845913,8
34402713,1
23490643,6
1939228,3
2597827,8
36653465,2
38961709,2
34045568,6
18469715,5
32774981,1
13269936,2
28282997,6
35917953,3
39827247,9
37062466,8
6298940,1
1913613,4
36963076,4
138029,2
1044473,1
39645125,3
22747235,4
27790801,9
24899772,0
9501894,1
30009171,1
1185775,6
37962113,8
15092537,0
38212118,7
2574080,9
12036146,2
29493591,3
19644702,3
33626444,3
26600753,0
22846098,6
20069835,7
33678423,0
18477414,9
19621955,2
32980633,3
1871549,1
31267366,0
35101770,0
39923023,2
34131285,9
18979658,2
25449946,4
17339827,5
17225638,4
13420988,2
34427964,5
34171491,9
31161500,4
25334334,3
11362692,4
26861897,1
18557407,5
4466489,4
2596069,1
37396527,5
30495979,5
39586613,4
1845681,2
15864353,2
14148210,8
4579908,1
7191337,0
17433910,8
12453279,7
34526854,3
16040469,8
34292007,8
18894808,1
3435900,9
7366528,5
24628959,1
25451348,3
30244246,7
17155055,2
30353714,1
34435503,3
32108070,7
29986194,7
21578785,6
20271383,5
17386487,0
26716140,5
39819858,3
38962479,9
3886667,1
36825151,6
8069451,1
36422107,1
24196875,7
3056830,4
35191690,5
15605379,9
11638158,7
25573056,7
33316051,1
28308648,8
39613065,5
32546786,1
3956181,9
31651906,6
36043095,9
29236813,6
20276508,6
25273690,2
19833393,5
30957509,9
1279032,5
2504907,0
5593636,4
18389618,6
24619629,5
36169142,9
29621275,0
30461969,1
38288412,7
33055718,9
30929411,1
25789302,8
11391700,4
13207678,2
4118409,6
14825910,5
36926140,3
15487848,1
23642478,0
30409140,7
17844905,6
8805290,6
38622681,1
39408090,3
11326748,5
34292116,9
17518827,6
18093619,9
26854678,5
25604949,9
8412665,4
6116345,8
24648045,3
30515773,5
33790854,8
23154242,2
23876588,2
18308786,6
22975308,7
21802708,7
38666744,7
39924168,7
31297859,8
1781617,4
37632845,2
25436589,8
21319384,2
36973331,1
37510460,2
6090275,4
28766248,8
36568646,0
28394666,5
18881929,4
18634650,9
34621952,1
7629541,7
37148487,6
8274724,5
11263420,9
26680590,4
21564357,8
39508166,7
16968080,4
12092518,4
34123018,1
27862402,4
34954149,2
19403772,9
27391977,3
9765718,2
29324236,7
30911872,6
13460463,3
10997254,3
7720828,4
25705141,1
35657681,0
35609318,9
38915997,6
29343051,2
26395491,0
25898403,3
18540563,9
4712929,4
16960638,0
13256991,4
13530998,7
22370287,8
31115347,3
8092695,4
24068412,8
9667546,3
37335408,3
9522627,8
28065526,1
12334925,3
13595674,6
28265410,7
30386392,5
7943385,4
13366058,5
20258986,8
19961428,4
34960516,5
37572745,1
6089078,1
39416667,8
9543287,9
18388670,0
15282424,0
3522739,2
35477813,9
13854347,7
16554999,7
24563761,1
25590762,0
31039111,7
2674437,3
22599657,4
28905584,5
21948376,4
40050201,9
4239205,3
22135780,9
38377047,3
31718742,5
34612569,0
302651,5
27872594,6
38156661,9
36452533,1
23053626,9
35655569,6
19811064,3
8230315,8
27345237,8
14078207,0
36907965,4
14063387,6
29573986,3
33993149,7
11025222,9
34337107,6
22665380,5
31265043,0
13618483,5
34529417,6
10184591,0
6714151,8
27065652,3
33833224,5
28333629,8
2400504,9
14804029,1
8661166,5
24639437,4
20004428,6
37402372,1
34732872,2
37955423,3
34564057,7
34011723,7
35061261,9
16598551,2
13067910,5
25145847,8
29380403,3
25334845,1
29852233,3
28348866,6
20134387,3
5790761,3
34148280,3
4170238,7
32577059,4
28403675,3
30444019,1
26067692,1
7577410,8
19320203,8
21660981,7
22981402,1
15805619,9
14070197,7
7161856,8
6602390,6
30371752,1
9039897,7
31516951,1
38881305,9
37604437,1
2986258,1
9773817,6
27677232,5
38258257,8
32419535,2
37195112,6
34806837,1
5283506,4
4992968,1
39143817,4
7530207,5
34226403,2
4433324,4
34394228,3
22211981,3
35106426,5
11678180,4
33234089,3
26289424,9
38104602,7
16389460,1
28111392,7
2204914,4
26405239,9
30146532,3
35459362,3
10954544,0
11491251,3
12494181,1
28532973,0
28684511,5
28792202,8
39865416,4
34935100,2
22569579,1
35082895,6
10567642,2
24111681,4
34364449,1
20428890,3
17909600,5
28307566,7
34397613,9
12454096,3
19802624,7
5576005,5
39981340,3
18240964,1
15531687,7
30447779,3
7230462,6
29832301,1
14972773,1
5015269,5
14916403,5
32733241,5
17270007,9
37159153,6
17960207,2
24788061,4
20208929,7
32129419,2
28675435,4
33687486,8
31033688,2
32303213,6
38461638,3
36228334,6
30967765,7
34287296,3
8594549,8
36058524,1
28289025,9
5251808,4
28910285,3
18261850,2
29158838,6
36420994,4
30072367,3
25691780,0
30407543,2
26127280,3
21471512,2
23401303,4
33715362,4
15754878,0
32718180,2
21221257,7
17681547,7
10893340,1
33338174,7
20055613,2
9526358,1
29377133,8
30263087,5
27836705,1
38818981,3
23284653,1
25669981,7
21060097,2
33733326,7
37473108,1
9886494,4
26384129,8
38040300,4
31356535,5
39986053,9
884650,0
16927288,9
21556126,5
39555057,5
28520825,3
13749252,4
31716211,2
26825058,5
16307326,7
14258984,9
36223325,1
214852,1
31501557,9
37735245,3
40063930,6
21002633,7
39197011,4
28581948,1
2383645,3
15998653,4
10738560,4
18704206,0
9715171,2
17960296,0
21018411,0
20101524,0
24267747,9
28094392,4
34844633,2
1978586,9
3904389,7
8195915,5
9458870,2
34130186,4
26637415,1
38125231,9
18257400,7
27681823,1
36650561,4
20962497,4
26447915,3
2577252,5
34948928,2
20813231,8
33075778,4
18216372,5
37592721,6
34706274,8
16333213,3
37975672,0
27781812,1
39697145,9
21679388,4
34448867,1
4938723,0
12416394,8
24797311,6
14951676,3
22756645,6
25954395,4
28260465,7
17138762,1
275541,1
11013911,5
13572383,3
30413361,4
32838874,7
35180764,2
22598334,5
33550048,2
4838305,5
26776824,3
7668204,6
18263136,4
30514396,6
24499609,6
35440188,0
27004842,9
32040422,4
24212789,6
38385360,8
18156139,2
16553405,4
19441591,5
39003704,3
27810981,2
38490811,3
39249169,1
37901679,1
35085809,1
31676713,3
33115343,3
30495337,6
23119782,9
31283429,1
27625363,3
11130339,1
11009691,9
28619838,6
21406887,8
27735478,3
39544553,7
35512132,4
9628489,0
32848546,4
32001927,1
2445823,5
34818832,1
17530308,6
19747369,1
25771916,3
19956141,7
29845531,0
39074285,1
31060614,6
33336813,4
36709684,4
19624035,4
22569789,1
36634795,9
24310242,1
18840949,1
34296617,3
34992439,0
25561186,6
38490937,9
24021065,7
36642691,5
3168096,3
11603845,7
24233477,2
16098394,0
13591170,5
33913886,6
32932591,7
32918757,7
7240382,4
22074536,6
2613527,9
19575943,9
37408129,6
37150067,2
10112680,8
21465445,9
30894616,4
17414040,3
34467962,5
39743507,5
6467651,0
8444354,0
17980967,1
34759585,3
21670747,0
30433960,5
32170059,1
6211110,4
18280988,6
7887785,8
5122372,3
12805370,1
32175329,5
9810217,1
33928830,5
9151464,0
33333778,3
35269374,9
38755111,6
8317951,6
19225347,2
20322465,2
35168870,3
35674651,3
35764509,5
24186569,1
35842598,3
34441624,9
31959379,2
38123480,1
25740582,6
8495367,4
15690016,0
5771376,6
28486832,9
31257955,5
20456860,6
33071046,9
39487769,8
1408277,2
6564004,2
1643265,3
7700545,9
28904750,1
37645965,2
38455492,9
17187564,5
7489390,0
26959189,8
24984545,8
30647460,3
14183533,7
28975667,0
27444181,4
18536349,4
17603678,9
18237343,8
31527844,4
11803121,7
28874556,9
24541083,5
38946492,9
39334586,8
9700396,7
14008494,2
20461790,1
16779411,0
34312193,8
19185762,7
13892929,5
21515771,7
20172475,1
497654,5
5480716,8
7470609,4
18177354,8
35990732,7
31464555,3
28566731,7
34001149,9
37193487,6
38846874,1
7395542,0
34954461,9
457207,4
23324690,4
33384406,3
34953853,9
17763862,9
39492524,1
32022401,0
28457805,5
23546312,4
22022820,7
19968065,3
24253977,7
15801883,9
26859291,8
28513604,7
24923536,9
30023913,9
12980500,6
18947938,5
32873021,4
34381370,0
793341,1
33089459,6
11986196,5
16990684,6
35195719,7
28870163,1
18827170,7
14157624,9
30158811,9
30177884,4
34144034,7
36466954,4
14568528,6
26242482,7
23594465,7
33149967,9
1817780,6
33231494,5
32693114,5
27461479,2
35481540,6
13735422,9
37052727,4
39715909,8
14222543,7
10351645,4
34207321,0
30421325,4
32405620,8
30415205,0
21077503,1
39639342,2
33371349,4
15114616,6
39742893,3
8947977,2
8751438,8
21199497,9
37560786,7
21463344,7
20650074,0
38595400,6
28845428,2
15614676,6
12714760,6
17846613,9
17037300,1
28967592,0
31016654,3
27813466,0
22339166,1
27128290,3
19409606,8
37658127,7
33870862,9
7544424,1
15009332,4
11998613,6
11047105,0
36508616,4
16070535,1
20956671,9
25417911,9
36358204,5
13808428,9
2497525,2
10081942,7
27698386,1
28314173,5
4504470,8
13675440,0
22394864,8
31890061,6
3294349,0
14078588,5
12134341,0
18510790,8
38730487,2
33018028,4
36472681,4
15357800,4
3582737,0
4355762,4
22119244,2
19870735,2
33914978,6
17401944,8
10836276,5
12867263,8
14825988,8
3268198,4
35526867,1
13906343,1
27051188,7
24363130,7
11792629,0
7056204,5
1950781,0
32648010,0
33572130,0
5957211,1
30627923,2
21034367,9
20572303,7
11454264,1
33293518,7
18309140,6
20845778,6
38579190,1
37669256,6
29852498,2
14133098,4
28676374,0
32407613,2
22640898,0
38444110,1
24769117,1
16310803,6
27927103,7
38003626,9
1596440,0
37045347,9
27369538,9
39737026,3
19363736,1
38209719,3
31678327,4
33656724,5
4528667,5
19485768,8
17099458,9
26365369,9
34646042,4
38508564,7
21017652,1
34744863,6
12453595,6
18927786,3
6022450,4
19649788,0
35736217,9
28702673,0
23420669,3
19713844,4
31954507,5
36680695,7
25477528,9
16875404,7
20957949,6
22392823,3
36690433,5
31625792,4
9941766,0
28452361,3
6328530,5
298782,6
33724611,3
22290508,5
2105508,1
27654433,6
14324069,8
9718054,5
30647866,5
35328941,8
26046023,6
39833902,9
31095811,4
30339847,3
17200385,6
34689852,8
31229728,1
28962403,4
28369852,5
31862169,8
38336938,5
34418881,7
4424283,9
32652485,6
35329135,1
25984025,8
30987118,1
34990179,2
29808355,9
22277318,7
19219017,4
22576312,4
38080070,9
36939157,5
4881312,0
2846416,8
33137686,6
36222823,0
39013431,7
32795354,5
28664221,1
26233925,9
16989736,0
31508846,9
27305221,4
37982004,3
36724955,6
1590474,0
17800897,5
39580473,2
1290515,1
31375022,4
18974810,7
31937190,1
35631923,0
11437350,2
37898559,5
2121036,6
23157481,2
25928390,4
2276768,5
5567922,1
14757054,0
11819188,1
19862948,9
837256,8
36763438,6
33454243,5
29357326,8
19900279,0
33321545,7
39498729,3
29773480,3
24871914,5
12632323,1
6645661,1
36612832,7
30465013,9
31793746,7
39538873,8
33282823,2
15880644,4
524714,8
21912859,2
28678351,6
20676849,2
22598561,7
21150761,6
15958917,1
7217715,0
28892261,1
27715515,4
441397,1
11752371,1
38919877,0
28884265,5
6731345,8
37563363,1
8065913,4
31481689,4
36169473,6
3302020,8
11473206,3
38900235,9
18391977,3
33956029,9
17313970,8
19059360,6
16898086,0
23124248,4
15190228,5
4019639,9
18288757,6
38129624,5
39312553,8
25515288,1
18440526,5
33860317,5
26866493,5
24085711,8
23395354,6
14517343,6
38975664,4
11143827,4
29964585,6
35822251,3
8158937,8
17472124,1
9667742,4
21455021,8
7859775,5
22336460,1
13542276,0
6802877,9
9074230,9
2081281,4
2576715,4
39548864,8
19078325,9
36377396,0
35949412,9
37577127,7
23404222,6
25518023,2
34830738,5
39422242,1
16469758,7
21799191,1
25691951,7
23444858,3
2002357,5
13423216,9
36393450,6
28366550,4
38542419,9
36619631,9
17665809,9
2196693,3
28669288,5
38886251,4
31988553,3
22043498,7
28263073,3
24768802,7
34291543,3
25430789,2
28335638,6
15177705,6
7751132,8
33139230,4
16750493,9
36342078,2
38175765,2
12739111,7
34833138,8
23955382,1
37351357,3
35615971,6
30201431,1
35698927,5
40074004,2
34888742,1
9931998,9
17377452,0
39616931,3
38043658,6
1554362,6
36271449,4
26165180,3
4901861,0
24265971,6
5568926,8
37535037,3
38225583,8
18995063,7
16984061,8
23392820,9
27584206,5
39600006,0
23747592,0
2181708,8
30576628,3
24106209,8
36640174,3
33740811,9
10445666,1
39969219,9
20156053,1
31939916,2
31541758,5
4519736,0
10392921,4
39479732,6
39811720,6
38113711,8
21141858,6
37515847,2
21233233,8
27409727,5
19783404,8
36522120,7
3862129,0
21805472,9
20530921,8
35821271,3
22723022,6
36188226,7
7911098,8
36525020,9
23469008,6
24039132,7
29295654,6
33726160,9
31830429,8
32858537,8
21996710,3
25633995,1
24930018,3
22014220,4
33341320,5
2482926,0
2938519,5
29330283,5
31816058,7
25598093,3
21743057,2
37400140,6
33713201,7
38912563,3
21215421,1
2398299,2
28798781,8
28719127,5
1547856,7
19104580,8
32492518,3
10320096,7
23696705,4
3207177,1
16617136,8
20691359,4
25575579,1
35387280,3
2525233,8
32754496,7
22024456,5
30870072,6
31855048,8
16968226,2
19613750,8
31793540,6
13287459,7
9949974,6
7720728,1
14519082,1
14531396,5
15477857,3
1893867,9
39600379,7
12241499,7
6557959,8
28706967,5
5311669,9
34483081,4
26498337,4
13961930,6
28989191,9
38782072,3
5684471,1
23819310,1
35344985,7
23959889,5
3553088,7
26752933,7
11041405,9
37386499,9
33672751,9
18309258,7
38484277,3
29356076,4
7215320,8
39571245,5
6816989,8
30503613,3
18745743,8
1908653,4
6698554,1
26189847,4
19684434,8
30997347,1
24642156,3
37313690,8
27555590,2
3052534,1
7427984,1
10324015,8
19869123,5
33604725,0
39307190,7
16662104,0
19612209,2
37576006,3
20848222,3
25041319,7
39647480,8
7958031,0
39023504,6
25030037,3
39151545,3
31610677,0
32618304,4
37517873,0
34583471,2
30457162,1
40088902,5
35611874,9
11005072,4
38255066,6
37522919,5
20403968,1
32511131,9
501626,1
35860839,4
22784890,0
20546321,5
23181442,8
2336423,8
19465847,8
25346036,0
15539260,7
35592406,6
33976504,1
31617562,0
34817416,3
31504591,1
34623846,8
26306975,4
25623295,5
10054880,1
36448960,5
22138648,6
9111730,5
19664587,6
30282504,8
31863076,8
30992316,3
21822592,3
27183036,4
29529074,4
31819393,0
17915850,1
34983043,4
36294317,6
31121547,2
27080100,7
15898817,9
34967236,0
15136392,2
26974838,1
34971201,5
19382013,3
33959124,3
4946596,3
39095435,9
35414834,6
29917232,0
27081877,5
13781563,5
12311310,7
13639444,9
28073132,0
21396414,9
12705527,6
3848954,9
24126240,7
14618100,6
14147175,7
9282149,9
36500348,6
40138085,6
31867193,6
29662590,5
7856843,7
1550707,5
27878137,3
36064812,2
37711337,4
21597469,5
32919383,6
20187219,4
30180445,1
5414241,1
38543898,3
5579407,1
17312276,0
29377730,4
17874297,1
29361314,6
23771759,1
24235921,0
14469329,7
21449763,4
24233385,4
39083524,7
19818927,1
34393141,5
38400028,8
22234428,7
39523665,9
37667765,1
3153427,6
25172341,9
11594100,7
9643268,0
20132108,4
28457469,7
20979261,7
34343132,7
11104180,0
11615878,6
35923958,0
8436373,8
34145556,9
6589225,0
24399772,1
33600230,4
21642748,9
39149117,9
5472501,5
24602117,1
2664944,0
32641051,4
34358173,6
38040071,2
22329224,4
13536118,6
37443169,3
34030215,1
29227351,1
25826979,5
18080746,4
16890899,5
27587250,3
12381785,7
32977809,8
18500998,8
8402800,4
38672638,8
8376270,1
26059821,9
33571348,7
8492443,3
35827853,1
3458830,0
19671082,6
35330850,6
30051051,8
35484250,9
37354574,3
8168858,3
13122656,5
823030,9
23183105,8
6773584,6
25100531,8
38489075,8
26811694,7
20043897,4
9566060,3
17605962,4
3964378,0
17687019,9
24958806,9
25796130,6
34030196,9
13855617,3
32335800,0
15745457,6
18462785,8
22775392,1
29632784,9
20685797,1
23913962,3
29428894,8
33103802,3
10208814,3
24167933,1
4965114,0
25647546,9
872119,7
1264472,1
6880096,6
36577025,1
37988388,6
39476732,7
23542526,9
29049621,1
33991527,8
20363927,2
23767772,0
29267597,0
26974120,1
27758491,7
28145024,9
34745609,1
27926220,3
8380376,5
28508208,1
36432098,7
13861532,9
17199113,0
20538305,1
9742428,5
22517080,8
14637768,0
14904012,0
37404043,3
7949986,6
22893460,9
14024855,4
1383239,8
14351779,6
4868139,1
12095898,2
3375217,8
38085624,5
33823557,4
14229187,4
29928477,4
39876280,6
13330028,0
24307454,8
30513814,5
26186577,5
32326771,7
6649096,7
12204287,8
39504728,3
38550392,6
37085708,8
18712318,4
30616211,5
29364189,3
30838232,4
33605493,8
7459248,1
26434718,9
7943971,4
6479214,1
14172700,9
23431015,0
30878697,1
18259697,9
1916663,9
14648793,4
32177669,8
10889506,8
21148655,2
36044210,7
1416646,9
9574379,1
14601570,6
18590658,2
5559147,8
12964547,8
5218805,4
6880691,6
9949246,6
24123659,3
32768331,9
33907369,7
38910958,6
31411357,1
8539100,2
38162539,3
14422340,1
17433453,2
37060639,5
472977,3
24982793,9
19313966,7
28065523,3
29834213,9
18940735,0
20352794,6
12068121,8
8796655,7
8826965,2
34205310,1
20926076,7
40138350,9
36630135,1
13055727,2
11554145,6
16552738,1
26210417,6
29275353,1
18720207,3
30371987,7
6391388,0
38380336,4
25798730,7
29871243,6
24789269,0
11527290,6
14080041,1
34057783,1
23398445,6
39778235,8
23250726,7
30529055,3
244750,0
23108356,8
21943393,8
28044332,1
35330872,2
17489178,2
30918905,9
37387726,3
29447188,4
31631052,3
20361235,5
10656831,0
21938272,1
17737703,6
35819129,1
7488649,1
31617827,7
23133573,7
38791527,7
17958667,7
35441534,4
18945450,5
8991433,5
18704215,7
23062926,5
19670153,1
35281360,6
36285966,4
20039200,3
6019473,3
14398791,6
32238896,5
15316428,7
23841011,8
6839116,4
9098441,4
20642284,4
5517314,5
33859025,8
39535756,9
9303301,1
23126498,8
37297367,9
28310657,3
38255340,7
11469228,6
6587516,6
31317642,6
19290674,6
23274357,3
40072838,0
32995170,7
6451229,5
37810281,1
22234443,5
2656900,3
6879991,5
39071093,1
5094697,0
34306443,0
2900084,9
9793631,0
4574296,8
14504887,1
15166186,3
36456766,8
888550,5
32185442,2
12557794,6
17451473,8
9294530,2
15794038,1
10924339,6
7117443,7
38150311,1
20932840,1
35098258,9
36526319,3
8387546,7
29757126,7
35921527,0
18518038,2
31198020,3
39402445,5
19354708,1
19763848,3
34886973,8
20925224,0
25365633,8
2744687,8
30203964,6
19527463,7
5570981,4
1466732,5
4644025,9
24248970,7
21849878,1
19490542,6
35374660,9
30916782,9
33989262,6
24991795,6
24695878,5
38007131,6
30236122,0
1654922,0
23154105,0
7278588,8
12003010,1
7365531,3
27953895,8
35509525,1
21003069,6
33382672,6
33651043,5
2878493,4
31225489,5
26977618,1
16183401,2
26945199,0
26851328,8
35641281,1
18112036,8
25302172,8
24028749,4
29741887,6
24196876,7
35774902,9
12990199,8
4047735,8
34174416,6
4216489,6
29019628,7
21029492,6
35685496,1
19195903,0
37593961,3
35380166,4
19717108,4
20976550,2
25999821,3
31864684,3
3071462,4
8456389,0
31175451,9
10725642,2
1457757,0
39116123,4
30794080,1
26827391,3
13409559,6
25058767,7
31328580,9
39241346,3
32836815,5
17427966,9
35074387,3
9843741,8
35842022,3
30952474,9
7197199,4
34767215,7
35911736,3
13715876,5
38024104,8
1183643,0
12566151,8
36353016,8
30720760,1
19086314,1
10922319,4
17046073,2
39708136,1
14528379,0
30429321,1
1166503,1
12658870,0
8734673,5
19554900,1
31306519,9
29606432,5
28843083,4
21497126,8
30525160,7
19477264,6
1517418,0
36042508,7
3379032,0
3169099,3
27201271,5
38725032,6
8348255,7
10819192,4
19069701,4
22921751,2
31538288,5
25354904,1
8071523,5
33313401,7
26051185,5
20856893,5
37427069,7
18969358,1
17692948,6
17323218,3
4987383,3
6621870,0
4638693,5
33840492,4
37747886,3
31381789,5
26549455,0
24788711,6
33474341,1
2962571,0
26381888,7
1316068,9
29104107,4
29478997,8
27648476,8
20858991,2
11854142,2
15440115,1
30620681,0
21277064,1
37475963,2
39875609,4
31826814,4
5120071,5
39874309,4
33883242,8
6199666,4
11385050,7
12444942,7
34701693,1
13355778,4
22363566,7
27095692,7
27086004,5
31034691,6
33775269,0
36356685,5
20091484,7
24590405,7
8754145,1
22527108,4
38943800,8
2433616,8
14595302,5
30700150,7
34009116,1
18889658,2
32918762,0
35889238,0
8370966,7
29525047,8
39770863,3
31301863,5
27659490,4
28479968,1
31045908,0
32448939,3
29621532,5
19902998,3
26916827,6
37007465,1
34168775,7
38833362,9
4918425,7
35155897,0
31955603,6
28356518,8
18825178,7
4652893,1
37082554,8
39542635,1
4239896,2
28804450,2
17743083,6
19600545,1
19485969,8
30559865,1
3012783,3
16201655,6
20308588,7
19381932,7
16350653,4
28360182,0
14265539,3
28753396,7
34449473,5
33396256,5
26103113,3
12080957,9
34816098,3
28511175,6
28619452,8
16824581,2
22025260,4
6117868,6
11350249,5
36717603,7
16839630,9
33205437,1
36171867,4
32792008,6
26522997,7
27939697,1
5424942,6
21621463,1
38048098,5
27371972,7
19622408,7
16771391,0
23678466,4
22678143,7
34168415,7
37624186,4
20014302,5
35349920,4
39248753,2
34966059,9
21614181,7
30679192,9
36783700,0
38526289,3
30037941,9
30464454,3
34132368,9
18090731,5
38989667,3
34597093,3
26037977,3
33443748,7
38662656,6
29120431,6
30252693,5
4467193,3
27334949,4
33306510,3
21697867,0
1739566,8
30642950,4
26111370,1
16122128,5
2083504,8
36932491,4
15535897,6
18452707,5
11078916,4
35032417,3
34572330,4
31873553,0
5073903,4
38644013,2
30120924,4
296270,8
7983099,7
6783826,1
2780904,6
34489301,5
9322284,4
32539611,2
22927288,7
22895618,9
21875967,1
9216829,7
11602579,0
36731874,7
30366142,3
27477940,2
9047349,6
28642871,3
14351854,4
40064853,8
29751403,6
25761701,6
9739407,7
37686060,1
15957071,1
30280206,9
38208137,6
10885984,3
24651723,8
31883073,1
26442790,9
21443690,0
39939627,9
27770300,7
17529541,9
8809881,1
25968752,4
30176184,0
18895110,4
4499129,4
16301356,1
36007937,5
21781782,4
33525073,2
25171995,7
33124464,5
38043717,2
15749591,7
31444374,6
13832562,8
38069160,1
32616182,7
10747873,9
15240357,9
3680262,9
16903368,8
16312822,2
37557052,1
9818688,1
28429745,9
33832370,2
4641877,6
7477864,7
7985696,7
30643987,1
36062041,0
24846671,8
20228227,8
30573618,2
18383970,8
15878012,7
35769095,4
36428505,6
5050110,5
6838130,6
28838129,6
24041885,5
30645276,6
30941350,3
21526351,5
21551154,5
15037690,6
33537917,0
21440816,6
36287701,6
15417415,1
19485728,8
39453015,8
33381807,0
4341746,1
39936200,2
23751870,4
35215754,8
32106500,8
17393343,5
2083353,8
35839043,0
26375381,7
23163508,9
34366763,6
18908204,9
15055029,5
31152301,8
33879279,7
30628442,7
36572960,3
33302984,0
19514353,2
8069859,5
5395853,4
23634356,6
28507637,5
19060144,3
26388226,3
17583247,5
39792591,0
20063844,4
26618333,7
30752198,1
13416294,1
34417154,5
26752020,4
2753022,6
29359564,3
17473938,2
8409306,4
1325518,3
17768515,4
30224991,4
35993647,4
24088825,5
21223898,3
33683184,8
20316299,9
15154658,3
33136727,4
29290277,8
10709144,1
31303026,9
25332555,4
24285325,4
29372643,6
30614996,6
15484443,7
29378090,4
6716934,1
18281767,6
31836211,1
29487282,0
14400993,1
20910616,1
18047232,9
34178840,4
13649316,8
33068690,7
24646139,6
30070358,7
14855014,9
40060461,6
34839146,4
3852190,4
27439431,2
39131559,7
15623738,4
17625431,5
5312487,4
11360744,3
7380629,9
38786936,6
18749121,3
35388647,3
7138076,1
3194018,0
21714285,8
37859823,9
38040946,9
21474964,3
32578083,8
31165588,0
32909787,3
24932245,5
37608830,4
39358958,9
26146512,9
22362736,7
9071438,5
36530293,9
22165610,6
1585439,7
19336385,9
14194997,8
5094351,6
39785543,7
30450646,4
36233330,9
30419488,6
17147446,5
22854904,5
30852243,4
27180336,7
1397799,4
21212287,4
31032509,7
27029725,6
26823026,6
25598942,9
37808567,9
39804652,1
2450593,5
22730956,7
29615870,6
23180879,8
27638005,3
26047801,7
636485,8
21573941,2
9882447,1
31134191,4
18476715,5
37316356,1
10251391,7
39296927,8
22885022,7
27380644,6
2522255,0
19827792,3
18354534,4
16034940,8
36412006,3
35978211,4
36365026,1
27456890,6
39128380,1
2799491,3
11159289,8
33534879,7
31424202,5
39784326,7
2358896,0
13956055,8
4065061,1
21571693,4
19611387,5
30854465,8
39318232,3
23395065,5
15401526,7
17455302,3
33856436,3
14371331,7
32792263,9
27184015,0
30605890,6
36114619,9
24417149,6
3441358,8
22501006,7
39529655,1
6087388,9
33099588,4
27368950,5
37058388,6
29105310,5
15889335,2
24290219,5
2951123,4
31947756,6
3183617,4
39832861,0
39127388,7
37454785,3
23790415,3
8707457,2
39975898,3
36526789,1
19138609,9
35276340,7
31841151,1
21339448,3
3964926,7
36462828,5
12234998,0
33321207,7
34532993,9
29357442,3
29934246,3
37205243,2
12719205,6
39335766,9
15304308,2
17844405,7
37512271,9
2808832,0
40118041,1
18622798,8
36826156,7
37397867,8
30953104,4
25080418,9
27577590,4
28006960,8
31325707,6
17824607,7
35964324,4
34062266,5
10943589,5
8646293,9
33103014,9
39047695,4
25798843,8
29450567,7
20394667,4
34849328,5
37531032,6
25483349,3
11802436,9
33977673,9
39666392,2
5297937,0
28522106,7
31943169,3
22426374,8
18570619,0
24842305,7
15340781,3
25282661,1
39906837,7
27063289,2
8783307,4
24142119,6
38517765,6
28701256,7
34411061,5
16344974,5
27695892,9
27895503,6
10590840,8
13752070,0
39514004,8
31623005,2
32922239,5
12680006,9
16892486,6
38659842,7
31003968,1
21607025,4
37235310,3
3918700,0
9433573,7
39378363,3
38626017,5
38021656,9
32731140,6
1265665,7
36002457,7
32386268,9
33777703,3
20394613,1
5000752,4
28514801,7
25360700,9
4621938,8
29214770,9
35380641,4
25005616,4
2017261,2
6402753,6
39209863,4
29333020,4
6080477,6
32030387,5
25962692,5
5543920,1
34567764,3
36292959,9
18172257,9
20503373,8
8762339,3
13781519,9
24920350,3
30832536,4
2143291,7
18935877,6
21020644,1
37195921,9
5268850,3
38005555,2
7551268,9
21001041,9
20278109,3
36461324,4
40049371,1
12335358,7
17792712,7
35647421,5
38234003,9
38068669,9
32723061,6
7096138,6
30554687,6
35532844,6
39289050,3
21976024,4
27434855,8
30488061,9
10650016,4
35811031,6
12186994,3
2651874,0
28788166,4
28013170,6
12301800,0
27767672,7
16446443,2
26326474,7
2462725,1
32428836,7
37784414,9
19434302,2
38318340,7
35323072,1
4371744,7
4685253,0
25589135,6
24863787,8
11241523,0
25896629,1
27531563,8
32799541,3
37195717,0
26904007,5
34481448,1
38394751,7
12163967,6
19646042,6
32896387,6
28254733,1
39231282,3
27744210,4
15166212,8
22158871,6
22598816,7
19718146,0
28405010,6
1682567,7
19491295,7
27911306,0
16467844,4
8960676,9
37287299,6
14985133,8
8177402,1
34955318,4
95642,0
33366221,6
22000086,8
34188248,3
29994589,6
35156353,8
21490504,9
35830675,7
39433191,7
27607366,5
5878830,8
28289978,1
25675640,8
35853661,9
13636458,1
3428014,3
28014735,3
31400769,3
16248104,7
25064353,3
37400078,8
32585153,8
33463635,9
21486261,2
10279778,3
33465118,6
31373019,4
37389174,2
37266065,4
35782251,3
31117393,7
18700661,1
20845835,5
37132810,0
38687134,0
18024962,2
11559062,9
35172692,6
12598988,9
20810705,7
25828492,0
11412132,8
27489463,0
22348229,2
9480419,7
22550304,6
38153772,5
38793579,8
5787471,7
18572601,9
23633605,8
32032426,1
23424515,1
34262734,6
38068880,8
36598728,6
24792499,6
15395610,8
34094468,3
18998568,4
1332853,0
38174216,5
16124630,0
28075472,5
34124388,9
7173872,1
39087245,9
8015867,2
26476218,7
12188648,7
7361078,7
18467244,8
3034014,3
2467013,8
7727087,1
13092807,9
38019688,5
38256369,6
19524383,3
9886150,0
19625101,6
28778340,9
16474522,7
564460,4
28661207,1
38410777,1
35606088,2
18238610,7
38188359,3
31487034,9
35259305,8
36339679,9
2036392,8
13658806,6
36944089,1
36421919,6
22561458,9
20382946,4
34682174,0
34262083,8
37206015,5
21535376,0
30069564,0
28532913,0
31117431,1
15059007,2
21346725,2
33745936,6
35922844,1
23460652,8
21767552,8
37400738,6
32417242,7
19365513,9
22674922,0
2956904,5
31223529,5
38066515,1
18298044,0
20503183,4
4002015,4
37351418,7
22371375,7
36854067,9
6713430,8
20730950,9
21865900,4
35184151,3
1800508,5
19351045,4
15819362,7
37845617,3
38256609,8
33543259,2
5886987,3
36530007,7
31291611,5
3830530,5
10860685,5
32217017,6
24079645,5
3134245,6
25989806,3
35978815,2
39905256,8
32539645,0
14104713,6
15101740,0
30903522,3
15841910,7
28855928,3
39709197,9
15855168,0
2610421,1
22232932,7
37051574,5
26123416,5
32171448,7
31266687,0
25494668,3
30482517,8
20555610,4
3173320,0
22309315,9
19502503,6
13333348,7
29640517,6
20715978,7
25832568,3
39627787,6
39875057,5
30743314,7
37253657,7
22199099,9
10113270,7
6791159,3
3892218,8
28064747,9
30272591,2
17452065,3
36087488,3
29462260,9
1030070,8
33698318,1
14059969,8
27517940,2
10312204,3
33445750,1
36289418,4
9685423,9
9810116,0
21992176,0
16698811,3
24843768,6
30790193,3
9519036,0
37730843,9
27080942,4
25762760,7
34231018,5
26688775,1
38925115,1
35000251,3
9135447,6
37745600,4
4792847,0
30154647,1
11282134,5
20932810,6
26896722,4
30024243,0
26005126,1
35374333,2
25101489,6
33945863,2
30636199,5
30724071,7
26101633,7
15053160,7
29579912,0
11859234,8
11336056,6
29800675,1
25232022,4
10524871,1
37265278,9
29100380,9
22332571,4
18695533,3
23867136,4
39238847,5
36285654,6
36941954,4
28444511,7
33904713,1
22348756,3
32470568,9
36335968,9
4817200,1
40126979,0
7688182,3
9549084,9
22846719,8
10825734,1
12316575,1
10554699,1
21301684,1
30633143,8
26923752,4
17135275,2
6687660,0
20749730,8
40136945,6
3772495,5
38876721,0
36627868,9
23358240,6
2204252,1
6199657,3
18429547,9
28269123,3
36315309,7
38557760,2
40024294,9
24611217,3
4422389,4
24877905,0
26402614,5
35069283,6
9172263,8
14557597,3
34517331,1
6722162,8
39471954,3
32531150,3
23513209,7
33470771,0
19914293,2
35637516,1
32638677,5
35747769,4
33832184,6
28049092,8
22438579,5
2712514,1
28422819,3
18751945,8
35634193,5
22166414,6
35388467,6
14554178,9
11561258,1
22947689,5
29595508,3
27882920,5
32076636,6
38999713,0
24266273,8
18155972,3
14562112,8
38884644,3
21322568,7
29042949,1
28857520,4
17232246,3
34865765,3
862173,4
35423750,7
32273587,3
20395691,5
28311358,7
15603755,0
36074091,9
3839426,2
39409170,4
23122362,7
3936957,6
17241211,8
17936384,8
11106483,5
21028819,6
10758668,6
21404885,1
33728792,1
15798209,3
25289887,8
15419912,8
37426055,1
3292752,3
32335210,4
16072548,4
35575055,8
18409760,0
18196811,3
25095920,8
32938494,3
32724828,8
3345530,6
5470985,4
14947165,6
13752988,6
29452228,1
36678063,0
7963316,4
10894532,1
32751193,8
23834390,1
30669337,4
11842490,4
38363640,7
29908066,2
29172029,1
39885520,3
34930745,9
16779648,4
36130820,7
23172293,9
38892192,5
37598507,5
26061814,0
9084455,4
12366607,9
14804908,7
37946458,9
38400732,6
1916009,5
7990235,9
33334606,4
21127880,9
38600173,0
8945370,6
26216773,8
36607540,4
28692542,2
21338635,5
33767122,2
17156911,3
32929725,3
2920793,1
7046842,7
33017452,9
35125752,1
19643993,3
13246694,3
35546994,7
31364140,5
38387733,1
16086821,9
8472282,0
28801216,4
13057742,4
12884638,5
11550435,2
30155345,9
31774230,2
12783422,8
37228319,0
34531416,3
37217773,7
28847824,7
9343180,4
20936693,0
29368331,5
10394659,9
36713290,1
26019085,2
33742583,0
37667046,4
39982981,1
32471390,7
7919544,5
34116081,9
26842899,5
33843812,6
39357863,6
35630305,3
36972714,3
24897906,6
39186169,3
35950231,5
32725922,7
9685068,4
30726029,7
38643131,8
22338927,2
11483509,5
38943625,6
24337416,1
8030721,7
12764463,3
18512981,9
32509815,5
39701507,5
27568663,5
16613751,6
33765191,3
27194933,6
36095910,1
30255112,6
37538116,9
39391007,7
30248469,1
14941097,9
7592592,7
11267446,0
35090103,4
10640759,3
27311199,5
27025389,4
22499057,4
20843135,3
27055218,5
9433283,7
34479794,1
21448794,7
14816700,7
5251066,6
27027247,6
34793998,1
5559349,7
32296887,9
10184048,8
39865329,4
16039940,4
32104462,0
37866575,6
32266039,1
36894986,7
17680544,4
17429159,8
9738518,1
7527413,4
34687313,6
22150395,1
27872058,7
9381612,0
16733109,6
39372340,3
34976515,6
39073067,6
18755466,1
12402982,6
27019740,6
29062616,1
34401121,9
31606420,4
3625897,4
36535673,9
20726367,4
28004974,7
14789930,7
35215095,0
27129880,4
652291,9
21472772,4
1609775,4
15980548,6
18066269,9
12250475,9
38025003,6
9781944,1
38647250,6
39478853,3
28810066,4
3525952,7
22894897,5
16010992,1
19694920,5
23999524,9
28192838,6
31893638,6
23142719,0
22234190,8
16515314,5
32521007,5
36573019,7
18753091,0
19413332,4
26658130,4
21954603,3
36662181,8
23684323,1
34261244,9
18108462,8
27925447,9
35070840,0
38754163,9
24638507,9
30116105,5
7698217,2
10964721,2
18612741,8
36344853,3
30677413,4
9950939,9
34622353,8
36255642,2
29489892,9
36701711,7
34822373,7
5162130,9
37284158,9
990016,8
2770810,5
39962277,7
34659109,7
16203874,6
22633139,6
19436365,9
18164415,4
5744977,1
35048921,8
18967518,7
6931880,9
28816496,8
16534246,8
12698843,4
12876172,1
35990541,4
29248280,9
23925766,7
16455636,5
4965342,9
11853725,5
33203620,8
18807743,7
17427565,2
30965974,5
22447572,0
24354311,5
35686058,7
18172653,3
27581683,7
16800375,5
11162798,3
33399106,9
12357043,1
3848829,9
20561778,2
30068995,9
27128688,3
4907924,5
37307421,3
912526,9
9520873,0
31017823,6
27769722,7
39604672,4
36634602,1
38615761,7
27542447,4
38284177,7
15796734,8
25792989,7
34107339,5
29837876,9
34571623,3
27731380,9
7629403,0
11911164,4
35015828,0
40136283,7
27378883,4
12151306,8
39275552,3
24486995,1
26436961,4
32996230,6
35101297,8
26788807,4
36959262,3
32191030,8
6860294,4
4239346,7
7940441,1
19339341,8
11043282,5
25195426,4
19935408,6
31118164,0
10158684,0
32724914,5
34348307,5
11563100,3
36520561,7
39559384,1
39277477,2
35485362,6
3098337,6
36779023,9
36076679,0
7114866,8
33635081,2
11892084,9
13050225,3
2362729,5
1145334,5
36399357,7
39129223,6
36649295,0
31073119,1
25293954,7
31555116,4
3271478,9
27951419,3
24417401,5
12571073,2
32957525,9
29881965,2
6864106,0
37890972,4
19151516,3
26061610,1
27815008,5
19613716,6
33017847,0
33323661,3
26961052,1
15041834,9
38724411,5
39674681,7
13334044,6
34931486,7
17507325,5
15411252,7
1635827,9
4035195,5
1903209,3
35434092,3
29033245,3
36696404,7
13480031,9
26783719,3
85577,4
35418410,3
37683026,4
15153900,8
16093247,8
38458115,6
14900546,1
3823659,1
27477970,7
33050788,7
36338693,3
10368281,6
15965309,6
36129386,6
12738781,9
3653717,1
35658529,8
925716,0
27317564,3
37331282,6
20085929,3
9059921,4
31187407,4
19604389,3
34418406,6
13412913,7
28858204,4
37665330,3
28310627,7
28136626,9
20171216,3
35524207,4
37602106,3
32010322,3
32688335,7
36556547,4
39374599,3
2250385,3
38701400,9
10861427,9
26044977,8
31112523,3
27952759,9
26800052,5
12592916,3
24566119,7
40121765,2
29576822,4
39297480,6
17131962,1
4300979,8
11847992,1
39390927,5
27713282,7
16993486,4
31446465,5
27498316,9
33656696,0
14675732,8
35557828,3
21973008,2
37626614,9
34193862,9
37245782,7
39257455,0
28171130,2
24358715,5
31270635,9
7624840,8
18130165,9
18473217,1
9245900,5
29034301,4
32827419,4
26064115,5
5450067,3
38381803,5
38520210,1
15722118,1
30879964,8
5891045,5
20246702,6
6518154,7
39488216,1
5356263,1
35973820,7
37265411,1
5661485,1
32789692,5
3418339,5
25691403,5
19555472,7
35453596,3
14273049,8
37383332,8
39695857,4
36406737,9
338103,1
19394227,5
34137007,1
2035599,2
21609961,0
14448310,6
24316900,5
39328197,4
38956950,6
23284531,3
16879928,3
22025675,3
8932410,5
12139624,5
31861017,2
21255525,1
4472458,0
32621089,6
34257472,5
32752250,7
37311699,3
21856559,6
32138140,2
23930695,4
38533642,5
19991033,8
37211765,2
26429322,3
38462666,8
9969406,2
34904465,6
30657223,6
10827393,7
38808248,1
16382493,0
11570942,3
21575749,2
27894738,7
25749252,6
16793501,4
31714453,9
28990440,8
8609147,5
20316100,0
37659782,9
8709453,0
39569128,1
33003536,9
32894184,6
26775558,1
34010974,7
18427775,1
11433810,5
21407985,4
33106871,6
16567249,0
6359734,6
17736731,3
33791555,7
30223073,0
21445515,7
22726498,9
17476989,5
25407258,7
10549634,3
2911867,0
4770164,0
3254560,1
14940338,7
19421835,4
38410843,6
28073916,6
10368371,2
15387354,5
31106363,7
16351286,4
30290028,7
10797189,7
17959644,0
20229817,3
32279887,2
18561519,4
2991557,6
38656786,3
23353887,5
38160518,6
36871756,2
39156809,2
33137165,5
33478942,1
20669085,1
11424808,7
39482504,1
18112393,9
25862513,8
5128807,0
29118729,1
19666462,5
19621625,2
39920252,3
17737914,7
3408494,6
34431833,6
38715570,4
39441880,2
9154023,6
37417765,8
11476886,1
38191114,8
27516059,0
6591890,5
37632766,3
24154465,5
37516570,1
29039434,3
30605090,9
19377427,6
18620199,9
21916146,9
36401400,1
15461511,3
39033106,4
36362027,5
35296244,1
20400671,6
33576537,1
1022649,3
7109149,6
39949841,3
12593366,7
37376798,5
36279649,7
18006023,8
12550843,3
8474394,1
10411359,6
38921364,6
31660951,1
5331275,8
36442023,3
24790655,5
36390290,8
35319652,8
37006187,6
23914730,7
27782511,6
18793888,4
31973169,6
17760769,4
24379456,3
15075792,7
33883840,1
1547944,8
16107658,1
30452395,4
24012327,9
20448664,4
15911674,4
17694732,9
13158452,9
34973763,9
34296436,5
7039200,4
17183122,6
4244855,2
17837078,7
27938954,6
10086412,7
38469632,3
39594002,4
30363174,1
14043719,2
34189397,3
30968256,6
23367218,5
7651220,6
28904793,4
33188104,1
138045,8
32038881,6
31421322,5
30559068,4
8655938,1
36626833,3
33629440,4
26920092,5
35796802,1
7911986,1
23929165,7
12906351,1
33877577,3
15846389,2
38285737,7
32125812,5
28790883,6
37368078,5
23863852,1
1945812,8
8859760,4
7733180,4
27925736,1
28096351,0
36576366,9
30268270,9
25584160,7
33894841,8
24730189,1
34853390,8
24627620,7
32255001,6
10117885,4
3408272,0
1859438,4
2969481,4
11151572,9
8676682,7
38175199,5
26364156,5
32103224,7
904746,6
35311585,7
26342132,3
30347090,5
24703315,8
4445109,3
35305124,2
34537922,5
7761659,9
27825206,3
9778389,7
267628,0
35141438,1
11801658,6
38081866,0
27612958,7
37098471,5
24000394,1
34725405,1
19145645,7
28564566,6
22055454,5
39289217,1
27304900,6
23983476,7
5422464,1
37043534,8
39402154,6
23710572,6
35695015,2
36493966,0
19912866,9
18300322,5
36095421,5
21770014,5
14845336,3
29825571,8
30392099,6
26976025,9
36652786,6
25137484,6
14260601,5
17595590,9
11970820,0
26791615,4
31675798,3
4474690,9
34978483,7
22405239,9
18808363,6
3349147,4
33489267,7
38313288,6
29929540,4
26477603,0
16088666,2
18392341,1
28282671,1
25327148,8
34596082,6
33404850,3
19925256,8
8845435,8
36489711,3
38293878,9
10970639,5
32944377,3
17136015,2
30270373,2
21595936,0
17300370,4
4503257,4
16493500,7
20072030,3
20208681,3
12416278,3
22927336,2
17556929,1
24237185,4
7330718,6
23421778,7
34093547,1
8917548,8
20410501,3
21964452,0
32407913,4
24907337,1
40065760,7
37162381,4
940822,7
14424408,4
36905267,1
28489560,5
32386768,7
37502848,4
27349184,0
39919405,1
19016224,6
16930657,3
37053314,9
22278993,1
31039249,7
38411903,7
1348510,5
21331077,4
12152487,6
38082699,2
33350570,1
8354078,6
21094536,0
35748384,9
12544086,9
38061344,0
18830651,9
26617865,4
37525576,4
14035522,8
5204640,8
1346297,1
16013330,1
27136481,0
27377223,8
25045292,5
22263745,3
21079995,1
26074523,0
16369685,0
30471943,9
23773577,1
24018309,5
40042071,8
12733840,1
28231738,8
4333094,6
37953143,1
25410336,7
36946844,8
24703675,7
12602032,4
17415354,0
20535605,7
37645504,1
13090505,5
20319813,9
29447503,1
1684197,4
31300131,3
39664963,8
31200648,4
33650426,3
28370598,2
35410041,5
11504104,6
866208,9
32920007,9
29594936,3
33925015,3
16720286,6
17406252,1
19374707,5
21742587,0
4780791,9
19915116,1
6341823,4
25444267,3
20112760,9
29401707,1
13160139,4
38467716,9
23430900,1
39186906,0
37094448,5
15816884,9
30745056,6
30227883,7
38664732,1
34505579,6
23538140,3
35565262,6
19705229,5
36902682,1
6715944,0
29145897,7
4758968,5
14568141,8
34601782,5
14029883,6
17169927,6
36851561,8
24948660,9
10341847,5
37661712,5
10958248,8
18603407,4
28420448,0
17781906,0
8685842,9
24723525,7
1355710,5
18335432,6
6705521,4
12867075,9
26455408,6
40141660,7
36332167,8
20001045,9
5878689,5
29667892,6
22440589,1
23600582,9
5725065,5
4976613,9
25067998,3
39303157,1
25673848,2
12630594,4
39607566,3
31408445,9
16013692,4
39898068,4
32969491,9
11942919,9
38498654,3
18676859,1
25080922,5
38405454,1
36944943,6
6728719,9
23264037,3
33252802,3
24395155,6
24944676,3
22416886,9
28102769,5
29375200,9
27999762,6
10425414,7
5888771,7
28800272,3
34418982,9
13293902,9
35330420,4
29292526,9
35212716,9
37796601,5
11661121,1
1264300,4
9482859,9
35245185,9
30801340,3
29344964,5
35682804,5
20568743,4
4657001,4
14264682,3
2045968,6
34320067,7
26855746,4
35003277,7
13273727,3
35719653,9
24563790,0
25883898,1
22442839,4
972267,5
27781881,1
25560879,6
26115889,4
8425304,2
14933771,7
28118236,8
10716916,7
15406882,7
16010898,2
38744353,9
29962525,8
37644156,4
5037432,6
7738272,3
27270829,8
32928328,4
30823730,0
38354163,4
8730946,8
21923964,3
39659469,8
1704085,0
7474976,7
19036477,3
21781233,6
35902694,3
37152940,0
27664609,4
31320657,7
21770419,8
38277002,8
4122504,0
28211333,9
7419787,2
27503961,1
11277432,6
27908424,5
7685087,8
25791196,1
30327523,9
12890100,1
17663862,6
28032395,2
16214190,4
31103161,5
1157725,1
25923565,0
28780493,8
15318800,6
21162535,5
26274037,9
8556398,8
24160626,8
23237628,1
35988808,0
35464976,4
32697252,8
33271060,6
38761142,6
34672408,2
31254758,3
20160622,7
25920049,0
34334927,1
25271459,5
37015852,3
17000732,2
14603104,4
19950823,4
32616111,6
17132659,0
18009979,7
1641470,8
27791014,5
27273499,0
3371795,4
27288730,0
6276170,3
7403585,0
24741690,3
36698082,8
22015803,0
26182916,7
14847703,8
37373196,6
21125674,8
11289670,1
18455576,4
35456290,3
35305688,6
36846007,9
9970005,7
32501869,7
39929934,8
17210425,3
26792615,5
17477583,3
24279706,2
33433863,4
29127196,6
23582393,3
23303221,7
34693939,9
14706225,0
39256611,7
2805595,0
35566034,4
23064280,0
32986366,9
13991248,7
21443381,1
21536555,9
8284890,3
11034388,8
16269376,6
19967862,1
38283475,2
14443595,8
14496193,0
37903818,6
21527610,8
35060732,8
35383195,8
25557311,5
27328116,7
29586096,9
33745964,6
4002286,0
13513244,3
33632932,9
27828184,7
38938306,0
30570659,0
20435405,1
27188983,8
39537757,2
16451849,5
3726338,9
20516178,6
32029892,1
32847800,9
15686658,8
33116305,9
9314149,4
3979658,2
15535683,1
24017650,8
4833646,0
35596031,3
33355265,4
33527596,0
20395913,5
38233515,8
23389450,7
18347352,3
29937830,6
16773583,6
14063877,8
4436240,9
14626613,6
33283235,3
17874609,3
30127355,9
20767639,0
25654453,9
32567100,5
35709639,6
35227154,4
4525147,5
14363655,3
4806237,4
9771562,4
28721397,9
9955548,6
26813499,7
39064725,7
30675501,3
10097477,6
11730952,3
23042963,8
20438594,0
25936696,3
19591467,1
12162021,0
24045265,0
29042787,5
12073957,6
35236880,3
5202721,6
35005574,1
37710542,1
32317330,9
36435012,4
36050887,7
2509260,9
21876482,1
24785928,2
30935583,5
22534854,5
32963088,3
18179606,6
28873113,0
23203332,9
21147075,6
16232244,8
27218543,9
31282297,5
20437976,2
37614550,0
21614739,1
38666329,1
33868598,3
28997364,8
32993775,4
8638534,1
38335685,4
21453137,5
21307835,9
4414375,4
30189749,2
2327989,1
34582419,7
4988301,7
5595658,0
37912206,9
29157808,7
25550874,2
34731954,4
26656151,2
28207805,3
36422775,8
28200686,4
37114683,6
40050625,6
33664163,3
39681616,3
8577055,1
10985565,7
20062179,5
38093965,9
16745740,7
13337870,1
11122418,6
31085768,1
10705360,8
11488555,4
21762720,1
33563572,4
38255065,7
20539069,9
19609041,1
27737091,3
34747543,8
29649147,3
38310392,9
31884965,0
35996569,4
12350907,1
30420841,9
39825307,6
28076561,0
32874273,6
33121433,4
30682918,3
33514317,7
18208287,8
15525493,3
26427340,9
38079222,0
8914642,4
9444242,7
27207971,6
39746035,5
33271600,1
22323054,6
33712418,8
31524210,1
36227945,9
555344,9
14035775,1
11804589,8
1303105,3
26763900,9
34449674,1
35475103,4
21852662,1
34598898,9
39217888,1
36989625,6
36063632,3
33338327,7
22147773,5
28745759,1
27312139,5
34890051,2
20171906,6
3389817,0
19942970,2
32250200,9
24838715,8
28301031,5
17147156,2
7113218,7
36718214,3
24287483,1
24576181,1
15476971,8
1455602,7
13298633,9
27756962,3
27999138,7
21944249,4
39734360,6
4358001,5
30111973,9
22620303,3
35307546,1
21455789,6
25727687,1
24743349,8
20144725,7
39276998,8
24481178,3
37350758,2
26516193,3
37445466,9
39995094,8
22162267,7
36855792,4
31943339,3
36636053,9
31291493,6
14110121,1
33608365,6
3209362,3
18158382,3
27029426,2
39845833,6
30422535,8
9289427,3
38729873,4
17728820,4
13225201,6
31362680,8
37265501,7
5354061,5
36068113,5
10253279,0
8094032,7
36816302,4
16924319,6
26313660,8
13613635,0
2406959,9
28726742,3
35253849,5
22252235,0
20807579,8
17955970,5
22147084,2
2296803,7
17907109,1
22671396,1
16269649,6
1821399,0
27955947,0
26759784,8
25036699,3
34035731,2
35079438,1
34487862,4
19646520,3
27720647,4
33712135,7
25779070,2
39847547,5
20494783,7
12323085,3
14323831,2
30856866,1
23803255,5
3997887,6
39021513,5
24476058,1
11076377,5
19930998,9
681565,0
33381305,9
12574275,0
6319915,8
19416008,7
34763139,5
36260599,5
20904447,9
27853002,4
5730407,0
1977022,0
9588331,3
39547056,8
12970567,7
37653995,0
29608581,5
6225843,1
38448321,3
27990419,5
23511569,4
19466460,4
32671668,4
34031410,9
16143226,4
29744062,3
31821780,9
3025031,8
9072227,7
38184969,7
31650897,6
37090869,2
23901291,2
37020712,3
15145222,4
2888598,5
4695609,5
35510666,4
19835923,1
20484366,1
36724202,1
22825693,7
6010011,5
28684187,6
35708920,7
6217351,8
33661115,1
17752460,6
27184204,3
27631241,4
25516805,1
22316489,6
31334629,5
5698175,1
33824334,9
36237853,6
31926470,0
3149370,1
12468823,6
12076092,5
12419875,8
35422392,6
11888635,5
15170450,1
39601218,7
34763208,9
37710662,1
39916655,7
35964994,1
33836647,3
5321186,5
31454438,6
36667061,7
32740048,2
1959188,8
7449395,1
28629911,4
23455341,8
5910703,8
15042945,1
22210251,5
14865572,5
36420970,1
28357582,7
5106358,9
13464759,0
34946062,2
24288780,9
29820370,8
34200551,1
34079787,3
36472879,5
13752507,9
15049333,8
1002072,0
32559406,4
19572248,4
33135354,7
13834472,6
2278150,0
29670109,5
19684765,9
31537305,8
15312170,3
35923078,0
27219849,8
30636014,9
39681631,0
23387488,8
24693024,3
18663956,0
20498469,0
30408127,1
26374648,6
6244272,3
19532344,4
35463419,0
37778176,8
18020849,7
29865518,0
33547061,8
7482959,1
7417701,4
23619426,8
30821951,0
23687011,8
19199944,8
13241200,6
37358499,9
16733716,7
12927060,1
17309356,4
26175761,9
35663109,3
11226252,0
39444808,6
25320719,9
19848965,9
12431826,7
34883086,1
39160750,9
3548937,2
35355657,8
31528600,7
25151108,3
34710482,9
36453888,7
29088467,6
19458344,7
37669177,6
22660581,6
32201138,8
37166827,3
38205540,9
28427651,6
8002282,1
32414960,3
2139823,6
22733642,6
39585179,9
32427110,9
25432139,0
16494560,0
8925293,5
3626619,6
20014811,7
25071242,1
18057029,0
30253141,0
35455991,2
31459439,0
34801132,7
15578416,5
37324106,3
18344996,9
36069211,9
7555335,6
3370996,4
6796722,4
24694887,5
38296748,8
25892181,2
17028562,1
32509261,0
22994881,8
26470151,3
28621908,6
39574813,1
14071096,5
36702120,9
6582183,5
34650978,2
28455413,3
22039057,6
16453746,9
35906395,5
35202289,8
31935514,9
24654209,4
22868900,4
14536167,5
37579374,7
28164874,3
5602265,9
28997120,9
25127899,9
27020950,4
27164129,5
18029074,6
29732282,8
32803223,9
21679401,6
35983172,5
28973150,7
1645962,5
33363613,5
29871460,3
38848471,4
24492345,6
16678006,0
37009788,9
35572308,2
39973360,9
31298298,0
32933480,1
21597078,5
37285708,5
1473625,8
39247527,9
34752521,6
27011143,5
2781186,8
3233674,1
36183763,5
19291738,7
9313999,6
22962474,0
14171719,1
23447411,9
25161449,2
19770147,3
26435738,2
24597761,9
14432020,9
4024972,1
10640623,2
16319878,6
32152166,1
32156071,4
9758513,3
14872061,1
39507592,9
5720233,0
33476561,3
16000228,3
27696154,0
22840985,4
31137414,4
33105045,3
21516322,8
9815077,7
31576270,4
38456295,7
22130727,1
37989239,1
20944212,3
19750890,2
23903848,4
34984174,1
15715597,0
15709933,3
25143621,4
32656758,1
1060745,1
23189610,2
23040727,2
30564792,4
27560764,6
603595,5
35725265,4
13169535,9
31690038,4
26261190,8
30164528,1
3453757,0
33094758,3
13475567,5
19364051,2
15204225,9
17113970,6
23028255,2
36902899,7
35348346,5
29868741,1
24921545,9
22134712,2
37233669,4
32966108,4
19410377,5
14159318,0
38949402,4
33084068,1
34107775,1
24011117,0
4291704,4
39524220,3
33667862,1
28715192,1
15998188,9
13860738,3
36146551,5
7456181,6
33639344,0
18390092,1
26880611,3
37897851,7
14158947,8
15876307,5
28529852,0
13232935,8
23974147,4
15597439,7
32800168,2
33790105,1
22059989,2
11100244,3
4873679,5
2540043,0
8437792,8
24633664,3
32546804,4
9182462,7
1158108,1
22183205,3
27261662,3
25729867,4
4211454,0
27843361,5
37742895,9
10267817,7
33681546,0
35391579,1
29972682,1
32936215,1
34563522,1
25106498,6
39734786,7
39263563,4
26698044,1
38237460,2
22486663,5
40075008,0
11480589,0
17143015,5
19412835,5
24259329,6
38857855,0
6896589,6
6725771,3
4403289,6
15580869,6
9143506,8
30754693,4
37396046,3
35026040,6
9850261,5
9816816,1
15214386,8
15456804,6
25796309,3
32041223,7
38448638,0
8795698,3
31276585,8
19096808,1
21330829,6
5554100,4
14541182,0
23379357,3
30278454,6
19644391,8
30229119,7
38138143,7
13033060,6
22795148,5
5228717,5
18195758,3
9142264,7
20154390,9
8844073,5
8234723,0
20886565,0
29914293,5
33251246,7
39131424,3
20780419,7
32975871,7
30822124,1
27537530,1
23734899,3
12368485,7
5708352,6
24210405,1
33735914,9
36045610,5
16535995,1
25076058,8
25474562,1
28495905,9
32788991,3
33678995,6
23392041,2
29847145,1
38458288,6
39495994,0
36481763,7
33934948,9
32090714,3
20928787,1
25123127,2
9795431,6
16803835,6
38084537,0
32049122,3
13077638,7
34415398,5
37482313,9
19498063,7
20584889,1
25387251,3
19403532,1
39639806,3
32980559,8
18038003,7
27350599,8
35794897,8
32311048,5
29922108,6
12899431,4
886238,0
33191477,4
28302556,6
24456314,2
17334993,1
31617858,0
25998282,9
2768038,9
13305767,3
8983019,1
6940257,1
19276731,6
10756383,0
33449279,1
30301112,4
17671733,5
26581666,9
33068747,6
35468907,0
38740631,1
25503926,5
30715650,2
38858982,5
5500563,4
30068578,7
20183020,6
17520927,6
15208543,6
6359881,7
11249941,6
27967298,0
28258873,1
19962495,3
21465903,2
27048746,0
26188666,5
30352394,6
38744747,4
17110379,3
22843336,4
31148251,7
38213819,7
32999363,0
30176479,5
33200025,1
29207107,6
24231994,1
11351110,2
37620761,6
38491963,8
20665895,1
32671247,0
5577425,6
37081085,3
24663332,6
11076018,2
19254974,9
20067316,8
26796316,7
4882674,1
29180739,6
10689273,4
20277394,2
37368152,8
9529428,9
35328487,3
36969724,2
2201867,8
5764449,5
29519051,9
22571800,9
36608834,6
36945410,0
34913005,3
8556724,1
37014153,9
7060534,2
34377278,7
34106696,6
23393687,0
38425775,7
32443901,5
34179675,3
5441961,1
8918847,5
26879942,4
14423896,7
22273985,9
19274503,3
3419202,3
210629,3
26626238,9
37529333,3
3452489,2
25257932,4
3467723,9
38000237,6
5617322,4
36834574,1
9832622,1
37750899,0
9307836,6
25212804,4
11807955,5
328964,6
36243708,0
24075340,1
32620164,4
19694360,5
38427570,4
29069306,5
2233422,1
28774824,7
12935407,5
34090316,6
3899593,9
22177059,4
34483142,3
11125690,5
883520,4
32039423,5
31100948,7
2526589,2
8356907,9
33843860,8
39964728,6
30802158,1
34429375,5
18263285,0
22572768,0
13714790,3
19712395,8
37055664,2
39952592,1
39995912,7
17386151,2
11601243,1
21923120,3
2619129,5
7362770,6
21352925,2
6963302,6
28099106,1
9644784,6
6450228,8
1386093,8
3497223,9
28489598,8
19898403,9
33113135,6
13094829,7
39227706,9
13993492,6
6855984,0
36841861,0
8074850,2
15296126,1
33831289,2
33536525,9
302867,1
35702535,6
29835163,0
36023521,9
37134281,4
11574850,4
39998184,9
38839828,8
38977929,1
26410206,1
35559678,0
8689825,4
13982442,8
14026851,5
807863,6
33228369,7
7772253,3
11861704,1
22995375,5
22553679,0
29437675,3
20553596,4
11563816,1
32902832,3
34789658,7
19630737,9
11518252,9
30387793,0
23184410,0
17862520,7
32193211,1
29880154,5
24665536,4
38602884,3
15515218,5
27993036,3
30024717,4
19393677,6
39946601,3
19704067,8
3690380,1
15004838,6
18117806,1
27181990,6
39043417,0
15341762,3
34798558,8
29957968,9
21512305,3
36815187,2
330383,6
21222458,1
12086724,2
21961037,4
3687702,9
32540422,7
2301458,0
8814383,0
32160439,1
6807459,2
30337602,9
30539564,7
12521575,4
26404893,2
30094682,7
32655778,6
36343197,0
37283514,4
26083293,3
29347626,3
35880249,4
17066451,6
23232463,9
38026431,8
1918270,7
30684872,5
10888373,4
24932730,6
34740102,4
2085592,5
11062417,1
34143988,9
12855534,5
27887393,4
11371415,6
27421282,6
36006248,3
5848184,0
33969479,5
1776290,1
35765317,2
31237499,8
17535127,8
23156116,6
16971396,7
16396599,7
16267450,6
19645908,5
10459041,1
13111899,0
18249177,4
28489031,6
20098238,6
39580427,3
35210564,1
2419416,8
6734487,8
32071337,4
14396178,6
30222389,3
33593485,7
32216391,1
8186828,2
26578264,7
24884756,5
37276888,8
29219386,0
32612026,9
37634370,3
16720033,0
19227798,3
478655,8
36250928,5
7585617,4
31459325,1
39963452,0
8280533,6
29190966,3
33821264,4
35643326,6
22133694,9
7614869,5
35603454,3
38529246,7
16514138,2
6101902,7
1122691,9
20434470,7
32699740,9
36002197,8
37917208,4
34357439,4
33760441,8
30251145,5
24621808,6
37559279,2
10055045,7
13070759,1
24017943,4
25796140,8
37623036,9
6541771,2
30133278,8
12564043,7
11732792,4
1052613,4
17065009,1
33611969,7
32354312,3
2773164,1
28246304,5
8328493,1
31592791,9
24101426,2
1734001,1
39926533,5
22095074,5
36600293,5
12010140,8
6356041,9
27221223,8
38243055,3
37124512,3
36364357,4
22968652,0
30372907,8
19710362,5
10146959,3
27735999,1
29307448,6
6320954,1
27818607,3
37037751,3
4064464,6
16327107,3
2541254,1
33077395,5
26207392,7
27208413,6
23056739,8
34046626,9
24371304,8
39165078,3
17046421,1
6824062,4
26198847,8
35963509,6
23062193,3
26588154,8
36242349,7
19821525,3
32881905,6
2581217,8
14992675,4
33153821,7
4088731,8
26080808,5
35454093,8
10566382,5
13323929,7
12056115,3
39642663,7
12432130,0
27098762,7
38602963,8
6834388,4
37354691,0
12124959,0
27333915,3
29517825,6
35153942,5
15603356,6
20182748,9
13055776,9
2207875,5
24739533,1
36308320,8
29861653,7
24511046,2
17633734,5
34030573,9
33426715,2
23378076,3
25898282,1
28003189,6
24414647,1
24060728,4
27670396,7
35425476,6
901704,2
26428941,6
6321795,7
12785133,4
15649257,5
35735064,6
37174909,2
19200608,6
14905866,8
23599650,6
19657301,3
19394099,2
8247151,2
22648641,0
3460867,1
3936798,4
36442900,7
18700929,5
34434353,6
23066149,1
13854472,7
30492556,9
13820954,2
36766355,2
34020508,2
30990342,3
16078366,4
21393454,0
19160571,4
18129860,5
16797459,6
34323570,3
6678266,8
23229649,2
16746609,9
32697958,3
36590898,6
28551122,1
36076136,6
3762199,0
34004922,6
35620938,6
24212450,5
6031007,4
12623571,3
8193965,9
38599261,9
18657935,9
32099273,2
30082300,6
9108238,8
2939070,4
14003924,4
24806069,0
35281989,7
13324439,3
39400302,0
29382145,9
16042773,9
37733892,3
35437458,5
15898798,1
35483111,8
12925227,0
17995668,7
34187515,5
24481169,7
30654895,9
11943831,9
1315425,8
3096953,6
7501557,5
27554036,6
33461115,7
4525735,6
14783714,2
6243276,4
30227503,6
26271715,6
27241726,5
3112469,3
27872305,6
33373465,3
5966852,2
15933588,6
3137685,8
14660541,8
38057096,9
23255308,3
31308318,0
26313520,3
29933701,7
25397971,6
28155383,9
21682086,8
10499258,5
8543730,8
28733625,1
23737316,2
27531010,5
29931461,4
9223579,7
30732569,7
15118741,9
37480466,7
22402599,1
29871621,9
10513235,4
27900812,4
30449763,9
5853948,5
8718878,3
12995925,8
3139922,4
39946750,9
1224585,8
34146628,2
12014042,8
28209329,4
29612259,4
31124329,5
31130450,8
16307640,1
36702370,9
35402874,8
29682133,5
8275746,7
28664813,1
31728810,0
4616272,5
10545041,8
38985598,3
11487036,9
35678215,8
5249917,0
12651618,3
32550269,8
8749505,5
5263712,1
30771652,6
31328367,9
618827,0
23846973,8
27468051,4
10693808,5
34544588,5
31621154,4
25311754,4
12885860,3
31393322,4
29030682,0
37840809,1
25455462,0
9933920,6
16903409,4
35963592,1
1059594,1
7769419,7
118467,4
39879746,5
17737638,0
28038453,5
36186554,6
18647236,5
22874513,3
27767662,8
5791766,0
10340439,5
8647735,2
39734304,3
22002726,1
14896982,5
18899648,3
11062773,7
31436881,9
16198789,1
28074495,6
36693486,7
36907242,8
14694834,7
28440708,1
24705646,1
6094171,5
16953149,0
12864911,4
29321077,9
33176278,6
36212494,1
6474549,5
21659375,4
8402176,0
29590988,6
30233109,8
36377688,2
1998261,7
32608199,6
16774889,4
32930452,7
23784905,7
295670,8
35439244,9
16517303,2
28694021,7
35945362,7
35104067,5
33493723,6
16332861,9
5638334,6
36795745,6
28228218,7
37959724,6
35838690,6
7117318,1
26558617,1
36757965,7
