question_id,cluster
28086865,4
39663117,3
37259168,4
22412231,1
25090735,0
25279059,2
22719224,0
7549662,3
28233633,0
40091963,4
1366274,2
1751959,1
11596423,1
23042962,4
4638806,3
4585692,1
39397720,1
35880247,1
32969757,0
2323080,1
32535816,4
20383151,1
3610071,1
13596408,1
39970303,1
38164587,2
19094441,3
26077231,0
39066567,3
27462337,1
22865573,0
22739592,1
23785155,1
39231607,2
39518350,2
25571861,3
31614866,4
15745418,1
15900883,0
32023183,2
39549494,2
38895185,0
35792905,1
17717282,1
11040626,4
36747114,1
3695202,3
29552575,3
21058514,3
33769143,4
6239042,1
13144158,1
34278866,4
26080958,2
5834054,4
25705544,4
27542341,4
38316294,3
20110006,3
33127008,4
18596189,4
2483840,1
20803932,0
4848965,3
27056575,4
8701419,1
4690155,1
26673267,0
32463870,4
36908926,4
19472499,1
38780122,2
37015876,1
12030085,1
29859761,1
33753832,1
4676973,3
39111903,3
27177212,0
22108306,4
38792077,0
32589767,3
3402694,2
35942081,1
26753268,3
26487648,1
19338748,1
19111047,1
13980656,4
30849351,4
33655933,0
13163895,0
13356680,4
16991754,1
18380766,4
5522524,2
39521924,0
36795424,3
19665125,4
33792478,2
4054254,1
25109001,4
2631311,3
843277,1
38879470,4
32906669,1
23873048,4
31350589,1
37730751,4
11816236,1
11376381,3
36053881,4
13336798,1
20298058,2
3068408,0
21465348,4
37066402,0
34394344,1
36447378,2
5075335,1
36507334,0
25709818,3
35046142,4
38591938,4
37390827,2
32683412,4
34880137,4
27434689,1
34708972,0
7765113,0
37864425,4
6107905,1
39978375,1
4968210,0
25462305,4
35641116,4
36816386,4
34683400,3
36820171,1
26005274,4
38477881,2
10639333,4
25387745,1
40113343,4
29080279,1
26615756,0
6655724,0
38876562,3
33592626,3
29144956,3
23970227,1
5531249,4
35224978,1
6650906,1
24037441,3
12311196,1
1056675,2
24020720,4
14319771,1
5289680,0
19919987,2
22127346,0
22983523,4
10587826,0
29581718,3
21897420,2
24419845,1
28624489,0
1693945,4
17124199,2
21397455,1
16494824,0
21436163,2
18896682,2
17621531,1
36534795,3
34381588,0
31538738,1
36813851,3
17173743,4
17327389,3
39341571,1
18968660,3
12485148,1
32705146,4
9584565,4
39331369,0
16059073,1
31253866,2
24743446,1
2465675,0
4713589,2
19216046,4
13369009,3
37541248,2
36518512,0
29408529,0
23617898,2
40006924,3
39394936,0
34352419,4
22731782,4
19484161,0
18352815,0
4255854,0
4717238,1
38704586,1
33572928,4
35846053,4
38343972,3
39396222,0
3842927,3
15966537,3
23154821,4
23580176,1
3489451,3
34052977,4
8358781,1
5566160,4
9952655,0
5258402,1
35822563,0
11601629,4
7184454,1
23779995,0
18767257,2
10292057,2
9193773,1
15194061,4
33452601,4
13664861,3
29922373,4
28410763,2
35006204,4
11017984,3
10459673,4
36854690,0
20129259,1
21434728,3
18667053,1
39448604,4
9852226,4
34452680,1
18821795,3
10903748,3
25375057,4
32723802,4
16044668,0
26770121,1
15661231,4
21403044,0
18946286,2
35625488,2
36301179,1
23963369,3
21047921,4
28677597,3
16597396,1
19430190,4
28085788,3
16664360,0
8973238,2
38343213,2
16329869,4
14621310,0
27524817,2
29029077,1
8573464,1
28930706,1
18486244,4
28384690,1
3905548,1
18689026,4
36689898,0
5513615,4
14902299,0
38579256,4
6871686,3
10424987,4
33492593,3
27440989,1
2193009,0
31419145,1
30025502,4
15265319,1
38289432,0
36697521,4
38038700,4
35440222,1
31400143,4
9014056,4
27118886,2
40027392,3
32078763,4
25064271,0
19833315,0
17202946,3
1258199,4
21705101,1
29832659,3
16816379,4
20202639,0
822195,4
37467812,3
39847007,2
11268039,0
29621334,4
17459700,4
3165213,4
31473998,2
22301531,4
22787091,3
25903242,4
30699806,3
34071495,3
39128412,1
37749111,2
14734492,2
13167852,1
39721813,0
30444863,0
28228720,4
30016119,3
20109487,1
35461213,2
17528842,3
34133667,3
13446989,2
16435697,3
12612229,1
17412087,2
35505498,1
34422238,4
27810898,2
17229045,2
22254151,4
25319851,3
20966102,4
38117824,4
17384485,2
8320106,4
39151443,4
992136,1
26984555,0
24422724,1
19693782,3
12139428,0
24286544,4
14863576,4
26214245,4
25379098,1
9526873,2
7385374,1
928806,0
3861148,3
39533524,3
31946790,0
32689758,3
22946117,0
15555589,0
3134850,0
10831075,1
20629113,3
28917968,2
28999332,2
21739518,1
18241359,3
13010551,4
11651188,4
9100431,2
34657480,2
15898829,0
13729394,1
6603448,4
4293408,4
28862412,4
35590796,3
21735827,4
23111625,0
13093806,4
33426634,1
30032701,4
15622082,2
17819311,1
7381998,1
36169342,4
22120887,4
11850762,0
25726289,1
13792798,3
31657423,4
19655688,1
23409982,4
23704826,4
8535913,4
24540431,3
23021976,4
7199405,2
36447597,0
22386064,3
32660596,1
34662357,4
37166891,0
22411463,1
8953035,4
1905396,0
27208757,2
9645924,2
39509080,3
11366294,1
36385992,1
7969552,4
29418117,2
9486345,1
10773372,1
13936169,1
33680750,3
29471617,3
33971496,0
35585362,0
32177449,1
11388632,1
1111173,0
30036443,0
17320133,4
12853628,0
23159019,4
1956249,0
35722096,2
18799033,1
6438260,2
19782309,3
13018266,1
34336273,4
12851374,1
15821830,4
17060930,4
28267756,4
38778676,2
32358269,4
21886526,0
14413661,3
4113014,0
26897759,2
38618888,4
3442920,1
23800972,2
31063601,1
28705834,3
27607638,4
6931039,4
35761561,4
28288395,1
32874900,4
38071436,3
27219759,4
21158731,3
26361113,0
27034416,4
22253695,0
11622692,3
16837642,1
3894923,4
17438943,0
37732552,1
23809636,0
39143465,1
10866990,0
17197406,2
2470121,1
34005479,3
32079691,4
28477877,4
10497342,0
22534552,2
14922533,2
35593961,1
32141623,1
35583510,0
12170262,4
28022998,4
25775965,0
22891586,0
7973002,2
11798323,1
35330733,3
14429724,1
18598238,3
14195544,0
17005775,1
33325603,1
16787725,4
38960196,4
39829846,4
26278348,1
6203653,1
37865763,4
36491375,4
23833324,1
30585679,3
34462682,1
18456841,0
7070693,1
16387597,4
23295868,0
21045437,2
32334346,4
12810499,3
24109713,2
23891486,2
36362175,4
29701951,2
5315873,4
40140412,1
22436864,1
14236633,0
38881888,1
38807067,2
22848533,1
23711762,0
5164307,0
3898572,1
4360636,1
31402734,3
23872285,4
1431936,1
39407747,2
27883769,3
4888440,1
37022787,3
24624809,2
19610240,0
19617959,2
34714863,0
818942,1
29244434,0
33333980,2
1229414,4
23506306,4
22603750,1
38723055,1
39836449,0
34411047,1
33979709,2
34525893,4
12328678,1
31111493,2
38367206,0
22665833,2
8779497,2
28722677,4
38384829,2
13824973,4
9770133,1
29566846,3
14579231,1
33658216,4
22561495,4
5918633,2
34383951,1
27575354,3
11228153,1
3407414,4
16813088,4
2038247,1
33713149,4
5445462,1
31872863,1
3486372,1
17492923,4
24058127,2
22787826,1
24404729,3
7768633,0
8930370,3
34584484,2
17370820,4
28658918,3
25285665,0
14588682,3
23205147,3
11897028,2
28078327,3
26698401,3
33720318,2
553019,1
40121221,2
31960214,3
24981505,4
24607358,1
37302934,0
23839662,4
29901471,4
24834926,1
24087593,4
36258215,4
28119877,4
3730616,2
32991977,3
2828962,1
32040304,3
26805232,0
24056286,4
21039589,1
15807611,0
9870182,2
21922382,3
16500443,1
22156574,1
7829007,0
33751388,4
7629288,1
22133696,1
32121236,3
2828059,4
2041978,1
22251169,2
15258017,1
26187054,4
14258702,0
31949339,0
38679516,4
27194710,3
29847082,3
27959962,3
25914854,1
19261392,3
25490432,1
21640880,1
25455067,4
27790357,3
8449454,4
19169352,4
29743523,3
33657182,4
4295799,4
39084519,3
25720742,1
35540265,0
15947517,3
10475448,1
22878113,3
16022579,0
35984404,0
26876438,1
10018679,4
34257693,2
31795092,4
9445835,4
19527097,1
14658945,4
762764,0
24591917,4
38237598,1
1842389,0
23618728,1
29545601,3
31307014,3
38447314,4
14621224,2
2415842,0
20502312,0
21113773,4
31487381,4
16700779,2
14533936,0
32485542,2
32813162,3
30834395,0
33405490,0
28882496,0
7556499,3
32740320,1
11481618,4
24376574,3
38219558,4
28520450,1
36131003,0
8299270,1
23234436,1
37830512,3
5403138,4
37662869,1
3586295,1
35258750,4
33713501,1
24057239,1
18478240,3
35696980,0
16022245,4
2524998,4
35332978,3
16981303,4
34662173,3
37471079,4
6162823,4
36163949,0
15378537,0
38708729,2
16110968,0
27772934,4
21784116,1
11824137,1
22899536,4
34322896,1
20444155,4
15541418,3
39776675,0
37019240,3
12559778,2
12658224,0
30380551,3
39214277,0
29973598,1
26642433,4
36152287,4
4098197,0
36894878,2
11059203,1
39792641,0
1364583,2
6912867,0
12289861,0
2743070,0
19715854,3
26352833,1
15638468,0
18117748,3
18324753,0
26762053,0
18915481,3
21285022,1
1720743,2
37579590,4
6322158,1
36091759,2
36764709,1
8590813,4
8904271,4
13209539,4
32877873,4
1325568,1
35287254,1
34957004,4
34064104,3
38808452,0
14006028,1
26683509,4
34755256,1
20136274,1
13111025,3
18838328,4
27284196,1
27990497,3
18581174,1
33929929,3
37289559,2
18883222,3
19441031,1
30293680,1
29300175,1
550804,1
19228711,4
38361224,4
4476354,2
19961071,1
39408038,4
25663653,1
23378498,0
33442872,2
5772148,4
29641616,1
17039151,3
32239077,1
17088224,0
10011302,3
34576409,1
8934530,1
5234944,2
19545979,1
15881439,0
30746167,3
25429219,1
27827503,1
16820635,4
8674426,0
20602488,4
35825289,0
36034926,2
28594000,1
31577926,0
33303952,1
21366021,2
25028105,0
27973941,0
30492313,3
6335906,1
14779216,1
10599347,1
19915264,1
20341650,1
22244837,1
36612981,0
29997186,4
4782028,4
36068943,4
34856717,4
7389109,4
29591313,4
10860774,0
25543741,2
35997393,4
35871625,4
32731554,3
32821143,4
16705670,0
28128514,1
17887503,0
35692719,0
21282039,2
38528332,4
36725130,3
35998123,0
4065085,1
14355642,1
33067867,3
26741204,4
8158536,2
39580929,2
26711396,3
26936345,4
26295092,1
14924795,2
23355661,1
17398040,1
35423366,3
8764895,1
20600527,1
14609467,0
34574351,3
21309172,3
21713148,2
28522671,4
13440956,1
34216141,4
29363697,2
31806428,2
35407893,0
21370722,1
36923265,1
37242036,0
35628640,0
11387439,3
11580789,1
9937781,4
36425234,3
23103370,3
13703295,0
29796140,4
13711187,0
31468597,4
26949091,4
18064914,3
32033557,3
38877102,3
17220997,1
37661073,4
11280464,1
34315152,2
11298909,3
29489717,2
14898089,2
26321618,4
39029632,3
22557758,2
6165819,1
5891359,1
30264461,2
23420021,2
5812318,4
902039,2
14532634,1
21392956,4
21699022,1
20262687,4
14184623,4
10110295,1
39366291,4
18245975,3
22876655,4
25856475,1
21175922,2
8063012,1
36738309,1
31388828,1
39626338,2
30405420,4
30067180,2
9914393,1
15442717,0
1181233,1
29775539,4
6649990,0
29794853,4
14850960,4
33665542,3
26527493,2
28759361,3
36386761,2
144218,3
33335937,1
12894154,0
18131839,0
2591580,2
35356198,3
26106833,1
22331396,2
29590189,3
38906797,0
23935029,2
26822873,2
31348238,0
1554673,2
17252024,3
32325075,2
10368153,4
37432161,4
30636248,4
21153407,1
39355483,4
22135108,4
22179718,1
1672113,2
32705280,0
23210644,3
14199168,4
29972991,3
31878409,1
26166248,0
19604825,4
19544545,4
26441236,1
21528899,3
18692818,0
25407738,2
31644677,4
27651993,0
12182744,1
33914593,2
30754926,4
18428457,0
36210157,4
34706485,4
36163147,0
28951256,1
18472826,1
10818445,1
13143218,2
26887558,1
20456759,2
30354380,0
33314704,2
4106332,1
39450903,3
37659066,0
18615022,0
36014646,2
19376994,0
27000754,2
37454726,0
13754880,4
34005062,2
39976348,4
9515559,2
26188763,1
39050676,4
19132927,3
23531110,2
24785657,1
18502197,4
32868911,0
22263679,1
5415199,0
19414060,1
2680619,4
22816409,4
27981595,0
31436023,3
31605888,4
38903443,2
26440574,1
13179917,0
27715429,1
31911465,0
36789493,4
21367320,0
26002936,2
28082017,2
29467807,2
7680343,1
12945387,3
30270899,3
27999685,1
22488693,0
35685146,4
30331943,1
37232804,1
19012948,1
22716035,0
11959434,1
37644773,1
31655788,4
18166360,4
4698755,4
38164191,4
28599012,4
31693683,0
11462235,4
28634422,3
19791208,0
36967011,4
13703724,0
14633290,0
23055860,1
21848033,2
30202445,2
37058194,0
29836948,4
12868559,1
23199042,4
33804118,3
14398868,3
37530500,0
28975467,0
18312886,1
35228991,2
14828945,4
4163740,1
33597066,4
37310695,1
21649113,1
29597831,4
34818228,4
36289259,3
35922675,1
32855029,4
19670697,2
8979031,3
1151207,1
38358521,1
24062013,1
21310797,1
40063530,1
7074051,4
31353423,2
30998543,2
36607953,3
33984132,0
5972506,1
11636162,4
35135979,2
16575250,4
21189294,4
27851087,3
31501806,1
26941785,2
19295832,1
4922623,0
22752467,2
26328818,1
17858553,0
38876429,3
29070176,0
23343709,4
26224484,0
9270931,4
33335291,4
32894378,4
27885855,2
22869719,0
22522330,2
28614911,1
34936193,4
34447789,4
32422279,3
34897280,0
32838397,0
10455538,4
32170913,2
23759873,1
7274521,0
7881110,4
27789298,3
30289289,1
21542301,4
5903501,2
25469869,1
22699808,1
3651339,2
32427207,1
36504073,3
28178477,4
37550934,4
36066054,4
4513937,1
37493102,0
23716734,0
29965571,2
16883360,1
23006023,2
25839183,1
28646271,2
24509307,2
9375878,1
20098319,1
34525277,0
31231115,3
39346549,0
4131546,0
28521142,2
27434153,1
20391489,1
35550913,4
25492346,4
20441762,0
31449291,3
26923433,0
27000546,4
32376579,1
27289344,0
29704164,4
21607965,4
39297328,0
34687818,2
20462833,4
39843230,1
16500798,0
12065019,4
35179953,3
32231896,1
4785918,1
32975638,0
29222034,1
23311483,0
19121894,2
34601505,4
12880324,4
35353771,1
18157259,4
26921854,4
6854662,2
37913101,0
40038519,1
16121686,1
37111118,0
27195594,1
37521814,0
6895205,1
27414913,3
6849582,1
37685459,1
5046845,3
31268914,4
21512572,0
21721545,2
17571349,4
22676327,1
22488553,3
1490429,1
27391292,3
19646627,4
16678500,2
35944841,3
23140799,2
31088263,4
29785941,2
28399233,0
26246233,1
9174234,4
6466628,0
30703988,1
27237072,0
23160476,3
23522539,4
34180827,4
27915151,4
39314024,0
38988705,0
900420,4
27587108,1
38685620,1
37560990,1
27957831,1
36892829,1
6713463,4
5180521,3
35374933,1
23288447,1
4226824,1
3247183,1
32905668,2
9312082,4
20018092,1
35141092,1
39370510,0
31192752,3
36582696,3
34015615,1
39018998,2
34048210,4
2900362,0
1999412,1
1080920,0
2863406,0
18439316,3
20887555,1
15398865,1
15169015,1
28814603,4
35630020,2
29545547,0
11380380,0
23640624,2
39491918,1
28015865,0
34427715,3
28256804,0
5068100,1
36802811,2
36661682,0
30610885,3
39987071,3
37956517,1
35795089,3
16746685,4
26954694,0
30668106,1
36164170,1
28277137,2
14888843,1
32872828,3
6681243,2
4735732,4
32852208,1
28513480,4
17944235,4
29096898,4
35351203,4
20638999,2
24764431,1
37200386,4
10773010,3
20012919,4
37646631,4
38013618,0
10044903,1
9283606,2
33384112,3
27038061,1
2102294,0
37231619,2
4717751,0
29061751,1
19002235,3
36655901,4
12888655,1
3746672,1
25317270,1
31108850,2
19256155,0
35324657,1
35778136,3
5551286,3
38073332,4
2102216,1
19236833,4
4560554,3
15761528,3
29690535,4
37901186,3
9484232,1
34117072,4
4919681,4
1489041,0
23641871,0
35032792,1
35261895,1
11216894,2
38895856,4
19804129,1
24811286,0
39901860,1
31924543,1
39663469,2
37045399,1
20710532,1
11251257,3
32350505,3
15374291,3
28267870,2
19728908,3
22466821,1
31984914,1
39086029,3
21586655,1
38622500,3
11715227,2
32577351,1
8957429,4
17309453,4
21527770,3
20365878,4
18240549,0
36286333,2
34674558,3
25927578,0
22041231,1
38269658,2
31385175,2
39964995,3
8820451,1
10526847,0
4695337,3
5474624,4
33944914,3
33795241,4
12391092,1
27291870,4
22796024,4
34367353,0
60680,1
31917430,3
24330068,0
13077939,4
38509208,0
33060192,3
9917334,4
5097005,1
25705707,1
29171937,4
10554276,0
20329927,3
37355662,1
32217242,1
30751547,3
30838820,2
39406836,2
1071277,0
39003251,0
30107606,4
2345331,1
8223137,4
4922926,1
13900946,4
11124121,1
2553672,0
21731133,2
37266221,1
28640971,1
5824859,1
11726866,3
9041958,3
15724672,2
29687761,0
34197936,3
5452931,1
10095299,0
37837311,1
3068839,1
39313273,1
15409132,4
25277433,3
18135547,4
38385558,2
21478132,3
16451509,2
34059399,3
30634243,0
35087630,3
14283086,1
2405936,1
21147095,4
10121485,0
17596250,0
35661474,4
38686206,0
15555968,4
4010507,0
23451359,1
3463698,0
9118322,2
27518446,4
37783991,0
11005233,4
1423214,1
37681840,1
24727929,0
2397324,0
21188579,4
32554641,2
31236247,1
7258245,1
39121709,4
30897250,3
37773037,0
1049320,0
13504424,3
29847535,1
24621792,4
1042451,0
28948385,0
36265049,4
24947418,4
31264735,1
20037426,0
15272637,2
40024017,0
39174657,0
35919242,0
19550326,4
33476755,4
38788066,2
28354550,4
25619945,1
35570319,1
23894138,0
4877924,4
28630249,4
29928457,3
38648328,2
18438934,4
38790368,4
33807424,2
12448426,1
23834765,4
24801534,0
10942236,1
26853262,1
22811382,4
5409308,1
23808918,1
15635972,1
36409596,3
24428091,4
29406767,4
352079,0
14469685,1
34789938,4
30759381,0
24370721,1
37677496,3
12062715,4
27302424,1
13658930,2
33928553,4
11606091,0
24099620,3
30595908,1
16491594,4
8288133,1
35360816,0
8695422,4
23047450,4
39400957,3
34554347,3
18858676,1
9428419,0
1098118,4
7279355,0
25299624,3
28679154,1
12326117,3
20302196,4
18844894,1
16821674,1
34367078,1
4924273,2
28125565,4
12108913,0
1824735,3
23144164,0
36527407,4
32802334,4
18881741,3
7834907,1
26745536,1
27042627,2
17978073,4
32213251,4
7276232,1
34063514,0
15841024,1
39652954,0
5407647,0
25917528,2
23640588,4
19216630,4
2733660,1
5127991,4
39837732,4
7660231,0
22043658,4
18905392,1
32580489,4
37768058,3
39323817,2
32394655,1
34550005,4
8027065,2
6889640,1
33135942,1
3265232,1
3448505,1
38309025,1
23529312,1
20112500,3
18653004,1
24809425,1
19315030,2
21047524,4
27662072,4
36870792,3
14225513,1
28206600,4
20741435,0
32974691,4
37716326,2
13531247,4
31192256,4
32239228,0
33027687,0
21542753,1
5866475,1
16976405,3
34011154,4
28622414,0
37413144,1
33245685,0
863234,1
23221747,2
20037687,1
33371664,0
18695990,1
39131755,4
10068419,0
34344025,4
39372150,1
35282826,0
25435656,1
24366775,0
16728695,4
34481205,4
28066146,0
6134933,1
25839070,0
11056821,1
17875037,4
21703142,2
6978331,0
37191442,4
2378110,1
34788422,1
35407514,2
11832824,0
26989736,1
38860185,2
15110685,4
27100278,4
37471934,0
35101847,4
29839397,4
30064894,3
30681997,3
791098,1
17437025,4
27558559,3
34543830,1
10446440,2
9567326,2
26598064,2
19889821,2
32879491,1
37788567,0
12406827,2
28794015,0
26914900,2
24650612,4
5012560,1
33959632,2
39971597,3
19373759,4
5550145,4
13936170,4
22801307,0
5882006,4
18353203,3
31518664,2
38600982,1
19648648,4
9384918,1
22489425,1
29463075,3
33496350,1
33772547,1
31397170,1
29322753,2
7900488,1
22098390,0
33190668,0
36972604,4
35464931,3
22367854,4
34451403,4
19507010,4
24024510,3
35736598,2
33242629,1
33761087,3
36574494,1
23945949,1
10428399,0
27930732,4
35006623,0
31467421,4
19922370,0
92928,1
24557707,1
26326663,0
24617100,0
20990538,3
33641756,4
26933761,2
22976596,1
5756427,3
3332494,0
36388632,0
26797025,3
17968100,1
34157247,1
34071433,4
33071152,3
37379492,4
7339685,3
14968560,4
26757412,3
37150065,3
37851443,1
25468014,0
19513761,1
14292349,4
931699,1
38983743,0
33694940,3
7065761,0
8497428,3
17584973,1
25779274,4
12838111,0
26620076,2
28673564,0
32970960,4
13168374,1
38405158,2
21071264,4
34463263,4
25585151,1
35342769,3
34896705,1
35981030,0
36546998,0
19250247,4
23360801,0
34322778,0
32084646,0
37140143,4
35228855,4
32869518,4
4239825,0
1195911,0
24524576,0
35946442,3
37422982,4
5629745,3
2825364,0
40122639,1
7076349,3
21124976,4
29443497,2
17492512,4
12527525,0
36873924,3
30921986,1
8612391,0
17931579,1
4883270,4
26544888,1
32974976,4
31269974,4
34597243,4
27743043,3
39143671,3
39798306,0
31341622,3
14218992,2
36827182,3
12076259,4
36707741,4
39792325,1
14673547,0
25458468,2
37006542,3
18222933,2
37403816,1
37329448,3
27317045,4
10011035,1
37213139,2
32365395,0
32462757,1
34377408,1
25991081,0
40028975,2
34417577,0
5322860,1
27449670,1
17210650,2
122327,2
36949105,3
30224418,3
22665215,3
15533680,0
7864519,1
22284430,0
21119726,1
17943523,1
35456478,4
24171075,3
9304983,2
11647805,0
7778215,1
29757848,4
37516575,1
30376266,3
20749599,1
26728001,0
13351341,2
11917944,2
34925849,1
28456089,0
13014297,4
16130154,0
28271185,2
33629782,0
2360291,1
36870722,0
38187330,1
37040867,3
39054328,1
18040752,4
25926957,3
33106298,0
27951295,4
25702118,3
35121538,1
35304024,4
34571352,1
35833520,1
19877306,2
29391630,2
15732491,4
20228649,3
16749659,4
9637892,1
21059929,4
32171909,4
31108022,3
22054978,4
14056723,1
33093213,3
11922857,1
24554376,1
38437189,3
26744155,2
25747362,2
13502623,1
21987701,4
25241970,1
814227,1
36867567,1
23679431,2
1163113,0
25519354,2
29292831,3
30643229,2
24125945,1
36783579,4
22991226,3
21436618,0
16396686,2
39128086,2
6795330,4
18238184,1
34258650,3
38712462,2
33571511,1
30356812,4
18557390,2
24314801,0
29784774,1
40010438,3
21899416,1
31395766,0
24815943,0
32157306,4
34471068,4
16192502,2
40129428,3
33616747,0
39322708,0
25021271,4
25018102,0
18679108,1
20329628,4
39407674,4
37102408,4
18118622,0
14219058,4
33683603,4
34275053,0
31547932,2
5832143,0
20473137,2
3309878,1
33770844,4
10647165,2
16070160,1
24283958,0
25128994,0
39615520,4
34128777,4
22850140,0
3737900,4
30082330,1
33007626,3
6154409,1
39892605,2
15737245,0
33621935,4
17985774,4
16901130,2
9251040,0
21924275,3
22912351,4
35663705,3
32054046,1
30041484,1
6048576,4
37771263,3
8083263,1
39698432,1
319426,4
38052930,4
33986784,4
39598606,2
34229140,3
31670575,1
17389011,4
30669492,2
22785193,4
24044330,0
38182258,2
24590022,0
4263001,2
30175285,0
26255530,2
21456078,2
8870261,4
33072866,0
15951448,1
36455382,4
35830915,0
24434690,4
34730452,0
23685092,1
33193180,2
18989291,0
31999669,4
14743127,2
20431640,4
36359869,1
24960814,4
7063743,1
32025676,0
39018232,3
29659497,4
20931571,0
26266464,4
31304007,3
34006658,3
38554640,3
29975588,4
22018652,3
28992000,1
37967949,0
10979534,0
37317140,1
26695506,4
4007289,1
31663578,1
959479,1
32596431,1
3274334,1
33345482,0
19566419,0
15889817,1
28628836,2
18920010,4
36959580,0
30828030,4
16616728,1
26761963,1
26433682,3
32758479,4
30025824,2
37664850,4
28045238,3
17757350,3
36564059,1
37732180,2
39002849,3
7619109,3
33707300,3
16234975,0
38223910,3
11667171,0
24789782,0
33203655,3
32807745,4
25182685,4
37761173,4
19479934,4
34610959,0
6194659,3
38836312,4
20561808,0
30100016,4
29936563,4
2352018,4
33700328,1
7553306,2
22396761,3
752308,4
9762301,4
8583136,1
39140679,2
15033409,2
2671668,1
33206356,4
20905350,2
35847419,0
15978571,0
17894168,1
19865347,3
29066411,4
36850514,4
23004729,1
36894678,3
22785929,4
36605866,0
2090424,4
37089933,2
4651693,1
20892096,0
20649282,1
30252258,0
22939059,3
32117340,3
28725367,1
28411806,4
24588543,1
7101126,1
39028908,0
20579740,2
37043151,3
36645668,2
27182350,2
14186260,4
3616721,4
35073718,1
37026745,1
40079435,0
18788878,3
1659380,1
8946810,1
22254253,2
32895660,4
15761059,0
1203639,3
17129393,4
35084454,2
31079649,4
25157090,0
15754208,1
26793625,4
15322171,4
10539823,4
31387113,4
40120122,4
30064191,4
7960982,1
34051702,0
27243170,0
21827818,2
9100909,1
3343768,4
3976772,1
4222595,1
39715354,3
4686241,0
17754152,2
16620391,1
32929952,4
790960,3
29039488,4
34768129,0
32860263,1
4923509,2
29419316,4
26665799,4
14982912,4
22925096,2
34849733,1
17389388,1
16039092,3
39634736,1
32929318,1
28405899,2
5174770,0
18181322,0
26666511,0
7829188,1
1043382,1
23012623,3
7894261,1
18504753,4
37902450,1
35704716,3
2402694,1
33826600,0
9120765,0
34316403,3
36772434,3
25465264,4
38041609,4
20042717,1
33725345,0
39753281,1
29149805,2
38070435,3
17797489,4
15450661,1
3676628,4
12825140,4
39829578,3
26445760,4
11856013,0
33133964,4
3177057,1
37693497,4
24381482,1
35082076,0
36731365,4
27434593,0
26327189,4
35852579,0
29094291,4
27531620,4
14448447,4
23713434,2
12265695,1
20073240,4
13151785,4
18137614,1
17117912,4
34626618,4
32808410,3
27407430,2
17625438,3
16561754,4
26284205,0
542596,1
33363207,4
28552998,4
23591507,2
32865597,2
4795772,1
5081610,1
26441740,0
35311343,0
24122568,1
36513625,2
31950550,2
258296,0
25991666,4
29489107,2
27352907,3
18842779,4
28161862,2
23637219,3
15660297,3
29458228,4
29012685,1
32868944,4
27734776,0
21126625,1
11359538,4
40008407,0
30539575,4
7960600,1
18511962,2
12866132,2
19772023,0
35713739,0
11766287,4
6140439,0
26598559,4
20021725,1
37518337,2
25888357,0
31477714,4
20843549,4
15511349,4
22717179,0
29335486,1
6592054,1
33077804,3
26627553,3
25150939,2
3297028,1
39960942,0
35108639,3
8234923,2
35527349,0
2897590,1
26446973,0
33727000,0
38648176,1
10921162,1
13327615,1
1986152,4
35192519,1
22163045,2
36837385,0
2435764,1
12975769,1
6875944,0
27866796,0
9519346,1
33092732,1
37221480,1
37366418,2
39435518,1
11181519,2
30017614,1
33457258,3
12586734,4
18974728,1
29197248,0
31360386,0
38770681,3
23728949,3
34664700,0
28456347,1
2554758,1
18166734,4
38255422,4
35849994,3
39482836,4
36150868,3
9153844,4
33984470,1
3866520,3
27364923,1
32641895,4
34519831,1
36747280,4
11971667,3
32140096,1
28675310,1
27917054,1
36991830,4
36323608,4
27209071,0
6811549,1
19469963,3
28702293,2
17646023,3
14174395,3
21977987,1
2922072,4
19819821,4
13881621,4
24673036,0
11221728,1
37104100,4
31837310,1
20649595,4
35810416,3
37978225,4
21317284,1
35091623,4
27406293,2
36918953,1
32615697,4
31264321,4
27372479,1
15229202,2
28929139,0
31066930,0
30020930,3
2025964,1
3985305,3
29104323,4
38530407,0
28421540,0
27691147,2
21847312,4
9787815,1
14021987,1
11501843,3
38303797,3
37776748,2
29975111,1
34042123,3
18768093,0
33429487,2
21497591,2
24045554,3
37306741,4
905005,1
21274526,1
33780334,0
30627899,4
12645782,4
5768406,1
18696303,1
26702689,0
3843188,4
39821339,3
5431958,1
9817292,2
23837877,2
4870771,3
30343156,4
9314824,4
10318351,4
7348144,1
33288798,3
15756007,1
36584425,4
31561965,3
16755042,2
24573354,0
34081424,0
30691347,4
30418181,4
25836358,1
2278665,1
31123308,3
36204534,3
23707644,0
36592907,3
24640154,4
21145909,4
34775833,0
30022017,1
27062652,4
20111254,1
21802519,1
13242221,1
4872183,0
18626533,4
15709227,4
25303839,0
16276268,3
21647054,3
9148782,1
19123269,3
15828294,1
31577280,4
32919316,0
39616631,4
8439042,4
7037938,3
20160983,2
29729956,2
36001620,4
35433166,0
37127556,0
38806295,1
30564818,0
18346894,1
31584379,1
40056887,3
31500173,4
32728212,4
3238150,0
33395903,4
25253618,4
33313048,4
23282945,1
22109712,2
36297610,4
31185130,3
22649379,2
14332114,1
28488492,1
25459285,0
38594352,2
16927428,1
7884712,1
33319060,1
3503861,4
17568481,4
10492548,1
17408825,0
7016509,3
28032722,3
33802391,1
16989842,0
28259366,1
40120596,1
26104434,3
24432209,3
32873396,1
8865878,4
39642258,1
38646500,3
25724318,0
37911091,4
36332976,0
23660424,0
4538962,3
10181035,0
25718961,0
39295996,3
30898365,2
25234921,4
7600235,3
37628372,2
29562943,4
13596407,2
3889038,4
34876656,1
35244913,4
4467230,4
28206826,3
12594239,1
4208659,1
22335171,4
28333732,4
33590599,4
18385524,1
29159680,0
19678641,3
29433259,1
34004042,0
12013813,1
3300406,2
39665712,3
34358550,3
33994158,2
3340528,0
7948510,3
37230696,4
26195181,2
25429410,1
22370117,0
15418093,4
34984015,4
24533951,1
37811767,1
28693433,1
11881900,0
37605531,4
35193688,4
7542651,1
4996085,4
8194489,2
21798501,1
33713472,4
37838023,4
33841523,4
31650997,4
39488380,0
36305573,2
28940535,2
15005240,1
13037462,1
11025777,1
25713022,1
23618231,4
4261129,0
36338020,3
31477393,1
22649703,1
12112172,0
29277831,3
25675998,0
15321993,3
29445943,3
9187579,4
14551484,1
28687087,2
2137539,1
29800157,3
39526134,4
3945028,4
14986129,1
9854869,1
26932870,4
13753213,3
29870209,4
7931382,3
29590365,3
24621889,1
20485141,1
31865990,3
31446640,4
30981249,2
35680848,2
38890265,4
15868424,1
6665577,0
39231865,4
35906266,2
16527834,4
29035533,4
16682563,4
11039209,2
20313002,4
34045618,2
2140219,1
33089019,0
16121545,4
5415679,0
7683116,1
17668633,1
19827368,4
31577163,0
17588699,2
23172265,0
20616307,0
13895526,1
35641414,2
27894253,3
25803567,4
18676293,4
29175519,4
6012604,4
13829666,1
37906835,4
13325954,0
26720106,4
39236601,3
4235004,4
11661822,4
2773416,3
1640054,0
8313705,4
20366031,2
37726207,2
4775875,2
36523912,4
20715408,2
21911853,4
20177899,0
3520672,3
22241343,1
11327736,3
18796117,0
33467537,0
9606364,3
35053507,2
19099756,4
38866526,1
37863458,4
7781448,3
2381241,2
39299548,2
27758999,1
21843143,2
32417520,2
8856523,4
13343577,4
33868862,1
39969717,3
15424895,1
14580787,1
15174162,1
27119700,4
32642785,3
36020079,3
883679,1
18267314,1
3288250,4
18856646,1
34406169,0
13801557,1
37766683,3
24373965,4
3818881,1
15807317,2
26705027,1
16434405,0
3018036,1
23680976,4
36247394,3
33502170,1
24134085,1
20928661,3
29637150,3
33011551,0
40114549,2
11492138,0
35540360,3
33823776,1
3261693,1
37683741,2
12549319,0
33678959,4
23849295,3
34288969,0
4819437,1
38215686,4
38816302,2
17273685,1
7961216,0
28212280,1
26473859,0
13559696,4
24709342,1
9391546,1
23314553,1
38556188,3
29248537,3
34637757,4
28195660,3
37813859,4
3823599,4
24414204,1
31234308,1
13349573,4
38129746,3
39538576,2
37634899,4
26328623,1
16405242,3
33066034,4
25090714,4
33728416,0
25480639,4
11205571,2
20438686,2
37932966,1
21393107,1
21317567,3
2413144,1
29221502,4
17557756,2
15817577,4
15479902,2
26712080,0
34670670,0
456867,2
30550918,0
18014580,1
35332852,3
39861280,4
38906513,3
38195089,2
31169990,4
604453,3
28511343,4
26533379,4
28756816,2
35026716,0
33577657,4
21706570,0
29349801,0
35373236,4
16654743,1
38033570,2
9784422,0
31035934,2
14691865,1
2549616,0
39456283,4
31842651,2
22978023,4
24792480,1
31365592,2
26465546,1
39271424,3
28507913,1
18287315,1
26876921,2
30252960,1
13537300,0
1711483,1
36463979,4
26962973,4
13787258,2
26621993,2
14861843,0
9344252,0
878143,1
27546500,1
26325233,2
34833307,3
25652379,3
39121577,1
27462227,4
10078564,1
34323908,3
11565492,0
12939791,3
34725704,2
34206696,3
15609348,1
40033979,4
25839946,0
15452996,4
577467,1
24498306,0
32518358,0
39843491,4
34013932,1
2863270,1
37090291,4
26676249,1
17166351,3
40114836,1
25087072,2
8568242,4
35629694,4
36133447,1
2082474,4
8326192,3
11872270,0
13188711,0
39013564,1
27518863,0
30434323,2
40030481,4
4010218,4
20026325,1
8563394,1
37791386,4
29390384,1
29268915,4
38646886,0
2752008,0
6826495,4
18617854,4
34865335,0
34260687,2
38214420,2
29442774,4
36236960,3
27770826,4
37504245,0
29577571,2
19554261,2
39536288,3
35049772,3
30650583,2
1765757,0
31091954,4
35400056,0
26249367,3
36876035,3
37818978,4
12055601,4
1638751,0
39608282,4
25799264,3
32323030,3
547829,1
36326246,3
19480449,4
14804173,1
32506956,1
15006622,4
38444010,4
31378804,0
9041681,3
37955929,2
27319439,1
29828786,0
4910203,2
21842950,4
22253658,4
9745909,0
29387060,0
15706911,4
21470039,4
32922535,1
7908295,3
39841276,0
23334022,2
14990376,1
31100251,0
5321767,1
38187781,4
4593695,0
25044549,3
37132000,0
10650146,2
4637420,1
29755656,4
39246374,2
24548279,4
33681858,4
29708564,0
31593772,2
29804422,4
32868211,0
32417338,4
24250515,4
23763300,4
28973277,2
15896493,1
29560630,4
27118511,4
8071254,2
39047784,1
3182153,1
26300442,0
3319632,0
38677022,0
24562175,3
10941830,1
3077490,1
37416600,0
3340015,1
37056981,2
20052885,2
37736021,0
6555573,1
5958793,1
15150275,0
24707811,0
16773857,2
10761769,3
39761444,4
39252170,4
38496831,4
31928897,1
22530081,3
14006482,2
16376732,0
37521454,0
25470428,4
7085512,4
32489601,1
29549149,4
31689133,3
26483054,1
39716433,1
15929676,1
32152233,4
28328890,0
21856383,2
12374176,1
1017388,0
10868530,1
16238462,2
38704037,0
37000346,1
19108182,1
6174369,2
31648992,0
24768455,0
7896462,1
38741395,3
22862105,4
20356215,4
10304467,3
10176037,0
7881133,3
14760703,0
17839922,1
38037873,2
13851041,0
20298407,3
38305946,3
32106805,4
39146027,2
14819098,4
9870221,4
39252323,1
40040726,0
38273916,3
31961688,2
3339562,1
28922374,2
40141134,4
32597668,4
27753350,4
20137321,4
28774852,2
1716554,1
28335202,0
29113461,4
8652140,1
24070082,0
32177308,1
18915941,4
35272985,3
3293194,1
35341399,3
13927576,0
29393646,0
35265632,1
2643244,1
20746505,3
14735469,4
28008807,0
33866503,2
17138952,2
4979150,1
29455660,1
24740104,0
635200,2
14418264,3
36810785,2
12608747,3
19389083,1
5522471,0
9753680,4
31684878,4
35274840,3
33190298,4
26828226,3
20931295,3
38403141,3
293482,0
38293647,0
32871467,4
35895466,4
10990895,1
7459204,3
35457358,4
31569216,0
35262753,0
5056152,1
38106808,4
25697684,1
3209529,4
34957620,4
38791898,1
36000668,3
35581490,4
38803150,2
11764203,1
37789747,3
15513618,0
19658703,2
24358611,1
12154579,0
30902050,1
9763675,1
6532065,4
38242677,1
20969744,2
31473184,4
32234863,4
30558116,3
36954453,0
40066680,3
28180301,4
3164086,1
12763505,4
37883325,3
7194701,1
17613250,1
36809368,1
37287922,3
18004030,3
34800915,0
7196427,0
10158269,1
39662975,0
25905752,1
20724856,0
5440098,4
28916554,4
27240287,4
34710842,4
32167758,4
27918091,3
10621324,3
17161420,2
627772,0
39664995,1
21818783,3
39817834,0
28209436,2
2761678,1
38168949,4
24274023,4
2799731,1
4981963,1
35301624,3
21576252,1
39587863,4
23475610,4
10221704,4
33745052,1
3465568,2
22703859,3
5366928,0
15725458,3
36895627,3
27952608,0
1003247,0
39086664,1
22415643,4
38499625,3
37709164,2
31387880,3
36736445,2
14819849,4
2243895,1
8020408,4
31861042,0
37098313,1
4588889,1
12266208,4
28505987,4
24418368,4
21367792,3
22512462,4
28376538,4
24576044,0
31489523,3
23725294,1
29171896,2
28026470,0
13355290,4
7963595,0
36202770,3
32123528,1
38340414,0
8691419,3
4094933,4
22719650,0
11134539,0
36704286,4
33910982,4
14036344,4
26938110,1
9600474,2
34909446,3
14320836,3
18159874,3
10423385,4
23705290,2
3330933,0
29722071,1
3161827,0
14874965,4
39461414,1
12019661,1
22493293,4
23227680,1
5011077,0
31207250,0
36120184,0
31794127,1
29124000,4
1188944,1
33790792,3
38821726,0
19597575,4
5406393,0
9193323,0
17823629,4
16049395,1
26630245,3
33555048,2
19718233,0
29773991,4
20741952,0
26618666,3
34255517,2
21612779,0
22220856,1
20974252,3
10559018,4
30298144,4
32465143,4
19869090,1
6410062,4
11790775,1
23577505,3
14515239,4
8519647,1
29200348,1
35004097,3
21079579,4
36562052,1
23037479,4
36123877,0
9335768,1
25019153,0
15864522,3
24837040,2
15545952,0
37870407,1
24065052,0
16847157,1
32313946,4
6616270,1
38306904,2
10152290,2
38683881,1
28473660,3
2824612,3
20661733,2
26870873,2
9753730,2
33864661,4
38129681,0
12208427,4
2985678,4
38516110,3
32590591,0
40064411,0
26607303,1
25050504,4
6336911,4
31417661,1
20616540,1
20104874,4
18224468,1
20586328,0
19936033,3
25301466,3
16675039,0
8848294,4
4117038,3
1829340,3
4419532,4
28881140,4
11813548,4
38644263,4
16574573,1
18784615,0
38806208,0
28930477,4
20037341,2
34538762,3
20731983,0
3217715,3
26850164,0
30044142,4
24168812,4
10319699,1
35644481,0
30722305,1
38797177,1
11666537,0
26957437,0
37266282,0
18356185,2
24106575,4
35688703,4
35230959,4
6878303,4
17576448,1
3158098,0
12332392,3
29760118,4
37870148,3
32026365,4
36863081,4
8300364,1
16236157,3
39804301,1
21438890,4
11045510,0
21221813,1
3680022,1
25293881,0
24173250,3
31349356,2
3803386,1
16952462,4
20675534,4
4203417,0
33418838,1
14885002,4
7962094,4
15878501,1
18768967,1
28220146,0
25816506,0
10901247,0
15487106,0
14803780,1
8721040,4
7616998,4
31848877,4
34929650,0
1226091,1
31250542,1
23102041,2
37204323,0
34793047,1
21110915,4
14386822,3
24140497,4
22534598,0
36342098,0
12840340,2
40087681,1
7208096,0
1823588,0
7020313,0
37528782,2
21717671,4
38278578,1
25372877,3
27904399,1
18968607,4
24872225,1
3867718,0
25212660,1
16091689,0
19942399,4
26851151,2
24663564,0
34954102,0
18578265,0
20462542,3
23267750,4
13328121,4
22951775,4
27526431,1
9310360,1
10971033,1
23965767,1
37339367,4
9629532,1
37471436,0
3014631,1
33048636,2
29181220,4
22304231,4
22450116,4
16741435,4
14319525,1
26427644,2
20423598,3
26697843,2
39359693,3
22303408,4
14777488,1
17544424,4
22831375,0
33573807,1
28509551,4
15843419,3
37053169,4
25491786,3
23358787,1
9048947,3
13721289,4
9691346,4
15926358,4
38733247,2
5307991,0
23173220,3
3715323,1
4788748,1
10618144,4
11039500,4
10224287,1
29250011,0
5426637,3
21437666,4
22378876,4
15437320,4
7654729,1
18705373,1
23553102,1
38667728,3
11059801,1
22144324,0
22913490,1
37705016,0
38167388,2
35520251,0
35761682,1
21081438,4
38271772,1
15109425,1
18331129,4
39917313,3
14690398,3
14030935,2
29586949,1
9125997,0
29055634,2
24291941,3
16862501,3
31006311,2
24613347,1
15890892,4
17130935,4
26056316,4
22793465,0
8730499,4
34085607,0
38170566,3
18782241,0
34844961,1
31435071,3
29049771,3
28154976,2
37023166,1
22779650,4
11672513,0
27302795,2
36794701,3
39282848,2
26874829,2
25814675,2
16110777,4
25194557,0
30748378,4
14225361,1
28924553,4
23905703,3
29055439,1
36792222,4
33356753,1
31295352,1
24715229,3
23263071,1
32929910,4
5715217,1
24316906,2
35536670,4
22766366,0
20394025,1
30675236,4
7611510,0
29323850,1
29053122,2
33248875,1
33995477,4
13111410,1
31991806,4
10694150,1
31568441,1
6535062,0
24693714,2
28516906,4
33253657,2
3123796,0
7384066,0
2380031,1
31194718,3
22179800,1
2990945,2
38333259,2
35818975,3
22935732,2
30276185,1
1645384,4
36315314,0
17577821,4
29403784,4
26744920,3
17662887,4
28392937,4
4110511,1
33916150,0
15840661,0
38808959,1
13404368,0
33294758,0
22688854,1
14821297,2
25234137,4
30310885,1
21039786,1
24269795,2
21953121,4
19466343,4
31668444,2
27178055,3
21509858,1
12533119,4
31215172,3
34113548,0
37218887,0
13845608,1
23068872,4
17180560,0
27135635,4
35784095,4
14668475,1
29184871,0
9907778,0
20115578,1
36049580,4
21890792,3
17610275,4
38897091,3
31177029,4
31978948,3
39132439,2
19907865,0
31039043,2
1872016,4
36278041,2
18501867,3
17535318,2
17146816,0
20481027,4
9674065,1
33634310,3
33178216,2
9488945,2
39762772,2
12444770,0
25145384,3
17896936,4
24830952,4
30483977,4
15035409,3
13052282,3
23172325,0
30607428,0
29334505,4
16294174,1
33506372,4
11164286,1
1120139,0
40041902,0
7251414,1
20249397,4
14410453,0
19544589,3
28978491,4
15030011,4
27388403,4
30839297,1
3449039,4
16668639,0
38647525,3
32569722,4
35820782,1
13939677,3
5237485,4
23902645,1
36333737,1
11020663,0
35633421,3
29745593,4
21412318,2
10962448,3
25273365,3
34793989,4
37644632,4
26881631,2
7486189,1
33595230,1
28831539,1
37360343,0
38777654,1
9316697,0
22773905,1
19733666,4
10511654,0
32473192,1
34884408,1
38540394,4
34333594,3
30969513,4
6273191,1
6808798,1
39541791,0
21803956,3
22881585,0
34164137,3
40101925,4
35242940,3
24119708,4
32704870,2
37619571,1
38947967,4
23619945,3
30271882,4
19883026,3
37078919,2
23285743,1
23002438,2
21757544,2
15582956,3
30850829,1
28933739,1
37192937,0
14069890,4
36526140,3
2763432,4
22044220,4
35337250,4
11280388,3
24367930,4
28242902,4
5097092,4
31019573,4
15371505,0
31100433,1
29317262,3
18427711,3
19337952,1
39529662,4
26292906,3
21362224,0
7502566,2
13202649,2
33737126,0
35808754,0
20248760,4
17592581,1
39618814,0
39196788,4
14313025,2
39914160,3
30242328,4
29452735,4
27032991,2
28789986,0
34436091,1
33137277,4
19688078,4
22403897,0
22859493,4
35992600,4
8031636,2
17156769,4
36702421,3
36953452,3
6197580,1
13918652,4
749000,0
24627919,1
12799772,1
14794296,3
34130717,0
19803039,1
23460357,1
19084223,4
37032174,4
37247111,3
9224284,0
38405122,3
34833473,3
32661495,1
31523241,3
29349522,1
39454471,4
11622700,1
38691009,2
33344809,4
21929716,1
39384922,3
27390751,4
27618651,3
35754837,2
35362707,3
7259316,1
34988748,4
25183798,0
39584544,4
7433232,1
31905949,2
26661177,4
1780763,4
31216574,0
12886902,0
7092821,4
32636307,0
7995202,1
31094044,3
28712167,2
37981890,3
13309255,1
34739151,3
32918014,1
7668551,4
35933201,3
13872174,4
39071050,3
37852994,3
30625881,4
14929304,2
16484167,1
17403175,2
11394820,4
30006740,2
31254278,4
37176167,1
39864563,4
37472336,2
31548586,1
34145566,4
26392752,4
39396610,0
31923003,4
21963929,0
28949303,1
36494860,0
28976249,2
38725187,0
30272269,1
1053344,0
885625,1
13167990,4
39518534,2
19573477,4
31437660,4
31057009,2
19494449,4
30362023,3
34269772,4
34012417,0
2924781,1
37441698,2
35894570,4
8537375,0
9006093,1
33795535,4
20720108,0
32152613,1
32514077,2
24265375,1
38315475,1
1610781,2
8682848,1
29882322,1
18835525,4
34023927,1
3494780,4
21830650,4
20801032,0
37528718,0
8367609,0
30719986,4
17819152,2
19508028,1
4642589,1
16786633,4
14505086,0
39302594,1
14294353,1
15182284,4
28500422,3
10914416,4
39507711,1
30676333,4
31504353,4
36839212,0
6479676,4
34132279,2
4494532,4
22186207,2
30210677,0
30633320,1
12241550,0
6014428,3
17755621,1
37279357,2
27489781,4
40076534,4
9876838,1
30710144,1
8394680,2
30357527,4
28099784,0
18213789,3
22072112,4
4903413,2
14220505,2
29988241,3
26785354,3
601874,1
39090875,1
28097247,1
12975456,1
35216526,4
30607364,1
38952059,2
29040609,0
40127794,3
40018083,4
34955321,4
33629033,4
16892696,1
4413912,4
29268012,4
14755946,1
35291232,1
12550379,2
26302575,4
954823,1
39652788,0
30194277,2
40061520,2
26283259,4
39839968,2
39036229,0
27112708,1
34892420,2
38573769,4
36252310,3
39427540,3
25944968,0
5396447,4
28950020,3
18522273,2
17827758,1
38214721,1
27921902,3
19530375,1
34053223,0
5250183,2
2049849,2
27341801,2
14497022,0
15951228,1
36018851,4
8375329,4
25404179,1
2443383,1
31608133,4
27645172,1
21514517,4
12959615,4
24746582,0
16731557,4
27984840,1
26902034,3
33665467,2
6036129,1
34375363,3
33170862,1
36486079,4
29460274,4
31225140,1
23618769,0
29372745,2
3411469,2
29420870,2
23403190,0
22846048,0
22972720,2
23281782,3
38165636,4
6354260,1
28879485,2
25904090,0
21758760,3
15080672,0
2266503,0
13871769,0
26518730,1
12179271,1
20858516,4
30294905,4
7493459,0
31145163,1
28035995,4
22048996,1
11219770,4
18348634,1
10388411,1
26472114,3
19945963,0
16861013,3
22308945,0
21716368,3
1057638,2
35809398,1
8286015,0
28384680,3
35087283,4
20860846,4
26747122,1
39306811,0
1512600,1
35329655,1
23446565,2
26288294,4
28856605,3
28460881,4
24077760,3
2501431,0
24947814,3
30881858,2
28316815,0
3443157,1
21383115,4
33544897,3
33476590,1
32776762,1
32667423,0
16951602,4
5363856,0
32402536,4
5656564,0
35644599,4
25849696,1
35196753,1
27930334,1
33093117,3
14099308,0
30174143,4
5321789,1
24162379,4
20528152,0
34005494,3
25212696,2
33653724,4
4330723,0
38419554,1
25642134,0
20019516,4
25235833,0
35447865,3
5928959,0
11357851,4
29612925,4
32210270,4
18518326,1
12902134,4
28094766,2
31105931,3
32237379,2
27925113,0
9617001,1
16730559,1
37152307,0
26330342,4
12023488,0
34414111,3
34191340,4
10653422,1
37324606,2
24313055,4
33525279,3
29401025,2
28427236,3
31128622,4
12577179,3
23351876,4
35176862,1
17788030,1
32705272,0
22938101,0
15836692,1
29019340,4
5933313,4
23927803,1
35504329,3
19447456,1
5465010,1
22239909,2
4828598,0
35471471,2
17262540,4
22686339,1
39070030,3
33768386,1
28830953,0
39733655,0
24216729,0
37455933,1
24334431,0
22084163,3
39617894,4
25415479,3
7976684,3
21447174,4
27657018,4
15096306,1
3500997,1
17065413,1
31941685,1
13023073,4
34565895,1
19270960,3
23125243,0
9219313,3
6284413,0
39352371,0
26624193,4
33518554,0
29522874,3
12355740,0
38209343,1
15675667,4
12393044,2
12104005,1
39100425,0
38083667,0
38762247,0
5080756,3
30506160,0
33297814,1
26752252,4
26445403,2
7192390,3
21877327,0
35364084,1
16223787,4
34879508,4
22575050,3
24669497,1
10303248,1
6540502,4
24707143,4
31153536,4
2922628,0
24877912,3
10889930,1
14839366,1
39702803,0
25965332,1
26592415,4
21197304,0
5643358,0
39275533,4
5160965,1
18963819,2
22650393,1
36782588,3
26514865,4
13249341,1
19017324,1
36762199,3
24001123,2
39683521,4
14360006,1
30786933,0
24211537,2
33675624,3
35538388,4
32223894,4
27697939,0
38995640,1
359498,1
34028293,4
11687302,1
37980812,0
39184071,0
29872349,1
31172220,3
20785987,0
39682342,4
31588232,4
29165171,0
10417108,1
1894846,4
17250477,4
33791608,0
22395185,0
29149744,1
32142150,3
9747059,4
18488287,2
13884328,4
27112286,0
30895093,3
35877208,1
21276576,3
12698102,1
22873511,4
10131811,4
26924193,1
7827196,1
2838707,1
34580796,3
24988809,4
26479280,1
33458277,1
3112456,1
34970948,4
16056104,2
30956362,0
29332163,4
13466341,1
34577792,0
37973589,3
30317213,1
38933789,2
2082145,3
35068300,2
38578378,0
30704214,2
37691973,0
39321678,1
20929790,1
36503178,3
13798344,3
37191893,4
8456401,2
394895,1
39258087,1
27647871,0
39490657,1
22212336,3
1445989,0
36454339,4
31270373,1
23166772,4
21622988,0
17203935,4
27167133,4
27571512,3
3419624,1
18542107,4
17203253,3
24981565,4
6737846,4
27133165,3
33469327,4
22269429,4
20669665,0
20677686,0
38488923,0
21346498,0
27137266,3
33971230,2
22847765,3
32640047,1
1347727,1
39922316,1
12189943,4
35189203,2
1249165,1
1836633,0
22493605,4
36603513,1
24254945,0
16100204,4
20160902,2
33259191,2
38491602,4
28672271,2
21495032,3
25372911,2
35633017,4
39644202,1
32114215,3
37640606,4
12180822,3
12915668,4
26097916,4
31720272,0
11763448,4
27989674,4
20883189,4
32801417,1
35805573,4
11010445,4
24126266,2
24045816,4
34596411,4
12784624,4
1861836,1
28931142,1
31805681,4
10035167,0
26297698,3
25261582,1
35587850,1
1351227,1
26878540,4
10555671,1
37832228,0
18340576,4
35247108,4
36899831,3
36313934,3
17135979,3
5673304,1
13113168,2
36428064,2
19017283,1
35522430,4
11722950,0
9319430,1
12992316,1
33117704,4
4427543,3
738301,0
2119682,0
39069841,0
14531544,3
5207305,3
30842119,4
20028202,2
34917828,1
22222662,0
34013142,0
36924748,4
32522750,0
36998498,1
29074509,2
7561969,1
25435908,1
40118266,2
37501075,3
37800639,4
20855090,1
27680024,3
17134024,4
28868693,1
36784908,4
27159558,4
12988780,0
11239567,1
14615847,0
17156943,0
7273215,4
18263475,0
5728248,1
17634940,1
27010588,2
34773838,1
31604446,1
23198665,1
10627221,3
30986482,4
39886063,4
28988814,0
31825633,2
5895588,0
19624038,4
34602999,4
3286607,4
18194440,0
1417902,0
40073003,3
16880252,3
31160197,4
9057497,3
15685894,3
26075841,4
854906,1
27434643,1
21115449,4
28533354,0
13592734,1
39650828,4
38951194,1
11773516,2
18678117,0
32403893,4
33707609,0
19560838,0
34822324,4
4611410,0
29803949,2
22979141,0
28939470,4
34560607,0
38369188,3
10586787,0
35227147,1
29309302,4
30907851,2
23208368,4
22546969,0
35946816,3
23511679,4
16981926,0
24421993,0
26112049,0
39856709,1
6024622,3
14664753,1
20727780,3
31162657,2
37154201,4
28400961,1
5786653,0
1902813,0
29294646,4
27317442,3
5781043,4
33979392,4
23121942,0
4148974,4
26818513,1
39297793,2
38602060,4
32900735,4
2829919,1
17593972,4
11505558,0
38156023,3
30360659,4
13676141,4
39922084,2
36228723,3
10079163,1
14131338,2
38796217,0
9219318,1
7340786,3
37082877,4
33856026,1
28293310,3
22884370,4
37806114,0
30762203,0
18610198,3
8545870,4
27420478,4
11917547,3
26921035,4
12282222,2
21248245,3
19841116,4
25070051,0
22702767,4
29640856,2
22444586,1
17304123,4
37008080,2
19542873,4
24355290,3
36638946,4
16936009,1
21043394,3
23068426,1
12272529,0
27403413,1
2227469,1
23741653,2
39951230,1
13120892,3
34828885,3
13736554,0
32288755,2
24318505,3
30725700,4
8660677,1
37227887,3
29424953,1
25321702,2
19201708,2
29868660,2
29004697,1
13128860,4
21767387,1
33569383,4
28077180,0
31595704,4
11207368,3
5543989,2
37587028,2
16430943,4
16872210,1
33281171,0
38809840,1
14679198,4
28462627,1
3680635,4
37197517,2
36038284,1
3887336,4
15191492,1
10964982,0
25104261,2
28952118,3
27129037,1
18679511,1
32189476,1
18786128,1
39915320,0
35735408,3
29009647,4
33287930,3
20906948,2
22910772,1
29466404,0
6633506,1
40100626,4
34738971,3
2609719,0
27003492,2
39117843,4
13910975,0
36538556,0
2685097,2
32397895,3
25031298,4
28100583,1
1854718,1
24243991,1
40093816,4
33413309,4
39902092,0
27030952,4
22628076,1
37252774,4
25103457,1
1713038,2
10835266,0
26153242,1
39740498,4
39494046,3
13351002,0
1894591,0
37947765,0
25075364,0
25615853,4
11209054,1
37000231,4
18290658,2
36939681,3
38601538,4
21866036,1
33000104,2
33332370,0
14991203,2
26021086,0
22317436,4
30715337,1
22507707,3
34738808,1
38352345,1
18334693,0
27914065,3
29539591,4
16323139,3
29166604,3
3874613,1
16715623,1
29241261,0
38559778,4
31547652,1
26050958,1
15209446,1
40074155,3
35807817,2
26323143,3
12748291,1
25663981,2
33076550,4
10202078,1
30107915,1
39580495,4
30114257,2
1550134,4
38743551,4
22873043,2
13859811,4
36589666,4
20195668,4
18323696,1
28924354,2
28948898,3
33534223,1
32934360,4
39553371,3
10468165,0
36821548,3
15561230,4
21309532,1
39739644,3
35279025,4
29358872,1
25987179,1
39928463,0
9729818,0
21799921,4
38233504,3
33989586,2
34320925,1
7536797,1
19134175,3
28889786,2
23251505,4
25549854,4
19566555,0
36772082,4
37936427,0
30682342,4
22084418,4
36448002,4
9613759,1
9134778,1
18935626,4
31186256,4
11221573,4
24844121,2
39127002,2
35485340,4
3745606,0
21463392,0
1598331,1
39416021,3
37683558,4
38138666,3
34075111,3
36983967,4
38200293,4
33642673,4
6522580,2
24156357,4
6569313,0
35721807,0
27088893,4
13045580,4
39693354,4
10679083,3
27897382,0
38944172,1
18767142,2
16961497,4
38717058,2
29194926,0
23443079,1
25838184,2
21893430,1
14573182,4
27509612,1
26711011,4
27626783,1
26673878,4
2047459,1
31762188,3
25883198,3
33184240,4
13966541,4
33746097,1
36624685,4
9576562,4
10442551,3
21844710,4
40126279,1
38572534,4
29152952,2
10589766,2
11939207,4
28978068,0
17368509,4
26029889,2
15356649,1
38388590,2
21804094,4
39196355,4
13504334,0
11107017,1
33661534,0
21590275,2
1905721,4
38349652,0
16999939,1
36627804,0
30228366,1
4893585,1
20172103,0
22360985,4
37933629,1
22801146,4
18850907,2
8611651,0
30927413,2
20042205,1
7615505,1
29183482,4
3760615,4
11069427,2
29046442,3
10106083,4
31126179,3
17748786,4
26496388,1
29150501,0
37974475,3
32900346,0
20808614,1
12467471,1
28866663,1
35569833,3
14574707,1
37512737,1
39599050,1
3340756,1
36076154,4
832485,4
38192651,2
38509807,0
39313762,2
14663071,3
25297778,4
23658378,3
38243547,3
27343504,0
39723570,4
32344829,2
23944651,4
16062749,0
18293096,4
34491359,1
32239234,1
39403002,1
17499806,0
31923537,2
3686256,1
28953653,0
34929261,4
21557117,0
17411132,1
37434611,0
27600893,3
22921804,0
38996464,2
13408711,4
12642061,3
31957564,1
29625470,1
21995426,2
25358368,0
45500,1
39584109,3
35244546,3
35802407,4
35580460,3
9903053,4
24507182,0
17406470,1
29400631,4
25614246,0
13572522,1
3015967,1
16371352,0
35237814,4
29138743,4
31979081,3
19699432,2
23161913,1
33766610,2
32738824,4
28382850,2
39036109,0
36158700,1
39500513,1
37042071,3
34312258,2
29975811,1
34372102,1
28248826,2
26292114,3
38171196,1
10516387,2
22681763,2
27599654,2
33216515,1
21639446,4
24191062,1
39195711,1
10704292,4
35768633,3
21756204,1
34499982,0
35858146,1
38238208,3
33924263,2
23699432,4
16978755,3
21292974,4
33858512,1
26295136,0
16951331,1
24237335,1
37571177,2
33072604,3
39880244,1
33066307,1
9332222,1
21614065,3
33271926,0
26899658,1
19695494,1
29924114,1
27947419,4
12018688,0
7157768,4
39726661,0
33765029,3
37743773,1
29921700,4
17620646,1
3238558,1
37886917,1
39642721,3
9286474,3
30087815,4
22807436,3
34832869,4
24983938,2
21341306,1
31125029,4
34240818,1
38721265,4
29917123,2
11999374,4
39969438,4
36865257,3
23553075,1
38528759,1
34586382,4
26594332,2
20619851,4
38255064,3
38836249,2
23140529,3
33703775,2
36322986,0
36588169,3
35825967,3
20250533,2
35216788,0
35449270,4
257956,1
13608745,4
31511196,0
844142,0
35477571,2
16935255,4
26300077,4
30421187,2
39298928,1
26286142,2
33349303,2
19614723,0
34021273,3
9417379,2
30063913,3
22447004,0
11208645,2
31749334,3
12452017,4
14793926,0
15034267,4
29225750,0
6196355,1
39482140,1
36571500,2
27568106,2
39980030,0
24464418,0
23655666,0
36311534,4
27451612,3
24640850,0
29324346,1
25422073,3
35754302,0
15284154,1
9737786,2
360368,3
33328656,0
32974756,4
19599578,4
28333760,3
11279804,4
14115318,0
40117702,4
1634502,1
33631216,1
12709194,0
27631702,3
16711923,1
4036009,1
24829880,4
25368493,4
7875643,4
36396004,4
22937653,0
34604660,1
37401838,4
34227717,3
10918122,0
20327621,1
29103566,1
23089179,4
21765938,1
26365544,2
32617538,0
25111752,0
36983233,2
37134589,3
24274277,4
12333004,2
32708530,1
28893314,3
3131488,1
22691249,4
34078500,1
36045059,4
20406771,0
20296224,1
8881993,1
39369260,2
37736531,0
17715222,2
39418477,2
28950669,2
37231325,2
31893039,4
8169249,4
24551464,0
16107884,3
70797,1
10056274,3
10357193,1
4307658,0
35136244,3
23251740,0
29451686,4
26620997,4
14129405,1
30830776,4
26645240,4
14962646,2
1571442,3
1145662,1
27717152,0
7832264,1
3387655,3
21329871,2
12100324,0
21819649,1
32408167,0
4536556,1
25918115,3
32970938,1
23254983,1
30512962,0
19896616,1
27687867,1
24535920,0
6789927,3
6782133,0
19957516,3
33450285,3
27437986,3
38834243,1
27972621,1
38245701,1
20462965,1
35842767,0
5020732,2
38051602,0
5660762,0
31616840,1
39180027,1
3694177,1
33977521,0
14500373,2
5349671,2
30000023,4
33787073,0
5311711,1
36805105,0
35538828,3
8685994,3
23836402,0
35635154,0
40111624,4
25412943,0
2824244,1
25928425,1
22026644,4
15365940,4
22108152,0
19282767,2
33561005,2
36414184,4
28358260,1
33273197,0
10515891,0
30899411,4
24702807,3
4956984,4
4259039,0
2946519,4
19479758,4
28640911,2
1739969,1
29686692,0
39860998,0
17478165,3
35470131,2
27023229,0
23940828,4
19164286,3
29982248,2
39934721,4
31555834,3
9929689,1
29624251,4
14513418,1
27614444,1
10515992,3
38161133,3
21714400,4
29010431,1
13634800,2
27079249,3
14639936,1
24631127,4
16493553,0
31503874,3
35573825,2
7168971,4
27014924,0
3079670,1
10205969,4
39635483,1
3445006,1
34303426,0
31043730,2
14072600,3
26445560,3
29183720,4
37653945,3
19604711,4
19063941,1
22831516,1
35744351,3
39353758,4
19506105,0
9548268,3
38172610,4
18901470,2
35739839,3
15292072,1
38737561,4
9559601,2
22239029,4
33875249,4
29265877,1
12702879,1
29492971,1
22864042,4
8659226,1
38806095,1
37263743,2
24239780,1
32668514,4
16453644,3
31374442,4
28709826,1
40127436,0
28605255,1
6921699,1
23180384,2
37836550,2
39493153,2
38963473,1
9170501,3
33483707,3
28099526,3
1970680,3
2001940,1
9909466,4
12169258,0
27096588,1
22022621,1
35302682,4
30144554,0
3918241,2
34988040,4
1765848,0
33599156,4
34329652,3
34607393,2
36193114,0
4617987,1
28264697,1
39950416,4
30769048,2
32015435,0
35897254,0
30986381,3
31596229,4
29022624,1
28138021,3
19715162,4
10568158,4
16755312,0
36668692,3
23634065,0
22732449,3
13241093,4
21729054,1
32082926,4
16301013,1
38151866,1
20042423,2
11086346,0
16957226,4
32059090,2
24181001,3
30489707,4
16515078,0
29578956,1
36802411,0
38208095,4
19753136,1
32150795,0
31165644,3
32028742,1
31521778,3
39313677,1
32462448,0
21666229,1
22479219,1
17181912,4
10817360,1
25744925,4
3498263,2
1594052,2
16524214,2
30224951,3
13614877,0
34458665,0
27074322,2
35810360,1
39441925,4
25603686,2
5362097,2
11619894,1
25090752,4
34101499,1
29534908,4
34920512,2
15442037,1
12844963,1
3460650,4
25142915,2
34884567,0
3316301,0
13349856,4
36000400,3
34032522,0
27759077,0
21341771,0
21222114,1
32805264,2
32819933,4
35094611,4
28024446,4
26465349,1
24399626,1
27167381,3
22595232,4
9378824,2
5529672,4
20391329,0
35583702,4
13850527,4
10748075,0
38884376,2
18139362,1
29555579,2
22609272,0
19491546,4
30925695,4
32213178,4
33312950,4
22080606,4
25560537,3
31325655,0
17870872,0
15941956,1
3890726,0
20632718,4
12177541,2
27137637,0
11448412,2
30253745,0
14778167,0
19081462,2
25096639,0
33440929,1
32614115,3
32853485,4
22750851,3
16260807,4
34828545,3
23300295,2
26648724,3
13277233,1
11158988,3
9350129,0
5871542,1
23819654,4
9756761,4
21163113,0
38998333,0
974931,4
21304272,3
22354668,2
26037390,0
37248125,4
22772619,4
21255168,4
12989576,0
5318311,3
32737627,3
16076775,4
12709945,1
35358248,4
36054382,4
30448762,3
29310116,4
5656798,3
34014483,4
16469018,4
29680362,0
6066797,1
28875429,4
26525137,1
22860909,2
4544154,3
30399622,3
38126159,0
13998693,4
18422131,1
18819954,2
28637928,4
27502455,0
17407691,0
22141648,1
35919807,3
18554719,4
38782004,2
13109274,4
12377473,4
37383812,2
19737432,2
17619703,2
23861468,4
23930274,3
23534060,4
23552809,4
23695414,1
39938083,2
21456729,0
14457596,4
8052002,1
36767717,1
13881395,1
33411053,3
26828368,4
9964118,1
18861877,1
37229398,1
32198096,4
12838114,1
22418336,4
32199241,1
12486778,3
27925251,1
32039888,2
35272572,1
32235617,4
6175237,3
4103031,1
11047034,0
13479286,0
9540311,0
9886575,4
37266035,1
40098058,3
34751942,2
4493844,0
25703711,3
4481644,2
11668031,3
24875797,1
26379420,2
37404234,2
3454437,1
32744940,0
6714723,0
28436482,0
28166439,0
14423363,4
27760421,4
2911946,1
25898086,4
17538906,1
38575332,0
19301330,0
17843298,0
39356761,1
31790284,0
37273158,4
23873240,1
24120894,4
11663452,4
464010,1
8789090,0
36694549,4
13957624,4
11469674,3
32917436,1
14028775,0
25226759,4
11630374,0
20663898,4
3022898,2
36553615,3
14383474,2
34647232,4
26461800,1
37024822,1
34505129,1
10527593,4
14670388,2
1841730,2
9762466,4
31190332,4
5483096,1
25473736,1
15184588,1
24150894,2
37424750,1
33298258,3
2255721,2
37423185,4
30757487,1
14322641,0
29449917,4
36519495,0
39369347,4
38968723,2
4850748,0
5877353,1
16043124,1
34696100,1
35729313,4
38990723,3
27364375,3
23988736,3
21456143,4
27883234,4
35140860,2
34861431,1
17290936,1
18270623,3
30156498,0
28255905,3
37341766,4
29872668,3
17317595,4
2845177,1
37578876,3
39860556,1
24351695,0
29529485,1
13892730,2
39199209,2
34527319,3
39424826,0
14335284,0
36884286,2
20422510,4
20281946,4
19676564,0
36554257,2
12129986,0
24687872,1
11570326,1
21414639,4
22109275,1
22111408,1
37038056,3
27430045,4
33511284,3
13831451,0
32759960,0
31240376,1
24186423,2
24480009,0
24274799,1
13187420,2
36933016,4
34400303,0
29290874,4
22920928,1
33259710,2
15328566,1
27438498,0
22679856,3
36568371,3
32938341,0
26789123,1
30102318,4
29333208,4
18493194,0
13966603,4
2847979,1
13807623,1
31998834,3
16063928,1
26897536,4
11345765,4
26005403,4
34242919,3
20469024,1
33960570,1
9451142,0
1083402,3
10751948,1
2067710,4
5154479,2
6000205,0
32059711,3
21389741,1
3224628,2
35017332,3
28326378,4
37755080,4
28722971,2
16216102,4
9265551,1
33070321,2
33349126,4
19076977,1
18213544,0
23442696,0
33138392,1
27627440,1
25489418,1
24986855,0
38335811,1
11677847,1
34304189,3
24533128,1
27830672,4
38338177,3
33678351,1
1726640,0
19131147,3
5300988,4
27585670,0
38937984,2
16679560,0
33692949,1
28596608,2
18632566,0
29380739,3
20914655,2
38442962,2
36165262,1
2858920,2
12179892,1
33542473,3
30006169,2
22771579,0
13379631,0
19796834,4
2365126,1
39461428,2
8210161,4
31422996,1
16049355,1
19964747,0
25852709,3
12572040,3
4121240,1
31950331,3
4109848,1
36338250,3
20241303,4
28640564,2
12233208,4
27951158,2
15590100,1
10834721,1
20689760,3
7581951,1
3373188,4
14278424,2
30383989,3
37292266,2
14503434,0
35611946,0
17709240,4
34003285,4
37418200,2
8958796,4
16490869,4
10100276,1
37346050,3
26201929,0
2150108,4
20035604,1
19820600,4
35343798,4
37954489,4
22067785,4
3391920,1
32883606,1
6168727,4
19749404,2
34571161,3
25140826,1
39785661,3
31683724,0
25440750,1
38632687,4
32507715,1
5161037,0
36608077,0
32069347,0
32814217,0
37605555,2
31619880,1
14948711,3
24689395,4
39089397,4
29577849,3
37356638,4
12996632,0
28201090,4
31237091,1
30652387,0
19412462,3
31588148,0
35921408,2
32979715,1
17527851,1
27837662,4
15526772,2
30879608,4
34316107,1
31901171,4
3617772,1
5434520,0
6328267,1
24900064,4
35052362,4
26044386,1
30270765,2
24219446,0
28122542,4
36644063,1
39210127,3
10118762,4
36110242,1
22975998,0
25027198,4
39907237,1
7369247,4
12879322,2
37189968,4
37438380,0
25063919,1
22209311,3
16426387,0
37236834,2
29690484,1
27920380,1
19037703,0
35693574,0
17718895,4
9750481,1
30989051,3
38271944,0
13503409,4
8626157,1
19101864,3
30076125,0
24023105,1
7557098,3
20551216,0
3985453,3
31208739,1
8421337,3
30210381,2
32152740,1
3175925,0
7155152,4
2099666,1
959985,1
11501950,1
35554982,4
34900461,1
8018870,4
38524483,0
28435032,1
13409386,4
26046256,4
32715836,1
7937994,1
1823493,4
18390874,1
32982012,4
5938011,1
34865006,4
20789434,1
12829525,4
36440533,1
32943227,1
27179016,1
39576673,0
31629994,1
27159883,4
30386515,2
17703956,4
31226625,2
18146149,4
31302227,1
34544047,1
24745852,2
8294842,2
35589968,1
23543452,1
29254077,4
6909495,1
38327803,4
29571621,4
3077557,1
39660005,0
14525736,2
16782639,3
13590192,1
25189017,0
32708323,0
37356728,1
19713141,1
26211814,2
22335677,4
30646152,1
6296584,0
22030696,1
17596893,1
39901135,4
27848816,0
32237794,4
8455358,4
10510124,4
35260519,0
4765629,1
34517270,2
16962430,1
32096777,1
8911735,1
16243955,4
24011431,3
5369383,0
33776657,4
34788559,2
29334550,1
25612920,0
23504803,4
23354508,2
3718251,1
17015307,1
37272995,4
27289142,1
10877249,0
24770369,0
31252939,4
12942159,1
20476362,2
4406102,0
35225561,1
17604316,0
31926460,4
15552486,3
34947935,2
26324468,4
34503795,1
32201872,4
39443814,3
5649540,1
3506498,0
4286036,1
26780347,2
25394014,4
4819300,3
35291183,1
29947654,1
37973693,3
34914142,3
27551821,3
31215837,4
8239554,1
16598777,2
6720440,4
31108312,0
7442570,3
20004307,2
35007553,1
19443431,1
28410776,2
34099351,1
18236350,0
37986834,2
31502405,1
302163,1
26588923,1
30604952,2
24410900,4
23394378,0
22841888,4
25372677,0
39835704,1
8522390,0
3001750,1
28704145,4
21901102,4
12998908,1
15467977,2
38147839,1
14876929,1
16247157,1
27534738,4
14973217,0
15959936,1
35894511,2
15598313,1
32143149,0
10782340,0
32461057,1
27302285,1
22310604,1
31618755,4
30427445,1
36534850,2
16039463,1
28166011,4
38727035,1
26780348,4
2484527,3
14122272,1
29506802,3
19824805,4
17454216,1
32378475,0
7218795,4
33249350,4
31109366,3
18902102,3
29212205,2
27723909,0
38110263,4
34823688,1
3916762,3
29523772,4
37433093,3
31883505,1
8905268,0
20074620,2
34494748,0
3187964,1
25984273,4
2283704,2
9151102,2
25041144,1
7017330,0
25973366,2
7092000,1
12052478,1
27518112,1
4387869,2
38118721,4
28595893,0
33231938,1
39354428,3
12467607,1
35377013,4
33650960,4
26547421,3
13498784,4
33744765,4
28062955,0
37757747,4
2792650,2
24298752,0
24157535,2
2189288,1
18274671,1
21364934,3
31013472,1
32211446,0
37538925,4
7531310,0
30678737,3
27024986,1
19750094,4
27839195,3
17839322,1
13807320,3
18413305,0
18915920,1
10149994,2
35645548,1
27785855,1
6315109,4
25701196,3
34737206,1
22379520,2
39609356,2
19482844,4
24049867,2
2916245,1
24494356,3
26263458,1
13514751,1
16343034,3
27655768,1
3761391,3
8859864,4
38335249,3
29214629,4
34640779,4
3484293,0
6131620,1
29246277,0
36833442,2
22206070,0
15940389,0
12254898,3
34712547,1
26478208,1
4419595,3
24619150,0
31680482,1
20367739,0
37319967,3
35349103,0
19966759,2
33747385,4
39769196,4
28955958,3
39846705,3
20275934,3
10287169,0
38681740,4
33405556,4
17844578,1
36957520,3
30339413,3
2485378,4
29504692,3
15319280,4
22581301,2
19722370,4
17103215,0
25964026,3
24263020,0
34821477,0
11190471,2
23841975,1
12676566,4
28289187,0
26005454,3
24677659,0
20283478,4
14760751,1
11748169,2
33185147,2
32235671,1
11600196,1
24109903,0
37779884,2
38464661,3
26387986,4
8146785,2
27761466,4
36523313,4
14231068,0
35813212,1
12970896,4
38854276,3
30644427,2
29687436,4
4771412,1
13318206,1
40099281,2
22146370,3
25144789,1
20602077,4
28006100,1
28755771,4
27437598,1
39312470,4
35685503,1
10267620,1
32190404,2
18038167,0
26103821,4
39040174,1
31958477,0
28158403,4
1042751,4
38288881,0
34242392,1
12666990,3
26529379,1
14469145,4
37343952,2
35164801,3
36194091,0
23226947,4
18948788,3
11069704,1
20966608,4
40003839,4
5266978,4
39834321,3
27459302,2
32710729,0
30782551,4
5846807,1
27116740,0
12738919,4
9388993,4
11473930,1
34827363,1
30963292,2
27442298,0
10103296,1
21140038,0
23864242,0
39539606,4
2280961,1
32953280,0
36144718,2
33141595,4
32424555,4
23566946,4
26522320,2
16154623,2
30989043,1
39491327,4
20909563,4
14692753,0
15408275,1
1728266,1
12797658,3
32910093,2
31419666,4
21801387,3
38621672,0
15784357,0
36040996,0
36145275,4
27264026,1
24130044,3
19663037,4
4940791,1
39971822,2
28357779,0
12779053,4
38109221,0
16619882,4
33923032,4
30373912,3
39602579,0
33168284,1
8542725,2
35593238,4
8506239,3
28247778,4
36636416,1
31207528,0
37759458,1
24971830,3
34990016,4
19758322,2
21766905,4
5383830,2
31687379,1
33787173,4
38578685,2
497765,4
4214261,4
21782655,4
24514571,1
20042478,3
34084151,3
37757839,1
1951012,1
27277623,4
3634420,4
8633365,1
16322862,0
37984214,3
36599584,4
29539245,3
24166569,4
31058993,3
33451965,4
28271655,3
39957629,2
18772706,4
11463527,4
26629789,4
18833731,2
23627331,3
23606561,3
37871418,1
24235836,2
39755553,4
36734595,1
29529852,0
39088415,2
10523242,1
24764779,4
37953055,3
35340470,0
20691097,2
4121003,4
14847243,0
14115254,4
7850908,1
39668776,0
35669130,4
37084709,2
15153497,2
10546330,0
20982069,1
17128105,1
24595617,1
39021114,0
3225894,1
30905636,2
36135220,0
4741223,4
2262351,2
27857842,4
22097185,3
11343188,0
19545064,4
37911147,4
3301139,0
2242909,0
8927624,2
23589314,4
37736744,1
24850991,1
40074315,2
18132963,1
2904542,0
18838118,0
15801524,4
30385570,0
35440549,1
28998193,4
5953297,3
28799449,0
22349767,4
33506328,3
21322474,2
12804977,1
29214580,1
26848198,0
5761208,0
34063345,3
36043542,0
27571494,3
11541123,3
20778398,2
32955115,4
12255031,1
3155441,4
23709154,3
32158990,4
2869251,4
33006721,3
16161727,0
18097479,1
24720194,0
25259947,4
20960667,0
28183305,2
17643674,1
29375661,4
19849651,4
15081981,1
20911147,3
28969485,1
22921617,0
17923619,2
24924909,4
35077535,0
18080556,1
19311933,2
21324828,0
27299542,2
22875270,2
11762197,2
36591107,1
215132,0
6933535,2
37780246,3
35391458,3
11267853,1
35723759,4
40048298,4
29708990,4
31281202,4
28754971,2
37677148,0
25614165,4
15797670,4
31206079,1
3731278,4
8205789,0
27508442,2
37180112,1
17283906,1
16762709,4
20405887,4
31126596,2
25565919,0
39726455,1
39478117,3
23422449,0
23319936,4
36051581,1
19915697,4
22968915,2
6680676,1
28646167,1
17515430,0
17312176,1
29597758,1
37528925,3
35408919,1
20183423,3
23456629,1
19591301,4
20518782,0
17773782,1
26005781,2
11683761,1
19260253,2
18792933,4
36814983,4
17776417,3
6671620,1
10513076,1
17677203,4
22966655,2
12830512,4
20569675,3
16959051,4
36024163,4
38790548,0
24495695,4
39252085,3
14897833,0
2351008,1
27261512,1
31792671,4
8461230,4
29667990,3
8709975,0
37445896,3
39509491,0
16341661,1
30257062,3
434641,1
27545182,2
12165200,4
8187461,1
32743427,3
6194736,1
29855646,4
10214105,2
28863676,4
31637263,0
3505479,1
37761161,2
11557413,2
17858891,3
32945426,3
31220768,1
34816130,3
3284289,1
18607392,4
38987557,1
6954108,1
3871209,1
30565945,1
27887825,3
28304802,0
25404688,4
35543821,0
40108890,2
31468051,1
23576603,4
34912054,2
35588158,4
15477314,4
38839590,4
27916710,4
21742740,0
17749799,2
38839402,1
27800443,2
4594895,1
25344576,3
30709539,3
36413949,3
30538062,3
19150818,0
18444819,2
6465549,1
19082614,4
35545624,0
11202713,1
27444493,3
34238455,3
37697942,2
36879701,1
39890659,1
36758097,4
1362997,1
32364352,0
36983733,1
7268886,2
39561622,4
4362402,3
35959542,4
29987799,2
32090776,3
16872857,4
11128686,4
34209906,4
19729531,0
39239916,3
11531741,1
31324305,0
33464064,0
10011484,1
26215286,1
14922722,1
28221985,4
4081724,1
26534002,0
30533636,3
38784970,4
27429615,1
21235816,4
18028824,1
7403966,3
5773216,3
33907127,3
27886783,2
26276632,1
33271442,4
35944522,4
19918169,2
19167181,3
7832248,0
20506116,1
37756963,4
28861063,1
23676543,4
1148709,1
38831874,4
19495919,0
31009284,1
31775468,3
22077328,4
28275352,3
27320092,1
37618263,0
29415537,1
31936573,3
2627715,1
17378480,4
17301887,3
29726919,4
697594,1
9130370,1
1647112,4
23387891,3
21100368,3
3326514,4
21806814,1
28089861,2
29312763,3
33379171,3
27376572,3
20694420,4
36408096,4
38059812,4
35885981,1
39959713,3
11773755,3
35724250,2
37498562,1
26065027,4
31361377,3
9862655,1
20801229,0
31767593,0
20486032,1
29817518,2
40024952,3
15951488,3
37124944,2
32225209,0
30395720,1
19945270,4
34906380,4
25251913,4
23185486,0
30189013,1
22138673,4
15025695,3
24420910,2
13807860,1
23235964,1
36627895,2
36051263,2
19559191,0
30945113,2
5784870,4
27556628,4
37184776,4
27076503,4
36658202,1
26070340,0
5919452,4
37977885,3
25284060,2
36340395,4
24923806,4
3182760,1
27262353,4
4324049,2
31458426,4
30894353,3
13696208,4
28609758,0
24707349,1
28989262,4
38978084,0
25858046,3
33726819,3
5342504,1
36377501,3
29528597,3
10067415,0
34928725,2
14389513,4
35027685,1
35913975,1
19294898,0
34439940,3
33669281,3
961263,4
5616570,0
7112657,0
2950275,1
19214785,4
497704,1
21883116,1
31536071,1
25113281,0
37293307,4
20103304,1
24191466,4
32154849,2
32939452,4
3835548,1
11626793,0
30188440,4
27670416,0
20570647,1
2007195,0
19841900,4
26995818,3
8859994,2
39229207,2
23151393,2
7115392,1
6982578,2
38546693,0
1714027,3
28571614,4
38303812,2
17807808,4
3519565,4
26494397,3
12613888,4
25949775,2
24481790,1
34980768,0
9341880,0
32538245,0
38445975,4
29605642,3
26768773,3
33852659,4
19709893,4
919104,2
35726066,4
28982305,4
15079186,3
31751210,3
34122809,0
28297973,3
25065616,1
29739253,0
37573805,4
23808327,4
38354580,2
38278157,3
30311997,1
26030515,3
16716813,0
33360370,1
15159027,1
25185638,4
9290018,1
32115900,3
23800442,1
25872711,4
24661925,1
31098412,0
36723393,2
37370745,3
39725880,2
32202957,3
24705101,1
30554047,4
11443884,2
15215644,0
33787662,0
31712145,4
36325053,1
38862349,4
16676780,3
32071339,3
11912580,4
27244736,4
1585181,1
24021831,2
10670621,2
35848046,0
14570318,3
25689111,0
8654634,1
3915315,0
33086536,4
33004159,3
39107647,1
33209743,4
25253728,3
3990344,1
20820830,0
39796484,4
2963302,1
39396929,1
4382875,2
39669082,0
39726124,0
38792944,4
35867650,3
34065566,2
2315151,1
29114189,4
30745001,2
26596101,4
4105376,4
34790835,1
6985783,4
33116546,4
17705736,2
39736249,4
39102563,4
17379479,3
27730044,4
4150443,4
18992373,4
8898131,4
5960249,4
1419065,2
27488573,0
19041486,3
30191881,0
31929202,3
24748925,1
33588745,1
34181387,2
26772053,1
37600213,4
34659063,4
65076,1
18949768,1
6219446,0
9645087,4
12208989,1
10237717,0
12620570,1
28992662,0
11538483,0
3384576,2
36991185,1
24455581,0
7453553,2
37007318,2
31371559,1
5980042,1
20062470,4
30950474,0
29754562,4
17661136,4
24985356,2
977491,4
16650426,3
33792332,4
9927699,2
15964056,3
27834477,2
34365760,1
26750855,4
33074967,2
11405673,3
15283478,0
5378616,4
6431495,1
34133309,4
36799362,1
39748867,3
32254464,0
25406691,4
34160529,0
13942686,1
32072881,0
13555174,4
39686410,2
33022444,1
5632351,2
15728613,4
32626982,4
2369492,3
29647068,4
28008622,1
31879751,2
16701416,1
35780960,0
16189728,0
23603419,0
16610311,4
8106900,0
28653011,0
5031196,0
33986145,0
18926732,0
8304203,2
19569556,0
29683082,0
23837498,2
9420886,0
26943638,3
29280210,0
29469459,2
25724788,1
21156519,1
40106794,0
33541956,1
27271227,2
21266199,4
18664226,0
2076260,0
30713062,3
19316074,4
5839286,1
13409460,2
18342087,1
3958750,4
22953025,4
35146415,4
39022897,4
10278608,4
34264828,3
11399335,1
24425864,0
33017872,0
9354087,1
14174241,4
38842022,4
799767,1
18227946,4
31397595,1
39912648,2
16822996,4
33786851,2
31330324,2
33440615,2
25191505,0
14946705,1
9200252,3
32304371,4
17043317,1
24984349,1
27618733,0
22801985,0
36700879,1
33437134,0
11286506,0
1879914,4
37044652,4
26896941,4
2752809,1
39040554,0
18403885,4
38225615,2
16782976,3
14227419,4
37559255,4
36988764,4
38695103,4
31833355,2
16140684,4
23924832,0
21268941,4
10566685,2
33039751,0
2365774,1
36048769,2
30150626,0
37818218,3
16310668,1
15366886,1
34060332,3
22138596,2
23684381,1
34770389,3
21516883,2
24357730,2
13847687,4
36561417,3
11868964,4
8268551,3
13432995,4
27435394,0
18794873,4
38330841,0
243865,4
12584135,1
32205982,3
33929195,2
28163137,4
22570602,1
39146957,0
35962263,0
30258804,2
3918306,2
8143682,4
13424700,0
36554456,3
35895383,3
22122511,3
21312584,1
31544762,1
14875450,3
28429501,1
28708752,4
3730925,2
36713215,1
23185148,1
30482350,3
4083440,1
26549118,1
33614967,1
31444232,0
38116494,1
7280033,4
33718724,4
21739815,3
22614244,3
38334293,4
5397985,0
39201783,3
17341129,4
17854468,1
35269201,3
15798765,0
304216,1
29622305,3
7225906,4
36818291,0
5236855,1
23183298,1
30663433,1
6680413,1
34386667,0
35915075,4
34905616,2
32185089,2
2892746,1
12249150,1
11811060,4
26843598,1
31560065,4
18632703,4
25046307,4
33699529,0
24951563,0
4012841,3
38453545,3
16446357,4
11732805,2
37017377,3
31684032,0
12758430,1
29325967,1
21196441,2
2557179,1
34136717,4
14794234,4
8586216,3
10509527,4
27230705,4
38264887,3
37199342,2
15783991,4
36188632,2
12746149,2
113007,1
24236852,0
8563464,1
14442951,0
31497645,4
38774805,3
29033280,2
35303596,0
7456638,1
34814606,4
30453243,2
15676333,0
30752535,0
25847411,1
39813838,2
22276750,0
21667547,4
10694204,4
14306122,4
2593496,4
34858888,4
27649503,3
28639239,1
39804399,2
26058595,1
31062448,2
37960880,0
39842674,1
35596551,4
26149844,1
33934702,0
8271139,2
11323334,2
15556930,3
3292488,4
36632776,3
26178626,2
19988465,0
34134163,2
19770628,0
25606118,0
28300910,0
16901279,4
39778606,4
21880348,1
13286855,1
37895568,4
4955452,4
20402109,4
20267264,2
19460527,2
14080790,2
4615762,0
23619989,3
33306572,1
36469715,0
11274297,1
28139948,3
29933565,1
31375656,3
33132925,0
38918342,4
2865538,3
15915570,0
31465489,0
26256787,1
31482286,0
1497038,1
1031851,4
35358223,3
8275573,1
38187286,4
34754900,3
30934591,3
25745729,3
26824576,3
19410585,1
29689220,3
2363602,1
27824979,3
1716117,1
33622099,4
20184765,4
14423794,4
33400367,3
26203698,4
38816915,0
39053286,2
31929854,0
33312046,4
6397463,2
22107524,3
29024136,2
21800753,0
32384782,1
36071578,4
9320463,1
10167463,3
1440323,1
12566065,1
22899109,0
22966531,1
5964645,4
22732384,1
24542123,3
6215311,1
21136591,1
27736588,1
19765214,0
22770640,1
34709457,4
38776350,4
34884432,2
9361786,1
29314424,4
10253450,1
18003178,0
16905645,2
25462467,0
1111317,4
5399853,1
30762378,1
39666459,2
7175376,1
13219546,4
17278597,1
18996444,4
22177950,0
39148579,2
20601480,4
18755043,1
31832319,1
35066809,4
34104452,4
21645318,4
23640272,2
16781444,4
10757063,0
11931530,2
36036605,1
21921812,0
31211521,4
32920532,0
10875937,3
32049437,1
3523174,1
13513627,1
34212390,2
10540929,3
30952385,4
26482397,3
34846651,4
13167907,2
37236666,3
16802902,4
37369727,1
6971819,4
31445048,1
13608636,0
33337926,4
32981567,0
36852532,4
22697210,1
32958393,0
21642959,3
32553356,4
38369629,3
34339218,4
906509,1
4812555,4
31210786,4
10260350,1
32970684,0
26269366,1
7288686,1
12652905,4
6220274,1
36599346,4
8745130,4
18196251,2
7855534,1
32813386,4
32410981,4
25107031,4
33614932,0
35947363,2
30696978,4
35973615,4
37863967,3
28517258,1
6675556,1
36965951,4
20720287,0
24757551,2
17185238,1
32469591,4
14321515,0
30760451,1
11302648,3
26921020,0
37515461,4
15870647,1
22925285,4
35835966,0
17636160,0
13658447,4
30317740,4
2507726,4
24918930,1
39689099,4
4710094,1
24493563,1
29708456,0
25647871,4
25360450,2
20454118,1
16185400,4
11539632,0
24963054,4
3109951,3
7299344,2
3589214,4
14824822,3
11597345,1
12448592,4
38911202,0
33939486,3
26661420,2
38620892,1
22788135,2
33200590,3
39842332,4
38810448,0
17960311,1
33330276,1
26114518,2
32360641,3
24592132,3
37309031,1
39285004,3
36004227,0
3493061,4
39059631,4
38895282,1
39643601,4
34994814,4
20804629,3
20454066,3
17092138,4
37049021,0
21326245,4
9359234,3
22824829,3
35691265,4
30541311,4
33427357,0
13492764,4
6769068,3
21814379,0
43315,1
35167805,4
39065074,0
31577488,2
26637692,2
28250315,0
20720327,4
39548189,4
25046076,3
26283045,3
33764488,2
26479090,1
33875497,0
15374261,4
1733004,4
1516795,0
26290431,1
16453067,1
34506575,0
16833449,0
5575335,4
21782642,4
24050168,4
29227383,0
36144060,0
6281744,2
27248226,3
9162030,4
35169828,1
6273634,3
16503394,1
21750126,4
36496860,1
32132540,0
23857386,0
36733181,4
13205133,1
6655991,1
28184919,0
13282143,1
15519615,4
15786685,0
37545479,4
39059225,0
25122152,4
35684275,2
33191513,1
39671392,3
29236584,2
17527785,0
19530017,3
26466328,0
22384473,0
8898352,2
30535230,3
19717236,0
33851179,3
37141213,0
31812703,4
29199766,4
16542846,4
27473156,1
39169563,1
38071986,1
21857523,0
25597837,4
35118386,1
26312400,1
31868996,4
34217288,1
28398105,0
27228704,2
24923226,2
21685019,3
3048902,2
16387509,1
23113840,2
37767026,3
31578300,1
13608416,3
33462154,1
39031168,3
25928806,4
32305345,0
35527313,4
24574385,2
13917041,4
14250664,1
16404230,2
10060174,3
6198009,1
8190750,4
32929927,4
14531332,0
9517536,0
39897553,2
32229882,1
28516980,0
2393238,4
20132822,4
28144052,2
35709901,1
16827622,4
34494209,4
6632197,2
31653179,3
6083090,4
22108576,2
19116880,0
3376666,0
39501774,0
34641019,1
8844771,1
35214490,4
5466971,4
29884168,4
36044604,1
26725227,2
35332251,0
32528940,2
34440211,4
8977679,1
13628710,3
9839735,1
3384094,1
13333212,4
23171959,3
2490335,1
13651952,0
32886927,1
6988779,4
22902640,3
30315217,0
2992458,1
9407771,1
27191621,2
36322133,4
13975845,1
20128592,2
26450021,3
7372316,3
9853227,4
22609760,1
11908017,0
30810028,0
22992073,1
28798788,4
4020027,1
28462413,2
27436584,4
19185764,4
34396151,3
13977970,1
31349924,2
27866164,1
16520441,0
40090710,0
11974442,1
17665330,1
14735777,4
32808383,4
29127126,2
4547096,1
22533368,2
30656857,4
39146371,2
37229649,2
9186138,2
37557880,2
24801359,3
4414082,1
24878083,0
1412169,1
17749629,4
15100566,2
18924417,0
29612228,0
19485445,4
12072181,1
15302569,1
10668585,4
33907328,1
39898887,4
2527173,1
14322078,1
28325622,4
29588645,2
38818400,2
35654493,1
34868885,3
31566219,2
10772503,1
30267236,1
30781432,4
29576655,0
11282924,1
35527720,0
39383914,3
19605652,3
16457159,1
21164262,2
31549024,1
27622834,3
28670800,3
9656390,0
34932354,1
31553534,4
12803566,4
35611901,3
4232433,4
15837810,3
10902340,0
15791330,0
12939975,1
37906775,1
27189980,3
33571976,0
35517702,3
35609196,2
17975165,4
7548328,1
22130697,0
26576778,4
28100042,0
23295811,2
26088745,1
7679970,4
4411370,4
28256067,4
22014672,0
39172450,1
26482791,1
39106666,4
29711547,0
12725024,2
39234553,3
20180297,1
29286038,1
22793116,0
15688744,4
4756155,1
32894611,4
10792008,2
30430014,0
12693278,4
14330705,3
19748971,1
33314082,4
12887398,4
12131739,1
36212811,4
31522887,2
13650623,1
3969777,1
37532410,3
4279560,1
38987582,2
38936854,4
11545577,2
26626360,4
39457468,3
2916955,2
354124,1
34916552,4
17466847,1
8127524,4
27712919,0
19613239,1
4672300,1
9959653,4
24673436,0
19626561,0
19721334,0
14949817,2
21377305,3
5174328,4
18972044,4
35975220,0
33827279,0
9773350,0
23193633,0
17985197,4
34142373,0
15386414,3
37372739,0
24149741,2
27397990,1
7084194,1
30765738,0
9779946,3
38703468,0
30271118,2
12595394,2
21823855,3
11039063,4
38123049,4
39333854,1
16517043,2
28512271,3
31074223,2
36825740,0
27372639,3
35143956,0
29897712,4
8790038,2
7165381,1
37406445,4
38330416,0
38468364,3
34702300,3
22670505,3
5141559,2
39554637,1
14290645,4
25277807,1
38122696,1
26326421,4
26609475,2
33880999,1
20613315,1
18418838,1
6422148,1
36659453,2
23601664,2
2251505,0
31980648,4
6558765,1
3354313,4
9528421,4
13083765,4
37020897,2
34268705,3
21714703,3
32426522,4
13155633,1
6912241,0
11148471,0
32976987,4
39993739,4
7098435,4
15888161,0
28976912,1
3481863,1
36452127,0
28486709,4
14894456,0
31348737,3
32705353,4
32301522,1
29496025,4
29595429,0
19262197,3
11888155,1
26803882,4
11926620,1
25706532,4
10026207,3
5911439,3
4090997,1
37989569,0
27550458,0
22023977,3
4693740,1
38671718,3
31171665,0
3559477,1
35614041,4
14419402,0
34725169,1
37467146,4
16780109,3
35485126,0
30937042,0
27594837,0
9132205,3
10417000,2
19010740,2
905403,1
16092012,1
28446422,2
1559709,1
12321915,2
19508393,2
29735743,3
34608916,4
8325142,1
23647020,3
14325022,3
22556895,0
29055213,4
38125475,2
33130635,1
11614965,2
37249091,2
14085317,1
7648878,4
35836382,2
39228928,1
21862777,3
31169309,1
19867476,3
17972552,0
39981846,4
4179804,2
21315663,1
5355120,1
641985,4
3745221,1
38671630,2
10713142,0
25619807,2
25214505,2
24726452,3
5662549,0
2635964,4
27760888,4
26463020,4
24473063,1
32540200,4
20396497,3
11544800,1
24506502,2
3690715,0
1583595,0
32727096,4
32126091,4
8942575,0
6581190,1
34167056,4
35120528,3
7961290,1
14591435,4
4783257,1
37275033,1
14722933,0
24664250,4
12783492,2
24151591,4
34608649,3
31040076,1
12097761,1
35848787,0
15034594,4
179287,1
9800895,1
249388,2
22457988,1
7079224,2
30705089,4
11801549,4
14903791,1
35051573,3
2864451,2
17770727,0
9858860,4
11605832,1
26349302,4
27261996,1
23565062,1
39901240,4
10261045,3
25977022,4
14314343,2
35399897,0
35817605,1
36241635,3
19544995,4
30416948,1
3160551,1
27520135,3
27321536,4
37456421,4
29887174,4
32236559,3
29722704,4
38617546,4
12355190,1
15406926,0
33925999,2
20351997,4
33097709,4
9231444,0
7971618,4
20974727,4
31027905,4
29554266,2
21803468,4
36508811,0
27662707,1
13078183,4
34487117,2
1966715,4
5126021,1
17920102,1
35063331,3
8933716,0
39006733,1
34385606,1
32144383,1
8082803,3
7001917,0
21839468,2
36045006,0
27971782,3
36220869,0
24133613,1
37055549,2
32575992,4
34030609,0
29767310,1
23839982,1
2155042,1
23979071,4
10865212,0
37820146,2
24947003,0
27681108,3
23426483,1
36921501,4
32318643,3
30867037,4
36806922,0
17709686,4
9847253,4
33288344,1
35096711,0
28467158,4
29829422,3
39018055,4
14909110,0
31619005,1
33816586,1
22082025,1
36061649,1
12059792,4
36365467,0
13567833,4
20691976,4
39098761,2
22186968,2
36797112,1
36362624,3
36773492,2
23531411,4
25663939,4
14361136,3
22970854,4
14724304,4
13245470,4
10739978,3
32483772,3
23299583,3
40011877,3
35484238,1
24083935,4
27845489,4
30866980,4
13856644,0
15238101,4
35724916,1
30356619,3
16825850,4
30045086,4
31816411,4
2213325,4
25253817,0
20223962,4
39906830,1
17814314,3
9210976,1
39363200,0
11186853,1
32989483,3
19821137,3
12492536,1
33658384,4
27254078,0
38285881,4
20395463,0
39213597,0
34167176,0
2095848,1
27473539,0
14390624,3
25073575,4
30371147,2
19182001,0
33837290,0
24275542,4
7417128,1
8230638,3
39084687,4
26368194,4
36808611,1
29604198,0
27726270,0
15753632,2
126787,1
15499397,4
32824368,1
8895925,2
28646293,0
28166623,0
40062388,1
29483604,4
31753520,1
34592040,1
27952819,3
20078700,3
31173379,4
5737728,3
25797213,4
28397949,4
27436748,4
11492864,0
31656198,4
24139304,0
8283359,1
38935623,1
28887383,0
14974222,1
11869383,0
24309121,1
36851140,3
19727066,4
16775694,1
22675968,2
33682284,4
30902317,0
31211345,4
37119448,0
20487045,1
26412193,4
39320437,2
24147099,1
38095478,2
24180766,1
9539477,1
31902356,4
25956746,4
5188792,4
19722580,2
22031653,1
35882408,4
20394751,1
39577484,1
30036941,4
26926742,0
9517388,1
17469461,0
13479513,4
31328807,3
34078201,4
5742828,4
35732465,3
40009500,2
22838527,1
14897756,1
37436362,0
1968343,0
25773551,2
1393849,0
10988199,0
20193606,3
15862367,4
30546334,2
5069606,0
35761306,2
17428657,4
22869156,4
4241871,0
7323782,4
27276508,4
3747679,1
13935929,1
34895668,1
1739913,1
5707495,0
18864810,3
2028207,1
25024919,1
28107084,1
24407834,1
2350249,1
27971159,2
23293612,3
20719852,1
16960070,4
35930398,1
23372291,4
24235241,2
12703842,1
38558221,3
18007862,4
35181118,0
11450158,1
38629338,2
11895065,2
29457904,2
28206120,3
36647736,4
22862628,3
22794533,3
39478510,0
34652915,3
39962416,3
32899621,1
5342698,0
29824217,4
7529287,1
2414917,1
15630710,0
35420427,2
28149853,0
30081982,0
38083670,1
19768957,1
20389291,1
14825899,4
39383122,1
4031288,3
39822733,3
35211704,4
27657879,1
14712004,4
18708095,4
39035233,2
3979962,0
15511400,2
19224527,2
20197045,3
26766587,4
37528183,0
29242055,3
36013063,3
6575599,0
23663343,1
21935641,0
12656611,0
7888900,0
16003682,4
28975275,3
1970185,0
9034624,0
33966973,4
36523574,2
33018873,3
31143376,2
32622238,0
20252939,4
35343440,1
5329510,4
17074330,1
19649370,0
12627118,0
15677296,4
14241729,1
12987206,1
6580635,0
17760166,4
22332674,3
32965667,1
34853386,3
28978838,4
12034915,2
22443378,4
2090564,2
29980209,0
17657103,2
21140630,4
2191581,4
36765122,3
30910844,2
10645189,4
34647434,3
26451667,4
39749807,3
23069908,4
37600041,4
37287980,3
38459380,1
23039705,1
39703021,0
9882479,0
38108887,2
22750555,1
35000636,4
16708376,4
38498960,0
34001838,2
31077906,3
37541311,0
5621166,1
14536384,4
32678280,0
12650429,4
35942242,1
28428882,1
628903,1
36805833,4
11770793,4
34390498,0
19377437,0
29959940,1
39294036,3
32093597,1
4226105,0
14765351,2
1561831,2
37564503,2
36614795,3
1924043,4
1024411,4
33350634,2
25508080,2
20524673,1
30942126,4
8918026,1
16192346,2
33143511,1
37229106,4
37570768,0
15269184,3
6402311,4
18608001,1
25612539,0
31145209,1
34007760,4
36841157,1
13257748,2
28777578,4
34056194,3
22065495,1
29049865,3
25832205,3
30990389,4
18272572,4
35150338,3
35923911,3
22128769,0
26180523,4
28955229,2
29157643,4
72393,1
32073427,4
14816081,0
38194649,0
11387424,0
31080295,1
23174512,0
23574940,0
10279055,1
3239307,4
18412858,3
27557461,2
24967469,0
21190179,2
26036983,0
20167183,0
20037607,4
19079560,0
18809524,4
30649847,1
12022082,0
8770481,2
24965540,0
30964330,3
23410458,1
18360607,1
38366140,4
31075829,4
34710277,1
28224554,0
12656219,4
30954123,1
2199413,2
37795060,4
9440866,4
3592436,1
3165200,1
27132312,3
28743647,1
37638046,1
40050999,1
18327010,1
20304453,0
5925385,4
30267686,2
29932251,4
10199226,1
3374365,1
19991772,4
10613315,0
8204373,1
36377550,4
24214636,0
15352108,1
39133505,4
39130679,0
28521383,4
32918534,1
7970070,0
34205853,4
28868944,2
33543475,2
7799650,1
30071618,4
20968257,1
36734463,4
32262496,4
19525996,4
22486738,4
39059337,1
28086895,2
20414256,4
32789062,1
5063699,4
32016991,4
4960166,2
27054550,0
12763711,4
7477162,1
6754487,2
27839157,1
17529670,4
37800958,3
32696774,0
35088343,4
16608119,4
20751989,3
20262673,4
14145008,2
32604887,1
2694442,4
18859705,4
5426908,3
14645466,0
26998204,3
18858348,1
25690943,1
1661210,1
34509830,2
3711184,1
33946384,3
8291778,4
30291625,4
27450854,1
5176968,3
17537563,1
6775521,1
25412954,3
28813309,4
34364891,0
33294625,4
33582315,1
11605009,4
38308071,0
31105606,1
16113500,1
38145532,4
27997887,0
9658459,3
8934156,3
3597610,3
25590456,1
17283194,1
15135323,3
21587916,0
13055718,1
29325734,3
21384887,0
5509902,0
9465047,3
15980461,2
21433070,3
40044040,1
39809487,2
28043820,2
12037818,0
29134954,1
31452968,1
17817034,0
35989644,4
11353934,2
35863822,0
24243597,4
37083836,4
21894815,0
37449475,0
3575165,1
26488444,0
27733707,1
23817491,4
32341368,1
21097355,2
5244485,1
8661783,4
19462148,4
4664438,1
32820466,4
15050474,1
37854256,3
19280325,1
37215551,0
4830368,1
15422858,1
37906757,0
10908877,1
35784926,0
27757279,2
19010990,4
3887381,4
4986906,4
31910741,4
17115271,4
26314316,1
6047243,4
24621860,0
26232864,0
36122176,1
20718469,0
21383960,2
23262455,1
11020636,1
32444889,0
8479736,1
19505454,3
38672963,4
32753449,3
29332501,3
34145893,4
22178520,4
2351694,1
15368582,1
36182950,3
37626866,4
21948149,4
35816195,1
32698099,4
13521655,0
30510715,2
3500799,1
23878445,3
18009266,0
26018362,2
16266651,4
6024003,2
23707530,2
2431276,0
25152882,1
24104406,0
39216942,0
10555587,0
39187519,3
13500897,4
36011333,0
36113242,3
38522513,2
23456641,4
37391575,0
25879794,3
14254386,1
27552026,1
39282464,4
23695305,1
17187281,1
22496015,0
19470099,3
20456189,4
31975921,3
21790304,4
32854733,2
38008453,1
23502867,0
25340108,4
10502492,3
39311702,1
36159202,2
7050888,1
6351028,1
31156211,2
10618955,0
37841222,1
11636079,4
23599480,2
28877613,4
36205245,3
32451506,2
33922929,0
16888409,4
12827969,3
5158766,1
29680083,1
7518376,3
8158647,3
638048,4
37737480,4
22585880,2
4436401,1
32991392,4
2199552,4
6587858,0
20082060,3
28051536,2
19412912,3
18135259,4
14810060,3
13280017,4
10960477,1
23089943,0
34889668,4
15449371,0
36748829,1
1544948,2
28315997,4
35072533,3
7456050,0
7319076,2
16422171,1
2587530,3
38432799,1
1398606,0
33973476,1
29056092,0
19352888,4
14969969,0
38293639,2
32434112,3
8885227,1
37747518,3
17732695,4
7391871,3
39673658,1
37323621,4
31093989,3
34615743,1
12652695,1
29987461,2
29597667,0
13127962,4
13887537,4
3826236,4
12143097,4
38788319,4
39508633,0
33811662,0
3238673,1
20361444,3
4719836,1
36515344,1
19712840,1
15959411,3
2643953,3
33778099,0
13947939,0
37958897,4
19975307,3
32292848,2
24218103,3
14439477,1
34032166,3
34167537,3
33963288,0
25493591,4
9814632,2
27043599,1
14368205,0
12163158,3
30238070,1
36270821,4
29359875,3
35831241,4
14986693,4
17749090,4
8085422,2
35796965,4
30765606,2
19405754,0
23322674,1
15335052,4
23762674,4
26460619,0
20524567,3
38465891,2
25177500,0
26943894,0
16683549,4
13767359,0
5783417,4
13771674,0
5446372,1
34597102,1
25583869,1
30419756,2
35240557,3
31179171,2
25490416,0
21408407,2
38743262,2
30065323,1
20207328,1
27815829,2
33902095,4
20861546,2
38056305,4
11155367,3
33189458,2
6497882,0
12157283,0
31237651,2
29708135,1
40012445,2
14852948,2
4832868,1
25250684,3
8119308,4
12842717,3
19407325,4
10888969,1
32411915,4
9557004,3
36515900,4
24718439,0
36310558,0
15597738,2
28805501,4
34955796,4
9150473,2
5338228,1
2295461,4
24683429,4
3479982,0
37640912,4
11020257,4
27047367,2
1629611,4
6321863,2
25338817,4
36026740,3
27532746,1
27899922,0
20750051,4
17008731,4
38964323,1
36021430,2
18972699,2
31797432,4
17154417,3
33690119,4
11369842,0
6210024,1
28336157,1
39624170,2
11583043,1
4440231,1
34637145,4
15383666,1
16425910,3
39965711,1
33977121,1
10035446,3
29842702,4
35148708,1
24629130,4
25040177,4
38775464,1
21861662,2
6189398,1
27301853,2
27355478,0
1116725,3
4940282,0
26911973,3
18791754,4
16982453,4
24326772,3
7434095,4
35658841,0
23838056,3
33631577,3
35276916,0
37590955,2
37053186,4
33474853,0
37616990,0
24652995,0
30178808,4
23992679,1
7309256,1
31641894,4
34106425,1
21030187,1
16556481,4
20538318,1
34688235,4
10061093,1
13654168,4
11882691,3
17406201,3
20035132,1
14589234,2
30856656,1
27937915,3
30499545,0
15213926,1
39577365,2
26721353,3
11300979,1
7923548,1
25733471,0
7321241,0
39513353,3
3349048,1
5442825,0
33837277,1
7062094,1
16989961,1
38208555,3
25319970,3
39894476,2
22196711,1
826493,1
37986329,0
32057007,1
15070063,1
38246928,1
35459065,3
37858998,2
13798132,2
12565500,2
27426764,1
27901254,0
20287019,1
632958,1
5601909,4
11845569,4
5388576,3
38538608,3
27664571,2
33992360,2
12268029,1
12943081,1
35310343,4
19509059,1
34408734,1
36047722,0
28045487,1
21027042,4
38620124,1
38447503,0
29633134,2
7141414,1
20365585,0
3611139,4
25498035,1
6387819,3
37651525,0
27607108,1
31594090,0
14483227,0
34224896,1
16048238,4
38515921,0
4219868,4
970545,1
34613953,4
18413963,3
17605897,1
36004553,4
24604507,1
20254401,2
36894675,1
25263934,0
17354955,3
29679743,3
23807156,0
7987196,0
17499369,0
13510193,2
22897534,1
31833460,0
34179604,1
33789989,4
24861673,4
35289476,4
15719481,4
32457971,1
5056475,1
20348801,4
1393075,1
37792901,4
25566799,2
11314940,4
30030043,4
33844777,3
22580781,3
28750063,4
4084385,4
12806501,4
19888588,4
35927236,4
6494102,4
29441243,4
34323265,0
3534508,2
30928431,1
12815874,0
23407618,4
24379275,1
33015816,4
29978740,3
31103817,0
6141154,0
36393253,3
35752495,2
32568784,4
35924565,1
34425876,0
39225244,4
15435483,4
8299303,3
17887594,4
7628187,0
17356617,1
11385829,0
38723788,1
33283249,3
36776318,0
21984674,2
33641901,4
31597474,3
27685562,1
32300716,2
9036013,1
20756935,4
36795675,3
13798536,4
27159332,1
11742638,2
8640809,0
13887458,4
39476633,0
17537041,4
26924110,4
8599937,1
28315005,4
14794303,1
38554972,1
5099012,4
39985143,1
30456958,0
35820780,1
14627334,1
37590475,3
15703520,4
33905944,4
21585807,3
38114956,4
33607241,3
18092380,1
21551718,0
22593037,4
12326504,0
35226797,3
24943742,2
6142475,1
21240653,2
9421345,0
32875080,3
11604983,4
33879523,3
10712886,4
30236643,4
1573671,4
9233461,1
26315179,2
20319554,3
17223964,1
28997078,1
30650763,2
7155930,4
30315273,0
39220215,4
9417163,1
17779540,0
36235391,4
33449890,0
2859667,1
7633274,4
11000742,2
39543876,3
20996892,3
33380554,1
25100113,4
33282658,1
35780264,4
13915122,4
30274866,3
28067574,3
27000466,3
13814569,1
12941091,4
15315536,1
24313513,2
18070843,1
38576969,4
1450957,1
26320638,4
31569549,4
28732523,0
10279850,0
31684163,1
38218274,2
27447363,0
6559656,1
16350367,1
35441590,0
16758617,4
37008252,3
36517311,4
20069146,3
33810776,4
32000147,0
18515926,2
12921788,1
20785802,0
40040564,1
25545726,3
10959864,2
33269392,1
13390401,4
34045572,4
39011192,3
39865207,0
13824642,4
32301565,3
10725891,2
4447426,3
19701094,3
32925612,0
34516691,0
30436194,0
10003866,2
24437146,1
19819954,2
33206594,1
3993793,4
27793297,0
16762879,2
38620745,4
2572564,4
6792395,4
9830176,0
10741922,4
36670664,3
13760232,4
39740155,3
13168943,4
34071476,3
19191043,4
30987521,1
38391649,3
29595029,3
2354696,4
38941806,0
39978085,4
31985771,2
7606582,4
38755425,2
38012915,2
24032332,2
4576622,0
26616168,1
15770537,3
10428871,1
12836517,0
17603502,4
13444053,3
8070065,2
22254576,4
18271959,4
33770711,4
5978426,1
25766460,3
27669376,1
9953268,4
26597886,3
9162999,2
12234211,4
10763182,4
32895858,0
19743167,4
1652304,2
37311984,4
37538737,2
35248039,2
28996477,4
39508956,4
19063238,4
25422485,0
14467043,0
17691111,4
35669642,3
3444391,1
32620907,0
20865487,3
22810373,2
27063962,4
8494988,1
16684346,4
34130806,4
36878195,3
37473219,4
20514513,0
26170659,1
29997576,0
2278662,2
10111428,1
19475729,3
38067726,4
2169623,4
34402349,1
28955568,4
30637946,0
38543952,4
19122118,1
10918944,1
20435604,1
36200516,4
35516376,4
13343384,0
17930878,4
14945019,3
35871996,4
28108851,2
27857475,4
155029,1
10212929,0
1309355,4
4413595,0
37320035,0
13575703,1
25799693,1
39238942,1
12326370,2
26064684,4
6296831,4
19019506,4
38171222,1
19554819,2
37202501,4
28309248,3
31716122,1
32948606,2
39668988,4
21917652,3
21537191,1
14101633,3
8964005,4
23044171,0
30547820,1
38085468,4
19622656,4
12715198,4
29623171,3
14666138,0
11937746,1
8445822,1
35216025,4
25044388,4
19683145,0
29564737,2
39231900,0
19438383,4
11974531,4
31642416,0
9018308,3
25537619,0
32425030,4
24357517,4
28507958,1
7396073,4
40050761,3
6778840,1
20274536,4
1727429,0
29244352,3
33615414,0
4350016,1
36011271,0
38174824,1
33261743,1
23707409,4
39882822,0
26779387,1
34948918,2
39103546,1
20155965,4
34500132,1
32422778,1
26299889,2
18312106,1
25756915,0
10952507,1
36594100,1
23316425,1
22217875,2
39020746,4
10175519,1
15606138,4
36985344,3
37648930,2
16686387,0
7643579,4
31750599,1
7139764,1
31133278,3
2512538,2
8904083,0
39171087,4
18097439,0
26968854,4
27999037,4
30853438,0
731759,1
39787204,3
39660927,0
31796460,1
8700920,3
21100117,4
34971788,3
32645291,4
19211116,3
29965211,0
37210655,3
30056331,3
23434842,1
23460997,1
19114411,0
30094091,4
11975020,4
31818448,3
32314215,4
22148917,1
13336623,4
19765469,4
9563666,0
16682672,1
30298426,0
33844987,0
36808290,1
26907349,2
11224554,4
32923169,1
3804149,4
1417665,1
34946454,0
34003592,2
14892543,0
13069634,1
11617816,1
28508699,4
38432468,2
36425389,1
31548712,0
8202417,0
1052931,1
27481427,1
36470440,3
36247997,2
11025197,0
11329538,3
6800861,3
28518369,4
14261053,4
1630427,0
37422665,2
34929761,0
11856219,1
23455734,4
18794457,1
24426200,3
35080428,4
6947065,1
9963155,1
33773661,3
29708501,4
14879960,0
25349178,3
3851224,2
26579036,3
5439407,4
27714981,3
32553545,1
24040640,1
33938488,4
20581017,1
30511600,0
19080943,4
21707337,2
23079554,1
39961362,0
14538283,3
29882722,4
17069303,2
34602356,4
35495530,1
15228500,2
34841673,1
35981489,3
12224001,0
27676954,1
18066521,1
24367790,0
24659006,4
1517259,1
28364083,1
8046064,1
26819637,3
14714528,4
22310142,4
14369313,2
26601746,1
38463570,4
8968801,0
11244514,3
36469680,4
32172957,0
33849089,4
37923506,2
25373054,0
2388423,1
12836125,0
36918588,2
23535767,0
2908895,0
28764355,1
29821308,4
5215593,1
15705491,3
11450886,3
27804729,4
30293881,4
16450683,2
10540314,4
7267977,1
36807405,0
39921273,0
20249406,1
4548082,0
30603349,3
26980743,0
25950957,1
29655219,1
14970351,4
3600948,2
34951134,0
34002426,4
30706429,1
25320518,3
22920436,3
33248866,4
15450022,4
32983622,1
38937776,4
17832362,0
30702519,1
28976106,3
32131927,3
15299822,2
33683188,2
33454712,3
35992398,3
26745617,1
31888222,4
39711473,0
30533983,0
13794971,3
33080210,4
29753876,0
10112515,2
39970288,4
26937341,0
32749399,3
14363707,3
37183549,1
28943816,1
38876805,4
35342803,2
39949041,2
7086368,1
2535037,1
38894576,3
3723337,4
27113978,4
38050849,4
34643463,0
22618262,3
38542543,0
30643137,3
22799096,2
31772663,4
2914585,1
28853558,1
39901053,1
29889146,0
26675498,4
25917335,0
31908982,3
35999759,3
7478366,0
28612776,0
25714549,1
28988627,3
35957073,3
8254860,1
32814816,4
32751512,4
31861196,0
15892100,4
38579049,0
21105317,4
34619752,2
33145856,1
37528922,0
34459465,1
14441080,1
27270547,3
29768601,1
18674064,4
30938780,1
36987317,4
28903915,0
37901832,4
37248298,4
25311417,2
6578258,2
21211930,1
15862761,2
27843255,4
31284719,3
27201219,1
29438730,1
29972894,4
2376798,1
26290994,4
22753160,1
37198517,2
13658287,0
37223638,0
4340322,3
30832798,1
1735722,4
38131886,0
33561376,2
1451349,1
37946342,4
28303711,2
11079644,0
30983447,0
38032855,3
29480554,3
24212952,0
11300745,3
37892301,2
27914657,0
31462265,3
40089134,0
36182906,4
29295965,1
33590571,1
9907616,2
21812515,4
2136267,0
21867523,0
38535707,4
32621960,3
39839726,4
34593929,0
16527825,3
37567837,4
35164964,4
9667253,4
32790836,2
19617108,4
15932896,0
20452742,0
23030106,4
23450138,4
19884746,2
14890107,1
11509892,2
30713756,4
4600325,0
39902029,0
33210037,4
28656660,3
19720249,4
21328509,4
28205918,1
29158336,4
33509052,3
5440346,4
11237685,1
6950486,1
35586794,4
23622645,3
31640127,0
37195489,1
5114313,0
30554240,3
22333034,4
3559673,1
37022881,4
10355818,2
33957110,4
9829331,1
27645079,0
39773780,1
26220621,3
30159449,2
31773391,1
38174211,4
30193411,4
20736754,0
38379919,4
39452842,4
17465362,1
31946018,1
26022267,2
30871674,3
6438784,1
23660092,4
3966490,0
27630265,4
31095898,0
33587761,3
12889202,3
25851183,0
39199781,2
18359660,4
28009390,4
33830662,4
27739381,4
26484286,4
8707515,1
39567577,2
31763039,4
29565887,3
15683168,1
17760556,1
17883424,1
30596834,3
35466663,1
11324519,2
33976147,4
17436569,1
16490263,1
7868215,2
31024826,1
24947866,0
23246013,3
23111516,2
5556282,0
21760215,1
12043021,0
38119808,4
30596839,4
39520186,3
28007465,0
19879612,1
27644193,2
14672360,1
29796541,0
31274945,0
14037975,1
13276957,4
18074143,0
10288488,1
14295337,1
29923855,4
36633002,0
32426250,3
35482079,0
37497933,4
8869998,1
24180879,4
33541960,1
39839832,4
29326556,4
24790548,2
38918891,3
14701532,0
13501761,0
34650573,1
30697056,4
1111356,1
7366065,1
17769009,4
25860512,4
23529172,0
33944277,2
26066112,4
34184053,0
13710991,2
33681493,2
36804197,0
34161308,0
38270861,2
37522720,3
4395499,1
32734002,1
9750330,4
8116969,4
36889821,0
20659528,4
38171687,0
17050302,0
28322842,2
28885844,0
18339745,1
39485731,1
32282274,1
33390792,3
30532340,1
38104637,1
18627382,1
6837368,4
30687178,1
23656777,3
34012517,0
34773960,0
10921893,4
10469548,2
24736867,3
21534685,0
11058199,2
39277824,1
11835833,2
10645383,4
24324030,0
28886508,1
20271235,4
27758933,0
13667626,2
7074984,1
33701450,4
11032799,4
35867158,0
32208301,3
31445124,3
7180914,1
21863227,3
15789611,1
12753312,1
22508606,4
36258797,4
11312197,4
33088963,4
29941321,0
23662257,2
7982441,2
12145056,3
8384052,1
12360732,4
28324372,1
14857719,0
17821079,4
19766757,3
1281184,1
31304131,3
12138240,0
31849152,0
33856391,2
37101553,3
31406830,2
5738901,4
7770922,0
10767809,4
30960819,0
38840305,4
39132847,4
3381036,1
7591715,2
32548563,2
27247931,4
24026256,4
38888609,1
35710060,4
38468764,1
27078899,0
20249374,1
21719063,3
25876758,0
38119861,4
27573993,1
13139517,3
35768327,4
20130926,0
17073669,4
23249269,4
1095768,1
18116383,0
31015333,0
36635983,3
16637765,2
30156218,4
39722984,1
21664915,4
32561651,4
15473012,0
24043069,2
12148690,2
38401814,3
10142066,0
19413994,4
20712520,1
559662,1
36661087,0
19823824,4
37487406,4
38231035,1
21058463,1
15104090,1
30844594,0
39108621,0
23855165,4
5559284,4
25956453,2
33827788,4
38624730,1
3462951,0
21173503,2
33106596,1
17803254,1
34932865,0
36138201,1
15484718,2
26510038,2
15131429,4
25839628,2
34730897,2
8061867,1
31314713,4
13096955,3
27073424,4
37006534,0
7010949,1
12143634,3
4199081,1
19048082,1
13443246,3
9399635,0
30061557,2
38944265,0
541115,0
21675532,2
3587613,0
12461724,1
34834474,1
15964119,4
34779587,1
19035075,4
36251452,3
27927062,1
33998726,2
23919781,0
13421326,4
25938617,3
38575392,1
36237810,2
4331006,1
33844632,1
16735786,4
27850744,4
38914151,2
29482275,4
13534461,3
24427363,0
33100702,3
36153442,1
1366047,1
34755710,0
26921044,1
19060821,4
35881948,2
37272635,2
34124457,4
4140466,3
24896138,2
21969686,1
29292636,0
39830235,1
22388281,0
8071586,0
31454087,4
38859593,2
16585847,4
37479223,4
27769202,1
13676092,3
37857697,2
23212535,4
34113521,2
37405998,0
15115443,2
21518249,4
32618985,2
16972229,3
25318791,2
15871081,1
27322121,3
16823964,3
29051988,2
14200512,3
1395913,1
13567507,0
38032782,2
37669905,4
24771384,3
15294863,1
29767898,1
6005243,1
23457844,1
15651527,4
19452797,3
38440799,0
18110475,4
4004979,0
32188922,3
39560902,4
28806369,0
10462927,4
26440761,2
22439542,4
5027148,0
24589669,1
21298833,1
29837722,2
33311403,3
16497547,4
36518968,2
21341325,4
19437415,4
35398270,3
16006687,0
21640794,2
30527083,2
33516530,3
33611983,0
34226122,1
16485200,3
2267568,0
20440581,1
33306001,0
34469635,4
24608774,4
20534849,4
3275252,1
22069625,1
22218601,4
32226581,4
25667259,1
25818143,4
33013611,4
33020945,4
2935616,3
11926572,0
874245,1
19574674,3
35125228,1
24066589,3
30664640,3
17646853,4
17763079,4
30188158,1
36844576,0
20832740,2
29761266,3
9751080,1
17588233,0
24724098,4
34156881,0
21115556,1
38726411,4
24702069,3
39457645,2
31019092,1
14888340,2
31261853,0
33281487,1
28620848,1
33901474,0
13051544,0
26195453,3
24437165,1
38316020,1
18577325,0
38751024,1
24831330,4
35951487,2
15106946,0
34711205,3
28923231,4
1472279,1
15046962,4
33125822,3
33756549,0
22584261,1
32402747,4
32773052,1
6582404,1
10063091,4
30817721,4
1093805,1
14637691,1
34481055,0
30684836,2
28373299,1
7776371,2
20340613,4
29615758,3
21038905,4
24847747,1
25669803,4
38640742,4
39090359,4
17778612,4
26282882,1
25120883,1
38345127,3
24082711,1
4502314,4
2742085,1
18818608,1
26263323,0
10180781,4
19520469,4
28611207,3
31942960,2
32147668,2
6485059,1
39985300,4
36589702,3
11636362,1
23903094,4
22624255,0
30446197,1
32805594,2
14724624,0
7974959,4
33702527,2
37347296,3
39531007,4
18387120,2
25072334,3
35354676,4
19847786,1
28485009,1
35469546,3
25824804,4
31827468,0
28429760,1
9352259,2
20264414,0
15424126,1
35760133,4
19865258,3
33984151,3
12960019,4
18302818,0
16745387,3
35366900,0
1463306,4
26193386,3
38878543,2
685869,1
31545946,1
20970732,2
30721550,0
20231291,3
28522203,1
15774979,4
38339417,4
6964489,4
10295717,0
37435255,4
38139847,2
30362475,1
37785131,4
38550263,0
12684001,2
38799430,4
31596582,0
34528138,3
30167692,1
22571853,1
1173184,1
30180046,2
16425660,1
37501808,4
30750843,0
1236104,2
38339815,0
24757923,2
34542000,4
30191428,1
11185873,1
33524742,4
39356509,3
39515096,2
25740839,4
22676319,0
39916811,1
7648607,1
39436329,2
39243905,0
35258712,3
37754398,0
18327790,0
31923896,4
15298830,1
31165900,1
8688050,1
11629734,1
18438162,4
33323553,2
30029316,4
27651862,2
17279103,0
38015537,2
37605612,1
13302403,4
3919382,1
11622652,1
24216860,1
20015213,0
37277950,4
33398908,1
39004837,0
26995700,3
35722753,2
17892451,4
6246061,1
37174167,1
21202093,4
21032981,2
28088323,2
23091283,1
20550351,1
35165398,2
12517997,1
39259046,0
36553386,3
37167968,4
29630026,2
1719279,1
10941824,2
20524888,3
22445416,3
9220883,0
13202507,1
16529038,3
10919379,1
17923161,1
15561173,1
11898451,1
20384743,1
34855391,2
35422578,3
26077541,0
8254309,4
36091007,1
32285927,4
39061928,1
5502014,0
32546776,4
853184,0
11034539,2
20152888,4
22534101,3
38687974,0
27525444,0
15722158,3
5264829,2
38447104,0
24018577,4
32783530,3
23579989,1
3083784,0
15603240,1
38262178,3
27571884,4
31753850,1
32951123,4
37081116,1
10320194,4
11488122,2
6960470,2
37225243,0
772518,4
14097061,1
4526498,0
26160792,4
4704913,3
33990345,4
28663508,3
27960507,4
31879459,4
30281274,1
14671345,4
17369534,3
29056976,1
12019618,4
19845691,4
6151400,0
38258343,1
8757019,0
24479281,1
38435289,3
22257665,1
36411331,2
31590858,4
5178535,2
20810630,0
8808597,4
18111488,4
4377038,1
26685007,4
17884411,0
18781344,4
26289759,2
25881271,3
8177261,2
32936129,4
22119586,1
10461531,4
36253931,4
37652976,2
12829125,1
32215165,1
37751173,1
6349833,3
31128435,1
36668447,1
32118749,1
28686453,0
24976474,1
8620521,3
27692883,1
38523546,0
28667126,4
26710946,1
6473753,1
7141665,3
36982015,3
16371626,3
28771174,0
22034878,4
13039060,0
24127601,1
31635828,0
31601713,4
25246842,3
30698466,0
33814607,4
30845469,4
28568939,2
28583565,0
29381375,1
10559465,4
19556809,4
27308698,0
36803774,1
34689540,4
37918586,4
18050933,4
4809825,2
28808626,0
35868089,4
8352736,0
33539955,4
37336899,3
15636527,0
31939503,0
9938130,3
7955602,3
25799297,1
15482097,1
16694671,3
4800419,4
13119791,1
33009893,2
23053365,3
25593325,1
39147407,0
20450313,2
29500012,0
19347009,1
5128741,2
7100514,4
22359595,0
17820699,3
32339872,2
24524740,1
9134491,0
14926601,3
34902352,2
34010106,1
3145897,4
6763636,1
16748891,0
38976089,4
26084620,0
25147934,3
21274619,3
9272257,2
26146837,2
37017786,1
21714335,1
7430108,2
39428481,3
1508906,1
28311203,1
9416934,3
37863410,4
6082501,1
34335989,0
4699605,1
36023996,4
6924706,4
28293270,2
30197052,0
9162453,4
15153876,1
35352390,3
14836425,3
2154095,1
38556217,0
37272552,0
20642504,1
21104176,4
37166188,0
25085870,3
26290620,4
11714768,3
16832266,0
10851246,4
39243929,1
37452166,4
18806424,0
16871130,2
790898,1
36128685,2
34420864,4
37894912,2
25150107,4
12556977,1
29473306,1
2349302,1
22497852,0
34599421,3
20346314,3
10005343,4
35042587,1
20877106,1
6399975,0
28623521,4
6282053,1
9300491,1
2020228,2
32215992,1
10982505,1
31326420,0
34673447,3
38136016,4
5154443,1
7772373,1
22587851,1
27804239,1
39929777,4
33375581,3
1494696,1
14182780,2
15193506,4
17644730,4
36589367,0
36878064,4
39715183,3
13376135,4
19655086,1
39579355,2
13851410,3
34570067,4
12827349,4
3142883,0
38551278,1
26241360,4
34011006,3
35496542,2
31018413,4
36635495,0
16760517,0
16994547,0
18766960,0
34303963,1
25332777,0
21487916,3
17052480,1
30416811,3
38866162,3
24610802,4
37362971,0
7186928,1
35419236,2
23797691,2
26989078,0
9486871,2
37925504,1
24830804,4
2046802,0
25442171,4
2173425,1
20047851,4
29641869,1
32820673,1
16222178,3
35887564,4
24191668,2
8525447,4
24282416,4
16803951,4
34349222,2
28367810,1
26935287,1
5808819,1
1829810,4
32017943,0
22363061,3
30359801,0
39835536,4
28741563,2
38182463,0
36986350,1
28091984,3
3612785,1
40031004,2
29919757,1
1994488,1
28116945,2
17376085,1
38363994,4
29671395,4
17845350,3
32887408,3
13926647,4
36755891,2
24537896,4
32428120,4
21390612,4
31492602,2
35517196,2
12110245,3
21140853,3
7217617,0
33682692,4
36321157,3
29355120,1
11027865,2
37214297,4
35251210,0
8974457,0
4220441,0
35632009,0
31633738,4
27203090,2
36712706,3
39317373,4
19303835,4
20293369,2
39305135,0
25529070,4
29592679,4
18663772,0
39494787,1
18666920,1
22668465,1
38594515,3
21411099,4
6189047,0
23117570,1
33794873,3
18939133,0
9630494,4
33488351,3
2568018,3
22361802,4
11388180,4
33466635,4
35679173,2
36901124,1
36808628,2
28012791,1
10547343,4
33176297,0
33218010,3
23206528,4
32320254,1
10472620,1
33295581,4
16193578,4
37206097,4
36090648,0
36100593,3
32939731,4
33120475,4
37570762,2
1915643,0
31053602,2
39196603,4
34602461,0
20629012,0
19675760,4
32596094,0
2362541,4
870520,4
39741509,1
26801490,1
29017416,2
777778,0
30790518,0
8533885,1
37192297,4
7752814,1
16254513,3
30692750,1
36063800,4
5958929,0
12644902,1
33906183,1
13176533,1
26145724,1
23426759,1
34777259,4
28191934,3
37850357,2
13371444,1
14716981,3
37353951,4
27103849,0
24432831,0
34646262,3
19446183,3
19627867,3
23818041,1
31093459,0
35826487,2
9856435,1
17976695,1
24315016,1
26764634,0
37443386,3
15078246,3
39459947,0
16922293,2
23666661,4
6809067,0
37017773,4
33891918,1
4479463,3
33803806,3
14864895,3
13570344,3
25411052,4
10669897,1
31048613,2
16313224,1
30477150,4
6109890,1
23173340,2
11745614,1
33897848,3
32158760,1
9648896,1
19731665,2
36796887,2
8126139,0
38285195,4
26336108,3
35893997,3
6222528,1
24748781,0
7569050,2
17959955,4
19073579,1
39135208,2
36114063,4
18570492,1
24041935,1
12770302,2
30011715,1
39233057,1
15372949,4
39925157,0
33024954,1
21208376,4
30998547,2
10364201,3
18369726,4
23416024,0
10265115,0
6832332,4
34955200,4
19188981,4
25473948,1
20904326,2
30413207,1
20602696,4
23388509,4
26935793,2
4135836,1
4009251,4
31032890,3
25716316,2
24350779,4
17323824,2
39187738,3
21205472,4
20620643,1
38845176,0
29066550,1
35951786,4
37155266,4
10404792,3
23397460,1
36827888,4
18661464,4
28572289,0
23827025,1
4427623,1
24965534,0
33027713,3
30188285,0
7664803,2
38341180,0
18062443,0
9531028,4
8262072,3
6394170,4
12448583,3
11280287,4
18245718,4
9510183,1
34129354,1
28943107,4
4650639,4
35389050,2
30882145,2
37131820,2
36924820,4
22927198,1
11632388,0
38592999,0
30769856,4
11527793,4
36719891,4
29748045,0
27791307,3
30617933,2
21737487,4
21252948,4
13570644,0
14495868,0
23457493,1
19577973,1
5724701,4
34968412,4
39047630,1
28515570,4
39667089,3
28059562,4
33971484,4
6043463,1
36075147,4
27846942,4
29737715,3
9526203,1
14928820,4
21409279,2
8323728,1
27131462,3
24967934,0
27301022,0
25161727,1
2608645,1
15120662,3
40109555,1
22268521,1
22038762,2
19171686,2
8983150,4
20460339,0
27949024,2
33417908,3
250038,1
38509137,4
13895951,1
4688943,1
30012998,4
10158060,3
23000451,3
19611822,4
39069782,4
1459080,1
35090726,2
11981810,4
35158917,3
25977673,4
30944576,1
23110542,3
18553896,3
32064061,2
9328638,0
19833298,0
12925615,4
2104957,0
5612123,0
33679738,3
38136516,3
32329289,4
36376135,2
28272974,0
9167390,4
34489749,1
91205,1
10073045,3
37789543,3
39395530,4
40118548,4
23408284,1
38222962,1
22062724,1
36846260,1
30674540,4
6245108,4
27949901,1
22916937,4
35953018,1
18790206,2
18868436,2
28097462,1
35384358,1
6672525,1
34760688,1
25193482,4
34671322,4
40065615,1
38660931,1
34163933,3
39078772,0
19319752,1
32892174,3
24121983,4
21349528,3
18536549,4
22208051,4
12193471,4
39067321,3
37291261,2
37891207,2
22517827,3
27179268,2
39605067,2
27800703,1
21542700,4
20655158,2
23328555,0
28330460,1
38648355,0
10021899,1
39880938,3
13099032,1
38908500,3
36101233,0
26901434,1
28661218,3
15297685,3
8582766,2
35905947,4
2070377,0
27227480,4
39684415,3
25291590,4
28518684,3
12318172,3
33947939,4
37668267,3
23577370,3
30044697,2
24080856,1
28596441,4
5289189,0
21117014,4
39563183,1
9755003,4
33846772,0
22236592,2
7519135,2
25030725,0
17507018,1
38206527,3
11626201,4
19128342,4
12579163,1
29751005,1
20830455,4
16672445,4
36832404,1
10718227,1
11944385,4
6806811,4
24492924,2
30946767,0
7030463,4
28924810,2
38211773,4
34149829,4
24436013,3
28554658,4
38357632,3
21511445,0
31798645,4
9768645,2
22001578,0
33799390,1
40070615,3
5400833,1
29044312,1
30797937,2
10410135,3
18167701,4
13964152,0
4305070,1
36684870,4
25488852,4
21915708,1
32740577,1
7905954,1
24432956,2
34617422,3
14897027,0
21316262,0
15125903,1
4915202,1
21279603,0
34924953,2
37155666,2
24000654,3
32940708,4
23667439,2
2760351,1
18279865,2
34889664,0
6121431,4
29579871,0
39381004,0
19848467,1
10132632,1
16055024,2
33599536,1
24943071,3
16818884,0
4700725,2
23303525,3
29864225,4
14500831,4
38062399,4
25320322,1
27573592,1
12867178,3
36708873,0
15438332,3
3840177,1
13017397,3
28387180,4
39816564,1
33637620,3
22004466,1
21584990,2
2784977,4
34347010,1
17976063,1
28908167,0
27135933,1
39067978,3
12225159,1
18818721,2
17923090,2
25715627,4
28680896,4
16739894,1
22818948,4
10573688,1
39455901,4
2917866,0
7923509,1
30569889,3
35857457,4
39112761,2
17897366,0
9152116,2
29048607,4
10886841,1
32257262,4
3088497,1
5916187,0
39276874,0
38536999,3
20547421,0
8128736,1
25677214,4
36531679,1
17386936,4
29521746,4
7692983,0
33041756,2
17091075,1
17896767,3
15459615,1
8888124,2
18796397,2
6212220,4
26898720,3
17505380,0
28726303,0
30942123,0
34709933,4
38017111,1
28069953,1
32614116,3
29199083,1
21649509,0
2479690,1
22651764,4
17964198,0
19529502,4
11823521,0
26353195,3
36297116,1
7544112,3
17688472,3
33722444,4
2685015,4
16219358,1
9245865,1
4746121,0
19051414,4
34310225,2
34697001,1
9919604,4
9820291,1
14548020,4
30105541,3
28537422,4
2162115,0
15452390,1
35821904,3
37337120,1
33079110,0
34921650,2
17068128,1
16110230,4
11234843,1
28369418,0
24175212,0
12181185,1
13437327,3
6478931,4
33649949,3
24255333,1
22547591,0
16733821,4
38124335,0
8027158,1
35447073,4
4824683,1
37746561,4
1854,1
3128821,0
39948543,3
29247960,4
35511296,4
4980297,1
31757747,1
31820470,4
26399877,0
18287633,1
10496168,1
23691564,2
29309133,4
11646697,2
15593775,4
30273877,2
1141504,0
24069150,0
32322090,3
19712264,4
24627928,4
19932708,1
1497258,0
34883909,4
24793385,0
28939006,1
32660583,4
28408943,0
24509737,0
12702839,4
16598393,4
12341588,1
29010049,1
36041797,4
19342977,2
32132999,1
19590344,3
21989035,4
34869347,2
15825201,0
39958232,0
28910157,2
30340555,1
38780223,1
24887337,4
39434821,0
34255749,3
833062,1
9423294,2
30172944,0
31304499,4
39813055,2
9955785,0
30844050,1
30253425,1
20517583,4
19116509,0
36746693,4
38678377,1
19253264,1
14846147,4
38358881,1
18732016,4
15627908,1
3153112,2
27338553,4
28508228,0
37797227,1
34367790,4
16692777,4
22699040,4
27821571,1
12787452,0
5968951,1
26696650,4
38565022,0
24339875,0
19737367,4
3343076,1
30063572,4
38569350,4
14232905,1
37173450,1
32855942,0
11238277,4
27559742,0
34618256,1
27447953,4
26564336,0
16846977,3
22784372,2
22018400,3
22197096,4
29395516,4
19263704,1
1649351,0
21678058,0
10688843,2
31831242,3
40048443,3
34767400,0
13398697,4
23766054,4
34340458,3
29153653,4
8935228,2
33612481,1
28813775,1
22159278,4
22528752,4
33658175,0
20045894,1
32343514,4
34403656,2
34207641,1
35964583,4
14594324,1
21913102,4
18556688,1
39522703,0
27001249,4
20779343,0
12553598,2
26720745,1
26996126,2
31700681,1
34535816,1
36113663,1
11663244,0
16122228,4
23399564,4
38888628,1
3822336,1
31751674,2
24915995,4
11729662,4
26181113,3
39504872,4
6839922,2
23165736,1
27077908,1
23648826,1
20997863,0
30060303,2
4359085,3
34772030,2
36424454,3
18228612,0
17926273,4
4801216,1
26693852,1
39379351,0
1782843,1
34902649,3
37883072,4
21567158,4
14138858,4
37487379,1
11785720,1
23230184,3
20753807,1
18729026,1
30580462,1
36780377,4
22446362,4
17933572,1
28970771,4
33359306,1
17757306,1
26716389,1
32804499,4
28747962,4
10713579,4
12526065,0
35436399,3
31641440,2
29530594,0
37091436,3
30539789,3
37153426,2
22510934,2
14440455,3
38742207,2
35462876,1
30559507,3
2386418,0
35314206,1
6433646,2
36099260,0
25080463,1
25596426,1
9907352,1
10212791,1
13978556,3
15564523,1
18351291,3
9332736,0
36515258,2
11454356,4
25952300,2
28254910,4
10867028,4
39219302,4
17287017,0
772814,1
18714724,4
2203424,1
27353947,3
22860742,0
31562726,4
36101327,2
38112650,1
39936831,2
22739701,0
33105830,4
22956785,1
5799126,2
27839797,2
27935718,2
3611827,0
17938818,0
38112806,2
23060615,4
39755464,0
3907810,1
31532290,4
2803737,1
35666067,2
14267427,4
22118704,4
8348456,1
36453319,4
20978757,3
17405992,4
4432208,4
28256618,4
21726553,3
30490452,1
32680184,2
23122079,3
29109802,4
9687989,0
6281670,1
7068360,4
35197779,2
9874405,2
13002132,2
4811379,4
34776877,0
6368452,0
39474896,2
28523535,3
36191351,3
25371880,3
28457312,3
15123928,3
37482733,4
13944427,2
9103511,2
29480288,4
20480238,4
36032280,3
25331500,0
10775411,1
34112729,1
21476075,2
35651895,4
9790121,1
38000290,4
27313970,4
24031821,1
15233601,0
13512823,3
6942039,3
34873614,1
36402748,4
19216135,3
14867193,4
8306171,1
2119761,3
33490163,0
5558837,0
25875465,4
34927327,3
25041420,4
8710918,2
25063167,4
23765639,4
1734801,3
35382203,0
17534932,1
33177824,4
11448005,4
23048756,1
32173856,1
33209048,2
25268696,0
2995983,1
34660528,4
34376896,0
7141501,4
31321210,0
12189133,4
35213559,1
33619188,4
39923814,0
38946269,2
10920035,2
29869559,4
21843693,4
15832451,1
6745523,1
27929669,0
39334235,0
34324025,3
39353395,3
31111032,0
26659877,0
34839105,4
27293796,2
32084545,4
36368252,3
34710633,0
21752684,2
38827949,2
21394015,1
22399888,3
6204443,1
33579522,3
20107925,4
15522310,3
37006267,0
32381416,3
25822738,0
29947162,4
36139,4
20926193,1
23584709,3
36292999,1
35662828,2
33489133,1
29866162,1
18637752,0
17777219,4
32339864,2
15020911,2
16341484,1
21166771,3
13770335,1
35546853,0
16860792,4
7524467,0
27372782,1
31379169,3
35851209,2
16315673,3
11598204,1
5506444,3
23083195,3
16744826,1
16694298,2
36515486,1
36691704,0
35281691,3
39726805,4
13805343,3
25229511,4
19645543,0
31336084,2
30589379,4
26994963,4
38826359,3
33573239,0
12939897,4
394500,1
17640919,4
22715036,1
39816374,3
18478837,2
24508033,3
31551410,2
17876492,4
25622764,1
37750141,1
16616563,0
27524664,4
34985735,2
27433026,2
28251453,1
15112166,1
39617488,0
35101791,1
39464748,1
35624459,1
3542881,4
39644907,2
8794506,3
11376898,3
24830163,1
29224258,3
18563717,1
16670712,0
38097531,3
39634861,0
20661902,4
11760436,1
30217561,4
35856708,4
34706388,4
12446132,0
2487475,1
34942123,0
24587480,4
33978621,4
8813226,4
30675956,0
26674790,1
23704892,1
24490115,4
25691996,2
18040251,3
26959176,3
22876148,4
32620254,1
38129077,1
10380065,4
1522636,1
11788115,1
17127083,3
29809524,1
23119648,0
25593973,1
39134580,2
28993219,1
4182419,2
31000289,1
36528692,2
39299917,4
8470539,3
33482496,1
27071661,3
33424001,3
24065099,0
25826219,2
26004787,1
23175728,4
35547002,4
21747902,1
26245449,1
28595465,4
23433842,4
31637600,0
15610749,0
21558782,3
9324389,1
10883805,4
34288230,4
18899555,1
27233585,3
38266841,4
39788860,3
24872289,4
29834729,4
25826130,1
39941213,0
34029726,0
33324535,1
25559596,1
13855020,2
39413447,4
33699718,1
3711303,4
5767678,0
15149075,2
35602681,2
1806608,4
33315062,4
25463013,3
31210223,2
22540410,2
36436283,4
27884085,4
32655055,2
13094994,4
18214937,3
4806520,0
21656843,2
33953505,2
35208553,4
25973363,1
19349503,3
39474794,4
14764294,1
3106893,2
3100739,4
9715454,4
23820144,4
34696412,1
30946670,0
1658722,3
23091840,1
40045899,3
29822007,1
37610533,2
24963118,0
200738,4
15401376,4
16409992,1
24936107,1
10166956,4
15582443,2
33996037,4
14652081,0
12500069,2
18833471,1
16285889,3
39177610,1
22124914,0
37512132,0
22207625,0
32239961,1
19291927,1
38334497,2
22208821,0
34608613,3
4378464,4
27924819,4
3783677,4
38743403,0
20827093,1
11058250,1
34467657,1
28500275,3
6573207,1
34981307,3
31607200,2
33338375,0
36535381,4
18394747,1
27603093,0
35611473,1
39479445,0
31773229,3
38206587,0
28477705,0
14858000,2
2631405,1
27831173,0
11301910,2
600190,1
21042624,0
14780175,0
17611947,4
11557587,1
37276018,0
17386880,1
29843433,4
27300302,4
15535927,4
22258442,4
32324619,0
2425787,4
25412508,4
903497,1
25063938,3
23540309,4
29399659,2
39662891,4
35544574,3
30418250,4
40082844,3
29776336,4
33137269,1
36157247,0
22620266,4
17121949,3
8624507,0
39381305,2
28966457,3
34780027,4
34096997,4
33464240,4
37195684,1
29083059,0
38263995,3
19350346,1
12453580,4
26228747,3
39723437,2
27051737,4
39817973,1
7990321,1
18866994,4
11885651,2
22775640,2
7524213,0
39873204,1
21533706,3
25004515,3
27691937,0
22512677,0
21994472,4
22586713,2
31144356,3
27640853,0
31368770,0
26616643,1
20317456,4
17056450,4
6575825,1
4653711,1
38226607,0
29461019,3
32850657,4
20196930,1
15696547,0
39252731,4
18261318,1
16888757,0
21722563,0
5486049,1
31293460,4
787739,2
35516674,2
19467290,2
28891985,4
38385010,1
7072505,1
15401497,3
36769231,4
17569519,2
17427252,1
24422502,4
38672675,0
36455647,4
23145928,4
38703556,0
417584,0
31500189,3
20008173,0
30955503,3
13178225,1
21294997,2
31943941,4
28158278,2
37877325,1
25641980,3
25024912,4
10077644,1
15722222,4
39750041,2
24707283,4
8335548,0
37220463,1
27296602,4
14013597,1
36926906,1
37908556,2
32383234,1
24826092,2
11905635,3
33650606,4
3778579,2
30539412,1
29158931,3
36817549,1
3609596,4
6233563,0
34214100,0
861190,4
37322690,0
14567210,4
25987662,1
30082180,4
19141073,0
37840885,1
27674145,4
15562446,1
33350147,3
28727241,4
7119755,3
39950816,4
24430620,2
9822291,3
34406382,0
18908875,0
32808856,0
29940783,1
22763675,4
30324464,1
16065370,1
26366588,0
6240648,2
37882975,0
39576340,4
31305213,2
10906605,1
657857,1
21007783,2
34713346,1
25064228,2
26060130,1
5847679,3
2786384,2
35320452,2
5231627,4
8910927,3
40010317,4
39628275,4
3195738,2
37567405,4
30792422,4
37175103,0
32124687,1
19460367,4
7850207,1
21266312,2
33555332,0
23085560,4
36825925,4
36488214,1
38872755,0
15823011,1
34795531,0
13818549,3
23975202,4
31997811,3
33683899,1
7800693,1
27592603,3
2656066,0
28735974,0
33165523,1
30182677,0
33689159,1
29963173,1
25087481,3
27163479,4
13398996,1
20402430,4
38839246,2
39708133,4
15851238,1
37461798,1
16453758,1
1817064,0
29350869,4
27066370,2
1588224,3
28187242,4
17453212,1
37809681,0
15272785,1
23146819,1
37783438,2
2619446,1
29676893,0
30934414,3
36317464,0
10567845,0
18385530,4
24832628,0
19063162,4
39578807,3
22208065,4
34398697,1
20968774,4
23524444,4
33355268,1
33920777,3
4528831,2
26147688,0
35002160,1
6142757,2
31263153,3
11638387,1
23578018,0
34287317,0
38908575,4
21209734,2
18818307,0
462933,3
35294265,0
30776447,0
21510223,1
27306343,4
17798174,1
23934922,0
37631810,2
17497819,0
36108585,3
35499348,1
31792768,1
24643704,4
30612360,2
31041736,2
36665225,3
19238307,4
12827548,2
36270068,3
13360387,0
37653474,4
26590089,2
21026224,1
24941642,4
39649714,2
23613715,3
14644889,4
35646121,1
17911026,2
5269304,4
15956169,4
19314465,4
14713757,0
31977102,4
13080591,0
5422184,4
16575153,0
38626345,2
38993266,2
32353974,4
12997572,3
31077688,4
22768682,2
13117477,0
30079630,1
39270653,3
23922867,1
7860534,4
25045924,1
19239154,0
14442255,4
38111769,1
19605405,3
35106112,3
29120626,3
15710592,2
10394243,0
19798597,4
3075065,3
12165691,4
26405939,0
16001959,4
2495487,4
13907315,2
25953959,4
4296041,2
22076453,2
29306092,4
30540139,3
14823363,1
28144350,4
12164734,4
8343576,0
35737788,0
12531790,1
28975274,1
26180778,2
14887577,1
8216729,4
32138760,3
21002166,0
28649795,0
37792813,1
39593747,4
22546836,2
13536350,4
3303312,4
36412921,4
30093903,4
34123891,2
25442482,2
22615196,0
9285713,4
36275522,3
27033146,0
11904603,2
15210674,1
23444658,0
29832234,1
1983332,2
33269853,4
12917294,1
6107918,0
28122488,3
36247462,0
37945057,0
11276322,0
15706339,3
394770,0
30946654,3
36606589,2
9541790,2
31055302,3
17871588,1
34748579,3
36885642,1
39415851,4
24299988,4
39536878,1
2753350,1
38973433,4
31757432,4
21680020,4
32464122,4
38982807,1
23774440,3
12755804,1
18772002,3
28091129,1
39018292,4
36948680,1
17278602,4
20971174,0
27688183,2
25277115,2
33702523,1
31307147,1
14063687,3
37587127,3
33901521,4
2383546,4
38749120,3
36986811,3
39059338,0
38187041,3
38198137,3
16984802,1
33040628,1
37543975,4
22225577,2
886629,4
9382941,1
12474344,0
18339384,0
21997850,3
32319726,4
15939963,0
37519550,0
12692641,4
31687572,3
37713847,4
38319205,3
39045544,3
29978236,4
11589275,0
27473307,3
27146262,1
27702780,1
35505583,0
38302523,3
5563743,3
17377867,4
35818129,2
15715152,4
15718068,4
19876993,2
32959342,4
33857914,1
27906581,0
23183478,4
22561151,1
25718075,3
3013283,0
22787243,0
36717715,0
17485382,1
6503929,1
35415468,3
5773607,4
21111659,4
5015749,0
39347762,4
26117548,1
35829364,3
15288824,0
22638392,2
30578705,3
24106532,4
31426757,4
2980196,0
38789013,0
19303678,4
39910941,3
4833948,4
11166632,2
6900595,1
3450436,1
36989435,1
14515313,0
29911211,1
27848037,2
36042697,3
23415251,3
35857519,4
38674805,4
39187032,1
4171866,3
10155510,3
7274478,1
25278752,1
32039862,2
14695559,1
25333525,4
28618010,4
39574742,0
29315898,4
13441936,4
2524853,4
18337139,0
29117524,3
38353263,4
18518376,4
8068478,0
12122006,4
39355048,0
23534867,2
8073734,0
35073940,3
15218465,1
27925974,0
31971302,2
35948337,0
32892964,0
36430336,0
29005004,2
32234266,0
31368358,0
35882920,0
2161365,1
34185425,1
11447624,2
38815747,3
22508136,2
35297771,3
37618695,1
29810140,4
3632919,1
8592249,1
35390843,0
33585928,4
8895614,3
18330411,4
3296893,0
22031061,1
9608859,0
24196421,1
2722386,0
30889444,3
3061924,0
39443478,4
2880499,0
13592192,2
27090129,2
15209113,1
1540835,2
27108835,0
7224099,1
3167106,4
37018475,0
31642226,3
5983339,1
27261350,3
37219327,4
22506504,2
34524506,4
5901779,1
668226,1
38102188,3
12487731,1
1760245,2
21731043,1
35456976,1
15318378,2
16852898,2
21567271,1
19783529,1
33274670,2
25236614,4
1665468,1
12703678,2
8008829,1
16656199,2
31728741,0
27152673,2
34725274,3
35934220,1
23161341,3
36971077,1
29285782,0
8126654,2
24906957,2
22235784,4
19198634,3
36068887,1
33614378,4
30296156,3
33540418,4
19265597,1
35666761,3
40010954,0
12573741,2
37316261,2
29596204,4
2532236,1
11533939,1
36039919,2
3472884,4
37874284,3
2203947,0
29884543,4
28788335,4
33511939,0
33703229,1
13133197,0
31139336,0
30882563,0
10972086,0
28180360,4
38779958,2
16548581,4
29655015,1
16849727,1
3220957,4
17701074,4
28602550,1
34721879,1
38463099,4
33785186,0
39662665,4
749070,4
38999203,0
23404162,3
24946061,2
19859609,3
40001010,0
39936697,2
15570526,2
31398235,0
39152390,2
30505407,3
21653433,4
29042718,0
3989967,4
37663931,4
21483003,0
35062368,4
25027506,3
6190348,0
30936082,0
28445912,0
20167450,1
38648441,0
37672642,1
32939190,3
17180738,1
25900639,1
24948099,4
10188210,4
24499349,4
28957946,0
120657,1
31376961,4
20332320,1
37286768,1
6726953,0
39781344,1
14989749,1
15920039,0
29814060,4
10728309,1
10344481,0
31787110,1
40121562,3
38564546,2
23405610,0
20224526,3
29238964,4
21120668,4
25943850,0
18346376,1
33774805,4
36417918,4
39890879,1
15761846,1
33457731,3
1633932,4
35350808,1
32677445,1
9717224,2
32806808,4
34896728,3
308913,1
31843830,4
39803321,4
11842979,0
35495377,3
19826477,1
35432462,1
34599159,4
6593030,4
22203332,4
35253990,2
16857407,3
38991025,4
20518302,2
34942955,0
30404890,4
37803637,3
34965276,4
24454177,4
13415660,1
28255850,1
23846113,3
1531402,1
3499242,1
22266209,0
24730520,0
38810610,1
29661297,0
25684522,4
39993714,0
27886502,2
19730157,0
4674465,2
14955487,1
37175400,4
524992,0
33109498,1
35213780,2
27806167,4
31661177,1
27326403,0
33057463,0
34281442,1
22409214,0
3149496,4
6498459,2
35711091,3
37245832,3
18580920,3
15416054,1
36840903,3
32467060,0
37356288,0
30974427,1
4972079,2
31269509,3
11729594,1
18513734,0
20814173,1
6407620,1
28298709,2
18221843,4
39233277,1
33586493,0
38353644,1
12872242,2
35086560,4
13665968,2
29141727,4
32129387,4
7191209,4
33131477,1
30533189,4
16068703,4
37853870,1
29017058,1
28631288,1
27004815,0
24458023,3
13806609,1
36142326,3
40125189,1
34296409,4
11853141,0
39085287,2
35542764,3
38992480,4
6194533,1
22849275,4
9789410,1
7916317,1
6756132,4
21313476,0
37849499,0
10035010,0
17868597,2
31336664,3
28215774,0
35027945,3
39088101,2
30461015,3
26836188,3
39133507,2
38308003,4
34584354,4
33857132,4
19808317,1
21073857,0
36532845,2
18881472,4
3950773,3
32036119,0
13484182,4
10307794,1
6953370,1
37197780,0
1602122,3
18961548,4
38817895,1
21805453,0
36463722,1
37976477,0
787015,1
10203210,1
27041646,2
31235971,4
35289673,1
38524821,4
10827112,1
28057646,4
14354819,4
4031814,1
34645130,1
12741957,0
9440010,0
24937011,1
25739026,0
20189314,2
14417870,4
32321408,4
15214020,2
37625075,1
27090063,0
12666319,0
885103,0
34264314,4
34803982,2
33612568,3
36731323,1
31516085,0
8180959,1
20131108,1
22829309,1
13584992,2
8314569,4
23841603,1
9532703,2
25437820,0
9753658,1
27876898,2
30289872,3
17852489,1
39164524,4
241250,1
27649132,3
15419617,0
34315278,0
37083168,4
12541213,4
25249838,3
35401094,3
37864419,0
37800054,3
36847384,1
36817413,4
37706221,1
35647330,4
15468422,1
40091456,2
22560698,0
35699484,4
37470469,1
7274049,1
26235782,0
37917378,4
23335766,4
37240417,1
24375909,3
2248321,4
38312494,0
28956968,2
21171290,1
36583635,4
34591505,3
33801171,2
31344201,0
9665002,1
32954728,0
9751214,1
20843922,4
2207562,0
14667146,3
35958510,3
34207062,4
25204299,0
32031995,0
32960877,1
39087559,4
15610574,1
1401721,4
29781828,4
19329533,4
15636601,4
27133678,1
6423171,1
16571908,1
35307091,4
27656401,1
2585091,1
13621533,1
31483818,3
23981601,4
38096006,1
12009616,0
35776829,1
2653516,0
35616545,0
36723595,1
32945732,0
33534976,2
22854607,1
31841751,1
33200893,2
8734091,1
15913767,1
13263122,1
28252442,3
8824826,1
37045053,0
26492636,1
39381137,0
20930006,1
13688707,1
23476331,0
10259282,0
22209145,2
39147701,0
15525416,4
29035094,1
36118077,3
37440855,4
35001186,3
9084228,1
1552260,3
40052616,1
10182487,0
33935557,1
19685002,4
33692619,2
26247960,4
14987106,2
32647939,4
18281082,0
3199363,4
6283481,4
25062068,2
13552907,4
23125471,0
30971615,2
25980802,0
24277313,0
10290990,2
15279429,3
2876517,1
14466713,3
12924792,1
29681457,1
31090572,4
38706655,1
4463395,1
31407900,4
36773053,3
30140437,0
31964930,4
22207212,2
33617120,4
40036942,1
23125671,2
17056775,4
27629797,1
30811412,4
18878663,3
10032077,2
33239147,2
12907004,1
11019036,3
17302166,2
29904851,2
20229291,4
23774619,3
39307257,1
25778004,1
39281199,0
30553824,4
35675601,0
18043537,4
23819365,1
7945730,3
1274869,1
23032990,4
30910270,3
9311312,0
39427492,0
21562815,0
38006968,1
21184299,1
5803290,1
14719776,3
30257408,0
31260389,0
24419525,3
24677595,2
37837148,4
21101557,0
35925625,2
29807201,1
16637735,0
33139896,0
39115933,2
25129881,4
34374424,1
15884038,3
38534817,3
8900768,0
17982967,3
16048056,2
28478085,4
34074049,0
30403606,0
38226401,1
26914462,3
38884513,0
34006847,1
17758442,0
6194865,0
9050408,1
30408098,3
37127292,1
32295879,2
36400683,2
17218151,3
4917893,0
9099523,0
34718095,0
35707214,1
34878405,0
37140933,3
17432157,0
18039190,3
13113726,1
20445060,2
27490714,2
31372778,3
39956663,4
38398029,4
39684365,0
1292817,1
31187335,1
31868441,2
33153606,4
2461964,1
40062073,1
13319442,3
25069246,0
33722336,3
24210700,1
39148477,2
38809858,0
23402882,4
34938686,4
24757879,4
33739182,3
19206459,2
17076141,3
7544258,3
21221595,4
17600942,1
18492273,4
30550812,4
39808573,1
20266163,4
29289288,2
1085852,1
29478684,0
19859827,4
35113081,3
17434399,3
18478287,0
27720034,1
22781227,4
26441492,2
10069336,1
34850315,1
24187487,2
33016142,4
30662112,4
25594970,1
28226308,3
9149151,2
20220990,1
27595349,0
36963406,3
10771163,2
15471233,4
30451190,1
7465889,1
5653088,0
23175978,0
36097275,4
32566188,1
23699870,0
8916028,0
7273841,0
36446729,1
35569447,0
10272612,0
29458653,4
25264279,3
33391736,4
37173122,2
21972020,3
39541722,2
38670267,4
21797181,4
16714617,2
34386096,0
9682328,4
27664896,1
37441218,2
27369247,4
21454299,1
36707916,4
18638499,0
28037248,4
3421290,3
31465161,0
5704590,2
32157517,4
6471081,2
21245219,3
22905129,2
35994465,3
3026678,1
13851757,0
27350944,4
24913505,2
25163023,1
37351733,0
39214484,3
14015152,2
38535456,0
36144981,4
24406692,0
33866352,0
13098457,1
38726250,4
14281251,1
18087720,2
26874346,1
14149210,0
23929778,2
32081680,1
10539373,1
34481169,1
14151021,2
4393340,0
5690888,1
25752315,2
25741655,3
1075652,3
33889584,3
28833593,0
33852378,1
33443233,2
12917792,0
31508043,3
39732495,2
34923628,3
35665838,0
33199172,3
37583078,0
30580301,4
33027992,1
38569603,4
23578396,4
17935660,0
5322027,1
12554085,1
19896733,1
39550050,0
29616749,2
22703385,2
27517425,4
32876962,3
35959358,3
980932,1
22356567,4
30713927,1
639949,0
29183653,0
25328663,4
28886558,4
13003949,3
28636741,4
15736578,1
22913012,3
4119813,1
28573545,3
27094838,4
8990600,0
36939522,4
6889785,4
39533452,0
5143593,1
30141853,2
17921455,1
23148216,0
23006458,4
37910443,4
8579098,0
31708990,4
5770944,3
26759339,4
26720307,4
14149613,0
35954990,3
27820713,3
4449261,4
33001507,1
33261630,2
15604475,2
23228276,1
19298147,4
19140431,1
16096754,4
27391006,1
35196065,4
28859183,4
30522672,2
2543672,0
7987269,3
11096134,4
23310864,1
26747692,4
35841701,3
33577192,1
35046437,2
4225927,2
17124365,0
37296209,0
32704725,4
35702936,3
34803766,1
27609865,1
19037116,1
36228516,0
29487090,2
2591845,4
32006771,2
34121294,0
33322435,2
11067916,3
26223951,1
25024203,3
15790691,1
19646716,3
12657867,1
22551408,0
38932722,3
16485237,3
11541824,3
29832160,2
10364818,2
11856815,1
30554114,1
38902553,4
16464015,3
19204776,4
21704646,3
16929639,1
34272186,0
34016106,0
32583125,2
39007820,1
23857535,0
27212153,4
34301581,1
39509392,2
10977114,0
29651027,3
36190751,1
8346164,1
15756285,4
34405649,1
23143513,2
25750247,2
1210118,2
32617086,0
1150581,0
13345284,1
25266999,4
1241893,1
26488279,0
29322824,1
25025299,1
3562441,1
38702364,4
31676473,3
38641162,3
35108617,4
19129106,4
33987864,0
11154634,0
37753671,4
39120934,4
30356069,1
7749914,1
31618733,4
27954926,0
12308028,2
13295205,1
34842697,2
33582424,2
37827808,1
28464886,2
24618648,4
39874047,3
15825241,3
12364981,1
23679318,4
31076197,4
16591082,0
11465158,4
35183140,4
397125,1
8440824,1
31565901,3
3324733,0
26575661,0
22675840,0
20409518,1
14572999,2
4665342,2
35152137,4
38213595,0
3642748,0
38625435,4
39003982,4
5230699,4
20432419,4
37132594,1
38256373,1
29317526,1
39256233,2
22284018,0
15272918,4
5385959,4
12796443,1
9919342,4
7010551,1
34253933,1
1383863,1
36387302,4
17202243,1
15007867,0
31453414,1
34108502,2
28313984,1
24914735,4
4516358,4
26470476,0
39205979,0
30254023,4
14344474,4
22452512,3
39662811,4
24415638,3
28354567,4
28274133,0
12353996,1
15864846,2
27957569,1
39425284,1
27046448,2
13238566,1
32378308,3
219215,1
39638324,4
27389165,4
28730805,4
9752017,0
11195140,4
28316119,0
35510972,2
38614156,4
25506527,1
19645527,1
33763621,1
37034308,2
33748040,4
33535386,3
26869977,1
33113031,1
35896970,0
34418667,0
34241050,0
34846503,1
32328192,3
31189199,0
4095749,3
29521027,4
38658574,1
20981691,3
32378647,4
40101329,0
21110713,4
19074645,4
21665629,0
5084934,4
32587183,4
39144482,3
6998366,0
17042602,2
21790459,4
37730650,1
18492000,3
27377142,1
17350774,1
37450334,3
1328041,1
4107070,0
29745032,4
32936373,1
14764873,1
6689935,4
13633521,4
33270673,0
6315501,1
30364958,4
35797523,4
32742250,2
20701484,3
10390537,1
17128029,1
15598867,3
19996940,4
19962300,1
1621806,1
30211966,4
34481924,4
33273792,4
30583738,3
21054359,4
26885143,2
37121222,4
27025359,0
7057450,1
3080450,3
29250319,2
27830650,2
26762740,4
23483503,1
11413657,1
37206973,2
34040241,2
13278959,0
19316985,4
7954784,1
5452648,1
25918393,1
10925507,2
36980910,0
36457040,3
6515160,1
5881615,0
10953060,1
5091914,2
22333700,3
33619895,4
10839836,3
25583468,1
38797281,0
24447994,2
38197722,4
22458192,0
7632589,2
39447362,1
12322065,2
20941428,3
17086289,4
29443216,2
16121425,4
38450320,0
38718190,0
18174401,2
21259988,0
20110732,0
25952922,0
10447010,4
22667298,4
2170228,0
40004639,2
1959744,4
5384632,1
35263440,0
31751230,4
22605344,0
19165751,1
38947658,1
33194533,4
19439961,0
37462656,0
13822642,4
37735296,0
35049873,4
32285022,3
23130008,4
26558688,1
15828312,1
4063392,4
12408414,0
4537355,1
16359052,4
33047762,3
38133980,1
7200606,2
27624166,1
39150996,1
23265920,4
35749955,1
35350065,0
40049320,1
28641210,1
3833717,3
28195586,4
8724729,2
21052946,3
27735413,3
31954983,2
30429608,3
5507156,0
24012547,0
27031629,4
23689357,2
32425153,2
25829049,1
35704722,4
29860814,1
4103085,1
37346269,1
38558171,0
24881554,4
9504937,0
16745487,2
32302687,2
35228982,3
24411931,4
29261917,4
8495786,4
34779058,1
19622241,2
17920147,4
7778809,4
36437397,3
28746247,2
39907708,4
383760,0
38242445,1
13304136,3
27004888,1
38729081,1
33260651,0
23290114,3
9850973,2
34846713,0
17015490,2
15993006,1
8904318,1
37502545,3
37354022,4
30660619,0
9671530,1
33272162,4
8686225,0
18295751,4
8327365,1
39905822,4
39060386,1
26449057,4
14827983,2
22244642,2
33697530,3
18431821,3
31982284,3
38733897,3
40071165,1
1596963,1
21032497,2
38928949,2
2801154,0
29454595,3
17116718,1
40098680,3
9390536,1
25766209,3
28233766,4
2940948,1
24804527,3
27027316,2
34812542,3
30009948,4
27732965,3
747781,1
16030923,4
22298050,3
12934699,0
21506864,3
26489449,4
30891094,1
16719263,3
6075974,4
38562144,3
14395115,0
4947290,0
39658549,1
34126448,4
26513125,0
30647997,1
38130054,3
6256183,4
30486773,2
28873486,0
28011551,3
32280480,2
12320143,2
9091073,1
25258755,4
34544925,3
14787461,0
11068198,0
32315491,1
15305787,0
13127045,1
24604983,0
21677964,4
13639461,4
23636077,0
40063317,2
30674777,4
40090673,4
8281762,1
31967010,0
31381183,0
26858129,4
11315259,4
26652845,4
35311269,1
16505456,0
22347357,0
16909779,3
37590721,4
28616679,0
26342588,0
39781172,2
31121026,2
19956622,1
30900003,4
9292169,0
16818338,0
17913377,3
3665414,4
36632745,0
18082319,4
33455463,1
37883476,4
23188991,1
30133505,4
23020520,4
34857737,0
11794466,0
38341323,3
36427800,2
38094679,1
19182912,4
22788770,1
15791553,3
2717282,0
37087613,4
9702933,2
30397874,2
22115831,1
1504729,1
20804956,1
2942940,1
4702274,1
13068043,4
17683701,1
19349117,0
7270022,1
31421283,1
38658041,1
36684140,4
32389221,0
11035076,0
17023170,4
31714221,4
8892831,1
27178126,4
36662624,3
40007815,1
18221294,1
30695709,1
35663130,4
35990123,2
38470092,0
36958314,4
3824179,0
13797624,3
16957167,0
39738285,1
14804291,4
39188888,2
31758913,4
27434569,3
11651553,4
12715804,4
13774397,1
5306756,4
19371849,0
21870618,4
29179670,4
15098431,4
36134850,4
3606743,1
12098559,1
38919565,3
27910855,4
25771516,2
32043124,0
28988072,1
11657614,1
9372456,1
9767585,1
30961846,3
15870443,0
29043771,0
34964426,0
11302487,0
21448929,1
30036303,0
32762924,0
39329309,1
35330808,0
3244876,1
23439131,3
38446908,3
34846325,4
28439394,0
35614466,0
34244191,3
9946760,2
20470970,4
11897597,3
19349902,4
2875767,0
18609513,1
21952175,1
4894976,0
25634624,0
27286275,4
2063412,1
25513698,2
33168099,3
30682836,0
15266818,4
32646389,1
32548708,4
30149776,4
22069727,1
10075065,4
35748549,4
8225460,3
28818036,4
11927604,1
3976795,4
39203384,0
20360293,1
10202306,1
8858145,0
1876131,1
31898989,3
19215847,2
35752388,4
33434990,3
19865964,0
36213883,4
31219359,2
16592420,1
5764664,4
16351436,3
19264922,1
19058985,0
34596576,1
39934802,1
21860661,4
13566747,4
22565311,3
5783516,1
30753390,4
29015221,3
38427958,1
25318639,4
26473885,4
3375375,4
17184225,2
19242826,0
20528081,3
36487527,4
30370110,2
37886785,3
18592785,2
31119510,3
30979092,3
11641435,1
21747260,1
37372401,0
34885107,2
23009552,4
19109158,1
19289291,0
19166126,4
20849316,0
13674792,2
36975738,0
10400139,4
25045483,3
39379805,1
23184263,4
39969218,1
19678342,2
5481686,1
21996288,0
27645132,0
38879220,4
39499959,1
33353855,1
10850052,1
16687433,1
22076449,1
33030056,0
36028382,4
18174883,4
11618913,1
32529073,2
30655847,1
19134404,0
29343107,4
6630645,1
19440322,4
18880625,2
34108696,3
37246630,4
26243682,2
38944814,0
29064053,3
7589238,0
2768188,4
38552285,3
36046230,0
35143596,3
11130831,3
26430607,1
27646065,1
34781904,2
35096360,4
17697170,2
25417713,3
10110083,4
1521058,3
30412340,1
28619045,2
32188352,4
14222773,2
38819570,0
28668698,1
11611849,1
855514,1
35948293,4
18301980,0
3907611,1
8901996,4
9252688,3
35260742,3
5136611,1
32971485,4
26345196,0
36068832,4
37106475,3
20461772,4
18232150,0
22387024,2
40039457,4
17831211,2
11982341,0
38963822,0
7222382,3
35502121,1
32203982,4
37341764,1
36410373,1
1448429,1
39348496,2
24440960,4
35261588,3
37885882,3
33412974,1
18236155,1
25249259,4
33681855,1
34757803,3
37335938,3
39557313,3
25726924,4
20579397,3
24234034,3
35397621,4
30662570,4
13025332,0
20199962,4
37528077,1
30815468,4
29929639,4
24941765,0
8060397,1
30121441,4
4707296,4
38994930,2
34485056,1
33527030,3
34445692,4
1212108,1
15486711,3
26801068,3
22806065,4
20551104,1
7698716,0
38609421,3
39257652,3
20870812,2
26894144,1
36794592,2
31836695,0
9964911,4
25770880,0
27912764,2
5498060,3
29733476,4
4605929,2
34598298,3
1491796,1
39646631,0
35090521,1
37232387,3
23023878,4
28211280,2
36723003,3
29338190,3
34369849,0
5041682,1
24028925,4
702986,0
21226708,1
5156663,0
12332195,4
1189253,1
30253198,3
4733838,2
11087553,1
36786056,0
20922979,0
35659578,3
23343370,0
37095012,1
21430900,1
10570560,3
35620823,4
28327150,3
36140143,4
6462684,1
10868473,1
14176833,1
23567674,2
39304995,3
17658399,4
21705098,4
14628486,1
34386221,4
24560173,1
24865844,1
36269546,4
1053928,3
37317496,4
9533179,1
13224920,1
35515975,2
6846829,4
8806101,4
13346021,1
14178517,2
25733955,4
2825520,4
27899293,4
11025700,2
38597378,4
24892904,4
20121664,4
9635913,0
18214743,4
29478400,2
16265602,2
28489149,1
10682806,0
17639142,3
24467748,3
26658175,3
5825653,3
9458110,4
30174526,2
24597661,4
28997445,1
38050084,2
18840174,4
25395175,1
29911230,4
38576589,0
39309227,0
2672635,0
35726924,1
9097441,4
15247628,4
37112548,0
2005540,1
21298772,4
15860074,2
22794884,0
3749512,4
20285906,0
3405626,1
29983059,3
8971074,2
5690147,0
36033021,4
7857868,0
12601316,1
33848197,4
16943988,1
35725478,1
23607525,0
33969754,2
34229641,4
24488927,3
11029014,1
2171733,3
22862658,4
30948997,3
16342777,1
10985157,2
20114653,1
32037190,4
34132663,4
18005861,0
30922736,4
35750140,2
28335194,4
4642423,1
36631462,2
10984471,4
31033468,4
34709927,1
39628043,0
28214895,4
7017990,1
27048702,0
39987703,2
27765166,1
8781024,0
34180674,1
22657874,4
21854364,1
2401117,2
1049070,3
13901185,1
29194082,3
25196721,2
34253425,0
15231870,4
19224300,3
37346463,2
12341496,0
5504498,3
36666353,2
18295595,2
27428008,4
5360050,1
9298820,1
27425443,1
39288354,2
28255133,1
30610579,3
25291506,1
30125939,1
34996508,1
35847399,1
4039354,1
29474143,2
37408133,0
25678204,3
11488558,4
37199288,4
31745159,4
31317312,4
22280167,2
26593944,3
8211386,1
22652762,4
3252383,4
30142149,0
31740909,4
6413891,0
29729356,3
26719449,2
18722046,1
9761116,0
32751576,0
25051362,0
28679718,0
27578674,0
30028841,3
36277917,1
28677657,1
27339940,4
16474171,1
13303464,1
14161331,3
31649871,0
33167079,0
28859300,4
37280467,2
15856429,2
28066142,1
37698554,0
14942343,0
14268056,1
39690258,3
15980196,4
25337092,0
21870807,0
23067585,3
5540510,1
11731392,1
3610084,1
39130288,3
168559,2
30150817,0
24525421,3
32940613,4
36676594,2
21756477,0
3040356,2
21617249,1
39527176,4
5768656,1
37303345,4
16747459,4
20023986,0
37516409,0
13493477,2
27912930,4
19742385,1
26549542,1
39700636,4
39261819,1
16455934,2
3601210,1
29060281,1
30801715,4
13019203,2
15405460,2
24428211,1
39564909,1
28246938,1
31259868,4
3647771,1
18146905,0
39965297,1
5325908,2
21947762,3
12332611,3
35537895,3
9278858,0
34701974,4
34915544,2
12071295,1
1329115,0
27271516,0
19429393,2
25012575,2
28748092,1
12933895,4
10000441,2
10823008,0
13588516,0
33052429,2
27925358,3
3430372,2
20889242,0
39457792,4
5385344,0
36690737,4
11565313,0
28957894,2
24401311,0
34415182,2
26901600,4
33687249,1
16908655,4
34087082,0
22494116,4
25976804,0
31202918,1
15323480,4
27262728,4
25803822,4
17373473,1
30449035,4
31622013,4
26694381,3
16339550,1
37170313,3
10164351,1
7741878,3
15239418,0
25182083,0
24780600,2
13041180,4
39671786,0
15176764,4
13858158,1
21810272,3
38107344,4
24065793,4
12607241,2
25813037,0
13312498,3
19173937,4
11684354,1
10109848,1
19379968,4
29467489,2
13844158,4
32118266,2
20260228,0
16102358,4
9844014,1
19694090,0
25219326,1
23519862,4
38818846,0
6726521,1
19342084,4
25200622,2
16893713,3
24718209,0
36044972,2
36329412,4
14187253,1
33674665,1
32804410,2
27266187,4
26743793,4
2364945,3
29382049,3
24906313,0
29737279,4
34022501,4
21641649,2
17095359,3
34386802,2
37880196,2
19615944,4
27163432,3
26818572,1
3909639,3
11570455,4
32613452,0
23155642,4
30285039,1
38132019,3
38233245,0
17033094,0
26233100,4
32402665,1
29240510,4
34903082,3
19873141,0
34063192,3
33350996,2
26383634,3
39448079,0
28273344,1
4718520,0
21211572,4
27340913,0
11313568,4
23067686,4
38977550,4
38008389,3
8554282,1
17261551,0
33145191,1
11851819,0
8539628,0
37391472,2
20916800,1
33699680,4
22312852,2
34771090,4
16759035,1
27756552,1
14134783,3
12050460,3
14284492,3
7087395,1
29837715,4
28502508,4
32609158,3
20844602,3
8514017,0
20836081,3
33908570,3
33486224,3
39555782,0
21972690,4
35607270,4
19464813,3
25778723,4
28225600,3
6769565,1
24198753,2
2956076,1
31480011,2
22845247,3
30623995,2
11863759,4
29111801,3
36994851,4
33120123,3
7186961,0
24346903,3
37913921,2
37056533,2
16990812,1
5436540,1
22682543,2
27914827,1
36579629,2
26385984,4
28097661,4
32130954,4
12665971,1
19379345,1
36972402,4
7346342,0
30542997,2
12984205,3
38349387,2
36461901,4
39948448,1
34537335,4
22423626,3
19031299,4
35368418,3
20324103,1
14049048,1
29209007,2
2330278,1
35470446,4
18809962,0
21471672,1
31111650,0
10682719,3
29550776,1
10121861,4
14124311,2
29175581,4
38166313,4
26199354,2
39057333,4
7438666,3
32764536,2
17324517,4
15841969,4
13757734,1
31593811,1
12225392,2
31279843,1
33662222,2
19655407,4
13089022,4
24228420,3
32720873,3
27365402,1
18514719,4
34079680,4
8014343,0
37259543,4
36672021,0
33235135,4
31432013,1
37143235,3
18482786,1
35566678,2
29794126,1
13277004,2
10671841,4
22932324,4
39673720,4
17118714,1
36327618,2
11352047,3
17941083,3
39888821,1
37851014,0
21896685,0
19666772,4
37094707,4
23390033,3
38768129,3
35102838,3
37014652,3
9405399,0
25859496,4
30154970,3
33808135,3
31517534,4
19561587,1
22473370,1
12880158,0
35436129,1
39969896,4
25429445,0
21192230,4
22315678,4
34049790,2
37643520,0
34656477,4
31601820,1
32606743,3
33712530,3
34260259,3
35336132,3
29670110,0
12613787,2
26106358,2
38232834,3
38687935,4
35908786,1
22815822,2
19152355,0
35298554,0
33158219,0
22619681,1
30872748,0
20482381,2
35032571,2
3351963,1
7766445,2
22205954,3
3635073,0
39421500,1
32227824,0
10792736,4
31719831,0
20295134,3
37795044,4
30986106,1
12150491,0
12954969,1
34382149,4
24361505,2
19939189,4
24273517,1
31210056,1
2882060,1
28615264,2
18549236,4
34102891,4
24231285,3
36619359,1
22106425,3
36547260,3
32914033,3
18123325,1
37145734,4
35958446,4
9547460,0
5315537,4
9900137,1
22349741,0
14037882,4
21629727,3
27582796,2
27543458,2
1400537,0
18396172,4
40111822,3
29062319,1
31211832,1
34132332,4
39284989,3
8380046,1
33336080,3
9727429,0
21424463,4
15852436,4
35565250,2
25772750,3
34495762,4
33824764,0
22738922,1
22806226,1
7693273,3
37297266,0
25444198,4
24468741,4
39784483,0
37131947,0
30918710,2
39548099,4
11155342,0
32350485,2
35756562,3
23123759,2
28698419,2
24849655,4
22605575,0
16146966,2
16128128,4
37296866,4
20103730,0
7186134,0
37077154,0
20921889,0
30722467,3
13248569,0
33341394,4
38061876,4
26049459,1
6301249,4
28059054,2
29823687,3
4495223,0
30643194,1
38976411,3
25798071,4
6961212,2
37146322,0
25866765,1
5436122,0
4106546,3
21023423,2
17290854,1
27456185,3
5472818,0
2690324,4
26922088,4
32018172,3
4882377,1
36925982,1
28433036,4
32622935,3
19451544,3
27819713,4
38100729,1
31635140,1
19873620,0
37671720,2
11387001,2
23215177,1
21677347,4
13331419,4
38372560,2
24680216,0
7258931,3
26197292,4
21922015,1
14538887,4
10544928,4
5129794,0
30847903,0
36365542,1
14335832,0
38310086,3
23787043,4
7760837,4
8318766,0
28612607,2
39008407,4
13955319,2
30979817,0
25625100,2
16491781,1
33833291,2
3800530,2
12644826,2
36871638,1
25733694,3
13341780,1
35765341,4
35832475,4
19401749,1
37789409,2
26592540,1
3853703,1
21881749,0
17782744,4
23256340,4
18795352,2
25435540,2
22871350,2
35278217,1
16953251,1
22155626,0
19426759,2
33345995,2
9358749,4
33727205,3
9986340,4
23546656,2
32317241,4
12804239,4
27162395,1
36576063,3
7003821,4
11665411,0
14004457,2
3345199,1
33114155,0
26948405,2
2894668,4
30144020,4
21556115,3
10846061,1
20935675,4
4371004,2
28134919,1
12620748,1
21997347,4
15169663,4
10042578,0
28562966,4
28616143,2
21152430,4
29332424,3
33383573,4
34649399,3
21936588,4
31012799,0
38236351,3
26442394,2
39848610,3
22438238,3
10165756,2
33279287,2
78799,1
11531531,3
12043522,1
5027352,1
11788565,4
27452754,4
17602455,2
14043431,0
28825116,4
39323666,4
34075491,0
13937176,3
24003450,4
35223118,2
28666995,3
14320396,2
7538587,1
6254713,3
16220263,4
15930291,3
15178640,1
23921090,3
14217466,0
21189346,2
16551998,1
18166417,4
29030529,4
32553661,0
37718683,4
36893767,3
31657017,1
26594163,1
5614992,0
4827303,3
3949772,2
25559202,4
26867730,4
17085021,0
5159238,4
21459349,0
29592042,3
23090151,2
39001152,3
14949090,4
2375956,2
29850602,1
23411836,4
15771424,4
22444607,4
9566592,3
29395105,1
3271639,3
3835083,4
1752902,0
17508544,4
32895729,4
33391624,3
36461054,1
16882965,4
24190137,4
28519444,4
21067462,4
32911481,4
7410182,3
34348113,4
32725823,4
32368888,2
22393783,0
34771564,3
37170927,0
3274114,4
36534351,4
39752819,3
22857889,2
32653137,2
15481914,4
5941622,0
30685462,4
22098932,0
26907640,4
34740768,4
35305162,4
16351654,1
39821177,1
8955274,2
35736250,2
25611832,0
29043138,0
10322653,2
15054095,3
16762637,0
30993445,3
30166105,2
29616487,2
29810464,4
29702424,3
21707330,4
8706631,1
27836146,1
10101540,2
13409239,3
30276499,3
9523603,2
39144325,4
39228698,0
22413568,1
35872981,0
10877734,0
32989059,0
20339390,1
37280435,1
30041679,0
1469614,0
26966221,4
39864184,1
10232465,4
31846335,0
15147189,0
2971381,1
739289,2
38117131,1
18838994,3
33416398,3
30055267,1
26089518,4
8130905,4
40099711,2
7829768,1
10844331,4
24261973,0
33444061,2
7051756,0
18696231,2
21615158,4
11890781,1
28667479,2
20797700,0
15893153,0
35910253,2
22567373,3
21263766,4
343204,2
30861156,0
23094616,0
4771754,0
38297292,4
27666008,4
30142863,1
6115066,1
31630260,4
13131139,1
31708737,1
38309707,0
29216804,3
35018628,4
14781895,1
35160710,4
8467683,3
17015610,0
38845012,3
29695657,1
24411180,4
2057921,1
13194542,4
18340528,2
14278370,4
14522757,0
29941757,4
38975770,3
38318011,3
34044266,0
36880860,4
27700625,3
32581569,0
24327313,1
37416978,3
9492355,2
3000646,0
36670851,3
33266577,4
33049814,4
16727171,1
31626035,0
10569846,2
28960249,4
27754231,1
38836591,0
34886005,1
4208390,1
21038210,2
21649841,4
23583840,1
33420068,4
11884635,1
18753341,2
39106532,1
1576784,1
36017135,4
18759765,0
11541454,1
15312732,2
14470504,0
1482308,4
7081567,4
18552242,0
37773719,2
34539959,4
33182632,1
10074325,2
22969817,3
26135386,4
15157502,2
36789677,0
6493876,4
2527992,0
11914083,4
33987624,3
40096197,0
20487981,1
32983085,2
39969021,3
24754016,0
21544372,1
11352199,1
20636036,2
20065164,1
27791255,3
18269786,1
20638206,0
3893599,3
8292948,0
20012920,1
35643306,4
36043951,4
18506586,0
35214455,2
30677288,1
7314942,0
37121110,3
613246,1
6143952,2
28526827,2
21791957,1
16315645,3
16538883,4
4277243,0
12217462,1
3887944,1
37150345,4
7396071,4
13696883,2
36485098,0
36573764,4
36288746,0
508183,1
21083924,3
3996904,4
3348594,4
20575347,4
23056805,1
4610717,3
39438335,0
24057943,4
30621772,1
25865975,3
20154766,0
19421538,0
893984,1
656155,1
39875322,0
14527671,0
31115016,4
18393543,4
36293801,4
16783597,0
34507234,3
14145371,4
25422733,3
24341701,3
21500737,1
37414213,2
37584942,0
39972261,1
6510333,1
31928942,2
37361069,2
35393379,2
28483471,1
20997957,4
38230117,4
38665093,2
15661465,2
12517649,1
28113433,4
34785467,1
8535997,0
18229875,0
31288144,0
33642846,3
30124608,4
34265102,4
38238,1
976506,1
24983212,4
26626815,0
7378427,1
39418419,0
36112600,2
21381096,0
27262473,2
34123173,4
8728854,4
30910443,1
10919823,1
19034210,2
4289937,2
27482976,0
35531105,1
12083158,1
29888002,0
19782975,3
25813789,2
29645055,4
37281200,4
7848573,0
33704780,3
38708775,4
35256779,2
10962922,2
27461677,4
1952379,1
35596501,1
34444681,4
29884453,1
27443143,1
37794648,3
32254920,1
17688155,3
28179026,1
29711531,2
25716808,3
6179617,1
29972842,1
39032103,0
22946719,1
34821534,3
28762951,3
10091271,1
2905987,1
27062908,4
2219316,1
24210256,0
34838946,3
17781448,2
20616705,0
13588024,2
19782336,4
5058830,1
27833489,4
37719889,4
38346542,3
29261991,2
14184105,4
3692697,2
12353608,3
31183788,3
10157678,1
8094760,2
15987690,1
14845789,1
30301011,0
1483024,1
32972422,3
7833106,1
8654869,4
25299497,0
30769867,4
1686292,0
24192984,0
13793270,0
10822486,0
12814667,3
12022105,0
28799952,1
30353804,3
25199291,0
4835611,1
17606149,2
20949204,3
28968690,3
21052973,0
37766612,3
25284292,3
34278043,4
5259161,3
26145678,4
38363262,1
32622219,4
35512199,2
30871384,4
34081037,4
10134253,1
37865177,4
23701148,3
32218520,3
28576540,4
24409698,0
31597203,4
37749759,3
39939716,1
9208867,4
25072115,0
29226021,4
30294712,0
11475885,1
23199578,0
33447680,1
32878574,4
33401428,4
16684595,4
16017034,4
39379616,4
38309109,3
37088933,1
21341702,0
36150434,1
30327595,4
26162613,4
38645607,2
19966557,1
22335894,0
14777066,3
14559101,1
16931536,2
19127704,4
17349928,3
36847447,1
9093059,1
22546431,3
6765886,0
2632199,1
33312584,4
29149466,2
13321398,0
31396062,1
989276,4
36956477,1
38261366,2
10706231,0
29160503,4
31190802,4
35369096,2
39058034,3
32851393,4
23079208,3
15192637,3
3903432,3
10860920,1
33826441,0
9814577,1
31192007,0
919927,0
28166784,1
755777,1
20317170,4
37522105,3
35867326,3
27018426,4
38454207,1
34484986,3
32059419,4
35007818,0
10134690,0
31440201,4
18706701,1
24970265,1
28432987,2
18683097,1
39435820,3
29078645,1
25386012,4
26032287,1
16426712,3
21064299,3
28641553,1
16114391,1
11022201,4
14359730,1
31589409,0
13635000,4
5583596,0
20121390,2
7110604,1
1293828,1
24297042,1
24637763,2
38288914,1
27806825,4
13017101,0
36243916,4
15404256,0
15420752,3
32707261,4
31764970,0
1351209,2
33977077,0
8361019,1
38131287,4
38932835,1
18688908,4
21273602,0
25247364,1
12352674,0
811306,1
31930789,4
13519774,1
37058567,2
26736220,2
1993243,2
32641480,4
31941532,4
32042775,1
37610140,4
28372127,3
10460088,4
38806453,2
36529788,4
7951804,0
7856853,4
6769782,0
34976671,2
27138039,4
7058494,3
28999591,0
18481531,0
24149597,4
14320068,2
1268899,0
17338309,4
17794241,4
3924414,0
31222249,1
38540208,1
690688,0
36497579,2
22189227,3
15116899,1
36958031,4
29309116,1
25791176,0
29433243,3
39877278,0
36185081,3
8741997,4
36426910,2
36722578,0
13992785,1
14773980,1
21769271,4
37032262,3
21592313,1
23328908,2
29686331,2
39026418,1
17070822,2
23263599,3
37595414,4
31374835,4
20725699,0
13962529,4
27987298,4
8000490,0
29765311,2
32027997,1
10038731,0
18163301,1
9860680,3
26184977,1
26948809,1
20483223,4
32978233,1
17425505,0
28599883,0
21369137,1
32884319,0
36585811,3
24045429,0
33458613,4
18432380,4
13369384,2
21946174,2
32063363,1
35350200,2
12321178,1
24964081,4
30961640,3
4291880,2
13327213,4
24149496,3
22387883,1
19890626,3
21485318,4
18531483,4
4372129,1
33101465,4
21769390,0
36988859,4
16812858,4
14017015,0
17877870,4
15039211,4
18935037,3
13122615,2
19719413,1
35620206,0
39551658,2
31247313,1
3184128,1
28203126,1
26863537,4
38689205,1
33248223,1
13948176,1
5228972,4
12843909,4
36750580,4
23689183,3
35137320,3
38066785,3
34916062,0
4048789,1
21693593,0
13238433,0
23412912,0
39998262,3
2959109,1
34474411,1
33763133,4
4473531,1
17285163,3
10003751,4
30990654,4
21453284,1
29960982,1
30514599,0
29160422,3
29991041,2
22856169,3
10915691,1
8826099,2
31335415,1
19963352,4
36850866,3
8794085,2
38044103,4
31032507,0
9062917,4
14996264,0
26163470,4
4138522,0
39340339,0
7349678,1
36098619,2
10609683,0
19743512,1
40070216,1
30545655,3
14296531,1
39650869,0
4241632,1
39065129,4
39858802,3
35634286,1
5663508,1
36404051,4
27753538,0
39965946,4
37437869,4
24410469,3
19713411,3
5503820,4
2613105,1
35738854,3
23005080,2
9868792,1
33382766,2
992169,1
15750711,1
29805186,1
5448257,1
33733880,0
4206393,4
2940858,1
39454770,1
33621399,3
6318347,1
34764065,0
1247284,4
38470929,0
37301682,3
16651859,1
9782865,2
15786525,1
22362010,3
28268878,4
14450645,0
18253401,2
20362993,3
34786935,2
13462587,4
26857515,4
25160171,1
2005956,4
8215419,3
3359614,4
34030438,0
34981727,1
25755504,4
21902861,0
15555135,2
9630569,1
18751352,4
11802036,3
26713799,0
2304712,0
28704274,1
1826761,3
35413618,2
24493773,0
4999233,0
31166943,0
25230754,4
30736627,0
17794998,1
29021532,1
27110140,1
39704362,3
24643338,4
26647535,1
34209203,4
4082533,4
35731855,4
10302986,3
7660542,1
22994423,3
34293879,4
11412290,1
21362489,3
33896776,1
15105098,4
14913153,2
36875978,3
8139721,4
17949475,3
27473526,1
33394238,3
27088991,1
22854756,1
14793687,0
29893688,4
8044737,3
36563878,4
31683721,4
17277002,4
30885351,1
13532531,4
23170764,3
26928672,2
10525903,0
8615256,1
34846130,1
24546073,4
27928704,0
39128713,3
17405682,1
39623506,4
9249151,4
39125370,0
14292636,1
27276135,1
31233040,4
14303376,4
32022158,0
32916313,4
34580878,3
1096912,0
29036924,2
27669791,2
24483050,3
7400601,1
26568207,4
35958075,2
19620736,4
25230392,1
34009393,2
33020520,4
28680636,1
24709023,3
21310559,3
7427898,1
9636617,1
6620471,3
35317410,4
24416500,0
15768483,0
33855901,0
21009439,2
37510761,4
9365928,2
26029436,1
38150251,4
30009896,4
31056070,3
6661005,2
40118638,3
28884140,1
14840524,2
28023996,0
18242617,3
34994083,2
34504970,1
14589642,3
20244774,0
8903730,0
32917290,0
33449775,4
21746750,1
3077740,2
3776627,4
12698834,2
38414292,0
26188677,2
31692262,4
35220342,3
9224895,1
35759806,0
26049590,0
33582653,3
28902308,0
33545642,4
18926102,4
14591568,1
32245625,4
3005632,1
20835977,1
19532402,4
34838140,2
35000152,0
15468709,4
29439183,1
25357667,2
8646496,4
21307944,1
34705880,0
21529266,2
13093951,0
13540144,4
31041670,0
29963144,1
24176012,1
39135330,3
12395796,1
4340607,4
19783631,2
24550084,2
36297617,2
39419932,1
26859795,0
18168978,0
25085908,1
26614724,2
38532522,3
39062891,1
34470501,0
17689806,4
18170128,0
2793641,1
37562391,0
39080153,3
20388759,4
34683427,3
34009322,2
31791501,2
11269862,0
22212893,4
35488997,3
37542700,0
30068807,2
21463062,1
23523398,0
38079916,1
21758560,3
21976154,4
19570800,4
8669123,1
27578027,0
39378552,4
38876816,3
39526716,0
2677545,0
6639247,1
2461320,1
33203366,2
39455997,4
28420441,1
16301318,4
17735077,4
176213,0
34093098,4
24027277,0
1517959,1
36364346,4
39629393,4
28208298,1
38352565,0
20171117,4
9365396,0
6877326,1
38531078,0
9651940,3
38069516,1
30542984,4
33794115,4
39290901,1
37871296,4
1970495,1
4140634,0
10407790,4
16241708,3
36303761,1
31695693,1
38491318,4
6009862,0
31417156,4
28641721,4
18967965,0
17722989,4
3497578,3
7873400,1
36511052,4
19324733,1
39375878,4
31375045,4
33580750,3
39635698,0
31251445,0
23319340,4
22692295,1
11218928,4
22162152,2
23767690,3
32818056,4
33856103,1
12877534,1
20021441,4
14204303,2
16235514,1
20622583,2
13619752,4
25754855,4
27131294,3
32424670,3
9338157,0
28914578,1
28072387,3
39839026,4
39032830,2
7715501,1
18732942,3
34394900,2
40079837,2
21323878,1
13342802,0
6712984,1
36846761,1
24207916,1
39926952,4
39545906,4
3745724,1
17814913,4
23558111,3
24352116,0
9813862,2
26578316,0
8352513,1
23723869,1
14483768,1
11312872,4
32873268,4
2209125,0
22392692,3
7180857,1
38591436,0
35828760,2
30116396,4
6719484,1
1781554,4
5079094,4
19987323,1
268930,1
23943379,3
2018058,2
28724610,3
10982705,4
16230984,3
18779313,3
14838061,1
26539279,1
19719616,4
36943197,1
37402550,0
13479337,0
2335384,1
17223852,4
31465199,1
35673914,0
25229272,4
1507082,1
10109700,1
27100961,0
27639037,4
15052142,2
24876329,0
1425414,0
32938487,4
38720527,4
32589475,2
3435589,4
7408865,4
27751072,3
19353484,3
37325888,1
27644360,4
14991002,0
13418172,0
18162709,4
8933877,0
13019617,1
35074011,1
21112129,4
32436723,0
30422726,1
31684873,4
3929646,1
13332872,4
12133144,1
36104412,0
38740215,2
767881,1
14167352,4
37155730,1
8217583,0
27073552,4
1228722,1
34937807,1
35369711,0
32719324,2
23350328,1
39926937,0
39661198,4
37647771,0
29267284,0
36429647,1
14600619,0
6307296,1
30963913,2
28506885,0
30174906,3
9200389,3
1321828,0
33177324,1
29936695,0
8668793,1
35235088,3
15263102,0
2571450,0
38327807,3
19621726,0
34232269,0
14140756,4
38248866,1
1848371,1
7962304,0
12023135,2
39529616,2
16252574,3
39846780,4
33503176,1
6500262,0
26276371,2
35356714,3
37619002,0
39093250,3
19573716,3
34382376,1
34316553,4
39989384,4
24581098,2
1059253,0
9578465,0
33240295,0
36924654,4
24447287,0
20352157,1
39832493,4
34866575,0
37097366,4
26018420,4
13635348,1
37549771,4
1423345,1
7686704,1
24985507,4
28905112,1
21467374,2
24846049,4
34540919,4
35373245,0
37979749,0
3116401,1
20189051,3
15757461,2
942902,4
8938442,1
26042559,4
8746883,2
37716415,1
33775255,1
15725653,4
29743329,4
2306115,0
26057115,0
11801025,1
37394390,1
23467014,2
15629098,4
26459760,1
18368057,0
40040427,0
24959164,4
29644569,3
1194963,0
10287021,4
21006124,2
25667722,4
13650214,4
24944627,2
24792462,2
34103338,4
11864673,1
12948964,4
10234999,0
32384312,4
25617039,1
21851502,1
14153210,4
15957484,3
17960441,3
24940797,1
17030445,1
23203947,4
32400719,2
24455553,4
17030238,2
31213869,4
15953983,3
26213710,2
24646461,4
3275324,4
21603353,3
10466207,1
34851614,4
28013560,4
15072736,3
4006854,1
24755006,0
10650089,3
13032183,2
21855359,1
21466351,0
21791164,1
31560850,3
20859954,1
21387655,2
10150041,0
34434302,2
20023867,4
35858347,2
36020644,0
27538818,4
26835407,4
37175279,3
38174116,4
19985560,3
7816363,1
1422880,4
23836903,3
25127701,1
12977174,4
17742673,1
9762157,1
29039643,4
15136435,4
31639336,3
24828629,1
36289389,0
34259746,3
38440700,4
10115022,1
31633091,2
26222641,3
35999535,2
13105915,3
29047600,4
26848795,1
3336087,1
34358808,1
17389932,0
6517793,4
4304837,0
39862281,2
35248068,4
11461044,4
11620697,3
9930232,2
32213955,1
32590746,2
26949273,0
26422594,3
9378772,1
37952055,1
28111696,0
4647037,2
23658776,3
35392217,2
29292076,3
39729787,1
18150043,1
11386562,0
11346002,4
32117949,2
16112688,2
38923478,1
22203635,0
7880180,1
11360479,0
919056,4
31922961,2
39238400,0
11329035,3
13259617,2
7458963,2
32767394,4
25017859,2
28442068,4
39864134,4
1313362,1
35204676,0
17986923,4
38365804,1
16308137,4
33432532,3
14168835,0
29069252,0
20914828,1
15225252,1
38137480,4
30644006,2
32685907,4
2418172,0
13940269,4
7785831,4
5743291,1
36988699,1
3000612,2
11375605,4
34870270,0
20345385,1
25822029,2
14608973,2
40095632,4
37691169,4
16995108,0
33878095,1
40001700,0
31844342,2
30195729,1
21970970,4
23659275,1
5579154,0
16338558,4
20882048,2
39053681,3
26380306,4
17348649,0
30125544,1
3877454,4
28990576,1
17870242,0
29349228,4
34159495,0
12282418,0
19524129,2
24461135,1
17627389,1
39803746,2
13001000,1
32313415,4
5367875,2
35371811,3
32774160,1
17734946,1
2901633,3
20832171,0
28092806,4
31052706,2
36628948,4
29322580,0
20925137,1
36636255,1
31584288,4
11954561,4
27406557,3
2917898,3
38967833,1
29847305,0
4246377,1
16594246,2
34244451,0
12846507,0
18122309,0
15515920,4
16069906,0
14289910,2
19738465,3
14513936,4
16417324,4
20858336,1
12409862,0
37843926,4
4996376,4
33176051,2
36902418,2
31255764,3
27353978,4
2853483,0
31778213,3
10200824,1
10171343,0
5367582,0
33515478,2
24747544,2
29041438,4
9982235,2
14678270,0
26428904,4
31927036,4
37532647,1
28860660,2
17789071,0
10432432,1
30867061,1
15467950,4
23935840,3
19712318,4
38780181,4
33554977,2
13201532,0
14400463,1
30148587,1
37585147,1
33153558,2
23988853,1
18721066,1
18437284,1
4170031,0
23548328,3
35919814,3
32054329,1
23784271,4
25697459,2
32337026,2
17569512,0
29517513,1
23072544,4
9243434,2
33103115,1
19188784,0
21062892,0
28247807,1
39172575,4
17822135,3
29330485,4
1150144,4
14742382,0
7719419,0
18489180,0
16701517,4
9612484,1
29469704,2
25923532,2
38564912,1
37570913,4
24635394,0
39230230,4
2833531,4
30773953,4
16136979,1
39339743,4
14955100,1
4937163,3
22865642,3
10904521,1
7051791,1
17793194,4
29091640,4
12587915,3
8485678,0
38344264,2
35149889,1
13823275,3
33244249,2
6798312,1
31339001,4
16396859,2
34225839,4
7655784,0
23406215,4
26071034,0
8758666,1
25597958,1
16489292,4
28571741,3
19008260,1
22139333,1
9390310,1
1096476,3
25943870,4
21169031,1
18783962,4
23305250,0
19204716,4
29694843,2
26673342,2
36169566,4
37184039,0
19136347,1
10775817,3
19583217,4
13395610,3
39836011,1
22597684,1
1985856,3
37391177,1
27471109,1
37212155,3
39493229,3
27190492,4
13545839,2
40115154,2
22551461,2
29671704,3
13105729,4
5887387,2
36032623,1
33981799,3
2515814,1
28627191,0
23110550,4
37028655,2
13893117,1
35066413,3
39889635,3
31146283,1
32370047,1
22456765,3
27744307,3
30643505,3
5614144,3
37442852,3
1133371,1
6157367,1
4272970,4
38589183,1
7979714,1
19555680,3
39344371,4
33799132,3
20104999,3
3790848,4
38426303,4
35118216,1
5480354,1
34163770,4
35625498,0
32100314,1
8362510,1
10873368,1
13663591,3
394465,1
23910150,2
6260777,4
7285746,2
9068625,4
7397969,1
33982167,3
16776721,1
8716801,1
28575070,2
22130602,1
16344076,4
31442693,4
29466630,2
4918458,1
17884862,4
15494574,1
38241517,2
21738882,4
24364666,2
16172810,3
15282614,1
38218091,1
30071849,3
29940869,1
30432228,1
5703456,1
19356736,0
37694908,4
35503922,4
3267081,0
21842885,4
3893576,1
39775055,4
12341468,1
34336511,2
25233749,0
31273995,3
32640029,0
11109458,4
24382417,1
34386971,3
12616074,4
3576071,1
18675471,1
28890220,1
9480436,4
4352244,0
18562350,2
26930593,3
39030037,4
15456475,1
11976498,1
21337090,0
39870912,3
31544489,3
37886596,0
5022237,1
30442794,1
24159654,4
20301338,2
39580066,4
31775295,0
39168281,2
18544396,3
15072405,4
36312767,2
39373397,1
34671217,0
38644532,3
14593515,0
18671938,1
38876353,3
28503770,4
22785484,0
776120,1
26978095,3
14701608,2
4909398,0
26193999,0
23668043,4
10947972,0
32232708,0
2945594,4
32791687,4
33991705,2
16413414,4
22796294,0
16044801,3
21708369,4
19701789,1
39377195,4
37624798,3
27709348,4
28347722,3
5426723,0
9247582,3
16621351,4
24540326,2
32643009,0
30525413,0
36707541,2
8258734,4
17389057,1
14453068,1
32843082,2
34909369,2
10129959,2
37976551,2
17350168,3
23017625,4
26288380,2
36297912,3
30960177,4
39118308,4
30514853,0
2918454,0
991926,0
2270345,1
24251959,3
4287019,0
25104372,1
29065318,1
32021975,1
39760579,4
18446522,4
26150337,2
26609824,0
21233089,1
11012981,4
34657183,4
26243592,0
38060292,4
12138691,3
18682965,1
9015248,4
39509696,1
19639939,2
35874743,1
9249717,4
34939609,1
26761734,4
1155566,4
14151657,1
13976836,1
35140147,3
32496906,0
33704925,3
38592324,4
33810617,1
14292271,2
1447422,1
13592166,4
7416170,3
24505638,0
24350967,3
25254093,4
33858344,3
35130192,4
33596363,0
36635607,1
26141287,3
21303510,0
25121535,0
4620009,0
34930305,1
3188925,4
34880843,3
7295639,4
34972485,0
26449835,1
25926384,1
24357358,1
25566781,4
28875296,1
16198539,1
33363622,1
20092850,4
34100440,4
13068551,3
23377182,4
11144819,1
29829728,1
21999810,1
30777897,4
34473682,4
31778444,4
9959769,4
21597071,2
32848603,4
32595980,0
31692269,4
37896509,4
23119031,4
37592168,3
6445508,1
36675489,3
25228175,4
31867543,0
24685790,0
37480487,0
33583757,2
35124724,0
1713078,2
38454914,2
21833348,3
25955833,0
17527869,3
13021743,2
6401167,4
11322250,0
21614941,0
38669125,2
29740808,1
39525993,4
36473744,1
32022971,4
38077925,1
39862663,1
21240195,3
25656715,0
30732102,2
19551589,2
25603555,0
32519153,0
7381089,0
1048831,3
2938405,1
30101979,3
26812617,2
16920504,0
26686002,0
26502641,3
844110,3
37507943,1
7744471,2
14801778,1
2539599,4
29526088,2
19391849,1
37901929,0
30577796,0
11822879,2
37369923,3
11579930,4
31426106,1
22148724,4
33085258,2
39630188,2
23388749,3
5461814,1
19199540,4
23301256,0
36736348,2
31851353,3
14589625,2
27832423,1
25693930,4
38839174,1
39662918,1
1024529,1
10344854,2
13307120,0
17534435,4
21210451,0
34758779,2
19847465,4
24313201,0
22894140,3
30873981,3
15537745,1
26423034,3
39990133,3
4845913,3
34402713,1
23490643,0
1939228,3
2597827,1
36653465,0
38961709,3
34045568,4
18469715,0
32774981,2
13269936,3
28282997,4
35917953,3
39827247,3
37062466,0
6298940,1
1913613,2
36963076,1
138029,3
1044473,2
39645125,3
22747235,1
27790801,4
24899772,1
9501894,2
30009171,1
1185775,4
37962113,1
15092537,1
38212118,4
2574080,4
12036146,1
29493591,3
19644702,4
33626444,3
26600753,1
22846098,4
20069835,3
33678423,2
18477414,3
19621955,1
32980633,3
1871549,1
31267366,1
35101770,4
39923023,3
34131285,3
18979658,1
25449946,0
17339827,0
17225638,2
13420988,1
34427964,1
34171491,4
31161500,2
25334334,3
11362692,2
26861897,2
18557407,0
4466489,0
2596069,2
37396527,0
30495979,0
39586613,2
1845681,0
15864353,3
14148210,0
4579908,1
7191337,1
17433910,3
12453279,2
34526854,3
16040469,1
34292007,3
18894808,2
3435900,4
7366528,2
24628959,2
25451348,3
30244246,4
17155055,3
30353714,2
34435503,3
32108070,3
29986194,2
21578785,1
20271383,0
17386487,1
26716140,0
39819858,3
38962479,4
3886667,1
36825151,4
8069451,2
36422107,1
24196875,4
3056830,1
35191690,0
15605379,4
11638158,3
25573056,4
33316051,2
28308648,2
39613065,1
32546786,2
3956181,4
31651906,0
36043095,4
29236813,4
20276508,3
25273690,0
19833393,1
30957509,4
1279032,1
2504907,1
5593636,1
18389618,4
24619629,0
36169142,4
29621275,1
30461969,2
38288412,3
33055718,4
30929411,1
25789302,1
11391700,0
13207678,3
4118409,2
14825910,0
36926140,3
15487848,1
23642478,1
30409140,3
17844905,4
8805290,4
38622681,2
39408090,3
11326748,0
34292116,0
17518827,4
18093619,4
26854678,2
25604949,4
8412665,0
6116345,1
24648045,3
30515773,1
33790854,1
23154242,3
23876588,3
18308786,3
22975308,1
21802708,0
38666744,4
39924168,3
31297859,1
1781617,4
37632845,0
25436589,1
21319384,1
36973331,2
37510460,2
6090275,1
28766248,4
36568646,1
28394666,0
18881929,2
18634650,4
34621952,2
7629541,1
37148487,4
8274724,0
11263420,4
26680590,0
21564357,4
39508166,4
16968080,0
12092518,2
34123018,1
27862402,0
34954149,3
19403772,4
27391977,1
9765718,3
29324236,2
30911872,4
13460463,1
10997254,3
7720828,2
25705141,1
35657681,1
35609318,4
38915997,4
29343051,0
26395491,1
25898403,3
18540563,4
4712929,1
16960638,3
13256991,2
13530998,4
22370287,3
31115347,3
8092695,1
24068412,1
9667546,1
37335408,3
9522627,0
28065526,2
12334925,3
13595674,4
28265410,4
30386392,0
7943385,1
13366058,0
20258986,1
19961428,2
34960516,0
37572745,2
6089078,2
39416667,0
9543287,0
18388670,1
15282424,2
3522739,1
35477813,4
13854347,3
16554999,4
24563761,1
25590762,4
31039111,4
2674437,3
22599657,2
28905584,0
21948376,1
40050201,4
4239205,3
22135780,4
38377047,1
31718742,0
34612569,1
302651,1
27872594,4
38156661,4
36452533,2
23053626,4
35655569,4
19811064,3
8230315,0
27345237,3
14078207,1
36907965,2
14063387,4
29573986,3
33993149,4
11025222,1
34337107,0
22665380,0
31265043,4
13618483,0
34529417,4
10184591,1
6714151,1
27065652,3
33833224,0
28333629,1
2400504,4
14804029,1
8661166,0
24639437,0
20004428,4
37402372,2
34732872,1
37955423,3
34564057,4
34011723,3
35061261,4
16598551,2
13067910,0
25145847,1
29380403,3
25334845,1
29852233,3
28348866,1
20134387,3
5790761,3
34148280,3
4170238,4
32577059,0
28403675,3
30444019,2
26067692,2
7577410,1
19320203,0
21660981,4
22981402,2
15805619,4
14070197,0
7161856,4
6602390,0
30371752,2
9039897,2
31516951,1
38881305,4
37604437,1
2986258,2
9773817,4
27677232,0
38258257,1
32419535,0
37195112,1
34806837,0
5283506,1
4992968,2
39143817,2
7530207,0
34226403,3
4433324,2
34394228,3
22211981,3
35106426,0
11678180,2
33234089,3
26289424,4
38104602,1
16389460,1
28111392,4
2204914,0
26405239,3
30146532,3
35459362,3
10954544,1
11491251,3
12494181,2
28532973,3
28684511,0
28792202,0
39865416,4
34935100,1
22569579,1
35082895,4
10567642,3
24111681,0
34364449,2
20428890,4
17909600,4
28307566,1
34397613,3
12454096,4
19802624,0
5576005,0
39981340,3
18240964,1
15531687,4
30447779,3
7230462,4
29832301,2
14972773,1
5015269,0
14916403,0
32733241,4
17270007,4
37159153,4
17960207,3
24788061,1
20208929,0
32129419,1
28675435,2
33687486,0
31033688,3
32303213,4
38461638,3
36228334,4
30967765,1
34287296,3
8594549,1
36058524,2
28289025,3
5251808,1
28910285,3
18261850,1
29158838,0
36420994,1
30072367,3
25691780,1
30407543,3
26127280,4
21471512,3
23401303,1
33715362,2
15754878,1
32718180,1
21221257,3
17681547,4
10893340,2
33338174,4
20055613,3
9526358,2
29377133,4
30263087,0
27836705,2
38818981,1
23284653,2
25669981,3
21060097,3
33733326,0
37473108,1
9886494,1
26384129,1
38040300,0
31356535,0
39986053,4
884650,1
16927288,4
21556126,0
39555057,0
28520825,3
13749252,4
31716211,1
26825058,0
16307326,4
14258984,4
36223325,2
214852,1
31501557,4
37735245,3
40063930,4
21002633,4
39197011,2
28581948,2
2383645,3
15998653,0
10738560,0
18704206,2
9715171,0
17960296,4
21018411,1
20101524,1
24267747,4
28094392,1
34844633,1
1978586,4
3904389,4
8195915,0
9458870,1
34130186,1
26637415,1
38125231,4
18257400,1
27681823,2
36650561,2
20962497,0
26447915,3
2577252,0
34948928,3
20813231,0
33075778,0
18216372,0
37592721,4
34706274,1
16333213,3
37975672,1
27781812,2
39697145,4
21679388,2
34448867,2
4938723,1
12416394,1
24797311,4
14951676,3
22756645,1
25954395,4
28260465,4
17138762,1
275541,2
11013911,1
13572383,3
30413361,1
32838874,3
35180764,3
22598334,0
33550048,3
4838305,0
26776824,4
7668204,1
18263136,0
30514396,4
24499609,4
35440188,1
27004842,4
32040422,0
24212789,3
38385360,0
18156139,1
16553405,1
19441591,0
39003704,4
27810981,3
38490811,3
39249169,1
37901679,2
35085809,1
31676713,3
33115343,3
30495337,2
23119782,4
31283429,2
27625363,2
11130339,1
11009691,4
28619838,2
21406887,2
27735478,3
39544553,4
35512132,2
9628489,1
32848546,2
32001927,2
2445823,0
34818832,1
17530308,4
19747369,1
25771916,4
19956141,4
29845531,1
39074285,2
31060614,4
33336813,4
36709684,0
19624035,0
22569789,2
36634795,4
24310242,2
18840949,2
34296617,3
34992439,1
25561186,1
38490937,3
24021065,4
36642691,0
3168096,3
11603845,4
24233477,1
16098394,1
13591170,0
33913886,4
32932591,0
32918757,4
7240382,1
22074536,4
2613527,4
19575943,3
37408129,4
37150067,2
10112680,1
21465445,0
30894616,2
17414040,3
34467962,0
39743507,0
6467651,1
8444354,1
17980967,2
34759585,3
21670747,1
30433960,1
32170059,2
6211110,1
18280988,4
7887785,1
5122372,3
12805370,1
32175329,0
9810217,2
33928830,0
9151464,1
33333778,3
35269374,4
38755111,4
8317951,4
19225347,3
20322465,3
35168870,3
35674651,3
35764509,0
24186569,2
35842598,3
34441624,3
31959379,3
38123480,2
25740582,1
8495367,1
15690016,1
5771376,1
28486832,4
31257955,0
20456860,4
33071046,4
39487769,1
1408277,0
6564004,3
1643265,3
7700545,4
28904750,2
37645965,0
38455492,4
17187564,0
7489390,1
26959189,0
24984545,4
30647460,3
14183533,3
28975667,1
27444181,1
18536349,2
17603678,3
18237343,0
31527844,1
11803121,3
28874556,3
24541083,0
38946492,4
39334586,1
9700396,1
14008494,3
20461790,1
16779411,1
34312193,1
19185762,4
13892929,0
21515771,3
20172475,2
497654,1
5480716,0
7470609,0
18177354,1
35990732,2
31464555,3
28566731,4
34001149,4
37193487,4
38846874,1
7395542,1
34954461,4
457207,1
23324690,1
33384406,3
34953853,4
17763862,3
39492524,1
32022401,0
28457805,1
23546312,1
22022820,4
19968065,3
24253977,4
15801883,4
26859291,1
28513604,4
24923536,4
30023913,4
12980500,1
18947938,2
32873021,1
34381370,1
793341,1
33089459,0
11986196,0
16990684,4
35195719,4
28870163,1
18827170,4
14157624,0
30158811,4
30177884,0
34144034,4
36466954,1
14568528,4
26242482,4
23594465,2
33149967,4
1817780,4
33231494,1
32693114,0
27461479,1
35481540,1
13735422,4
37052727,0
39715909,1
14222543,4
10351645,0
34207321,2
30421325,0
32405620,1
30415205,2
21077503,2
39639342,1
33371349,1
15114616,1
39742893,3
8947977,3
8751438,0
21199497,3
37560786,2
21463344,1
20650074,1
38595400,1
28845428,3
15614676,0
12714760,1
17846613,4
17037300,2
28967592,2
31016654,3
27813466,1
22339166,2
27128290,0
19409606,3
37658127,3
33870862,3
7544424,2
15009332,1
11998613,4
11047105,1
36508616,2
16070535,2
20956671,4
25417911,4
36358204,2
13808428,4
2497525,3
10081942,3
27698386,2
28314173,0
4504470,1
13675440,1
22394864,3
31890061,4
3294349,1
14078588,0
12134341,1
18510790,2
38730487,1
33018028,2
36472681,0
15357800,1
3582737,1
4355762,0
22119244,3
19870735,0
33914978,0
17401944,4
10836276,0
12867263,1
14825988,4
3268198,0
35526867,2
13906343,1
27051188,2
24363130,3
11792629,1
7056204,1
1950781,1
32648010,1
33572130,1
5957211,2
30627923,3
21034367,4
20572303,4
11454264,2
33293518,0
18309140,4
20845778,4
38579190,2
37669256,4
29852498,3
14133098,0
28676374,2
32407613,3
22640898,1
38444110,2
24769117,1
16310803,4
27927103,4
38003626,4
1596440,1
37045347,4
27369538,4
39737026,1
19363736,1
38209719,3
31678327,2
33656724,0
4528667,0
19485768,0
17099458,4
26365369,4
34646042,0
38508564,4
21017652,2
34744863,4
12453595,4
18927786,3
6022450,1
19649788,2
35736217,4
28702673,1
23420669,3
19713844,0
31954507,4
36680695,4
25477528,4
16875404,1
20957949,4
22392823,3
36690433,2
31625792,2
9941766,1
28452361,3
6328530,0
298782,1
33724611,3
22290508,0
2105508,2
27654433,2
14324069,1
9718054,0
30647866,0
35328941,1
26046023,4
39833902,4
31095811,0
30339847,0
17200385,3
34689852,1
31229728,2
28962403,1
28369852,0
31862169,1
38336938,0
34418881,4
4424283,4
32652485,4
35329135,2
25984025,4
30987118,2
34990179,3
29808355,4
22277318,1
19219017,2
22576312,2
38080070,4
36939157,0
4881312,1
2846416,1
33137686,4
36222823,4
39013431,4
32795354,0
28664221,2
26233925,4
16989736,2
31508846,0
27305221,2
37982004,4
36724955,4
1590474,1
17800897,0
39580473,3
1290515,1
31375022,0
18974810,0
31937190,1
35631923,2
11437350,3
37898559,1
2121036,4
23157481,3
25928390,1
2276768,0
5567922,1
14757054,1
11819188,2
19862948,3
837256,1
36763438,2
33454243,0
29357326,1
19900279,1
33321545,4
39498729,3
29773480,3
24871914,0
12632323,1
6645661,2
36612832,4
30465013,0
31793746,4
39538873,1
33282823,1
15880644,0
524714,1
21912859,3
28678351,4
20676849,3
22598561,1
21150761,4
15958917,2
7217715,1
28892261,1
27715515,0
441397,1
11752371,1
38919877,1
28884265,0
6731345,1
37563363,2
8065913,0
31481689,1
36169473,4
3302020,1
11473206,0
38900235,4
18391977,3
33956029,4
17313970,3
19059360,4
16898086,1
23124248,0
15190228,0
4019639,4
18288757,1
38129624,0
39312553,0
25515288,1
18440526,0
33860317,0
26866493,0
24085711,3
23395354,1
14517343,1
38975664,0
11143827,1
29964585,4
35822251,3
8158937,0
17472124,2
9667742,0
21455021,1
7859775,1
22336460,1
13542276,1
6802877,4
9074230,4
2081281,2
2576715,0
39548864,0
19078325,4
36377396,1
35949412,3
37577127,4
23404222,4
25518023,3
34830738,0
39422242,2
16469758,4
21799191,2
25691951,2
23444858,4
2002357,2
13423216,3
36393450,4
28366550,1
38542419,4
36619631,4
17665809,4
2196693,3
28669288,1
38886251,0
31988553,3
22043498,4
28263073,4
24768802,4
34291543,3
25430789,0
28335638,1
15177705,1
7751132,4
33139230,0
16750493,4
36342078,3
38175765,3
12739111,3
34833138,1
23955382,1
37351357,3
35615971,4
30201431,1
35698927,2
40074004,3
34888742,1
9931998,4
17377452,1
39616931,4
38043658,4
1554362,1
36271449,0
26165180,3
4901861,1
24265971,0
5568926,0
37535037,3
38225583,4
18995063,1
16984061,0
23392820,4
27584206,0
39600006,1
23747592,2
2181708,1
30576628,3
24106209,0
36640174,3
33740811,4
10445666,2
39969219,3
20156053,1
31939916,3
31541758,1
4519736,1
10392921,0
39479732,4
39811720,4
38113711,4
21141858,4
37515847,3
21233233,2
27409727,2
19783404,1
36522120,2
3862129,1
21805472,4
20530921,0
35821271,3
22723022,4
36188226,4
7911098,1
36525020,4
23469008,0
24039132,4
29295654,4
33726160,4
31830429,1
32858537,1
21996710,3
25633995,3
24930018,4
22014220,4
33341320,0
2482926,1
2938519,0
29330283,0
31816058,2
25598093,4
21743057,1
37400140,1
33713201,4
38912563,3
21215421,2
2398299,1
28798781,1
28719127,0
1547856,4
19104580,1
32492518,3
10320096,4
23696705,1
3207177,2
16617136,1
20691359,2
25575579,2
35387280,3
2525233,0
32754496,4
22024456,0
30870072,3
31855048,1
16968226,3
19613750,1
31793540,2
13287459,4
9949974,4
7720728,2
14519082,2
14531396,0
15477857,3
1893867,4
39600379,4
12241499,4
6557959,1
28706967,4
5311669,4
34483081,1
26498337,4
13961930,4
28989191,4
38782072,3
5684471,1
23819310,1
35344985,4
23959889,0
3553088,4
26752933,4
11041405,4
37386499,4
33672751,4
18309258,4
38484277,3
29356076,2
7215320,1
39571245,0
6816989,1
30503613,3
18745743,1
1908653,0
6698554,1
26189847,2
19684434,4
30997347,2
24642156,3
37313690,1
27555590,3
3052534,1
7427984,1
10324015,3
19869123,0
33604725,3
39307190,4
16662104,3
19612209,3
37576006,3
20848222,3
25041319,4
39647480,2
7958031,1
39023504,4
25030037,3
39151545,4
31610677,0
32618304,1
37517873,1
34583471,3
30457162,1
40088902,0
35611874,4
11005072,0
38255066,4
37522919,0
20403968,2
32511131,4
501626,1
35860839,1
22784890,1
20546321,0
23181442,0
2336423,1
19465847,0
25346036,2
15539260,4
35592406,2
33976504,2
31617562,1
34817416,3
31504591,2
34623846,4
26306975,1
25623295,0
10054880,0
36448960,0
22138648,4
9111730,0
19664587,3
30282504,1
31863076,0
30992316,3
21822592,3
27183036,1
29529074,1
31819393,1
17915850,1
34983043,1
36294317,4
31121547,1
27080100,3
15898817,4
34967236,1
15136392,0
26974838,1
34971201,0
19382013,3
33959124,3
4946596,3
39095435,3
35414834,4
29917232,2
27081877,0
13781563,0
12311310,4
13639444,4
28073132,1
21396414,4
12705527,2
3848954,4
24126240,4
14618100,4
14147175,4
9282149,3
36500348,4
40138085,4
31867193,4
29662590,0
7856843,3
1550707,0
27878137,2
36064812,1
37711337,0
21597469,0
32919383,4
20187219,0
30180445,2
5414241,1
38543898,1
5579407,2
17312276,0
29377730,0
17874297,2
29361314,4
23771759,1
24235921,2
14469329,3
21449763,2
24233385,4
39083524,4
19818927,1
34393141,0
38400028,1
22234428,4
39523665,4
37667765,1
3153427,2
25172341,4
11594100,1
9643268,2
20132108,1
28457469,4
20979261,2
34343132,4
11104180,4
11615878,1
35923958,2
8436373,1
34145556,4
6589225,1
24399772,2
33600230,0
21642748,4
39149117,4
5472501,0
24602117,0
2664944,1
32641051,0
34358173,0
38040071,3
22329224,0
13536118,1
37443169,3
34030215,2
29227351,1
25826979,0
18080746,4
16890899,0
27587250,4
12381785,4
32977809,3
18500998,1
8402800,1
38672638,1
8376270,1
26059821,4
33571348,4
8492443,3
35827853,2
3458830,2
19671082,4
35330850,4
30051051,3
35484250,4
37354574,3
8168858,3
13122656,0
823030,4
23183105,1
6773584,2
25100531,1
38489075,0
26811694,3
20043897,1
9566060,3
17605962,0
3964378,1
17687019,3
24958806,4
25796130,4
34030196,4
13855617,3
32335800,1
15745457,1
18462785,3
22775392,1
29632784,4
20685797,1
23913962,3
29428894,1
33103802,3
10208814,3
24167933,2
4965114,1
25647546,4
872119,4
1264472,1
6880096,4
36577025,2
37988388,3
39476732,3
23542526,4
29049621,1
33991527,0
20363927,3
23767772,1
29267597,2
26974120,2
27758491,4
28145024,4
34745609,1
27926220,3
8380376,0
28508208,1
36432098,4
13861532,4
17199113,1
20538305,1
9742428,0
22517080,4
14637768,1
14904012,1
37404043,4
7949986,4
22893460,4
14024855,0
1383239,1
14351779,1
4868139,2
12095898,1
3375217,0
38085624,4
33823557,2
14229187,2
29928477,1
39876280,1
13330028,1
24307454,1
30513814,0
26186577,2
32326771,3
6649096,4
12204287,1
39504728,3
38550392,1
37085708,2
18712318,2
30616211,0
29364189,3
30838232,1
33605493,3
7459248,1
26434718,4
7943971,0
6479214,1
14172700,4
23431015,1
30878697,2
18259697,1
1916663,4
14648793,4
32177669,0
10889506,4
21148655,1
36044210,4
1416646,4
9574379,2
14601570,4
18590658,2
5559147,2
12964547,0
5218805,0
6880691,1
9949246,0
24123659,3
32768331,4
33907369,2
38910958,2
31411357,2
8539100,1
38162539,4
14422340,1
17433453,1
37060639,0
472977,4
24982793,3
19313966,4
28065523,3
29834213,4
18940735,2
20352794,1
12068121,1
8796655,1
8826965,1
34205310,1
20926076,4
40138350,4
36630135,2
13055727,1
11554145,1
16552738,2
26210417,3
29275353,2
18720207,3
30371987,4
6391388,1
38380336,0
25798730,4
29871243,4
24789269,1
11527290,4
14080041,1
34057783,2
23398445,1
39778235,3
23250726,4
30529055,3
244750,1
23108356,2
21943393,0
28044332,2
35330872,1
17489178,1
30918905,4
37387726,3
29447188,2
31631052,3
20361235,0
10656831,1
21938272,1
17737703,4
35819129,1
7488649,1
31617827,4
23133573,1
38791527,4
17958667,0
35441534,0
18945450,0
8991433,0
18704215,3
23062926,0
19670153,2
35281360,4
36285966,1
20039200,4
6019473,3
14398791,2
32238896,1
15316428,2
23841011,0
6839116,0
9098441,1
20642284,0
5517314,0
33859025,3
39535756,3
9303301,2
23126498,1
37297367,4
28310657,3
38255340,4
11469228,4
6587516,1
31317642,4
19290674,4
23274357,3
40072838,1
32995170,4
6451229,0
37810281,2
22234443,2
2656900,3
6879991,0
39071093,2
5094697,1
34306443,1
2900084,4
9793631,1
4574296,0
14504887,2
15166186,3
36456766,1
888550,0
32185442,2
12557794,4
17451473,1
9294530,1
15794038,2
10924339,2
7117443,4
38150311,1
20932840,2
35098258,4
36526319,4
8387546,4
29757126,3
35921527,1
18518038,1
31198020,3
39402445,0
19354708,2
19763848,3
34886973,3
20925224,1
25365633,1
2744687,0
30203964,4
19527463,4
5570981,1
1466732,0
4644025,4
24248970,1
21849878,1
19490542,4
35374660,4
30916782,3
33989262,4
24991795,4
24695878,0
38007131,4
30236122,3
1654922,1
23154105,1
7278588,1
12003010,1
7365531,3
27953895,1
35509525,2
21003069,2
33382672,2
33651043,0
2878493,1
31225489,0
26977618,2
16183401,1
26945199,2
26851328,1
35641281,2
18112036,4
25302172,3
24028749,1
29741887,4
24196876,4
35774902,3
12990199,0
4047735,1
34174416,1
4216489,4
29019628,4
21029492,4
35685496,2
19195903,1
37593961,3
35380166,2
19717108,2
20976550,0
25999821,3
31864684,4
3071462,1
8456389,1
31175451,3
10725642,1
1457757,2
39116123,1
30794080,2
26827391,3
13409559,4
25058767,4
31328580,4
39241346,4
32836815,1
17427966,4
35074387,3
9843741,3
35842022,3
30952474,3
7197199,4
34767215,4
35911736,3
13715876,0
38024104,1
1183643,1
12566151,1
36353016,0
30720760,2
19086314,1
10922319,2
17046073,1
39708136,2
14528379,1
30429321,2
1166503,1
12658870,1
8734673,0
19554900,2
31306519,3
29606432,0
28843083,2
21497126,1
30525160,3
19477264,4
1517418,1
36042508,3
3379032,1
3169099,3
27201271,0
38725032,4
8348255,3
10819192,0
19069701,0
22921751,3
31538288,0
25354904,1
8071523,0
33313401,1
26051185,0
20856893,0
37427069,3
18969358,2
17692948,4
17323218,3
4987383,3
6621870,1
4638693,0
33840492,1
37747886,3
31381789,0
26549455,2
24788711,2
33474341,1
2962571,1
26381888,4
1316068,3
29104107,0
29478997,1
27648476,1
20858991,3
11854142,1
15440115,1
30620681,1
21277064,2
37475963,3
39875609,2
31826814,2
5120071,0
39874309,2
33883242,1
6199666,1
11385050,4
12444942,4
34701693,1
13355778,2
22363566,3
27095692,3
27086004,0
31034691,3
33775269,1
36356685,0
20091484,4
24590405,4
8754145,2
22527108,3
38943800,0
2433616,1
14595302,0
30700150,3
34009116,2
18889658,3
32918762,1
35889238,1
8370966,4
29525047,1
39770863,3
31301863,0
27659490,2
28479968,3
31045908,4
32448939,3
29621532,0
19902998,3
26916827,4
37007465,2
34168775,3
38833362,4
4918425,4
35155897,1
31955603,4
28356518,1
18825178,4
4652893,1
37082554,1
39542635,4
4239896,1
28804450,3
17743083,4
19600545,1
19485969,1
30559865,1
3012783,3
16201655,4
20308588,4
19381932,1
16350653,1
28360182,0
14265539,3
28753396,2
34449473,0
33396256,0
26103113,3
12080957,4
34816098,3
28511175,4
28619452,0
16824581,3
22025260,2
6117868,4
11350249,0
36717603,4
16839630,4
33205437,2
36171867,0
32792008,4
26522997,4
27939697,2
5424942,1
21621463,2
38048098,0
27371972,2
19622408,4
16771391,1
23678466,1
22678143,4
34168415,4
37624186,0
20014302,1
35349920,1
39248753,3
34966059,4
21614181,4
30679192,3
36783700,1
38526289,3
30037941,4
30464454,4
34132368,4
18090731,0
38989667,3
34597093,3
26037977,1
33443748,4
38662656,4
29120431,2
30252693,0
4467193,3
27334949,3
33306510,1
21697867,1
1739566,3
30642950,0
26111370,0
16122128,0
2083504,0
36932491,1
15535897,4
18452707,1
11078916,0
35032417,3
34572330,0
31873553,2
5073903,0
38644013,3
30120924,1
296270,1
7983099,1
6783826,1
2780904,4
34489301,0
9322284,2
32539611,3
22927288,4
22895618,4
21875967,1
9216829,4
11602579,1
36731874,4
30366142,3
27477940,0
9047349,4
28642871,4
14351854,1
40064853,3
29751403,4
25761701,4
9739407,0
37686060,2
15957071,1
30280206,0
38208137,4
10885984,3
24651723,0
31883073,1
26442790,3
21443690,1
39939627,3
27770300,4
17529541,4
8809881,2
25968752,0
30176184,1
18895110,1
4499129,1
16301356,1
36007937,0
21781782,4
33525073,3
25171995,4
33124464,0
38043717,0
15749591,4
31444374,4
13832562,1
38069160,1
32616182,4
10747873,4
15240357,4
3680262,4
16903368,1
16312822,3
37557052,1
9818688,1
28429745,4
33832370,4
4641877,1
7477864,4
7985696,4
30643987,2
36062041,2
24846671,1
20228227,1
30573618,1
18383970,1
15878012,3
35769095,0
36428505,4
5050110,1
6838130,4
28838129,4
24041885,0
30645276,4
30941350,3
21526351,0
21551154,4
15037690,1
33537917,2
21440816,1
36287701,4
15417415,3
19485728,1
39453015,1
33381807,0
4341746,4
39936200,1
23751870,1
35215754,0
32106500,1
17393343,4
2083353,1
35839043,1
26375381,1
23163508,4
34366763,4
18908204,4
15055029,1
31152301,2
33879279,3
30628442,0
36572960,3
33302984,1
19514353,3
8069859,0
5395853,1
23634356,0
28507637,4
19060144,3
26388226,4
17583247,0
39792591,1
20063844,0
26618333,3
30752198,1
13416294,1
34417154,2
26752020,2
2753022,4
29359564,3
17473938,1
8409306,0
1325518,3
17768515,4
30224991,1
35993647,0
24088825,0
21223898,3
33683184,1
20316299,4
15154658,3
33136727,2
29290277,4
10709144,1
31303026,4
25332555,1
24285325,0
29372643,3
30614996,2
15484443,3
29378090,1
6716934,1
18281767,4
31836211,1
29487282,1
14400993,1
20910616,1
18047232,4
34178840,0
13649316,1
33068690,4
24646139,4
30070358,3
14855014,4
40060461,1
34839146,0
3852190,2
27439431,1
39131559,4
15623738,0
17625431,0
5312487,1
11360744,3
7380629,4
38786936,0
18749121,4
35388647,3
7138076,1
3194018,1
21714285,0
37859823,4
38040946,4
21474964,3
32578083,1
31165588,4
32909787,4
24932245,2
37608830,2
39358958,3
26146512,4
22362736,4
9071438,0
36530293,4
22165610,0
1585439,0
19336385,4
14194997,1
5094351,4
39785543,4
30450646,1
36233330,4
30419488,4
17147446,0
22854904,0
30852243,2
27180336,4
1397799,4
21212287,1
31032509,4
27029725,2
26823026,1
25598942,4
37808567,4
39804652,2
2450593,0
22730956,4
29615870,2
23180879,0
27638005,3
26047801,3
636485,1
21573941,3
9882447,2
31134191,1
18476715,0
37316356,1
10251391,2
39296927,1
22885022,3
27380644,4
2522255,1
19827792,3
18354534,0
16034940,1
36412006,3
35978211,2
36365026,2
27456890,4
39128380,1
2799491,1
11159289,1
33534879,0
31424202,0
39784326,3
2358896,1
13956055,1
4065061,2
21571693,0
19611387,0
30854465,1
39318232,3
23395065,0
15401526,4
17455302,3
33856436,3
14371331,3
32792263,4
27184015,1
30605890,1
36114619,4
24417149,4
3441358,3
22501006,4
39529655,2
6087388,3
33099588,0
27368950,0
37058388,4
29105310,2
15889335,3
24290219,0
2951123,1
31947756,1
3183617,1
39832861,2
39127388,4
37454785,3
23790415,4
8707457,0
39975898,3
36526789,2
19138609,0
35276340,4
31841151,1
21339448,3
3964926,4
36462828,4
12234998,1
33321207,4
34532993,0
29357442,1
29934246,3
37205243,1
12719205,4
39335766,4
15304308,2
17844405,4
37512271,4
2808832,4
40118041,1
18622798,4
36826156,4
37397867,0
30953104,1
25080418,4
27577590,0
28006960,1
31325707,4
17824607,2
35964324,4
34062266,2
10943589,0
8646293,4
33103014,4
39047695,0
25798843,3
29450567,4
20394667,1
34849328,0
37531032,4
25483349,4
11802436,4
33977673,4
39666392,3
5297937,1
28522106,4
31943169,3
22426374,3
18570619,1
24842305,1
15340781,3
25282661,1
39906837,4
27063289,4
8783307,1
24142119,1
38517765,4
28701256,4
34411061,1
16344974,0
27695892,4
27895503,4
10590840,1
13752070,1
39514004,3
31623005,4
32922239,0
12680006,3
16892486,4
38659842,4
31003968,3
21607025,1
37235310,4
3918700,1
9433573,0
39378363,3
38626017,0
38021656,4
32731140,0
1265665,4
36002457,4
32386268,0
33777703,4
20394613,1
5000752,1
28514801,4
25360700,4
4621938,4
29214770,4
35380641,0
25005616,1
2017261,1
6402753,1
39209863,2
29333020,2
6080477,1
32030387,0
25962692,0
5543920,1
34567764,3
36292959,3
18172257,4
20503373,1
8762339,3
13781519,4
24920350,3
30832536,0
2143291,3
18935877,1
21020644,2
37195921,4
5268850,3
38005555,0
7551268,4
21001041,4
20278109,3
36461324,1
40049371,2
12335358,4
17792712,4
35647421,0
38234003,4
38068669,3
32723061,4
7096138,4
30554687,4
35532844,2
39289050,3
21976024,4
27434855,3
30488061,3
10650016,1
35811031,4
12186994,1
2651874,1
28788166,2
28013170,4
12301800,1
27767672,0
16446443,3
26326474,4
2462725,2
32428836,4
37784414,4
19434302,1
38318340,4
35323072,2
4371744,4
4685253,1
25589135,4
24863787,0
11241523,1
25896629,1
27531563,0
32799541,3
37195717,1
26904007,0
34481448,2
38394751,4
12163967,4
19646042,4
32896387,4
28254733,2
39231282,3
27744210,1
15166212,1
22158871,1
22598816,4
19718146,1
28405010,4
1682567,4
19491295,4
27911306,1
16467844,1
8960676,4
37287299,0
14985133,1
8177402,2
34955318,4
95642,1
33366221,1
22000086,3
34188248,3
29994589,0
35156353,0
21490504,4
35830675,4
39433191,4
27607366,0
5878830,1
28289978,1
25675640,0
35853661,4
13636458,1
3428014,4
28014735,3
31400769,3
16248104,4
25064353,3
37400078,4
32585153,0
33463635,4
21486261,2
10279778,3
33465118,1
31373019,0
37389174,1
37266065,1
35782251,3
31117393,2
18700661,1
20845835,0
37132810,2
38687134,1
18024962,1
11559062,4
35172692,2
12598988,4
20810705,4
25828492,2
11412132,0
27489463,1
22348229,3
9480419,4
22550304,4
38153772,0
38793579,1
5787471,2
18572601,4
23633605,3
32032426,1
23424515,2
34262734,4
38068880,3
36598728,4
24792499,4
15395610,1
34094468,3
18998568,0
1332853,1
38174216,0
16124630,1
28075472,0
34124388,4
7173872,1
39087245,4
8015867,0
26476218,3
12188648,4
7361078,4
18467244,1
3034014,4
2467013,1
7727087,2
13092807,3
38019688,0
38256369,4
19524383,3
9886150,1
19625101,4
28778340,4
16474522,4
564460,1
28661207,1
38410777,1
35606088,3
18238610,2
38188359,3
31487034,4
35259305,1
36339679,4
2036392,1
13658806,4
36944089,2
36421919,2
22561458,4
20382946,0
34682174,4
34262083,1
37206015,0
21535376,1
30069564,1
28532913,1
31117431,1
15059007,0
21346725,1
33745936,4
35922844,2
23460652,3
21767552,1
37400738,4
32417242,4
19365513,4
22674922,1
2956904,1
31223529,0
38066515,1
18298044,2
20503183,2
4002015,1
37351418,4
22371375,4
36854067,4
6713430,1
20730950,4
21865900,0
35184151,3
1800508,0
19351045,0
15819362,4
37845617,4
38256609,1
33543259,1
5886987,3
36530007,4
31291611,0
3830530,0
10860685,0
32217017,4
24079645,0
3134245,4
25989806,3
35978815,1
39905256,1
32539645,1
14104713,4
15101740,1
30903522,3
15841910,0
28855928,3
39709197,4
15855168,1
2610421,1
22232932,2
37051574,0
26123416,0
32171448,2
31266687,4
25494668,3
30482517,1
20555610,0
3173320,1
22309315,4
19502503,1
13333348,4
29640517,1
20715978,4
25832568,3
39627787,3
39875057,0
30743314,2
37253657,4
22199099,4
10113270,4
6791159,3
3892218,1
28064747,0
30272591,3
17452065,3
36087488,1
29462260,3
1030070,1
33698318,2
14059969,0
27517940,3
10312204,3
33445750,1
36289418,2
9685423,4
9810116,0
21992176,1
16698811,3
24843768,4
30790193,3
9519036,1
37730843,4
27080942,0
25762760,2
34231018,0
26688775,2
38925115,0
35000251,3
9135447,2
37745600,2
4792847,1
30154647,1
11282134,0
20932810,0
26896722,0
30024243,1
26005126,2
35374333,3
25101489,3
33945863,3
30636199,0
30724071,4
26101633,1
15053160,4
29579912,2
11859234,1
11336056,4
29800675,2
25232022,1
10524871,2
37265278,4
29100380,4
22332571,1
18695533,3
23867136,0
39238847,0
36285654,4
36941954,0
28444511,4
33904713,1
22348756,3
32470568,4
36335968,4
4817200,1
40126979,1
7688182,3
9549084,4
22846719,3
10825734,1
12316575,1
10554699,2
21301684,2
30633143,1
26923752,0
17135275,1
6687660,1
20749730,1
40136945,2
3772495,0
38876721,1
36627868,4
23358240,4
2204252,2
6199657,3
18429547,4
28269123,3
36315309,4
38557760,3
40024294,3
24611217,3
4422389,2
24877905,1
26402614,0
35069283,4
9172263,4
14557597,3
34517331,3
6722162,4
39471954,3
32531150,3
23513209,4
33470771,1
19914293,0
35637516,1
32638677,0
35747769,1
33832184,2
28049092,3
22438579,0
2712514,1
28422819,3
18751945,1
35634193,0
22166414,4
35388467,4
14554178,4
11561258,2
22947689,2
29595508,3
27882920,4
32076636,4
38999713,1
24266273,0
18155972,3
14562112,3
38884644,3
21322568,1
29042949,1
28857520,2
17232246,3
34865765,3
862173,1
35423750,4
32273587,4
20395691,0
28311358,3
15603755,1
36074091,0
3839426,1
39409170,0
23122362,3
3936957,4
17241211,1
17936384,2
11106483,0
21028819,4
10758668,4
21404885,2
33728792,1
15798209,4
25289887,1
15419912,1
37426055,2
3292752,0
32335210,2
16072548,0
35575055,1
18409760,2
18196811,3
25095920,1
32938494,3
32724828,1
3345530,4
5470985,4
14947165,4
13752988,4
29452228,2
36678063,2
7963316,1
10894532,3
32751193,0
23834390,2
30669337,4
11842490,1
38363640,4
29908066,3
29172029,2
39885520,3
34930745,4
16779648,2
36130820,4
23172293,4
38892192,4
37598507,0
26061814,1
9084455,0
12366607,4
14804908,4
37946458,4
38400732,3
1916009,1
7990235,4
33334606,1
21127880,4
38600173,1
8945370,4
26216773,0
36607540,0
28692542,1
21338635,0
33767122,3
17156911,1
32929725,3
2920793,1
7046842,1
33017452,4
35125752,2
19643993,3
13246694,3
35546994,4
31364140,0
38387733,2
16086821,4
8472282,1
28801216,2
13057742,0
12884638,0
11550435,3
30155345,3
31774230,3
12783422,0
37228319,2
34531416,4
37217773,3
28847824,4
9343180,0
20936693,2
29368331,0
10394659,3
36713290,1
26019085,4
33742583,2
37667046,2
39982981,1
32471390,4
7919544,4
34116081,4
26842899,2
33843812,3
39357863,1
35630305,3
36972714,3
24897906,4
39186169,3
35950231,2
32725922,4
9685068,2
30726029,4
38643131,1
22338927,0
11483509,0
38943625,2
24337416,2
8030721,4
12764463,3
18512981,4
32509815,0
39701507,0
27568663,0
16613751,4
33765191,4
27194933,4
36095910,1
30255112,2
37538116,4
39391007,4
30248469,1
14941097,3
7592592,4
11267446,1
35090103,2
10640759,3
27311199,0
27025389,0
22499057,2
20843135,3
27055218,0
9433283,4
34479794,4
21448794,4
14816700,3
5251066,4
27027247,4
34793998,1
5559349,4
32296887,4
10184048,4
39865329,0
16039940,0
32104462,2
37866575,2
32266039,1
36894986,4
17680544,4
17429159,0
9738518,1
7527413,0
34687313,1
22150395,1
27872058,4
9381612,1
16733109,4
39372340,3
34976515,4
39073067,4
18755466,2
12402982,4
27019740,2
29062616,1
34401121,4
31606420,4
3625897,2
36535673,4
20726367,2
28004974,4
14789930,1
35215095,2
27129880,0
652291,4
21472772,1
1609775,1
15980548,4
18066269,4
12250475,4
38025003,4
9781944,2
38647250,4
39478853,4
28810066,0
3525952,4
22894897,0
16010992,1
19694920,0
23999524,4
28192838,4
31893638,0
23142719,1
22234190,1
16515314,0
32521007,0
36573019,4
18753091,2
19413332,0
26658130,0
21954603,3
36662181,1
23684323,1
34261244,4
18108462,0
27925447,4
35070840,1
38754163,4
24638507,4
30116105,0
7698217,3
10964721,3
18612741,1
36344853,3
30677413,1
9950939,4
34622353,1
36255642,3
29489892,3
36701711,4
34822373,4
5162130,4
37284158,4
990016,4
2770810,0
39962277,4
34659109,4
16203874,4
22633139,1
19436365,4
18164415,1
5744977,1
35048921,1
18967518,4
6931880,4
28816496,0
16534246,1
12698843,1
12876172,2
35990541,1
29248280,4
23925766,0
16455636,0
4965342,4
11853725,0
33203620,1
18807743,4
17427565,3
30965974,0
22447572,1
24354311,0
35686058,3
18172653,3
27581683,3
16800375,0
11162798,3
33399106,4
12357043,2
3848829,4
20561778,3
30068995,0
27128688,3
4907924,0
37307421,3
912526,1
9520873,2
31017823,2
27769722,1
39604672,3
36634602,2
38615761,0
27542447,2
38284177,4
15796734,0
25792989,4
34107339,1
29837876,4
34571623,3
27731380,4
7629403,1
11911164,0
35015828,1
40136283,4
27378883,1
12151306,1
39275552,3
24486995,2
26436961,1
32996230,4
35101297,2
26788807,4
36959262,3
32191030,1
6860294,0
4239346,4
7940441,3
19339341,1
11043282,0
25195426,2
19935408,4
31118164,1
10158684,2
32724914,1
34348307,0
11563100,3
36520561,4
39559384,2
39277477,3
35485362,4
3098337,4
36779023,3
36076679,1
7114866,1
33635081,3
11892084,4
13050225,3
2362729,0
1145334,1
36399357,3
39129223,4
36649295,1
31073119,1
25293954,1
31555116,1
3271478,4
27951419,4
24417401,0
12571073,1
32957525,4
29881965,3
6864106,1
37890972,0
19151516,3
26061610,2
27815008,0
19613716,4
33017847,1
33323661,3
26961052,2
15041834,4
38724411,0
39674681,1
13334044,0
34931486,3
17507325,0
15411252,4
1635827,4
4035195,0
1903209,3
35434092,3
29033245,3
36696404,4
13480031,4
26783719,3
85577,1
35418410,3
37683026,2
15153900,2
16093247,4
38458115,0
14900546,0
3823659,2
27477970,4
33050788,3
36338693,3
10368281,4
15965309,4
36129386,4
12738781,4
3653717,1
35658529,4
925716,1
27317564,4
37331282,4
20085929,3
9059921,1
31187407,2
19604389,3
34418406,0
13412913,4
28858204,1
37665330,4
28310627,4
28136626,4
20171216,3
35524207,0
37602106,3
32010322,3
32688335,4
36556547,1
39374599,3
2250385,3
38701400,4
10861427,3
26044977,1
31112523,0
27952759,4
26800052,0
12592916,3
24566119,4
40121765,1
29576822,2
39297480,1
17131962,2
4300979,4
11847992,2
39390927,4
27713282,4
16993486,1
31446465,0
27498316,4
33656696,1
14675732,1
35557828,3
21973008,0
37626614,4
34193862,4
37245782,0
39257455,1
28171130,3
24358715,0
31270635,4
7624840,1
18130165,4
18473217,2
9245900,0
29034301,1
32827419,2
26064115,0
5450067,3
38381803,0
38520210,1
15722118,3
30879964,1
5891045,0
20246702,4
6518154,4
39488216,1
5356263,1
35973820,3
37265411,2
5661485,1
32789692,2
3418339,0
25691403,0
19555472,4
35453596,3
14273049,1
37383332,4
39695857,0
36406737,4
338103,1
19394227,0
34137007,2
2035599,1
21609961,1
14448310,4
24316900,0
39328197,0
38956950,4
23284531,3
16879928,3
22025675,3
8932410,0
12139624,0
31861017,0
21255525,1
4472458,4
32621089,2
34257472,4
32752250,4
37311699,3
21856559,1
32138140,1
23930695,1
38533642,0
19991033,1
37211765,1
26429322,4
38462666,2
9969406,4
34904465,1
30657223,4
10827393,4
38808248,1
16382493,1
11570942,3
21575749,3
27894738,4
25749252,4
16793501,0
31714453,4
28990440,1
8609147,1
20316100,1
37659782,4
8709453,3
39569128,2
33003536,4
32894184,4
26775558,2
34010974,4
18427775,1
11433810,0
21407985,2
33106871,1
16567249,4
6359734,4
17736731,3
33791555,4
30223073,2
21445515,2
22726498,3
17476989,1
25407258,2
10549634,3
2911867,1
4770164,1
3254560,1
14940338,4
19421835,0
38410843,4
28073916,4
10368371,3
15387354,0
31106363,3
16351286,0
30290028,4
10797189,3
17959644,1
20229817,3
32279887,3
18561519,1
2991557,1
38656786,3
23353887,0
38160518,4
36871756,1
39156809,3
33137165,0
33478942,2
20669085,2
11424808,4
39482504,1
18112393,4
25862513,4
5128807,2
29118729,1
19666462,0
19621625,3
39920252,3
17737914,0
3408494,4
34431833,4
38715570,2
39441880,0
9154023,4
37417765,1
11476886,1
38191114,3
27516059,1
6591890,0
37632766,4
24154465,0
37516570,2
29039434,3
30605090,4
19377427,1
18620199,3
21916146,4
36401400,2
15461511,3
39033106,1
36362027,0
35296244,4
20400671,1
33576537,1
1022649,3
7109149,4
39949841,3
12593366,4
37376798,0
36279649,4
18006023,4
12550843,3
8474394,2
10411359,2
38921364,4
31660951,2
5331275,3
36442023,3
24790655,0
36390290,1
35319652,1
37006187,4
23914730,3
27782511,4
18793888,1
31973169,4
17760769,0
24379456,3
15075792,4
33883840,1
1547944,4
16107658,2
30452395,1
24012327,4
20448664,0
15911674,2
17694732,0
13158452,4
34973763,4
34296436,0
7039200,0
17183122,3
4244855,1
17837078,2
27938954,4
10086412,4
38469632,3
39594002,1
30363174,2
14043719,1
34189397,3
30968256,2
23367218,0
7651220,4
28904793,2
33188104,1
138045,1
32038881,4
31421322,0
30559068,1
8655938,2
36626833,3
33629440,1
26920092,0
35796802,1
7911986,2
23929165,4
12906351,2
33877577,3
15846389,1
38285737,3
32125812,2
28790883,4
37368078,0
23863852,2
1945812,0
8859760,1
7733180,1
27925736,2
28096351,1
36576366,4
30268270,4
25584160,4
33894841,2
24730189,2
34853390,0
24627620,4
32255001,4
10117885,2
3408272,1
1859438,1
2969481,2
11151572,4
8676682,1
38175199,0
26364156,0
32103224,3
904746,4
35311585,3
26342132,4
30347090,0
24703315,1
4445109,3
35305124,3
34537922,0
7761659,3
27825206,3
9778389,4
267628,1
35141438,2
11801658,4
38081866,1
27612958,3
37098471,1
24000394,1
34725405,1
19145645,3
28564566,4
22055454,0
39289217,2
27304900,2
23983476,2
5422464,2
37043534,1
39402154,4
23710572,0
35695015,3
36493966,1
19912866,3
18300322,1
36095421,0
21770014,0
14845336,3
29825571,1
30392099,1
26976025,4
36652786,4
25137484,0
14260601,0
17595590,3
11970820,0
26791615,0
31675798,3
4474690,4
34978483,4
22405239,4
18808363,4
3349147,1
33489267,4
38313288,4
29929540,0
26477603,1
16088666,3
18392341,2
28282671,2
25327148,1
34596082,4
33404850,3
19925256,1
8845435,1
36489711,4
38293878,4
10970639,0
32944377,3
17136015,3
30270373,4
21595936,1
17300370,1
4503257,1
16493500,4
20072030,4
20208681,4
12416278,3
22927336,3
17556929,1
24237185,1
7330718,1
23421778,4
34093547,2
8917548,1
20410501,3
21964452,1
32407913,4
24907337,1
40065760,3
37162381,0
940822,4
14424408,2
36905267,1
28489560,0
32386768,4
37502848,0
27349184,1
39919405,2
19016224,4
16930657,3
37053314,4
22278993,2
31039249,4
38411903,0
1348510,0
21331077,2
12152487,4
38082699,3
33350570,2
8354078,4
21094536,1
35748384,4
12544086,4
38061344,1
18830651,4
26617865,1
37525576,0
14035522,1
5204640,1
1346297,1
16013330,1
27136481,1
27377223,4
25045292,0
22263745,3
21079995,2
26074523,2
16369685,1
30471943,4
23773577,1
24018309,0
40042071,1
12733840,1
28231738,1
4333094,1
37953143,1
25410336,4
36946844,3
24703675,4
12602032,1
17415354,1
20535605,4
37645504,2
13090505,0
20319813,3
29447503,2
1684197,2
31300131,3
39664963,1
31200648,0
33650426,3
28370598,3
35410041,0
11504104,1
866208,4
32920007,3
29594936,3
33925015,3
16720286,1
17406252,1
19374707,0
21742587,1
4780791,3
19915116,1
6341823,1
25444267,3
20112760,4
29401707,2
13160139,1
38467716,4
23430900,1
39186906,0
37094448,0
15816884,4
30745056,0
30227883,4
38664732,2
34505579,2
23538140,4
35565262,4
19705229,0
36902682,0
6715944,1
29145897,4
4758968,0
14568141,1
34601782,0
14029883,4
17169927,4
36851561,3
24948660,4
10341847,1
37661712,2
10958248,0
18603407,0
28420448,1
17781906,1
8685842,3
24723525,0
1355710,1
18335432,4
6705521,1
12867075,4
26455408,4
40141660,4
36332167,1
20001045,4
5878689,0
29667892,4
22440589,1
23600582,4
5725065,0
4976613,4
25067998,3
39303157,2
25673848,3
12630594,1
39607566,1
31408445,4
16013692,1
39898068,0
32969491,3
11942919,4
38498654,3
18676859,1
25080922,0
38405454,1
36944943,4
6728719,4
23264037,3
33252802,3
24395155,4
24944676,3
22416886,4
28102769,2
29375200,4
27999762,2
10425414,2
5888771,0
28800272,3
34418982,4
13293902,4
35330420,2
29292526,4
35212716,4
37796601,0
11661121,3
1264300,1
9482859,3
35245185,4
30801340,3
29344964,0
35682804,0
20568743,4
4657001,1
14264682,3
2045968,4
34320067,4
26855746,1
35003277,4
13273727,2
35719653,4
24563790,1
25883898,4
22442839,1
972267,0
27781881,1
25560879,4
26115889,1
8425304,1
14933771,4
28118236,0
10716916,4
15406882,2
16010898,3
38744353,3
29962525,1
37644156,1
5037432,4
7738272,4
27270829,4
32928328,1
30823730,2
38354163,2
8730946,0
21923964,3
39659469,1
1704085,2
7474976,4
19036477,3
21781233,4
35902694,3
37152940,1
27664609,0
31320657,4
21770419,1
38277002,1
4122504,1
28211333,4
7419787,1
27503961,2
11277432,4
27908424,0
7685087,1
25791196,1
30327523,0
12890100,2
17663862,0
28032395,2
16214190,1
31103161,0
1157725,0
25923565,1
28780493,0
15318800,1
21162535,0
26274037,4
8556398,0
24160626,0
23237628,0
35988808,1
35464976,2
32697252,1
33271060,4
38761142,4
34672408,1
31254758,4
20160622,4
25920049,1
34334927,1
25271459,1
37015852,3
17000732,1
14603104,2
19950823,1
32616111,4
17132659,1
18009979,4
1641470,1
27791014,0
27273499,1
3371795,1
27288730,1
6276170,3
7403585,1
24741690,2
36698082,1
22015803,0
26182916,3
14847703,0
37373196,0
21125674,1
11289670,1
18455576,0
35456290,3
35305688,4
36846007,4
9970005,4
32501869,4
39929934,1
17210425,4
26792615,0
17477583,3
24279706,1
33433863,2
29127196,2
23582393,4
23303221,4
34693939,4
14706225,1
39256611,4
2805595,1
35566034,1
23064280,2
32986366,4
13991248,4
21443381,1
21536555,4
8284890,3
11034388,1
16269376,4
19967862,1
38283475,1
14443595,1
14496193,1
37903818,4
21527610,1
35060732,1
35383195,1
25557311,0
27328116,4
29586096,4
33745964,4
4002286,1
13513244,3
33632932,4
27828184,2
38938306,1
30570659,1
20435405,2
27188983,4
39537757,2
16451849,0
3726338,4
20516178,4
32029892,1
32847800,4
15686658,0
33116305,4
9314149,1
3979658,1
15535683,2
24017650,0
4833646,1
35596031,3
33355265,0
33527596,1
20395913,4
38233515,2
23389450,4
18347352,3
29937830,4
16773583,0
14063877,4
4436240,4
14626613,4
33283235,4
17874609,4
30127355,4
20767639,1
25654453,4
32567100,0
35709639,0
35227154,0
4525147,0
14363655,3
4806237,0
9771562,2
28721397,4
9955548,1
26813499,4
39064725,4
30675501,3
10097477,4
11730952,3
23042963,0
20438594,1
25936696,4
19591467,2
12162021,2
24045265,2
29042787,0
12073957,1
35236880,4
5202721,4
35005574,1
37710542,2
32317330,4
36435012,0
36050887,4
2509260,4
21876482,2
24785928,3
30935583,0
22534854,0
32963088,3
18179606,4
28873113,1
23203332,4
21147075,4
16232244,0
27218543,4
31282297,0
20437976,3
37614550,2
21614739,2
38666329,1
33868598,4
28997364,3
32993775,1
8638534,2
38335685,2
21453137,0
21307835,3
4414375,1
30189749,3
2327989,2
34582419,4
4988301,4
5595658,3
37912206,4
29157808,4
25550874,1
34731954,0
26656151,1
28207805,3
36422775,1
28200686,0
37114683,4
40050625,4
33664163,3
39681616,4
8577055,2
10985565,4
20062179,0
38093965,4
16745740,4
13337870,1
11122418,4
31085768,2
10705360,1
11488555,1
21762720,2
33563572,2
38255065,3
20539069,3
19609041,1
27737091,3
34747543,1
29649147,1
38310392,3
31884965,1
35996569,0
12350907,2
30420841,4
39825307,2
28076561,1
32874273,4
33121433,0
30682918,4
33514317,4
18208287,0
15525493,3
26427340,3
38079222,2
8914642,1
9444242,4
27207971,1
39746035,0
33271600,2
22323054,3
33712418,0
31524210,1
36227945,4
555344,4
14035775,2
11804589,0
1303105,1
26763900,4
34449674,1
35475103,1
21852662,2
34598898,3
39217888,1
36989625,4
36063632,3
33338327,4
22147773,0
28745759,1
27312139,0
34890051,3
20171906,0
3389817,1
19942970,4
32250200,4
24838715,1
28301031,0
17147156,3
7113218,2
36718214,3
24287483,1
24576181,2
15476971,1
1455602,4
13298633,3
27756962,3
27999138,4
21944249,0
39734360,4
4358001,0
30111973,3
22620303,3
35307546,2
21455789,0
25727687,0
24743349,0
20144725,3
39276998,0
24481178,3
37350758,1
26516193,3
37445466,4
39995094,2
22162267,4
36855792,1
31943339,3
36636053,0
31291493,4
14110121,2
33608365,4
3209362,3
18158382,3
27029426,3
39845833,4
30422535,1
9289427,4
38729873,0
17728820,2
13225201,4
31362680,3
37265501,4
5354061,0
36068113,0
10253279,1
8094032,4
36816302,0
16924319,2
26313660,0
13613635,1
2406959,4
28726742,3
35253849,0
22252235,1
20807579,0
17955970,0
22147084,3
2296803,1
17907109,2
22671396,1
16269649,4
1821399,1
27955947,1
26759784,1
25036699,3
34035731,3
35079438,1
34487862,2
19646520,3
27720647,1
33712135,4
25779070,0
39847547,0
20494783,1
12323085,3
14323831,3
30856866,1
23803255,0
3997887,0
39021513,0
24476058,1
11076377,0
19930998,4
681565,1
33381305,4
12574275,1
6319915,1
19416008,4
34763139,0
36260599,0
20904447,3
27853002,1
5730407,1
1977022,1
9588331,4
39547056,4
12970567,1
37653995,1
29608581,0
6225843,2
38448321,3
27990419,0
23511569,1
19466460,0
32671668,1
34031410,4
16143226,0
29744062,3
31821780,4
3025031,1
9072227,4
38184969,4
31650897,1
37090869,3
23901291,3
37020712,3
15145222,4
2888598,0
4695609,1
35510666,1
19835923,2
20484366,2
36724202,1
22825693,4
6010011,0
28684187,1
35708920,4
6217351,0
33661115,2
17752460,4
27184204,3
27631241,2
25516805,2
22316489,4
31334629,0
5698175,1
33824334,4
36237853,1
31926470,1
3149370,2
12468823,4
12076092,4
12419875,4
35422392,4
11888635,0
15170450,2
39601218,4
34763208,4
37710662,1
39916655,3
35964994,1
33836647,3
5321186,0
31454438,4
36667061,4
32740048,3
1959188,1
7449395,1
28629911,2
23455341,4
5910703,0
15042945,2
22210251,0
14865572,0
36420970,2
28357582,4
5106358,3
13464759,2
34946062,3
24288780,4
29820370,3
34200551,2
34079787,3
36472879,1
13752507,4
15049333,1
1002072,2
32559406,0
19572248,0
33135354,3
13834472,4
2278150,1
29670109,0
19684765,4
31537305,2
15312170,3
35923078,1
27219849,0
30636014,3
39681631,1
23387488,1
24693024,3
18663956,2
20498469,4
30408127,1
26374648,0
6244272,3
19532344,4
35463419,1
37778176,3
18020849,2
29865518,2
33547061,0
7482959,2
7417701,1
23619426,2
30821951,1
23687011,1
19199944,2
13241200,4
37358499,4
16733716,4
12927060,2
17309356,0
26175761,3
35663109,3
11226252,2
39444808,0
25320719,4
19848965,4
12431826,4
34883086,1
39160750,4
3548937,1
35355657,2
31528600,2
25151108,3
34710482,4
36453888,4
29088467,4
19458344,4
37669177,2
22660581,4
32201138,3
37166827,3
38205540,3
28427651,3
8002282,2
32414960,4
2139823,4
22733642,2
39585179,4
32427110,4
25432139,1
16494560,1
8925293,0
3626619,1
20014811,4
25071242,1
18057029,1
30253141,1
35455991,0
31459439,1
34801132,1
15578416,0
37324106,3
18344996,4
36069211,3
7555335,2
3370996,1
6796722,0
24694887,0
38296748,1
25892181,1
17028562,1
32509261,1
22994881,4
26470151,3
28621908,4
39574813,2
14071096,0
36702120,4
6582183,0
34650978,1
28455413,3
22039057,0
16453746,4
35906395,0
35202289,1
31935514,4
24654209,2
22868900,1
14536167,0
37579374,2
28164874,3
5602265,4
28997120,4
25127899,4
27020950,1
27164129,0
18029074,1
29732282,1
32803223,4
21679401,4
35983172,0
28973150,4
1645962,4
33363613,0
29871460,3
38848471,2
24492345,1
16678006,1
37009788,4
35572308,1
39973360,4
31298298,4
32933480,2
21597078,0
37285708,4
1473625,1
39247527,3
34752521,4
27011143,0
2781186,1
3233674,1
36183763,0
19291738,1
9313999,1
22962474,4
14171719,2
23447411,3
25161449,3
19770147,3
26435738,1
24597761,4
14432020,4
4024972,1
10640623,1
16319878,4
32152166,2
32156071,2
9758513,3
14872061,1
39507592,4
5720233,1
33476561,4
16000228,4
27696154,1
22840985,4
31137414,0
33105045,3
21516322,2
9815077,4
31576270,2
38456295,4
22130727,2
37989239,2
20944212,4
19750890,1
23903848,1
34984174,1
15715597,1
15709933,3
25143621,2
32656758,1
1060745,1
23189610,4
23040727,3
30564792,1
27560764,4
603595,1
35725265,0
13169535,4
31690038,0
26261190,0
30164528,1
3453757,1
33094758,3
13475567,0
19364051,4
15204225,0
17113970,4
23028255,1
36902899,4
35348346,0
29868741,2
24921545,0
22134712,3
37233669,1
32966108,0
19410377,1
14159318,3
38949402,1
33084068,1
34107775,2
24011117,1
4291704,0
39524220,3
33667862,2
28715192,2
15998188,4
13860738,3
36146551,0
7456181,1
33639344,1
18390092,0
26880611,3
37897851,4
14158947,0
15876307,0
28529852,1
13232935,1
23974147,2
15597439,3
32800168,4
33790105,1
22059989,1
11100244,3
4873679,0
2540043,4
8437792,1
24633664,3
32546804,2
9182462,3
1158108,1
22183205,3
27261662,3
25729867,1
4211454,1
27843361,0
37742895,4
10267817,4
33681546,1
35391579,2
29972682,4
32936215,2
34563522,3
25106498,4
39734786,4
39263563,2
26698044,2
38237460,3
22486663,0
40075008,1
11480589,1
17143015,0
19412835,0
24259329,2
38857855,4
6896589,2
6725771,3
4403289,1
15580869,4
9143506,4
30754693,0
37396046,3
35026040,4
9850261,0
9816816,1
15214386,0
15456804,4
25796309,3
32041223,0
38448638,1
8795698,3
31276585,3
19096808,2
21330829,4
5554100,2
14541182,1
23379357,4
30278454,4
19644391,0
30229119,4
38138143,4
13033060,0
22795148,0
5228717,0
18195758,3
9142264,4
20154390,4
8844073,0
8234723,1
20886565,1
29914293,0
33251246,3
39131424,3
20780419,4
32975871,3
30822124,2
27537530,1
23734899,3
12368485,3
5708352,4
24210405,1
33735914,4
36045610,0
16535995,2
25076058,0
25474562,1
28495905,4
32788991,2
33678995,1
23392041,3
29847145,2
38458288,0
39495994,1
36481763,0
33934948,4
32090714,2
20928787,2
25123127,3
9795431,4
16803835,4
38084537,1
32049122,3
13077638,4
34415398,0
37482313,4
19498063,4
20584889,2
25387251,3
19403532,1
39639806,4
32980559,1
18038003,4
27350599,2
35794897,1
32311048,0
29922108,4
12899431,1
886238,1
33191477,0
28302556,4
24456314,3
17334993,3
31617858,1
25998282,4
2768038,4
13305767,0
8983019,2
6940257,1
19276731,4
10756383,1
33449279,2
30301112,2
17671733,0
26581666,3
33068747,0
35468907,2
38740631,2
25503926,0
30715650,1
38858982,0
5500563,1
30068578,4
20183020,4
17520927,4
15208543,1
6359881,4
11249941,0
27967298,1
28258873,2
19962495,3
21465903,3
27048746,1
26188666,0
30352394,4
38744747,0
17110379,3
22843336,2
31148251,4
38213819,4
32999363,2
30176479,0
33200025,2
29207107,2
24231994,1
11351110,1
37620761,4
38491963,1
20665895,1
32671247,4
5577425,4
37081085,3
24663332,4
11076018,1
19254974,4
20067316,1
26796316,3
4882674,1
29180739,3
10689273,1
20277394,1
37368152,1
9529428,4
35328487,3
36969724,3
2201867,4
5764449,0
29519051,3
22571800,4
36608834,4
36945410,1
34913005,3
8556724,1
37014153,4
7060534,1
34377278,3
34106696,4
23393687,1
38425775,4
32443901,0
34179675,3
5441961,2
8918847,0
26879942,0
14423896,4
22273985,4
19274503,4
3419202,3
210629,4
26626238,4
37529333,4
3452489,1
25257932,2
3467723,0
38000237,4
5617322,1
36834574,1
9832622,2
37750899,2
9307836,4
25212804,2
11807955,0
328964,4
36243708,2
24075340,2
32620164,2
19694360,0
38427570,0
29069306,0
2233422,2
28774824,1
12935407,0
34090316,4
3899593,4
22177059,1
34483142,1
11125690,0
883520,2
32039423,0
31100948,1
2526589,1
8356907,4
33843860,2
39964728,4
30802158,1
34429375,0
18263285,4
22572768,1
13714790,3
19712395,1
37055664,3
39952592,2
39995912,3
17386151,3
11601243,2
21923120,3
2619129,0
7362770,2
21352925,3
6963302,1
28099106,2
9644784,4
6450228,1
1386093,1
3497223,4
28489598,3
19898403,4
33113135,4
13094829,4
39227706,4
13993492,1
6855984,1
36841861,1
8074850,3
15296126,2
33831289,4
33536525,4
302867,2
35702535,2
29835163,1
36023521,4
37134281,0
11574850,0
39998184,3
38839828,1
38977929,3
26410206,4
35559678,1
8689825,1
13982442,0
14026851,0
807863,4
33228369,4
7772253,3
11861704,1
22995375,0
22553679,0
29437675,3
20553596,1
11563816,2
32902832,3
34789658,2
19630737,4
11518252,4
30387793,1
23184410,1
17862520,1
32193211,2
29880154,0
24665536,0
38602884,3
15515218,4
27993036,3
30024717,0
19393677,4
39946601,3
19704067,1
3690380,2
15004838,4
18117806,2
27181990,4
39043417,1
15341762,3
34798558,1
29957968,4
21512305,3
36815187,3
330383,4
21222458,2
12086724,4
21961037,0
3687702,4
32540422,4
2301458,1
8814383,1
32160439,2
6807459,3
30337602,4
30539564,4
12521575,0
26404893,1
30094682,3
32655778,4
36343197,1
37283514,2
26083293,3
29347626,3
35880249,2
17066451,4
23232463,4
38026431,3
1918270,3
30684872,0
10888373,1
24932730,2
34740102,2
2085592,0
11062417,2
34143988,4
12855534,0
27887393,2
11371415,0
27421282,0
36006248,4
5848184,1
33969479,0
1776290,1
35765317,3
31237499,4
17535127,3
23156116,4
16971396,4
16396599,4
16267450,2
19645908,0
10459041,1
13111899,1
18249177,2
28489031,4
20098238,4
39580427,3
35210564,2
2419416,1
6734487,1
32071337,2
14396178,4
30222389,4
33593485,4
32216391,2
8186828,0
26578264,3
24884756,0
37276888,3
29219386,1
32612026,3
37634370,3
16720033,1
19227798,4
478655,0
36250928,0
7585617,1
31459325,2
39963452,1
8280533,4
29190966,3
33821264,2
35643326,4
22133694,4
7614869,0
35603454,3
38529246,4
16514138,1
6101902,3
1122691,4
20434470,3
32699740,4
36002197,3
37917208,0
34357439,1
33760441,1
30251145,0
24621808,0
37559279,1
10055045,4
13070759,1
24017943,0
25796140,0
37623036,4
6541771,1
30133278,1
12564043,4
11732792,0
1052613,0
17065009,2
33611969,1
32354312,3
2773164,2
28246304,0
8328493,1
31592791,4
24101426,4
1734001,1
39926533,0
22095074,0
36600293,0
12010140,1
6356041,4
27221223,0
38243055,3
37124512,3
36364357,2
22968652,2
30372907,1
19710362,0
10146959,0
27735999,2
29307448,4
6320954,1
27818607,3
37037751,3
4064464,4
16327107,0
2541254,2
33077395,0
26207392,3
27208413,4
23056739,1
34046626,4
24371304,4
39165078,4
17046421,1
6824062,0
26198847,1
35963509,3
23062193,3
26588154,4
36242349,4
19821525,3
32881905,4
2581217,1
14992675,1
33153821,4
4088731,4
26080808,0
35454093,1
10566382,0
13323929,4
12056115,3
39642663,1
12432130,1
27098762,4
38602963,2
6834388,1
37354691,1
12124959,1
27333915,3
29517825,2
35153942,1
15603356,1
20182748,4
13055776,4
2207875,0
24739533,1
36308320,1
29861653,4
24511046,0
17633734,0
34030573,4
33426715,1
23378076,3
25898282,2
28003189,4
24414647,2
24060728,4
27670396,4
35425476,3
901704,0
26428941,4
6321795,4
12785133,1
15649257,0
35735064,0
37174909,0
19200608,0
14905866,1
23599650,4
19657301,0
19394099,1
8247151,0
22648641,1
3460867,2
3936798,0
36442900,2
18700929,0
34434353,4
23066149,2
13854472,4
30492556,4
13820954,1
36766355,1
34020508,0
30990342,3
16078366,2
21393454,3
19160571,2
18129860,0
16797459,4
34323570,3
6678266,1
23229649,1
16746609,4
32697958,3
36590898,2
28551122,2
36076136,4
3762199,1
34004922,4
35620938,1
24212450,0
6031007,1
12623571,3
8193965,4
38599261,4
18657935,4
32099273,3
30082300,3
9108238,1
2939070,1
14003924,2
24806069,1
35281989,4
13324439,3
39400302,1
29382145,4
16042773,4
37733892,3
35437458,0
15898798,2
35483111,4
12925227,1
17995668,1
34187515,0
24481169,2
30654895,4
11943831,0
1315425,1
3096953,4
7501557,0
27554036,4
33461115,0
4525735,0
14783714,1
6243276,1
30227503,4
26271715,4
27241726,0
3112469,3
27872305,4
33373465,3
5966852,0
15933588,3
3137685,0
14660541,1
38057096,4
23255308,3
31308318,1
26313520,4
29933701,3
25397971,2
28155383,4
21682086,1
10499258,0
8543730,1
28733625,2
23737316,3
27531010,0
29931461,0
9223579,1
30732569,2
15118741,4
37480466,3
22402599,2
29871621,4
10513235,2
27900812,1
30449763,4
5853948,0
8718878,3
12995925,1
3139922,2
39946750,4
1224585,1
34146628,1
12014042,1
28209329,1
29612259,0
31124329,0
31130450,1
16307640,2
36702370,4
35402874,2
29682133,0
8275746,3
28664813,1
31728810,1
4616272,0
10545041,1
38985598,3
11487036,3
35678215,0
5249917,1
12651618,4
32550269,1
8749505,0
5263712,1
30771652,1
31328367,4
618827,1
23846973,2
27468051,1
10693808,0
34544588,0
31621154,1
25311754,1
12885860,4
31393322,0
29030682,1
37840809,2
25455462,2
9933920,1
16903409,2
35963592,2
1059594,1
7769419,4
118467,0
39879746,0
17737638,2
28038453,0
36186554,4
18647236,0
22874513,3
27767662,1
5791766,1
10340439,0
8647735,4
39734304,3
22002726,2
14896982,0
18899648,3
11062773,3
31436881,4
16198789,2
28074495,0
36693486,2
36907242,0
14694834,0
28440708,1
24705646,2
6094171,4
16953149,1
12864911,0
29321077,4
33176278,4
36212494,1
6474549,0
21659375,0
8402176,1
29590988,4
30233109,3
36377688,3
1998261,4
32608199,3
16774889,1
32930452,4
23784905,4
295670,1
35439244,4
16517303,1
28694021,4
35945362,4
35104067,0
33493723,4
16332861,4
5638334,4
36795745,4
28228218,4
37959724,4
35838690,4
7117318,1
26558617,1
36757965,4
