Id,dominant_topic,topic_weight
28086865,0,0.7067858298758769
39663117,4,0.9548768247360461
37259168,8,0.8183304001891836
22412231,8,0.6648681152047611
25090735,7,0.24760459781945293
25279059,1,0.5486694638159861
22719224,2,0.4252742026208665
7549662,3,0.6468260801417014
28233633,6,0.4143116924623816
40091963,4,0.9151953912315642
1366274,8,0.41909364185739334
1751959,1,0.5050408275911591
11596423,6,0.5729174746529679
23042962,0,0.3405019280553646
4638806,6,0.4055485237087241
4585692,8,0.49660240560694785
39397720,1,0.29104413020098374
35880247,6,0.5386645290752582
32969757,2,0.7367495190745291
2323080,7,0.4653419670842581
32535816,8,0.49475525995343256
20383151,3,0.7526423991119191
3610071,6,0.5204140279446734
13596408,6,0.7143157212887447
39970303,6,0.43922000364629527
38164587,6,0.5105314536440633
19094441,5,0.8708085514110285
26077231,4,0.4932345037031941
39066567,4,0.4138463211147432
27462337,6,0.3372183642870501
22865573,1,0.5180493733391608
22739592,5,0.5477336147523736
23785155,6,0.5632197407641532
39231607,1,0.5597803506091099
39518350,1,0.4838369130009074
25571861,3,0.6534644041978402
31614866,0,0.8756389362376825
15745418,6,0.5412115239302546
15900883,7,0.5947663416835752
32023183,1,0.6894395003072875
39549494,1,0.7261152829579237
38895185,2,0.9033245814730411
35792905,6,0.8629893034329574
17717282,6,0.5474664107641413
11040626,4,0.9790381499064804
36747114,2,0.33128587029924556
3695202,0,0.2836307635318937
29552575,5,0.8596159308018091
21058514,6,0.4318136873886064
33769143,0,0.32671824753794737
6239042,7,0.48677240320574244
13144158,6,0.8140422447777835
34278866,8,0.4503341939942538
26080958,8,0.5313950273703327
5834054,0,0.5196168725239447
25705544,5,0.4203035459180886
27542341,0,0.5950560685632484
38316294,5,0.5601495953937932
20110006,6,0.37261061393377215
33127008,8,0.4684312925418532
18596189,0,0.5839888804878681
2483840,6,0.7501425575293731
20803932,6,0.2911901102661752
4848965,2,0.34277220784145235
27056575,0,0.781231352927201
8701419,0,0.32757511416235585
4690155,3,0.5347190802549419
26673267,2,0.7473708374396844
32463870,0,0.6469573515536747
36908926,8,0.49118305661028117
19472499,6,0.5027253329771798
38780122,1,0.5399515375177583
37015876,6,0.40434823619365606
12030085,6,0.5338370858808811
29859761,6,0.3688657921582648
33753832,6,0.9184281080944929
4676973,3,0.40226848769178336
39111903,0,0.45563455161477123
27177212,7,0.8097223171929219
22108306,0,0.8409530652630453
38792077,6,0.3107870261936597
32589767,8,0.36609296242471495
3402694,1,0.3827850148350441
35942081,6,0.42644144424628566
26753268,5,0.7705847400550396
26487648,6,0.5219557531070118
19338748,3,0.6917687775229223
19111047,6,0.6775355892804883
13980656,6,0.4555503623317738
30849351,0,0.7642722956178093
33655933,4,0.3416761801014569
13163895,7,0.4980753984966966
13356680,6,0.37366851797886225
16991754,8,0.8002734909705562
18380766,4,0.2794652075947681
5522524,8,0.7328197811250963
39521924,3,0.4513172166355513
36795424,3,0.5044970469850799
19665125,0,0.39684492807117044
33792478,1,0.5712568905585166
4054254,6,0.7173752265882265
25109001,0,0.45169292957904533
2631311,6,0.6853477215570776
843277,6,0.4583441153988716
38879470,0,0.9623168717229528
32906669,6,0.9999999999746773
23873048,0,0.22099635887203664
31350589,8,0.6196714556470615
37730751,0,0.8300295867675339
11816236,8,0.36442939249150813
11376381,5,0.40077254936615764
36053881,7,0.8018162605483313
13336798,6,0.6724508987223683
20298058,3,0.5196120922303762
3068408,3,0.3031576141810151
21465348,4,0.9801996613089962
37066402,7,0.7278084151288172
34394344,6,0.38570312163974685
36447378,6,0.28486328698932384
5075335,6,0.9999999999780993
36507334,7,0.8031359549563469
25709818,5,0.8853586432167034
35046142,0,0.4461100909281765
38591938,0,0.6463000482166612
37390827,1,0.9374215785379064
32683412,6,0.47212257044015316
34880137,8,0.3559302833612926
27434689,6,0.4482865635751259
34708972,0,0.20236549593405648
7765113,7,0.4263261498088553
37864425,8,0.4680928565192473
6107905,6,0.8174149688093797
39978375,6,0.5800436639464396
4968210,2,0.24378410481727097
25462305,0,0.40332867544650514
35641116,0,0.7696396819686644
36816386,8,0.760126560011951
34683400,0,0.6154676334461509
36820171,6,0.5598991618431022
26005274,0,0.5437344444734247
38477881,6,0.3171309800526477
10639333,0,0.45686456759075766
25387745,6,0.3606566689657057
40113343,0,0.3682046193588812
29080279,6,0.4421340821089457
26615756,7,0.8790497306612388
6655724,3,0.38790073899064265
38876562,5,0.31959651501361
33592626,6,0.8229336623131926
29144956,8,0.5571266566689015
23970227,6,0.5641830344421571
5531249,4,0.45983683972303385
35224978,3,0.8131417584318429
6650906,3,0.7563697663625579
24037441,6,0.3060677298869001
12311196,6,0.7586530467665488
1056675,1,0.6560280431132829
24020720,0,0.587900801969048
14319771,7,0.5911914526470625
5289680,7,0.7720317593807808
19919987,8,0.44552256773611915
22127346,7,0.5273624980999307
22983523,4,0.8228870122831617
10587826,6,0.50882639569604
29581718,0,0.3111359449121061
21897420,1,0.7416742826187298
24419845,6,0.7567733272042192
28624489,7,0.6612497151621192
1693945,5,0.35474747268269424
17124199,8,0.5749152261695889
21397455,3,0.9543798493546957
16494824,7,0.40785668845933076
21436163,7,0.6412789615562589
18896682,1,0.7463357006240371
17621531,3,0.8071085049123244
36534795,0,0.6361666183050406
34381588,0,0.4722269016603371
31538738,6,0.5819780527489288
36813851,5,0.3600753963270221
17173743,5,0.5018345579602131
17327389,6,0.37995220670469576
39341571,8,0.2880060968974868
18968660,5,0.8814584162503446
12485148,6,0.5598576734063101
32705146,4,0.5843863764197644
9584565,0,0.43888222530233256
39331369,7,0.5987307052074317
16059073,6,0.4771241337681733
31253866,6,0.9095002319088397
24743446,6,0.7502743351996751
2465675,2,0.49534721151144157
4713589,8,0.7000334457410069
19216046,6,0.5722387038688704
13369009,5,0.5574427737391269
37541248,3,0.2631767659751683
36518512,2,0.8712026890143477
29408529,8,0.47536724248795
23617898,1,0.859236038312797
40006924,5,0.7518668345247224
39394936,6,0.30252541426839585
34352419,3,0.8220663438512031
22731782,0,0.9999999999752288
19484161,2,0.45341981895348266
18352815,7,0.8175770713482242
4255854,7,0.29718019909250776
4717238,8,0.44319407257233745
38704586,6,0.7344996899574742
33572928,0,0.6031416930633935
35846053,0,0.9999999999711744
38343972,4,0.5860870858589278
39396222,2,0.6696152708745389
3842927,8,0.4576649742625311
15966537,3,0.5043711854234421
23154821,0,0.7691809123548089
23580176,6,0.7310158685090634
3489451,5,0.43658110347902984
34052977,0,0.49554794777667915
8358781,7,0.6219667257208267
5566160,6,0.5384771938301074
9952655,7,0.24833801276936554
5258402,6,0.8137958718151935
35822563,7,0.8712492028881943
11601629,0,0.600131378685752
7184454,8,0.5476701780833982
23779995,2,0.7045155321819464
18767257,1,0.3961793020785955
10292057,1,0.42724197004210973
9193773,6,0.9855691780295146
15194061,0,0.4250902353988374
33452601,0,0.48324435566147583
13664861,3,0.32536417884223146
29922373,1,0.5367266722169718
28410763,1,0.28551969610850614
35006204,4,0.5258013017903888
11017984,5,0.5459893569343057
10459673,0,0.5083461175995839
36854690,8,0.3538339764442608
20129259,6,0.788160842964728
21434728,5,0.32392845851735186
18667053,7,0.6194237950768617
39448604,7,0.47280196641622274
9852226,8,0.28726274387033257
34452680,8,0.43462272468781965
18821795,5,0.6274956520026275
10903748,5,0.6109199939787077
25375057,0,0.32920390345660516
32723802,5,0.7635255748004617
16044668,2,0.7954574152266872
26770121,8,0.3090654039463992
15661231,6,0.35045303653170146
21403044,2,0.6891304893970677
18946286,1,0.5008463334269716
35625488,1,0.779147041350137
36301179,6,0.6088984418686232
23963369,5,0.37100472207498214
21047921,0,0.6613039195735192
28677597,0,0.728627850222914
16597396,7,0.40510808642806884
19430190,0,0.5715096422333258
28085788,5,0.7064313526744653
16664360,6,0.28920630947465314
8973238,1,0.4961562472715837
38343213,1,0.4643315713427351
16329869,4,0.5022623084826674
14621310,8,0.49740069065533843
27524817,1,0.5245885593816861
29029077,6,0.3148260830034653
8573464,6,0.6137352670559844
28930706,6,0.45150372127501026
18486244,0,0.6490006501818808
28384690,3,0.5626920056223655
3905548,6,0.5775046946534028
18689026,0,0.4159357335893577
36689898,4,0.36312444056970283
5513615,0,0.5845315967839483
14902299,7,0.6285964384128878
38579256,0,0.5155429660880485
6871686,3,0.765146352556986
10424987,8,0.3221429960996131
33492593,0,0.44163955781055847
27440989,3,0.4576386467800641
2193009,3,0.6949176883473797
31419145,6,0.7661577014028222
30025502,0,0.9999999999787348
15265319,6,0.6742277569833371
38289432,0,0.31919649526528365
36697521,4,0.8119135700035617
38038700,0,0.5403844902667491
35440222,6,0.7293426858692478
31400143,4,0.6308522891362538
9014056,0,0.3805508043432433
27118886,2,0.3902362396358012
40027392,0,0.27052064715705926
32078763,8,0.5315712418684675
25064271,2,0.7903491588875765
19833315,3,0.6107854678690251
17202946,3,0.5815258884131904
1258199,4,0.504572360172948
21705101,0,0.3803566270154149
29832659,5,0.7922587642113234
16816379,8,0.35977565963783126
20202639,6,0.4274170126081942
822195,6,0.5840133809073635
37467812,5,0.4352881112522907
39847007,1,0.6061116478893082
11268039,7,0.8070853252832585
29621334,0,0.48801717146445117
17459700,6,0.3940624460720745
3165213,0,0.5006490635110967
31473998,1,0.6714310140198689
22301531,0,0.467634304400895
22787091,6,0.3924330084417666
25903242,0,0.9999999999778009
30699806,5,0.36085812938142137
34071495,3,0.8384623366434468
39128412,3,0.825387956879826
37749111,2,0.5878222301001734
14734492,1,0.5014269336617879
13167852,8,0.9623484790028459
39721813,2,0.7039640228208651
30444863,2,0.5556256460670174
28228720,6,0.2863349054312406
30016119,5,0.7401653753530264
20109487,6,0.7220608436749397
35461213,4,0.5267754827204613
17528842,0,0.5745333039500601
34133667,5,0.7164002338025687
13446989,6,0.5534544487297869
16435697,4,0.6545652844099353
12612229,8,0.6632825061206915
17412087,6,0.6230512426749538
35505498,6,0.8380757602115371
34422238,0,0.834633872050554
27810898,7,0.4001721724174949
17229045,1,0.6078599182658807
22254151,8,0.6452953144560801
25319851,5,0.6320109219126615
20966102,6,0.5198227574379648
38117824,8,0.455515525034466
17384485,8,0.46894992156536314
8320106,8,0.7327767882260356
39151443,4,0.8395465195904871
992136,6,0.9999999999827774
26984555,0,0.22636687383784954
24422724,6,0.7848102001983623
19693782,3,0.5656509105776729
12139428,7,0.3861562549658159
24286544,0,0.7083506793159149
14863576,0,0.8537705837111021
26214245,0,0.49563445408033374
25379098,6,0.5752118227757089
9526873,1,0.6052347385726276
7385374,6,0.6131528704525001
928806,3,0.4812896050763876
3861148,3,0.6057531396712478
39533524,8,0.3956911770557192
31946790,3,0.45783307805864765
32689758,5,0.9430315803122361
22946117,7,0.48490617467223857
15555589,0,0.4162202445485305
3134850,2,0.45826355179707196
10831075,6,0.9678587551757245
20629113,6,0.68922122020287
28917968,7,0.557410690207735
28999332,6,0.5379649547825346
21739518,6,0.8067060843541646
18241359,5,0.6628103531607317
13010551,4,0.3529748056953598
11651188,8,0.4918822088484683
9100431,6,0.29108796896492406
34657480,1,0.2990714900951459
15898829,6,0.3086156984552117
13729394,7,0.44642824968416733
6603448,4,0.45758268623187587
4293408,0,0.5739984499079132
28862412,4,0.6857514305275997
35590796,3,0.6336417404520664
21735827,0,0.49210066208903963
23111625,8,0.3819409787029739
13093806,8,0.6546857694380659
33426634,7,0.41860196757714696
30032701,2,0.33194012983387194
15622082,6,0.2538364562603672
17819311,3,0.43485794561198743
7381998,3,0.4617830773601957
36169342,7,0.4305052105064541
22120887,4,0.3988084070058878
11850762,8,0.4949043200691456
25726289,6,0.6082978295779238
13792798,5,0.6441709329771053
31657423,8,0.7804721587071578
19655688,8,0.5892898438546663
23409982,4,0.4731298074546836
23704826,4,0.6071992122466879
8535913,4,0.3503483605597047
24540431,5,0.9456819720569923
23021976,0,0.2897282627515216
7199405,7,0.4156994627165219
36447597,3,0.4521094913949325
22386064,5,0.5333240634722941
32660596,3,0.47930490766444245
34662357,8,0.46955044312623423
37166891,2,0.41641782130201216
22411463,6,0.8805462857855624
8953035,0,0.4508244274881653
1905396,7,0.3974643685372316
27208757,3,0.7310030405237895
9645924,1,0.6653410098737292
39509080,5,0.4977915818764317
11366294,6,0.5695739372447356
36385992,6,0.7274046918404873
7969552,0,0.7095819686959457
29418117,1,0.7900449504634389
9486345,2,0.3162707517509488
10773372,6,0.29473882119638295
13936169,6,0.4396365316545356
33680750,5,0.9999999999911243
29471617,2,0.4434655587344611
33971496,2,0.8235593723168767
35585362,7,0.35970899179754573
32177449,3,0.48502870547506
11388632,6,0.41540437000335084
1111173,2,0.46857118000796527
30036443,3,0.5246663733734723
17320133,8,0.8781537860370933
12853628,6,0.4109416666720927
23159019,0,0.7164842793783075
1956249,0,0.3544148040486147
35722096,5,0.3525206057291458
18799033,6,0.6383538261907782
6438260,1,0.6741832240621463
19782309,1,0.3585414011290952
13018266,7,0.36543846712544764
34336273,0,0.48967810783981713
12851374,6,0.6123968918396973
15821830,6,0.2728057098312753
17060930,7,0.7620501389149703
28267756,0,0.44312817284219114
38778676,1,0.4593882495781789
32358269,8,0.7366263202472229
21886526,0,0.36218617293371846
14413661,5,0.33038199232964394
4113014,7,0.6753179568064807
26897759,4,0.4192309229122345
38618888,0,0.4569407350746576
3442920,6,0.536681213237417
23800972,6,0.3640924196563013
31063601,6,0.6233686515772259
28705834,5,0.6638699238224183
27607638,4,0.5582034028048
6931039,0,0.9701266465294582
35761561,0,0.9999999999764957
28288395,6,0.5570556064365441
32874900,0,0.907395970224128
38071436,4,0.5836019413032795
27219759,0,0.38601606519205656
21158731,3,0.3491333829096829
26361113,7,0.4171253534191518
27034416,0,0.4507325848423554
22253695,2,0.4908367355662144
11622692,5,0.9021362064890782
16837642,6,0.5975938624107004
3894923,8,0.7216978030883774
17438943,7,0.2629060065303989
37732552,6,0.3864309200538395
23809636,2,0.9999999999936707
39143465,6,0.6787638160118731
10866990,2,0.9377444597392993
17197406,7,0.8959803409238012
2470121,6,0.5969613177748381
34005479,5,0.5123547684062255
32079691,0,0.5360042614008739
28477877,3,0.7088554614347784
10497342,3,0.4327462262617957
22534552,7,0.25797742291517084
14922533,1,0.7434803456377769
35593961,6,0.7956608331043913
32141623,3,0.4464401954032926
35583510,3,0.6949253564622607
12170262,8,0.4137211145833084
28022998,0,0.9999999999772353
25775965,7,0.5692561477411459
22891586,3,0.7165259001787305
7973002,6,0.3987724731385049
11798323,7,0.6240642433562688
35330733,8,0.37472995874805254
14429724,8,0.44126983991707047
18598238,5,0.972581495471288
14195544,6,0.30829861510521056
17005775,3,0.5477027687661185
33325603,3,0.43698681818245266
16787725,4,0.31935822152259946
38960196,0,0.8592702559018273
39829846,6,0.3987278361463137
26278348,6,0.6666728810850261
6203653,6,0.5365622174570629
37865763,4,0.5956231447643655
36491375,0,0.372209444804942
23833324,6,0.6386042119473329
30585679,5,0.9904513332109695
34462682,0,0.6374333511626121
18456841,2,0.6967456796587953
7070693,6,0.4616927614375918
16387597,0,0.6397199973854133
23295868,2,0.4583026132897714
21045437,3,0.4732221347948954
32334346,0,0.6037240279970977
12810499,5,0.9638424540758393
24109713,3,0.33711010448248263
23891486,1,0.4145091324917584
36362175,4,0.6347631479468862
29701951,6,0.4880220783694502
5315873,4,0.45263060602277144
40140412,7,0.5337318386248994
22436864,6,0.46340548513910923
14236633,7,0.4126074506277723
38881888,0,0.32620679101211575
38807067,1,0.2698880456576611
22848533,6,0.5798178194858432
23711762,6,0.47132564726983983
5164307,2,0.5284354415900026
3898572,6,0.7728207398987759
4360636,6,0.75372660025224
31402734,5,0.4257401484452746
23872285,8,0.6593701411615355
1431936,6,0.9006166279445741
39407747,1,0.2571149597662944
27883769,5,0.45209086312466445
4888440,6,0.5482423240269025
37022787,5,0.46111124187477504
24624809,1,0.8138307478142504
19610240,7,0.7502949744444783
19617959,8,0.8294243899396292
34714863,1,0.6686608893158213
818942,6,0.6744228998153982
29244434,2,0.6405086418547261
33333980,3,0.41548902843947344
1229414,8,0.37284900886359873
23506306,0,0.8708659836739507
22603750,6,0.9999999999848611
38723055,6,0.3364941137020411
39836449,4,0.3239233784564973
34411047,3,0.7142738293991353
33979709,4,0.5380332155128048
34525893,0,0.7885083458265121
12328678,6,0.5688480238057719
31111493,1,0.9574702797750972
38367206,8,0.6403653283925678
22665833,4,0.7376550401492427
8779497,7,0.7829118109102695
28722677,8,0.639979044316857
38384829,6,0.5156698325581608
13824973,4,0.83181442976112
9770133,3,0.5596728049853442
29566846,3,0.6281454590042065
14579231,3,0.8637189795749998
33658216,8,0.3656713868609476
22561495,4,0.9006751140874037
5918633,6,0.5968657391823464
34383951,6,0.67646011373525
27575354,0,0.6217148446177679
11228153,6,0.38666811953709457
3407414,0,0.6726638665928165
16813088,0,0.5188699237841377
2038247,6,0.8106244315134209
33713149,4,0.4449421801422254
5445462,0,0.45455264835517284
31872863,0,0.4266988035153856
3486372,7,0.557397369166221
17492923,4,0.5755017198665605
24058127,7,0.47895812893601886
22787826,7,0.609724380485615
24404729,6,0.4187402444774776
7768633,7,0.40938048521321635
8930370,6,0.3542029651888045
34584484,0,0.6016552716803492
17370820,5,0.5208342602638824
28658918,5,0.39045604956997987
25285665,3,0.32350737744511304
14588682,6,0.47927163968037156
23205147,5,0.8668997728686197
11897028,6,0.46868343590458567
28078327,6,0.5910887336035197
26698401,0,0.26294639431942674
33720318,1,0.822339010115474
553019,6,0.441096964054769
40121221,4,0.3898765324778937
31960214,3,0.4706531039985692
24981505,5,0.6209587011211491
24607358,8,0.7668039439644202
37302934,2,0.3871740839036168
23839662,0,0.7431957941700376
29901471,8,0.5665785452703095
24834926,8,0.37799063306304154
24087593,6,0.5569547063422586
36258215,0,0.9482669690536069
28119877,3,0.5614650341689658
3730616,1,0.6931500680471001
32991977,3,0.8407903115775818
2828962,6,0.525104607579521
32040304,5,0.8028230316140547
26805232,7,0.37777354841365013
24056286,8,0.7327728981965165
21039589,6,0.5873140776053172
15807611,6,0.4958502301477609
9870182,1,0.5823041127791779
21922382,0,0.5954674062291558
16500443,3,0.3719005673950474
22156574,6,0.5099538314240709
7829007,0,0.44838637991773445
33751388,4,0.5099480184476655
7629288,6,0.44934437264282456
22133696,7,0.38247908844409884
32121236,0,0.5297710767582401
2828059,5,0.8280846722023635
2041978,6,0.5211815637406974
22251169,1,0.5521226161130851
15258017,6,0.44887954301790123
26187054,4,0.5193552938908224
14258702,7,0.6696561428634146
31949339,7,0.30593240925263177
38679516,8,0.42998440924399994
27194710,5,0.7625038126888393
29847082,5,0.6768539441804428
27959962,3,0.3321742306312351
25914854,8,0.40006109682575886
19261392,5,0.8075166872661209
25490432,6,0.5626978502638336
21640880,6,0.6990834227266804
25455067,4,0.9541646024691062
27790357,5,0.8054919615079331
8449454,0,0.9146194306293329
19169352,8,0.5781729530083122
29743523,5,0.46529812386646247
33657182,0,0.3763734962771337
4295799,3,0.5645054273344444
39084519,5,0.7253909477432486
25720742,6,0.6728683640301482
35540265,3,0.3640201865640404
15947517,3,0.3934938715497544
10475448,6,0.6447679451395684
22878113,0,0.41577552972228304
16022579,2,0.8396347433490565
35984404,4,0.4929753040673972
26876438,6,0.5441043357674034
10018679,0,0.996440430211492
34257693,1,0.7604092262779534
31795092,0,0.4327197502373678
9445835,8,0.48969266041662035
19527097,6,0.41725464991088307
14658945,5,0.955932791423233
762764,2,0.23101976846108874
24591917,0,0.5915747552732658
38237598,6,0.8551291956247088
1842389,7,0.46978621304602014
23618728,1,0.4775269870839243
29545601,6,0.3913214578888856
31307014,4,0.7471332582472694
38447314,8,0.4615586211620866
14621224,1,0.6277250308253647
2415842,3,0.5315406772941333
20502312,3,0.7806071937847342
21113773,8,0.49578605655096525
31487381,0,0.2665600273226112
16700779,8,0.3960083594056288
14533936,8,0.2841844677828122
32485542,1,0.8060007760113396
32813162,6,0.28365519723743915
30834395,7,0.4585809542205135
33405490,2,0.5838459618116061
28882496,0,0.4362680873150814
7556499,5,0.7328839786899822
32740320,6,0.6192004012609458
11481618,0,0.7446264410648913
24376574,5,0.4023003217179011
38219558,0,0.6486875188564618
28520450,6,0.8899531127608834
36131003,7,0.22892767341736528
8299270,6,0.4771810642345672
23234436,0,0.32810234113154696
37830512,5,0.4005876261191781
5403138,0,0.45167819164699524
37662869,6,0.6831829127157842
3586295,7,0.6255268510679541
35258750,4,0.7821934955967673
33713501,7,0.5278562974003108
24057239,1,0.5673735727810971
18478240,5,0.5633475405658137
35696980,7,0.8194229208393946
16022245,0,0.8297421941245564
2524998,5,0.34845781709395524
35332978,5,0.33764127144670236
16981303,8,0.8443805241983604
34662173,4,0.3001437577256214
37471079,8,0.6499523245289273
6162823,0,0.9357123142985048
36163949,7,0.6348248075685199
15378537,2,0.41567073836396673
38708729,7,0.34751333598075285
16110968,7,0.6855850207866049
27772934,0,0.19838317814378165
21784116,7,0.3122131779890223
11824137,7,0.6241909806205101
22899536,0,0.6300513063716499
34322896,6,0.43951548146282604
20444155,0,0.4303745611516208
15541418,0,0.4534660812847949
39776675,7,0.5991192421387918
37019240,5,0.6051853920002392
12559778,1,0.5638456130760127
12658224,7,0.7389538470830249
30380551,6,0.35498784230478003
39214277,3,0.6269504294763935
29973598,6,0.8958960845845674
26642433,0,0.9429579271082609
36152287,0,0.5082248402341777
4098197,6,0.19659274152991452
36894878,6,0.40698080335225517
11059203,3,0.4375859506793912
39792641,7,0.41213910179276747
1364583,3,0.6089404197576713
6912867,7,0.732337924820455
12289861,7,0.42635923271113435
2743070,7,0.27386666424027484
19715854,6,0.3751176231358669
26352833,8,0.8384763604137048
15638468,2,0.40586045384364405
18117748,3,0.36022978445708276
18324753,2,0.24904994762311278
26762053,2,0.9123176513633683
18915481,6,0.48624442565218323
21285022,7,0.5712052655999165
1720743,6,0.5941314275290738
37579590,4,0.8603533820978837
6322158,6,0.7585159908479606
36091759,1,0.4196250134288551
36764709,6,0.45579587170736785
8590813,8,0.6048959247826321
8904271,0,0.7407566438454317
13209539,1,0.2928414889418645
32877873,0,0.74729289679796
1325568,6,0.5677514768346867
35287254,6,0.5956690124615031
34957004,8,0.7030602521261159
34064104,4,0.28865318217233116
38808452,7,0.6377841745102668
14006028,2,0.5228713042456925
26683509,0,0.9999999999771217
34755256,7,0.5028150437002418
20136274,6,0.43791968599647424
13111025,4,0.5536465496692673
18838328,8,0.6683747893658334
27284196,6,0.4091467080624467
27990497,4,0.6312555076646664
18581174,6,0.4171135656284571
33929929,3,0.6270356219387991
37289559,6,0.38962712134635435
18883222,5,0.5666426514626487
19441031,6,0.7176608109768329
30293680,0,0.41040240980649717
29300175,6,0.6697502438327633
550804,8,0.3492852235505564
19228711,6,0.4596634603217211
38361224,8,0.3461411394772206
4476354,1,0.44577629452742623
19961071,0,0.37355578692620783
39408038,4,0.8875467740583889
25663653,1,0.6049097028047878
23378498,7,0.6570970886535791
33442872,1,0.7723293203768915
5772148,0,0.695863102458736
29641616,6,0.5381604732445302
17039151,6,0.3407012597581457
32239077,0,0.4959471449438581
17088224,0,0.4798702689925318
10011302,5,0.3356710316886003
34576409,3,0.7034875703632552
8934530,0,0.985943992627586
5234944,1,0.5446095632270426
19545979,6,0.4153026209095649
15881439,7,0.45611712317177766
30746167,5,0.727712992808255
25429219,7,0.3676300187658405
27827503,6,0.6494754293758022
16820635,8,0.2815757814406726
8674426,4,0.31811128772386094
20602488,0,0.726644555645602
35825289,2,0.8320265688169827
36034926,1,0.7407774812483935
28594000,6,0.4277913430365234
31577926,2,0.6317091105636516
33303952,6,0.6760624459253862
21366021,1,0.4987198807642257
25028105,7,0.4719439292729696
27973941,4,0.36555066623696936
30492313,5,0.8809057322906292
6335906,6,0.6511787695126906
14779216,6,0.6677678750285123
10599347,7,0.42380613227378244
19915264,6,0.5121371582208707
20341650,3,0.5589208634256508
22244837,3,0.621899987541126
36612981,3,0.36357591311188153
29997186,0,0.9192983899331376
4782028,0,0.7018920453028248
36068943,0,0.4567138756451425
34856717,4,0.39750716244734885
7389109,6,0.3939572609180939
29591313,7,0.5198715130217892
10860774,3,0.7060147411555677
25543741,8,0.2702213551641665
35997393,8,0.4816774709684553
35871625,8,0.37502228304267166
32731554,0,0.2923037241824716
32821143,4,0.4908041394967963
16705670,0,0.3791554812375192
28128514,6,0.6519918875918532
17887503,3,0.6063612943694623
35692719,6,0.7974215963041762
21282039,8,0.38326090761278064
38528332,4,0.459216671774265
36725130,4,0.5596121812842805
35998123,6,0.3496691398761761
4065085,6,0.4984284310062447
14355642,3,0.8655489818457538
33067867,5,0.8837688952789247
26741204,4,0.79359252687638
8158536,1,0.6197742753590059
39580929,1,0.807231406336369
26711396,5,0.8747877758026357
26936345,7,0.3781233640442908
26295092,8,0.45108658596946394
14924795,1,0.7399484381589085
23355661,8,0.351090703994252
17398040,6,0.731496010877205
35423366,5,0.8233420002454125
8764895,6,0.8792077679624106
20600527,6,0.4040741400976533
14609467,1,0.5883493543414049
34574351,5,0.4186828227700162
21309172,3,0.9397075021772888
21713148,1,0.5786750425885357
28522671,5,0.7645490693099968
13440956,6,0.5563173217663795
34216141,8,0.8466015680403458
29363697,8,0.3972288129425734
31806428,1,0.5565604315639335
35407893,6,0.44520079660352996
21370722,6,0.3875977420799249
36923265,6,0.8294270247252312
37242036,3,0.35858346418167064
35628640,4,0.6984057719746886
11387439,3,0.9434795987578295
11580789,8,0.4889096391686051
9937781,0,0.5391127240208328
36425234,4,0.7486672935049111
23103370,5,0.7503047435195164
13703295,3,0.8323178758106161
29796140,0,0.5216157165644791
13711187,0,0.372261562172141
31468597,0,0.9376337282549709
26949091,0,0.7017525708545787
18064914,5,0.4764751419203605
32033557,5,0.4370294566911045
38877102,5,0.8206245164282946
17220997,7,0.5443681081319965
37661073,4,0.7918969910720682
11280464,6,0.8599029807194969
34315152,1,0.8536640239528099
11298909,5,0.9234027195410864
29489717,1,0.446938889911082
14898089,1,0.5789639700447458
26321618,4,0.6200353506676929
39029632,5,0.4867012820003276
22557758,1,0.4797157714167825
6165819,3,0.6111952492976405
5891359,6,0.7503965215125753
30264461,1,0.6715508170535491
23420021,6,0.5569974669024966
5812318,0,0.8910331751245475
902039,1,0.42657944238940604
14532634,6,0.3738039035299882
21392956,0,0.4638959738015822
21699022,6,0.5157652456336052
20262687,8,0.534085640477946
14184623,3,0.42078275001697146
10110295,8,0.9177757110956128
39366291,0,0.4931634951177717
18245975,5,0.7297094855289198
22876655,6,0.5042239816595608
25856475,6,0.4805480418636728
21175922,6,0.35311957719431486
8063012,6,0.42270161825685615
36738309,6,0.555227856679077
31388828,6,0.6916948531930845
39626338,8,0.3017006924986825
30405420,4,0.5638482557782136
30067180,1,0.7367565797296677
9914393,6,0.6821419384247183
15442717,7,0.48641199474658664
1181233,7,0.6275247037680137
29775539,8,0.7138950371467607
6649990,2,0.4677582265139778
29794853,0,0.59458184859108
14850960,0,0.7408986533744107
33665542,6,0.6232389403244196
26527493,1,0.6518001393204814
28759361,5,0.5608231989925616
36386761,1,0.7599206822954983
144218,6,0.6414300562290969
33335937,3,0.45425883447516485
12894154,2,0.9402683175427834
18131839,0,0.34576794393369925
2591580,7,0.5464696341023481
35356198,0,0.38613162622737984
26106833,6,0.48490776393147295
22331396,1,0.7097858000075736
29590189,3,0.8598208199623173
38906797,7,0.6930291261316068
23935029,6,0.6381340579298882
26822873,6,0.7198908342178908
31348238,2,0.6893247222419148
1554673,7,0.4058767416826039
17252024,4,0.38854608783964506
32325075,6,0.4696303588328341
10368153,7,0.8421887072564919
37432161,0,0.4835599070780092
30636248,0,0.7944545325453274
21153407,6,0.9999999999846059
39355483,4,0.3445156250181187
22135108,0,0.6833490176334105
22179718,8,0.9177393440239627
1672113,6,0.47384422254196057
32705280,2,0.466048324993376
23210644,1,0.5798360262944219
14199168,4,0.7593048973129723
29972991,5,0.2573653021567207
31878409,6,0.7450702710765215
26166248,7,0.8864068648179758
19604825,0,0.4943521560864039
19544545,0,0.9999999999772523
26441236,6,0.71450159151556
21528899,3,0.7107497117901562
18692818,6,0.3150641389507939
25407738,1,0.5793535623867445
31644677,0,0.4624424809112852
27651993,3,0.3747947666740748
12182744,4,0.520287900103893
33914593,6,0.3619427120229376
30754926,4,0.8554216368364264
18428457,3,0.6131773047040657
36210157,0,0.5946047753659809
34706485,4,0.63376647760925
36163147,2,0.7394440582540452
28951256,7,0.5413803176384505
18472826,7,0.42778551807766446
10818445,3,0.5063051221334315
13143218,8,0.37814460398780186
26887558,6,0.35158972880992917
20456759,1,0.3817239653598328
30354380,7,0.48060530276531555
33314704,0,0.47737275854864836
4106332,6,0.49684790229148534
39450903,4,0.7156232783461476
37659066,7,0.5012876279423603
18615022,2,0.7858767929124234
36014646,7,0.6167522959075681
19376994,3,0.4663951152098687
27000754,1,0.5308169920063169
37454726,2,0.7181060929758599
13754880,6,0.30803392935070095
34005062,2,0.5458389589547105
39976348,4,0.5769522185873502
9515559,3,0.4580866893973193
26188763,6,0.2699269045124705
39050676,0,0.5350481221194344
19132927,5,0.4207076874443988
23531110,1,0.727315181467311
24785657,6,0.6357114590140042
18502197,0,0.9437350396229235
32868911,7,0.6065659660733485
22263679,0,0.3715682972000977
5415199,2,0.9129286638620707
19414060,6,0.5124181340266705
2680619,6,0.5480063701620221
22816409,0,0.8917447506033144
27981595,7,0.4133366426632626
31436023,5,0.7738210052857233
31605888,0,0.4838631194758555
38903443,6,0.4101162917263273
26440574,6,0.47918522216622195
13179917,7,0.602469216525692
27715429,6,0.5788016869344267
31911465,2,0.546779359092283
36789493,0,0.2552089884367466
21367320,3,0.3679919771709325
26002936,7,0.8720708514487312
28082017,6,0.2756232295918906
29467807,4,0.3120386395715833
7680343,6,0.5956134338749272
12945387,0,0.3850321219813178
30270899,6,0.4359814724491263
27999685,1,0.24879329072812054
22488693,7,0.667100969104523
35685146,0,0.7496716401906213
30331943,3,0.48705611573997215
37232804,6,0.6547228537079987
19012948,7,0.539309917148117
22716035,2,0.4814432763209227
11959434,6,0.4998709658466745
37644773,0,0.2932685256318321
31655788,3,0.5719019159276761
18166360,0,0.626240872465515
4698755,0,0.2933989214484562
38164191,0,0.5644424021214213
28599012,4,0.6569190258707672
31693683,1,0.31432617785250544
11462235,0,0.43784384332358844
28634422,3,0.5830435582302207
19791208,8,0.5073905606667054
36967011,8,0.5069315802245732
13703724,7,0.690716060452496
14633290,7,0.5207350755475679
23055860,3,0.3290829363019725
21848033,1,0.5227159904809392
30202445,1,0.5125505094221168
37058194,2,0.5184262712840505
29836948,8,0.4808155369455836
12868559,6,0.4949016005384565
23199042,8,0.6286104605056015
33804118,5,0.7937174537606958
14398868,5,0.5908134198440169
37530500,2,0.9022037700451483
28975467,2,0.5642727129585045
18312886,6,0.48851521087768995
35228991,1,0.5212645890539495
14828945,1,0.2997325608263935
4163740,2,0.3932362613455615
33597066,8,0.4963777471952552
37310695,8,0.4285802049758154
21649113,6,0.680334768590118
29597831,0,0.9999999999697651
34818228,0,0.7810951543190279
36289259,6,0.41565684973229355
35922675,6,0.6254995164625446
32855029,8,0.6284140031703164
19670697,6,0.3402289316718844
8979031,3,0.8128456811054435
1151207,6,0.7684499551032047
38358521,7,0.622981846570431
24062013,6,0.5605422355549531
21310797,6,0.5749354321767923
40063530,7,0.3854273532791857
7074051,0,0.5975509244789355
31353423,1,0.6499648506550983
30998543,1,0.6753323695743175
36607953,5,0.7303787325969968
33984132,2,0.27139740619739017
5972506,6,0.5664088516127814
11636162,0,0.5699867112278669
35135979,6,0.41273757009284723
16575250,8,0.42282252285665906
21189294,0,0.9999999999759248
27851087,5,0.8293202038937894
31501806,6,0.44786544687887814
26941785,7,0.3612685554029046
19295832,8,0.5083174216676858
4922623,2,0.38319392043522993
22752467,7,0.328818078417945
26328818,6,0.5073818549870341
17858553,7,0.6544399122911464
38876429,5,0.41684658858472484
29070176,2,0.4985362730205366
23343709,0,0.9999999999782494
26224484,7,0.4408269290520428
9270931,0,0.9002371128562032
33335291,0,0.5441624774974507
32894378,4,0.9319546367221582
27885855,6,0.6172414145704164
22869719,8,0.2992596396083706
22522330,1,0.782576202553249
28614911,6,0.7466807668273682
34936193,6,0.5706007904188111
34447789,4,0.4670840610638095
32422279,5,0.5223514719738089
34897280,7,0.2200802496088762
32838397,3,0.3421183670060116
10455538,4,0.3733936570169959
32170913,1,0.72650719159426
23759873,3,0.31083280192989177
7274521,0,0.38667870248095243
7881110,8,0.3947327130997608
27789298,5,0.42229135498124604
30289289,8,0.27673069973374903
21542301,0,0.8411293717959553
5903501,8,0.5138543132207138
25469869,6,0.9999999999847541
22699808,3,0.8289863224662447
3651339,3,0.5652942152474013
32427207,6,0.5770803156944504
36504073,5,0.6147829112574962
28178477,4,0.49929985366198865
37550934,8,0.424332482951955
36066054,0,0.881389703920245
4513937,6,0.6113951045860695
37493102,7,0.6083833045335592
23716734,7,0.5357999257715885
29965571,1,0.24746744563305495
16883360,8,0.4045861435547031
23006023,1,0.914065483386522
25839183,6,0.4761667418932894
28646271,1,0.5656631780756685
24509307,1,0.9454154971274489
9375878,5,0.4063446852550878
20098319,3,0.47764737957989056
34525277,2,0.5981140598766445
31231115,5,0.5785293145406508
39346549,7,0.3740524763389052
4131546,3,0.4483224840544767
28521142,1,0.6895146332198174
27434153,3,0.49831865677367915
20391489,6,0.6668610949132976
35550913,3,0.74507790952136
25492346,3,0.6885646403809962
20441762,7,0.6738969886993343
31449291,5,0.38104893142821317
26923433,2,0.9204123690540046
27000546,7,0.5738595890089765
32376579,6,0.8591851154291638
27289344,8,0.3105959022878921
29704164,6,0.44427543629070665
21607965,0,0.7194737261898673
39297328,7,0.46132162886330774
34687818,1,0.4667350227810837
20462833,6,0.4920498499892619
39843230,6,0.5072037223758418
16500798,8,0.4471318202874428
12065019,0,0.49923441836954296
35179953,3,0.3551373591805402
32231896,6,0.41144677155535064
4785918,6,0.6014906093897134
32975638,7,0.7648195965603164
29222034,8,0.5937648215201395
23311483,7,0.4642383949558081
19121894,6,0.4357476210346506
34601505,4,0.9360885391090288
12880324,8,0.43346188217395193
35353771,6,0.4943688706118151
18157259,3,0.6035782514350609
26921854,0,0.6990077388401503
6854662,1,0.806670006056795
37913101,3,0.5586983141533205
40038519,1,0.4436559996231403
16121686,3,0.5095906151213606
37111118,7,0.40353549649396736
27195594,6,0.5568206325708639
37521814,7,0.5912764361531939
6895205,6,0.36414023789221117
27414913,6,0.3281293745719614
6849582,6,0.5093120904016845
37685459,1,0.5580682273297809
5046845,1,0.43199369849056546
31268914,8,0.41570855169440973
21512572,7,0.6918984465161044
21721545,4,0.39001761034475124
17571349,0,0.42338318832973043
22676327,6,0.6211363212606492
22488553,0,0.2954103317308707
1490429,6,0.665875924365717
27391292,3,0.31570145826792334
19646627,4,0.673427883552826
16678500,1,0.6852777085109009
35944841,4,0.6376988648128807
23140799,1,0.5531911297802047
31088263,4,0.401726849903142
29785941,3,0.7277848628157079
28399233,7,0.7685357971229164
26246233,3,0.476651241427644
9174234,0,0.5670087817920838
6466628,2,0.9601694230904101
30703988,6,0.5783956311491669
27237072,3,0.8130908991381075
23160476,1,0.4457040640586353
23522539,6,0.7535465633618924
34180827,0,0.9535178911545306
27915151,0,0.7236944509777125
39314024,3,0.5931503319287647
38988705,3,0.609446520960223
900420,0,0.5019062995573763
27587108,6,0.9032374589079214
38685620,6,0.434703983614817
37560990,6,0.824502356592448
27957831,8,0.32201223487064085
36892829,6,0.6981214224854978
6713463,0,0.4334937428256663
5180521,3,0.2889287276598905
35374933,6,0.5389934430769762
23288447,6,0.41555030564843043
4226824,6,0.5892252860365288
3247183,6,0.4997842972436063
32905668,1,0.6702418954026408
9312082,4,0.43467503480983005
20018092,7,0.7242095684069557
35141092,3,0.8169864432384358
39370510,7,0.668439591314363
31192752,0,0.43982781613291344
36582696,4,0.4617321190813327
34015615,8,0.37408051246788737
39018998,6,0.41534050358736674
34048210,3,0.6851868816524171
2900362,0,0.2544841284516936
1999412,6,0.8859925462487942
1080920,6,0.44401012397210576
2863406,8,0.411052401544917
18439316,3,0.5163025182857979
20887555,6,0.35040222733452625
15398865,6,0.5656500983082677
15169015,6,0.7990664328821642
28814603,0,0.3891760397282673
35630020,1,0.9161951963621816
29545547,7,0.6133024656474507
11380380,8,0.38795120214366613
23640624,7,0.33186730112451657
39491918,6,0.48328085581502467
28015865,7,0.5984726070398557
34427715,5,0.851690390244655
28256804,7,0.6577859475061728
5068100,3,0.624795165239709
36802811,1,0.5157134728745547
36661682,3,0.6203966412980154
30610885,0,0.5433273118090677
39987071,5,0.5687233693738589
37956517,6,0.4587775036847639
35795089,0,0.4407394673487854
16746685,7,0.5399270280616683
26954694,2,0.6087505842895052
30668106,6,0.4583325068616021
36164170,6,0.5066273453595261
28277137,4,0.7388644599165957
14888843,7,0.4487794915551118
32872828,5,0.3860605661035228
6681243,8,0.5944029259365353
4735732,0,0.3573653309225671
32852208,6,0.30022824231663886
28513480,0,0.7068473100792887
17944235,0,0.6244229611328799
29096898,4,0.8904144156594761
35351203,4,0.659408614646953
20638999,1,0.5040765661380856
24764431,6,0.7579398771849644
37200386,0,0.9387396808984634
10773010,5,0.8362921678051106
20012919,8,0.6848742923741058
37646631,0,0.49228906122082694
38013618,4,0.9851370845013572
10044903,6,0.8561195948753924
9283606,3,0.784402631495743
33384112,6,0.4397108604880655
27038061,6,0.5922952676747634
2102294,7,0.43434725835308435
37231619,1,0.6870867093388798
4717751,0,0.34507473546395195
29061751,6,0.5673083140322946
19002235,5,0.2804452236512471
36655901,4,0.6346697606919388
12888655,6,0.6876649851036417
3746672,6,0.6616722585684599
25317270,6,0.6943493604828714
31108850,5,0.47536711504963836
19256155,6,0.2969457716912533
35324657,3,0.674114193160601
35778136,5,0.6245594264999406
5551286,5,0.7081683521844823
38073332,4,0.513082496811573
2102216,6,0.5224516539099842
19236833,8,0.7151509893855503
4560554,6,0.32576094116220955
15761528,6,0.3296111597680735
29690535,8,0.7892483904933827
37901186,5,0.726746309179118
9484232,6,0.5789475458094661
34117072,0,0.7012113552310207
4919681,8,0.8928502721180702
1489041,2,0.7472682673573277
23641871,7,0.5190248614487143
35032792,8,0.7865293977418943
35261895,6,0.5077303363595148
11216894,6,0.3629843220593429
38895856,4,0.8126380209946314
19804129,3,0.34147388708010906
24811286,7,0.5311294404748047
39901860,3,0.8150471188812906
31924543,6,0.25294802427404056
39663469,7,0.5598831486064196
37045399,8,0.4138810261484358
20710532,6,0.956121879987917
11251257,3,0.6518560099792177
32350505,5,0.820316475054306
15374291,3,0.48778869142376496
28267870,1,0.922550925775476
19728908,5,0.521851677739787
22466821,3,0.5485576994469473
31984914,6,0.6247823767912876
39086029,5,0.9170266480654216
21586655,8,0.506236767631083
38622500,6,0.3896769148919397
11715227,3,0.48980419702924266
32577351,6,0.3750340270352229
8957429,1,0.3259491484069682
17309453,0,0.44513828351630647
21527770,5,0.733266924106152
20365878,0,0.7578863146025696
18240549,7,0.6190432963880664
36286333,3,0.8195075259675366
34674558,4,0.498916950083799
25927578,7,0.5176736176055909
22041231,6,0.7418540461809658
38269658,7,0.3560341760999306
31385175,7,0.2738305875033931
39964995,5,0.4180127207221234
8820451,6,0.7994823672579648
10526847,2,0.7700686137922407
4695337,5,0.47914034975100694
5474624,3,0.6918231130589922
33944914,6,0.5553667786244747
33795241,3,0.9329366050354254
12391092,3,0.5888025443429119
27291870,4,0.5723057045583837
22796024,0,0.7787766379973695
34367353,6,0.30538417465593654
60680,6,0.468435665919133
31917430,3,0.9009326959053281
24330068,2,0.4682164578149368
13077939,8,0.43434493005410946
38509208,7,0.5170642800400297
33060192,5,0.8079746646620011
9917334,8,0.6490134653570404
5097005,6,0.40305607489570633
25705707,8,0.756577171839262
29171937,8,0.5904577579200735
10554276,2,0.5992972657508764
20329927,5,0.9050617721886492
37355662,6,0.7193282308445251
32217242,6,0.5253629259968577
30751547,3,0.5897692348019911
30838820,6,0.5555119249828944
39406836,1,0.6016951730510232
1071277,2,0.4376280657031902
39003251,8,0.7360743029639661
30107606,0,0.7570851454953128
2345331,6,0.3704778558482944
8223137,6,0.6748910831279848
4922926,3,0.5352856334858374
13900946,0,0.4644417344239547
11124121,6,0.4184731645492469
2553672,7,0.9516259351586547
21731133,3,0.3368871218114963
37266221,6,0.514174226033168
28640971,6,0.5523157165039827
5824859,8,0.3964473994234095
11726866,5,0.5471586024391908
9041958,3,0.6362297723137548
15724672,1,0.8213082333605133
29687761,3,0.69530013511626
34197936,6,0.47086707019595475
5452931,8,0.31297396206926276
10095299,3,0.36948978736527777
37837311,3,0.4702385915526097
3068839,6,0.4972970083760745
39313273,6,0.4134158393878974
15409132,7,0.4332692949202357
25277433,3,0.7568264025198456
18135547,0,0.43578144461771007
38385558,1,0.49499724169994297
21478132,6,0.4522019865877301
16451509,1,0.31223746897856464
34059399,5,0.5841460924509692
30634243,3,0.5083091092874156
35087630,0,0.5640733749461151
14283086,3,0.5050236291520663
2405936,6,0.595312606554447
21147095,0,0.5045603320361547
10121485,2,0.5289944795806848
17596250,7,0.3621572879565427
35661474,4,0.916720943741853
38686206,7,0.7705923211248004
15555968,0,0.8057690983498587
4010507,2,0.40624598731882106
23451359,6,0.374648716521314
3463698,7,0.6299052609037876
9118322,8,0.36639954865887275
27518446,0,0.7779924787179728
37783991,7,0.6581910808809852
11005233,0,0.26825100688121006
1423214,8,0.6126865026489388
37681840,6,0.7761049904702715
24727929,7,0.7692631450975
2397324,7,0.3488364203620015
21188579,8,0.42936001997572437
32554641,6,0.6483479426664196
31236247,6,0.8025112390609366
7258245,6,0.3154287898791885
39121709,4,0.8818080467603033
30897250,3,0.9271937925450561
37773037,2,0.3897216278775022
1049320,6,0.5072013540601374
13504424,0,0.366869668477368
29847535,6,0.5692945382895361
24621792,4,0.3978022521390831
1042451,7,0.4749217360091041
28948385,2,0.4404378906988544
36265049,0,0.8107450644195755
24947418,4,0.42541541520231435
31264735,8,0.39501877092636034
20037426,7,0.6741199265671389
15272637,2,0.6045468558237753
40024017,7,0.45476547235810116
39174657,2,0.4630170974459318
35919242,3,0.37048811183622204
19550326,0,0.6515707979153461
33476755,8,0.6492026270794162
38788066,7,0.8832759707414207
28354550,0,0.8002249528687534
25619945,6,0.5282907742504522
35570319,3,0.6870254302653169
23894138,2,0.4211822828036898
4877924,6,0.6810909755695931
28630249,4,0.37472927943434914
29928457,3,0.32118558653138335
38648328,7,0.8104703875958305
18438934,0,0.7203434970001814
38790368,4,0.6059514356991292
33807424,1,0.4142631199381969
12448426,6,0.5370186118635868
23834765,4,0.9749187037547535
24801534,2,0.7327966685168349
10942236,6,0.9958942870201988
26853262,8,0.46169567527765804
22811382,4,0.5508975037126502
5409308,8,0.3190849972947715
23808918,6,0.5120404975726137
15635972,3,0.7252346481761008
36409596,5,0.788505966774017
24428091,4,0.8207982588406186
29406767,8,0.7642783094568513
352079,7,0.363872006727647
14469685,6,0.43628953437784423
34789938,0,0.823152751328228
30759381,4,0.2701948614006001
24370721,6,0.46186317541399746
37677496,2,0.5326597698066938
12062715,8,0.60081285405001
27302424,6,0.7580675088368267
13658930,1,0.6851388065873568
33928553,0,0.5650192737482279
11606091,7,0.43371300571413673
24099620,6,0.3861836015610129
30595908,6,0.5840111371316524
16491594,6,0.6682349779095059
8288133,7,0.6179347240833909
35360816,3,0.3821015951833829
8695422,1,0.47456957027186236
23047450,0,0.9256242667633691
39400957,4,0.42072136798499277
34554347,3,0.5657442213313337
18858676,6,0.7273820617265616
9428419,0,0.27233673167399686
1098118,8,0.4800285393423129
7279355,3,0.6023232179419827
25299624,7,0.5147388581231535
28679154,6,0.8130129370599576
12326117,0,0.2891500055917848
20302196,6,0.3792848524060479
18844894,6,0.6254456044211096
16821674,6,0.6629856801410542
34367078,3,0.43206665047416
4924273,1,0.7332716183543007
28125565,4,0.3841802028337781
12108913,6,0.3096735170926434
1824735,3,0.6801481468628768
23144164,7,0.6559795593928
36527407,0,0.5629601430616098
32802334,0,0.8792293304921603
18881741,5,0.9438609012489416
7834907,8,0.642493162637864
26745536,6,0.5124524005520219
27042627,6,0.36556057405125947
17978073,0,0.7709762685453053
32213251,8,0.3843715367241335
7276232,3,0.5700839655031246
34063514,7,0.30542142912388415
15841024,6,0.3753449469401547
39652954,2,0.33173145072935534
5407647,2,0.4738499660798706
25917528,6,0.3173152890854089
23640588,6,0.3819964455707784
19216630,3,0.8007596299519874
2733660,6,0.7842830016747446
5127991,5,0.5512833933984428
39837732,0,0.5851872553322103
7660231,2,0.6710304996235985
22043658,7,0.4553821619599233
18905392,8,0.5054470289557097
32580489,0,0.7858973833084719
37768058,0,0.3834776359557144
39323817,1,0.6087354951956454
32394655,6,0.5106268609820175
34550005,0,0.735896634893217
8027065,6,0.4173720449663815
6889640,7,0.5923571609497641
33135942,7,0.5659569217747051
3265232,6,0.8162857820358156
3448505,8,0.8273863489387487
38309025,6,0.6137297921726421
23529312,8,0.7074244875535588
20112500,3,0.2546920663330829
18653004,8,0.2635538330133355
24809425,3,0.8060494614332309
19315030,6,0.5545030069004611
21047524,6,0.49733983487023703
27662072,4,0.47498313854095997
36870792,5,0.414712032492992
14225513,6,0.6982415855526313
28206600,8,0.327672835655093
20741435,7,0.6086540609391925
32974691,0,0.9999999999816885
37716326,8,0.42445809243340415
13531247,6,0.34487386135075027
31192256,4,0.44672260591686397
32239228,3,0.6410820024282899
33027687,7,0.4518346664257816
21542753,6,0.4429617687905875
5866475,3,0.2994323936561352
16976405,3,0.5550555935942195
34011154,0,0.46954380288197256
28622414,7,0.5965762196349809
37413144,8,0.26769514016285045
33245685,3,0.43823739738525125
863234,7,0.23961721553772103
23221747,1,0.4705384550574495
20037687,0,0.35105788069170674
33371664,6,0.3960754289027628
18695990,6,0.6413388283609611
39131755,6,0.5097922025844305
10068419,7,0.7847602272924844
34344025,6,0.6478229853710218
39372150,6,0.4318671810020491
35282826,7,0.6500361246316984
25435656,8,0.661253511336015
24366775,8,0.4151283182489615
16728695,8,0.5067117594263304
34481205,6,0.3817333599117067
28066146,4,0.5665256792872477
6134933,6,0.6144427083243524
25839070,2,0.6775245333557711
11056821,6,0.47037842021229137
17875037,8,0.6733836222094888
21703142,1,0.41341262185502414
6978331,3,0.8043577497505359
37191442,0,0.29691932406031885
2378110,6,0.7870566804384568
34788422,3,0.6230043526928725
35407514,6,0.7809096223037875
11832824,0,0.834487980932665
26989736,0,0.4144851571733003
38860185,6,0.3393560629949216
15110685,0,0.9999999999794073
27100278,8,0.4499323770362645
37471934,2,0.8262977748812945
35101847,8,0.5719613652740382
29839397,0,0.812869501694779
30064894,5,0.6465160580788213
30681997,5,0.9111349514311661
791098,6,0.6035078822789011
17437025,8,0.31950143731081304
27558559,5,0.5208196230739743
34543830,6,0.7221656572837094
10446440,6,0.5539253544861701
9567326,3,0.4864400641997652
26598064,7,0.6331500586110552
19889821,1,0.5334939868795769
32879491,0,0.7444548673949677
37788567,3,0.6613704624392847
12406827,6,0.6313367189904816
28794015,2,0.39580916513605435
26914900,8,0.53311594051282
24650612,4,0.8694038134324032
5012560,6,0.5684398948176399
33959632,3,0.5942746106657064
39971597,2,0.3341434881786024
19373759,4,0.8675531297482507
5550145,6,0.3298354741277728
13936170,3,0.4582970147634075
22801307,2,0.42629225472641374
5882006,4,0.4408550324997541
18353203,5,0.7237472223379476
31518664,7,0.5513085749473982
38600982,6,0.9999999999771793
19648648,0,0.7961808804249977
9384918,3,0.5702937416932342
22489425,3,0.8672179932381345
29463075,5,0.6498105720423166
33496350,6,0.9680510280255619
33772547,6,0.504014724766923
31397170,7,0.5610008837642234
29322753,1,0.6573745352346213
7900488,6,0.6310376521064662
22098390,3,0.7212495688385627
33190668,3,0.37955938260924577
36972604,1,0.24698082973461
35464931,6,0.5683856344518671
22367854,0,0.49365283069021676
34451403,6,0.2875035807189211
19507010,8,0.4254029049708842
24024510,5,0.4115320415434031
35736598,6,0.5866878846978022
33242629,8,0.631136606571957
33761087,7,0.3367849202657781
36574494,6,0.7368218424186477
23945949,6,0.30151878204190735
10428399,3,0.5344836285182292
27930732,4,0.9359596254874274
35006623,2,0.4430949285229179
31467421,4,0.9589017957645675
19922370,3,0.8251567739538883
92928,6,0.752703407749392
24557707,6,0.6812260362735414
26326663,1,0.39305477562342145
24617100,7,0.27570643563079916
20990538,0,0.7156758952859722
33641756,0,0.6431727589499038
26933761,1,0.7724254859207406
22976596,7,0.3352649792830378
5756427,8,0.2728341415135985
3332494,7,0.447988451004968
36388632,7,0.4101795931074004
26797025,5,0.9611525930294259
17968100,6,0.6393252201687404
34157247,3,0.8904022820609929
34071433,0,0.7092771676819152
33071152,3,0.7952684528011419
37379492,0,0.4284964156811509
7339685,3,0.809295116462607
14968560,3,0.7213147348610655
26757412,5,0.4507294374225273
37150065,1,0.47763682176757577
37851443,6,0.5755083605713237
25468014,7,0.599515917677391
19513761,6,0.3995276659500431
14292349,6,0.5546007635497194
931699,0,0.40503298088117784
38983743,2,0.512235891513548
33694940,5,0.7434419420860965
7065761,2,0.5940165976764953
8497428,5,0.2842459719755164
17584973,6,0.4463805308787645
25779274,0,0.6093361589679392
12838111,2,0.7927708794118162
26620076,1,0.54414916032281
28673564,7,0.47879506445386427
32970960,4,0.8279631494565315
13168374,0,0.8420953799619134
38405158,8,0.5980961308424612
21071264,6,0.7584264579452225
34463263,8,0.6365553100407453
25585151,6,0.42440319870653537
35342769,5,0.4379481583470085
34896705,6,0.5180257409463472
35981030,7,0.5487152649241614
36546998,7,0.4707755624940144
19250247,8,0.5557409341020019
23360801,3,0.3238106844455589
34322778,2,0.6488373425197661
32084646,7,0.6126996008441299
37140143,8,0.3667890475134118
35228855,5,0.5522372178087819
32869518,0,0.9999999999733893
4239825,7,0.4728186861889524
1195911,2,0.9640502923915057
24524576,7,0.35829567114390937
35946442,4,0.3449582157576528
37422982,0,0.32259184893785275
5629745,3,0.34759783273356876
2825364,3,0.25228705000645746
40122639,3,0.30194905381243287
7076349,4,0.42840281886791726
21124976,6,0.4000323818739257
29443497,1,0.3789603979614097
17492512,8,0.3696500185062446
12527525,0,0.3060411766565038
36873924,5,0.7238565047503979
30921986,6,0.6843366838286594
8612391,2,0.6603455244363201
17931579,6,0.6251423058048592
4883270,0,0.6184311480885865
26544888,6,0.613211429941766
32974976,1,0.5805166327552497
31269974,3,0.9679173706686443
34597243,0,0.5552667368326114
27743043,3,0.7755096751723024
39143671,3,0.7540428010699047
39798306,2,0.8605417340380119
31341622,4,0.6460951524121534
14218992,1,0.7423005906123392
36827182,0,0.253255649764218
12076259,5,0.49830174789266946
36707741,4,0.5923287529907901
39792325,6,0.7108564584381405
14673547,2,0.7683426211131575
25458468,1,0.42026467440361404
37006542,5,0.8320900488717247
18222933,1,0.9071802248845883
37403816,8,0.39886997706012195
37329448,5,0.3652944229795259
27317045,8,0.5933138266588021
10011035,0,0.3602351163665989
37213139,6,0.42427340055035073
32365395,7,0.5508277652558674
32462757,6,0.5095872327367248
34377408,3,0.5289934396211671
25991081,7,0.47929402609930394
40028975,6,0.25727449568712263
34417577,3,0.7442901778752888
5322860,0,0.39694560355623004
27449670,6,0.5605642928399223
17210650,8,0.3769278369730415
122327,1,0.9948240804355571
36949105,6,0.4844997234734746
30224418,3,0.3621941297952885
22665215,5,0.7290569869850924
15533680,2,0.4171278133217402
7864519,6,0.4362881754040178
22284430,7,0.2972872755560814
21119726,7,0.55725966339725
17943523,7,0.5389518242208142
35456478,0,0.9957003405755238
24171075,5,0.5301790756324197
9304983,8,0.6388129135149767
11647805,2,0.4013099491594396
7778215,6,0.35199301961041424
29757848,0,0.8020153393373799
37516575,6,0.5311400983514144
30376266,5,0.6750562276071992
20749599,6,0.5997109946499224
26728001,7,0.35130767886975467
13351341,1,0.7001278887496994
11917944,1,0.5549493159418569
34925849,6,0.9554772313601405
28456089,3,0.7836482845757883
13014297,4,0.42492271625861294
16130154,7,0.6032557108508674
28271185,3,0.3413416333256104
33629782,3,0.9781967226749297
2360291,6,0.3762128840511026
36870722,6,0.46148663255528816
38187330,6,0.7389277038208734
37040867,5,0.4053175376661385
39054328,6,0.4165733955086382
18040752,6,0.45997342385559764
25926957,5,0.6115917589299064
33106298,7,0.7202295339533582
27951295,8,0.4995852652359811
25702118,3,0.4288076110232913
35121538,6,0.7488094207273717
35304024,0,0.7327825382269645
34571352,6,0.7006156514979283
35833520,6,0.7611954582286282
19877306,1,0.5972382678890069
29391630,1,0.775629885869845
15732491,5,0.563192485737299
20228649,3,0.3789073429795361
16749659,3,0.6639021968409068
9637892,6,0.6706154880714824
21059929,0,0.69854985386769
32171909,0,0.6089410157564255
31108022,3,0.7676834048235591
22054978,4,0.997742082881069
14056723,8,0.5081425130851523
33093213,5,0.42992968068453846
11922857,6,0.5643178005803029
24554376,6,0.5863788406935186
38437189,4,0.5416930898949293
26744155,3,0.3911762291804843
25747362,8,0.4829887395143594
13502623,6,0.4096832803973894
21987701,0,0.515633485148801
25241970,6,0.6075567151601716
814227,3,0.6456571787818358
36867567,3,0.6552201875466731
23679431,1,0.46119405574767086
1163113,2,0.8911326020564462
25519354,4,0.3013320525896303
29292831,5,0.3880061291002053
30643229,6,0.7996096553067729
24125945,8,0.5359333873808776
36783579,6,0.39481561694925443
22991226,5,0.9737874896005445
21436618,7,0.5088215451471338
16396686,6,0.4336592531754298
39128086,8,0.5754792857215673
6795330,8,0.280824009248509
18238184,6,0.7280261182412456
34258650,3,0.8133232795152927
38712462,6,0.3582324276923593
33571511,8,0.5000708466909433
30356812,0,0.4673897352967574
18557390,8,0.49845428847934947
24314801,6,0.3348337841392475
29784774,3,0.6142582460196523
40010438,5,0.7672718636724459
21899416,3,0.4360509336073504
31395766,7,0.44122477893325196
24815943,3,0.4461652852311821
32157306,3,0.48093321746154544
34471068,8,0.5829912579992418
16192502,1,0.6963093563046046
40129428,4,0.8434299329741317
33616747,0,0.3129812335628384
39322708,7,0.3341421691027129
25021271,4,0.5174647774491277
25018102,7,0.45260962638307206
18679108,7,0.423797306312074
20329628,0,0.41336786477819043
39407674,2,0.3584222469739389
37102408,0,0.49973783947816064
18118622,3,0.7025300797221675
14219058,6,0.7132596424427824
33683603,7,0.37033373293306204
34275053,7,0.6329439346717957
31547932,6,0.5814597833424117
5832143,0,0.3780459421859177
20473137,1,0.7158148954412188
3309878,6,0.657507169810523
33770844,8,0.7805256248360876
10647165,1,0.5557051310119615
16070160,6,0.5891130590300575
24283958,2,0.7861978600384516
25128994,7,0.3485339067944811
39615520,4,0.7722807428731067
34128777,4,0.9044008844283578
22850140,7,0.5805256500209799
3737900,0,0.9032766437140399
30082330,6,0.8614639331320749
33007626,5,0.49463972373456505
6154409,6,0.7324747393624732
39892605,1,0.7076947259468591
15737245,4,0.3538024807850411
33621935,8,0.5537416899999933
17985774,0,0.5788910424435767
16901130,6,0.6630416516354297
9251040,7,0.2731541802152685
21924275,5,0.5768802920391509
22912351,8,0.6808592659136496
35663705,5,0.5945593734014478
32054046,6,0.4887613068954223
30041484,8,0.3400509185461072
6048576,4,0.2828870980948059
37771263,6,0.44419434880888475
8083263,6,0.6493772073709387
39698432,6,0.6052868081193059
319426,0,0.6196983488748005
38052930,3,0.4573296709403757
33986784,8,0.40859124137690755
39598606,1,0.443573749608356
34229140,5,0.36132220972762547
31670575,6,0.7428462220134615
17389011,6,0.39403507656249137
30669492,1,0.5313161389015837
22785193,4,0.8485722174269208
24044330,2,0.3564175248009765
38182258,1,0.6808339267699549
24590022,7,0.6973608029395676
4263001,8,0.24912685250423433
30175285,7,0.4836468212791303
26255530,1,0.8483829508935836
21456078,1,0.4210489850122411
8870261,0,0.7900329038050655
33072866,7,0.6076934571976317
15951448,6,0.4553622295659246
36455382,8,0.2716592827743671
35830915,7,0.38020180580095875
24434690,6,0.5149519727014493
34730452,3,0.6217974290075597
23685092,1,0.4245293951693028
33193180,8,0.32011082568171
18989291,3,0.6142765475124011
31999669,8,0.5466439131552276
14743127,8,0.6966008149732361
20431640,0,0.3928318299991914
36359869,6,0.5232392258388249
24960814,8,0.7709962963751752
7063743,6,0.3952629923480261
32025676,7,0.5910053096968667
39018232,5,0.8682112917933926
29659497,8,0.3602911188067098
20931571,2,0.9764874114410833
26266464,6,0.2886102122568429
31304007,3,0.41512455043643337
34006658,8,0.456111479576586
38554640,4,0.34365876196217593
29975588,8,0.847946497315273
22018652,3,0.6007645282505503
28992000,0,0.35422873976178126
37967949,7,0.45762381029970156
10979534,2,0.650306685067655
37317140,6,0.709176858617166
26695506,0,0.7279181581749297
4007289,6,0.4707773913343579
31663578,6,0.7095955766254987
959479,6,0.9432267283760047
32596431,8,0.4858752252947956
3274334,8,0.42335724307217687
33345482,7,0.479360542006439
19566419,3,0.9371687171174327
15889817,6,0.6677113684675987
28628836,1,0.7289484106764466
18920010,5,0.4488833810909973
36959580,2,0.2722050536054093
30828030,8,0.5042031328523213
16616728,6,0.968257111589457
26761963,8,0.6498367801445605
26433682,0,0.48642737529662594
32758479,5,0.4088519670655932
30025824,3,0.7455588823955889
37664850,0,0.5483434682478758
28045238,5,0.5337806065218187
17757350,5,0.8080859707513915
36564059,6,0.6089798591354856
37732180,6,0.2846511580797687
39002849,5,0.6147159388655604
7619109,5,0.6960430244045206
33707300,6,0.8974871647655035
16234975,3,0.770739208487634
38223910,3,0.35353313168657197
11667171,2,0.47853007510143086
24789782,0,0.4145581863571461
33203655,5,0.8470816610467367
32807745,8,0.46605433645499617
25182685,0,0.5753287973758702
37761173,0,0.880354174808461
19479934,0,0.5063701667960397
34610959,7,0.3007525344402579
6194659,3,0.6565331343349855
38836312,0,0.46423813954459403
20561808,3,0.4884964633864928
30100016,4,0.9055547070162486
29936563,4,0.8130671377107519
2352018,6,0.504277576988755
33700328,1,0.5892517647564591
7553306,1,0.766386841862653
22396761,5,0.49706766653844614
752308,0,0.7058946937018987
9762301,6,0.44460744668569896
8583136,8,0.4843029281379875
39140679,1,0.6067487103700869
15033409,3,0.8850879843009788
2671668,8,0.31019777886405736
33206356,0,0.6134278728303916
20905350,1,0.7660918761849154
35847419,2,0.7778034010596899
15978571,4,0.3226742015550167
17894168,6,0.515147492932621
19865347,5,0.5815675709405111
29066411,0,0.42825520824105673
36850514,1,0.43573021308583904
23004729,6,0.737318597788807
36894678,3,0.5352536211479938
22785929,5,0.3657366456711619
36605866,2,0.34920032392259803
2090424,6,0.5421325352609084
37089933,1,0.7860527570565177
4651693,6,0.7251207008676831
20892096,2,0.8013204693463151
20649282,8,0.4977735909279946
30252258,2,0.6673333252602165
22939059,5,0.9785268868304358
32117340,5,0.8619835447180555
28725367,0,0.42501752747072835
28411806,4,0.6552547630983806
24588543,7,0.6643983245766573
7101126,3,0.8174364446297085
39028908,7,0.8179950169651931
20579740,7,0.35843272330017856
37043151,5,0.8222316633045171
36645668,1,0.609506629522094
27182350,1,0.4625573215464747
14186260,8,0.5105891978256188
3616721,0,0.9688532250960976
35073718,6,0.38319923204432005
37026745,3,0.41343216899159657
40079435,7,0.7994487954712572
18788878,3,0.8526289962706017
1659380,7,0.4018575380263827
8946810,6,0.6121703327452332
22254253,8,0.37912343812761057
32895660,7,0.6057874445282025
15761059,2,0.2546996811290387
1203639,5,0.8718894291408419
17129393,5,0.5850425423837731
35084454,3,0.4570523441423268
31079649,8,0.6585564127745338
25157090,2,0.4250181107985963
15754208,8,0.4155716452737739
26793625,0,0.42479982127354826
15322171,0,0.4157825365298818
10539823,8,0.9316769163969055
31387113,4,0.8507024610853606
40120122,8,0.6557157769040939
30064191,0,0.8995314643781608
7960982,8,0.623299067790644
34051702,7,0.8443028235638604
27243170,7,0.6828754353040417
21827818,8,0.5774724954446137
9100909,6,0.8096704470967098
3343768,0,0.3525429680552226
3976772,6,0.512428326666252
4222595,6,0.8514900057251722
39715354,5,0.465241223055573
4686241,3,0.6643196676232804
17754152,1,0.8954265030987789
16620391,6,0.3771545670135274
32929952,0,0.7248130347151288
790960,5,0.6904479378934196
29039488,4,0.7078825639983168
34768129,7,0.6302507721569395
32860263,6,0.5839548278693966
4923509,1,0.7184768738315491
29419316,0,0.6943870028197543
26665799,0,0.8111844033614515
14982912,8,0.5320236283386885
22925096,1,0.5608144908819219
34849733,0,0.4388222259632276
17389388,6,0.5211303618873537
16039092,5,0.40269458553998017
39634736,6,0.5075742683658908
32929318,4,0.45766359677566754
28405899,8,0.5298958535877907
5174770,7,0.4374877078227434
18181322,7,0.30949139575885437
26666511,7,0.619077356460226
7829188,0,0.6936869783794409
1043382,0,0.6569292111792815
23012623,5,0.6779331112181636
7894261,1,0.3089092373869425
18504753,3,0.41580847407819344
37902450,6,0.306246419773927
35704716,5,0.6046317136313704
2402694,7,0.4658588865294534
33826600,7,0.30261017300566023
9120765,6,0.24994807056508803
34316403,5,0.7515958723133168
36772434,5,0.7464870108056599
25465264,0,0.7681045023225931
38041609,8,0.6464147198416222
20042717,6,0.5737539243238058
33725345,3,0.38201052557462734
39753281,6,0.526074975840386
29149805,1,0.5983986672628839
38070435,0,0.5894433097784698
17797489,0,0.5711971688408075
15450661,6,0.7931916604285253
3676628,7,0.3072328467482115
12825140,0,0.3885488956416127
39829578,5,0.2968988052649276
26445760,0,0.4581315417167466
11856013,7,0.4930689389817219
33133964,6,0.42726146785932284
3177057,6,0.9051235017817165
37693497,0,0.6760584512786015
24381482,6,0.5009761808922538
35082076,2,0.5903159735793918
36731365,4,0.45808855072838933
27434593,2,0.9210766849433579
26327189,0,0.8003860254813637
35852579,7,0.6211936475245518
29094291,4,0.9999999999845393
27531620,4,0.4038136343903992
14448447,0,0.5659000175963834
23713434,1,0.4686822971016003
12265695,3,0.3042350461229502
20073240,2,0.49588299267030606
13151785,0,0.8310016266433145
18137614,0,0.456859516802916
17117912,0,0.7339703164740117
34626618,6,0.5159367383058681
32808410,6,0.3154765688004444
27407430,8,0.699283460346145
17625438,3,0.8703049002504017
16561754,0,0.8858043989250909
26284205,3,0.5668479614277308
542596,8,0.4840522593357419
33363207,8,0.6731519921309105
28552998,0,0.6911168207341744
23591507,8,0.5599823154844633
32865597,6,0.4259861354388705
4795772,6,0.5091914053506539
5081610,6,0.4198093180077614
26441740,2,0.4356200543923612
35311343,7,0.681350976687195
24122568,6,0.3978147977699238
36513625,6,0.30944626131443287
31950550,7,0.6539106171381558
258296,2,0.9999999999935284
25991666,5,0.43790656470519634
29489107,1,0.4969138796483433
27352907,5,0.5375183142463931
18842779,6,0.7040613968543801
28161862,1,0.4332813507380468
23637219,5,0.7729617949682311
15660297,5,0.5779742186084458
29458228,0,0.8601936230962249
29012685,6,0.7700223019508917
32868944,0,0.5349040249726532
27734776,7,0.4129686635083184
21126625,8,0.33629424242450107
11359538,0,0.41076554769758655
40008407,7,0.47079765719356836
30539575,0,0.7602104108589545
7960600,6,0.6537889416196795
18511962,1,0.8330305283895535
12866132,6,0.48853844029108334
19772023,7,0.32300555045652757
35713739,2,0.5843788071096401
11766287,0,0.7236625389823812
6140439,3,0.6555262412213351
26598559,3,0.7580379512905312
20021725,6,0.6807873785553944
37518337,1,0.5032531465666591
25888357,7,0.7452358910096555
31477714,7,0.3353583808380245
20843549,0,0.6996335945432215
15511349,8,0.7737462016497091
22717179,2,0.23707833624993777
29335486,8,0.6277183063375182
6592054,8,0.45440909230638254
33077804,7,0.48249375617992224
26627553,1,0.4030504582700109
25150939,8,0.5640831768543185
3297028,3,0.5952867960499039
39960942,7,0.5211631524376962
35108639,5,0.917360688041331
8234923,1,0.5829628901286541
35527349,2,0.4531762423713053
2897590,1,0.4784784955109108
26446973,7,0.6472087505475808
33727000,7,0.6226751825427246
38648176,6,0.6107252991450318
10921162,6,0.6835707128168136
13327615,7,0.6011539914549109
1986152,6,0.6426549439960543
35192519,6,0.5298201379333486
22163045,3,0.6020419033852255
36837385,7,0.2726495420293724
2435764,3,0.6563868503426344
12975769,7,0.5500080256148098
6875944,7,0.41967436020496274
27866796,2,0.6279672921425037
9519346,6,0.923465952895268
33092732,7,0.8026128944403742
37221480,6,0.8181566947418666
37366418,8,0.42012924523559486
39435518,6,0.7010902400192682
11181519,0,0.3839344832252384
30017614,6,0.4893071527632193
33457258,0,0.4296096908888209
12586734,8,0.4670701102619671
18974728,8,0.6300340160133967
29197248,7,0.4488365096920975
31360386,3,0.48510430642449776
38770681,5,0.6138160736820576
23728949,0,0.598637943907393
34664700,2,0.26938015025390666
28456347,6,0.497031311886448
2554758,3,0.25565563427646254
18166734,4,0.6407962602136625
38255422,8,0.43332388922919585
35849994,4,0.43073217685916754
39482836,0,0.7357437186217537
36150868,3,0.5893754238250443
9153844,1,0.6270117497958614
33984470,6,0.6562610878964458
3866520,5,0.9078242018127303
27364923,6,0.7726463360209308
32641895,8,0.633414856062059
34519831,6,0.562084266197858
36747280,8,0.6901536918179976
11971667,0,0.367990508291285
32140096,6,0.4138786419266838
28675310,6,0.3592934982050242
27917054,6,0.43874672322234015
36991830,8,0.469823872890359
36323608,0,0.45436176333431844
27209071,7,0.5571043837239036
6811549,6,0.6405389671383879
19469963,3,0.6428360946653074
28702293,4,0.4680110261595454
17646023,5,0.8198343440373285
14174395,1,0.6723062267744625
21977987,6,0.9298500009748225
2922072,0,0.8151761123246694
19819821,3,0.574381533319647
13881621,8,0.6911632144032227
24673036,7,0.514815494124154
11221728,6,0.6244032873290947
37104100,0,0.626257662801637
31837310,6,0.5373558516643239
20649595,0,0.3955484756018975
35810416,5,0.8205410327762576
37978225,0,0.4540973804827564
21317284,6,0.4106946967739349
35091623,8,0.3949502646805729
27406293,1,0.7548034539159394
36918953,1,0.52067337708482
32615697,4,0.5416276768866527
31264321,8,0.6615555640170604
27372479,6,0.5248996793129359
15229202,8,0.883207144502534
28929139,6,0.6394552898339814
31066930,3,0.4136105426205661
30020930,6,0.36324345226593485
2025964,6,0.4830191411098534
3985305,3,0.6347663595422266
29104323,0,0.44404528615047817
38530407,4,0.7541613323351132
28421540,6,0.3698651232199687
27691147,7,0.5450340865058699
21847312,4,0.20956698659768175
9787815,6,0.5365958884412869
14021987,7,0.37821766530761397
11501843,5,0.5024438326198861
38303797,0,0.29272224444489275
37776748,3,0.3582790815684194
29975111,6,0.777570276460211
34042123,5,0.43827526566535224
18768093,7,0.3923236088924238
33429487,1,0.50769185047978
21497591,1,0.7355902615040778
24045554,3,0.7738226705560006
37306741,0,0.5478898403516703
905005,6,0.8457853921990119
21274526,6,0.5258193464614109
33780334,2,0.35652692138525766
30627899,0,0.8795630476464529
12645782,0,0.6328841518162275
5768406,6,0.7335316480401721
18696303,0,0.3969947803016059
26702689,6,0.3617226193985888
3843188,0,0.6901055496328994
39821339,6,0.4945512209988741
5431958,6,0.6340949742380693
9817292,1,0.5826074889655313
23837877,1,0.7767799761555284
4870771,5,0.4367195827923854
30343156,0,0.9999999999777992
9314824,8,0.818491253512636
10318351,8,0.4443054072436131
7348144,5,0.4434157711246536
33288798,8,0.3652822912333561
15756007,1,0.3754798124388026
36584425,0,0.893583686451147
31561965,3,0.5347265287029066
16755042,6,0.4036574901630166
24573354,0,0.4428621141215206
34081424,6,0.42864376221456285
30691347,7,0.5601307843454685
30418181,4,0.41082476122776124
25836358,8,0.7962842672472462
2278665,6,0.5406144236164319
31123308,5,0.8562117524005177
36204534,3,0.32616161273592886
23707644,3,0.7587920491958484
36592907,5,0.517383982676622
24640154,8,0.48687326557049293
21145909,0,0.4629916970450589
34775833,2,0.6542924179108808
30022017,6,0.9999999999809728
27062652,4,0.9641180972086801
20111254,6,0.8982887560111642
21802519,6,0.8731228176633236
13242221,5,0.3450406209888574
4872183,8,0.4017319019349247
18626533,8,0.338034015744627
15709227,0,0.5015142527642968
25303839,6,0.3738680773386736
16276268,5,0.8037632203068585
21647054,4,0.5851066638516501
9148782,3,0.4642978994954952
19123269,0,0.3761786654601632
15828294,6,0.8921503530610616
31577280,4,0.6589375723100206
32919316,4,0.6877603837055603
39616631,0,0.9496433692956295
8439042,0,0.7666121171804515
7037938,5,0.6632233424773802
20160983,1,0.7930477227517438
29729956,8,0.44279839640610036
36001620,3,0.5455438465335676
35433166,7,0.3386588893869791
37127556,2,0.8809827006346738
38806295,6,0.4165053006969035
30564818,0,0.7406853182413116
18346894,3,0.6058589541870224
31584379,7,0.26452003464623447
40056887,5,0.947010046353091
31500173,0,0.4689464207322671
32728212,5,0.39200700233429725
3238150,3,0.8455943107487054
33395903,0,0.7553970730359425
25253618,3,0.290943406662884
33313048,8,0.6870101822747237
23282945,6,0.6793060374111475
22109712,1,0.4027367923684245
36297610,0,0.9579267003410535
31185130,5,0.7072803053152702
22649379,1,0.6409431946554714
14332114,3,0.580097984837756
28488492,6,0.6014411272147813
25459285,8,0.3325045036902253
38594352,1,0.6052211723362807
16927428,6,0.5803500831973445
7884712,6,0.7095271726577372
33319060,6,0.5396089952709682
3503861,6,0.31895323569765893
17568481,4,0.8748219118867582
10492548,8,0.48208494646351013
17408825,6,0.44407115014321225
7016509,3,0.6921663630930891
28032722,5,0.3626666088327648
33802391,6,0.4711896665482823
16989842,7,0.5368266434236468
28259366,0,0.37483025632360484
40120596,3,0.37760508324276476
26104434,6,0.3987065309616491
24432209,5,0.7888525207035657
32873396,7,0.3590595554240707
8865878,0,0.8377080635620853
39642258,6,0.40403761667633853
38646500,5,0.518789148924776
25724318,2,0.6392877282239751
37911091,0,0.800887872755742
36332976,3,0.2445237878182832
23660424,3,0.9409559346186531
4538962,3,0.5995623276643592
10181035,6,0.31004653620649725
25718961,8,0.46283712776028396
39295996,3,0.3169556380913791
30898365,1,0.9002691866781222
25234921,0,0.6418951355361098
7600235,0,0.5048377815680386
37628372,7,0.3014843664879255
29562943,0,0.46780536527787414
13596407,1,0.6821027526482729
3889038,0,0.4873865143376999
34876656,6,0.6228793355895627
35244913,0,0.9954069183589862
4467230,6,0.2657790149873956
28206826,5,0.6012160014789275
12594239,6,0.6829433941065344
4208659,6,0.6843382884170234
22335171,3,0.4751515870318006
28333732,8,0.6452112898715757
33590599,4,0.6724941521876056
18385524,6,0.4243776802383807
29159680,2,0.46927585052486404
19678641,5,0.6485954655411167
29433259,8,0.4571914746089155
34004042,3,0.5292694610229169
12013813,6,0.7452041392075369
3300406,6,0.28201743360490383
39665712,5,0.9300628423582351
34358550,4,0.4614966836796717
33994158,3,0.8660872761895071
3340528,6,0.29105040099753454
7948510,5,0.7884693774575896
37230696,4,0.6590782904624422
26195181,7,0.7523193237126238
25429410,6,0.9631311802493491
22370117,2,0.6576137766072315
15418093,6,0.35234243442461743
34984015,0,0.6417951674365487
24533951,8,0.5526326084634434
37811767,6,0.4388117291269269
28693433,6,0.6888705172440915
11881900,8,0.30151989546820596
37605531,8,0.45525141530230434
35193688,4,0.8984601418802678
7542651,8,0.2852956673929982
4996085,6,0.35718677609359034
8194489,6,0.6208869613148038
21798501,3,0.4032419437381891
33713472,5,0.679078852677002
37838023,8,0.7704193420210333
33841523,0,0.8522828940300671
31650997,7,0.27053048118895917
39488380,4,0.37362287112206366
36305573,1,0.8796169005101708
28940535,1,0.6488819923388733
15005240,6,0.673657348074109
13037462,6,0.7497448911047503
11025777,7,0.44582782759684464
25713022,6,0.4739232302774719
23618231,7,0.29443777293954065
4261129,6,0.44976814568961254
36338020,5,0.5222320347343646
31477393,7,0.4382160661116827
22649703,6,0.5629095253027601
12112172,2,0.7571586881508423
29277831,0,0.40013381550421123
25675998,7,0.6154730701385949
15321993,5,0.8893714549723549
29445943,5,0.4779114870936439
9187579,8,0.4144206101342275
14551484,5,0.44496552759494973
28687087,5,0.4144657512134179
2137539,8,0.33301339968450194
29800157,6,0.4683590597423701
39526134,4,0.8969200138578873
3945028,8,0.6455980097124648
14986129,6,0.5845905302450161
9854869,2,0.5662557782995996
26932870,3,0.5948914808524481
13753213,4,0.5256562616597726
29870209,0,0.7964953613638963
7931382,5,0.48291183393065573
29590365,5,0.7138724176865604
24621889,6,0.44548904397915573
20485141,6,0.4339872588690704
31865990,5,0.7188544000556697
31446640,0,0.3776504399359518
30981249,1,0.6764527601531414
35680848,1,0.666301757754769
38890265,4,0.4131157045071694
15868424,6,0.4487810098787683
6665577,3,0.5839567098648026
39231865,8,0.38571593340363025
35906266,3,0.3243486071127554
16527834,0,0.5594221834082397
29035533,8,0.8409514278877822
16682563,0,0.9758371543261148
11039209,7,0.5806310875609018
20313002,4,0.6416823707409247
34045618,6,0.9052038374143375
2140219,6,0.4486382833236628
33089019,2,0.4254827990845294
16121545,0,0.7709359790877355
5415679,3,0.3792292001387415
7683116,3,0.5544553568391857
17668633,8,0.2886317578777319
19827368,8,0.3835402096651435
31577163,7,0.5356078095363546
17588699,1,0.373405511871787
23172265,7,0.910920276962381
20616307,2,0.9346344779509083
13895526,6,0.5807813721597624
35641414,1,0.6941255713412189
27894253,5,0.5682208493555767
25803567,1,0.408291195632264
18676293,3,0.5118508176671431
29175519,4,0.6373830933966342
6012604,8,0.4664596730703093
13829666,6,0.8397999240541374
37906835,3,0.38765032317124776
13325954,7,0.6238831309881308
26720106,8,0.4050224874060525
39236601,5,0.32812754811079115
4235004,7,0.4268093533474796
11661822,8,0.2722680931692878
2773416,8,0.616291012876455
1640054,6,0.7318212901558304
8313705,0,0.9960060338201128
20366031,6,0.2973669517163419
37726207,4,0.41643160967863957
4775875,1,0.6238335837204664
36523912,8,0.5210583195758277
20715408,1,0.4028522629738412
21911853,8,0.2544254012288198
20177899,7,0.5301585069348977
3520672,5,0.35602711068035064
22241343,6,0.40803534412888914
11327736,0,0.8642241222529079
18796117,0,0.47134042636368895
33467537,6,0.29626121860539234
9606364,3,0.974963810165004
35053507,3,0.35074908761971
19099756,5,0.3000679916936597
38866526,6,0.4597999387018894
37863458,5,0.4493396672666713
7781448,3,0.6864682291545803
2381241,6,0.34971854039744416
39299548,1,0.9701815770085688
27758999,2,0.3644317754552936
21843143,6,0.37907206573739255
32417520,1,0.3988605784430268
8856523,6,0.3507376332123493
13343577,0,0.3650534885192135
33868862,3,0.5639232122981823
39969717,2,0.37922324886989167
15424895,0,0.5216937852531027
14580787,6,0.5152810335384078
15174162,6,0.3126718332006439
27119700,0,0.738271050732444
32642785,3,0.8271595209854106
36020079,6,0.38939432463083956
883679,6,0.46145150585338285
18267314,7,0.37641805983051413
3288250,0,0.9558899626201213
18856646,6,0.648105581063438
34406169,3,0.7870023267931272
13801557,6,0.3401576787731207
37766683,5,0.7355722802735983
24373965,4,0.6418152329476988
3818881,5,0.5529242815655985
15807317,7,0.5420027303126476
26705027,3,0.5593326756715228
16434405,2,0.26100972647542875
3018036,6,0.8714411605208696
23680976,0,0.5262554605519134
36247394,5,0.8541824741578478
33502170,7,0.2918351152279699
24134085,6,0.3085476029378723
20928661,5,0.7218578819806953
29637150,5,0.8329957126889732
33011551,8,0.5730963244563373
40114549,6,0.35768672416582303
11492138,6,0.2757508585712496
35540360,3,0.41210333294161205
33823776,6,0.6456431310287668
3261693,6,0.62965963185758
37683741,8,0.38257039367681533
12549319,2,0.3194291681153274
33678959,0,0.40097226654934204
23849295,6,0.5873181608552299
34288969,0,0.37339775395548686
4819437,6,0.9999999999674557
38215686,0,0.4459603578712946
38816302,1,0.3867058779744027
17273685,8,0.6508028999673733
7961216,3,0.6776700695201974
28212280,6,0.3275199963478716
26473859,7,0.6293231147092606
13559696,8,0.6527794355231848
24709342,6,0.5296370544148076
9391546,6,0.7725206302464451
23314553,6,0.512991463479183
38556188,5,0.5654260100408489
29248537,3,0.7022187652991043
34637757,0,0.723677758081144
28195660,8,0.24857540486103882
37813859,6,0.3014948077866391
3823599,0,0.825734815859633
24414204,6,0.669879670381031
31234308,6,0.2735753738166905
13349573,0,0.4339202029474362
38129746,5,0.6852026406408763
39538576,8,0.45540644106656963
37634899,8,0.7585141351429386
26328623,6,0.3284245054241592
16405242,6,0.3299409714931291
33066034,0,0.651239547652472
25090714,0,0.990155643815386
33728416,2,0.8251935182697201
25480639,6,0.4579067462583856
11205571,6,0.3617512630691174
20438686,3,0.7332453596829901
37932966,3,0.3039433852104754
21393107,6,0.4511799497081763
21317567,5,0.4699924854529847
2413144,6,0.5043245944522708
29221502,4,0.7456065021905824
17557756,1,0.972255617901711
15817577,5,0.3918615218104142
15479902,1,0.5184819867055933
26712080,7,0.3118888286696214
34670670,3,0.33791845210411525
456867,1,0.5162822920202532
30550918,0,0.2951954746113846
18014580,6,0.9999999999850768
35332852,4,0.2429429215985742
39861280,8,0.7256959202760078
38906513,4,0.7566602489051795
38195089,6,0.3685784958236017
31169990,4,0.906040724470921
604453,5,0.5473149521990864
28511343,8,0.6333389373153866
26533379,8,0.5508516775461151
28756816,1,0.5622627201172788
35026716,0,0.45899011353446983
33577657,0,0.9641705088485293
21706570,6,0.4787979017474598
29349801,2,0.5876843158341856
35373236,7,0.42375448926501114
16654743,6,0.6291982575173306
38033570,1,0.41235515416361607
9784422,2,0.40296324501127284
31035934,0,0.4373776540076017
14691865,6,0.45667068136098615
2549616,2,0.7522154699769648
39456283,0,0.4448327880486948
31842651,1,0.36564473953119503
22978023,8,0.7242174328293319
24792480,7,0.46137896629369846
31365592,1,0.6061407845576984
26465546,6,0.5133865177873118
39271424,5,0.6358359882126245
28507913,1,0.33305269661366116
18287315,6,0.5858471316593746
26876921,3,0.8418037031308183
30252960,6,0.6724884896308153
13537300,2,0.7951479441532292
1711483,6,0.7989786331731377
36463979,0,0.9999999999770306
26962973,0,0.5292133088611387
13787258,6,0.7200940253087793
26621993,1,0.5501107443177273
14861843,2,0.5279901322563028
9344252,2,0.5782715922849003
878143,6,0.4347904365122059
27546500,8,0.7663700437488403
26325233,6,0.4933072132797073
34833307,5,0.5290463742729289
25652379,6,0.3069636060606302
39121577,6,0.4098263365701817
27462227,4,0.8528330906667905
10078564,3,0.5664010362130295
34323908,0,0.5606400592279627
11565492,7,0.6098989744359427
12939791,3,0.7132905854389853
34725704,1,0.42828203650234786
34206696,5,0.6215139776300405
15609348,7,0.38258004116088223
40033979,6,0.5813902182216674
25839946,3,0.35513630173834615
15452996,6,0.4509095273499682
577467,6,0.6309823189662904
24498306,3,0.6518276229448937
32518358,6,0.3755386149595349
39843491,8,0.5359725115680081
34013932,6,0.5912215253724854
2863270,6,0.7849671318231706
37090291,4,0.4394776124090522
26676249,6,0.29715123402980514
17166351,5,0.2888470853528953
40114836,6,0.443338553584162
25087072,1,0.551297257927543
8568242,0,0.7090209439655699
35629694,4,0.8403854200124811
36133447,6,0.5438082502855048
2082474,0,0.3275530204715723
8326192,0,0.4682250562034076
11872270,7,0.5088464724971214
13188711,6,0.4222092323645814
39013564,6,0.8968330825732346
27518863,2,0.7460835840587995
30434323,7,0.4995004900120946
40030481,5,0.4806789440718277
4010218,0,0.5384354043269447
20026325,6,0.4161074172698196
8563394,6,0.5201885645329812
37791386,4,0.7972787359035979
29390384,6,0.9999999999757891
29268915,0,0.5647375660930118
38646886,3,0.3837313722896359
2752008,6,0.36176273519071056
6826495,0,0.8320354343883969
18617854,4,0.962436289171426
34865335,3,0.4642774158541109
34260687,8,0.3041933743674901
38214420,8,0.7605972385722695
29442774,0,0.7419231698435198
36236960,6,0.45333218056685853
27770826,0,0.6155920670133562
37504245,0,0.5007059048642876
29577571,1,0.36304020799537007
19554261,1,0.7352174462809544
39536288,5,0.9511581096884667
35049772,0,0.5861955794495181
30650583,6,0.75354956015384
1765757,2,0.8040837192831509
31091954,8,0.691624284794788
35400056,0,0.2926777172456683
26249367,5,0.4111674705789808
36876035,1,0.49531316162070527
37818978,8,0.6786989370740905
12055601,0,0.9868776369618507
1638751,0,0.26852546964823665
39608282,4,0.4574144140404903
25799264,6,0.3045015224662377
32323030,3,0.7722084191040484
547829,6,0.33832478824763096
36326246,0,0.3524190657529719
19480449,8,0.4361486463424801
14804173,6,0.3869929414731844
32506956,6,0.4089840711651367
15006622,8,0.44289212615152906
38444010,6,0.7277812393083667
31378804,7,0.483542130527878
9041681,5,0.4762314248821203
37955929,1,0.8649898265421285
27319439,6,0.4616847487056497
29828786,3,0.5911248417355635
4910203,1,0.4938560077266264
21842950,4,0.7203114208817163
22253658,1,0.3502400197234784
9745909,3,0.5244851822265097
29387060,3,0.9765842321767426
15706911,0,0.45826775471719877
21470039,4,0.3701013340235547
32922535,6,0.5505413100181525
7908295,3,0.6644165306562843
39841276,7,0.7229847070249881
23334022,7,0.6607276897529593
14990376,6,0.559415967054632
31100251,2,0.5052511485225712
5321767,4,0.4148503513956929
38187781,8,0.3448819650179501
4593695,0,0.45332940251726006
25044549,5,0.5653654616703171
37132000,7,0.5907215672379478
10650146,1,0.3389419657798862
4637420,6,0.9893497028081477
29755656,8,0.46776896989192046
39246374,1,0.8293988904284028
24548279,4,0.3909785870896493
33681858,5,0.24284515653875505
29708564,3,0.36539896577600056
31593772,1,0.6005976447944216
29804422,8,0.45176096839459845
32868211,0,0.5534182652746
32417338,0,0.7491352131801667
24250515,7,0.35533467286455467
23763300,0,0.9073226425556928
28973277,1,0.4898792609671677
15896493,6,0.3402392994497978
29560630,8,0.4334199016039903
27118511,8,0.5286662643342805
8071254,1,0.6801425300247008
39047784,6,0.548343707369136
3182153,6,0.6307629182791475
26300442,3,0.37287457237473365
3319632,2,0.31010338929938297
38677022,8,0.44948048249478956
24562175,3,0.45929336212140887
10941830,6,0.5226137374485778
3077490,6,0.5947628255038788
37416600,3,0.7505854824576865
3340015,8,0.40969765081818876
37056981,1,0.31715897705804763
20052885,7,0.2676218922188951
37736021,2,0.9728182509781388
6555573,6,0.6611309502104312
5958793,6,0.7070602912794088
15150275,3,0.2836939737916304
24707811,7,0.5593548148038473
16773857,1,0.5417186494668713
10761769,0,0.41901566603180096
39761444,6,0.4903317351195193
39252170,4,0.7321987666388925
38496831,6,0.3248734848472223
31928897,6,0.7109737107641141
22530081,3,0.8552399455349606
14006482,3,0.4075255543033585
16376732,0,0.24064829815488328
37521454,2,0.8881434697435984
25470428,4,0.4821115499819177
7085512,0,0.9346608900801494
32489601,8,0.5094775664295875
29549149,0,0.696354983925246
31689133,3,0.2838982196791772
26483054,8,0.34251633907947515
39716433,6,0.46331616266118775
15929676,6,0.6315693782113133
32152233,0,0.5384194186440029
28328890,7,0.7417276724708773
21856383,8,0.6812938633061504
12374176,3,0.8496857044586256
1017388,7,0.3288383118801076
10868530,6,0.3621080385352736
16238462,7,0.7652498267165407
38704037,7,0.5794967332499567
37000346,6,0.7015881475416713
19108182,6,0.6103450353185765
6174369,4,0.4851625909461685
31648992,2,0.6251855206541234
24768455,3,0.5431545612525941
7896462,7,0.48905194039971567
38741395,5,0.664371620368991
22862105,5,0.7379495127354726
20356215,8,0.35077737064736936
10304467,3,0.48419992403996237
10176037,0,0.5001794393152227
7881133,6,0.33891982035525603
14760703,2,0.9604009177061792
17839922,8,0.835496749726638
38037873,1,0.7801661036279485
13851041,7,0.6236554319537896
20298407,5,0.5812883893043174
38305946,5,0.916832796001815
32106805,0,0.32964575976633365
39146027,1,0.8822127853334154
14819098,6,0.3766372663192681
9870221,0,0.6210741154410534
39252323,1,0.3761660355832528
40040726,7,0.4644687696861226
38273916,6,0.32611137174160565
31961688,6,0.6663486943812937
3339562,8,0.6246283249590616
28922374,8,0.3561572947121944
40141134,4,0.6599086443456286
32597668,8,0.3016529402673239
27753350,3,0.5248934489214463
20137321,8,0.37689199820133323
28774852,1,0.28128750120217305
1716554,6,0.7100571050174275
28335202,2,0.2925763001503642
29113461,0,0.5992217784821744
8652140,6,0.6210314399305563
24070082,7,0.651572438121142
32177308,6,0.3656412955251532
18915941,4,0.541503871337439
35272985,1,0.3630002994194039
3293194,6,0.7876390838220542
35341399,5,0.8675087314782617
13927576,2,0.6125898826420794
29393646,7,0.5682181740160055
35265632,6,0.6519708533320101
2643244,6,0.9768336492213661
20746505,5,0.4478320231764316
14735469,4,0.4813070064411835
28008807,2,0.5145957631135852
33866503,7,0.4828934589506602
17138952,0,0.33387330561900785
4979150,6,0.6563855889825975
29455660,3,0.75307174802705
24740104,2,0.7412664666877868
635200,6,0.541251177640216
14418264,5,0.5821452215157686
36810785,1,0.6893369356431391
12608747,0,0.49168764169017765
19389083,6,0.43634514729683366
5522471,6,0.31651186261306696
9753680,0,0.46679799863744087
31684878,8,0.43484769450587707
35274840,5,0.9769527463297258
33190298,0,0.3935968738692255
26828226,3,0.3871660395402785
20931295,6,0.44266214992557085
38403141,5,0.5774288601957273
293482,7,0.3478578427487471
38293647,2,0.8824326263061185
32871467,4,0.41184960818636657
35895466,4,0.5411037572898526
10990895,3,0.2711895681798431
7459204,6,0.39374729743536513
35457358,8,0.710274647199171
31569216,0,0.6049263912550096
35262753,7,0.30992742194766887
5056152,3,0.6731040350690255
38106808,8,0.42455796375074906
25697684,6,0.7859923306364051
3209529,0,0.4290955060582788
34957620,4,0.8041132377538973
38791898,0,0.30098886323279783
36000668,5,0.8829989704302096
35581490,0,0.40983067661038713
38803150,1,0.5336853541405736
11764203,6,0.7868025561728912
37789747,5,0.5227444991683896
15513618,7,0.3285158733404938
19658703,1,0.5624297085988748
24358611,6,0.8385166532365217
12154579,7,0.4540623232849967
30902050,8,0.4870148969583372
9763675,8,0.7575701540351016
6532065,0,0.6503565180098985
38242677,6,0.7229811854322685
20969744,1,0.4421002554864352
31473184,4,0.6425512022110588
32234863,8,0.5575514052584498
30558116,6,0.3737627004859668
36954453,7,0.7531106561284182
40066680,5,0.6834417396499713
28180301,4,0.6507474287477337
3164086,6,0.7198728091539411
12763505,0,0.6603276105066126
37883325,6,0.3136402538471583
7194701,1,0.45175364746178026
17613250,8,0.4117033254740307
36809368,6,0.6738511408141685
37287922,0,0.3144308133061144
18004030,3,0.8551478764067406
34800915,3,0.2916482306594286
7196427,2,0.3377951117314008
10158269,5,0.41474129643662594
39662975,2,0.8089103178233544
25905752,6,0.5483729528428035
20724856,3,0.6046707530025912
5440098,7,0.6691437073681914
28916554,5,0.650383680260141
27240287,0,0.9999999999753181
34710842,4,0.3516611096966399
32167758,3,0.28363802036462404
27918091,5,0.33810461081293225
10621324,5,0.7215904911191735
17161420,8,0.741509215418243
627772,2,0.4555389693233247
39664995,6,0.5184484785610642
21818783,3,0.5563950501447065
39817834,7,0.5166929476497241
28209436,6,0.6239582604570498
2761678,6,0.6941084800165267
38168949,0,0.6590155142686631
24274023,8,0.6564324027410791
2799731,6,0.6138023093689997
4981963,6,0.6748345064600758
35301624,1,0.6115137341491271
21576252,6,0.4669828674350101
39587863,4,0.7248632073426609
23475610,0,0.4185775168181617
10221704,7,0.3462238927005261
33745052,6,0.5976556633406125
3465568,1,0.7730553341496271
22703859,3,0.4917442875888043
5366928,2,0.42337182755168
15725458,0,0.864706927561888
36895627,3,0.23335363792083547
27952608,2,0.47469430662725365
1003247,2,0.47908588825649856
39086664,8,0.3882440133388056
22415643,0,0.6803635352178419
38499625,5,0.6760079433973284
37709164,1,0.90036290070269
31387880,5,0.38098586686388103
36736445,1,0.5601715456837166
14819849,0,0.46710223341018997
2243895,6,0.551199013277348
8020408,0,0.9999999999793256
31861042,3,0.7510341880929369
37098313,6,0.4832946178284509
4588889,6,0.7822358618271293
12266208,0,0.3392120311612226
28505987,0,0.6768082528106877
24418368,8,0.5410685602312755
21367792,5,0.5492973146364991
22512462,0,0.7763232089980512
28376538,8,0.6151930341473499
24576044,7,0.43926743981386807
31489523,5,0.559648421933578
23725294,6,0.44893918769932606
29171896,1,0.49924285207224606
28026470,7,0.5239638898970369
13355290,6,0.6930079511804992
7963595,2,0.33078397752093497
36202770,6,0.26915519329160964
32123528,0,0.47524676246586506
38340414,3,0.8923301563416751
8691419,5,0.31053153132969463
4094933,7,0.6824186654499378
22719650,3,0.5572548428201369
11134539,2,0.36704958553827255
36704286,0,0.6413418469769974
33910982,8,0.35185317655437837
14036344,8,0.6087236933160513
26938110,6,0.44357842060424957
9600474,6,0.8082185297948438
34909446,5,0.7501160215735962
14320836,3,0.864398043420859
18159874,5,0.8989865482588273
10423385,8,0.5414292462388415
23705290,1,0.5261907483718387
3330933,1,0.6549093780520483
29722071,6,0.5009240918955911
3161827,3,0.6480694894006978
14874965,8,0.5204908009468654
39461414,6,0.43500032924652526
12019661,6,0.5598134892878391
22493293,4,0.3619850963624185
23227680,6,0.551850181718579
5011077,2,0.5934272357663879
31207250,7,0.7253173184245107
36120184,2,0.8116385623281062
31794127,6,0.4551508420531586
29124000,0,0.9667047390030227
1188944,6,0.5149755288504083
33790792,5,0.7542097609181968
38821726,7,0.38690017184246805
19597575,4,0.8604645818436955
5406393,7,0.3832921755913297
9193323,3,0.7587165781564965
17823629,0,0.5884660550763701
16049395,6,0.5408840161244101
26630245,6,0.47454973355696034
33555048,1,0.4287092508527907
19718233,7,0.510806043730518
29773991,8,0.6157322574608061
20741952,2,0.7373241004894373
26618666,3,0.5654042614123947
34255517,1,0.817137587955387
21612779,6,0.3353173550138614
22220856,6,0.879685755799078
20974252,5,0.9375597901314401
10559018,0,0.9583982629132494
30298144,4,0.6242441488784378
32465143,4,0.8167216386012625
19869090,8,0.7594516805984386
6410062,0,0.8230058138900453
11790775,2,0.6955981610099988
23577505,5,0.709853609693866
14515239,4,0.7330733058144856
8519647,6,0.6415455537960798
29200348,6,0.6781262314389
35004097,5,0.8079348861866008
21079579,0,0.7089929019082374
36562052,6,0.3361667276305009
23037479,3,0.7628014580408146
36123877,2,0.7929900267089259
9335768,6,0.8303585245837378
25019153,0,0.3177847415301905
15864522,5,0.7989324101881603
24837040,1,0.5129839334681692
15545952,7,0.5685734790774611
37870407,3,0.46993138607073426
24065052,7,0.6548734845798386
16847157,6,0.826610354905283
32313946,0,0.502600702121981
6616270,3,0.573968944527418
38306904,8,0.9169295966276356
10152290,7,0.5082515455946555
38683881,6,0.5840907964305105
28473660,5,0.5042809091238413
2824612,3,0.36536695009882336
20661733,3,0.7183403854007768
26870873,6,0.49620286698004884
9753730,1,0.7272251692824193
33864661,0,0.2879024585772386
38129681,7,0.9027905157721421
12208427,0,0.5775190608453261
2985678,0,0.43637563257053513
38516110,3,0.5440147033709517
32590591,7,0.3485074912496422
40064411,7,0.6546835400009485
26607303,6,0.7034035937239664
25050504,0,0.8532089474081955
6336911,0,0.5850238744991687
31417661,6,0.5119429857311472
20616540,3,0.6059664846920471
20104874,4,0.99628906977389
18224468,6,0.5907114873674535
20586328,2,0.5553361593899317
19936033,5,0.7779803110407859
25301466,5,0.6931356086452348
16675039,7,0.4992202923761766
8848294,0,0.6066098256803948
4117038,3,0.8147180043544187
1829340,5,0.7193597975366518
4419532,7,0.5042692216443476
28881140,0,0.38084855911518933
11813548,0,0.38511326376089317
38644263,8,0.5966911134856079
16574573,6,0.6113742179037663
18784615,3,0.92862744471326
38806208,7,0.6602526866972585
28930477,8,0.37661837332301895
20037341,6,0.5585422547415858
34538762,5,0.9081307456396658
20731983,4,0.2516221942077764
3217715,5,0.937034485052505
26850164,2,0.7023037507264797
30044142,0,0.5717870648994294
24168812,0,0.7619671531717306
10319699,3,0.4603042848554111
35644481,7,0.36960233135357257
30722305,6,0.5679531230374943
38797177,6,0.41363207916363404
11666537,7,0.4469701624666946
26957437,0,0.3097618059943264
37266282,0,0.3740788877039763
18356185,1,0.7387927849595298
24106575,0,0.36500901154404786
35688703,0,0.7409270184594473
35230959,6,0.4817979370353998
6878303,0,0.5539831266287936
17576448,8,0.4468964510325556
3158098,7,0.3828005166965117
12332392,5,0.8232494590498391
29760118,0,0.7895005695665094
37870148,5,0.7193886779533796
32026365,0,0.6681564177952739
36863081,4,0.888779683670906
8300364,6,0.4759049095328221
16236157,5,0.7244687888076418
39804301,8,0.8571420497039954
21438890,7,0.44338982593926024
11045510,7,0.43551896675067053
21221813,6,0.6239904928376029
3680022,6,0.576995796372045
25293881,2,0.3739978727849492
24173250,5,0.9581537654379215
31349356,6,0.4633547348685229
3803386,6,0.513507058680845
16952462,0,0.37568342579262126
20675534,4,0.8123523109511196
4203417,7,0.7724942777174483
33418838,7,0.377043580720012
14885002,0,0.4152849976568956
7962094,3,0.4672080330837584
15878501,3,0.6733945956600436
18768967,6,0.7008027393820562
28220146,7,0.6145140449148189
25816506,7,0.7660704403776845
10901247,2,0.7381010673393078
15487106,7,0.43799682424651093
14803780,6,0.648727702848783
8721040,8,0.45379975746893386
7616998,0,0.48282343915407266
31848877,4,0.6425828193594157
34929650,3,0.47657528912113195
1226091,6,0.8183598105638742
31250542,6,0.8095972612084154
23102041,1,0.6085712616309367
37204323,8,0.3774627648295499
34793047,6,0.49426076978189626
21110915,0,0.5431460285061084
14386822,5,0.7714340319354784
24140497,8,0.4792700900289794
22534598,2,0.5128622335720097
36342098,7,0.7997453645552132
12840340,2,0.29332757882410504
40087681,6,0.4800772488713864
7208096,6,0.2622932708769111
1823588,7,0.5504665501411881
7020313,2,0.7902757050941757
37528782,3,0.6361405059544897
21717671,8,0.5333106939103065
38278578,6,0.3929089628296096
25372877,4,0.5165696612164447
27904399,6,0.912884902084388
18968607,4,0.5747431267247745
24872225,6,0.5631349854261377
3867718,3,0.5006050152774719
25212660,6,0.6413679124691233
16091689,3,0.6258402508465266
19942399,8,0.7046809327613952
26851151,1,0.7490400017442504
24663564,3,0.5160487653825849
34954102,6,0.33533789089576493
18578265,3,0.3810822992322881
20462542,5,0.9384553868741037
23267750,0,0.5059059623937503
13328121,0,0.7783370301130272
22951775,0,0.6540900938433213
27526431,3,0.4586718974002482
9310360,6,0.2906876285141647
10971033,8,0.5638073647452355
23965767,3,0.9573989617177704
37339367,0,0.7326150840197218
9629532,6,0.38867066158327596
37471436,8,0.6756476206760761
3014631,6,0.526627919236423
33048636,1,0.566448228841282
29181220,0,0.8068884280437651
22304231,0,0.6731814904092465
22450116,0,0.6650009074311132
16741435,0,0.48622330645464246
14319525,6,0.7058743883675944
26427644,3,0.5944452694714253
20423598,5,0.6738875814714164
26697843,6,0.5979692379997729
39359693,5,0.7592456596095883
22303408,8,0.8409970212915789
14777488,6,0.9618259255167413
17544424,0,0.8285388251090771
22831375,8,0.6137061219790655
33573807,3,0.44011941797386134
28509551,5,0.5299630749964396
15843419,0,0.4008653725566419
37053169,4,0.458410007262526
25491786,3,0.5415046265152742
23358787,6,0.4032640770862381
9048947,3,0.5027233493158475
13721289,4,0.4154395090902256
9691346,6,0.4018505092264095
15926358,0,0.9696981281295707
38733247,7,0.4604456526480443
5307991,7,0.6142271807636157
23173220,3,0.6026996795220011
3715323,6,0.7832786617748312
4788748,5,0.5080925541606081
10618144,7,0.6095872596482338
11039500,0,0.32834933193085636
10224287,7,0.6474240431495154
29250011,2,0.40616156825973115
5426637,8,0.37865058561429965
21437666,6,0.5008616917192076
22378876,3,0.40800857249478184
15437320,4,0.3218583617447656
7654729,3,0.4277224197893308
18705373,6,0.767687838265233
23553102,6,0.9799191188331793
38667728,5,0.8722971532441761
11059801,6,0.4299723861231607
22144324,6,0.35022346531656123
22913490,6,0.8108631411281759
37705016,8,0.519516967865025
38167388,1,0.6217230964917994
35520251,3,0.49470986960737046
35761682,3,0.4731546327725615
21081438,0,0.7403644640039715
38271772,6,0.5325187711599594
15109425,6,0.48603587244792734
18331129,4,0.47311897009961246
39917313,5,0.5020350060842776
14690398,5,0.3115959461968226
14030935,1,0.9747885859277691
29586949,6,0.5486925927717522
9125997,6,0.6586282783776158
29055634,8,0.5124645778254534
24291941,3,0.6772750654829999
16862501,5,0.9445128045118705
31006311,8,0.45192092589950617
24613347,3,0.653136126943319
15890892,8,0.32031590578599717
17130935,0,0.37507719999525113
26056316,8,0.4937703437410506
22793465,2,0.9999999999927047
8730499,1,0.355734898267544
34085607,3,0.4159774954895622
38170566,3,0.27286323062261064
18782241,2,0.5158112043773355
34844961,8,0.4673384222156929
31435071,5,0.5754389308313804
29049771,5,0.46734825737675006
28154976,1,0.607007553792395
37023166,6,0.5387905148906375
22779650,8,0.5631305505864553
11672513,7,0.5679001799698116
27302795,1,0.6965385230700372
36794701,5,0.6483819794402084
39282848,1,0.9599320481664868
26874829,8,0.6701231782916748
25814675,8,0.4205237860678706
16110777,8,0.46493948730086365
25194557,0,0.4431036386647453
30748378,4,0.7042066234749133
14225361,6,0.7483946396610758
28924553,0,0.4494003991504625
23905703,5,0.642094955646774
29055439,3,0.492814837968133
36792222,4,0.612031951141818
33356753,8,0.7613988599431609
31295352,6,0.44438232203827654
24715229,5,0.6879414959132055
23263071,6,0.3643407396081995
32929910,0,0.4254242925844082
5715217,6,0.6311339007004505
24316906,6,0.36058329250515253
35536670,8,0.45638657407892347
22766366,7,0.4819928333101309
20394025,7,0.5114713800105342
30675236,8,0.7133036044625787
7611510,3,0.6105071204562595
29323850,6,0.6402013401182419
29053122,7,0.6099978432345143
33248875,6,0.4321707114074761
33995477,8,0.7219472516558777
13111410,0,0.3070651025250285
31991806,8,0.7032153966762715
10694150,3,0.6168490747170654
31568441,6,0.37519930265529533
6535062,2,0.5688463442099868
24693714,1,0.5208982138435638
28516906,0,0.5273181057312117
33253657,1,0.44591603938958857
3123796,2,0.562777289971804
7384066,0,0.27447160505132656
2380031,6,0.59886264162732
31194718,3,0.40314795311613066
22179800,6,0.45403912321015666
2990945,1,0.5360458722991409
38333259,6,0.5942499731277056
35818975,3,0.7016620836341201
22935732,8,0.28971410817677595
30276185,3,0.6191751821253473
1645384,8,0.5458907181028875
36315314,2,0.34340144362057434
17577821,7,0.3989108922693177
29403784,0,0.5466743956074959
26744920,6,0.3837782551956038
17662887,4,0.9576129482178452
28392937,8,0.5921216508177716
4110511,6,0.5116183040688862
33916150,2,0.8661820330830279
15840661,2,0.7485708358222516
38808959,3,0.8249323956713873
13404368,2,0.7673462873330522
33294758,7,0.6304642960112558
22688854,3,0.7185228358008501
14821297,6,0.5772747586519984
25234137,0,0.4790953141565736
30310885,6,0.868834032027516
21039786,6,0.724317911445088
24269795,8,0.7807297602620995
21953121,0,0.8493938603908914
19466343,0,0.40057688213790515
31668444,1,0.38382773094077544
27178055,0,0.5774335460889852
21509858,6,0.43689908616738876
12533119,6,0.41314692026757466
31215172,5,0.6034213341634491
34113548,7,0.2916138717746421
37218887,7,0.4940743929363138
13845608,8,0.24893564932624848
23068872,5,0.8581832660631391
17180560,3,0.5564778777041252
27135635,4,0.42666525861626037
35784095,8,0.5182971253152876
14668475,6,0.4110258482681035
29184871,7,0.5172309400377791
9907778,2,0.3113403056308892
20115578,6,0.9524348648552596
36049580,0,0.5759725175044137
21890792,5,0.7073541302849519
17610275,3,0.37802064570073274
38897091,5,0.8749307132234785
31177029,0,0.4454157272462835
31978948,2,0.44594499185175585
39132439,1,0.4530266774607929
19907865,7,0.3242474444038136
31039043,6,0.45790710795556766
1872016,0,0.5561834361149351
36278041,1,0.6975229433309582
18501867,5,0.48615921786511496
17535318,8,0.34277577591351505
17146816,7,0.7853582337087011
20481027,3,0.7141586679307051
9674065,7,0.45508515605273037
33634310,5,0.49929405833687984
33178216,8,0.2756122709654131
9488945,6,0.4489516372976057
39762772,6,0.2563838544221124
12444770,2,0.5294220120799242
25145384,3,0.5273971469411377
17896936,0,0.432165240247143
24830952,4,0.9999999999894738
30483977,4,0.35899404313975186
15035409,5,0.7822331998506826
13052282,5,0.32889799582842794
23172325,3,0.6226439053532175
30607428,0,0.4610592217458644
29334505,0,0.8097104921087236
16294174,6,0.6749638722435478
33506372,0,0.8340271175978309
11164286,6,0.495037784840109
1120139,7,0.5921062827342782
40041902,6,0.2610391112597318
7251414,6,0.39705739555211134
20249397,0,0.7536598589317195
14410453,7,0.7012801605736366
19544589,0,0.6649179710336135
28978491,0,0.3884638558899954
15030011,6,0.5047325623587585
27388403,4,0.7920810772514495
30839297,6,0.6371312382513984
3449039,0,0.4234684591141118
16668639,2,0.5379167008403252
38647525,6,0.3022505700734862
32569722,0,0.9571741184404826
35820782,7,0.4971458589518882
13939677,0,0.3538579088793578
5237485,4,0.46099524097172967
23902645,6,0.4023058976999145
36333737,6,0.7485621567900541
11020663,7,0.37412742903093243
35633421,5,0.6542594557023177
29745593,5,0.5234960699413974
21412318,1,0.4242122827068618
10962448,3,0.6893017970123154
25273365,5,0.5878502057712526
34793989,4,0.6730538483526831
37644632,0,0.563177302537829
26881631,1,0.6361359401651377
7486189,7,0.2954862389689317
33595230,4,0.33815553162557105
28831539,3,0.3136603780904616
37360343,6,0.3712121646977328
38777654,8,0.4037886948765609
9316697,7,0.5850860648788908
22773905,6,0.4650805038892032
19733666,0,0.9167646559981324
10511654,3,0.9999999999921662
32473192,7,0.5868816097050467
34884408,6,0.46294646980556964
38540394,0,0.6222393464681287
34333594,0,0.4053558688053665
30969513,0,0.51834104695262
6273191,0,0.5563338994067478
6808798,3,0.5004414810594485
39541791,7,0.3848162414909946
21803956,6,0.4685913617086906
22881585,7,0.5713693938912501
34164137,1,0.35193860140977556
40101925,4,0.8632264992715933
35242940,6,0.44528787740335135
24119708,0,0.4320731811423412
32704870,1,0.5884286397737996
37619571,6,0.7580612107755222
38947967,4,0.4831989820974509
23619945,5,0.5005029220053435
30271882,8,0.4216594467558499
19883026,3,0.7130795137968949
37078919,1,0.6574687455893691
23285743,6,0.4548171033369238
23002438,1,0.6331046168889896
21757544,1,0.5963725182774343
15582956,5,0.7712364303211781
30850829,8,0.48095913778586236
28933739,3,0.46661695902982175
37192937,7,0.2620437463987234
14069890,0,0.9444600691015191
36526140,4,0.633900282497152
2763432,0,0.9145850673897372
22044220,0,0.8644802822377434
35337250,4,0.44763974900900144
11280388,0,0.5217954809307805
24367930,3,0.2772013998525442
28242902,4,0.37540273039788497
5097092,0,0.6007345557094977
31019573,0,0.8198609098589392
15371505,7,0.39997762549291754
31100433,6,0.6081618337631224
29317262,5,0.6959538658488886
18427711,4,0.7925893877147845
19337952,6,0.43849706848702313
39529662,4,0.4040253620630528
26292906,5,0.6256997957079455
21362224,7,0.5222825055287572
7502566,1,0.7200237353812015
13202649,8,0.32271429710552624
33737126,7,0.5355135827761222
35808754,3,0.8180365967384591
20248760,0,0.34323030155104306
17592581,6,0.3880078166510002
39618814,7,0.760185951885195
39196788,6,0.46521299096898033
14313025,1,0.8278525995885027
39914160,0,0.41349071967091655
30242328,4,0.8646576954858586
29452735,0,0.9873829947167554
27032991,7,0.5832766877179358
28789986,2,0.49516857784980434
34436091,6,0.3661431155818709
33137277,0,0.37767236880963473
19688078,0,0.36289317574035834
22403897,3,0.42318956955479364
22859493,4,0.2870560653516302
35992600,0,0.7775470869083612
8031636,1,0.42315614930614304
17156769,0,0.6601975275918887
36702421,0,0.24001186739842298
36953452,0,0.47917180842950136
6197580,8,0.40209035024759243
13918652,0,0.5194751544437652
749000,2,0.8131823472362877
24627919,2,0.6467749234220082
12799772,7,0.3443207300721172
14794296,3,0.43813101012814204
34130717,7,0.5994295457625098
19803039,1,0.5987730943131986
23460357,8,0.709009606601251
19084223,8,0.4074079861330544
37032174,0,0.3606480924648018
37247111,0,0.47899955336913697
9224284,0,0.5272351495735865
38405122,3,0.7285193962220682
34833473,0,0.5058312967453359
32661495,6,0.40450882382639197
31523241,5,0.30796324424830235
29349522,8,0.5499570428678014
39454471,4,0.7115571804736827
11622700,6,0.6539779981863196
38691009,8,0.6066673219815033
33344809,0,0.999999999983206
21929716,7,0.6927839599792068
39384922,3,0.8234186983328444
27390751,6,0.3144870484223673
27618651,5,0.8171846381282181
35754837,1,0.44004232843975977
35362707,5,0.3741721338788
7259316,7,0.51721686929781
34988748,0,0.8855209316455058
25183798,7,0.49996769209586484
39584544,4,0.6479649387896146
7433232,8,0.45668588541327604
31905949,1,0.6012873658331601
26661177,0,0.509087140126309
1780763,0,0.9999999999791662
31216574,0,0.35050078666122836
12886902,0,0.48553021805564617
7092821,7,0.3057735538939553
32636307,2,0.8512978650814285
7995202,6,0.9906228061420712
31094044,3,0.3474969923299424
28712167,1,0.8513490079127579
37981890,3,0.7496486616152925
13309255,3,0.8621764730027928
34739151,2,0.46400002980215105
32918014,6,0.382385530775131
7668551,1,0.4500505989195433
35933201,4,0.5201733784543202
13872174,8,0.405976282504305
39071050,1,0.481059473406901
37852994,5,0.5776524816700263
30625881,8,0.4274899039845793
14929304,1,0.5918532339649434
16484167,6,0.3150208454726051
17403175,1,0.5578041285101375
11394820,0,0.5107418277200937
30006740,7,0.6504866118383563
31254278,0,0.6121143948918988
37176167,6,0.4447960739510434
39864563,8,0.3516760967759997
37472336,6,0.37353601970834704
31548586,6,0.5998367313236144
34145566,8,0.5647663190230904
26392752,7,0.42747971859973694
39396610,2,0.552667219409089
31923003,8,0.5338166123478465
21963929,7,0.402608354445556
28949303,6,0.47521429846827995
36494860,7,0.5012553425703031
28976249,8,0.33266726028062626
38725187,3,0.36723959833344905
30272269,7,0.5571863553878614
1053344,2,0.6363168443196283
885625,6,0.40489623563100596
13167990,0,0.7674220797010787
39518534,1,0.5529797653469151
19573477,7,0.47100516790204083
31437660,0,0.5821252023100943
31057009,1,0.5583990357779681
19494449,0,0.3253746129654772
30362023,5,0.468729878284427
34269772,0,0.4119265189087072
34012417,6,0.5642268518283265
2924781,6,0.5260197994490882
37441698,3,0.3905722538012192
35894570,4,0.7039908114309754
8537375,3,0.7094009551406404
9006093,6,0.5318648386534243
33795535,3,0.5650576337325702
20720108,2,0.7934685781569292
32152613,6,0.7037353181597805
32514077,8,0.7169585307922209
24265375,6,0.8632847678504754
38315475,6,0.5009926131337383
1610781,6,0.6073533679338443
8682848,3,0.8546042110896719
29882322,6,0.3440846799211254
18835525,0,0.5176668510064762
34023927,8,0.8427067199274492
3494780,6,0.42751717439657594
21830650,0,0.9856183007461363
20801032,2,0.21190651970551164
37528718,3,0.38077833069756695
8367609,2,0.8072011777894615
30719986,8,0.5466841023802272
17819152,1,0.5310301206024326
19508028,6,0.5519914626106244
4642589,6,0.3860444434554711
16786633,3,0.7695461664342285
14505086,3,0.4098980706802434
39302594,6,0.6803924546636924
14294353,6,0.3943776856767144
15182284,0,0.5549789093360147
28500422,5,0.5216879452841406
10914416,7,0.618973436728494
39507711,8,0.37581750155786353
30676333,0,0.7712949751992971
31504353,8,0.7294919523632399
36839212,7,0.4472643394149891
6479676,0,0.7772546381930729
34132279,1,0.45274990459529285
4494532,8,0.3439567214286571
22186207,6,0.3831233928593731
30210677,0,0.23191317567568362
30633320,6,0.45665457471833604
12241550,3,0.6490635231428061
6014428,3,0.6840675694012411
17755621,6,0.4758075803718194
37279357,6,0.45670499208590104
27489781,8,0.6876954714287377
40076534,4,0.9999999999902602
9876838,6,0.6392865903442561
30710144,6,0.8764896075303046
8394680,6,0.42673903903723204
30357527,0,0.5896897731246267
28099784,6,0.3948800170862545
18213789,5,0.7701443930163294
22072112,0,0.9403745325593666
4903413,1,0.5606710425719051
14220505,1,0.40752135457109745
29988241,5,0.8828856734230179
26785354,0,0.6582732187436642
601874,6,0.6656077867757106
39090875,3,0.31893799411641843
28097247,2,0.5195596480635791
12975456,6,0.4561690753575463
35216526,0,0.4298793629494812
30607364,6,0.6880934574289544
38952059,1,0.6272727859862708
29040609,3,0.5634969072250976
40127794,0,0.375617285694953
40018083,8,0.4821216965575139
34955321,4,0.6762102322929987
33629033,8,0.55687206740076
16892696,6,0.5023832300114509
4413912,0,0.642501058454502
29268012,3,0.6640602709821655
14755946,6,0.4186919196362221
35291232,6,0.6688515275764271
12550379,6,0.4999504770091107
26302575,4,0.5080612051687041
954823,8,0.6645163703185056
39652788,3,0.8871632448098827
30194277,1,0.6532211940862341
40061520,8,0.5167459893919626
26283259,0,0.49864251680599736
39839968,1,0.7235790311700451
39036229,3,0.5457972796448658
27112708,6,0.5524076128251315
34892420,1,0.5543919802147975
38573769,8,0.5298407653118505
36252310,5,0.3992341401644588
39427540,6,0.769261148010277
25944968,2,0.7321320441609314
5396447,0,0.5576728845051682
28950020,5,0.7365953200614328
18522273,8,0.4920930463113235
17827758,3,0.6192101332865692
38214721,3,0.7281016923291926
27921902,5,0.6149734869554964
19530375,6,0.49841532173891884
34053223,7,0.38315717359924617
5250183,7,0.6302511755768655
2049849,3,0.47693354725505327
27341801,1,0.5067519024456704
14497022,2,0.7349586413060086
15951228,6,0.5415761426195675
36018851,4,0.7626279009942781
8375329,6,0.49213666319829014
25404179,6,0.821743448112301
2443383,6,0.6075644648478725
31608133,0,0.5241033099580038
27645172,7,0.6890466322856167
21514517,0,0.8314290973147332
12959615,0,0.8376519280441916
24746582,1,0.27660722341368255
16731557,0,0.37087485119861824
27984840,1,0.2232286886398293
26902034,3,0.546257053143686
33665467,6,0.6166874998200653
6036129,8,0.4686406536410587
34375363,5,0.7476174151184191
33170862,7,0.7849838027092689
36486079,5,0.6926426607907414
29460274,7,0.4534857945286656
31225140,6,0.5304496420491265
23618769,7,0.5905825689895131
29372745,7,0.35750763886994474
3411469,1,0.2855897756846267
29420870,6,0.6140229082536701
23403190,2,0.2987866988082669
22846048,2,0.7354253911111366
22972720,3,0.8624172420196957
23281782,6,0.4582819722554525
38165636,8,0.7902389046855363
6354260,8,0.5702673622613335
28879485,1,0.4646304703283318
25904090,2,0.6562193177517709
21758760,5,0.4710245065900653
15080672,7,0.8774028769537775
2266503,8,0.4057725355618313
13871769,3,0.7557989144585588
26518730,6,0.4873621596023456
12179271,6,0.5009256834658211
20858516,8,0.777268832490727
30294905,4,0.4909750120096387
7493459,3,0.2488597005667738
31145163,6,0.796382427172279
28035995,0,0.6115381064992212
22048996,8,0.6471022962415488
11219770,0,0.8405581879709056
18348634,6,0.5148078683350856
10388411,6,0.3179292157068558
26472114,3,0.4257032530521151
19945963,3,0.4778821202920397
16861013,3,0.4252140779016031
22308945,2,0.4990781509278556
21716368,0,0.24961712100271738
1057638,8,0.49712608735877045
35809398,6,0.6546225957429824
8286015,6,0.5528387468277645
28384680,5,0.4620915955041594
35087283,0,0.548001047586888
20860846,4,0.6067866254763437
26747122,6,0.9688739457363548
39306811,7,0.5563965395300347
1512600,6,0.666592409532392
35329655,8,0.42156277190273356
23446565,6,0.45128347320689993
26288294,0,0.36578564975791095
28856605,5,0.9646435582224379
28460881,3,0.752810548674478
24077760,6,0.469111837310836
2501431,7,0.659154827822587
24947814,3,0.6764165736182236
30881858,1,0.8215313201755279
28316815,7,0.6650564592449651
3443157,6,0.34005650781663055
21383115,0,0.7809090200260981
33544897,5,0.7084789985540101
33476590,2,0.395549339863786
32776762,0,0.48000521869381235
32667423,0,0.3241192963295465
16951602,0,0.8416259265901636
5363856,2,0.980011435875212
32402536,1,0.4203340948084265
5656564,2,0.7862186433261047
35644599,0,0.7668219497617413
25849696,7,0.42775164925781345
35196753,6,0.5246786580639913
27930334,7,0.3865651719747099
33093117,3,0.9999999999910492
14099308,3,0.832305619160685
30174143,8,0.27240485687200944
5321789,6,0.4903935695185258
24162379,4,0.5838342438591273
20528152,3,0.5154417990884536
34005494,5,0.7316885075979738
25212696,7,0.40944525702104134
33653724,0,0.6027542260203965
4330723,3,0.6469617180966628
38419554,6,0.7584547951606124
25642134,2,0.7170333859468091
20019516,0,0.8906297611716034
25235833,3,0.7146663180842149
35447865,6,0.7524108787084751
5928959,7,0.42007026937575376
11357851,0,0.32998984935450393
29612925,0,0.395478420499632
32210270,0,0.39234903189370607
18518326,6,0.42757537227078257
12902134,3,0.5071420274439494
28094766,6,0.6806944963418637
31105931,5,0.7694011165612533
32237379,7,0.5546440506578741
27925113,7,0.507436290232768
9617001,6,0.39730087583552015
16730559,3,0.9459568515782291
37152307,7,0.7144990729499735
26330342,4,0.7221717326800752
12023488,3,0.7205919511874737
34414111,5,0.7565285402050035
34191340,6,0.3953258132140657
10653422,6,0.8485978654088172
37324606,1,0.5612517045945623
24313055,5,0.6096768633012533
33525279,5,0.6919892830765191
29401025,1,0.8636223924300751
28427236,5,0.5473373188009948
31128622,0,0.3586528688296465
12577179,5,0.5783534667251332
23351876,0,0.6510049876177204
35176862,6,0.7635966188089884
17788030,6,0.8330707610079765
32705272,2,0.7623376152702236
22938101,7,0.6823223708533868
15836692,6,0.9631889258328645
29019340,0,0.5829337330789701
5933313,8,0.6723703965538749
23927803,6,0.7386285563910453
35504329,5,0.6526671420926397
19447456,6,0.5877319016205057
5465010,6,0.9324727938693739
22239909,3,0.34479369658768466
4828598,7,0.3824599533398745
35471471,1,0.7958583886948392
17262540,6,0.4952979727363996
22686339,6,0.8518173713602842
39070030,5,0.4559005905511294
33768386,6,0.5667590181745641
28830953,2,0.7009787325116164
39733655,7,0.436464588547241
24216729,2,0.6072781736269127
37455933,7,0.367415977635906
24334431,7,0.49836020075288034
22084163,5,0.9999999999928283
39617894,4,0.43102736520072166
25415479,5,0.7676799877213266
7976684,3,0.48815248736797945
21447174,0,0.5977410178928191
27657018,4,0.67627972494106
15096306,1,0.5828457022342377
3500997,6,0.4465662505325165
17065413,6,0.36942352257541683
31941685,6,0.960419049802994
13023073,8,0.42217022794540904
34565895,6,0.8266796250991422
19270960,5,0.7323555800001781
23125243,7,0.636715024804838
9219313,6,0.3274170018354426
6284413,7,0.3915228643139362
39352371,7,0.4288468272368834
26624193,0,0.9999999999772181
33518554,0,0.3704431184005676
29522874,5,0.45421258692410005
12355740,7,0.5779156254875261
38209343,6,0.705672968132564
15675667,4,0.543865667004012
12393044,6,0.4702163823959455
12104005,6,0.7043628260078414
39100425,7,0.7941383181084085
38083667,3,0.6875173023119224
38762247,7,0.7194192349525462
5080756,3,0.32667983887347257
30506160,0,0.2058186163318506
33297814,6,0.34667439770047126
26752252,0,0.6591214315999571
26445403,6,0.34041663775206377
7192390,5,0.3994750844849441
21877327,2,0.7325030390828352
35364084,6,0.5595890634612413
16223787,3,0.3825742811819861
34879508,5,0.5342315153485359
22575050,5,0.815912373990363
24669497,6,0.7268108658727629
10303248,6,0.3427659265314011
6540502,7,0.4483180304337441
24707143,4,0.9270976685528388
31153536,0,0.6481703493014396
2922628,3,0.8196107643477585
24877912,6,0.5256283070900772
10889930,6,0.7538066271663271
14839366,6,0.4271194406715565
39702803,7,0.5381832374711869
25965332,8,0.46970670957177246
26592415,8,0.4411530747872448
21197304,0,0.279206722667349
5643358,7,0.45782780246901317
39275533,4,0.8065617827446826
5160965,8,0.5333564047404614
18963819,6,0.5263906885164383
22650393,3,0.8044709718110888
36782588,5,0.7321226216960496
26514865,0,0.45196408979545666
13249341,6,0.6014825874754177
19017324,0,0.4191467216125814
36762199,4,0.4768235443125267
24001123,8,0.2054582981345321
39683521,0,0.5272224140915045
14360006,6,0.6105159184017028
30786933,2,0.8703735527334104
24211537,1,0.825358678833206
33675624,5,0.514658391031996
35538388,8,0.3177196044452504
32223894,8,0.4049184413828508
27697939,3,0.40138658763808543
38995640,6,0.9789853694939252
359498,6,0.9700110021108538
34028293,3,0.72944066286968
11687302,6,0.5231430036558343
37980812,7,0.6303460914240031
39184071,2,0.32585126663124325
29872349,6,0.3637748163312924
31172220,5,0.8053795639635457
20785987,7,0.5759012587011745
39682342,0,0.532762428591369
31588232,6,0.5863691456811981
29165171,3,0.7400594956238216
10417108,6,0.7686735225873594
1894846,0,0.6754568622729437
17250477,6,0.7092519465289098
33791608,7,0.5852112610839899
22395185,2,0.6752301647336784
29149744,7,0.4757134283957446
32142150,0,0.4518076904073799
9747059,0,0.5594422304404271
18488287,6,0.3770851609140462
13884328,0,0.4504198552651941
27112286,3,0.3484298242158123
30895093,5,0.7411509422115902
35877208,6,0.6221461369154557
21276576,0,0.42838244336408926
12698102,6,0.5892014108143337
22873511,4,0.41635189033192643
10131811,0,0.6219322264581159
26924193,6,0.3921415239759195
7827196,6,0.5289962468169054
2838707,6,0.5470848084008756
34580796,5,0.6889637086348387
24988809,4,0.7574781999535092
26479280,6,0.9589684495833422
33458277,6,0.4091137266931785
3112456,3,0.7972934408144586
34970948,8,0.5534623575319041
16056104,3,0.45933986817787625
30956362,7,0.5043795884925422
29332163,6,0.3943508397913587
13466341,6,0.7220067618977796
34577792,3,0.4065864121875984
37973589,5,0.8854933479024898
30317213,6,0.47650487806940267
38933789,6,0.38458702410428347
2082145,5,0.4796393645351558
35068300,1,0.5579639513821527
38578378,6,0.4392435301336381
30704214,6,0.4270078953184649
37691973,7,0.4236629587369866
39321678,6,0.3701103900465413
20929790,6,0.3157197124823762
36503178,5,0.45837614603572024
13798344,3,0.7072244896568656
37191893,4,0.8918582318454694
8456401,3,0.6171802884051558
394895,6,0.5454821935654017
39258087,6,0.6599123443335096
27647871,2,0.680787351873826
39490657,3,0.47608379006081486
22212336,4,0.7150445226570256
1445989,6,0.3654896035863433
36454339,4,0.760608498684172
31270373,6,0.42556376552024694
23166772,0,0.45436052107574537
21622988,8,0.5077057241843277
17203935,7,0.5147913532795323
27167133,0,0.4093025128963062
27571512,5,0.4598882181910148
3419624,8,0.42609040970551126
18542107,0,0.5710520024910711
17203253,3,0.23102881055621857
24981565,5,0.7670391978236027
6737846,0,0.3991655262868777
27133165,5,0.7611995754924278
33469327,0,0.6082959995792434
22269429,0,0.4244018406637247
20669665,7,0.5901813868455844
20677686,3,0.5864860146552539
38488923,8,0.47204143603484344
21346498,3,0.7102609173294839
27137266,5,0.5470998760526887
33971230,1,0.7900324147045981
22847765,5,0.8188952693652444
32640047,6,0.8835098024946266
1347727,6,0.5551443929613807
39922316,6,0.7380373117064534
12189943,8,0.5784097409026427
35189203,1,0.4769180782148458
1249165,6,0.9734053830511014
1836633,6,0.4682153114464371
22493605,0,0.6458981927370698
36603513,6,0.5881956980432582
24254945,7,0.6924835327543828
16100204,3,0.45644817329630116
20160902,6,0.753323225096054
33259191,6,0.3536010627726338
38491602,8,0.4119335327292029
28672271,0,0.37843445659880065
21495032,5,0.7415606761317173
25372911,1,0.9462703776795265
35633017,8,0.5947302377603055
39644202,6,0.5843872284598638
32114215,5,0.8947345173898253
37640606,3,0.5884126522878304
12180822,5,0.5036802258633778
12915668,0,0.7581802288691953
26097916,4,0.9002400791242046
31720272,7,0.41183430584643793
11763448,0,0.7471380973315294
27989674,4,0.3048616282870299
20883189,1,0.42545623512675007
32801417,6,0.7907125444106338
35805573,0,0.47100071300762525
11010445,7,0.3646877426134266
24126266,1,0.7080841576912048
24045816,0,0.8269002590434201
34596411,0,0.49378555210169084
12784624,0,0.5897199880993934
1861836,6,0.5945551296590992
28931142,6,0.524672240102847
31805681,0,0.5106992097182034
10035167,2,0.8095432816230245
26297698,3,0.33718834203984677
25261582,6,0.867767768518471
35587850,6,0.41453695802706614
1351227,6,0.6013192585048732
26878540,8,0.668179233618325
10555671,6,0.7132391362432389
37832228,3,0.9902867831745947
18340576,8,0.3576472412092549
35247108,3,0.4431825278978297
36899831,5,0.35705079461215317
36313934,6,0.5117894065713429
17135979,5,0.4463516235903227
5673304,8,0.6355284703513887
13113168,1,0.7656522397655698
36428064,0,0.3723743159941656
19017283,3,0.35332829048100434
35522430,4,0.8026215589867826
11722950,7,0.5080858990892737
9319430,2,0.6025946985686069
12992316,6,0.6834770798434389
33117704,0,0.4217272916747483
4427543,0,0.40483601929384283
738301,2,0.5526391275331952
2119682,7,0.6196373048787642
39069841,2,0.9291635944850913
14531544,5,0.4431681596559299
5207305,6,0.5777722592593285
30842119,3,0.6829368620707802
20028202,1,0.52729071464838
34917828,6,0.4017546163039419
22222662,7,0.5467862853934526
34013142,3,0.545272940918406
36924748,2,0.30775210201433434
32522750,2,0.6868396741535585
36998498,6,0.5579818729132872
29074509,7,0.8218057665051076
7561969,6,0.6767660830480609
25435908,6,0.31785897499183197
40118266,1,0.5338231880932591
37501075,5,0.5992275398398995
37800639,3,0.7004122154285304
20855090,3,0.5786648734431008
27680024,5,0.70016167848468
17134024,8,0.4755562078775133
28868693,6,0.3909652394840379
36784908,4,0.6708446180438468
27159558,8,0.3635632463338098
12988780,3,0.7728750870378792
11239567,6,0.5124417134950757
14615847,2,0.39448708932687293
17156943,7,0.7788867882529122
7273215,2,0.31167236196929266
18263475,2,0.5217941698536407
5728248,8,0.769548154729241
17634940,3,0.3259712391636275
27010588,8,0.5355031778435124
34773838,6,0.796052105069352
31604446,8,0.6755475203777546
23198665,6,0.505130041429042
10627221,0,0.4203496785448791
30986482,0,0.9999999999674991
39886063,3,0.6467541800001493
28988814,2,0.5974078605102067
31825633,6,0.5988642226936735
5895588,7,0.4803936743531188
19624038,0,0.5922288850312049
34602999,6,0.4114892056107637
3286607,2,0.2900457298069334
18194440,7,0.6828412374412158
1417902,7,0.7658171457882734
40073003,5,0.8905681196432621
16880252,5,0.43059458311111076
31160197,1,0.4496673529387967
9057497,0,0.6213881801430597
15685894,5,0.3787538495501392
26075841,7,0.30120715196857284
854906,6,0.45647825083159194
27434643,8,0.5075227992575343
21115449,0,0.9999999999670262
28533354,2,0.3448016221500856
13592734,6,0.47949223088884096
39650828,4,0.7476123921495628
38951194,6,0.541106280985727
11773516,1,0.6714609391336485
18678117,3,0.7517244581401272
32403893,0,0.5459314388170147
33707609,2,0.4012339597288557
19560838,6,0.3433922001727563
34822324,4,0.5726001726385173
4611410,7,0.5219026977014866
29803949,1,0.6799154622857365
22979141,6,0.903637120757075
28939470,8,0.4100666071405847
34560607,3,0.3684657937248972
38369188,5,0.9455742324813785
10586787,3,0.7120139242868082
35227147,2,0.3526785332683459
29309302,4,0.5204577580372386
30907851,3,0.4076045340218861
23208368,4,0.865799620415738
22546969,3,0.6679950617976625
35946816,6,0.37492259278773765
23511679,5,0.37081760763854416
16981926,2,0.7610676826381624
24421993,2,0.4777952018293636
26112049,7,0.3871665165565124
39856709,6,0.530545453155398
6024622,5,0.630261852210529
14664753,6,0.599638032639998
20727780,8,0.3893006797497185
31162657,7,0.7712965737524655
37154201,4,0.5709820790796329
28400961,6,0.9444222427010083
5786653,0,0.509691908966573
1902813,2,0.9188335551476533
29294646,4,0.8357596760159208
27317442,5,0.9493055785103259
5781043,0,0.6206502641657895
33979392,4,0.9396947535826781
23121942,2,0.3219430483471363
4148974,0,0.37267628966116817
26818513,8,0.6539249994217
39297793,1,0.9200632161601517
38602060,4,0.6104935940151321
32900735,0,0.8525451776417652
2829919,7,0.4322054615540717
17593972,0,0.6079286820449084
11505558,3,0.5899656028172546
38156023,4,0.7247373873082736
30360659,0,0.7562843512762453
13676141,0,0.45695685732362146
39922084,7,0.48426191956465353
36228723,6,0.22765833667899205
10079163,6,0.7199169826329939
14131338,6,0.6260638556682009
38796217,2,0.6390360693881926
9219318,6,0.6464797246970465
7340786,3,0.9606033851732825
37082877,4,0.9250117111557501
33856026,6,0.8158041212285037
28293310,3,0.7175164047420453
22884370,0,0.9233862511962048
37806114,2,0.7368018232472401
30762203,7,0.6804247481618637
18610198,5,0.7062003916353651
8545870,4,0.6829360821367197
27420478,4,0.9958885961438172
11917547,5,0.8775862562455108
26921035,0,0.9999999999721217
12282222,3,0.2995110445372247
21248245,5,0.5180304931944564
19841116,0,0.44267230775758815
25070051,7,0.4876632064155186
22702767,4,0.7294585187087975
29640856,1,0.49653610927065367
22444586,6,0.4613323723878051
17304123,7,0.45796234567919536
37008080,1,0.5599457884328297
19542873,0,0.7089180907947926
24355290,0,0.5464768321215326
36638946,0,0.5577124357863652
16936009,6,0.5525916469191227
21043394,5,0.36788927159337553
23068426,6,0.6523627543053664
12272529,4,0.2600270645279969
27403413,8,0.5292140797306716
2227469,6,0.9048989444244844
23741653,8,0.5916070473641554
39951230,6,0.38390039143774557
13120892,5,0.9999999999917721
34828885,5,0.9999999999928255
13736554,7,0.3494673785277242
32288755,1,0.4010347429455806
24318505,0,0.33791075900306256
30725700,0,0.7526871752574908
8660677,0,0.6630825920972145
37227887,5,0.6281052269847879
29424953,6,0.40192870603592906
25321702,6,0.37100903374789723
19201708,6,0.5385833866503608
29868660,1,0.9443332826809504
29004697,7,0.5256344749528757
13128860,3,0.5643774953484504
21767387,6,0.5659014627408063
33569383,1,0.5187118721180002
28077180,2,0.9246481850900085
31595704,5,0.3024216151410603
11207368,6,0.4642013872383048
5543989,1,0.5250137172453797
37587028,1,0.7088532637205728
16430943,4,0.5013939048042676
16872210,3,0.5026671400877977
33281171,2,0.6324207421478821
38809840,3,0.3969196568293896
14679198,6,0.6311643051123014
28462627,2,0.3533057794074109
3680635,8,0.3887019442258857
37197517,8,0.4422311795784382
36038284,6,0.5062331731668134
3887336,0,0.8865975814043556
15191492,7,0.4208184224774544
10964982,2,0.7233720114185964
25104261,3,0.2509528036679056
28952118,4,0.58392152487321
27129037,6,0.4249096443215973
18679511,6,0.8696122735768103
32189476,6,0.3105810965640336
18786128,8,0.45055162286255135
39915320,0,0.5696978014697055
35735408,6,0.32092965515304483
29009647,0,0.37057516183063366
33287930,3,0.6695113347250492
20906948,7,0.4851268976652181
22910772,7,0.38298523308427135
29466404,2,0.8532746853616638
6633506,7,0.9792081183537993
40100626,2,0.5827748733467553
34738971,5,0.7047656191176564
2609719,3,0.3910048836093382
27003492,6,0.4432234705511389
39117843,4,0.6719034699652017
13910975,3,0.8141383208181577
36538556,4,0.7043992196511575
2685097,8,0.3424016668098147
32397895,5,0.9339867956132162
25031298,0,0.7580152314732026
28100583,6,0.8730618433772177
1854718,6,0.8687005857842804
24243991,6,0.4559313877969531
40093816,8,0.5545324310047737
33413309,8,0.5865579707911748
39902092,7,0.5124229925972349
27030952,4,0.3527009400150304
22628076,3,0.8545491576722973
37252774,8,0.5458252013234861
25103457,6,0.8464894267420134
1713038,3,0.5418964018411525
10835266,6,0.32161823347534574
26153242,6,0.7004957395608039
39740498,4,0.35931620620625987
39494046,3,0.4111552040211775
13351002,7,0.5148269453493935
1894591,3,0.5900205387639265
37947765,2,0.47621701103310976
25075364,6,0.351174967375395
25615853,0,0.4404775568003835
11209054,8,0.6084887144594593
37000231,4,0.6138406923077422
18290658,8,0.5091364413912284
36939681,5,0.9041875368887712
38601538,3,0.3126699279558145
21866036,8,0.7297937776445586
33000104,6,0.3289513680865296
33332370,7,0.34124718751100774
14991203,1,0.5220126033381606
26021086,2,0.32183025328799575
22317436,3,0.5144857437985668
30715337,3,0.3744233359278755
22507707,5,0.9428464194264179
34738808,6,0.5798551353287077
38352345,6,0.38718439449524744
18334693,7,0.36878680401460917
27914065,5,0.4586818748345104
29539591,0,0.5106363986863861
16323139,5,0.9026741630006716
29166604,5,0.5020664942192531
3874613,8,0.5904403016725924
16715623,8,0.5459364484746233
29241261,6,0.3718959315328379
38559778,0,0.514430723199464
31547652,6,0.5993296907850548
26050958,6,0.6624952409717493
15209446,6,0.3390845150199447
40074155,0,0.6773814279699693
35807817,3,0.5932743306058381
26323143,5,0.6742128273665847
12748291,6,0.8660058662387093
25663981,6,0.48104980587439666
33076550,0,0.47362282639064107
10202078,6,0.5027684431015012
30107915,7,0.6115644597689966
39580495,4,0.2716686329493043
30114257,1,0.5242116344020945
1550134,0,0.3756275759255433
38743551,4,0.3976400597682297
22873043,1,0.7673291017827713
13859811,8,0.685700506058089
36589666,4,0.9110324587758066
20195668,8,0.8696724562921652
18323696,6,0.5952085439552176
28924354,1,0.8164127383573621
28948898,5,0.8626775027206288
33534223,6,0.7649490655964964
32934360,0,0.43757376305455864
39553371,3,0.5616713679482657
10468165,2,0.7828077626040101
36821548,3,0.7193562479539073
15561230,0,0.6663358562022578
21309532,6,0.590700097282918
39739644,5,0.5183749489973049
35279025,2,0.5260099334641295
29358872,5,0.48776236530237344
25987179,8,0.5146878156133382
39928463,4,0.3712942737646637
9729818,6,0.4668146559936454
21799921,4,0.5382661894867762
38233504,4,0.6305182501109895
33989586,6,0.2251787975918431
34320925,6,0.8008637434006834
7536797,6,0.33903744254710144
19134175,5,0.5837627442008696
28889786,8,0.4684533809110731
23251505,0,0.8697635431256676
25549854,6,0.4930407533616638
19566555,7,0.35810183733116197
36772082,5,0.8326679715618559
37936427,6,0.3501477073161136
30682342,6,0.5797290532417384
22084418,8,0.4862779494496462
36448002,8,0.7593442108895829
9613759,2,0.29202775264769626
9134778,7,0.7583603975719797
18935626,8,0.6455101878549254
31186256,0,0.8196613451757496
11221573,0,0.4964162739449373
24844121,1,0.9733670821345896
39127002,1,0.8952714505241662
35485340,0,0.38776222228340484
3745606,2,0.28064871197658553
21463392,2,0.2784076688112398
1598331,7,0.5617703045720547
39416021,3,0.46970362445235664
37683558,4,0.6475511101674717
38138666,5,0.487437192833466
34075111,8,0.5070487980316286
36983967,0,0.5913520096980248
38200293,8,0.5175198340698073
33642673,4,0.6794364813519879
6522580,1,0.6199267719418893
24156357,3,0.48832190763607514
6569313,3,0.6572305579818031
35721807,3,0.7552603538046545
27088893,4,0.8242372378586074
13045580,0,0.38873628610672933
39693354,0,0.44938568444226523
10679083,6,0.32818369149056165
27897382,2,0.704470436250283
38944172,6,0.5488082920380665
18767142,6,0.6580043298156429
16961497,0,0.9999999999755914
38717058,3,0.4936443580320662
29194926,7,0.7892645559105029
23443079,8,0.412491772249266
25838184,6,0.4551014937022812
21893430,6,0.7739901533967383
14573182,0,0.3786240676870673
27509612,6,0.4161523951187014
26711011,0,0.527262278934024
27626783,6,0.7298025864559708
26673878,8,0.7720103321303863
2047459,8,0.3804161432280829
31762188,5,0.345901399635114
25883198,5,0.7874727183544152
33184240,0,0.667986930560296
13966541,0,0.65966316911889
33746097,6,0.6895400463354149
36624685,0,0.5344133135081683
9576562,6,0.3978698258599932
10442551,5,0.47201992675690785
21844710,0,0.45352062171472995
40126279,8,0.7047996120685605
38572534,4,0.7633056094141261
29152952,1,0.6467416341264244
10589766,1,0.5328818275830703
11939207,0,0.5340886243075896
28978068,0,0.306718687105701
17368509,8,0.5632853480267958
26029889,8,0.43066564955115433
15356649,6,0.543881300004164
38388590,6,0.6121754969616805
21804094,0,0.4832634954367456
39196355,7,0.47523625468275804
13504334,7,0.3029984937589097
11107017,7,0.590456777862742
33661534,7,0.38597284291280975
21590275,3,0.41569850278682124
1905721,2,0.4429042928373292
38349652,2,0.45970964838369377
16999939,6,0.5621396655621523
36627804,2,0.41984622312157804
30228366,6,0.8607612942496096
4893585,6,0.41882816783302973
20172103,7,0.5700615400183069
22360985,0,0.535822964311738
37933629,6,0.6074192169097707
22801146,0,0.8090494328847151
18850907,5,0.5078747824845704
8611651,7,0.4877225435169244
30927413,1,0.3390343073771543
20042205,6,0.7276772888748329
7615505,7,0.3004118450034174
29183482,0,0.6546507765716223
3760615,4,0.4135218705452356
11069427,1,0.6678324509284969
29046442,0,0.40616733661629006
10106083,0,0.7491791915881395
31126179,4,0.947694456793556
17748786,7,0.6430581772229581
26496388,6,0.7222125374440136
29150501,0,0.36113621906930443
37974475,5,0.5072037703394886
32900346,2,0.5647305463164402
20808614,8,0.41885256866387166
12467471,6,0.40680751259738396
28866663,6,0.6591434533358355
35569833,5,0.9168721287805708
14574707,3,0.33902204887634607
37512737,6,0.8365844053615618
39599050,6,0.6830246865302662
3340756,6,0.609252479246746
36076154,0,0.9999999999646472
832485,0,0.43333047985334794
38192651,1,0.5057132120686466
38509807,3,0.7752201722820629
39313762,6,0.4500418841996454
14663071,5,0.8979900034161646
25297778,8,0.45974551751251996
23658378,3,0.4075686846446508
38243547,3,0.3819857373775184
27343504,7,0.5603127450033751
39723570,0,0.5243587605144224
32344829,1,0.410370413500328
23944651,0,0.6091044601966651
16062749,3,0.5983556010680363
18293096,0,0.610081684698455
34491359,1,0.5422468709461943
32239234,1,0.31935199084604976
39403002,6,0.690495042085856
17499806,6,0.30573548774211834
31923537,1,0.66371815947579
3686256,1,0.37022829294877496
28953653,6,0.4183139307757767
34929261,4,0.9054422540623849
21557117,7,0.3854243043148208
17411132,1,0.5791547558137041
37434611,2,0.7067654515594296
27600893,5,0.4458887706538501
22921804,3,0.7331432759141941
38996464,1,0.7623073502829952
13408711,0,0.578268842866338
12642061,0,0.40315425410088046
31957564,6,0.40161169596390384
29625470,6,0.6787508651501976
21995426,0,0.8022227794695795
25358368,7,0.6819039031328684
45500,6,0.8442734740742852
39584109,5,0.3351193120190113
35244546,5,0.6906115067078135
35802407,0,0.9999999999744305
35580460,5,0.36238205851106375
9903053,0,0.8812781914615238
24507182,0,0.6328152392055328
17406470,7,0.41427774588013044
29400631,8,0.39939299528467037
25614246,0,0.5601643707698719
13572522,7,0.42138752611816127
3015967,6,0.29102600928827427
16371352,7,0.5369066599310502
35237814,0,0.775845117338856
29138743,1,0.4167449655245106
31979081,6,0.5135551836550394
19699432,3,0.27716607254715847
23161913,8,0.34522499161089915
33766610,6,0.5813166407122825
32738824,4,0.5212381784310753
28382850,7,0.335456490668719
39036109,7,0.5776072916967887
36158700,5,0.4071934713488518
39500513,6,0.65198083548664
37042071,3,0.5974292640705089
34312258,6,0.6083667863121821
29975811,6,0.4502460028166278
34372102,7,0.5064742723742669
28248826,1,0.440269937158026
26292114,5,0.7679664974801224
38171196,1,0.5419120054463534
10516387,1,0.3656726868762916
22681763,1,0.28297302725511975
27599654,3,0.5227823227963735
33216515,6,0.7285394630341357
21639446,0,0.2620539320802563
24191062,6,0.5751999523310201
39195711,3,0.3632062804614573
10704292,6,0.43264056214976
35768633,5,0.6653503273783599
21756204,6,0.3820145171350241
34499982,8,0.6201445193021211
35858146,6,0.7466751580671929
38238208,3,0.3936436302151756
33924263,6,0.30557351654150583
23699432,0,0.6744394289067855
16978755,0,0.44996895499225253
21292974,8,0.71933164559703
33858512,8,0.8357395717424638
26295136,7,0.6830192746964543
16951331,6,0.6282664264597003
24237335,6,0.8770372935260701
37571177,1,0.8181634863107556
33072604,5,0.8193837323017441
39880244,6,0.3550143825962455
33066307,7,0.5734646867202016
9332222,6,0.48468107618037176
21614065,5,0.6393530449121473
33271926,7,0.6175062969841397
26899658,6,0.9130570887847672
19695494,6,0.5536210809072721
29924114,6,0.6128476102256318
27947419,8,0.39258141131033286
12018688,3,0.637330353960235
7157768,4,0.37211435750060445
39726661,7,0.5235083408643967
33765029,5,0.5519541857493474
37743773,6,0.5424406055679981
29921700,8,0.4426735705383627
17620646,6,0.7981407537203534
3238558,6,0.9999999999673389
37886917,6,0.3187291387300462
39642721,5,0.9893434075027802
9286474,5,0.41523556299761083
30087815,8,0.40267917118749397
22807436,4,0.39307988511658404
34832869,0,0.5766696869110163
24983938,1,0.8441055286469007
21341306,8,0.36475563886199386
31125029,5,0.40454335461186985
34240818,8,0.43490123340410386
38721265,0,0.3342384464744087
29917123,3,0.6532823406946738
11999374,0,0.49222343217877723
39969438,4,0.31338573602268066
36865257,0,0.4229212494078615
23553075,6,0.3782837655279525
38528759,6,0.6202964642303099
34586382,8,0.622841648745381
26594332,1,0.3600184074214207
20619851,4,0.7644419944129218
38255064,6,0.5824443161614712
38836249,1,0.6069710956271196
23140529,0,0.6274429565306143
33703775,1,0.5167232417977702
36322986,3,0.883646732236336
36588169,5,0.7471161042147035
35825967,5,0.830842512320119
20250533,6,0.61552055634095
35216788,6,0.20240767796764872
35449270,4,0.9999999999903144
257956,6,0.9999999999722919
13608745,7,0.5440467935945925
31511196,7,0.5224679314620411
844142,3,0.44228739223978997
35477571,8,0.7621083163012327
16935255,0,0.48450123619216884
26300077,0,0.835687160219545
30421187,1,0.8444085064719303
39298928,6,0.7625361987375022
26286142,8,0.39650882587415737
33349303,7,0.4410215178032551
19614723,3,0.4982816091045083
34021273,4,0.872427383331979
9417379,7,0.6588220358515496
30063913,3,0.8090704361388469
22447004,7,0.4503477606484165
11208645,1,0.8979358089208287
31749334,5,0.9378372784885247
12452017,3,0.2869710799369314
14793926,1,0.5324033669856457
15034267,8,0.5375215958665968
29225750,2,0.45322315142178865
6196355,6,0.7556294182152427
39482140,6,0.4290055211840588
36571500,6,0.5305083469716032
27568106,1,0.5073295131461094
39980030,6,0.3840262757271839
24464418,3,0.5196949628775843
23655666,8,0.3884798521088944
36311534,4,0.8370458708391486
27451612,5,0.4273818119872343
24640850,2,0.40445236016048275
29324346,3,0.49545133289246196
25422073,5,0.4279042551955236
35754302,7,0.5058567985572011
15284154,6,0.6397395081680864
9737786,3,0.44599955023686627
360368,3,0.7916191358274306
33328656,7,0.4988414630374749
32974756,0,0.27134197199405746
19599578,4,0.9999999999906988
28333760,5,0.6087703839255597
11279804,0,0.8879219230285139
14115318,2,0.7947295795947315
40117702,4,0.5959661067704951
1634502,3,0.5958642562959428
33631216,6,0.3618236204589565
12709194,3,0.5873549464543992
27631702,5,0.8183330553945466
16711923,3,0.48987715941374843
4036009,6,0.7673996862188366
24829880,0,0.7668209656732005
25368493,0,0.8337334521783675
7875643,5,0.6192770553861637
36396004,8,0.9980572043095922
22937653,0,0.3817871539300339
34604660,7,0.42518564589419017
37401838,4,0.9013245317437588
34227717,5,0.996532753024299
10918122,7,0.47236897874271333
20327621,6,0.8460618923661088
29103566,6,0.6405328677312457
23089179,5,0.6437871809298923
21765938,0,0.4125067137368836
26365544,7,0.4465145873577652
32617538,7,0.4261579302027659
25111752,7,0.674491051600564
36983233,4,0.5686759407121675
37134589,5,0.6548938759711276
24274277,8,0.4165568694109125
12333004,7,0.5428357212939202
32708530,6,0.7278596155525403
28893314,8,0.49397041513650874
3131488,3,0.8189297427425446
22691249,0,0.5408840361454212
34078500,7,0.517697074875686
36045059,0,0.8399340105236748
20406771,2,0.7835336305925622
20296224,5,0.3172757767904448
8881993,8,0.4984303200260098
39369260,7,0.3955981235733625
37736531,2,0.4981099047484641
17715222,1,0.773898851235395
39418477,8,0.6545860274363715
28950669,6,0.3222008902478628
37231325,6,0.37133504496184166
31893039,4,0.4392429074625183
8169249,0,0.7621057001753182
24551464,2,0.8698441674800331
16107884,1,0.7162342435870609
70797,6,0.7132327429668346
10056274,5,0.35732611274594295
10357193,6,0.5999201517526347
4307658,2,0.565154826995643
35136244,5,0.6232807367064529
23251740,2,0.48520130833040953
29451686,8,0.7841416948627322
26620997,4,0.624642486808035
14129405,6,0.4950390860924997
30830776,4,0.5548230842762798
26645240,6,0.49832554258118666
14962646,1,0.6328515298135449
1571442,6,0.4094487321180278
1145662,6,0.7518821003124018
27717152,7,0.6450798138868288
7832264,6,0.6798555765199277
3387655,0,0.44837076461661934
21329871,6,0.7184121446368734
12100324,7,0.7954028517989455
21819649,1,0.5422654937529264
32408167,0,0.5678486784592025
4536556,6,0.3079911736568766
25918115,5,0.6325523900093156
32970938,8,0.6354610564339965
23254983,8,0.42961723846123734
30512962,6,0.45504589137191476
19896616,7,0.33925654275242006
27687867,6,0.6077526286678359
24535920,7,0.7200502809442998
6789927,6,0.7499787477974047
6782133,2,0.44698864910779235
19957516,5,0.7400620615532708
33450285,6,0.7167099044838517
27437986,3,0.6610273886817314
38834243,6,0.6869068077465312
27972621,7,0.5406401379813262
38245701,3,0.8697284390863937
20462965,7,0.5713135583805276
35842767,2,0.839665278724526
5020732,3,0.27518746370350794
38051602,3,0.8513077368594051
5660762,7,0.6246044299903586
31616840,6,0.6606221685819148
39180027,6,0.5980084099713724
3694177,6,0.42943796103754767
33977521,7,0.5623742409008065
14500373,6,0.5032574656085212
5349671,7,0.4178162185088678
30000023,8,0.45646759825332117
33787073,7,0.5641314871237979
5311711,6,0.44890305101542094
36805105,7,0.45710988266543695
35538828,3,0.723126274910207
8685994,5,0.8148280444979711
23836402,6,0.364574395305779
35635154,6,0.5788947616847616
40111624,4,0.44353158892363714
25412943,7,0.7831169851348883
2824244,6,0.5513471247951193
25928425,6,0.5290247942651154
22026644,0,0.5602916552136182
15365940,8,0.29981671074280863
22108152,2,0.4056492230865736
19282767,8,0.5569364935772572
33561005,1,0.33536781351919587
36414184,0,0.43885658801679295
28358260,6,0.4306851039331121
33273197,7,0.8126399466459834
10515891,2,0.9227197535441417
30899411,0,0.2740893936513251
24702807,5,0.8225621004348439
4956984,8,0.5534851968839303
4259039,2,0.6562862266937988
2946519,4,0.4101094328517582
19479758,7,0.47713874228445335
28640911,1,0.47662873839257325
1739969,6,0.9877103904690169
29686692,3,0.8796618367482919
39860998,7,0.5252243755336065
17478165,5,0.999999999993089
35470131,1,0.38895446651617693
27023229,7,0.3975143531472277
23940828,4,0.7004932450637131
19164286,5,0.9070364088636383
29982248,1,0.50359594133038
39934721,4,0.42988786592738715
31555834,4,0.678076861478861
9929689,6,0.4903052349857974
29624251,0,0.6777272785671756
14513418,0,0.3543739038585223
27614444,8,0.6322735501796634
10515992,6,0.5071725835774178
38161133,5,0.6013104251884235
21714400,0,0.8892637744997737
29010431,6,0.5937746862992349
13634800,7,0.43092730656363154
27079249,4,0.6407623603358203
14639936,8,0.9428321096321659
24631127,0,0.4930772619758595
16493553,7,0.47879699477324644
31503874,5,0.3943425279233142
35573825,1,0.48746609754397363
7168971,4,0.4458132767071767
27014924,7,0.6641799655062723
3079670,6,0.34706080167716113
10205969,0,0.8058065431157391
39635483,6,0.34248623722243343
3445006,6,0.40459764945282206
34303426,2,0.5784596212653369
31043730,6,0.3327434194943255
14072600,5,0.7564898292133112
26445560,6,0.38887141786021595
29183720,8,0.40464998994137286
37653945,3,0.5371756375708825
19604711,0,0.5029081974590743
19063941,6,0.43996979920701274
22831516,6,0.39615848081663574
35744351,6,0.40177144855627767
39353758,4,0.4608588613614188
19506105,2,0.43862779285582754
9548268,0,0.5104378966622826
38172610,7,0.4268469014991064
18901470,6,0.5387479839976624
35739839,5,0.7670273556124895
15292072,3,0.6023566757833684
38737561,4,0.5741210154020018
9559601,1,0.6810741937153796
22239029,0,0.9440712950489446
33875249,4,0.3563264801585809
29265877,6,0.7243134258290469
12702879,6,0.5622484131776301
29492971,6,0.596101552843129
22864042,4,0.3849397749824732
8659226,6,0.999999999984366
38806095,6,0.33403070367893084
37263743,1,0.3778285721888369
24239780,3,0.5980837633810276
32668514,1,0.4897338173621484
16453644,1,0.3544429043404105
31374442,6,0.2433662098182172
28709826,3,0.3597491473853974
40127436,6,0.2907393333539747
28605255,6,0.5234784661301943
6921699,8,0.3351341503222615
23180384,1,0.4803099267123604
37836550,1,0.5348284645248104
39493153,1,0.7823981482592837
38963473,6,0.6082753637099324
9170501,6,0.5204658913817957
33483707,4,0.6195071189067356
28099526,5,0.4599595900495233
1970680,5,0.9945254835888424
2001940,6,0.2540654331474258
9909466,1,0.32936777317050814
12169258,6,0.6235744133023104
27096588,8,0.45805786608440063
22022621,3,0.411012469796406
35302682,0,0.4714531223023854
30144554,0,0.29654220020417577
3918241,6,0.38952599733729765
34988040,4,0.9095424294735736
1765848,7,0.5323062436181918
33599156,4,0.6206386082038573
34329652,6,0.4675848213726508
34607393,4,0.5199217703920396
36193114,7,0.36762715537438273
4617987,3,0.33901617707237225
28264697,3,0.7199172180967346
39950416,4,0.5194850586985575
30769048,1,0.4267440478798353
32015435,6,0.35232000630609833
35897254,2,0.6282884358785645
30986381,3,0.5996272679300237
31596229,0,0.3883881954782328
29022624,6,0.8987776663755471
28138021,1,0.4117153845104121
19715162,4,0.892641946093299
10568158,0,0.7194193425569353
16755312,2,0.9999999999938315
36668692,6,0.3148067422503453
23634065,2,0.4979222658230134
22732449,4,0.7383038160194697
13241093,8,0.40446453867731635
21729054,6,0.37594035581632645
32082926,0,0.638876022612344
16301013,6,0.5316188104415897
38151866,8,0.6650157463352688
20042423,7,0.4194906669781092
11086346,2,0.4359551970726279
16957226,0,0.9663714378885104
32059090,7,0.33589585605464967
24181001,6,0.44566813600937794
30489707,3,0.4992352354755854
16515078,6,0.6044866437182455
29578956,8,0.5477950637286604
36802411,3,0.4443635267949521
38208095,4,0.538193567307432
19753136,3,0.8073157304796035
32150795,7,0.8621021956762104
31165644,6,0.2818211308428635
32028742,8,0.43278877310919217
31521778,6,0.5077548113796159
39313677,8,0.3880374131986839
32462448,2,0.9334365197944448
21666229,6,0.7190142419293594
22479219,6,0.692492303865391
17181912,6,0.35090328311396907
10817360,5,0.6341021396314961
25744925,0,0.45445362971617353
3498263,6,0.3853520301781793
1594052,8,0.4188911853246103
16524214,3,0.2850535950424944
30224951,6,0.560379209865233
13614877,7,0.7750116421305909
34458665,7,0.6114176706979282
27074322,1,0.371555537100088
35810360,6,0.6265697775337987
39441925,4,0.9999999999895838
25603686,1,0.9428868971655315
5362097,6,0.32236760490515853
11619894,3,0.43305864758221596
25090752,8,0.6123330567643609
34101499,6,0.44613596472869993
29534908,4,0.8370013469152132
34920512,8,0.5203755176900886
15442037,6,0.4357386690992376
12844963,3,0.20338522122767433
3460650,0,0.6313441910104614
25142915,8,0.3656682053873451
34884567,3,0.9999999999936902
3316301,2,0.46084783254912576
13349856,0,0.9999999999774524
36000400,6,0.406066155490179
34032522,7,0.3934035392081886
27759077,8,0.5213930249689508
21341771,7,0.5024391964030337
21222114,6,0.7970462897472761
32805264,1,0.5565817766247597
32819933,4,0.43773083736930757
35094611,7,0.5750201519558521
28024446,6,0.24141455272471637
26465349,7,0.6151520705310561
24399626,8,0.9896728835622144
27167381,5,0.7384584788066132
22595232,8,0.7869277303625416
9378824,6,0.405992218415447
5529672,0,0.8249286090021275
20391329,3,0.5075209704253242
35583702,4,0.31166714525383266
13850527,0,0.543648099884806
10748075,6,0.3165746216024379
38884376,8,0.6535820617004524
18139362,6,0.8150591105260134
29555579,7,0.5771426654972577
22609272,3,0.4215618659873318
19491546,3,0.7041684376338373
30925695,0,0.41976532267840133
32213178,4,0.4633686147858916
33312950,0,0.6267330654205884
22080606,7,0.5556846472298348
25560537,3,0.8199958761249406
31325655,8,0.4582550042925391
17870872,7,0.4743815616223781
15941956,6,0.9509406473786469
3890726,6,0.6887023976694668
20632718,0,0.6500861902410973
12177541,1,0.5114964681145938
27137637,7,0.540515142830805
11448412,1,0.7829126970138637
30253745,3,0.7451694690386882
14778167,7,0.4981187554634342
19081462,1,0.5306143632252728
25096639,7,0.7769874449453061
33440929,7,0.3735517639019529
32614115,0,0.5419533630603335
32853485,0,0.9346176929717555
22750851,5,0.7848967370085187
16260807,0,0.31637391157681954
34828545,6,0.5269964841417935
23300295,1,0.4974529684860953
26648724,5,0.6937023871889982
13277233,6,0.5537654710209245
11158988,5,0.5219669293878697
9350129,7,0.23797949871463572
5871542,3,0.7497440247597507
23819654,6,0.37388719814795696
9756761,0,0.35691504597538465
21163113,7,0.5327322089612071
38998333,3,0.6293599923912823
974931,4,0.4424057520545083
21304272,6,0.6587667737395028
22354668,4,0.3224311317236443
26037390,2,0.7779807025997414
37248125,0,0.44467570731509004
22772619,4,0.9180279363701278
21255168,0,0.7331237149170595
12989576,7,0.36523493389579176
5318311,6,0.4596461956152313
32737627,8,0.3772094232488837
16076775,0,0.30278199444117776
12709945,6,0.4614496302369913
35358248,4,0.556505863543516
36054382,0,0.5371261835051854
30448762,4,0.6532424211277532
29310116,4,0.6395690893850609
5656798,5,0.5021105215294908
34014483,0,0.634674304579569
16469018,3,0.4548622510270825
29680362,7,0.7349869954833836
6066797,8,0.6433110108743743
28875429,6,0.3009422849064921
26525137,6,0.47706561699733735
22860909,8,0.3954450471810088
4544154,0,0.6035703436781895
30399622,5,0.5856145204104044
38126159,8,0.6225088815119311
13998693,8,0.7634794998077387
18422131,3,0.5594929008247244
18819954,6,0.5074931045207586
28637928,0,0.5820631465218935
27502455,7,0.6074879437076838
17407691,7,0.5109939949839403
22141648,7,0.5596783663373406
35919807,5,0.9669097981336846
18554719,0,0.5015656900546065
38782004,1,0.5703312208524073
13109274,0,0.9517229956279798
12377473,6,0.400574578844323
37383812,1,0.67822703697357
19737432,3,0.5946833759948306
17619703,6,0.24460250671630832
23861468,0,0.9999999999696694
23930274,0,0.3587605494050976
23534060,6,0.33852382564742645
23552809,8,0.6499481070704104
23695414,6,0.4137621436662113
39938083,7,0.49450024692485656
21456729,7,0.7150781842007917
14457596,7,0.5444255456106696
8052002,6,0.44157103984202006
36767717,6,0.8094837381446653
13881395,6,0.6856383279490179
33411053,3,0.7152887527898465
26828368,0,0.6790684452552415
9964118,6,0.462478162597715
18861877,6,0.2949720267285021
37229398,6,0.4852365283456992
32198096,0,0.2720202052330853
12838114,3,0.6036829394956923
22418336,0,0.5422487680111494
32199241,8,0.5021815015247437
12486778,5,0.5256944283969577
27925251,2,0.34926859592920473
32039888,1,0.43609984739437285
35272572,6,0.4191537252277163
32235617,0,0.7590964318479145
6175237,0,0.5179250260616788
4103031,6,0.5475862489077437
11047034,7,0.6478112725258258
13479286,7,0.513887182102899
9540311,2,0.8499680197286573
9886575,0,0.6873840219172306
37266035,5,0.3131619407082529
40098058,4,0.646718221398545
34751942,8,0.4066233027532002
4493844,6,0.5654736080044418
25703711,3,0.8375685400969396
4481644,7,0.5281616547939857
11668031,5,0.8327748506175352
24875797,6,0.47885858357490596
26379420,8,0.5223078932259302
37404234,1,0.46602830213514557
3454437,6,0.4725235245773297
32744940,6,0.2994961959247328
6714723,7,0.44165263832684115
28436482,7,0.44522058817318916
28166439,3,0.7583771330452944
14423363,0,0.7900234657195154
27760421,0,0.38007110483814427
2911946,6,0.8138691087061037
25898086,0,0.3668728449284838
17538906,6,0.37593481266038425
38575332,2,0.408602387648563
19301330,3,0.954751454468709
17843298,3,0.7593727189470787
39356761,0,0.4222175017958848
31790284,2,0.4484769057494313
37273158,0,0.9607885778278422
23873240,6,0.57935528993135
24120894,0,0.6684567900438739
11663452,0,0.399343267730082
464010,6,0.5281608021556888
8789090,3,0.42866611641268093
36694549,5,0.8667135394199788
13957624,0,0.8972662295825717
11469674,6,0.46829503493304514
32917436,3,0.33790203343408665
14028775,7,0.7907302705456202
25226759,8,0.651141661039921
11630374,3,0.44263776189768256
20663898,4,0.44036909379132044
3022898,3,0.49706589531104456
36553615,5,0.6205768468189041
14383474,8,0.3356741761339706
34647232,8,0.572749414422479
26461800,6,0.6664216159354807
37024822,6,0.5990263985945694
34505129,6,0.39936370547689226
10527593,0,0.6198575645448321
14670388,8,0.4267134505105876
1841730,7,0.7451682243443187
9762466,0,0.6926724131130964
31190332,0,0.5964172795943046
5483096,6,0.8464803375309403
25473736,8,0.48701169141971373
15184588,6,0.42521148032776857
24150894,3,0.4938924172736042
37424750,6,0.5414480787071044
33298258,5,0.4068801816662404
2255721,7,0.6152835713739249
37423185,0,0.48852232166412224
30757487,6,0.3352324204977286
14322641,2,0.46220069774416256
29449917,0,0.9999999999813056
36519495,2,0.25301465993705574
39369347,0,0.7232268317105874
38968723,1,0.7753180201654937
4850748,7,0.44663657713070026
5877353,1,0.5212438386433164
16043124,6,0.5061124077163139
34696100,6,0.5420587960450857
35729313,0,0.6339699600945262
38990723,6,0.4378260312158093
27364375,3,0.9974360823154936
23988736,5,0.6865662860032199
21456143,5,0.8133565781071609
27883234,4,0.454123259354762
35140860,6,0.4332112250739818
34861431,6,0.3708029333127195
17290936,5,0.3567246749543604
18270623,3,0.5816100327886956
30156498,7,0.6411315611572378
28255905,5,0.789859944512297
37341766,0,0.9999999999804086
29872668,1,0.2708880283400481
17317595,8,0.41698054559911557
2845177,6,0.5723604409878978
37578876,5,0.39155627381671154
39860556,3,0.9674411849831511
24351695,7,0.7364194822894167
29529485,6,0.530127733468374
13892730,1,0.5383094405414296
39199209,1,0.7731903064484634
34527319,3,0.3964247097879427
39424826,3,0.8324272614506041
14335284,7,0.539461286680708
36884286,8,0.3403667292690321
20422510,8,0.7044178461921901
20281946,6,0.5587538986166849
19676564,3,0.7936380736188776
36554257,1,0.7674280721122196
12129986,2,0.22547335690961726
24687872,8,0.6061322226244827
11570326,6,0.4579310034526596
21414639,0,0.28854213744257273
22109275,8,0.5475738156610636
22111408,6,0.9198685238871053
37038056,5,0.8906720887052103
27430045,4,0.9401178632296318
33511284,5,0.4218090810094597
13831451,0,0.5230519604716116
32759960,6,0.38711027947794474
31240376,6,0.6539595937593389
24186423,7,0.4572696930052932
24480009,7,0.4068412774087459
24274799,6,0.47931595762745755
13187420,6,0.42876926909357177
36933016,0,0.3297775093376306
34400303,2,0.6419585000401438
29290874,0,0.49837800612106714
22920928,6,0.7558184728018624
33259710,7,0.5973484405949914
15328566,3,0.45569866732086617
27438498,7,0.3177860372025106
22679856,5,0.39218189430709555
36568371,5,0.9633232880984821
32938341,2,0.7703685868908139
26789123,5,0.5229581414091665
30102318,0,0.5315586754629965
29333208,0,0.6437032417864204
18493194,2,0.3213913748743672
13966603,4,0.4063439640669719
2847979,6,0.5210441622073781
13807623,6,0.8357536667012981
31998834,5,0.8324116813935717
16063928,6,0.709673041983429
26897536,4,0.8085701417770172
11345765,5,0.46087665612005435
26005403,0,0.5608862036588239
34242919,3,0.6414482527325939
20469024,6,0.8139785791419002
33960570,6,0.45262058893060425
9451142,3,0.9480714074495634
1083402,4,0.28039335323484094
10751948,8,0.35713929867851113
2067710,7,0.6009240762235533
5154479,1,0.48909322493589474
6000205,6,0.5496651028944072
32059711,5,0.3870244820492629
21389741,7,0.4342445440888383
3224628,1,0.7764899240532245
35017332,5,0.5646765780895543
28326378,8,0.5894243825252306
37755080,4,0.6272985134584999
28722971,7,0.41812300544733605
16216102,8,0.8172419789057559
9265551,6,0.6607836215696583
33070321,1,0.6642763002834013
33349126,0,0.4179114847550781
19076977,3,0.4302542491520311
18213544,6,0.3024432721906881
23442696,7,0.37219386475752264
33138392,6,0.45183096082563445
27627440,6,0.5937996374096204
25489418,6,0.3042077392953922
24986855,3,0.51997584189853
38335811,6,0.3797536625750409
11677847,3,0.8904251278591364
34304189,5,0.45441871700186925
24533128,6,0.6685929509951376
27830672,3,0.67965463212738
38338177,5,0.7965718719727262
33678351,3,0.5891858068368995
1726640,6,0.41689446648704415
19131147,5,0.3456244893217411
5300988,3,0.4610141572623984
27585670,2,0.9223761367849312
38937984,6,0.31663082082890653
16679560,7,0.5050102087281307
33692949,6,0.5536427982689707
28596608,6,0.5771368614749667
18632566,7,0.5826564320517027
29380739,6,0.37297272706994516
20914655,6,0.6885519707220207
38442962,8,0.48806079520941786
36165262,3,0.5777259168966207
2858920,1,0.7195445045793499
12179892,6,0.8822156161580214
33542473,5,0.6431461937172281
30006169,6,0.55253769633305
22771579,7,0.592952829351804
13379631,7,0.4979276460377767
19796834,8,0.5251936379822503
2365126,6,0.7762684606432987
39461428,3,0.3882272555072979
8210161,8,0.4053934380418418
31422996,6,0.7251587233780065
16049355,8,0.5495914604340784
19964747,4,0.657411915371025
25852709,4,0.7058786449183446
12572040,6,0.3474835525536998
4121240,8,0.497787612588767
31950331,4,0.8333068181522345
4109848,8,0.3505956425915051
36338250,3,0.9091243729151318
20241303,0,0.3108597712357774
28640564,8,0.5076545251554012
12233208,0,0.593847181462928
27951158,8,0.4754902773029919
15590100,0,0.5652091507378949
10834721,6,0.6110510182368906
20689760,3,0.37092889976382
7581951,8,0.45093152064482966
3373188,3,0.9798782468018592
14278424,7,0.5142837765743393
30383989,8,0.4980896206328308
37292266,6,0.5582563311378543
14503434,7,0.3618018188402556
35611946,7,0.74813245437447
17709240,0,0.9040545784101959
34003285,8,0.8696618248600303
37418200,0,0.33191726699378127
8958796,1,0.48140401411221656
16490869,8,0.47775993415301893
10100276,6,0.6780476905829308
37346050,5,0.4737903289940574
26201929,2,0.43358426918171383
2150108,0,0.7690463036386302
20035604,6,0.5106241952182652
19820600,8,0.21470990682992336
35343798,4,0.9867078288391066
37954489,4,0.8271140762162417
22067785,8,0.29725514243453294
3391920,8,0.48927761580581147
32883606,3,0.5723662133033163
6168727,8,0.8052642668622297
19749404,1,0.6475413545910526
34571161,3,0.6317964781681731
25140826,7,0.4014391419109102
39785661,5,0.4168123990033385
31683724,0,0.359117385797606
25440750,8,0.6161849372547611
38632687,0,0.6217182777458476
32507715,6,0.7828628713899499
5161037,3,0.3700939518907914
36608077,8,0.4257931131292929
32069347,2,0.5370065408939186
32814217,7,0.588215559337143
37605555,6,0.43112959007064566
31619880,5,0.5170227754342536
14948711,3,0.5054852832415803
24689395,0,0.4662668893619652
39089397,0,0.5375618486466602
29577849,5,0.5332205497410937
37356638,8,0.733992945501673
12996632,7,0.7879568341332498
28201090,8,0.4304996910447239
31237091,1,0.39970591583178994
30652387,7,0.6216637784842054
19412462,5,0.36094943949019637
31588148,4,0.6678592878706975
35921408,1,0.7924335758177129
32979715,6,0.80664809180749
17527851,8,0.7267271140247941
27837662,0,0.5023190200255987
15526772,8,0.6320626570993592
30879608,0,0.5388700255373827
34316107,6,0.3261321507759061
31901171,0,0.8957379956022936
3617772,3,0.5177623408947805
5434520,7,0.42391687630410474
6328267,3,0.5885057768329166
24900064,3,0.3391759562436755
35052362,0,0.7797617161930788
26044386,6,0.5273407611141814
30270765,6,0.40227686386214545
24219446,7,0.596345252110482
28122542,0,0.7755819744409319
36644063,6,0.4581843261097552
39210127,4,0.46988610992513835
10118762,5,0.9460785167108821
36110242,1,0.5087708326556538
22975998,7,0.7778877633115991
25027198,7,0.36140872790172085
39907237,6,0.517191369065808
7369247,0,0.314998886924675
12879322,6,0.42736795376335607
37189968,3,0.5720055559468481
37438380,2,0.3641432359592162
25063919,8,0.49251269237630524
22209311,0,0.518657165960688
16426387,2,0.44210541026664985
37236834,3,0.6417711763598685
29690484,6,0.512203222928756
27920380,0,0.5396498727909668
19037703,7,0.3531162461222585
35693574,2,0.7659782817177483
17718895,1,0.40190702926454996
9750481,7,0.6153186349788031
30989051,3,0.8661423432064765
38271944,3,0.8101976516316864
13503409,8,0.8099698635772734
8626157,6,0.5702537845542572
19101864,5,0.78446306281649
30076125,2,0.25916273098365145
24023105,8,0.8040681054357037
7557098,5,0.6961064257181652
20551216,6,0.3454202270246633
3985453,6,0.4023362861509286
31208739,6,0.6336064656070134
8421337,5,0.4727753346537859
30210381,3,0.6413479868883087
32152740,7,0.40479370845622753
3175925,7,0.4505375131953015
7155152,0,0.6653184853401152
2099666,7,0.45880829807618567
959985,7,0.3647565177658571
11501950,8,0.31265509438935
35554982,0,0.6334923595962991
34900461,6,0.31669144461323356
8018870,0,0.5594067686083938
38524483,3,0.3815516209019132
28435032,6,0.8013974884149292
13409386,0,0.4086330534546524
26046256,0,0.3945591368353489
32715836,6,0.36595992684804274
7937994,3,0.3663890988940664
1823493,3,0.526755833118333
18390874,8,0.7160802486317791
32982012,4,0.9231326632944241
5938011,6,0.9800232562368747
34865006,0,0.6143260478020428
20789434,6,0.5039344823688336
12829525,0,0.4990889016048056
36440533,6,0.5674213480350025
32943227,6,0.4312086307251055
27179016,7,0.4839876244699311
39576673,3,0.4090482754385126
31629994,3,0.4927532160891959
27159883,8,0.5264702062076869
30386515,1,0.7684244248271084
17703956,8,0.4986057174127522
31226625,1,0.538127893612875
18146149,7,0.3829706268262598
31302227,8,0.5136842996084637
34544047,6,0.7314938635679504
24745852,1,0.6970924695490333
8294842,8,0.7429433611186338
35589968,6,0.3975529934695574
23543452,6,0.7393455997827943
29254077,8,0.6444286811924025
6909495,6,0.6106251691777204
38327803,0,0.7123275261264077
29571621,0,0.703205906697969
3077557,6,0.8844284680636003
39660005,7,0.3855758592419189
14525736,1,0.5075496396522098
16782639,0,0.5163378345475776
13590192,8,0.41749730688815573
25189017,2,0.623887157858989
32708323,8,0.3913943822151886
37356728,3,0.4134216304373227
19713141,6,0.7941783240118853
26211814,1,0.686938838804531
22335677,8,0.5287814541903875
30646152,5,0.5844323949272678
6296584,2,0.7462936897159247
22030696,2,0.4530964439465813
17596893,6,0.43068274707311444
39901135,8,0.4822971428359143
27848816,6,0.43703042750458476
32237794,4,0.6865903185220812
8455358,0,0.6908264799565582
10510124,0,0.4434183392797106
35260519,2,0.8552756622895624
4765629,6,0.48610450715757375
34517270,5,0.47712641198533734
16962430,6,0.48457690961908007
32096777,6,0.4582063554475847
8911735,6,0.43375417368705477
16243955,5,0.7807709628317182
24011431,5,0.4415053243331324
5369383,2,0.541673529589034
33776657,4,0.5934694883595516
34788559,6,0.3704367023468232
29334550,3,0.3218442351890678
25612920,3,0.6599908302014492
23504803,8,0.5999861618896001
23354508,6,0.6259159525594418
3718251,6,0.7995292103364321
17015307,0,0.5777822573473537
37272995,4,0.524624562274546
27289142,6,0.3813378506327819
10877249,7,0.589251363230082
24770369,2,0.7881710491178544
31252939,0,0.39061798140101817
12942159,6,0.7587410549462072
20476362,6,0.5058853139937779
4406102,7,0.5195485447461662
35225561,7,0.7158764493857442
17604316,3,0.7801801453541132
31926460,7,0.5772135751373431
15552486,3,0.582062254159505
34947935,1,0.8093783829253508
26324468,0,0.5695925416939354
34503795,6,0.404823672227739
32201872,0,0.5954026551578638
39443814,5,0.3925071754698267
5649540,6,0.4691307739050951
3506498,3,0.41167749632602557
4286036,8,0.8549591307361657
26780347,8,0.28215527150076475
25394014,0,0.9213105947316381
4819300,5,0.9999999999918385
35291183,7,0.5185434281558525
29947654,6,0.6267227790707776
37973693,5,0.571522790028117
34914142,3,0.36897298686862134
27551821,6,0.2769606320631723
31215837,0,0.6351117000424845
8239554,6,0.45920867558424205
16598777,8,0.29653639298885004
6720440,0,0.40411347884762566
31108312,7,0.7760056307888631
7442570,5,0.8039596004755337
20004307,1,0.4185320423330257
35007553,8,0.6777120166332536
19443431,0,0.6016558693276366
28410776,6,0.36683033184510005
34099351,6,0.5577441785408804
18236350,7,0.8490457917765784
37986834,1,0.46440641745610683
31502405,6,0.7270634605242154
302163,6,0.9138420159032511
26588923,6,0.5406531993256031
30604952,1,0.6679509628212749
24410900,8,0.5256019480512847
23394378,3,0.22147145267441484
22841888,0,0.7404601728781867
25372677,7,0.3714011634527034
39835704,8,0.31968409858018504
8522390,7,0.7828574195865421
3001750,6,0.49321907814073257
28704145,8,0.4876878022955067
21901102,0,0.4698393143905671
12998908,3,0.42975236494141283
15467977,6,0.33506187699035306
38147839,6,0.5235009713722405
14876929,7,0.5943624462332315
16247157,6,0.5074366841003987
27534738,0,0.3500484269939467
14973217,6,0.3032828208722825
15959936,6,0.571813071204304
35894511,1,0.804521895735212
15598313,6,0.4577071369949205
32143149,2,0.6705906187057576
10782340,2,0.48189969933062554
32461057,0,0.32650489314706616
27302285,6,0.5144905891857992
22310604,6,0.8632153856654685
31618755,6,0.23273916268479794
30427445,6,0.42058877148280494
36534850,8,0.6689294513395063
16039463,3,0.564636467358593
28166011,0,0.9473159149115609
38727035,6,0.5902278655341512
26780348,0,0.8766435767614942
2484527,5,0.8092763341219391
14122272,3,0.6080078616253757
29506802,0,0.31141381611607943
19824805,0,0.40994177484165634
17454216,3,0.4750024611836383
32378475,2,0.9401680807565893
7218795,3,0.6222377950635289
33249350,0,0.9433339081118847
31109366,6,0.3761527490063942
18902102,6,0.595174016944014
29212205,1,0.6494116613433595
27723909,7,0.6702486798829693
38110263,4,0.8474621036884875
34823688,7,0.31607637635380825
3916762,3,0.2358172835722372
29523772,0,0.7297333399442932
37433093,5,0.3518499766963825
31883505,6,0.3501367611400971
8905268,6,0.2845810744464604
20074620,6,0.42186947906683464
34494748,7,0.598922958358294
3187964,8,0.6160483394555352
25984273,0,0.3619553101835975
2283704,1,0.7070437341080399
9151102,1,0.4194232990815283
25041144,3,0.40712438918888866
7017330,8,0.5781185147956335
25973366,1,0.5792558937980934
7092000,6,0.31330743622896273
12052478,6,0.7019531183808833
27518112,6,0.5547021370014483
4387869,6,0.5136685623743897
38118721,4,0.8248415793985736
28595893,7,0.7550283105833635
33231938,8,0.7074266493944891
39354428,5,0.526595783377223
12467607,1,0.47051414615986054
35377013,0,0.9460175062996589
33650960,4,0.9429436638797087
26547421,3,0.9273454022139473
13498784,0,0.7146119763616654
33744765,4,0.737883711151596
28062955,2,0.8647261280615909
37757747,6,0.39473882062485555
2792650,7,0.7963987751784316
24298752,7,0.26213917306632784
24157535,1,0.8342051487661767
2189288,6,0.28231251435379534
18274671,3,0.41312078970902605
21364934,6,0.43466589576808895
31013472,6,0.47617492645834003
32211446,7,0.8181861706438357
37538925,6,0.48320530894716895
7531310,2,0.4220377112631197
30678737,5,0.9060556401454952
27024986,3,0.4048310714679234
19750094,6,0.3318600804551113
27839195,0,0.35566995192675593
17839322,3,0.5063493782353202
13807320,0,0.28512881487202596
18413305,6,0.42081225114645454
18915920,8,0.42238297273109404
10149994,8,0.5763796779902994
35645548,6,0.33014704802645733
27785855,0,0.29416509833956345
6315109,0,0.3959131990683286
25701196,5,0.28154115763259924
34737206,6,0.6608041900271461
22379520,8,0.3524967132026824
39609356,1,0.6509521662908474
19482844,8,0.8282817809248451
24049867,6,0.38537485303769065
2916245,6,0.6518146070143378
24494356,5,0.8022775087950581
26263458,7,0.43704493198711325
13514751,6,0.8509906706884437
16343034,3,0.4549438631884695
27655768,7,0.45156434935045653
3761391,0,0.31568291657220715
8859864,0,0.9233438167060056
38335249,5,0.3285060690753663
29214629,6,0.5394479835858791
34640779,5,0.5892179396346288
3484293,6,0.3999997893593475
6131620,6,0.7190875336281927
29246277,7,0.44645128945001544
36833442,1,0.6704008423716665
22206070,8,0.37713503192456616
15940389,3,0.7454518627969368
12254898,5,0.8560361088862101
34712547,6,0.5849990203099384
26478208,6,0.7068780377041638
4419595,3,0.7195110530310667
24619150,7,0.6978017122821839
31680482,7,0.4525032074861228
20367739,7,0.46621394972752006
37319967,3,0.7106263467863674
35349103,7,0.5960045076140766
19966759,1,0.5471344075475294
33747385,0,0.3497189549983613
39769196,0,0.5476033200468162
28955958,0,0.3772714363968018
39846705,5,0.5870284025566961
20275934,5,0.6054783115840071
10287169,2,0.7810210803826401
38681740,8,0.5906502301894212
33405556,6,0.6668924216319899
17844578,6,0.6803585642263509
36957520,5,0.6135424582687923
30339413,5,0.6084311157871308
2485378,0,0.7886070997836999
29504692,6,0.4679914020534659
15319280,0,0.7862915371090469
22581301,1,0.4345588894678456
19722370,0,0.8165457485096576
17103215,2,0.5683507189496972
25964026,3,0.7257091007276876
24263020,2,0.44668130580862875
34821477,7,0.5904607599606466
11190471,1,0.8542167548692919
23841975,5,0.5959372374032089
12676566,8,0.9111750780801978
28289187,4,0.46186471657644407
26005454,0,0.9029910362326383
24677659,4,0.38968268375030235
20283478,0,0.6704685143399057
14760751,6,0.7251409421927149
11748169,1,0.7940923023560885
33185147,1,0.8960484258764752
32235671,7,0.5355692468330169
11600196,6,0.7217096983959601
24109903,2,0.48380681928349073
37779884,7,0.5071170428194663
38464661,3,0.2868074509099917
26387986,4,0.6060832713660669
8146785,1,0.7738106100092681
27761466,0,0.7528119479987619
36523313,8,0.5639119888839124
14231068,2,0.41926046069332207
35813212,7,0.44619495383454943
12970896,7,0.35569973188166615
38854276,4,0.6538539869540223
30644427,6,0.37447375788129056
29687436,8,0.4613404819951837
4771412,6,0.9999999999691036
13318206,6,0.9239853951430319
40099281,6,0.43214584848897336
22146370,5,0.6179354107085974
25144789,8,0.3626044756388234
20602077,4,0.36647524572376006
28006100,3,0.5496396897049043
28755771,0,0.4262943098718848
27437598,8,0.3916152655805379
39312470,8,0.8589890948502414
35685503,6,0.36644014548079296
10267620,6,0.39899040428047444
32190404,7,0.4770073023973583
18038167,3,0.6365627281517403
26103821,7,0.27349792391314376
39040174,8,0.5007571444637475
31958477,2,0.6484620337198121
28158403,8,0.6661009695618144
1042751,4,0.6807929992555233
38288881,2,0.29579996825360283
34242392,6,0.6477522092779067
12666990,5,0.6186307858128114
26529379,3,0.4958268393318272
14469145,0,0.7124489955679013
37343952,1,0.36288619536858885
35164801,5,0.4839022167996042
36194091,3,0.6561110820321127
23226947,0,0.9508520631996535
18948788,5,0.8599591143140799
11069704,6,0.46432334290586175
20966608,0,0.6210933825119122
40003839,0,0.4204307972783057
5266978,3,0.3519285274282748
39834321,5,0.6736369028033323
27459302,7,0.26035286778303013
32710729,2,0.5904540010187369
30782551,4,0.7630810534361401
5846807,6,0.45518761164861155
27116740,3,0.6495238951097893
12738919,0,0.7915991415101995
9388993,0,0.9999999999802952
11473930,6,0.3401730731284054
34827363,6,0.4730269874896021
30963292,6,0.4607470266315098
27442298,7,0.4496405117545422
10103296,6,0.5004308454756582
21140038,7,0.6345791716554454
23864242,7,0.8004305076422772
39539606,0,0.34387612984265653
2280961,3,0.4074031785281132
32953280,3,0.36769520219727925
36144718,6,0.6176577575199403
33141595,0,0.7793850976459985
32424555,0,0.48609306669254554
23566946,0,0.934137023887507
26522320,6,0.2662544325857521
16154623,7,0.4466839457038847
30989043,6,0.535950620715651
39491327,4,0.46006320621787317
20909563,0,0.544970456344643
14692753,2,0.6331506512766395
15408275,1,0.496461041985204
1728266,6,0.8124243839882953
12797658,4,0.43813972763594905
32910093,6,0.45815952229051377
31419666,0,0.6364584835999288
21801387,0,0.4679647121492281
38621672,3,0.6264807770466362
15784357,6,0.30771530371804795
36040996,3,0.6456592987650512
36145275,6,0.43099275164959944
27264026,6,0.582397964713646
24130044,5,0.7373822594204842
19663037,4,0.5692269872048752
4940791,6,0.6269811183431576
39971822,8,0.41931536482215404
28357779,7,0.3097460737345401
12779053,6,0.5391593079702819
38109221,2,0.5554073748880743
16619882,0,0.40299223300002124
33923032,0,0.5690836691053607
30373912,5,0.5284816957253174
39602579,2,0.7094151799232414
33168284,6,0.7996747917158769
8542725,8,0.6477294909214294
35593238,0,0.5568215472493534
8506239,3,0.7708993523902197
28247778,4,0.9303075277800902
36636416,3,0.4595992929100988
31207528,7,0.6345948579936225
37759458,7,0.2603769026835255
24971830,5,0.46617820073099564
34990016,3,0.5069970058771002
19758322,6,0.2970739042428673
21766905,4,0.7283391716687969
5383830,6,0.5220676526100213
31687379,8,0.6026903810893743
33787173,4,0.6089509327697386
38578685,1,0.6539363471986344
497765,0,0.3367534909938435
4214261,0,0.39827521927322596
21782655,0,0.363219322488654
24514571,6,0.8108303351594273
20042478,1,0.5369147140827476
34084151,5,0.6455762144014592
37757839,7,0.6651570560077225
1951012,8,0.5956114092234301
27277623,0,0.8840693783141723
3634420,8,0.6832332514460585
8633365,6,0.7161436771836698
16322862,7,0.780039564873005
37984214,5,0.8713721306012286
36599584,6,0.23021191032994318
29539245,5,0.5510033497886423
24166569,0,0.7275566644002233
31058993,0,0.433389729592728
33451965,0,0.6438408510238868
28271655,3,0.8202887338096108
39957629,8,0.45377786959819305
18772706,0,0.6300992534171705
11463527,0,0.5752195054100917
26629789,0,0.9818409594069173
18833731,6,0.3666663961988574
23627331,0,0.43207955824239863
23606561,1,0.3416925961494047
37871418,6,0.7931245046343081
24235836,1,0.8396809808052867
39755553,0,0.565650507988575
36734595,6,0.5667694938183359
29529852,8,0.46668799152953605
39088415,6,0.3962243939081256
10523242,0,0.34040789081391193
24764779,4,0.7822824379686645
37953055,3,0.641954505328455
35340470,7,0.5491648301620928
20691097,1,0.6124915480084488
4121003,8,0.6036424821730177
14847243,3,0.3603273333801095
14115254,8,0.5655351035555843
7850908,6,0.9034676915185322
39668776,7,0.5006802083674449
35669130,8,0.47087480241401447
37084709,6,0.47184638207736074
15153497,0,0.5424741591495517
10546330,7,0.7686172664522852
20982069,6,0.5687096685212558
17128105,3,0.8044517361843416
24595617,6,0.5006261467989556
39021114,7,0.3771808384900866
3225894,8,0.6054055485354166
30905636,7,0.7390654455611564
36135220,7,0.5554437569686098
4741223,6,0.4933030460429284
2262351,1,0.4874707186740312
27857842,4,0.7505285013160852
22097185,5,0.39426882014068265
11343188,7,0.6647149547823957
19545064,0,0.9999999999716599
37911147,4,0.9671577933097997
3301139,2,0.395018315130611
2242909,7,0.38724856145983366
8927624,7,0.6702091244984234
23589314,7,0.6255086250149884
37736744,3,0.6604111966896734
24850991,7,0.6147973394158264
40074315,8,0.5367568157285509
18132963,6,0.5088937309502826
2904542,7,0.5532582254717447
18838118,2,0.7522638211282223
15801524,8,0.7327746862106644
30385570,2,0.3767137222386636
35440549,8,0.41785783705814517
28998193,0,0.7909763584066541
5953297,0,0.5874800318031131
28799449,8,0.33497115648429465
22349767,3,0.5820394044316509
33506328,4,0.38950678839981934
21322474,1,0.7596336207784457
12804977,6,0.5615445665807215
29214580,7,0.28175711141384513
26848198,7,0.5283925196187372
5761208,3,0.3868695907729538
34063345,5,0.8883430768882941
36043542,2,0.9465365676695542
27571494,3,0.5820571115198109
11541123,5,0.9140869963367714
20778398,1,0.6408548137587302
32955115,0,0.48828421017305285
12255031,8,0.5687479967475599
3155441,5,0.3958159476549604
23709154,3,0.47276375685675326
32158990,4,0.9754947658172468
2869251,6,0.5718533992537637
33006721,6,0.4530073399132839
16161727,2,0.5654229568268785
18097479,6,0.39099699846017644
24720194,3,0.2364734434807162
25259947,5,0.49871419555486785
20960667,6,0.4704544400274613
28183305,1,0.9211447606154635
17643674,6,0.410952900146642
29375661,0,0.6978360873943743
19849651,0,0.5764138010132498
15081981,6,0.5417590571419504
20911147,5,0.6831928519487516
28969485,7,0.45718162747154384
22921617,7,0.5317806888455601
17923619,6,0.7318035308197871
24924909,4,0.41748538481389436
35077535,7,0.4159649166791806
18080556,7,0.7382390443157617
19311933,1,0.9999999999941053
21324828,3,0.4368785902934927
27299542,3,0.47466680486062857
22875270,1,0.7448364409627865
11762197,7,0.7585821286800201
36591107,6,0.48075228817813725
215132,3,0.6914396918826136
6933535,6,0.4392961619441061
37780246,8,0.5172371192795343
35391458,3,0.6596123407954442
11267853,8,0.3753047855857685
35723759,4,0.999999999989241
40048298,4,0.5808303193009933
29708990,0,0.41149507582256206
31281202,0,0.4037446232306594
28754971,1,0.4535478856480027
37677148,6,0.45150709057632654
25614165,4,0.8877163663742553
15797670,8,0.2919758440330958
31206079,3,0.40330987717769506
3731278,8,0.41556981394427617
8205789,2,0.7917238229902789
27508442,8,0.6720471077298774
37180112,6,0.522248726878251
17283906,3,0.5028241351112678
16762709,0,0.37233256540527926
20405887,0,0.7815492977905717
31126596,8,0.5746855619937025
25565919,7,0.3239321475148743
39726455,6,0.37759445057672586
39478117,3,0.3499837928489909
23422449,7,0.6546446212827692
23319936,4,0.7693610858113554
36051581,6,0.720798343723241
19915697,6,0.3640835998487052
22968915,1,0.6827832470777967
6680676,6,0.6688743776013583
28646167,5,0.5552568802988794
17515430,3,0.7742010650489531
17312176,6,0.6039041737132276
29597758,6,0.48676389379012064
37528925,1,0.8778849334978853
35408919,7,0.5356927975255148
20183423,6,0.3655761976409937
23456629,8,0.41835872011889796
19591301,8,0.41355647605899043
20518782,0,0.32968755564728824
17773782,6,0.7656029825414693
26005781,6,0.4324008541431288
11683761,6,0.8738496207233505
19260253,6,0.3102724958610271
18792933,1,0.3249411194100091
36814983,0,0.6970159551162507
17776417,6,0.5757828524408337
6671620,0,0.4988607445981914
10513076,6,0.42081653239126005
17677203,0,0.5379814510547896
22966655,8,0.570023160946567
12830512,0,0.4738071773655245
20569675,6,0.26886189418328305
16959051,4,0.8702810524695085
36024163,0,0.27773681525293253
38790548,7,0.8447129862112718
24495695,4,0.8492583554320514
39252085,3,0.34852376418495934
14897833,8,0.50875299503138
2351008,6,0.9845220483727332
27261512,6,0.44520192662679475
31792671,4,0.643145327561306
8461230,4,0.45270338826372714
29667990,5,0.44517159152465513
8709975,3,0.5458493541966523
37445896,3,0.7883489977810375
39509491,7,0.4135878733683083
16341661,8,0.4629119308494816
30257062,0,0.36621312577799126
434641,8,0.5986836619970978
27545182,1,0.8428813179264224
12165200,6,0.6279498444375996
8187461,6,0.6842210819279876
32743427,5,0.649527941925785
6194736,7,0.716077892473498
29855646,0,0.35022812777505324
10214105,1,0.35490047679170894
28863676,0,0.866438528295871
31637263,3,0.5410455731878951
3505479,8,0.7940721097872983
37761161,6,0.3681575889039414
11557413,1,0.3149834745754018
17858891,3,0.7251686299483497
32945426,3,0.5553541163862632
31220768,6,0.47230981420468066
34816130,3,0.9049924997357993
3284289,6,0.5049539396698136
18607392,6,0.5259345906980569
38987557,6,0.50460051525467
6954108,6,0.6866972869169886
3871209,6,0.8462141286212473
30565945,6,0.66295757231703
27887825,0,0.8366658664686438
28304802,2,0.4847303486669941
25404688,4,0.4999487662899655
35543821,4,0.3782496516855688
40108890,1,0.8593846597606773
31468051,8,0.39911521070471545
23576603,0,0.5388617275837367
34912054,1,0.8890934917933886
35588158,8,0.7820225903882657
15477314,0,0.2956515823914317
38839590,8,0.22810903659032117
27916710,5,0.995524117641842
21742740,7,0.6700186998554776
17749799,6,0.4837084128984694
38839402,4,0.48886826012233076
27800443,1,0.38509017327464357
4594895,6,0.5468817384792234
25344576,4,0.45398519374828433
30709539,5,0.7280929743515159
36413949,3,0.5387021817618857
30538062,5,0.7716885602693095
19150818,6,0.3016100491303674
18444819,7,0.29228490106686655
6465549,6,0.5373243544682023
19082614,0,0.956334030117481
35545624,2,0.9949563173410791
11202713,6,0.49648316453059976
27444493,6,0.5679578720637617
34238455,5,0.5143733353093721
37697942,1,0.35758716926736195
36879701,6,0.44652267186854006
39890659,6,0.9245540275515581
36758097,3,0.5118236981787688
1362997,3,0.31492757810392036
32364352,7,0.5366461510209732
36983733,6,0.4444128202088263
7268886,7,0.8967317222444747
39561622,8,0.7149382882587195
4362402,3,0.424845106977273
35959542,4,0.7059866210064337
29987799,1,0.5751357209823372
32090776,3,0.42617898189386366
16872857,0,0.36688109059109075
11128686,4,0.3997805828529601
34209906,4,0.3452513775924351
19729531,0,0.3216287472149756
39239916,6,0.3678156939134331
11531741,3,0.5066462006935646
31324305,3,0.37378454527808397
33464064,4,0.5080901142776947
10011484,6,0.43383700032888406
26215286,6,0.8560306962371125
14922722,6,0.5059126761907257
28221985,0,0.593999943035827
4081724,6,0.544987917441326
26534002,6,0.35786500746788324
30533636,5,0.8060057404434107
38784970,8,0.7568594345790792
27429615,6,0.595469583367159
21235816,4,0.490607509155463
18028824,1,0.4552324573922119
7403966,6,0.34646737230914176
5773216,3,0.47205898689392245
33907127,6,0.4921730213891441
27886783,3,0.4947404299401473
26276632,8,0.4527265339100336
33271442,4,0.6277038698437537
35944522,0,0.7937861888589893
19918169,8,0.4735400372565242
19167181,5,0.6977381615202813
7832248,2,0.6042609511334651
20506116,6,0.3524888194852605
37756963,8,0.5776250780835326
28861063,3,0.7168050437466427
23676543,0,0.35382398047441027
1148709,6,0.3610668185499902
38831874,0,0.6245660404347558
19495919,7,0.4462281716734436
31009284,8,0.7642185921934981
31775468,5,0.6573705208939159
22077328,4,0.4343911912107926
28275352,5,0.4283691361036775
27320092,6,0.39074901560860914
37618263,7,0.6816668235296056
29415537,6,0.671549722765394
31936573,5,0.4480993654848643
2627715,6,0.7914050333808996
17378480,8,0.44083908798903815
17301887,6,0.35760215848499666
29726919,0,0.6996988721376544
697594,6,0.9399883751369154
9130370,6,0.4986567543505317
1647112,0,0.7793387371051221
23387891,3,0.5189178237333315
21100368,3,0.3236834643161198
3326514,0,0.4049803029786311
21806814,7,0.5202272280645847
28089861,0,0.33595767083459904
29312763,0,0.5076869280444097
33379171,6,0.3905491691920067
27376572,7,0.326474694846623
20694420,5,0.41161234281633213
36408096,0,0.4773425039045431
38059812,8,0.5608074017394964
35885981,6,0.33819511650948597
39959713,1,0.4076099872448584
11773755,5,0.6927227712784104
35724250,1,0.7792109093266149
37498562,6,0.7329550591411963
26065027,8,0.92663141003465
31361377,5,0.4669419466276044
9862655,6,0.47496849501221
20801229,7,0.4977922198100071
31767593,7,0.36181306463612367
20486032,6,0.28485725617790514
29817518,1,0.45675302989030475
40024952,5,0.4157181853034434
15951488,5,0.5787765701602131
37124944,6,0.2840899803846053
32225209,6,0.49448516035070794
30395720,6,0.4295302679527772
19945270,0,0.4397635443549249
34906380,4,0.7214551295418735
25251913,8,0.5045588321868806
23185486,3,0.679720587778183
30189013,6,0.4813449928888578
22138673,0,0.8356294578707969
15025695,5,0.5827641973851808
24420910,1,0.6013664098131255
13807860,6,0.8678541365525266
23235964,6,0.861122756887994
36627895,6,0.3345011063836915
36051263,6,0.7498076493518226
19559191,7,0.4541559474281369
30945113,8,0.5848235027918542
5784870,0,0.9999999999748985
27556628,0,0.8704286032295986
37184776,4,0.7580350561075963
27076503,0,0.8292950306354256
36658202,6,0.44914301126682277
26070340,3,0.8917975479391235
5919452,0,0.5077325577787152
37977885,3,0.28671059430419815
25284060,8,0.3346367156065347
36340395,8,0.3400713523984018
24923806,0,0.3905875216109076
3182760,6,0.48970345612191823
27262353,0,0.6000930722516384
4324049,1,0.43786899332156465
31458426,3,0.48616266422643944
30894353,6,0.3232151899310013
13696208,0,0.4680040464402338
28609758,3,0.3650582884897038
24707349,6,0.5341387401388623
28989262,0,0.8388608445088249
38978084,6,0.39730780907251956
25858046,5,0.7988666481979921
33726819,5,0.4751243373266146
5342504,6,0.9379714817693873
36377501,4,0.6812324969866671
29528597,4,0.32802116891093686
10067415,2,0.7205640638217767
34928725,7,0.3501708729922777
14389513,7,0.5454751804055712
35027685,6,0.6044683890862764
35913975,6,0.7606283451982425
19294898,7,0.43406706259889477
34439940,6,0.334993879887829
33669281,3,0.8042819690310544
961263,6,0.51322452382468
5616570,7,0.5830558386526913
7112657,3,0.904348479594322
2950275,6,0.6415996624131111
19214785,0,0.8260983709016753
497704,6,0.5966754121458375
21883116,6,0.7130335927552938
31536071,6,0.6846682708595468
25113281,2,0.2916569163339063
37293307,4,0.6617906795341384
20103304,6,0.9807331320896202
24191466,0,0.5276090618048034
32154849,1,0.8024589957004594
32939452,0,0.8264471426085638
3835548,3,0.4936753543133546
11626793,7,0.38731424032800443
30188440,0,0.44149103534232303
27670416,7,0.4560388414076086
20570647,7,0.4376438588599317
2007195,2,0.6429254692824737
19841900,0,0.47828465531052666
26995818,7,0.4363074176637668
8859994,3,0.34954358737296803
39229207,7,0.5487860231434483
23151393,1,0.7396851299573333
7115392,5,0.3930061154286701
6982578,6,0.6485595283939108
38546693,7,0.3950469489442314
1714027,0,0.3635921057581732
28571614,0,0.6754273100913482
38303812,1,0.3476728172862628
17807808,8,0.4143269241881257
3519565,0,0.5765175128435127
26494397,3,0.8073205205473888
12613888,5,0.7075871527773577
25949775,1,0.8452315494133522
24481790,8,0.8027682043470884
34980768,7,0.43952147238778105
9341880,2,0.6213731997033752
32538245,7,0.7964426991868289
38445975,0,0.3960639906263139
29605642,5,0.37484274125266165
26768773,5,0.9999999999916193
33852659,3,0.8115672681303917
19709893,0,0.5110318436767017
919104,1,0.4859670655528261
35726066,8,0.49193801118769803
28982305,0,0.7729067576716644
15079186,5,0.7676011793207377
31751210,5,0.9363427586459311
34122809,7,0.6085271602513102
28297973,5,0.4630125673571638
25065616,7,0.6936493458928872
29739253,7,0.5183850848246372
37573805,8,0.6237430517038198
23808327,5,0.4698273300011422
38354580,1,0.41534012702870715
38278157,4,0.8646648479508345
30311997,8,0.43151833940902157
26030515,5,0.7887203561159893
16716813,3,0.7821086849092572
33360370,7,0.44508285334852454
15159027,6,0.8256376977920016
25185638,8,0.4322994677229198
9290018,6,0.4778471124952264
32115900,1,0.5093857791161291
23800442,6,0.33033229505919287
25872711,4,0.46256528076556985
24661925,7,0.4801465343865464
31098412,2,0.9764143696020604
36723393,6,0.340084536957261
37370745,1,0.4065198206745548
39725880,1,0.5956256965102497
32202957,3,0.6510987538380895
24705101,6,0.5298852852483712
30554047,4,0.3862318711956038
11443884,8,0.3856833120014527
15215644,6,0.3172584210067086
33787662,0,0.4215244377652798
31712145,0,0.7367022111329126
36325053,6,0.5033137696605285
38862349,6,0.3320304529389638
16676780,3,0.7057291677954524
32071339,5,0.4947488219970559
11912580,0,0.5337343064008111
27244736,0,0.3762975946614564
1585181,6,0.9250689248215564
24021831,7,0.796450818217979
10670621,6,0.4920850099481262
35848046,3,0.3174424989764143
14570318,6,0.649186974409488
25689111,7,0.7985244108105626
8654634,6,0.6908766301684239
3915315,3,0.6030418501296714
33086536,6,0.2664353155373014
33004159,8,0.3712507175797881
39107647,6,0.7636058466526017
33209743,0,0.2758524794502814
25253728,4,0.33150774199134686
3990344,6,0.8501496902769227
20820830,2,0.4736657154691434
39796484,0,0.7559581314257502
2963302,1,0.4782483871928911
39396929,6,0.6153783752855773
4382875,7,0.33063274073495275
39669082,7,0.22339706625345346
39726124,3,0.380587299340373
38792944,8,0.39970251854149474
35867650,5,0.7700415643399646
34065566,1,0.4513293824258569
2315151,6,0.5473496350732966
29114189,4,0.5521523036690532
30745001,1,0.6443447310765192
26596101,4,0.4280238949956133
4105376,0,0.754181244997034
34790835,0,0.23154057161386618
6985783,8,0.5403973671460347
33116546,0,0.7129363613133575
17705736,1,0.5603588102893337
39736249,0,0.5400388818906393
39102563,4,0.8234532923544422
17379479,5,0.687055025408287
27730044,0,0.5876814697838125
4150443,0,0.5477105961108883
18992373,7,0.4590164102971085
8898131,0,0.4012883504784244
5960249,0,0.6478018569886458
1419065,6,0.6868464666289711
27488573,3,0.39404233821038365
19041486,5,0.6111493853783831
30191881,7,0.7438901854138449
31929202,4,0.4377602111035123
24748925,7,0.7312034670964795
33588745,6,0.39551109214141467
34181387,7,0.611282867404971
26772053,8,0.5104014411094986
37600213,8,0.4151857092941863
34659063,3,0.5461045343617753
65076,6,0.6288162649972541
18949768,6,0.5241247418793349
6219446,3,0.7371887258237733
9645087,0,0.598647804197547
12208989,6,0.5497128043422812
10237717,3,0.5692997147161629
12620570,6,0.49322369381391756
28992662,2,0.3774744178095448
11538483,6,0.34153552729693437
3384576,1,0.7468362467438887
36991185,6,0.783396157543195
24455581,7,0.680007992056684
7453553,7,0.6246914287662283
37007318,1,0.8481802389184465
31371559,6,0.8971478623088738
5980042,6,0.616359900840863
20062470,4,0.6637310592754733
30950474,7,0.5083753662451397
29754562,4,0.5142902926417777
17661136,4,0.4697982047063594
24985356,7,0.46056840883687966
977491,8,0.5374055161180076
16650426,5,0.9546439997003537
33792332,4,0.9895682412688601
9927699,1,0.7909608279465581
15964056,5,0.38139816506569774
27834477,1,0.6712875144817205
34365760,6,0.4481758929236118
26750855,0,0.7554119808867595
33074967,1,0.4650042987031929
11405673,5,0.38683092401562963
15283478,0,0.5590594509988517
5378616,0,0.4718543225478338
6431495,6,0.6244955836544495
34133309,8,0.6774590050869176
36799362,6,0.9292888950461797
39748867,5,0.9122347588924777
32254464,7,0.4129140144227253
25406691,4,0.4961778710929429
34160529,3,0.41005054661716694
13942686,7,0.4289611770092617
32072881,7,0.42332767119799897
13555174,0,0.5405161638331561
39686410,8,0.6699007428862719
33022444,6,0.5195515796418727
5632351,1,0.5090773658819249
15728613,8,0.3455952978092663
32626982,4,0.50240348960673
2369492,5,0.7518979856775181
29647068,0,0.4288804893492375
28008622,6,0.5962526063389103
31879751,1,0.5008574614369891
16701416,6,0.4599933742650238
35780960,7,0.3528806371750205
16189728,3,0.34329731824120474
23603419,8,0.6825591606533342
16610311,6,0.40211808173746694
8106900,3,0.5048125046286402
28653011,2,0.696558763633153
5031196,6,0.3270296427404488
33986145,7,0.49100057722374474
18926732,3,0.41527315199651266
8304203,3,0.5158289182224364
19569556,3,0.9174217202991267
29683082,2,0.6981588817375427
23837498,3,0.60439300211862
9420886,7,0.6409535476877372
26943638,5,0.4036820479612667
29280210,6,0.4289498647970522
29469459,1,0.3587691310044675
25724788,7,0.5064358369867874
21156519,3,0.38890999683896577
40106794,7,0.8129949393488358
33541956,8,0.5459604707884298
27271227,5,0.41649849353127316
21266199,0,0.43195968083718567
18664226,7,0.5255847438195215
2076260,2,0.2590634793880204
30713062,5,0.6487726361951736
19316074,0,0.8227425776851689
5839286,6,0.6421259510416486
13409460,1,0.34735397028686005
18342087,6,0.5018033257319671
3958750,8,0.5144715039666994
22953025,0,0.3968007438555687
35146415,4,0.3312242539006635
39022897,0,0.4713294022906552
10278608,0,0.6709499419833802
34264828,3,0.7186367295679928
11399335,7,0.5007182854457044
24425864,3,0.8278930803230039
33017872,2,0.39706985513671245
9354087,6,0.44433798207816133
14174241,4,0.9193134113438762
38842022,0,0.472723696547157
799767,6,0.999999999987172
18227946,8,0.3501290064926102
31397595,6,0.5953603944509683
39912648,1,0.5345841760231589
16822996,4,0.8110896486288198
33786851,1,0.35220982299760617
31330324,7,0.5080792185229336
33440615,1,0.47622045428453225
25191505,2,0.6363647725020325
14946705,3,0.4933752047744805
9200252,8,0.4150620676044427
32304371,0,0.7829245857673253
17043317,3,0.4813210540653624
24984349,6,0.5133833804977534
27618733,6,0.3900619556105071
22801985,2,0.6997352553462467
36700879,6,0.4588920102626329
33437134,7,0.3643500785940131
11286506,3,0.7429967583753551
1879914,6,0.41325738355717123
37044652,4,0.37222074962372514
26896941,3,0.5985756393385114
2752809,6,0.35477929704747296
39040554,7,0.5288458272904506
18403885,3,0.5829900284756031
38225615,4,0.444828619370199
16782976,1,0.37001839904462636
14227419,8,0.5022019753454188
37559255,0,0.6423884877955491
36988764,8,0.6317968595178631
38695103,4,0.7575637504185034
31833355,6,0.46114239346091024
16140684,0,0.5614717069734793
23924832,3,0.9085600767314552
21268941,0,0.8543371629860845
10566685,1,0.3164408799638151
33039751,7,0.3901745461357388
2365774,6,0.7049335246948302
36048769,8,0.30454731940559693
30150626,7,0.5737706061832207
37818218,0,0.24710749991189182
16310668,6,0.8779684216820136
15366886,6,0.6252100524378432
34060332,6,0.3741814052668863
22138596,1,0.7071687641918711
23684381,6,0.6155108536798604
34770389,5,0.6292107101665361
21516883,1,0.560698696833478
24357730,3,0.625349013733327
13847687,8,0.6524832464424886
36561417,3,0.29578257437405414
11868964,0,0.9987096048194065
8268551,1,0.6719925206699074
13432995,0,0.3756414957112586
27435394,2,0.4220671109433977
18794873,3,0.5370443529579556
38330841,7,0.46909683023818255
243865,0,0.5702920381148808
12584135,6,0.487001536103788
32205982,5,0.6252570715701227
33929195,7,0.6410396743531231
28163137,0,0.6995387552841479
22570602,6,0.39323156830279743
39146957,3,0.8373735410501428
35962263,7,0.4068341488815972
30258804,1,0.6720856991129079
3918306,1,0.5188229952415778
8143682,6,0.44037467658294893
13424700,3,0.799462694279941
36554456,6,0.302019540938513
35895383,0,0.378312728942959
22122511,1,0.4837145298212173
21312584,6,0.4536662587486785
31544762,6,0.5215107357867211
14875450,6,0.5747018974068583
28429501,6,0.34803748853670197
28708752,8,0.8045156938230177
3730925,1,0.5222206938558062
36713215,6,0.708812359945985
23185148,6,0.5955407542189128
30482350,0,0.4372508551180638
4083440,6,0.6663163477726929
26549118,6,0.35821518837971783
33614967,6,0.5242004250435164
31444232,2,0.6795252417435611
38116494,6,0.7325756310468091
7280033,0,0.31845317234642895
33718724,0,0.8236356984590838
21739815,3,0.7321969828015673
22614244,5,0.3457496661564443
38334293,4,0.8935065911012643
5397985,7,0.35237874139744274
39201783,5,0.8497465785348823
17341129,8,0.8405617369778283
17854468,8,0.6227272086428434
35269201,6,0.4785791970377525
15798765,7,0.33831251192446876
304216,6,0.3541314481460005
29622305,6,0.49952606944532507
7225906,0,0.5745351928098968
36818291,6,0.48985786789862085
5236855,6,0.5181455656091819
23183298,8,0.48986481345630933
30663433,6,0.7881980934936393
6680413,8,0.4756092838303502
34386667,2,0.9064139289811809
35915075,5,0.3891024438244352
34905616,6,0.4544499608532308
32185089,1,0.8082129265605873
2892746,6,0.6364146967710653
12249150,6,0.5026074165982587
11811060,6,0.33548319240795377
26843598,6,0.4994649415605511
31560065,8,0.5125222031467086
18632703,0,0.5514870578341299
25046307,8,0.5091798413061168
33699529,7,0.7749834102312718
24951563,3,0.8312237774919637
4012841,5,0.34616394772630343
38453545,8,0.3460452184936138
16446357,8,0.4483058343270109
11732805,6,0.44607100128224575
37017377,6,0.3205630293037484
31684032,7,0.3156286436397018
12758430,6,0.45938345068588315
29325967,6,0.4033622069184411
21196441,7,0.7945916880181568
2557179,6,0.7628144554294355
34136717,8,0.8501406843150721
14794234,0,0.5650461509720304
8586216,5,0.2921288052843465
10509527,0,0.9164815018420411
27230705,4,0.6415530949966165
38264887,5,0.42207091809650304
37199342,7,0.495028679766204
15783991,0,0.5205212584255496
36188632,8,0.4077101667579746
12746149,1,0.6042867323117052
113007,6,0.8170742287434293
24236852,8,0.6039683866035459
8563464,6,0.6225083745844968
14442951,3,0.4849113346432917
31497645,0,0.46830166703541004
38774805,5,0.720823001720039
29033280,6,0.3757391028625523
35303596,3,0.44744938473293083
7456638,6,0.5585010553524111
34814606,4,0.7627290782497285
30453243,1,0.36864808093650253
15676333,8,0.5885489543826522
30752535,3,0.4143254363092503
25847411,6,0.8073460931764035
39813838,1,0.7435918077452914
22276750,0,0.41422642285991085
21667547,4,0.4118612710818851
10694204,6,0.48592185696469853
14306122,3,0.5018681534729846
2593496,0,0.7840619840536199
34858888,4,0.8602698683011373
27649503,5,0.8199188635623548
28639239,6,0.5598595034900476
39804399,6,0.4425083038325298
26058595,6,0.46963504013538326
31062448,7,0.2922237840541004
37960880,7,0.5289929778734342
39842674,6,0.523197637767933
35596551,6,0.31622058217254173
26149844,6,0.49234444110181197
33934702,7,0.8094730852882283
8271139,6,0.2921838940849005
11323334,6,0.43656795843051904
15556930,5,0.39743368849856964
3292488,8,0.7367192750289767
36632776,5,0.3674601522677638
26178626,1,0.6992671521358075
19988465,6,0.40031674925541977
34134163,1,0.40634609330589005
19770628,3,0.8830076073251835
25606118,2,0.25665306552974815
28300910,7,0.32720327704217883
16901279,6,0.4935709275502335
39778606,0,0.9396734986060541
21880348,6,0.5176960618341344
13286855,6,0.576168455303394
37895568,0,0.7305458896362652
4955452,0,0.44177018176285743
20402109,5,0.6745930969255614
20267264,1,0.8555132555872318
19460527,1,0.7316466917763389
14080790,1,0.958806487218032
4615762,3,0.6742667568667784
23619989,6,0.841775759061814
33306572,6,0.6584554411060384
36469715,7,0.37461966070561903
11274297,6,0.73824405565399
28139948,6,0.6074069501199622
29933565,6,0.42297328238128973
31375656,5,0.6421421577586499
33132925,7,0.5984471439450452
38918342,4,0.324186394030084
2865538,3,0.7551227473426048
15915570,7,0.5924581478937749
31465489,3,0.4179328386760819
26256787,6,0.8632292515617593
31482286,0,0.6928834120033525
1497038,7,0.46267969855415414
1031851,0,0.8464457604486048
35358223,3,0.35251456490227884
8275573,3,0.7385093819809322
38187286,0,0.7945840079587839
34754900,3,0.8797546173769474
30934591,5,0.4802027410975211
25745729,5,0.9450410238553207
26824576,5,0.5225316051721084
19410585,7,0.5686088083866793
29689220,3,0.788041837141695
2363602,3,0.6104759491252231
27824979,3,0.7865462087266434
1716117,6,0.6281213916304509
33622099,4,0.30949311194739076
20184765,0,0.9774636387133874
14423794,0,0.3666705592305733
33400367,0,0.474031555244895
26203698,0,0.5136695032542014
38816915,7,0.6621582237577348
39053286,1,0.45712055790900347
31929854,7,0.43283933307520833
33312046,8,0.6221463862017204
6397463,6,0.34583214104299365
22107524,0,0.38909438361557463
29024136,1,0.502570743764871
21800753,7,0.735448144137397
32384782,8,0.46736719028446877
36071578,8,0.5475590247920248
9320463,6,0.36809648137006656
10167463,6,0.35158179008423923
1440323,6,0.8694310749976424
12566065,6,0.8291405164151243
22899109,2,0.8688543601703227
22966531,6,0.5497949876490699
5964645,0,0.887419709678532
22732384,6,0.7459835534493056
24542123,0,0.6791175246112029
6215311,6,0.7584988158069264
21136591,6,0.40419820878122037
27736588,6,0.5941244039480111
19765214,2,0.32655768870346347
22770640,6,0.5025529840297093
34709457,8,0.500882558131251
38776350,0,0.5851663331039761
34884432,1,0.3764061840320794
9361786,3,0.6441112626884459
29314424,4,0.7888150828381546
10253450,6,0.3813084231186049
18003178,7,0.6757314996340749
16905645,1,0.889246764225129
25462467,6,0.47757889013025334
1111317,4,0.6246465480633473
5399853,2,0.40526767026420063
30762378,6,0.46773274998463843
39666459,1,0.8207470192419003
7175376,7,0.6296647587566166
13219546,8,0.32105555398061747
17278597,6,0.9511447160569164
18996444,7,0.3833719699453237
22177950,7,0.8557227865795207
39148579,8,0.2659347220704822
20601480,0,0.7164496867141619
18755043,3,0.7960307362702146
31832319,7,0.45032524938994645
35066809,7,0.42719881621549877
34104452,0,0.9999999999772209
21645318,5,0.24513844146720187
23640272,1,0.6652839667687264
16781444,8,0.42100169638226337
10757063,2,0.6266178493664146
11931530,1,0.7474389598190082
36036605,6,0.42538839910963455
21921812,3,0.3967378729867606
31211521,5,0.6859801466739884
32920532,7,0.6648006119998431
10875937,5,0.3325815596494614
32049437,7,0.4598246669388847
3523174,6,0.4916486886986736
13513627,6,0.7432309960973341
34212390,1,0.5526901650325369
10540929,5,0.8452018664122826
30952385,5,0.6256558034411085
26482397,0,0.5001966018835335
34846651,0,0.717781729475378
13167907,7,0.6504488314479807
37236666,5,0.8992928966849704
16802902,0,0.3893128959027837
37369727,6,0.9037831165717012
6971819,0,0.7738446778276068
31445048,6,0.4701986946854736
13608636,2,0.32082803113110414
33337926,8,0.7269048187724716
32981567,6,0.5613127119592862
36852532,0,0.32148790456076426
22697210,6,0.5870172378041907
32958393,3,0.36204872216767237
21642959,5,0.6066310464599524
32553356,8,0.6473431290232597
38369629,5,0.6471252172080133
34339218,4,0.6075336917268689
906509,6,0.9319256852860079
4812555,5,0.4775257069615065
31210786,0,0.64633903293464
10260350,6,0.5552727122835719
32970684,3,0.632128575974301
26269366,6,0.9675439762823704
7288686,3,0.7012147552421687
12652905,8,0.6617136182565428
6220274,6,0.8497904268735889
36599346,4,0.8903217195972815
8745130,0,0.5859440670693699
18196251,1,0.5874817867945389
7855534,6,0.4229653775170092
32813386,8,0.7668669000610041
32410981,3,0.5130974777567675
25107031,0,0.45678180986117234
33614932,7,0.5537278992422544
35947363,6,0.608806712079415
30696978,4,0.9993835640789615
35973615,0,0.7662890084298887
37863967,5,0.6690219653580783
28517258,6,0.565175536745158
6675556,6,0.8266028742550853
36965951,0,0.4299259985362965
20720287,7,0.337124083892639
24757551,6,0.4409986586406795
17185238,6,0.7717947736494509
32469591,0,0.9901619255057428
14321515,2,0.5380326902494952
30760451,7,0.4594716647403074
11302648,5,0.2902299924817983
26921020,7,0.5236485933823576
37515461,5,0.6146415973555027
15870647,3,0.6534970528301716
22925285,0,0.9211703384484946
35835966,0,0.2852276181300011
17636160,3,0.38597525334258553
13658447,0,0.5182346768682227
30317740,6,0.2996134760689352
2507726,8,0.32563549954166204
24918930,6,0.47713324525935347
39689099,0,0.8402512962214063
4710094,0,0.5704054147966527
24493563,6,0.5551915562975298
29708456,0,0.4527744174727395
25647871,0,0.8877817067492432
25360450,1,0.9617278097758041
20454118,6,0.5460307447940737
16185400,0,0.3867419986028149
11539632,3,0.9722930594011651
24963054,0,0.6074896000197997
3109951,3,0.3971996732028349
7299344,7,0.27561314898342726
3589214,0,0.7630062669854899
14824822,5,0.7358168717272351
11597345,6,0.7983510661822851
12448592,4,0.4466435493719788
38911202,2,0.6035572162794541
33939486,5,0.5938450363973948
26661420,6,0.4449311105466886
38620892,6,0.33345151522417055
22788135,7,0.4436017745077951
33200590,0,0.4523211710700288
39842332,0,0.4391148545321907
38810448,3,0.4204652685317021
17960311,6,0.3861293370296078
33330276,6,0.4886870530822152
26114518,6,0.7306279342798954
32360641,4,0.678818863964847
24592132,6,0.2552919760503131
37309031,6,0.845008297662804
39285004,5,0.42008727498226267
36004227,7,0.49495432795886224
3493061,6,0.4916580449067999
39059631,4,0.5717079468906192
38895282,8,0.3953415653918032
39643601,4,0.8213186442116568
34994814,8,0.5674812648244135
20804629,8,0.4931340165315428
20454066,5,0.7540187249303048
17092138,0,0.5572982521214512
37049021,7,0.6836997999628059
21326245,8,0.33768545821464413
9359234,0,0.41354370042439115
22824829,5,0.7373514775735455
35691265,0,0.46572703085139056
30541311,0,0.7348164331147867
33427357,7,0.37590847542316524
13492764,8,0.5154439660189312
6769068,0,0.5589757336173152
21814379,1,0.4343575979964193
43315,6,0.6872139226050596
35167805,0,0.4801969184489355
39065074,0,0.26300109146951167
31577488,3,0.6559568099671705
26637692,1,0.8802365399214127
28250315,3,0.7235869759551838
20720327,0,0.7688827051287566
39548189,5,0.4770330365980761
25046076,5,0.7158808208060908
26283045,6,0.5495531326274283
33764488,1,0.8210260969693451
26479090,6,0.38342563015016784
33875497,3,0.8185822733940397
15374261,4,0.48040613777579794
1733004,6,0.4113441754133592
1516795,2,0.8786821381677128
26290431,3,0.879632771993662
16453067,6,0.3880621121782607
34506575,7,0.6292446333681482
16833449,3,0.41309788714457657
5575335,0,0.48682077886775116
21782642,4,0.832031317193119
24050168,6,0.8724014529378193
29227383,2,0.9796570582415797
36144060,2,0.43850335906168286
6281744,1,0.583362820728759
27248226,3,0.5158245953285515
9162030,0,0.9999999999749497
35169828,6,0.7375525030022224
6273634,5,0.32976901313541923
16503394,2,0.48158913613786586
21750126,3,0.4733970392804724
36496860,6,0.5100923267647071
32132540,3,0.32088718728105475
23857386,7,0.44171595743960035
36733181,8,0.38142938720402825
13205133,6,0.7743308405493866
6655991,7,0.5103650639399689
28184919,3,0.9361257093894062
13282143,6,0.930158692868383
15519615,0,0.339695436957928
15786685,2,0.31744290266641884
37545479,8,0.686839712444294
39059225,7,0.6777527684563064
25122152,4,0.40098799395905466
35684275,6,0.5404980317321267
33191513,3,0.399629036415288
39671392,3,0.41704532904034325
29236584,0,0.29183596182171834
17527785,7,0.841902954085199
19530017,0,0.4568758705241962
26466328,7,0.8364382913573989
22384473,2,0.40922069335147937
8898352,1,0.46831841488651693
30535230,6,0.8929322237017217
19717236,7,0.8085184408734986
33851179,3,0.8137599704852605
37141213,3,0.8518383966916836
31812703,7,0.2888492833354688
29199766,8,0.5771330186345217
16542846,1,0.4205808459584893
27473156,7,0.6506273837446667
39169563,6,0.6004746374388091
38071986,6,0.4417875813375287
21857523,7,0.597029972049297
25597837,0,0.5716663832894068
35118386,3,0.5506567222633725
26312400,6,0.5897982955811905
31868996,6,0.27618776731917694
34217288,0,0.3807123506796819
28398105,2,0.9096836367109226
27228704,1,0.5499608479124583
24923226,1,0.7333697274961966
21685019,5,0.5494617336762324
3048902,3,0.4994138135099457
16387509,6,0.5024003510717058
23113840,3,0.45029680094413255
37767026,5,0.9320082507529167
31578300,6,0.6558324359704888
13608416,5,0.5315066967482021
33462154,6,0.7495359706276794
39031168,8,0.6738715059359027
25928806,4,0.5979451192075664
32305345,2,0.8105932010266514
35527313,8,0.8222336513670484
24574385,3,0.3917238269732889
13917041,0,0.3187134424702841
14250664,7,0.36949730391678487
16404230,1,0.4429144307074673
10060174,5,0.7812385741631879
6198009,6,0.8762563034946719
8190750,8,0.2414745974442871
32929927,4,0.9091900383698954
14531332,7,0.4144369707851029
9517536,2,0.5779082292645656
39897553,6,0.48719489103295327
32229882,5,0.3234735727425598
28516980,7,0.6484998317720577
2393238,0,0.46591012104736146
20132822,8,0.44253500335501955
28144052,1,0.6239566095016938
35709901,6,0.7465860841773369
16827622,4,0.4872828146524124
34494209,0,0.282138220670519
6632197,0,0.3855327263618289
31653179,3,0.8218094557861679
6083090,6,0.35332078304127656
22108576,1,0.7256068493937468
19116880,7,0.3898864773305132
3376666,4,0.4359076562978531
39501774,3,0.7522885141438452
34641019,6,0.6529890197477677
8844771,6,0.5779888873561668
35214490,0,0.7921449058878975
5466971,8,0.47651086383903185
29884168,0,0.7552995333468642
36044604,1,0.25408023838983895
26725227,7,0.3479683160379073
35332251,6,0.33694470041247654
32528940,3,0.3689691484777799
34440211,0,0.8057689514599925
8977679,6,0.6996188716552537
13628710,6,0.3060806055995883
9839735,3,0.333076332426031
3384094,7,0.4256088266639309
13333212,6,0.6414097332864864
23171959,6,0.2788796144890154
2490335,6,0.4387238477838305
13651952,2,0.4936656679651329
32886927,7,0.3120210747299957
6988779,3,0.7069136963457074
22902640,3,0.8775985002664891
30315217,3,0.6453361682889384
2992458,6,0.747271161390519
9407771,3,0.5188674662486574
27191621,1,0.7546218461744268
36322133,6,0.33252472111577436
13975845,8,0.7600332478685388
20128592,8,0.4255352672857725
26450021,4,0.4087725635923265
7372316,5,0.999999999988663
9853227,8,0.7157291754370627
22609760,6,0.551752009809711
11908017,3,0.318941380304489
30810028,7,0.5384103034825949
22992073,6,0.27962564287809705
28798788,0,0.49834558035466825
4020027,6,0.5023239294053614
28462413,1,0.7803930207137421
27436584,6,0.7272937955768776
19185764,8,0.69836028930441
34396151,3,0.43877818535085994
13977970,6,0.5779635896237652
31349924,8,0.7500293370778084
27866164,6,0.7170713896724351
16520441,7,0.558617955936608
40090710,4,0.39418876405806713
11974442,6,0.5216877244500051
17665330,6,0.9798821327238566
14735777,3,0.23795272614008894
32808383,0,0.41776640587556735
29127126,1,0.3754491467784358
4547096,6,0.8721513247291655
22533368,6,0.3642372018236
30656857,0,0.7257153897990554
39146371,1,0.7956169575151637
37229649,1,0.597909215054184
9186138,8,0.3571294142090747
37557880,1,0.36966491161430093
24801359,6,0.4324843242211575
4414082,3,0.44828676197214185
24878083,3,0.8090803703630125
1412169,6,0.5595290030294808
17749629,0,0.609546307763119
15100566,2,0.20362910049387697
18924417,3,0.7314263447142519
29612228,7,0.39545802647969686
19485445,0,0.894999242283643
12072181,6,0.6353364134412329
15302569,3,0.642464617820105
10668585,4,0.5256917276303124
33907328,2,0.3616832042433706
39898887,0,0.3135150413145809
2527173,6,0.691267191684247
14322078,6,0.2727958502352283
28325622,8,0.7204161947418279
29588645,1,0.6472192231210473
38818400,3,0.38665692242221394
35654493,8,0.275950037905445
34868885,3,0.3876066816784786
31566219,1,0.28716295640523193
10772503,7,0.4960806949439252
30267236,6,0.538737271468308
30781432,3,0.4575384891606533
29576655,7,0.904815268745407
11282924,6,0.3441108381911172
35527720,3,0.5300912352834292
39383914,0,0.37830826018976826
19605652,5,0.5760013300727008
16457159,6,0.5963308375417162
21164262,6,0.41164764063558446
31549024,6,0.47426365829082423
27622834,5,0.49727711477401954
28670800,5,0.6741307328088774
9656390,7,0.34692870759576827
34932354,6,0.4159709756785474
31553534,0,0.2902757770575733
12803566,0,0.6311506943582279
35611901,0,0.39285329183432716
4232433,0,0.6959380973455922
15837810,5,0.5779514446559305
10902340,8,0.469982014500802
15791330,2,0.8419921799347704
12939975,1,0.6477653398572175
37906775,6,0.41171232068181207
27189980,5,0.830683825837728
33571976,7,0.22848560280001887
35517702,5,0.36880776229805734
35609196,1,0.8243696318147481
17975165,7,0.3995170239694392
7548328,6,0.5768325046190607
22130697,7,0.3187095848542819
26576778,0,0.36559111141623785
28100042,7,0.8488316843132551
23295811,7,0.9469776417003889
26088745,8,0.45343220733341016
7679970,7,0.38358927405514714
4411370,0,0.3663649031409566
28256067,0,0.5387633221047371
22014672,0,0.37271776376528754
39172450,6,0.4201653950485563
26482791,6,0.390137501426509
39106666,0,0.5783873503896559
29711547,2,0.7016454754733537
12725024,1,0.6632985277666614
39234553,5,0.7543127970680417
20180297,6,0.425849570561062
29286038,6,0.4220966140815979
22793116,7,0.4018260586578557
15688744,0,0.37405548287397655
4756155,5,0.3138921539902892
32894611,8,0.7467605396540968
10792008,8,0.5640288934763791
30430014,7,0.7222757356407734
12693278,0,0.5256225745608036
14330705,0,0.20772694193271637
19748971,3,0.7344614617900348
33314082,8,0.3648812886971408
12887398,0,0.8432843131483047
12131739,8,0.3583622055086664
36212811,0,0.4843676671067998
31522887,4,0.3015615359960782
13650623,6,0.8039477359190265
3969777,6,0.7454522295109576
37532410,5,0.4391580324139492
4279560,6,0.42363719248788856
38987582,6,0.7748199153906138
38936854,4,0.8716160238682829
11545577,1,0.4937175272940245
26626360,0,0.30416007386049515
39457468,5,0.48442863771085165
2916955,3,0.35597639465451886
354124,6,0.5680498953044751
34916552,6,0.46886450015156894
17466847,3,0.480308554563465
8127524,8,0.43551548306122667
27712919,2,0.3639085802539273
19613239,6,0.3536222252396318
4672300,7,0.6534945060647884
9959653,0,0.527505882634421
24673436,3,0.43988181009317506
19626561,2,0.44805510395847653
19721334,3,0.7934727957862128
14949817,7,0.52089601623512
21377305,0,0.3633777322682046
5174328,8,0.3689097979318151
18972044,0,0.6389685035665152
35975220,2,0.4358982855825843
33827279,3,0.44094866567927227
9773350,7,0.3746615706174247
23193633,2,0.3705594248308799
17985197,0,0.927738413492854
34142373,7,0.7573326384335428
15386414,5,0.675132294619951
37372739,7,0.4619217605227056
24149741,6,0.46721105002676266
27397990,7,0.8610962893341988
7084194,6,0.37183730368948803
30765738,2,0.5709908458540093
9779946,5,0.5332022696148728
38703468,7,0.35315548125689916
30271118,6,0.6225488281154952
12595394,7,0.6584884251317314
21823855,8,0.5146354962597698
11039063,4,0.31533017694833904
38123049,4,0.5099693048526582
39333854,8,0.6607910922938113
16517043,2,0.5252578457439326
28512271,5,0.6540261337832666
31074223,6,0.4928827909661296
36825740,7,0.7267304358244101
27372639,5,0.23962150243028746
35143956,7,0.3882887458607988
29897712,8,0.5706518060402382
8790038,1,0.5454127925545846
7165381,6,0.8132079698558516
37406445,8,0.5864908215029957
38330416,4,0.42744498330392977
38468364,5,0.9679781167036667
34702300,6,0.35603448138472493
22670505,5,0.4142482929349618
5141559,1,0.5322496641604415
39554637,6,0.36320932027208463
14290645,0,0.6477320872353454
25277807,3,0.29693654429632466
38122696,6,0.4380989932275367
26326421,5,0.4181273712554294
26609475,6,0.2983786475052787
33880999,8,0.47752159519393117
20613315,2,0.609576857928741
18418838,6,0.5777015824205322
6422148,6,0.8316182440103921
36659453,6,0.5015466601639005
23601664,7,0.24008074216542302
2251505,3,0.4702624107773174
31980648,6,0.31445152269182286
6558765,6,0.9253899788465526
3354313,0,0.507467024779932
9528421,0,0.45893997586356194
13083765,0,0.7943154173205861
37020897,3,0.31528337823948727
34268705,5,0.6456951354841844
21714703,3,0.9121338464671799
32426522,8,0.5356381060509846
13155633,6,0.7553834436681536
6912241,8,0.3451516327428643
11148471,7,0.4857179880360264
32976987,4,0.76131030191813
39993739,8,0.5159465202713757
7098435,0,0.5399936863917009
15888161,2,0.5599438097905288
28976912,6,0.9582953472140283
3481863,0,0.3246534638335253
36452127,7,0.8574319187745247
28486709,4,0.3253778656867299
14894456,7,0.3247276358628536
31348737,4,0.6133084523370365
32705353,6,0.39586863656710786
32301522,3,0.5561017688336328
29496025,4,0.6383020582427298
29595429,2,0.4411314641454879
19262197,5,0.5367283080177645
11888155,6,0.5227663812955192
26803882,0,0.8084978908493863
11926620,5,0.4527316648360231
25706532,5,0.37369639330904675
10026207,7,0.23226941736622017
5911439,5,0.6315050359185528
4090997,8,0.8037289727952103
37989569,2,0.36774663318949263
27550458,2,0.5900762630927616
22023977,5,0.47714800744517855
4693740,6,0.5208053383224914
38671718,6,0.42293753921594207
31171665,7,0.9395214453777531
3559477,6,0.4084788240884046
35614041,0,0.5059676060778232
14419402,3,0.3510927679003634
34725169,6,0.37800817740083487
37467146,4,0.8335706599944221
16780109,3,0.8328439011492627
35485126,2,0.42340558987771376
30937042,3,0.41730700282756467
27594837,2,0.47581600316357997
9132205,3,0.6006806578623736
10417000,6,0.31348977865142086
19010740,6,0.4234474399156371
905403,7,0.45403191377495855
16092012,7,0.3820977017258858
28446422,3,0.7505334655663206
1559709,6,0.6836560341762832
12321915,1,0.5741818950753839
19508393,1,0.328870663471945
29735743,5,0.7803765434249774
34608916,5,0.4752808399601504
8325142,6,0.7401525561745191
23647020,5,0.4597542228973973
14325022,6,0.30645626872136217
22556895,2,0.6328509486107696
29055213,8,0.32165194937144403
38125475,1,0.2884363146514644
33130635,6,0.4614927580796265
11614965,8,0.6013796459481981
37249091,6,0.47772262165148804
14085317,6,0.6302246894007895
7648878,0,0.9999999999739919
35836382,1,0.3744495773069187
39228928,6,0.5444898976483107
21862777,5,0.8936522095459632
31169309,8,0.6822954031152272
19867476,6,0.5310992418277606
17972552,7,0.3815547500836993
39981846,7,0.4136487326828265
4179804,1,0.5064152922441353
21315663,6,0.4508582655970918
5355120,6,0.824040448138615
641985,8,0.637081445258917
3745221,1,0.40433037015078144
38671630,1,0.6278518024612445
10713142,7,0.4666693430552989
25619807,1,0.6220713985358663
25214505,3,0.6391786891222396
24726452,5,0.8082875227046602
5662549,7,0.6270759452449638
2635964,0,0.7596605497328758
27760888,0,0.965883525875425
26463020,8,0.4567076874802055
24473063,6,0.38244047110559587
32540200,0,0.3714806692077196
20396497,5,0.7118431889515782
11544800,3,0.7705444256674846
24506502,6,0.5016066799821416
3690715,2,0.682896381268801
1583595,2,0.35104947804255954
32727096,0,0.3527257310510787
32126091,0,0.4796347548317177
8942575,7,0.3976413893424236
6581190,6,0.47908509152224343
34167056,3,0.36842812999518565
35120528,3,0.44014175053685617
7961290,6,0.49108836568861525
14591435,4,0.372966005668472
4783257,6,0.4541898998807575
37275033,6,0.901635779137442
14722933,3,0.5657829093247021
24664250,6,0.5048554532357201
12783492,6,0.5639127227160491
24151591,0,0.7341312642087822
34608649,3,0.37577229697588477
31040076,6,0.4265825045156783
12097761,6,0.5902877815280416
35848787,3,0.8078425263171751
15034594,4,0.8391722618793751
179287,8,0.4538934210735329
9800895,6,0.44685390694713517
249388,6,0.5158853424210985
22457988,6,0.7363258842507333
7079224,1,0.5103307281722287
30705089,8,0.6158380841780567
11801549,0,0.5964871183735498
14903791,6,0.55775631835913
35051573,3,0.6821236493363679
2864451,4,0.4016516717483282
17770727,8,0.475137661671394
9858860,5,0.8248116301072774
11605832,1,0.4296895599318605
26349302,0,0.7516391760411842
27261996,6,0.3881184025531141
23565062,6,0.6551474767228058
39901240,0,0.7613169029735635
10261045,3,0.4469898184823694
25977022,7,0.4971179589504912
14314343,6,0.4650506415603971
35399897,6,0.3305196682634634
35817605,7,0.7031899484367752
36241635,5,0.4223487833916635
19544995,0,0.5730005953320293
30416948,3,0.563482636004992
3160551,6,0.5998039071687024
27520135,1,0.31338345161622994
27321536,0,0.5197002884947589
37456421,4,0.39814017472395746
29887174,0,0.4342369527966182
32236559,1,0.6484193056456476
29722704,4,0.6307891259967021
38617546,8,0.4702166410673761
12355190,4,0.3810927103309359
15406926,3,0.5971823859938644
33925999,8,0.5655348328572997
20351997,4,0.5618338254148432
33097709,8,0.40368257515524847
9231444,0,0.705999101296051
7971618,0,0.8124055954006948
20974727,0,0.4177136704640998
31027905,4,0.6562422954084738
29554266,1,0.5528526665307587
21803468,0,0.44526769366383706
36508811,2,0.7908242074849695
27662707,8,0.3489400644516087
13078183,0,0.39257807852098653
34487117,6,0.36958956638906854
1966715,6,0.33980381016550865
5126021,7,0.8212325044981972
17920102,8,0.29452176184047696
35063331,5,0.7862725184128225
8933716,3,0.42703402704824656
39006733,6,0.43039237159829463
34385606,6,0.7069346290328029
32144383,6,0.39550537377997386
8082803,3,0.6340193291333787
7001917,7,0.4987473014773589
21839468,1,0.46243234200995
36045006,3,0.5491364105730893
27971782,5,0.3229406810497608
36220869,7,0.4919597070060528
24133613,6,0.3649787258990974
37055549,0,0.6412665700245952
32575992,3,0.4695542464088203
34030609,6,0.2546432781031089
29767310,6,0.4694011870701229
23839982,6,0.4596086761101771
2155042,6,0.9999999999837562
23979071,8,0.7217836060821228
10865212,7,0.5941448009539839
37820146,1,0.8172932582784503
24947003,3,0.7896258149232006
27681108,5,0.7170185138484084
23426483,6,0.36251601074654
36921501,8,0.5140131827552031
32318643,3,0.4997608202134127
30867037,8,0.6153327728735121
36806922,7,0.40278513942646965
17709686,0,0.9999999999770554
9847253,6,0.31847664610995996
33288344,6,0.5422192973292382
35096711,7,0.775281029533236
28467158,0,0.780097745833937
29829422,5,0.900418938016333
39018055,0,0.3714398163860848
14909110,6,0.37430015139490613
31619005,6,0.7390613990487863
33816586,8,0.597622706906841
22082025,6,0.8241578505093862
36061649,6,0.7898672353202518
12059792,7,0.2892545382034226
36365467,2,0.5842045895738456
13567833,0,0.8074333108534625
20691976,0,0.7277054659407022
39098761,1,0.40709594176895464
22186968,2,0.39759777584089084
36797112,6,0.6474674999443041
36362624,5,0.8400384377361598
36773492,7,0.682541766152115
23531411,8,0.7091553011591921
25663939,0,0.3324083348712548
14361136,1,0.5118342595076705
22970854,5,0.4813878736381832
14724304,8,0.4056036616167813
13245470,0,0.7991289188661391
10739978,5,0.6661456291510551
32483772,5,0.7981216109685432
23299583,1,0.6550523911247162
40011877,6,0.35409676147788194
35484238,8,0.5958917292575959
24083935,0,0.7428176162087576
27845489,6,0.3859017291082186
30866980,4,0.7262831913712369
13856644,3,0.6319480294493165
15238101,0,0.9999999999726104
35724916,3,0.8302728872728847
30356619,6,0.5694705367874067
16825850,0,0.3808102903159852
30045086,4,0.8753545162092068
31816411,0,0.34484405180344363
2213325,0,0.668343930655255
25253817,2,0.9357541892224143
20223962,0,0.36640374832917527
39906830,6,0.5299937763617086
17814314,5,0.7127216489451527
9210976,6,0.636703107161257
39363200,7,0.4300637323182811
11186853,6,0.6847537178465417
32989483,6,0.4267008723409155
19821137,6,0.5874390155655872
12492536,6,0.5542580910312983
33658384,0,0.9795698138507798
27254078,7,0.37339010443081544
38285881,0,0.29140270396862533
20395463,7,0.6460146473230773
39213597,4,0.5133528188516043
34167176,7,0.6840783184362458
2095848,6,0.7137775627501718
27473539,7,0.49153411811302294
14390624,3,0.485776519875022
25073575,4,0.6077653806268384
30371147,1,0.6960191855749936
19182001,6,0.292382740927548
33837290,3,0.4680225426915581
24275542,8,0.37777254377030267
7417128,8,0.9793176459699323
8230638,5,0.7211168108712188
39084687,8,0.4967893095526215
26368194,5,0.6394539538941303
36808611,3,0.8804792126520078
29604198,2,0.3399015956225998
27726270,3,0.6237532214217352
15753632,1,0.37924506541936326
126787,6,0.8759461940051566
15499397,8,0.810139396054917
32824368,6,0.28140330054288853
8895925,1,0.4390786344698307
28646293,0,0.35014051106972394
28166623,7,0.9099175238822171
40062388,3,0.7677404446161807
29483604,8,0.6433271711816332
31753520,8,0.8358923955304005
34592040,3,0.6512889872221704
27952819,0,0.38708235146566633
20078700,5,0.7517665433156393
31173379,4,0.7369578795693937
5737728,6,0.5329846696985693
25797213,0,0.6084411253476942
28397949,0,0.5281733678577947
27436748,0,0.7234665074631349
11492864,7,0.31811281582235
31656198,8,0.7101987146933334
24139304,6,0.4365213660790433
8283359,6,0.9428773720978261
38935623,6,0.7638282751370471
28887383,3,0.4701295361203522
14974222,0,0.5495567306559239
11869383,7,0.3365418557802575
24309121,6,0.6492093345026931
36851140,3,0.46142815421047917
19727066,6,0.4291281022726748
16775694,8,0.4207245489694002
22675968,8,0.6009212980793913
33682284,8,0.596925019164048
30902317,0,0.6085067832966621
31211345,0,0.6617792230321708
37119448,7,0.7388040440969634
20487045,5,0.4279311934343906
26412193,4,0.5428184064913281
39320437,1,0.6988147734829948
24147099,7,0.4927562548733146
38095478,1,0.44148653838284285
24180766,6,0.643140221136912
9539477,6,0.546623420563274
31902356,0,0.4024672303393908
25956746,0,0.9864280812958017
5188792,0,0.782725532786124
19722580,4,0.5240536095889774
22031653,6,0.42838390177863084
35882408,0,0.9999999999664116
20394751,6,0.32478932491657647
39577484,6,0.44123385486820255
30036941,0,0.4340395747186892
26926742,7,0.7283971587324128
9517388,6,0.450048425383914
17469461,7,0.5127297113949013
13479513,0,0.4316150423215331
31328807,6,0.4438053411863222
34078201,8,0.5151796802768434
5742828,3,0.5634771730700823
35732465,3,0.8822245788771136
40009500,6,0.2675351381440247
22838527,6,0.6610174534297679
14897756,6,0.5937967753894933
37436362,7,0.4686677486353855
1968343,2,0.3143681283902529
25773551,3,0.22140692952465824
1393849,3,0.709289964645393
10988199,2,0.3859127470515391
20193606,3,0.5720770693238184
15862367,0,0.44717805346861056
30546334,3,0.46923593869852226
5069606,2,0.5479477187677662
35761306,1,0.333618349327861
17428657,0,0.5987538066952915
22869156,4,0.9398808480048587
4241871,6,0.45036624499649636
7323782,0,0.7532042141848998
27276508,0,0.6645248403344025
3747679,6,0.6878095919204839
13935929,6,0.8106684962494863
34895668,6,0.59143007184787
1739913,0,0.6771721685250072
5707495,3,0.6010711748409913
18864810,5,0.6501784867839184
2028207,6,0.6488038687269386
25024919,6,0.5734647239884938
28107084,6,0.8263005263298275
24407834,6,0.4391985393728587
2350249,3,0.6369513088801383
27971159,6,0.538275671044867
23293612,5,0.557005031498966
20719852,8,0.5501632958706014
16960070,0,0.6702980590681001
35930398,7,0.47200255728390106
23372291,8,0.3861369416141798
24235241,6,0.4145754099278591
12703842,8,0.6303085565940773
38558221,5,0.4948086063621311
18007862,8,0.8349818595329089
35181118,2,0.9962906802285736
11450158,6,0.6438461537982475
38629338,6,0.6499679776232732
11895065,0,0.2952074896316358
29457904,1,0.5428534555558395
28206120,5,0.9999999999887356
36647736,8,0.37280908481198033
22862628,1,0.6658727486379005
22794533,5,0.6474003976746341
39478510,2,0.4389658979315652
34652915,3,0.544657400294015
39962416,6,0.545518869368007
32899621,5,0.23456687914019708
5342698,6,0.3296214186455328
29824217,8,0.3576068201609524
7529287,8,0.4786554850935622
2414917,6,0.3276609253604745
15630710,2,0.6386010266795399
35420427,1,0.7369557650271347
28149853,2,0.8275076792306273
30081982,4,0.2692649105202597
38083670,3,0.3258095540424951
19768957,6,0.4528645537254882
20389291,6,0.49466409937775846
14825899,0,0.42195971156743156
39383122,6,0.7794474262235108
4031288,6,0.44203584639737603
39822733,5,0.37774111241318914
35211704,4,0.7175229026039067
27657879,6,0.42851350016204837
14712004,8,0.31989743016397276
18708095,3,0.43016690589709333
39035233,6,0.5242522523521611
3979962,7,0.3748343962328272
15511400,6,0.5808277298899461
19224527,1,0.6336514528428824
20197045,3,0.7127062094053962
26766587,0,0.9785548198270189
37528183,2,0.6434183554713627
29242055,1,0.6000978631271595
36013063,5,0.7609831860186619
6575599,3,0.8561525814623528
23663343,6,0.9101436525398221
21935641,2,0.6066095176899771
12656611,3,0.302806558147263
7888900,0,0.4141417737587895
16003682,6,0.3284820656467339
28975275,5,0.3501551681535022
1970185,7,0.5444195154982174
9034624,6,0.3985121827796009
33966973,0,0.9999999999817214
36523574,1,0.7223117605089776
33018873,5,0.7257326501511026
31143376,6,0.5594444697042101
32622238,1,0.47226792957116626
20252939,0,0.6477449348907142
35343440,6,0.6399594384935537
5329510,0,0.4086962067343247
17074330,3,0.42051114146125473
19649370,2,0.5987438586178612
12627118,0,0.29583241935376414
15677296,0,0.5550032813568145
14241729,6,0.9289223335773881
12987206,6,0.7586323960441896
6580635,7,0.5294076793431505
17760166,5,0.6682486646028837
22332674,3,0.9288401369148765
32965667,6,0.7144926028368751
34853386,5,0.7486061328628236
28978838,8,0.40248190756514296
12034915,8,0.4592854818040205
22443378,0,0.9999999999800114
2090564,0,0.4176543440170089
29980209,7,0.797231113064927
17657103,1,0.715557782674417
21140630,4,0.9803139636681435
2191581,0,0.5901406122942072
36765122,5,0.8187615622460057
30910844,1,0.44191177063100134
10645189,0,0.8450170621300207
34647434,5,0.7226421866786065
26451667,8,0.8412074302935497
39749807,5,0.758230121087111
23069908,0,0.5300299630303045
37600041,4,0.7024363735990755
37287980,5,0.9191543529681494
38459380,6,0.4893502145267726
23039705,3,0.6030332157598273
39703021,7,0.7527325419031928
9882479,6,0.36758380216322356
38108887,1,0.7249883540954923
22750555,6,0.5304480220475107
35000636,6,0.5416034610406358
16708376,0,0.5366972577152597
38498960,4,0.6127404532183681
34001838,1,0.5492227947503058
31077906,5,0.5779427192833113
37541311,4,0.22401487061548
5621166,6,0.22019220477751292
14536384,0,0.4203816224250245
32678280,7,0.35374376482068237
12650429,6,0.2864881213641208
35942242,6,0.6833910095606065
28428882,6,0.47988516921580787
628903,6,0.7347497913496056
36805833,0,0.3425798321106645
11770793,8,0.3189753010945382
34390498,7,0.5145729326402478
19377437,3,0.5416546216172564
29959940,6,0.6181364518339569
39294036,3,0.852774973974921
32093597,6,0.7988521005272887
4226105,7,0.3625714232948143
14765351,1,0.5902165448294491
1561831,8,0.6607674591815368
37564503,6,0.401635612156634
36614795,6,0.38343591811717836
1924043,4,0.4902277492670544
1024411,0,0.44447345141125444
33350634,3,0.32767468232789115
25508080,7,0.2968266571459115
20524673,7,0.5425390848935842
30942126,8,0.37675503492860124
8918026,6,0.9328284818311648
16192346,1,0.539677138130446
33143511,6,0.572319585970876
37229106,4,0.7980499298292394
37570768,2,0.6029342614916386
15269184,5,0.6448958127708536
6402311,6,0.623650335917797
18608001,1,0.5825519005393821
25612539,7,0.7568663345590937
31145209,6,0.6330679794907448
34007760,0,0.9439477510118323
36841157,6,0.649629152207589
13257748,8,0.6375837898946459
28777578,8,0.3161479123394455
34056194,6,0.4647788851043032
22065495,6,0.4270507966823294
29049865,3,0.3842436387093567
25832205,0,0.3878505190674096
30990389,4,0.9245815952350186
18272572,8,0.5651822638353472
35150338,3,0.7696647172310036
35923911,5,0.8402886568838347
22128769,3,0.9442435410069253
26180523,4,0.6474260947200372
28955229,1,0.49796523943242593
29157643,3,0.6343385393280406
72393,6,0.5156990075349496
32073427,6,0.565878461555327
14816081,2,0.33094365707634343
38194649,3,0.7281638023247163
11387424,7,0.477299603510417
31080295,8,0.6386632604464154
23174512,3,0.6002733800691656
23574940,2,0.7651689794566208
10279055,6,0.5188564245157221
3239307,6,0.3000456970447974
18412858,6,0.4485969737743282
27557461,8,0.4964530018959054
24967469,8,0.43322558682292367
21190179,1,0.9977181505895983
26036983,7,0.6859908287288083
20167183,7,0.5326954426335775
20037607,8,0.713970628537869
19079560,2,0.40250892872874766
18809524,8,0.6921577784160533
30649847,3,0.42853542288421276
12022082,3,0.5662693873330581
8770481,6,0.7007937819782777
24965540,2,0.6078260287750591
30964330,5,0.4354022913459532
23410458,1,0.37333058604020597
18360607,6,0.8598146133261094
38366140,0,0.7071081199471564
31075829,4,0.8077571547485886
34710277,3,0.4497203339460818
28224554,3,0.9502335582248348
12656219,0,0.48164193207458744
30954123,6,0.5518215975819644
2199413,7,0.45474610944448257
37795060,0,0.9999999999794433
9440866,3,0.7186266680675776
3592436,6,0.754611744085614
3165200,6,0.9053553679868375
27132312,3,0.32295236258110793
28743647,6,0.5472388803357169
37638046,6,0.4740070683925025
40050999,6,0.6542990830643474
18327010,6,0.6470125714818832
20304453,6,0.4147727275117268
5925385,7,0.6401427300392668
30267686,3,0.5447473367031196
29932251,0,0.6746295848521043
10199226,8,0.4842695437350993
3374365,6,0.7329480510409419
19991772,8,0.7932109465107553
10613315,7,0.6188900317740473
8204373,7,0.42318901280396104
36377550,4,0.48923122550258197
24214636,3,0.426993955129837
15352108,6,0.9012999186788243
39133505,8,0.6555496655824149
39130679,4,0.5868230110388322
28521383,8,0.5003324596602922
32918534,6,0.5657861849786503
7970070,0,0.5992653957708503
34205853,4,0.665792106663758
28868944,7,0.6084615984725036
33543475,1,0.4514942463004447
7799650,6,0.6430025217466463
30071618,5,0.3958978398753148
20968257,6,0.9999999999793238
36734463,0,0.6699816701946204
32262496,5,0.5696720256346554
19525996,0,0.38249709322959885
22486738,8,0.9097426296729951
39059337,7,0.6474811662492629
28086895,3,0.5718589670431994
20414256,7,0.40292822378074455
32789062,6,0.8529164306265186
5063699,0,0.5353415253754389
32016991,0,0.2714253351506895
4960166,1,0.8548124378202251
27054550,7,0.47725538314384813
12763711,7,0.5243849705685601
7477162,6,0.7194533765150626
6754487,8,0.482510670551995
27839157,7,0.4625701806535448
17529670,8,0.5996674626053523
37800958,5,0.5008891221944775
32696774,7,0.5917061853555405
35088343,4,0.8695824341266029
16608119,0,0.7360535422332422
20751989,4,0.3732094976774353
20262673,4,0.411885666263555
14145008,1,0.6669716834764744
32604887,3,0.4540537657541681
2694442,4,0.4983672415788227
18859705,8,0.5744661260147206
5426908,5,0.6068360717102493
14645466,3,0.8883981942286803
26998204,5,0.8664617379951822
18858348,6,0.687813914743973
25690943,7,0.4218422954101117
1661210,3,0.42323732723170765
34509830,1,0.44127785218416316
3711184,8,0.39248160914793234
33946384,6,0.39947095548720446
8291778,8,0.494142846347214
30291625,0,0.943440171055041
27450854,6,0.7383892135823109
5176968,5,0.8854016884177882
17537563,6,0.8677824331374222
6775521,6,0.395414677597122
25412954,5,0.5055528145061977
28813309,0,0.526421900370308
34364891,7,0.45845497119750683
33294625,0,0.39488573781944164
33582315,8,0.43993547280833933
11605009,0,0.8429659535082263
38308071,3,0.9562186990567125
31105606,6,0.5099377770406207
16113500,6,0.37741564950836126
38145532,4,0.5873157197494413
27997887,7,0.4208960965358784
9658459,5,0.31652299403973577
8934156,5,0.8860205825634471
3597610,5,0.42979893014816684
25590456,6,0.3412832102143665
17283194,6,0.59161945945231
15135323,4,0.7233859489494464
21587916,8,0.3157166213852238
13055718,7,0.3441394628057106
29325734,5,0.5902163560705079
21384887,6,0.38877562018048545
5509902,0,0.5505638024546026
9465047,3,0.8084011723498076
15980461,7,0.6673355772580706
21433070,0,0.6638300251504654
40044040,6,0.5377846664098
39809487,1,0.5285942536727436
28043820,1,0.7669167834996282
12037818,0,0.21722173933162803
29134954,6,0.7911156336352054
31452968,6,0.469638747493264
17817034,7,0.734872479205885
35989644,8,0.5745185575116238
11353934,8,0.5628111196777462
35863822,6,0.3300310157689948
24243597,4,0.7244431501528177
37083836,4,0.4836323823271535
21894815,7,0.6257446241899005
37449475,1,0.33677602722615047
3575165,6,0.6134660468135558
26488444,7,0.39558308243325824
27733707,8,0.43855723471533736
23817491,6,0.7523665123411828
32341368,6,0.6954736920789046
21097355,2,0.5433957766938754
5244485,3,0.5960593259334961
8661783,3,0.5447148230679658
19462148,8,0.4790791738141411
4664438,6,0.7579618928876922
32820466,4,0.8378510687559998
15050474,6,0.42968857121992077
37854256,5,0.3835990986502719
19280325,7,0.48478292504372444
37215551,2,0.6361826822226649
4830368,6,0.46509428677037373
15422858,6,0.45586387830037006
37906757,7,0.3227732621084777
10908877,3,0.3296299291207052
35784926,2,0.9206254112067026
27757279,1,0.5638009079778017
19010990,4,0.4738284084671322
3887381,8,0.6387505611037869
4986906,0,0.5808854469777756
31910741,6,0.4067866475440718
17115271,0,0.6632634785578932
26314316,6,0.8308658295532367
6047243,5,0.5977574650966707
24621860,3,0.7012045348805815
26232864,2,0.34990939265998094
36122176,6,0.6099481751893239
20718469,2,0.46237742962184286
21383960,1,0.32708762831898874
23262455,6,0.5461018112919149
11020636,6,0.30753427775106745
32444889,7,0.8105176043133978
8479736,7,0.6325911384162218
19505454,5,0.5987020201688075
38672963,0,0.7106131094051984
32753449,5,0.9750201631872482
29332501,5,0.7229239200966554
34145893,8,0.3605218388569881
22178520,0,0.5194709486559216
2351694,6,0.4636048521496028
15368582,1,0.6858706160787809
36182950,6,0.38851084406731506
37626866,0,0.3505597677202506
21948149,0,0.5584767666361924
35816195,6,0.5544053520011477
32698099,8,0.6354746813791797
13521655,7,0.34639708680400166
30510715,6,0.442980444964869
3500799,6,0.8258276409047801
23878445,3,0.39250616926787435
18009266,7,0.406668746705045
26018362,1,0.5298498987635573
16266651,8,0.8061669167886283
6024003,3,0.36618544987673357
23707530,1,0.4776233730181061
2431276,6,0.31464617868656103
25152882,6,0.358107840928896
24104406,2,0.3844238540024117
39216942,2,0.9831467683395245
10555587,2,0.8632811574525974
39187519,5,0.6807095106907106
13500897,0,0.6535567907924988
36011333,7,0.6039921768822543
36113242,3,0.8745881584609974
38522513,4,0.6788777882940621
23456641,0,0.5050576546363443
37391575,6,0.4305104265832005
25879794,4,0.5976524608968007
14254386,6,0.9084571430032674
27552026,7,0.4929590227510562
39282464,3,0.5258857392356231
23695305,6,0.7515831367479427
17187281,6,0.6082646756255581
22496015,2,0.47198130095977936
19470099,5,0.3742817881645789
20456189,0,0.7784048592457576
31975921,8,0.3282314003470677
21790304,0,0.526054450298498
32854733,6,0.3883135758414765
38008453,7,0.5094533307961909
23502867,3,0.4780186923117351
25340108,4,0.6755731416428148
10502492,3,0.8489162341047922
39311702,7,0.6171003734529529
36159202,1,0.8419529436400395
7050888,6,0.3279058863509939
6351028,7,0.32394902560454836
31156211,7,0.49581915603215715
10618955,0,0.36422926873210126
37841222,3,0.4721078606041773
11636079,8,0.5259938444894214
23599480,6,0.255010147200222
28877613,6,0.44062751768734965
36205245,8,0.35816088214333225
32451506,7,0.45291928771948226
33922929,3,0.3898034665489394
16888409,0,0.35378749243227936
12827969,5,0.5544320520657958
5158766,3,0.43412984001507426
29680083,6,0.6967821653643349
7518376,3,0.49620496004912173
8158647,5,0.8048545518105783
638048,0,0.9999999999764237
37737480,4,0.6152278568015188
22585880,6,0.4096169782942718
4436401,8,0.3913278592886937
32991392,8,0.6424469482968396
2199552,7,0.47519316288100416
6587858,3,0.5171090839137106
20082060,5,0.605361638734777
28051536,4,0.5552586455385286
19412912,3,0.4617157806048759
18135259,8,0.942407158261477
14810060,1,0.3364889176591377
13280017,0,0.5417932842501467
10960477,8,0.975542834745011
23089943,1,0.4913116477047089
34889668,0,0.645054473910598
15449371,7,0.40139188570177375
36748829,6,0.47766756330152865
1544948,5,0.4967670089617419
28315997,8,0.4568772512077431
35072533,3,0.4157431508000153
7456050,2,0.3946443204256088
7319076,1,0.5645303168743113
16422171,6,0.3732122837634001
2587530,8,0.6257541129309924
38432799,6,0.46893727764981175
1398606,2,0.7303999582550483
33973476,6,0.8564282121033228
29056092,3,0.5589676612209664
19352888,8,0.5452506194906173
14969969,2,0.4640679379232545
38293639,1,0.5197180938919598
32434112,0,0.571825663469049
8885227,6,0.7939832071134137
37747518,6,0.5314690905881813
17732695,7,0.4754910455507397
7391871,0,0.5131595600712544
39673658,7,0.45566726600303814
37323621,0,0.5934107553980311
31093989,5,0.8207849149150562
34615743,7,0.3972552721881389
12652695,7,0.7744701331845614
29987461,5,0.3229431700639523
29597667,8,0.411343837998061
13127962,6,0.8300361166932233
13887537,0,0.8512167023783855
3826236,0,0.6371779524756543
12143097,6,0.6165021781718116
38788319,0,0.3848420561131087
39508633,7,0.47068647147115517
33811662,8,0.6272702499838249
3238673,3,0.6227004644610536
20361444,5,0.3502518846997907
4719836,6,0.5570388171553289
36515344,6,0.5291605488606203
19712840,3,0.5441883097732494
15959411,5,0.6028652655294754
2643953,1,0.52214868215604
33778099,3,0.8804397935326455
13947939,2,0.909785334713477
37958897,0,0.3775105076389054
19975307,3,0.6789463574563989
32292848,1,0.8111601223634093
24218103,5,0.4228036154336435
14439477,6,0.3712970431162057
34032166,3,0.3926758748711365
34167537,5,0.41685350403645366
33963288,7,0.4607049876182707
25493591,0,0.6770976855290004
9814632,1,0.4380737004684587
27043599,3,0.8841822946954674
14368205,6,0.4059647701850914
12163158,5,0.4206697612760226
30238070,6,0.7792672791379481
36270821,7,0.6105863044280487
29359875,3,0.5425212072343907
35831241,7,0.389138736915449
14986693,5,0.6545078852045417
17749090,0,0.7103664776503884
8085422,1,0.43487805367506854
35796965,0,0.9999999999682955
30765606,1,0.5286028143019226
19405754,2,0.4776424802416223
23322674,2,0.37317471658006046
15335052,0,0.6674903716607852
23762674,0,0.5099455348726328
26460619,2,0.5492211758293803
20524567,5,0.7835494942879153
38465891,7,0.7648095891210156
25177500,7,0.6676281298104237
26943894,2,0.6283955703377485
16683549,1,0.3190206397120564
13767359,2,0.9913453031316989
5783417,0,0.31333035865118974
13771674,3,0.5847270369281992
5446372,8,0.41289127086528
34597102,6,0.41055027306467756
25583869,6,0.8814657286669533
30419756,1,0.6593144760427403
35240557,5,0.6102743120937087
31179171,8,0.5711999823364354
25490416,0,0.4367120457786865
21408407,8,0.3295507393342816
38743262,1,0.6972118376488566
30065323,0,0.3221942570880324
20207328,6,0.6134491282263591
27815829,1,0.42914149527928924
33902095,0,0.9864979603888658
20861546,1,0.824745009887592
38056305,0,0.7017109393949073
11155367,0,0.25763033573579314
33189458,1,0.5293264173500326
6497882,2,0.6098130536333582
12157283,7,0.6252811722685865
31237651,1,0.9057127361081517
29708135,8,0.460268862700667
40012445,8,0.6397115657013266
14852948,7,0.5024200717980358
4832868,8,0.35778844550289285
25250684,3,0.7605192047269049
8119308,1,0.5781524565926995
12842717,5,0.6501767476814397
19407325,0,0.9129929083609573
10888969,5,0.3972605924457061
32411915,0,0.9495247822738296
9557004,6,0.4558672938806822
36515900,8,0.41531091639784706
24718439,3,0.6022064501550941
36310558,7,0.49935053963209786
15597738,1,0.43683099685202653
28805501,8,0.41315494936392577
34955796,0,0.5938521539288145
9150473,6,0.8484661144652805
5338228,6,0.5920114988868297
2295461,0,0.7316213670832558
24683429,6,0.5485644505189646
3479982,2,0.5198719522065482
37640912,7,0.5872221362707356
11020257,0,0.3780270040887364
27047367,3,0.64281853409389
1629611,0,0.462928819107624
6321863,1,0.6500425632823345
25338817,8,0.35738450390649334
36026740,5,0.36008257443247005
27532746,8,0.4694366295951269
27899922,0,0.41277727001509595
20750051,0,0.5511414684512235
17008731,0,0.9480648081591918
38964323,6,0.5061183612282648
36021430,3,0.40546786141215896
18972699,1,0.7192964677350944
31797432,5,0.38347234671310365
17154417,5,0.4179537145307197
33690119,8,0.41483526820719496
11369842,2,0.3410447510996408
6210024,3,0.34719603372980967
28336157,6,0.7216233737850428
39624170,3,0.6150216210160672
11583043,6,0.4594205447555957
4440231,0,0.48695846061257386
34637145,0,0.28780626471065573
15383666,8,0.42082945223097146
16425910,6,0.3726262245222335
39965711,6,0.5660293321432383
33977121,6,0.43822717001190287
10035446,5,0.7167288237428898
29842702,0,0.6208085391020428
35148708,8,0.3748102293536364
24629130,8,0.732582651014624
25040177,0,0.9438842185909049
38775464,3,0.5965749685890241
21861662,6,0.38231295995838327
6189398,6,0.6019235808514626
27301853,2,0.47290002578072643
27355478,2,0.8854052049508891
1116725,6,0.41880924384954793
4940282,7,0.6899931236244506
26911973,5,0.6014524436034583
18791754,6,0.4630269047837594
16982453,4,0.7451415160755306
24326772,5,0.3780587381465439
7434095,0,0.945243435948774
35658841,2,0.5868015394676281
23838056,6,0.44684686316570754
33631577,5,0.3718601752183862
35276916,7,0.8457146425215857
37590955,1,0.7901979126314844
37053186,4,0.9710546496428841
33474853,6,0.618680439003623
37616990,2,0.4390269238886879
24652995,2,0.9599698767764131
30178808,4,0.45803829085668035
23992679,6,0.656263733700767
7309256,8,0.44653941729398483
31641894,4,0.27310859763433715
34106425,6,0.759923932760187
21030187,6,0.5964683300398418
16556481,3,0.7285851150518068
20538318,7,0.43640191737025613
34688235,0,0.8820762217796078
10061093,6,0.4243232135244252
13654168,1,0.4324044931903963
11882691,3,0.4000553425622838
17406201,6,0.43766328230544377
20035132,6,0.6038760232114804
14589234,8,0.47962216939669694
30856656,6,0.5752883374775868
27937915,0,0.5929758450479032
30499545,3,0.8084639813818869
15213926,6,0.31826145637959513
39577365,1,0.689680950339164
26721353,4,0.9399745338762441
11300979,6,0.3789490054840508
7923548,6,0.9291928094315776
25733471,3,0.7164250935489179
7321241,2,0.7522889007416299
39513353,6,0.3297722069277241
3349048,6,0.7906247583491849
5442825,6,0.3905014237616048
33837277,6,0.4619358108760614
7062094,6,0.6129633793128297
16989961,6,0.35931010884605386
38208555,5,0.7795825922118073
25319970,5,0.29633612420275735
39894476,6,0.6388047554039119
22196711,3,0.47528262024595713
826493,8,0.4527978983329635
37986329,2,0.7286258920893852
32057007,5,0.6134437063905586
15070063,6,0.7985444948876074
38246928,6,0.35835654057718086
35459065,5,0.7186121425660054
37858998,6,0.5112725418718757
13798132,6,0.48446803420425655
12565500,8,0.48487333681577327
27426764,8,0.7027975108369368
27901254,7,0.7810144651582054
20287019,3,0.7235158749930728
632958,8,0.5477651209481414
5601909,4,0.30490603574578695
11845569,3,0.9623082687088863
5388576,3,0.34723907231444545
38538608,1,0.9024510186666933
27664571,1,0.6835248903875395
33992360,6,0.49726166949320316
12268029,6,0.34735371028675077
12943081,6,0.5979080159699062
35310343,0,0.3788528168736189
19509059,6,0.3286569377129266
34408734,6,0.7785309566802265
36047722,7,0.5716013193790294
28045487,6,0.6263148897332349
21027042,8,0.524393757613465
38620124,6,0.3017073162953502
38447503,8,0.5212525662986064
29633134,8,0.5800194425041203
7141414,6,0.39812778362911505
20365585,2,0.8234155707610663
3611139,4,0.6508285238094567
25498035,6,0.38601659045327846
6387819,5,0.5465923746879602
37651525,7,0.38867532676198674
27607108,6,0.5015165427823719
31594090,7,0.5561377807268789
14483227,2,0.855324553538999
34224896,3,0.960104079302633
16048238,6,0.2747558342611629
38515921,7,0.44066853595152755
4219868,6,0.23766683758086818
970545,6,0.4032608984917031
34613953,8,0.68808897799786
18413963,8,0.4728777553870411
17605897,7,0.4212015014340586
36004553,8,0.4759804965158941
24604507,6,0.8674643627440838
20254401,6,0.5339885178946946
36894675,8,0.7132527953640775
25263934,7,0.8263389629510426
17354955,6,0.3379656736905478
29679743,5,0.6877564138733808
23807156,3,0.7366630024416724
7987196,2,0.8294372383315334
17499369,7,0.47354373980502035
13510193,1,0.36719360425666303
22897534,7,0.40796454142680993
31833460,7,0.47175663894682324
34179604,1,0.5933831186728953
33789989,3,0.645036565184872
24861673,8,0.6848668148134658
35289476,4,0.6417888051865153
15719481,1,0.5510723760946822
32457971,8,0.6965335200669419
5056475,6,0.6629122989684082
20348801,4,0.38069515811302096
1393075,6,0.8285705669987661
37792901,4,0.9049919441712589
25566799,6,0.5082593760542895
11314940,6,0.4377479851952323
30030043,5,0.26689162071270184
33844777,5,0.47155061118876673
22580781,1,0.3541409468855801
28750063,0,0.8106282014577707
4084385,3,0.5953767556196701
12806501,0,0.8246190567499021
19888588,0,0.7384917458861231
35927236,0,0.9211943037979056
6494102,5,0.6062466745016108
29441243,4,0.9441249386152304
34323265,7,0.5394391113950286
3534508,6,0.6008315572771837
30928431,6,0.43456609739429286
12815874,0,0.4494469621795793
23407618,0,0.42056935154303615
24379275,6,0.5189389790109515
33015816,8,0.5668184007241516
29978740,5,0.9058887572654609
31103817,7,0.4288361261313479
6141154,3,0.5095249028663732
36393253,5,0.6134534157699769
35752495,1,0.42052672947681613
32568784,0,0.37173825981848535
35924565,6,0.6554984010273615
34425876,0,0.38192400069211724
39225244,3,0.3489195799767774
15435483,0,0.7703928358565016
8299303,6,0.5119493800733939
17887594,0,0.4650412463074275
7628187,7,0.6854910835854406
17356617,6,0.49762433393258687
11385829,2,0.5654455547274775
38723788,6,0.5001980741724366
33283249,8,0.6472224989475048
36776318,4,0.5638877359825748
21984674,8,0.4509381166562952
33641901,0,0.5827342966359871
31597474,5,0.5477822205394206
27685562,6,0.2692098412987311
32300716,1,0.4412138752809376
9036013,8,0.44481026067445045
20756935,0,0.4829981861855503
36795675,5,0.7807190827802113
13798536,6,0.32414731826002935
27159332,6,0.4660198030881536
11742638,8,0.31581418024240193
8640809,2,0.710997991182825
13887458,0,0.2989369902642843
39476633,7,0.6523256413148406
17537041,4,0.6188644804887576
26924110,0,0.384418533126435
8599937,8,0.46114966771669635
28315005,1,0.4715530689167957
14794303,6,0.3784092758356459
38554972,6,0.8104046387814421
5099012,2,0.3337858631160007
39985143,6,0.5367295772194952
30456958,6,0.36738204913809386
35820780,6,0.41057737072646966
14627334,7,0.50014675266032
37590475,5,0.3809455580158922
15703520,0,0.8148736730867625
33905944,4,0.6644762322758031
21585807,4,0.2786005275294855
38114956,8,0.618600476528763
33607241,3,0.7504017558993094
18092380,8,0.5042597136633052
21551718,7,0.47795381840009965
22593037,0,0.44623433588027916
12326504,7,0.5938802757260943
35226797,0,0.8054458901544383
24943742,1,0.44276830716704946
6142475,6,0.4067917708415507
21240653,1,0.7079207652762493
9421345,2,0.37555549119116977
32875080,6,0.4075285176942436
11604983,0,0.9865630592354461
33879523,8,0.5335955650355929
10712886,8,0.6068506273135408
30236643,3,0.38470798344422824
1573671,4,0.4135925376486576
9233461,6,0.9052136325107509
26315179,6,0.6207695418413889
20319554,3,0.42547573867544125
17223964,8,0.4433179340975987
28997078,3,0.6940560257148234
30650763,3,0.6885749296292023
7155930,8,0.7107815053187252
30315273,7,0.6335374587422304
39220215,0,0.8523769295230085
9417163,6,0.901757446520443
17779540,3,0.5094992353549912
36235391,0,0.6952575144540696
33449890,0,0.21771923976927038
2859667,6,0.42627051957509654
7633274,0,0.8159704462246385
11000742,1,0.5815231487373821
39543876,6,0.5769047124563342
20996892,5,0.6607280396605644
33380554,6,0.5168587470423675
25100113,0,0.6411929274297159
33282658,6,0.6700359112239175
35780264,5,0.4257780292300732
13915122,0,0.49350288736267417
30274866,3,0.30719690437116237
28067574,5,0.556715890779149
27000466,0,0.44115771230327006
13814569,6,0.5729141894133287
12941091,8,0.7012766835035912
15315536,6,0.5397497882415196
24313513,6,0.5084626067241805
18070843,6,0.5272673111764242
38576969,4,0.7224253662327565
1450957,6,0.4009117016208907
26320638,4,0.8571580679080822
31569549,4,0.8678371701000972
28732523,0,0.278924685784521
10279850,7,0.33365878556172607
31684163,6,0.40435998702757653
38218274,1,0.4793026598114922
27447363,2,0.2980312507205659
6559656,8,0.43104506184471975
16350367,6,0.5344018877228786
35441590,2,0.4307987809610841
16758617,1,0.40315288013579004
37008252,0,0.6394785420760041
36517311,4,0.9469193376189307
20069146,6,0.6396696550588065
33810776,8,0.8558012955673702
32000147,2,0.7004501183672573
18515926,8,0.3723588469230794
12921788,6,0.5739869979104947
20785802,0,0.3467182908778028
40040564,8,0.33876014856273123
25545726,3,0.8549162009740076
10959864,1,0.6494278856738224
33269392,8,0.6086000534446624
13390401,6,0.4231277607862072
34045572,4,0.8762743076607323
39011192,4,0.5457907650680086
39865207,6,0.2505243849715531
13824642,0,0.44220722291448583
32301565,5,0.7981192831388259
10725891,6,0.5142580185646266
4447426,1,0.47888845944722425
19701094,5,0.8989682328304646
32925612,8,0.510944282873657
34516691,6,0.39365615012482646
30436194,2,0.25076957013389245
10003866,1,0.5135483214636436
24437146,7,0.6162757830671617
19819954,1,0.5672927265792193
33206594,6,0.41500945897947583
3993793,6,0.5403043082903328
27793297,7,0.5779255693012484
16762879,6,0.382652347983959
38620745,0,0.36887687115967194
2572564,0,0.6727505668806408
6792395,5,0.7092080768335285
9830176,7,0.4895235107072107
10741922,6,0.3997769403045638
36670664,3,0.4869515308060746
13760232,0,0.42494308406440623
39740155,4,0.2602635649793302
13168943,5,0.6392071128514151
34071476,4,0.5018817157348527
19191043,0,0.6954813951180228
30987521,3,0.48232338760699656
38391649,6,0.5258759079081607
29595029,0,0.40394899986753413
2354696,6,0.5012012016576137
38941806,7,0.3190215800479249
39978085,8,0.8717239333334378
31985771,1,0.4807118917092588
7606582,3,0.7946537598335064
38755425,8,0.5147328775369379
38012915,1,0.8569335136051061
24032332,1,0.48035394689710664
4576622,2,0.7720780150345002
26616168,6,0.332976571763385
15770537,3,0.6977132885548477
10428871,8,0.3952746912193277
12836517,2,0.6430404545945844
17603502,8,0.6101710175224644
13444053,5,0.30193928001235376
8070065,7,0.2565451737605766
22254576,6,0.3852940830933553
18271959,0,0.7054006988542099
33770711,0,0.9999999999755609
5978426,6,0.7084991935818659
25766460,8,0.4469570868728274
27669376,6,0.5225639678146763
9953268,0,0.8237920026338101
26597886,3,0.33739738345346115
9162999,1,0.7995889466305008
12234211,0,0.6014370997429257
10763182,6,0.25632699865440106
32895858,3,0.5022212528562708
19743167,0,0.5943461147370149
1652304,1,0.4895629021560075
37311984,4,0.3918220962989096
37538737,6,0.5011613958676047
35248039,1,0.677306456350461
28996477,4,0.6515887473268723
39508956,0,0.7226708615600066
19063238,6,0.3257667404545109
25422485,7,0.461060779780461
14467043,3,0.5044727461565808
17691111,0,0.7226968773996251
35669642,5,0.22432782093972356
3444391,6,0.38363609297670376
32620907,3,0.438981352315452
20865487,4,0.48747324083069743
22810373,8,0.5751424074626874
27063962,4,0.9999999999842358
8494988,7,0.4609269864395935
16684346,4,0.7409732654508332
34130806,7,0.4958930694320922
36878195,5,0.9173710892244573
37473219,0,0.3394541292202701
20514513,3,0.588022581158531
26170659,1,0.7426044156600262
29997576,7,0.5367922139782225
2278662,1,0.4332204700129255
10111428,6,0.8871556217109239
19475729,5,0.44924517444414874
38067726,4,0.9999999999763375
2169623,0,0.8119282490891405
34402349,8,0.7917603916102834
28955568,0,0.9999999999750194
30637946,3,0.8838317870812452
38543952,4,0.8059042026957645
19122118,6,0.36014913634087664
10918944,8,0.7692221461186383
20435604,5,0.4902541518745007
36200516,6,0.49748774665641066
35516376,0,0.4372804579147985
13343384,2,0.5075029892207404
17930878,8,0.7311518556267411
14945019,0,0.3460410852605049
35871996,8,0.5722480322566589
28108851,1,0.4569099628416414
27857475,4,0.9853218371931575
155029,6,0.6713779525757347
10212929,2,0.33560536312117206
1309355,4,0.5456611907719001
4413595,4,0.37138651685031915
37320035,2,0.8394288760466245
13575703,6,0.9957737511397313
25799693,6,0.5222146175333797
39238942,6,0.33323242149921406
12326370,1,0.6540658603692759
26064684,0,0.7271049214149145
6296831,0,0.38562620304255063
19019506,8,0.4065515920968809
38171222,8,0.44640679198110883
19554819,1,0.48222635149207194
37202501,4,0.6639918795232701
28309248,6,0.4036505216355606
31716122,6,0.44678577501505073
32948606,8,0.24774224309245704
39668988,6,0.4614078046442777
21917652,3,0.3402992397912266
21537191,6,0.5882016196831746
14101633,0,0.9086344773801153
8964005,8,0.48922433215289757
23044171,7,0.3849382109884787
30547820,1,0.47000323234914976
38085468,2,0.48216768263282317
19622656,0,0.7081340805864365
12715198,0,0.4567427760238918
29623171,4,0.9027595033628778
14666138,3,0.4848147851399618
11937746,6,0.7385723044133624
8445822,6,0.34965727027639515
35216025,0,0.6843993205385368
25044388,7,0.2800508191097051
19683145,7,0.6090889389347486
29564737,1,0.6721046746168253
39231900,7,0.5947585139867191
19438383,0,0.6086709325940773
11974531,0,0.435404927222494
31642416,7,0.7135787294584475
9018308,3,0.471952234475342
25537619,3,0.5204782823315588
32425030,3,0.5750451837547538
24357517,8,0.2800760390057603
28507958,6,0.5271718917522918
7396073,0,0.4500117349100695
40050761,0,0.3673055920156467
6778840,8,0.4887994996416821
20274536,6,0.30796787044538343
1727429,6,0.87451278140026
29244352,5,0.8750576283496687
33615414,3,0.2941224865918393
4350016,6,0.47225314588955297
36011271,8,0.35393307625860165
38174824,6,0.7791893824950624
33261743,6,0.3931504450357865
23707409,0,0.7070245301239787
39882822,3,0.5563200783074779
26779387,0,0.8939735103870814
34948918,1,0.7992181467077646
39103546,6,0.9999999999845947
20155965,0,0.6832349012412108
34500132,6,0.489673590514406
32422778,3,0.8834508308236102
26299889,7,0.6172014189254438
18312106,6,0.7520912735892435
25756915,7,0.7771407292093646
10952507,6,0.6356396916871211
36594100,3,0.5467660232264592
23316425,6,0.8351523831979216
22217875,6,0.24963875143399447
39020746,8,0.6283222868011875
10175519,6,0.29382497102968913
15606138,0,0.9380136360865134
36985344,0,0.19461949884338764
37648930,1,0.8188887724508955
16686387,7,0.40700269331549616
7643579,0,0.5025394103298847
31750599,7,0.553095778760262
7139764,7,0.5002921127546901
31133278,5,0.4059345548647375
2512538,7,0.3130071381730536
8904083,7,0.48723280008736275
39171087,0,0.9468980961592112
18097439,7,0.5958072064977663
26968854,1,0.4231953990040498
27999037,0,0.5404988686930361
30853438,3,0.40004979844958044
731759,6,0.5999949698008098
39787204,5,0.5447223408253827
39660927,3,0.3565357993251682
31796460,6,0.5085348141650414
8700920,0,0.47280491242302525
21100117,8,0.6766181432619975
34971788,2,0.5178637884076612
32645291,0,0.6220946249813412
19211116,5,0.4193518267447302
29965211,7,0.625319957028315
37210655,6,0.3957050191535479
30056331,0,0.652369625858859
23434842,6,0.888368785062642
23460997,6,0.6918343103119199
19114411,3,0.3108895259591694
30094091,0,0.6525710003935798
11975020,6,0.4792733030648718
31818448,5,0.8676093768607768
32314215,4,0.9239275581099367
22148917,6,0.6719284364239558
13336623,0,0.6633913280739273
19765469,3,0.406882264828868
9563666,2,0.6962741450109565
16682672,5,0.5680709115372155
30298426,3,0.5894233194575739
33844987,7,0.33112833383586504
36808290,8,0.5970953700184762
26907349,3,0.3044088701202283
11224554,4,0.4310978089543312
32923169,6,0.3525096661101278
3804149,0,0.5460587909683741
1417665,7,0.6025816686297162
34946454,2,0.8328977205990804
34003592,6,0.5668077526204565
14892543,3,0.5494972307721487
13069634,6,0.6770393346989858
11617816,3,0.3074789456121218
28508699,0,0.3705087207750543
38432468,1,0.5033766364100404
36425389,6,0.5750912715293558
31548712,3,0.8088921495387306
8202417,7,0.7715606558457265
1052931,6,0.5886264110475151
27481427,8,0.5510596064170352
36470440,5,0.99999999998982
36247997,1,0.4390296412689797
11025197,7,0.4111832221640887
11329538,0,0.38594871607692066
6800861,8,0.3829714232080673
28518369,0,0.6333124566763008
14261053,8,0.414021081938218
1630427,2,0.6206560811237577
37422665,1,0.8027771797798016
34929761,2,0.6885543709964181
11856219,6,0.7057113251480793
23455734,0,0.520149166526821
18794457,6,0.43046881572115925
24426200,5,0.7317230629769043
35080428,0,0.2230277043736074
6947065,6,0.8988949589204326
9963155,6,0.41804581382082334
33773661,2,0.29094750773288713
29708501,6,0.5931600631451834
14879960,3,0.6673328540384122
25349178,6,0.33458996186033285
3851224,7,0.4845081708360272
26579036,5,0.5650063141393312
5439407,8,0.432407667347988
27714981,3,0.45349480086743854
32553545,6,0.6046301997143876
24040640,8,0.6324510825217924
33938488,0,0.6290542755037308
20581017,7,0.5246631434664634
30511600,2,0.5879532613928661
19080943,0,0.3951222955440546
21707337,1,0.35755667380067585
23079554,6,0.42474283936922425
39961362,8,0.5785590938942395
14538283,0,0.757086234020265
29882722,8,0.6507291666366776
17069303,1,0.5174529374405036
34602356,4,0.7870336728101045
35495530,6,0.9852742419601094
15228500,8,0.5699723091417858
34841673,6,0.8051211406008425
35981489,3,0.36926967083186585
12224001,7,0.4959317545770635
27676954,8,0.47412766968083603
18066521,6,0.5499631542747042
24367790,7,0.3496299075670174
24659006,8,0.6616550619224356
1517259,6,0.8250575789937568
28364083,6,0.4754258200899956
8046064,0,0.38939037365030377
26819637,5,0.5262824651956732
14714528,8,0.493480196023687
22310142,1,0.3324999002388604
14369313,2,0.3330832986130354
26601746,6,0.5902891612603701
38463570,4,0.8552467983057604
8968801,6,0.4954258430599709
11244514,5,0.6607495531604796
36469680,8,0.4299157173523289
32172957,7,0.4968941202941268
33849089,0,0.6709322686245891
37923506,1,0.6399721950019446
25373054,3,0.99999999998984
2388423,6,0.6055557537081241
12836125,3,0.8801646442954549
36918588,3,0.6696608724703821
23535767,3,0.8371502748339139
2908895,2,0.8055103721065932
28764355,6,0.3385974345722517
29821308,0,0.5014176252248062
5215593,7,0.2761119013961558
15705491,3,0.33098369696459584
11450886,3,0.3709895911553985
27804729,4,0.6423223389789621
30293881,5,0.3807979509645283
16450683,7,0.445998167524411
10540314,8,0.5791048262667418
7267977,6,0.3928025888165564
36807405,2,0.8961676142980868
39921273,2,0.5965870278013475
20249406,7,0.7820057725600112
4548082,7,0.5484871246583239
30603349,5,0.5277330379234323
26980743,8,0.2714534127672248
25950957,6,0.7459873412192282
29655219,6,0.43516481185790357
14970351,8,0.6258515616128185
3600948,6,0.5149791025287875
34951134,3,0.3784218992723679
34002426,0,0.8496445491466973
30706429,6,0.5020218546697338
25320518,5,0.5864588803597537
22920436,8,0.3265189893273122
33248866,0,0.9999999999754287
15450022,4,0.6341172756170875
32983622,8,0.7711563667007286
38937776,0,0.7619854603036852
17832362,7,0.5949699429745656
30702519,6,0.8323276116566762
28976106,5,0.8003698268073745
32131927,0,0.2639539770227896
15299822,1,0.38381752314359935
33683188,1,0.6050735966185743
33454712,6,0.369061738031537
35992398,5,0.5197196943017995
26745617,6,0.5038241532601297
31888222,0,0.44718871318497905
39711473,8,0.3564288476608148
30533983,2,0.6035993516944661
13794971,6,0.5583004453885363
33080210,8,0.43919700535668815
29753876,6,0.4538987803275404
10112515,1,0.3693654722550978
39970288,8,0.3213530480488873
26937341,3,0.7158477641519851
32749399,8,0.429615828303868
14363707,6,0.38464648269627905
37183549,6,0.5176130393605902
28943816,3,0.5280302565622195
38876805,7,0.5216196521494636
35342803,1,0.35952188109723415
39949041,6,0.5459070650850787
7086368,6,0.553752450973107
2535037,3,0.657430736331211
38894576,2,0.32738941793632764
3723337,3,0.6927281559014795
27113978,4,0.5649291530669842
38050849,0,0.3295214393363533
34643463,7,0.4154785390401908
22618262,4,0.7952450958416287
38542543,3,0.4901018892644444
30643137,6,0.35768417766561
22799096,6,0.7984591505904238
31772663,8,0.5256801610804881
2914585,6,0.7668798459680946
28853558,6,0.6636860314521998
39901053,6,0.4588915959698289
29889146,7,0.5365873961074157
26675498,0,0.4703122855165962
25917335,7,0.5628882540147659
31908982,5,0.8650912115942327
35999759,1,0.3863232867667414
7478366,7,0.4961527398550836
28612776,8,0.2394554676369309
25714549,4,0.5589795600293488
28988627,4,0.7713637674208669
35957073,3,0.28387886559223663
8254860,6,0.6174272603724331
32814816,5,0.4448155836678103
32751512,4,0.8650450710548838
31861196,3,0.829611714915677
15892100,0,0.9280188551558151
38579049,4,0.24793479680994374
21105317,0,0.5343962252834806
34619752,1,0.6127993548225971
33145856,6,0.779829746156306
37528922,2,0.8454109767606058
34459465,6,0.8836227482429951
14441080,3,0.670677202253818
27270547,3,0.28054854484733976
29768601,6,0.6181578298969735
18674064,4,0.9999999999905673
30938780,6,0.5822190688461071
36987317,4,0.9265278133787397
28903915,3,0.6544477790400137
37901832,8,0.21149888272188322
37248298,7,0.5454248196990621
25311417,6,0.47589472041183917
6578258,6,0.7214388964923649
21211930,6,0.4404961259425061
15862761,1,0.896913526736789
27843255,0,0.4206421003452298
31284719,3,0.4365609951433209
27201219,6,0.6907055863532415
29438730,8,0.3959033667429508
29972894,4,0.681980576686511
2376798,6,0.6489054201126223
26290994,0,0.32648486977743985
22753160,6,0.5548429729309852
37198517,1,0.5595394924968629
13658287,0,0.48015921835768194
37223638,3,0.4953781514308054
4340322,0,0.6805574489080608
30832798,6,0.5467155132516874
1735722,3,0.4615641484869366
38131886,7,0.5536294759330767
33561376,1,0.4645536523616514
1451349,6,0.721926170735241
37946342,0,0.5671664688951017
28303711,8,0.2436895284228714
11079644,2,0.37982005796497914
30983447,6,0.4486991745682513
38032855,1,0.6444322325954497
29480554,5,0.77660006164775
24212952,2,0.5760079277074389
11300745,3,0.31883405823982486
37892301,7,0.3164095674766442
27914657,7,0.6138276711643933
31462265,5,0.7346752219475692
40089134,7,0.5777322128169028
36182906,8,0.5382755281841008
29295965,6,0.7659642263983164
33590571,6,0.3983517201906808
9907616,8,0.5527704780002911
21812515,8,0.3450028344169687
2136267,7,0.7225376042872251
21867523,0,0.2948636921508437
38535707,8,0.5406169265744809
32621960,3,0.7587519908088869
39839726,0,0.45616230414959386
34593929,7,0.7168970260539255
16527825,3,0.6189940910914689
37567837,0,0.43441317868252255
35164964,4,0.8984214535894028
9667253,4,0.29740355877205904
32790836,1,0.698322715513417
19617108,4,0.30599385931457146
15932896,3,0.4226920828018567
20452742,7,0.4830132954484945
23030106,0,0.6904828385659454
23450138,0,0.5833046899378411
19884746,1,0.3895104860903411
14890107,8,0.7060281034849388
11509892,1,0.5414439243897189
30713756,4,0.5079669293417142
4600325,2,0.6609371130749773
39902029,2,0.6815736989747695
33210037,4,0.602336664741248
28656660,6,0.25687419312260384
19720249,0,0.5883661194729307
21328509,8,0.4730989840361592
28205918,6,0.8852778961563714
29158336,8,0.43616351774304435
33509052,5,0.8157027981734797
5440346,6,0.4251316769155106
11237685,6,0.516694665286952
6950486,7,0.39966677443655946
35586794,4,0.3205273037997745
23622645,5,0.6366300854437784
31640127,7,0.5475712980074692
37195489,3,0.8535320662622055
5114313,7,0.5808993960699502
30554240,4,0.3853996492469962
22333034,8,0.6787184201352282
3559673,6,0.4061621929095886
37022881,0,0.434955138327424
10355818,6,0.5222809022143066
33957110,4,0.6100273693375542
9829331,6,0.4648084484456657
27645079,7,0.35405451312891056
39773780,6,0.4510240237204058
26220621,4,0.770944507457246
30159449,6,0.3325162744523989
31773391,3,0.552574104294716
38174211,0,0.8201193405247138
30193411,4,0.5801367387338111
20736754,0,0.2559689958304459
38379919,8,0.5100718937758997
39452842,4,0.30748582225319704
17465362,8,0.7514400528129069
31946018,8,0.5056747091878
26022267,1,0.9017431132426931
30871674,1,0.5263726964178096
6438784,6,0.6163361791671043
23660092,4,0.32100872882200426
3966490,2,0.7631633001419912
27630265,4,0.39315377343524094
31095898,7,0.6634497181356023
33587761,5,0.6089304667095872
12889202,8,0.45723888976272553
25851183,2,0.31792110178783944
39199781,1,0.5529753843431727
18359660,0,0.7328265128971325
28009390,0,0.3681862498469105
33830662,6,0.21310416060938828
27739381,0,0.5477749902202809
26484286,0,0.3365653661290342
8707515,6,0.641800857916569
39567577,8,0.42919988930771824
31763039,4,0.9101698880662653
29565887,3,0.5882013986867939
15683168,3,0.39994488360890146
17760556,6,0.3655087411966589
17883424,8,0.6491092290026726
30596834,5,0.7669607177670493
35466663,6,0.5699481064742131
11324519,1,0.7218410585426612
33976147,4,0.6525072529762009
17436569,6,0.5040221504183269
16490263,6,0.4018124449906504
7868215,6,0.43269385348067807
31024826,6,0.36487881017043294
24947866,7,0.5304319608332323
23246013,5,0.5348600431737736
23111516,6,0.5722336599731797
5556282,2,0.44616014670472687
21760215,3,0.6424074581441723
12043021,7,0.7411900755935923
38119808,6,0.4109866221631949
30596839,4,0.6908124575859389
39520186,3,0.48692875138030706
28007465,7,0.44349962237084845
19879612,3,0.5092559697929434
27644193,1,0.9923926847318995
14672360,6,0.7676481309392351
29796541,7,0.44759740219210087
31274945,7,0.4992285075202552
14037975,6,0.2730442670017188
13276957,8,0.5480579733003894
18074143,7,0.5970561860050408
10288488,6,0.9564642967578373
14295337,6,0.5061114564033011
29923855,6,0.6238254137827435
36633002,0,0.4493979385276288
32426250,6,0.4525973052302548
35482079,6,0.3607350106304096
37497933,6,0.325363318154925
8869998,6,0.5806051969302897
24180879,0,0.804087690275571
33541960,8,0.3667169691039829
39839832,0,0.541624029107737
29326556,6,0.5620020425918233
24790548,1,0.6123412706990479
38918891,5,0.7011908477654015
14701532,3,0.5556240181471411
13501761,3,0.4042227746946086
34650573,6,0.660435777479695
30697056,8,0.5651653210641044
1111356,6,0.6485384922816548
7366065,6,0.3941041373461524
17769009,4,0.6980543748752689
25860512,0,0.7036012959082641
23529172,0,0.6587486875862771
33944277,1,0.5132852178193394
26066112,0,0.4201387629657638
34184053,4,0.4930838047481665
13710991,1,0.41452880355233906
33681493,6,0.5079358486582628
36804197,2,0.690161085626656
34161308,3,0.7369137028556346
38270861,5,0.46622377183214875
37522720,4,0.685080336251666
4395499,6,0.8237412027995134
32734002,6,0.5350191098713242
9750330,4,0.3779278563030088
8116969,6,0.333070908345367
36889821,2,0.7758761074083739
20659528,0,0.5101285186465947
38171687,8,0.3745717515377313
17050302,7,0.7383602526166032
28322842,1,0.5492477356995988
28885844,6,0.2735011841906413
18339745,8,0.6580857099123757
39485731,3,0.3941324359560794
32282274,3,0.36623845512851105
33390792,0,0.2865460369670301
30532340,3,0.7978296859064178
38104637,6,0.5436184775861054
18627382,3,0.46563205541134856
6837368,8,0.800683902015332
30687178,3,0.4409245508466785
23656777,3,0.4504165877607158
34012517,7,0.8813249258165886
34773960,3,0.5072604170146139
10921893,5,0.6392643362869155
10469548,6,0.36587989083812755
24736867,5,0.42504871719762444
21534685,7,0.46030926597283656
11058199,1,0.6546856757708119
39277824,6,0.7148527351027717
11835833,1,0.779323748015281
10645383,8,0.6813925263310407
24324030,7,0.615086541495065
28886508,3,0.336656580957136
20271235,8,0.5531929570802645
27758933,3,0.9157207605061071
13667626,7,0.29015301775301267
7074984,3,0.8178697386100474
33701450,3,0.46720299089229983
11032799,6,0.36542707053241913
35867158,7,0.70596497399789
32208301,3,0.28855432448837876
31445124,0,0.3083423301298832
7180914,6,0.9798305875688135
21863227,5,0.41980321684537475
15789611,0,0.39018742775706755
12753312,6,0.551649997981387
22508606,8,0.38516175188764046
36258797,8,0.8185780109189226
11312197,5,0.7204680390345732
33088963,0,0.37589088272384114
29941321,7,0.4199725260349859
23662257,1,0.2670728528905394
7982441,1,0.7563942041223775
12145056,5,0.45909509232536233
8384052,6,0.6474434405941293
12360732,0,0.3608528195624625
28324372,6,0.5672354887836337
14857719,2,0.6039645710790004
17821079,0,0.673290441713508
19766757,5,0.8462501730590188
1281184,6,0.5442616973934995
31304131,5,0.5267296342429152
12138240,2,0.25071186981964144
31849152,7,0.44916863539324386
33856391,6,0.3828270064903609
37101553,5,0.47699445800827195
31406830,4,0.5650600094373528
5738901,0,0.999464874018495
7770922,7,0.7242981431396998
10767809,8,0.6256228611742278
30960819,7,0.6243367834778543
38840305,2,0.31597918328180397
39132847,0,0.40261571532324836
3381036,6,0.3555134360774493
7591715,6,0.36162636788089364
32548563,7,0.6856398461810593
27247931,6,0.4331231588496408
24026256,8,0.640708157025496
38888609,1,0.3919825418444604
35710060,4,0.4908123695408627
38468764,6,0.7285533538249317
27078899,2,0.9999044392530883
20249374,6,0.539868981372408
21719063,4,0.6556041273459526
25876758,7,0.336668296696466
38119861,8,0.649754669384623
27573993,3,0.5117352775084839
13139517,6,0.3339255409707254
35768327,7,0.5872604779797765
20130926,2,0.8909627112736105
17073669,0,0.5400360984012913
23249269,0,0.7799895371252001
1095768,6,0.94450252254624
18116383,7,0.6379345752455736
31015333,7,0.655181342161227
36635983,4,0.4492902870651671
16637765,1,0.6634309498631665
30156218,8,0.5273058618068055
39722984,6,0.6543134322948267
21664915,8,0.35066981810730014
32561651,3,0.6756567637459941
15473012,2,0.6784377777061911
24043069,8,0.4848953346972195
12148690,3,0.6907300063891748
38401814,3,0.333675168262045
10142066,3,0.5208449870686042
19413994,0,0.9999999999756314
20712520,0,0.503459743164993
559662,6,0.6600801926415006
36661087,3,0.562621649913045
19823824,4,0.9958389701015282
37487406,0,0.8507552530770682
38231035,7,0.49872225132796316
21058463,8,0.4781003401147218
15104090,8,0.280298012654686
30844594,7,0.5723664715374978
39108621,2,0.39397498507607537
23855165,0,0.7454788038886797
5559284,8,0.42174531840091056
25956453,8,0.47192965072875737
33827788,0,0.34655770608706854
38624730,6,0.47760616337875345
3462951,8,0.49716353471043817
21173503,3,0.39295508957791236
33106596,3,0.5216858166483257
17803254,7,0.4961944225046004
34932865,2,0.9419665549545746
36138201,6,0.5904252975828247
15484718,6,0.6359871371627734
26510038,0,0.4663780816569449
15131429,8,0.46188302993940833
25839628,7,0.46542949553258184
34730897,1,0.37264185400732236
8061867,6,0.4599315581727427
31314713,0,0.904164937665131
13096955,5,0.38030405818664464
27073424,0,0.5904328340964289
37006534,0,0.9266094373598485
7010949,6,0.548044956973448
12143634,5,0.3038254702420876
4199081,6,0.44833183461603987
19048082,6,0.485913212473763
13443246,5,0.7903737527991771
9399635,3,0.3004405881676304
30061557,8,0.6323258136506884
38944265,3,0.8416618482245136
541115,2,0.5077473707882713
21675532,6,0.4209724923556493
3587613,2,0.9288686127755915
12461724,6,0.7318474028348295
34834474,6,0.4090445899047181
15964119,8,0.6138132108871859
34779587,6,0.6662304137036008
19035075,6,0.6282137969852714
36251452,5,0.6535438746048668
27927062,6,0.8820665946625911
33998726,1,0.4690546164692314
23919781,4,0.3581810389872388
13421326,6,0.32506310560560586
25938617,5,0.6474065193994843
38575392,6,0.46122090581570624
36237810,1,0.5093597847176362
4331006,6,0.35408337942869034
33844632,6,0.8073419366162863
16735786,0,0.3700865541282185
27850744,0,0.36414892240077873
38914151,3,0.5048461510590556
29482275,8,0.5517729779106165
13534461,3,0.510660019247032
24427363,2,0.6708685600695631
33100702,5,0.904403505639322
36153442,6,0.5720221189738627
1366047,0,0.5279779047477302
34755710,3,0.7405422072230535
26921044,7,0.3551092834249906
19060821,3,0.48309474088854537
35881948,5,0.4809938274575965
37272635,1,0.417860498807102
34124457,0,0.6571841051368201
4140466,7,0.6683882163743468
24896138,1,0.7480764278918862
21969686,6,0.42108946398222685
29292636,3,0.8017065120799098
39830235,6,0.8158009333520061
22388281,2,0.739442248737678
8071586,7,0.40299683237550066
31454087,4,0.4179694410071156
38859593,6,0.7051152705364074
16585847,7,0.32882645596949384
37479223,4,0.44037716830008533
27769202,6,0.8315787165096039
13676092,5,0.36557816424773026
37857697,8,0.28608967018002446
23212535,0,0.5331554922672864
34113521,6,0.5131982147711266
37405998,3,0.3247755313084855
15115443,8,0.5811042967780475
21518249,7,0.45096626477201374
32618985,6,0.6810704705154333
16972229,8,0.4165027827498724
25318791,4,0.4257296186454486
15871081,6,0.4499073899600391
27322121,5,0.9720150599562611
16823964,5,0.8638226140571832
29051988,1,0.5585455043471159
14200512,6,0.4450417696476784
1395913,6,0.3982268657882437
13567507,7,0.9503064279540941
38032782,1,0.5378377132418335
37669905,0,0.46715937235373145
24771384,5,0.7028722273691763
15294863,8,0.4742207147306738
29767898,8,0.5048830856842343
6005243,1,0.3383992589359725
23457844,6,0.3806625962468162
15651527,4,0.7241063024380782
19452797,3,0.38886700568101423
38440799,3,0.7957995563014892
18110475,0,0.5365829961650831
4004979,7,0.640856318097253
32188922,0,0.5920107545738456
39560902,0,0.46097376688482117
28806369,2,0.2469857405094369
10462927,0,0.2704964419560252
26440761,6,0.36198847457298594
22439542,0,0.9246216386466889
5027148,2,0.5304661401421479
24589669,3,0.6139613152826919
21298833,6,0.31836761295311183
29837722,0,0.591582427527034
33311403,2,0.512971058637451
16497547,8,0.3865055042761578
36518968,1,0.5348565536660206
21341325,6,0.707706718371933
19437415,0,0.657137166268107
35398270,5,0.7972789207149586
16006687,0,0.5726291321424444
21640794,1,0.44245331683421923
30527083,3,0.5423207611010498
33516530,0,0.6503193706061231
33611983,2,0.5648009771637672
34226122,6,0.3670727998323611
16485200,5,0.5436416783596622
2267568,7,0.7935282534051785
20440581,6,0.6415573585941347
33306001,3,0.7635439039565189
34469635,0,0.37081174781809
24608774,0,0.5758919913534672
20534849,6,0.37737834263566306
3275252,7,0.5260094771102934
22069625,6,0.6332489193458309
22218601,0,0.33042711207984304
32226581,0,0.5257781168523159
25667259,6,0.4146166305341569
25818143,8,0.6650797795954603
33013611,6,0.45155037157093625
33020945,0,0.2718945644448928
2935616,5,0.6536834275912863
11926572,7,0.7908810318052844
874245,6,0.639183168179245
19574674,5,0.41973361047317487
35125228,6,0.6253303398511298
24066589,5,0.6519914828251613
30664640,5,0.888372016386381
17646853,4,0.415234356193376
17763079,0,0.5471024487071333
30188158,8,0.34427012236603327
36844576,7,0.38608609683321365
20832740,1,0.7327215006313931
29761266,5,0.8910942519923676
9751080,6,0.9692755334000649
17588233,3,0.7457834138639217
24724098,8,0.3984259504731443
34156881,3,0.6081761932681549
21115556,6,0.46668314684914547
38726411,0,0.47314721042507707
24702069,5,0.5311685444666917
39457645,6,0.48885377373453676
31019092,6,0.5330123179419866
14888340,6,0.4327815782878041
31261853,2,0.5506769431499228
33281487,6,0.8144680462143417
28620848,3,0.9081086331051167
33901474,7,0.61977358371439
13051544,7,0.4656760911690892
26195453,6,0.34527252250662377
24437165,6,0.7963114489389215
38316020,6,0.774963786363038
18577325,7,0.4796458689626998
38751024,6,0.4380399404934135
24831330,0,0.7407661496180644
35951487,6,0.35663998327802704
15106946,7,0.33313106977169454
34711205,4,0.4554993512267616
28923231,7,0.27223947475025134
1472279,6,0.5317363665419927
15046962,8,0.2778281280443404
33125822,5,0.7202078719387333
33756549,3,0.9494649230975398
22584261,3,0.44623018233616984
32402747,0,0.7753884786033085
32773052,6,0.4105133167862265
6582404,6,0.7463618193501492
10063091,0,0.46006114159804884
30817721,3,0.8017722775144366
1093805,6,0.5410576945391148
14637691,6,0.8231803626314197
34481055,3,0.8546710126804743
30684836,1,0.598025461328622
28373299,6,0.4226912124789727
7776371,6,0.620145232453104
20340613,0,0.6230123774451548
29615758,0,0.6124018437475711
21038905,0,0.4217712167283897
24847747,6,0.5438867302413505
25669803,0,0.6871202460847639
38640742,1,0.4023606906880428
39090359,4,0.46786565215343884
17778612,0,0.674160266467129
26282882,6,0.6067226190408269
25120883,1,0.388299629655961
38345127,5,0.6605032110089701
24082711,6,0.4023536271909265
4502314,0,0.8041334124355116
2742085,3,0.41231843910884314
18818608,3,0.508967468380821
26263323,7,0.569180796444328
10180781,0,0.38918004277067636
19520469,6,0.35851344512216926
28611207,3,0.558884875893275
31942960,8,0.36662922920175733
32147668,1,0.47729941684648014
6485059,6,0.49081109711178933
39985300,0,0.5837479676202111
36589702,4,0.618993916123138
11636362,6,0.6606834895204527
23903094,8,0.7258272358159766
22624255,6,0.5484968398864309
30446197,3,0.6056541998022321
32805594,8,0.6133811600178429
14724624,7,0.4845318152629327
7974959,0,0.5418576137266489
33702527,7,0.3662504495572834
37347296,1,0.46914967036608396
39531007,0,0.36317672769482495
18387120,2,0.38199117341271616
25072334,3,0.4775110942328756
35354676,4,0.7740498510699276
19847786,6,0.6974248570589088
28485009,6,0.5480997861002455
35469546,6,0.7650167840361788
25824804,8,0.3994096028622407
31827468,8,0.4302383652943267
28429760,6,0.3563394909829049
9352259,1,0.617869410554612
20264414,2,0.61767992327788
15424126,3,0.30842557553142885
35760133,6,0.43673860341130055
19865258,3,0.3717319946058261
33984151,6,0.4216643552152431
12960019,0,0.7841673810181085
18302818,7,0.3557115162363674
16745387,6,0.5299675659878207
35366900,8,0.4786440274946851
1463306,3,0.41903026670976634
26193386,5,0.9801468467527027
38878543,1,0.43287910263372104
685869,6,0.9546207000646544
31545946,3,0.5469301866532303
20970732,1,0.777040964151113
30721550,3,0.8380418614813083
20231291,5,0.5585364194475498
28522203,0,0.47620915221280746
15774979,0,0.3934479850478009
38339417,0,0.39917643456208585
6964489,6,0.4839277513083978
10295717,7,0.64450318200538
37435255,4,0.9023611998738031
38139847,3,0.4207235121210491
30362475,6,0.5858771244280165
37785131,0,0.4359844699629679
38550263,7,0.5228860499562974
12684001,1,0.43624027828924905
38799430,5,0.5336175869147026
31596582,2,0.36383083074092015
34528138,5,0.8652812388568637
30167692,6,0.8308684205890854
22571853,6,0.7471647566075618
1173184,6,0.8306130223871532
30180046,3,0.8401001175184093
16425660,7,0.3413449507202096
37501808,0,0.9999999999810704
30750843,7,0.47671585792838445
1236104,1,0.6056123818077929
38339815,2,0.8121632812405014
24757923,2,0.4481939553435652
34542000,0,0.40811789505359786
30191428,6,0.5458758306086566
11185873,8,0.742386172694764
33524742,6,0.41887727643122913
39356509,6,0.37471754012963704
39515096,1,0.3773113589648779
25740839,0,0.9999999999823471
22676319,8,0.6508991713313658
39916811,6,0.7609142319046648
7648607,6,0.5767940313703537
39436329,6,0.48286031252295286
39243905,3,0.34575131020022576
35258712,5,0.8305456169332197
37754398,7,0.5931910076826831
18327790,2,0.5976765055549045
31923896,8,0.4930872467216325
15298830,6,0.554528129721481
31165900,1,0.57246077994666
8688050,6,0.5423588963117368
11629734,6,0.5774496870948372
18438162,0,0.8552688688127154
33323553,8,0.2490321097599657
30029316,8,0.5023340980551338
27651862,8,0.28863074937687194
17279103,2,0.7498506229076342
38015537,1,0.5852332527332276
37605612,6,0.5555622611280189
13302403,0,0.9999999999829705
3919382,8,0.6974995475545028
11622652,4,0.5322476714236962
24216860,8,0.5433291779208099
20015213,6,0.47141898657183007
37277950,4,0.5196306020069426
33398908,6,0.8280665719614033
39004837,7,0.5207607023510893
26995700,5,0.3916244088447494
35722753,3,0.701782175531414
17892451,0,0.6406427329426178
6246061,6,0.45116228140172515
37174167,6,0.4675142728338231
21202093,0,0.5559859604620622
21032981,6,0.6474698486953117
28088323,1,0.5352983334406455
23091283,6,0.42222672629760855
20550351,3,0.3793901793761183
35165398,6,0.46756152058749856
12517997,6,0.5952174782505061
39259046,2,0.9722878187144128
36553386,5,0.867578146079734
37167968,4,0.28731883688845805
29630026,1,0.2815159838978399
1719279,6,0.7662272824386717
10941824,7,0.4850875107528099
20524888,5,0.4820671730667841
22445416,5,0.8880213624507828
9220883,3,0.4026661460386921
13202507,8,0.5014516139512672
16529038,5,0.8900325977731294
10919379,6,0.46924249913776966
17923161,1,0.4142366898863156
15561173,6,0.7219599162179269
11898451,6,0.8292150588355098
20384743,7,0.5333703068291632
34855391,6,0.7108816685505505
35422578,4,0.4981264546277222
26077541,2,0.6954546436312528
8254309,3,0.4748963073629694
36091007,6,0.7250892350633482
32285927,0,0.4416506211079512
39061928,6,0.9999999999804527
5502014,3,0.5099879187715995
32546776,0,0.42873922765107164
853184,2,0.8262770517755981
11034539,6,0.7507007418066715
20152888,0,0.8704062835980565
22534101,3,0.6978413324108944
38687974,7,0.6850663874481349
27525444,4,0.3437959051924518
15722158,3,0.80167156115499
5264829,1,0.7476748020989995
38447104,3,0.4668606898325456
24018577,0,0.6133554194225315
32783530,5,0.6095020336122927
23579989,3,0.6590738129981824
3083784,7,0.44205865332953187
15603240,6,0.3745668146375454
38262178,5,0.6900113402691538
27571884,0,0.422269521550594
31753850,7,0.637910186702607
32951123,5,0.7788286315275031
37081116,6,0.7438043649048605
10320194,1,0.6014260210849177
11488122,1,0.4435098601891326
6960470,1,0.49872319303907425
37225243,7,0.7256469291372685
772518,4,0.2362426750058771
14097061,6,0.7613396706244829
4526498,6,0.36740896353089936
26160792,4,0.4104582209011486
4704913,3,0.7251486394467531
33990345,2,0.2912275587507645
28663508,5,0.9612017007697365
27960507,0,0.8526714263068291
31879459,8,0.5444957103438449
30281274,6,0.8194624460642863
14671345,4,0.9519973084414178
17369534,4,0.3578296450248815
29056976,6,0.7651933448912969
12019618,0,0.7470770097347472
19845691,8,0.33953202499816443
6151400,2,0.4360752723525982
38258343,6,0.4591025854756875
8757019,2,0.3893227439739725
24479281,3,0.6889328294904692
38435289,5,0.7033011737277077
22257665,6,0.4804545867172942
36411331,6,0.5143067161699485
31590858,3,0.385198964691762
5178535,1,0.9841917121534102
20810630,7,0.5678056892252725
8808597,5,0.8722606875074934
18111488,0,0.7285281094973147
4377038,6,0.6856891893474646
26685007,8,0.5753327866497947
17884411,0,0.4437448489853449
18781344,0,0.5967044610148441
26289759,1,0.6798214938464017
25881271,5,0.668652165977816
8177261,1,0.576183572492371
32936129,3,0.33057608255665016
22119586,8,0.3371811151338571
10461531,0,0.6984205751175083
36253931,8,0.4967843138723763
37652976,8,0.3974760661015338
12829125,6,0.41582982791578865
32215165,6,0.43082519511330564
37751173,6,0.5386363986676931
6349833,3,0.25907348070104563
31128435,6,0.6359497046344056
36668447,6,0.45062853586349977
32118749,4,0.3583803329826867
28686453,6,0.3028374197404864
24976474,6,0.5121596570130407
8620521,5,0.7006760852186933
27692883,5,0.537857177626441
38523546,6,0.2534992043894239
28667126,0,0.48945263515915854
26710946,6,0.5052949638147339
6473753,6,0.3475942664434299
7141665,3,0.4544464568080318
36982015,5,0.43026792979542255
16371626,5,0.9456044023494403
28771174,7,0.6548421954176308
22034878,0,0.6852895317909825
13039060,3,0.7026038597685308
24127601,7,0.5342475123480813
31635828,3,0.32914982179842617
31601713,6,0.3148905693442826
25246842,4,0.8015872788121814
30698466,7,0.2831830757654696
33814607,8,0.4543058728602522
30845469,6,0.7286290304048595
28568939,8,0.5520851848707755
28583565,7,0.39716813773784077
29381375,6,0.6572204350202835
10559465,0,0.9999999999711693
19556809,8,0.6407103345812902
27308698,7,0.4845219938504954
36803774,4,0.5150087464394445
34689540,0,0.9912211011392578
37918586,4,0.9236606827604448
18050933,5,0.5042812054802507
4809825,6,0.29073041612850187
28808626,3,0.5556841499944836
35868089,8,0.588905485186369
8352736,3,0.5135721835922403
33539955,6,0.6394270742931861
37336899,3,0.7551598171941485
15636527,2,0.6678613204720332
31939503,1,0.3585079293012085
9938130,4,0.4625615789863507
7955602,5,0.7764738529277058
25799297,0,0.6705450961641557
15482097,6,0.6187626141151183
16694671,6,0.6481736469130064
4800419,0,0.8705623454551038
13119791,6,0.41847846377823145
33009893,1,0.5668909987246518
23053365,6,0.3825913235251671
25593325,6,0.4620823429464434
39147407,2,0.6935016263323224
20450313,6,0.5477016204945999
29500012,2,0.690132260421605
19347009,6,0.6593493855296528
5128741,1,0.4547243730641341
7100514,7,0.4103110046284668
22359595,7,0.5394642360718656
17820699,5,0.3447414874926576
32339872,6,0.3407279346441351
24524740,6,0.6640702564924467
9134491,7,0.5094708239346399
14926601,6,0.627289450779532
34902352,1,0.4360481783006314
34010106,8,0.8084990359840477
3145897,6,0.2875705468019285
6763636,6,0.7052907315212067
16748891,3,0.5767269693469265
38976089,7,0.539129963446025
26084620,3,0.4974096130862737
25147934,3,0.7653125718301789
21274619,6,0.4811005487627612
9272257,1,0.5687471468378091
26146837,6,0.763269254463541
37017786,3,0.4695333659908486
21714335,7,0.5624616778558864
7430108,6,0.5145589107930731
39428481,6,0.3306087548273387
1508906,6,0.8787561281001224
28311203,6,0.677193304062505
9416934,5,0.8584106320054773
37863410,4,0.5623859694536077
6082501,6,0.4927454328818113
34335989,4,0.4310801156980224
4699605,6,0.36833837516900164
36023996,4,0.5979935361883111
6924706,2,0.41690229850186644
28293270,1,0.6099763894189757
30197052,4,0.292460172943559
9162453,0,0.6483731066275695
15153876,8,0.4219387052881995
35352390,5,0.43909786105267357
14836425,4,0.8028436814588192
2154095,7,0.38915274348184203
38556217,2,0.7554421145031263
37272552,7,0.46511565354269313
20642504,6,0.7198319702241741
21104176,6,0.29352769251979727
37166188,2,0.3283502719221426
25085870,3,0.597648742774476
26290620,2,0.48768869248838675
11714768,4,0.9449830875765058
16832266,3,0.38529599500773387
10851246,0,0.5267715811160683
39243929,6,0.5996464146079975
37452166,8,0.7208457386201139
18806424,3,0.3039919164169979
16871130,6,0.4589836258757558
790898,3,0.4723628727043029
36128685,7,0.6496078814725944
34420864,4,0.6846196308162357
37894912,8,0.3437914130660309
25150107,6,0.4927217156204387
12556977,6,0.4341532256284586
29473306,8,0.3300648595397652
2349302,6,0.348481938943105
22497852,8,0.3615757781232092
34599421,5,0.5404731057916234
20346314,5,0.9254042540638849
10005343,3,0.4295111139943894
35042587,7,0.5568698608022754
20877106,6,0.8081220294956022
6399975,0,0.42865694327334986
28623521,8,0.6426117527882762
6282053,6,0.5789037648246176
9300491,6,0.40141734546184854
2020228,1,0.5057718051457035
32215992,6,0.6734202261250992
10982505,6,0.6045301675242564
31326420,7,0.8506670542552485
34673447,8,0.56857222937881
38136016,0,0.620746821506242
5154443,6,0.8422523621797753
7772373,6,0.8982043462948299
22587851,8,0.7622263597040021
27804239,8,0.4769573158339327
39929777,8,0.4352056477654203
33375581,0,0.48132112397354926
1494696,6,0.3111495924863867
14182780,6,0.4623584054671798
15193506,5,0.40163628286287717
17644730,0,0.8522689921310892
36589367,7,0.5948673805342765
36878064,8,0.37836615287066305
39715183,5,0.7672534867013895
13376135,3,0.8455174065610117
19655086,7,0.4176612593495958
39579355,6,0.4856303532536628
13851410,5,0.7881461019080419
34570067,8,0.558214003044642
12827349,0,0.3720855046338646
3142883,2,0.7610329838611839
38551278,3,0.6132638081728872
26241360,5,0.78112297512191
34011006,3,0.3530370343656072
35496542,6,0.3348540385481517
31018413,0,0.6675367366795316
36635495,6,0.30098027624883766
16760517,6,0.4308407551574544
16994547,2,0.9121734395836213
18766960,6,0.36707957044927286
34303963,6,0.49129320223126804
25332777,2,0.8813650368027648
21487916,5,0.6561691714035353
17052480,6,0.5481292510725259
30416811,8,0.4052487285220656
38866162,5,0.5996566028140976
24610802,8,0.40905404116582156
37362971,7,0.6623017736689346
7186928,8,0.6584168396783003
35419236,1,0.37017468286531285
23797691,3,0.7039817169993084
26989078,7,0.7710846191033017
9486871,6,0.4208482350064066
37925504,6,0.6722766147186038
24830804,0,0.9999999999829352
2046802,3,0.6148275102043022
25442171,4,0.43563755903520684
2173425,6,0.6508951299128213
20047851,0,0.7607124418578798
29641869,7,0.5137451935413465
32820673,6,0.8533974118998542
16222178,6,0.43570753367268
35887564,4,0.8452530527278421
24191668,1,0.647679124555281
8525447,0,0.8242123545758759
24282416,0,0.5680398439633851
16803951,0,0.4782895041420544
34349222,3,0.42350842657028087
28367810,6,0.6157878009566001
26935287,6,0.7627176003349885
5808819,6,0.430413035176639
1829810,8,0.6242534221769427
32017943,7,0.6281750142710625
22363061,5,0.6496397640846536
30359801,7,0.5531559223656868
39835536,0,0.549215020967149
28741563,1,0.8419185812074179
38182463,6,0.7077512912085914
36986350,6,0.9246712246615367
28091984,5,0.6800734365925868
3612785,6,0.6653099120125677
40031004,6,0.3839093741445643
29919757,8,0.7023300426243723
1994488,6,0.5037837333946831
28116945,8,0.45768299650434696
17376085,3,0.5713878042071022
38363994,4,0.6881334271485658
29671395,4,0.41345751839864037
17845350,5,0.6781413993696112
32887408,5,0.4422025810353972
13926647,6,0.32426127839588437
36755891,5,0.5568898652738232
24537896,0,0.743617640984818
32428120,2,0.756353646497866
21390612,0,0.5641981680123799
31492602,8,0.6533124329855726
35517196,7,0.35774242397448164
12110245,3,0.5275896958038369
21140853,5,0.7751758809054422
7217617,2,0.9038332257212849
33682692,4,0.6029544837573637
36321157,5,0.45988553789854286
29355120,6,0.7516806651858795
11027865,3,0.6159314366152082
37214297,0,0.7239540819772318
35251210,7,0.6766436215727492
8974457,2,0.863965579969422
4220441,6,0.37638635417145005
35632009,7,0.38393228332878715
31633738,0,0.717091389715807
27203090,8,0.5361516751058776
36712706,6,0.3033987302448982
39317373,4,0.6541768766354288
19303835,8,0.7378894858584173
20293369,8,0.488260689512179
39305135,2,0.7018471907108296
25529070,8,0.5781105873078192
29592679,0,0.7230690506471238
18663772,7,0.6794236057607835
39494787,8,0.614859899424052
18666920,6,0.4723885416957631
22668465,6,0.3971097886638157
38594515,4,0.4349922679306632
21411099,0,0.9999999999793588
6189047,6,0.49503426888797875
23117570,3,0.4266772171992903
33794873,3,0.4956917251650409
18939133,7,0.6616115129268746
9630494,3,0.8642783967494305
33488351,3,0.679695783213435
2568018,6,0.6306367519381254
22361802,8,0.6632749731008918
11388180,0,0.577232970246295
33466635,8,0.9999999999891105
35679173,8,0.32979544648639936
36901124,6,0.43429166757658993
36808628,1,0.3109196498771125
28012791,6,0.8512328929923155
10547343,3,0.7485145698732432
33176297,3,0.6734894168998654
33218010,5,0.5447917749715996
23206528,0,0.5841763966654503
32320254,6,0.6412888303214552
10472620,6,0.6616509887922432
33295581,4,0.5097274039093129
16193578,0,0.9999999999739528
37206097,0,0.450657418503463
36090648,3,0.6985956210697429
36100593,4,0.5005169802882695
32939731,0,0.4480590353834738
33120475,5,0.4609498092691515
37570762,1,0.687740052265389
1915643,3,0.869821380499008
31053602,1,0.376327764776739
39196603,0,0.5281007373757025
34602461,0,0.4842650879827415
20629012,2,0.8376653287878306
19675760,0,0.6135529547671628
32596094,7,0.41472233826937516
2362541,6,0.2139087580993093
870520,0,0.8584180114200017
39741509,0,0.45112304887538784
26801490,3,0.5771482131908242
29017416,8,0.3170225375013661
777778,2,0.5760020401271351
30790518,0,0.434354998127756
8533885,7,0.28846616177104006
37192297,8,0.7516955826473549
7752814,3,0.5334400983210884
16254513,5,0.2971813855490671
30692750,6,0.7394017327127784
36063800,1,0.48843640121756393
5958929,0,0.9999999999763187
12644902,6,0.6382000912750169
33906183,6,0.4050034250927663
13176533,6,0.5195066436064788
26145724,6,0.6798467036926003
23426759,6,0.6343688816988083
34777259,0,0.9999999999825377
28191934,4,0.6592849007826519
37850357,6,0.5034174368222747
13371444,8,0.599228297623089
14716981,5,0.8913014002175013
37353951,8,0.6534481362077502
27103849,7,0.753645113911413
24432831,2,0.20017995705540267
34646262,5,0.5009901512225132
19446183,5,0.9183631448616862
19627867,3,0.7838118160004691
23818041,6,0.30596666381817345
31093459,7,0.6322672983014115
35826487,1,0.4784890404662741
9856435,3,0.7904273689232213
17976695,3,0.7662192785988293
24315016,8,0.6073597296189464
26764634,2,0.3969526235080542
37443386,5,0.37264763646733823
15078246,6,0.6153800552517171
39459947,7,0.9681402216472264
16922293,1,0.9071912782962162
23666661,8,0.5681288570742167
6809067,3,0.6213077720653651
37017773,4,0.674935008235371
33891918,6,0.7825771883214344
4479463,4,0.41242980480099395
33803806,6,0.2853874677996519
14864895,6,0.4037501258545273
13570344,8,0.42382087501606686
25411052,0,0.38975111453259026
10669897,3,0.3660521429647746
31048613,1,0.4751934714110182
16313224,6,0.7541078916108026
30477150,1,0.4215468344902423
6109890,7,0.5794719905837084
23173340,0,0.24125581459501538
11745614,6,0.6488324119338199
33897848,6,0.36299476195837843
32158760,6,0.8408262135695819
9648896,6,0.6952268833262533
19731665,1,0.7173391449412018
36796887,6,0.5167907989650607
8126139,8,0.45185535517684855
38285195,0,0.5119339427121302
26336108,5,0.5773876541310182
35893997,5,0.7232831332179396
6222528,3,0.32668062181557506
24748781,2,0.9190142510437379
7569050,6,0.30479123701867455
17959955,4,0.4924440200203321
19073579,6,0.6980176945387653
39135208,8,0.4967928060819343
36114063,8,0.6535362151051036
18570492,6,0.5821383450254145
24041935,8,0.41091711373399054
12770302,6,0.4009249264533486
30011715,6,0.573078927679795
39233057,6,0.6824390178658493
15372949,0,0.4005521983881082
39925157,7,0.725311300890787
33024954,6,0.9073939183174042
21208376,0,0.42717476279209843
30998547,6,0.6219153597935061
10364201,6,0.47220431968247595
18369726,8,0.8901921854569026
23416024,7,0.5763451880169559
10265115,7,0.46004374013253857
6832332,6,0.27974100744192987
34955200,0,0.4549260515970808
19188981,0,0.4095430746233613
25473948,6,0.4885734100603094
20904326,1,0.7857482296461692
30413207,6,0.4644986314799029
20602696,4,0.44224384794245875
23388509,6,0.6783698374979624
26935793,1,0.5855647276762466
4135836,6,0.7657376828797081
4009251,0,0.8952269433574594
31032890,5,0.2900326991322967
25716316,1,0.8548918654734856
24350779,0,0.9999999999713324
17323824,3,0.3367471949193529
39187738,3,0.8764693640009297
21205472,4,0.6592726347530071
20620643,8,0.6982281465776728
38845176,8,0.33316190659043393
29066550,3,0.7362813676221547
35951786,4,0.7112592441567491
37155266,8,0.6444867687993381
10404792,5,0.8344900791501655
23397460,8,0.3732359923004652
36827888,0,0.718289953960503
18661464,8,0.6217658425337573
28572289,3,0.7687308887759784
23827025,6,0.8880674766217921
4427623,6,0.9674500292330911
24965534,8,0.49256205170434514
33027713,4,0.7845682208891129
30188285,8,0.2547546367370461
7664803,1,0.42934424042299313
38341180,6,0.22092351697820414
18062443,3,0.716129973448671
9531028,0,0.9340159346111592
8262072,3,0.9459665166749759
6394170,8,0.6782792803240405
12448583,6,0.3556048046780642
11280287,0,0.5127823922860859
18245718,0,0.5451711436099388
9510183,8,0.5633566487461622
34129354,6,0.6065263162946102
28943107,7,0.5164296928304503
4650639,8,0.5036993913325543
35389050,6,0.8570391876476395
30882145,1,0.4675919810538993
37131820,7,0.64895719629065
36924820,0,0.7026634699937601
22927198,6,0.47637914532335324
11632388,3,0.3879239803819365
38592999,2,0.9521123090331424
30769856,8,0.33245108475758306
11527793,8,0.28848867183267707
36719891,4,0.4500079540164225
29748045,3,0.32850145953730003
27791307,5,0.9822017894944407
30617933,1,0.7154274043853182
21737487,6,0.6219217605784841
21252948,0,0.6187690799315513
13570644,7,0.3565898597791173
14495868,3,0.45114544664794975
23457493,6,0.5322719995290471
19577973,6,0.7385070882951392
5724701,7,0.3175344211320743
34968412,3,0.340570317174717
39047630,3,0.7010803327041926
28515570,8,0.6104233285824322
39667089,5,0.6206299997623894
28059562,0,0.47110015663947047
33971484,6,0.5262724138475134
6043463,0,0.656474194597353
36075147,0,0.4099643862550347
27846942,8,0.43033077281768073
29737715,5,0.34878614893491006
9526203,6,0.3989077524204924
14928820,0,0.47491002760512285
21409279,2,0.5191156316184508
8323728,6,0.5295539349807347
27131462,3,0.6474579205970129
24967934,2,0.8294781900687664
27301022,2,0.4825370563601848
25161727,6,0.5894447458501106
2608645,3,0.8975487449204442
15120662,5,0.47746957139950136
40109555,6,0.6689223599109585
22268521,6,0.9999999999810811
22038762,1,0.44804867672729887
19171686,3,0.5744901739010342
8983150,0,0.5019086945795098
20460339,3,0.3622270702693183
27949024,1,0.7142013509820652
33417908,5,0.40125083330089784
250038,6,0.4996003478694473
38509137,0,0.8301968726100909
13895951,8,0.5897116072034985
4688943,6,0.5199758736104511
30012998,4,0.40070269043559437
10158060,4,0.8799561793157338
23000451,3,0.7392414035898702
19611822,0,0.7585750780814586
39069782,0,0.9999999999744767
1459080,8,0.5948405692087702
35090726,1,0.5179467808427728
11981810,4,0.3567132026215336
35158917,5,0.7183402123808739
25977673,0,0.5644516798792155
30944576,6,0.49359592326382795
23110542,5,0.24668034492991256
18553896,0,0.41817153514881467
32064061,1,0.6574503355262868
9328638,3,0.9614420137684357
19833298,7,0.702094627140005
12925615,4,0.5122777099365424
2104957,7,0.3564390012648225
5612123,7,0.3002447885006312
33679738,6,0.44284673536768426
38136516,4,0.8280498014122698
32329289,4,0.538473114907321
36376135,1,0.4672609904528348
28272974,2,0.6047089307650767
9167390,8,0.4971982945457803
34489749,7,0.3532267210243213
91205,6,0.6383410137226119
10073045,3,0.33384508470421626
37789543,5,0.7865158059920265
39395530,0,0.4905321557172783
40118548,5,0.43051608922277806
23408284,1,0.35409340916585147
38222962,6,0.4807273358622954
22062724,6,0.3763501070226563
36846260,1,0.5431929204048799
30674540,8,0.432375361608085
6245108,6,0.5078204857611169
27949901,6,0.7491593113153315
22916937,0,0.9864227425649919
35953018,6,0.7583405622168685
18790206,1,0.41862105368184355
18868436,1,0.34642111016021343
28097462,7,0.6406352087536453
35384358,8,0.7330774027697086
6672525,3,0.42569094840969124
34760688,6,0.6307476552624429
25193482,7,0.5943226159764313
34671322,0,0.5376647051466176
40065615,6,0.6318473862172482
38660931,6,0.822516271691606
34163933,5,0.9678232204662404
39078772,2,0.9993834389275557
19319752,8,0.33191238324704636
32892174,3,0.7177583705417103
24121983,4,0.5687731709497352
21349528,6,0.4267170607081741
18536549,0,0.26718608025531637
22208051,6,0.36655000469106
12193471,1,0.4942338758864774
39067321,4,0.5190677318377508
37291261,4,0.25791129860982687
37891207,1,0.6989210432243352
22517827,5,0.6506947985900251
27179268,1,0.4432149075127306
39605067,0,0.43392158625651717
27800703,6,0.917628676678249
21542700,4,0.3590286672486018
20655158,7,0.37426890591766987
23328555,7,0.5629246019349096
28330460,6,0.6491360272311187
38648355,3,0.7087566942390272
10021899,6,0.5856302966127894
39880938,5,0.8781187423118999
13099032,6,0.6043769175621397
38908500,5,0.6133476712220264
36101233,7,0.8191832895667011
26901434,8,0.4983267701252159
28661218,6,0.2998327103263528
15297685,4,0.4761448087745992
8582766,3,0.6371392057374226
35905947,8,0.46547531407584986
2070377,2,0.8179952022808122
27227480,1,0.47295303153724444
39684415,5,0.5340569198738416
25291590,3,0.5163743852131559
28518684,5,0.9734935584892056
12318172,3,0.5121625744584806
33947939,0,0.723886821299962
37668267,5,0.4022118179968987
23577370,5,0.7000980728255625
30044697,7,0.6719536528814173
24080856,1,0.7349994953407699
28596441,0,0.3051779205490242
5289189,7,0.6317840718915936
21117014,4,0.779531898338595
39563183,6,0.37036875768606914
9755003,0,0.9986180466132688
33846772,3,0.4610168719918309
22236592,8,0.4736841491866127
7519135,1,0.3769105686519456
25030725,3,0.7905855834207616
17507018,3,0.5585872373753893
38206527,5,0.7242167127700201
11626201,8,0.743238822731084
19128342,0,0.7234440118761774
12579163,6,0.7912983640496719
29751005,6,0.5499075549002852
20830455,0,0.5540370069586574
16672445,0,0.5103525199508356
36832404,6,0.36252589579274924
10718227,6,0.49300981851572173
11944385,0,0.7867454739837588
6806811,0,0.47964686258052935
24492924,0,0.39296212457630747
30946767,2,0.3350575890019448
7030463,8,0.47809482355321775
28924810,3,0.49263748361790916
38211773,0,0.7044811331681922
34149829,8,0.3068956731916444
24436013,5,0.40877651596073905
28554658,0,0.4228255053827993
38357632,4,0.7723801214883435
21511445,4,0.30428275969689256
31798645,4,0.9331360882185554
9768645,7,0.9578157897416668
22001578,7,0.4085531810959589
33799390,6,0.78407704951511
40070615,5,0.6649371966835977
5400833,6,0.674872772491572
29044312,6,0.7387780492888965
30797937,1,0.5824971443439908
10410135,5,0.9268964514649191
18167701,0,0.44408191573905376
13964152,2,0.47708232839996884
4305070,6,0.7817514980874191
36684870,1,0.45978315011394283
25488852,8,0.6311932708281146
21915708,6,0.9624280218707504
32740577,6,0.4043569167923671
7905954,3,0.3843494937979197
24432956,1,0.39852472855146026
34617422,8,0.525504183443984
14897027,7,0.3980052811935482
21316262,7,0.5226102743817399
15125903,6,0.6820371810047178
4915202,6,0.6434117309171634
21279603,3,0.2302473435470858
34924953,1,0.7163682412799841
37155666,6,0.3188663400013834
24000654,6,0.38746661715126374
32940708,0,0.781967783654686
23667439,6,0.308225645201024
2760351,6,0.5700745966763198
18279865,7,0.44426374000459123
34889664,2,0.39080349438859674
6121431,0,0.6437625806258452
29579871,2,0.8022312634190325
39381004,0,0.32038616172347373
19848467,7,0.5051304178049701
10132632,6,0.6844224213498069
16055024,7,0.30464053607946656
33599536,3,0.5161202011855381
24943071,8,0.26805012556042407
16818884,7,0.517135207725637
4700725,0,0.3152733932032403
23303525,4,0.3958877073635441
29864225,6,0.40019746441039816
14500831,0,0.5331840538482818
38062399,0,0.33792173475000253
25320322,6,0.47385985903467837
27573592,5,0.3978479598253881
12867178,4,0.5079921136101002
36708873,6,0.3645697093574274
15438332,3,0.365146025475446
3840177,1,0.6896920534614548
13017397,6,0.42425678174567627
28387180,4,0.5815109836177339
39816564,6,0.9260321353966248
33637620,5,0.6957283445045301
22004466,3,0.654632137417868
21584990,1,0.4410286416659171
2784977,0,0.4384269367630671
34347010,8,0.680617437380823
17976063,0,0.41796590732231276
28908167,7,0.4999435310866767
27135933,6,0.542628701203111
39067978,0,0.4500209650276968
12225159,6,0.34682839904500345
18818721,1,0.4866884438347937
17923090,6,0.6589871429767329
25715627,4,0.5289110572384342
28680896,6,0.3003098799013733
16739894,6,0.7268498409823722
22818948,6,0.48370363192209387
10573688,3,0.28493759339536384
39455901,0,0.7684426712147445
2917866,2,0.3386931420500387
7923509,6,0.5499774892558127
30569889,5,0.724018218503013
35857457,0,0.38856672312238116
39112761,6,0.5349561363532841
17897366,1,0.44247600849787694
9152116,6,0.7719306408257576
29048607,0,0.7042030161838396
10886841,6,0.7322588499617704
32257262,0,0.2590352677624149
3088497,6,0.6375745659587526
5916187,3,0.9208345899457603
39276874,6,0.36573871017234966
38536999,3,0.6401300180664885
20547421,7,0.590747811432985
8128736,6,0.484147355351531
25677214,4,0.4519973728225362
36531679,6,0.4579483725790726
17386936,0,0.684827379559909
29521746,0,0.9999999999790713
7692983,3,0.5572502168979161
33041756,7,0.2491703292572765
17091075,6,0.4976872268270301
17896767,3,0.307570351849159
15459615,6,0.6539521879902054
8888124,6,0.4876053527817065
18796397,6,0.6820545217945916
6212220,6,0.5041785709717566
26898720,5,0.5840548687366789
17505380,7,0.2572184232224678
28726303,7,0.7697323441986823
30942123,8,0.27517585841615344
34709933,0,0.37071158258817083
38017111,6,0.7217000974829072
28069953,3,0.5672241777499992
32614116,5,0.934562899949227
29199083,8,0.3622633442656924
21649509,2,0.9095227851573258
2479690,6,0.44738998943203145
22651764,8,0.419278749866065
17964198,7,0.5396748219221591
19529502,8,0.27498711701201906
11823521,3,0.4913248233419882
26353195,5,0.9471205722820576
36297116,8,0.3739197608175449
7544112,5,0.9111017753100609
17688472,5,0.5631087714200989
33722444,5,0.36309042250431406
2685015,8,0.458432390443538
16219358,3,0.47510920002121204
9245865,0,0.49593109537409846
4746121,2,0.4004054281884961
19051414,4,0.6366569000805932
34310225,1,0.6409426001344574
34697001,6,0.5898953879263129
9919604,0,0.9618635985323449
9820291,6,0.6497162609629847
14548020,7,0.2886281629829123
30105541,5,0.9079401894533999
28537422,6,0.4302843710403291
2162115,7,0.6932182196941646
15452390,6,0.8113343129042884
35821904,5,0.5229662458987422
37337120,6,0.6288215698044826
33079110,7,0.9100278492109799
34921650,8,0.4782314699234135
17068128,6,0.5916096941151787
16110230,7,0.40001084470502407
11234843,6,0.8073848602281766
28369418,2,0.4716290739419996
24175212,3,0.8732946040453696
12181185,6,0.6375734623360957
13437327,5,0.5508729433067946
6478931,8,0.7210716024968999
33649949,5,0.770759763170873
24255333,3,0.4806961984131884
22547591,7,0.4885383306386686
16733821,0,0.5620926182436823
38124335,7,0.7628147975716645
8027158,7,0.4622952213624268
35447073,4,0.7729969258592336
4824683,6,0.713384685167305
37746561,4,0.9212244083222275
1854,6,0.7794893141010506
3128821,2,0.5400743781283809
39948543,5,0.5510921327824825
29247960,4,0.6711406613186085
35511296,0,0.22324209961105682
4980297,1,0.3960386865415473
31757747,6,0.6521616817631555
31820470,8,0.4031089292956005
26399877,1,0.32136134088297613
18287633,8,0.5511527388306066
10496168,8,0.4635547286447823
23691564,6,0.5939045548412643
29309133,8,0.23264760110077223
11646697,7,0.33971423406402884
15593775,0,0.9246891802074286
30273877,1,0.3987788803003591
1141504,5,0.38343681280227676
24069150,7,0.33556272693300837
32322090,3,0.5217320972593051
19712264,4,0.49444916455938254
24627928,8,0.30330462654006685
19932708,6,0.38381013540545866
1497258,3,0.2915854591534762
34883909,4,0.9613471824091112
24793385,2,0.7133786974463484
28939006,8,0.5476696439235351
32660583,4,0.5286386801681926
28408943,0,0.34519302896300347
24509737,3,0.4941500648470863
12702839,0,0.5914899074482984
16598393,0,0.3405406281216066
12341588,8,0.5414593917369107
29010049,1,0.47996804638271745
36041797,8,0.47747288454869846
19342977,1,0.6799694778045065
32132999,6,0.6454265690491925
19590344,6,0.33618687767471916
21989035,4,0.3430347147507725
34869347,1,0.688543504951317
15825201,3,0.8154427442794536
39958232,2,0.9507758952411253
28910157,1,0.5816170663678517
30340555,6,0.2976852981866973
38780223,6,0.9676642358572779
24887337,4,0.9148547259185374
39434821,7,0.29630652416532144
34255749,5,0.4714448126993574
833062,6,0.8969908001132777
9423294,7,0.2990696256069441
30172944,8,0.40980306580809167
31304499,4,0.5417255256623179
39813055,1,0.8443090476869257
9955785,2,0.8736869124906657
30844050,6,0.5404148395322144
30253425,6,0.6674147662826667
20517583,0,0.9705106696490634
19116509,7,0.561593344114235
36746693,5,0.7480718178070338
38678377,8,0.4752482212081553
19253264,3,0.48236215676166116
14846147,4,0.6964653673818718
38358881,6,0.5911363782383445
18732016,7,0.4009377642829722
15627908,8,0.7547373913821508
3153112,3,0.4890495217489241
27338553,4,0.5041865922943324
28508228,7,0.5723861125193694
37797227,6,0.5713782193605678
34367790,0,0.5063005209505104
16692777,0,0.7598629324288991
22699040,7,0.3610700542217341
27821571,5,0.40278230837116713
12787452,2,0.47316380048284185
5968951,6,0.9458601479350462
26696650,0,0.5330544656699573
38565022,4,0.27604654858078026
24339875,2,0.7540787184064427
19737367,0,0.6400922347302879
3343076,6,0.6071644149267045
30063572,4,0.9047474932565938
38569350,0,0.7263489558789186
14232905,1,0.34295278696925485
37173450,8,0.4617778930055025
32855942,7,0.4562346304124313
11238277,0,0.8670052261289258
27559742,7,0.5295584968028667
34618256,8,0.4710851609213722
27447953,0,0.9999999999687562
26564336,7,0.47131730070872546
16846977,5,0.4818436000105976
22784372,3,0.44353029043954906
22018400,5,0.99233862357044
22197096,0,0.8062057269873094
29395516,8,0.5689080393917841
19263704,6,0.8617907392336731
1649351,7,0.45346805050773864
21678058,7,0.4622618384287707
10688843,1,0.7531574004378835
31831242,0,0.5988978148383838
40048443,5,0.7867206976896168
34767400,7,0.465924152445437
13398697,8,0.47245586261915923
23766054,4,0.7682509175776606
34340458,3,0.9036478165563333
29153653,4,0.5755283335068735
8935228,6,0.5705576895240384
33612481,8,0.39612093216037103
28813775,6,0.5834889950387192
22159278,0,0.7916293321432197
22528752,3,0.4471196929153252
33658175,7,0.4368206329100147
20045894,1,0.3909035039163515
32343514,1,0.6065120027370748
34403656,1,0.5398249018782018
34207641,1,0.579926225873575
35964583,0,0.3507240587712819
14594324,6,0.9471309039150957
21913102,0,0.6699966692307259
18556688,6,0.8910622032724526
39522703,2,0.5067594430656317
27001249,0,0.3912205037158447
20779343,8,0.494213473071741
12553598,1,0.6542425086743301
26720745,6,0.62348034802105
26996126,1,0.39065101621632464
31700681,8,0.7805722330570696
34535816,6,0.6563249477144653
36113663,6,0.6118405668984308
11663244,7,0.48341849224049505
16122228,0,0.48342563344987416
23399564,8,0.690257326784756
38888628,6,0.5972289307671216
3822336,8,0.368722186380218
31751674,7,0.6731244254698511
24915995,0,0.46366525601935354
11729662,8,0.5996964643707995
26181113,0,0.3895477998364481
39504872,0,0.9999999999744371
6839922,1,0.5152221084766508
23165736,7,0.44690114486684884
27077908,6,0.5907204593119645
23648826,6,0.5975840616873712
20997863,7,0.6539116692015756
30060303,8,0.4024357504565286
4359085,3,0.8578861693102484
34772030,1,0.5383424636234516
36424454,0,0.5348392900238121
18228612,2,0.7536968919384714
17926273,4,0.8385913785759862
4801216,7,0.5850261285802617
26693852,6,0.9836934536804794
39379351,3,0.9618617269554124
1782843,3,0.4259505693402847
34902649,0,0.5318985195664472
37883072,4,0.48243793536303825
21567158,0,0.9557540424367935
14138858,8,0.36684108922183745
37487379,7,0.7429264174059419
11785720,6,0.7803509298675185
23230184,5,0.3808757287864944
20753807,6,0.5675897799638757
18729026,7,0.35691662078400443
30580462,3,0.3236474013499162
36780377,0,0.6283245689055932
22446362,0,0.655257577441755
17933572,6,0.8765915718471886
28970771,0,0.6556263271658999
33359306,8,0.7334413994197491
17757306,3,0.3967487062393654
26716389,7,0.6708601001211939
32804499,0,0.4947030644527968
28747962,0,0.6412792392647834
10713579,3,0.36836969045477647
12526065,2,0.747648331473693
35436399,4,0.5359302679514826
31641440,1,0.5007755374956244
29530594,0,0.31016713848263583
37091436,5,0.41435315091188046
30539789,3,0.7144061787517579
37153426,6,0.2523216202359591
22510934,7,0.7989084356559046
14440455,6,0.36477887803529974
38742207,6,0.6794874510287352
35462876,6,0.558383811007424
30559507,1,0.5190811745198224
2386418,3,0.7666396088410783
35314206,6,0.6378950604356526
6433646,1,0.486276573987691
36099260,2,0.49981094988127783
25080463,1,0.5424844708015579
25596426,6,0.5840298206885219
9907352,7,0.5112968254307649
10212791,6,0.44184306107598353
13978556,1,0.3021824942883838
15564523,8,0.395706711590311
18351291,2,0.34413454790712406
9332736,3,0.7757870408558512
36515258,3,0.5315302411385028
11454356,0,0.7125269690464383
25952300,1,0.8468299306500048
28254910,0,0.7737684900322369
10867028,4,0.642880429976246
39219302,8,0.3194691858864563
17287017,2,0.9999999999935187
772814,7,0.27992637585065083
18714724,0,0.35493074186140766
2203424,3,0.45033712809383464
27353947,4,0.6394292250189108
22860742,2,0.8476108133715946
31562726,8,0.49744887523007714
36101327,1,0.6485072285302966
38112650,6,0.30078557620122043
39936831,1,0.48975187539451737
22739701,2,0.7505933366945458
33105830,4,0.6757015507725954
22956785,6,0.4559930387101792
5799126,1,0.7480671529576461
27839797,6,0.7373772786379158
27935718,3,0.3236231433112266
3611827,2,0.4835964650314584
17938818,7,0.5870680534995447
38112806,7,0.7001939396384674
23060615,6,0.45746736681065453
39755464,0,0.8899538177503099
3907810,7,0.7794162075366659
31532290,8,0.4529788236620468
2803737,7,0.47493018410797944
35666067,7,0.7013662353010419
14267427,6,0.7535079732523843
22118704,4,0.3621742903122261
8348456,6,0.5712151580178091
36453319,0,0.4087931825037041
20978757,5,0.5007056431159519
17405992,8,0.7433606682643118
4432208,6,0.7946986086493614
28256618,5,0.9682705186316782
21726553,5,0.9999999999900019
30490452,6,0.8567792960994481
32680184,1,0.827297111879756
23122079,3,0.33871921562052526
29109802,4,0.47397870400050135
9687989,7,0.48392811187592605
6281670,6,0.6098114577805474
7068360,0,0.5347578024148267
35197779,1,0.7266184633123052
9874405,1,0.6717997877814564
13002132,1,0.555818914897766
4811379,0,0.45849706855641503
34776877,7,0.5964644734830231
6368452,7,0.4223423030534868
39474896,6,0.5421927982140046
28523535,4,0.7582440600921306
36191351,3,0.5000615589698
25371880,0,0.4429024111884341
28457312,3,0.8823951301828534
15123928,5,0.6114688052706279
37482733,4,0.6401959838913126
13944427,1,0.6461927109730146
9103511,1,0.5182178624514562
29480288,0,0.6549027682620445
20480238,4,0.9593700972353896
36032280,3,0.5237442888694889
25331500,2,0.7907470481442751
10775411,6,0.7847523178841864
34112729,3,0.6569976558935989
21476075,1,0.6089083073961891
35651895,4,0.5162687812262287
9790121,6,0.37315953585470346
38000290,0,0.41878903776776194
27313970,8,0.6408478225609865
24031821,6,0.9007551267002366
15233601,7,0.3692025122792515
13512823,3,0.5643318030296814
6942039,5,0.3898549294254041
34873614,7,0.7163906194912337
36402748,4,0.8359082148186884
19216135,0,0.715461757830464
14867193,0,0.48293147213507925
8306171,6,0.4831592492429513
2119761,5,0.2713069092149491
33490163,7,0.7412604139816225
5558837,7,0.420233471767047
25875465,8,0.4851541057897125
34927327,3,0.6327637033912714
25041420,6,0.3266343816123635
8710918,1,0.6349850817387482
25063167,5,0.678698362438538
23765639,0,0.801397317780256
1734801,3,0.5136688436144352
35382203,2,0.8023991921339799
17534932,8,0.5523049857777849
33177824,4,0.8486654959081149
11448005,6,0.447732786583452
23048756,6,0.8709523152488922
32173856,6,0.48704161026065307
33209048,1,0.5898842261676605
25268696,7,0.40984838465673007
2995983,6,0.8224468084288934
34660528,0,0.9955241506646221
34376896,4,0.5387398806005317
7141501,0,0.7138677328155958
31321210,2,0.8724666592356708
12189133,4,0.34754494277461223
35213559,6,0.865812809292437
33619188,8,0.5623592716275752
39923814,7,0.45729950263970154
38946269,1,0.6307213695097914
10920035,6,0.5928737142095974
29869559,4,0.6199245496526234
21843693,8,0.7909448486972314
15832451,6,0.6888471589711668
6745523,6,0.6823083453255975
27929669,7,0.4805493472032499
39334235,7,0.7618445924113565
34324025,6,0.5594161417440245
39353395,5,0.37972870448002616
31111032,4,0.7927271300581774
26659877,7,0.32784840497257717
34839105,0,0.25603503175353065
27293796,1,0.5728564311524752
32084545,0,0.4799494071106477
36368252,5,0.9999999999919303
34710633,1,0.47219094199684003
21752684,8,0.4551394363272973
38827949,1,0.4959921954178182
21394015,8,0.36152810482698244
22399888,0,0.49024548869041495
6204443,3,0.3949302576565444
33579522,5,0.7070624774004634
20107925,0,0.6346574265592385
15522310,4,0.5988049112738544
37006267,2,0.8364073173217594
32381416,8,0.3313939576694083
25822738,6,0.43481480733530076
29947162,8,0.5945331904374103
36139,0,0.9101989380692476
20926193,7,0.47740864962924445
23584709,8,0.3916902249355241
36292999,3,0.51805927458344
35662828,8,0.4538662109323963
33489133,8,0.629955144997779
29866162,6,0.8915880406991906
18637752,3,0.5663983151119307
17777219,6,0.43954551812925496
32339864,1,0.5274710396304296
15020911,3,0.24021753311012292
16341484,0,0.5556869982346833
21166771,5,0.6505021924349936
13770335,8,0.40102362107892936
35546853,2,0.3312462569630711
16860792,0,0.5146336396107684
7524467,3,0.7256434244399969
27372782,6,0.9999999999836078
31379169,6,0.40144244106518784
35851209,6,0.6181620187342844
16315673,5,0.4830469719261776
11598204,6,0.8747251495881184
5506444,6,0.3441939885774302
23083195,1,0.45891237113812594
16744826,8,0.47209309773711683
16694298,1,0.651726384809072
36515486,7,0.4647405751813315
36691704,7,0.6109582336254431
35281691,8,0.32765897555612195
39726805,0,0.6371787850174865
13805343,5,0.5903222940960702
25229511,8,0.6776292919598098
19645543,2,0.9602767855561991
31336084,4,0.6222930880149788
30589379,8,0.6350682096266599
26994963,0,0.4491627501862585
38826359,3,0.24087814094735302
33573239,0,0.2674827865381584
12939897,6,0.47216832816441684
394500,6,0.4896066770551071
17640919,8,0.39661812711453676
22715036,7,0.7156006109059956
39816374,5,0.5612012313850357
18478837,6,0.4509967644765474
24508033,5,0.5567331443566528
31551410,5,0.4696872945138408
17876492,8,0.507182126281754
25622764,3,0.4608982225398493
37750141,1,0.6460352313760505
16616563,8,0.3571884055615693
27524664,4,0.977452263222294
34985735,3,0.354474083199116
27433026,3,0.6188555511052121
28251453,6,0.4253898752633814
15112166,6,0.9105413138804254
39617488,7,0.8706570045124884
35101791,1,0.6318008198033022
39464748,7,0.7101484874254959
35624459,6,0.630296487854829
3542881,7,0.445102656282763
39644907,6,0.49466355645005133
8794506,6,0.4886891162737311
11376898,5,0.617058506845998
24830163,6,0.3553801328872521
29224258,4,0.8692424231488848
18563717,6,0.39372437257672505
16670712,2,0.44904554923817414
38097531,5,0.5531122388498954
39634861,2,0.6693037070915424
20661902,8,0.4400387578752145
11760436,6,0.46283266685246127
30217561,0,0.5534615305516635
35856708,0,0.7151672161501428
34706388,7,0.32945910415500396
12446132,2,0.5738583411254343
2487475,1,0.3282016820716533
34942123,7,0.3167520825001835
24587480,0,0.9156008208141162
33978621,5,0.4140040249871803
8813226,5,0.39102983597781826
30675956,2,0.597867599437431
26674790,6,0.6500638597837178
23704892,6,0.5246191303089653
24490115,0,0.45628386791332004
25691996,3,0.574651144353854
18040251,0,0.7963074608352362
26959176,5,0.6888412366688841
22876148,8,0.42627351392961316
32620254,0,0.3488696211479752
38129077,1,0.8063455152032429
10380065,0,0.8369846981389892
1522636,8,0.43329543198853276
11788115,7,0.4994796060120119
17127083,8,0.37862584991459236
29809524,7,0.525215999282482
23119648,8,0.3006760944729768
25593973,6,0.48947965951916367
39134580,1,0.7008144715298881
28993219,6,0.493311483927447
4182419,1,0.7329216917780567
31000289,6,0.7732140808938183
36528692,7,0.7994444135474734
39299917,0,0.9485128625946287
8470539,5,0.3934601880725308
33482496,6,0.43524802935607365
27071661,4,0.9162965949934553
33424001,1,0.5018872510162025
24065099,7,0.42395944167788435
25826219,7,0.7202544382004114
26004787,6,0.7087284098843112
23175728,0,0.8734442713720472
35547002,4,0.48639307703540274
21747902,6,0.3360030882319013
26245449,6,0.6837566296049187
28595465,5,0.2994082002907331
23433842,0,0.7327684790089442
31637600,6,0.28864099632958107
15610749,7,0.5598867565042297
21558782,3,0.5912012106740666
9324389,7,0.5583396827698032
10883805,4,0.7047557054542676
34288230,0,0.5901747776076769
18899555,6,0.4657787835832067
27233585,5,0.655416845336139
38266841,4,0.4297488238792052
39788860,3,0.41096689653227925
24872289,8,0.3976688337778597
29834729,4,0.5153476151388777
25826130,3,0.501577432606685
39941213,7,0.3687044737190797
34029726,7,0.5943441872853198
33324535,3,0.34336170305465485
25559596,0,0.42439974389601265
13855020,6,0.3894470238350846
39413447,0,0.8234255308758233
33699718,7,0.7388690750430714
3711303,0,0.9043548764751641
5767678,7,0.49311562349563365
15149075,1,0.7546662137489831
35602681,8,0.40775198237808985
1806608,0,0.7192932901726135
33315062,8,0.5398259897355532
25463013,3,0.689820975258239
31210223,1,0.5490375015618274
22540410,6,0.46130982306313245
36436283,8,0.45376636735315456
27884085,6,0.49849512265835766
32655055,1,0.6389657306205518
13094994,0,0.5285031708694233
18214937,6,0.4398877608140265
4806520,2,0.38289721422424816
21656843,1,0.3755828247564955
33953505,3,0.5049407705419853
35208553,5,0.735803536873208
25973363,1,0.44142930923450224
19349503,5,0.5735556167491838
39474794,0,0.6359955904624107
14764294,6,0.8077634577188276
3106893,1,0.6916999507244432
3100739,0,0.5173913498820036
9715454,0,0.55918706563224
23820144,0,0.5769412292583372
34696412,6,0.33445408727427545
30946670,1,0.6968970529637717
1658722,3,0.43518914889016375
23091840,6,0.4448378687488584
40045899,1,0.5031088026492813
29822007,1,0.4594327717714124
37610533,6,0.6243428600519856
24963118,2,0.5717287923897526
200738,0,0.4398340348587952
15401376,0,0.6544124305152486
16409992,6,0.588646575724679
24936107,6,0.9605669710361343
10166956,0,0.8143160729599334
15582443,6,0.4454026727969532
33996037,4,0.5771302003165586
14652081,2,0.7626785646906683
12500069,1,0.4293340388925743
18833471,3,0.681574484649343
16285889,3,0.8447477236035669
39177610,6,0.6066411381547865
22124914,7,0.41684296149351335
37512132,7,0.8401996404781616
22207625,2,0.39173701586282006
32239961,7,0.56559969062254
19291927,3,0.9691880704626108
38334497,6,0.5413168717715651
22208821,3,0.4338168522366968
34608613,5,0.5342712889582591
4378464,8,0.3369291809994148
27924819,5,0.8770407390774622
3783677,6,0.47185352215677384
38743403,2,0.5020134966926468
20827093,6,0.5109677943627483
11058250,6,0.6944934962362674
34467657,6,0.8171242779704405
28500275,5,0.6959314843081006
6573207,6,0.42548155736278215
34981307,5,0.8658960923426058
31607200,3,0.3149511164662144
33338375,7,0.41193268168752256
36535381,4,0.9839388743621897
18394747,8,0.7610323048928845
27603093,3,0.34120277369657664
35611473,6,0.606824728577115
39479445,3,0.8352109062813512
31773229,5,0.6108012172842604
38206587,2,0.7951122808771202
28477705,2,0.9824185255324188
14858000,6,0.9131430212588659
2631405,8,0.9321379029241587
27831173,7,0.5890388504159042
11301910,3,0.35549920560167847
600190,6,0.3861627566498812
21042624,3,0.7504101146562746
14780175,2,0.430835078861789
17611947,8,0.68718344855067
11557587,4,0.482944025033441
37276018,7,0.40619513228380916
17386880,6,0.8230600634176103
29843433,0,0.4462958031801782
27300302,0,0.8319067540248467
15535927,0,0.775139028853028
22258442,0,0.3432460603840624
32324619,3,0.7589444009278578
2425787,0,0.36472203099843875
25412508,8,0.6046606251931728
903497,3,0.304299097012425
25063938,0,0.5502211936643123
23540309,8,0.5736826652989526
29399659,1,0.4324629828158131
39662891,8,0.4515246303421483
35544574,5,0.370659886556003
30418250,0,0.5809216170802567
40082844,4,0.8353095243549581
29776336,0,0.829710428060882
33137269,6,0.8484862424440253
36157247,7,0.8152550613457636
22620266,5,0.43735349305169174
17121949,3,0.6865742254914666
8624507,2,0.8333739081891528
39381305,1,0.3494817321913126
28966457,5,0.5318510968980247
34780027,1,0.31631754515187105
34096997,8,0.6284435670307648
33464240,0,0.8374849107908108
37195684,6,0.5174099032220224
29083059,4,0.19654299610911252
38263995,0,0.417349918195055
19350346,0,0.30382500133321017
12453580,0,0.983115201606471
26228747,0,0.6407087473598676
39723437,6,0.6212188866054655
27051737,0,0.956447454141382
39817973,7,0.2632770653225215
7990321,6,0.5685206708995646
18866994,8,0.8313849101708415
11885651,1,0.5462740936298272
22775640,1,0.41394349229832356
7524213,2,0.37101710524048614
39873204,6,0.7254970904306076
21533706,4,0.5320577594757732
25004515,1,0.3903604242641375
27691937,3,0.6305681174169001
22512677,1,0.4872369840964796
21994472,8,0.6627732666561842
22586713,1,0.6001097865065731
31144356,5,0.8853221822291396
27640853,0,0.307878807816057
31368770,2,0.7609806906591513
26616643,6,0.5681128150056253
20317456,4,0.5958915746786498
17056450,0,0.5658497449553205
6575825,6,0.8451699762144202
4653711,6,0.5528364272235803
38226607,2,0.29567241133449346
29461019,5,0.9171414803287558
32850657,0,0.7003415873852078
20196930,6,0.8555925478195335
15696547,0,0.4574501559773183
39252731,0,0.6929758715617645
18261318,6,0.7183170567165948
16888757,2,0.7603310285674788
21722563,7,0.5238081826822081
5486049,4,0.4775632280765911
31293460,4,0.5606329897376653
787739,8,0.4274577621311991
35516674,8,0.41223995060673235
19467290,8,0.5528966635456913
28891985,8,0.2991015867596943
38385010,6,0.5617743253533204
7072505,6,0.8382401640276678
15401497,0,0.6901265484398834
36769231,7,0.3219261766488087
17569519,1,0.5654037789852643
17427252,6,0.35045914900132163
24422502,6,0.39424626279926545
38672675,7,0.31526068565843546
36455647,0,0.8568760645674061
23145928,4,0.6097030971543557
38703556,0,0.369738272912945
417584,0,0.3011627433561426
31500189,4,0.6628010007200165
20008173,7,0.5905342546574909
30955503,1,0.45627294529408813
13178225,6,0.5596286553156078
21294997,7,0.4728140651931661
31943941,6,0.5163178428917263
28158278,1,0.622040181209221
37877325,6,0.67502856985175
25641980,6,0.49491176679862364
25024912,0,0.5089758328346384
10077644,6,0.46039495302344774
15722222,0,0.6617082739627458
39750041,5,0.19889928616568633
24707283,4,0.528840561674837
8335548,3,0.36591289754397627
37220463,8,0.2991016825315907
27296602,0,0.9346944221804223
14013597,6,0.4743497111982115
36926906,6,0.623605946054446
37908556,6,0.5991349217332582
32383234,3,0.48339376001819007
24826092,1,0.5284762896207567
11905635,0,0.4220871100355819
33650606,0,0.747901907273718
3778579,6,0.5200427093082717
30539412,7,0.4333273429851896
29158931,3,0.43352021966915233
36817549,7,0.3159837804856573
3609596,0,0.7052616521943238
6233563,7,0.340574520617518
34214100,7,0.6412105805486945
861190,0,0.6103904245036545
37322690,3,0.9901841818246105
14567210,4,0.4293932412930586
25987662,6,0.3754952298828181
30082180,8,0.40624480897476806
19141073,7,0.4747269515627966
37840885,6,0.3960515202406904
27674145,0,0.9339697088925422
15562446,6,0.6766755066608388
33350147,5,0.9926831234039677
28727241,0,0.4899501159739784
7119755,3,0.8538894237765363
39950816,7,0.34972564787499116
24430620,1,0.4414516556456415
9822291,5,0.5232409264094234
34406382,7,0.6127392380417992
18908875,7,0.676083778467914
32808856,2,0.8165374775461468
29940783,3,0.40159060746166503
22763675,4,0.9165205073188485
30324464,6,0.7490753513488205
16065370,6,0.5148111621126236
26366588,7,0.5708060292186822
6240648,1,0.2933865853067945
37882975,2,0.5609611021932513
39576340,4,0.9075845591360856
31305213,1,0.6306786200977712
10906605,3,0.31970613325438285
657857,3,0.5628960073539642
21007783,1,0.37627430424767466
34713346,8,0.6693267528478553
25064228,6,0.39597790641381736
26060130,6,0.5350591815521205
5847679,5,0.4170050313073527
2786384,1,0.8678880131579066
35320452,6,0.4624430797530855
5231627,6,0.632698913524844
8910927,6,0.37424056835371833
40010317,4,0.5816840360687746
39628275,0,0.5036066242398249
3195738,1,0.7526116628471786
37567405,8,0.7995394989018326
30792422,0,0.8539853420577997
37175103,7,0.7183379374226679
32124687,6,0.6494497550867137
19460367,8,0.47348439859303415
7850207,6,0.5576280028917976
21266312,6,0.27149177666630553
33555332,2,0.7296608286195386
23085560,3,0.5670264873170254
36825925,4,0.741479437204107
36488214,4,0.47054964884069517
38872755,7,0.797513403268689
15823011,6,0.508400270926242
34795531,6,0.39458277899942745
13818549,3,0.30540538926496974
23975202,6,0.5566254992013052
31997811,5,0.3526585255773882
33683899,6,0.5409371680983647
7800693,6,0.7745859447831343
27592603,3,0.6974381579199804
2656066,7,0.6054426122598882
28735974,4,0.5522124239500272
33165523,6,0.5034211198752271
30182677,7,0.8783099407571651
33689159,6,0.46147898592368736
29963173,6,0.575392357364038
25087481,0,0.47042287610272704
27163479,8,0.9082333087105624
13398996,6,0.7539986247359026
20402430,4,0.5505572876351107
38839246,1,0.2876501805135366
39708133,4,0.8629454388430282
15851238,6,0.4608613565816699
37461798,6,0.5798852624957409
16453758,6,0.4990466572216167
1817064,0,0.47296261696276365
29350869,0,0.9629179874627947
27066370,1,0.311907864694467
1588224,5,0.7555740537442347
28187242,3,0.3307668059925318
17453212,3,0.512512158472077
37809681,7,0.7309430780711883
15272785,6,0.385149469289831
23146819,6,0.5975441557245132
37783438,6,0.5234188323789453
2619446,6,0.4495885214851634
29676893,7,0.45371447396596953
30934414,0,0.4915832315004299
36317464,3,0.9674427001794967
10567845,7,0.46292422765640057
18385530,8,0.352709865042146
24832628,6,0.29013986451902357
19063162,4,0.29686675952803315
39578807,3,0.5212256255790486
22208065,3,0.44657220593009744
34398697,6,0.4610108872140699
20968774,8,0.39001431736524533
23524444,0,0.3391130079803037
33355268,6,0.6767029927738119
33920777,5,0.8606901745415932
4528831,8,0.40542874856026323
26147688,7,0.6609877637530487
35002160,6,0.5946887017399551
6142757,3,0.6155572057387274
31263153,5,0.4497042720218353
11638387,3,0.6776413158416457
23578018,2,0.8257472931835114
34287317,0,0.29376467586829025
38908575,3,0.6428528615762275
21209734,1,0.6561168986479913
18818307,7,0.38299307565346125
462933,3,0.32286509911981703
35294265,7,0.30712451306175476
30776447,7,0.6291906022615297
21510223,0,0.5380186043969116
27306343,0,0.8691100683022682
17798174,3,0.6130871488838959
23934922,2,0.800505224838202
37631810,1,0.6456242235325264
17497819,7,0.41294500035950243
36108585,5,0.8381335842314203
35499348,6,0.4640198352022235
31792768,6,0.8089672796690446
24643704,0,0.8916589208065093
30612360,1,0.5011911407405197
31041736,6,0.4206075971732714
36665225,5,0.37967907131061096
19238307,0,0.9999999999785361
12827548,7,0.4824568773043194
36270068,5,0.7342534548390434
13360387,7,0.8258449520421308
37653474,4,0.821182746670042
26590089,1,0.44272999339708713
21026224,6,0.3792041265164837
24941642,7,0.7567798217616162
39649714,1,0.4888506867290547
23613715,3,0.4253542306145144
14644889,3,0.6547778635346608
35646121,6,0.49679856870429
17911026,8,0.3939689429748023
5269304,3,0.6567398920779612
15956169,8,0.4814478065422321
19314465,0,0.571724203843784
14713757,6,0.38890782851047045
31977102,0,0.6287652316557435
13080591,7,0.6020447567638861
5422184,5,0.7312728213608574
16575153,3,0.44112817967664986
38626345,1,0.7404321175253307
38993266,4,0.45356846733192524
32353974,6,0.4400564297082187
12997572,8,0.40585408980469395
31077688,0,0.9971456103027181
22768682,1,0.4125283368063267
13117477,2,0.4337307012935572
30079630,6,0.5333299757034133
39270653,0,0.3589089788803001
23922867,8,0.362502258832508
7860534,8,0.912779553373417
25045924,6,0.6955352444180202
19239154,2,0.5876226347875423
14442255,8,0.3484138722165494
38111769,6,0.5069317752256964
19605405,3,0.5071423543539871
35106112,5,0.4276624964853975
29120626,5,0.9494955606214601
15710592,1,0.6950198460195369
10394243,2,0.7485047024493446
19798597,8,0.5256894155293645
3075065,3,0.5877725979675474
12165691,4,0.6706858114621892
26405939,2,0.4142619821555523
16001959,0,0.8183945359594874
2495487,6,0.5042992026221935
13907315,1,0.453351492158271
25953959,0,0.9999999999724397
4296041,1,0.4824191860929627
22076453,1,0.4714246893711136
29306092,4,0.3912454043201206
30540139,5,0.8442835085221395
14823363,6,0.49382925851410603
28144350,0,0.9444240108901872
12164734,4,0.4528148837348541
8343576,3,0.6679102191191849
35737788,3,0.5708088773537694
12531790,6,0.6788492053543091
28975274,6,0.6522539220999615
26180778,6,0.8136976010248653
14887577,6,0.49920485284102833
8216729,0,0.4293896155294967
32138760,5,0.5309731478561092
21002166,3,0.4511915972729292
28649795,0,0.4206436899985024
37792813,6,0.5777667317754221
39593747,4,0.5763285714009603
22546836,1,0.5634889104231118
13536350,6,0.4784920251420296
3303312,0,0.8230954127080145
36412921,8,0.3483606194260319
30093903,4,0.5925698345368005
34123891,7,0.665540221587264
25442482,6,0.35509576721969616
22615196,2,0.5536854288163698
9285713,4,0.5344340720053027
36275522,4,0.5295500241802428
27033146,6,0.27866720601351325
11904603,6,0.4217662744746878
15210674,6,0.8203384285109396
23444658,2,0.6887902122197187
29832234,6,0.7754505910503265
1983332,1,0.6551391434738373
33269853,8,0.5534748731324068
12917294,3,0.340536348892093
6107918,6,0.41029670571897836
28122488,5,0.7863878686544122
36247462,2,0.7503179966189117
37945057,7,0.8181463106449022
11276322,7,0.49895650481720555
15706339,5,0.7493351563019238
394770,3,0.8108863045147373
30946654,3,0.43957938087912135
36606589,1,0.39050985962958384
9541790,6,0.5161695931939502
31055302,5,0.4198278826404554
17871588,0,0.4634646796658235
34748579,3,0.4741755866405754
36885642,6,0.3580889067925246
39415851,4,0.7484225426708958
24299988,0,0.5471409529279271
39536878,7,0.40441592755131267
2753350,6,0.5594132480563527
38973433,6,0.4619541275435906
31757432,0,0.8180064912093802
21680020,0,0.8450312530139286
32464122,0,0.3642707677968056
38982807,6,0.659256346241809
23774440,3,0.5744192481948888
12755804,6,0.6731815660374838
18772002,8,0.31899187297769194
28091129,7,0.3621005115045835
39018292,8,0.3205359396964472
36948680,4,0.4487011068299925
17278602,3,0.47889059642950893
20971174,5,0.5091203135353806
27688183,1,0.3075915038981684
25277115,1,0.4627355058049518
33702523,8,0.3484765970271323
31307147,6,0.5520855031123258
14063687,0,0.43093201109643353
37587127,6,0.25816908621337314
33901521,8,0.492223581170957
2383546,8,0.5472084579212618
38749120,6,0.4822936097711597
36986811,5,0.393232351512025
39059338,7,0.5128807307454281
38187041,6,0.841939102436612
38198137,5,0.6300303381537705
16984802,6,0.45687804766095863
33040628,6,0.6875617127486051
37543975,8,0.4175359102382922
22225577,8,0.30862549533253175
886629,4,0.6958688525099884
9382941,1,0.395182248197474
12474344,7,0.6102812092165384
18339384,2,0.9566056327338949
21997850,5,0.3851242008770929
32319726,4,0.7907672574580868
15939963,3,0.459654336486753
37519550,3,0.43370063347391025
12692641,2,0.340038308480972
31687572,5,0.7289890884242755
37713847,4,0.2582230935506462
38319205,5,0.4457591980644435
39045544,4,0.35251952744369425
29978236,8,0.4107254455773773
11589275,7,0.33257718272907105
27473307,5,0.7344900659225723
27146262,6,0.541291177494994
27702780,8,0.39826847647908015
35505583,3,0.6782211266268839
38302523,5,0.6893451100605135
5563743,6,0.4422127446703221
17377867,8,0.5697085032350342
35818129,8,0.626700478000042
15715152,8,0.5330951497626661
15718068,8,0.6511897856606577
19876993,1,0.6892267792021137
32959342,0,0.9597036884704772
33857914,8,0.5777250095790821
27906581,2,0.3428221990900952
23183478,4,0.3430368547498044
22561151,6,0.7736227456306904
25718075,4,0.46374748178652203
3013283,6,0.44939703395440694
22787243,3,0.41864648399607624
36717715,3,0.7201525877219808
17485382,8,0.9495830455376746
6503929,8,0.5366540480468454
35415468,5,0.903408708757686
5773607,6,0.3820250707934881
21111659,0,0.9999999999721738
5015749,7,0.6708821583827487
39347762,8,0.52654429378491
26117548,6,0.5195956854448337
35829364,5,0.7279843218257583
15288824,3,0.8896567049884985
22638392,1,0.510359045522995
30578705,4,0.550987796945763
24106532,0,0.8419527320578888
31426757,8,0.36248767710281865
2980196,2,0.3904991994710238
38789013,2,0.8801418634592765
19303678,1,0.3773954802833724
39910941,3,0.7075743496364378
4833948,8,0.6225890323953021
11166632,1,0.3485288131291034
6900595,8,0.7097491168142754
3450436,3,0.7047470634519628
36989435,6,0.7554285254111079
14515313,7,0.558502944847746
29911211,6,0.5239038762569591
27848037,8,0.6950215014230878
36042697,3,0.6145882382252724
23415251,5,0.33546521876454954
35857519,8,0.6076544229870229
38674805,4,0.9676704999075562
39187032,6,0.3543610253306976
4171866,6,0.33925281885326836
10155510,0,0.6420268042773206
7274478,8,0.49028417895272525
25278752,6,0.3940273759150491
32039862,1,0.5544280206074718
14695559,6,0.8402360517134921
25333525,0,0.9999999999702603
28618010,8,0.2835357468289639
39574742,2,0.9764554684714711
29315898,0,0.499762202958232
13441936,0,0.45395684463646924
2524853,6,0.3754362803712155
18337139,2,0.8354452378797413
29117524,3,0.31930141552537306
38353263,1,0.6878546286554093
18518376,8,0.909807561969577
8068478,3,0.4986602517850223
12122006,0,0.8901572440151646
39355048,2,0.35520286008982016
23534867,6,0.45542247213297465
8073734,2,0.6734131847862087
35073940,3,0.4892046893852379
15218465,8,0.871916120726103
27925974,7,0.6066191223181567
31971302,5,0.4239025273254961
35948337,2,0.4754522359229504
32892964,7,0.5361071453870688
36430336,6,0.22979432060934366
29005004,1,0.9152210168273116
32234266,3,0.5619087711530327
31368358,2,0.5171202440763711
35882920,7,0.6521631285902834
2161365,6,0.714093165687802
34185425,8,0.5485026356373971
11447624,6,0.37064104869733244
38815747,0,0.5051859548179787
22508136,6,0.3077308610722709
35297771,5,0.5413967541728959
37618695,6,0.8524640630502123
29810140,4,0.3958983161929511
3632919,6,0.5434151530913484
8592249,0,0.39468832264447856
35390843,2,0.9754345663963349
33585928,4,0.6845721461051384
8895614,0,0.3664972789105065
18330411,3,0.3922238918033802
3296893,3,0.9317668095761333
22031061,6,0.6916821621187185
9608859,7,0.5936340387526078
24196421,6,0.7443953595390691
2722386,7,0.40295837919886834
30889444,5,0.736541267710451
3061924,3,0.32707952532674905
39443478,7,0.4403383751482597
2880499,3,0.33556490271349126
13592192,6,0.5610484365740831
27090129,4,0.31522923848466605
15209113,3,0.9016651121373513
1540835,3,0.5355185961806386
27108835,7,0.647149217767242
7224099,6,0.5246787825516145
3167106,4,0.4266288016825125
37018475,7,0.6505330510187206
31642226,6,0.4109751975051045
5983339,8,0.47757936884054014
27261350,5,0.44831647888391274
37219327,5,0.533812207062885
22506504,6,0.31959895886420864
34524506,0,0.36577773141505004
5901779,3,0.43726170664233244
668226,6,0.7943436926991438
38102188,0,0.35875467829504826
12487731,6,0.729135273857121
1760245,7,0.6616839869855077
21731043,6,0.44557596148337236
35456976,6,0.5488372285860015
15318378,7,0.678156897429729
16852898,3,0.22068038211073554
21567271,6,0.5844769390945249
19783529,6,0.8693996631977521
33274670,1,0.4924432640063214
25236614,8,0.3579318482840746
1665468,6,0.4205200840423678
12703678,1,0.4308758905415666
8008829,6,0.6077168984481514
16656199,3,0.30769222909772087
31728741,6,0.3719170467681357
27152673,1,0.8483073465533201
34725274,5,0.40925573621728095
35934220,6,0.8652967485354048
23161341,3,0.9837889975627775
36971077,8,0.41417348174765234
29285782,1,0.3381689258788023
8126654,3,0.4224847716828016
24906957,1,0.3757415184796236
22235784,0,0.5651338486455093
19198634,5,0.3805644318989547
36068887,6,0.3810608679230775
33614378,5,0.6622766982904706
30296156,3,0.8431628839080325
33540418,0,0.33338171128982286
19265597,6,0.7057211125735353
35666761,5,0.5792029305903577
40010954,8,0.6642633208638211
12573741,6,0.6230899062261701
37316261,8,0.5862675209175189
29596204,4,0.23743741822445302
2532236,8,0.3531113769516986
11533939,3,0.5671090921618746
36039919,8,0.6299737190083279
3472884,8,0.6165641351520537
37874284,6,0.3448504814039
2203947,3,0.7027702312405161
29884543,6,0.4437368723521902
28788335,6,0.30610350866147495
33511939,6,0.23628359953272815
33703229,6,0.8200445693617363
13133197,7,0.5202715470277189
31139336,2,0.35285100924951507
30882563,7,0.522809696025811
10972086,6,0.34956007276185486
28180360,0,0.7690037531999341
38779958,1,0.6013890765484831
16548581,8,0.4562725309250259
29655015,3,0.8177189705410153
16849727,3,0.41442354894653227
3220957,0,0.33206543810838984
17701074,8,0.5116538607718212
28602550,6,0.566797299503011
34721879,6,0.33974931608123526
38463099,0,0.5364987356616866
33785186,2,0.4481973158374554
39662665,0,0.6833465760349127
749070,0,0.8531501750483873
38999203,6,0.38574178086357347
23404162,3,0.25078375129048447
24946061,1,0.5210711932172503
19859609,5,0.8122247699289021
40001010,3,0.7132041145486637
39936697,8,0.3436497691655132
15570526,1,0.38541325098747675
31398235,7,0.6093319079912439
39152390,1,0.5465741723444636
30505407,5,0.9903190558264849
21653433,8,0.7606746996225621
29042718,7,0.5378291511020558
3989967,8,0.47670511881203276
37663931,4,0.977556543919715
21483003,7,0.38581379370114666
35062368,0,0.8939272082941548
25027506,3,0.31925741242825584
6190348,2,0.5253492789568862
30936082,7,0.7696972715554645
28445912,2,0.8004585782235337
20167450,7,0.4102414546900153
38648441,2,0.42747363581170733
37672642,6,0.5790177346621643
32939190,5,0.6057888236992761
17180738,6,0.4174540596934883
25900639,6,0.8494606932483475
24948099,5,0.5781923307989348
10188210,1,0.2842090442205051
24499349,8,0.5754865530705586
28957946,6,0.32361437948726157
120657,6,0.7577677599249499
31376961,6,0.40110243871200113
20332320,6,0.8128179519727636
37286768,8,0.4546338233987263
6726953,8,0.5674355597739582
39781344,3,0.2664980413479223
14989749,6,0.334231002176956
15920039,7,0.5857349622248816
29814060,0,0.34355277809255375
10728309,8,0.45043846542729804
10344481,7,0.5413653959032252
31787110,8,0.458070599645814
40121562,4,0.456647292588895
38564546,6,0.37703636103535937
23405610,6,0.3372827023274836
20224526,0,0.47124669423928706
29238964,0,0.9546670486731897
21120668,6,0.5547305009552689
25943850,7,0.4335561033291323
18346376,3,0.6566694281371449
33774805,0,0.5597698280903793
36417918,6,0.5066304455542495
39890879,6,0.420440132475405
15761846,6,0.7804982924986685
33457731,5,0.5127348314559971
1633932,0,0.49596464322981354
35350808,6,0.5790584462844797
32677445,6,0.6993634466563804
9717224,3,0.34755230564233536
32806808,0,0.6872927254739916
34896728,3,0.5118562804583031
308913,3,0.4848916061094865
31843830,0,0.39200600607344954
39803321,6,0.4092625487100389
11842979,2,0.737370260705306
35495377,4,0.4425509317695617
19826477,6,0.3679620809425038
35432462,3,0.9065400769961994
34599159,0,0.4307215212629849
6593030,6,0.44235463948923465
22203332,0,0.8148402942109694
35253990,5,0.29107049929035367
16857407,5,0.4598854003449414
38991025,3,0.5943689317519936
20518302,7,0.4321836724359792
34942955,3,0.7580951615405764
30404890,6,0.6231829111790069
37803637,3,0.767089938257943
34965276,6,0.4463514158313716
24454177,8,0.5060479140325432
13415660,6,0.5851599529241376
28255850,6,0.49370470257353843
23846113,5,0.6368531510837734
1531402,0,0.6590602495265876
3499242,0,0.4269018280164889
22266209,0,0.7001146800057013
24730520,7,0.4473536167932792
38810610,8,0.6022416830386325
29661297,3,0.7164747788354009
25684522,0,0.5382097510901123
39993714,7,0.6594628762013592
27886502,1,0.5978161314145466
19730157,3,0.5910072009484381
4674465,0,0.38134819532932485
14955487,6,0.45714135877361994
37175400,8,0.2606569084187693
524992,7,0.4944463102449465
33109498,8,0.40835647262290165
35213780,6,0.49266344687950564
27806167,0,0.4964027371766339
31661177,6,0.5288090612269539
27326403,0,0.3754998580968851
33057463,3,0.8195307125574275
34281442,3,0.6084819496733244
22409214,2,0.4777057584841613
3149496,6,0.5704768558238056
6498459,2,0.30008328023561687
35711091,0,0.9633638355722078
37245832,0,0.41266238001363426
18580920,5,0.6032933632382734
15416054,6,0.7525583981940072
36840903,5,0.5990232442833991
32467060,3,0.8250782827621583
37356288,2,0.6331568612667849
30974427,6,0.4002591771540508
4972079,6,0.5468652221764216
31269509,3,0.46767831995672227
11729594,6,0.6005484677172929
18513734,7,0.36384847563330186
20814173,8,0.5637483186415309
6407620,3,0.47233982705008404
28298709,1,0.6405186414110067
18221843,0,0.4313375412428947
39233277,8,0.443715527124773
33586493,7,0.5629243962591162
38353644,6,0.5485947146215058
12872242,7,0.43463442300129074
35086560,8,0.6529959174124571
13665968,1,0.6842021250667861
29141727,0,0.8535365726535581
32129387,8,0.4874788459227227
7191209,7,0.4076333777196773
33131477,6,0.6030454086332371
30533189,0,0.40770196720519497
16068703,0,0.9999999999786381
37853870,3,0.6527885371719216
29017058,0,0.2749169845148012
28631288,6,0.5175279844143659
27004815,7,0.6962326739305198
24458023,3,0.6636911505483581
13806609,6,0.5248405315309889
36142326,4,0.26619591608499554
40125189,6,0.4772008309074266
34296409,4,0.33846959958951567
11853141,2,0.6220523221550318
39085287,1,0.6894548646046383
35542764,3,0.5507246499121066
38992480,0,0.9999999999800686
6194533,2,0.3371372885041178
22849275,0,0.5879655016310512
9789410,6,0.713632606821891
7916317,1,0.33691557384279547
6756132,0,0.6982431827244377
21313476,3,0.5187953660672981
37849499,7,0.5014391262184347
10035010,2,0.46439122966673474
17868597,6,0.7672888238940438
31336664,1,0.25326522274335445
28215774,2,0.5898794058949735
35027945,3,0.432390373811032
39088101,6,0.7174693470953615
30461015,0,0.4857189979518538
26836188,3,0.6418818602783694
39133507,3,0.375764825836652
38308003,4,0.8242163430149586
34584354,8,0.6133196199574263
33857132,4,0.8385517106022498
19808317,6,0.9506389288354415
21073857,7,0.6395280578149488
36532845,1,0.6203052729301564
18881472,0,0.40836497487819284
3950773,5,0.3772190773213842
32036119,7,0.550515454138864
13484182,0,0.4446121871871598
10307794,3,0.5941222921545208
6953370,8,0.3990093045343562
37197780,7,0.6975912596272968
1602122,6,0.507446404752895
18961548,0,0.5821469572135826
38817895,6,0.4559250342765535
21805453,7,0.5784355434834509
36463722,6,0.5980556839663254
37976477,7,0.5739662890557274
787015,1,0.6003734858575172
10203210,6,0.5996916951727919
27041646,6,0.3144542100563704
31235971,0,0.9852305998902966
35289673,3,0.45161639596419956
38524821,4,0.5072758148665187
10827112,6,0.4715122501103962
28057646,0,0.5855377718359207
14354819,7,0.48409787796756126
4031814,6,0.5920934127573163
34645130,5,0.35894030187628856
12741957,7,0.6971707263816489
9440010,2,0.9083193459277803
24937011,3,0.6980835667293275
25739026,0,0.38287571416802024
20189314,8,0.4920593259306861
14417870,0,0.7686260280123176
32321408,0,0.40980989347941144
15214020,1,0.6384375177125833
37625075,6,0.8625608927591029
27090063,6,0.2991741384017035
12666319,7,0.38204000871676175
885103,3,0.4743001126433283
34264314,0,0.7014418734766524
34803982,6,0.45851968905093304
33612568,5,0.7980601883569911
36731323,1,0.5160984092088421
31516085,0,0.2634742264043427
8180959,6,0.80589628048942
20131108,6,0.6089774057966465
22829309,7,0.7398964895489978
13584992,3,0.45031903236428217
8314569,8,0.511101361423626
23841603,3,0.43906235410256095
9532703,1,0.5861189594325813
25437820,7,0.4740021958594304
9753658,6,0.7331862700274034
27876898,4,0.3381773723661856
30289872,4,0.3803048484962834
17852489,6,0.6884409120371203
39164524,7,0.6324292220206165
241250,2,0.39419513045662596
27649132,0,0.9999999999776575
15419617,2,0.5650668740992599
34315278,7,0.5229391999849854
37083168,6,0.8374015363857348
12541213,3,0.41608974569280044
25249838,4,0.33875770677928596
35401094,5,0.6813242633185218
37864419,2,0.6678031667010653
37800054,5,0.8435795841321628
36847384,7,0.5240071077388846
36817413,4,0.8325236749034901
37706221,6,0.6998236251793258
35647330,8,0.4639766954695653
15468422,6,0.7453716705622281
40091456,1,0.6056856141663924
22560698,2,0.430786113608484
35699484,0,0.2870713640041386
37470469,3,0.3797591151669397
7274049,6,0.4479280530572654
26235782,7,0.38597573345959496
37917378,4,0.7978616630661436
23335766,4,0.4318004365466653
37240417,6,0.4416891450490697
24375909,4,0.7841749795792216
2248321,4,0.2847846583003226
38312494,3,0.8641646933409702
28956968,1,0.5772880007803185
21171290,6,0.6701064285350435
36583635,8,0.4970748714956737
34591505,5,0.5124972495151254
33801171,6,0.5013986892445335
31344201,0,0.6736204275059718
9665002,6,0.4288456132137847
32954728,0,0.44479990329693
9751214,8,0.6111696002031194
20843922,6,0.5324944905567391
2207562,2,0.6939279502250983
14667146,5,0.6777899455551639
35958510,5,0.7838548964914374
34207062,0,0.7914540039598245
25204299,2,0.5881028394886387
32031995,2,0.44781282032500586
32960877,0,0.4935446413057716
39087559,8,0.5380339228408931
15610574,3,0.4096115921926793
1401721,0,0.6666271243862079
29781828,8,0.4722908537503072
19329533,0,0.591200452164296
15636601,0,0.2243245308896309
27133678,3,0.5301345444376364
6423171,6,0.5467402344413147
16571908,8,0.5078862777201308
35307091,4,0.6538119419129715
27656401,6,0.5002730065183133
2585091,6,0.6368174840198773
13621533,3,0.9282616208584505
31483818,5,0.845367728151975
23981601,4,0.8367131251571736
38096006,8,0.44585584372539483
12009616,7,0.6283161773685475
35776829,7,0.6127583362013017
2653516,0,0.22629881684913294
35616545,1,0.24103725482915359
36723595,6,0.4523519133108242
32945732,6,0.32980275286525157
33534976,1,0.5833230424016965
22854607,6,0.6325349647623252
31841751,6,0.9999999999882844
33200893,1,0.4340538066145233
8734091,8,0.5051528023008486
15913767,6,0.820992128372646
13263122,6,0.8104328866633904
28252442,5,0.5972229028219763
8824826,7,0.5356045253013406
37045053,2,0.563165434252074
26492636,3,0.7199593737499678
39381137,7,0.4686108204561897
20930006,3,0.4734175357627207
13688707,6,0.44021206586665657
23476331,8,0.427213525310295
10259282,2,0.5545820029334233
22209145,8,0.32385658138534085
39147701,7,0.839943237269503
15525416,0,0.5872147378899868
29035094,6,0.6186423176124716
36118077,6,0.32187320321667834
37440855,1,0.35779208108103455
35001186,3,0.46896883044811216
9084228,8,0.6421105897966579
1552260,6,0.4513774857131841
40052616,6,0.6547703694208505
10182487,3,0.7291408051791946
33935557,6,0.9387616487388658
19685002,0,0.4316005360723079
33692619,8,0.44610416818012505
26247960,0,0.570190267165402
14987106,1,0.6291797914856436
32647939,4,0.337193477843717
18281082,3,0.7869228828516103
3199363,8,0.5987699929523148
6283481,0,0.5184805127405203
25062068,8,0.572261288856674
13552907,0,0.5280019957488277
23125471,2,0.7627985065563617
30971615,6,0.5859804820000116
25980802,7,0.5907831309628674
24277313,7,0.5242443037455493
10290990,8,0.5967545777145931
15279429,6,0.5135672412948975
2876517,8,0.7651325360475153
14466713,5,0.4745975930624152
12924792,6,0.42701778298618526
29681457,6,0.736146010090714
31090572,0,0.4541747442189388
38706655,7,0.6151962509285916
4463395,6,0.8151221766886917
31407900,4,0.96321632335756
36773053,5,0.7511103989902448
30140437,7,0.3616502601448871
31964930,0,0.5120202102692119
22207212,8,0.6854864627749349
33617120,8,0.5746150452080838
40036942,6,0.8872458720440081
23125671,2,0.7331724923610266
17056775,0,0.6174439441625922
27629797,3,0.3378412209508529
30811412,5,0.42084153377375455
18878663,0,0.48154278417433777
10032077,7,0.33232900349758726
33239147,8,0.45037796355655413
12907004,6,0.7311202701544287
11019036,5,0.40903676478614887
17302166,6,0.4098787058886332
29904851,1,0.8459387121721419
20229291,0,0.4781433291714557
23774619,5,0.708623624455196
39307257,3,0.8972621316918014
25778004,6,0.365794823038825
39281199,7,0.5321721795552414
30553824,0,0.6294797960896444
35675601,2,0.48142998821648786
18043537,0,0.5938894725027148
23819365,6,0.4373018374980187
7945730,3,0.7267579401803531
1274869,6,0.8413477688246509
23032990,0,0.2664764623485439
30910270,5,0.6751175525576714
9311312,3,0.9028763890773931
39427492,2,0.41750263772579504
21562815,3,0.859602386813996
38006968,8,0.6058854898970883
21184299,3,0.5254170209977904
5803290,6,0.360667724696207
14719776,3,0.8288501471647778
30257408,3,0.48996153549779986
31260389,3,0.4271109989772715
24419525,3,0.4819264894898985
24677595,4,0.5222382798451602
37837148,4,0.9396377340743283
21101557,3,0.44106056038719743
35925625,4,0.4359054446799775
29807201,6,0.5743163620626445
16637735,3,0.5062312735785643
33139896,3,0.5367118345094841
39115933,4,0.5427601928533925
25129881,0,0.3557354502348064
34374424,6,0.47227919634955035
15884038,5,0.7297418784937044
38534817,5,0.3114227071189592
8900768,7,0.41457259749519837
17982967,6,0.5668846130381494
16048056,6,0.6282432979339841
28478085,4,0.42862389876750945
34074049,7,0.7098491654555618
30403606,7,0.520077264416841
38226401,6,0.5208137637788509
26914462,3,0.5585821681438541
38884513,6,0.3750571865674118
34006847,6,0.8630286675976493
17758442,7,0.6346233443991622
6194865,7,0.26847303735586664
9050408,6,0.8980615161843126
30408098,5,0.2870873576045734
37127292,6,0.6374622122261829
32295879,1,0.3410698803081441
36400683,6,0.3415724051159006
17218151,5,0.31855166170971805
4917893,2,0.8597521333705861
9099523,0,0.36501257045677865
34718095,2,0.9827548394007608
35707214,6,0.3403813258677757
34878405,0,0.3558515862301535
37140933,3,0.6534338452959333
17432157,7,0.5799693160907231
18039190,6,0.41605603152522197
13113726,7,0.28348980713866007
20445060,1,0.6278501919280632
27490714,1,0.4612972665672147
31372778,5,0.6352932539942094
39956663,0,0.8531511523370727
38398029,3,0.37239676357829693
39684365,0,0.4082085813065687
1292817,6,0.5927781153734608
31187335,8,0.48070031301908933
31868441,1,0.955117217951498
33153606,4,0.4066906802701917
2461964,6,0.7267654784046198
40062073,7,0.3622122393481488
13319442,0,0.7706476452369057
25069246,2,0.4229740879838985
33722336,0,0.4531467161870451
24210700,6,0.4926854077894636
39148477,6,0.49139457866214353
38809858,7,0.4306998666115129
23402882,4,0.6508229742947234
34938686,7,0.5370397575948471
24757879,7,0.35319826612845623
33739182,0,0.3958118580731575
19206459,7,0.2866490456684069
17076141,3,0.6881474659149933
7544258,5,0.48043942377253857
21221595,0,0.8688532111673292
17600942,3,0.49838749127120474
18492273,8,0.44677550625059415
30550812,8,0.3249426159851001
39808573,7,0.22000579172864806
20266163,0,0.9429991026123296
29289288,6,0.39908568860009674
1085852,6,0.9462092429543403
29478684,0,0.2755275187653276
19859827,0,0.556995917126471
35113081,5,0.8300204682439342
17434399,5,0.5257983831615523
18478287,3,0.4528118821687619
27720034,7,0.8037705020406304
22781227,8,0.7356663057368001
26441492,6,0.5683555969585634
10069336,6,0.5004595541834211
34850315,6,0.7579702627039555
24187487,8,0.7432314589952163
33016142,0,0.47210080367398266
30662112,8,0.45904495064260353
25594970,7,0.4598922589942245
28226308,5,0.601996512938773
9149151,1,0.7574122471537272
20220990,6,0.8083007441452019
27595349,7,0.5392387246801611
36963406,4,0.6250489061971592
10771163,1,0.7022383088739095
15471233,4,0.3366172581217225
30451190,6,0.6280690776248745
7465889,6,0.4418302520415856
5653088,6,0.4975453621820165
23175978,2,0.8624972614015922
36097275,0,0.7290691753209056
32566188,3,0.8682161506742017
23699870,3,0.672498285351216
8916028,7,0.3091800170200117
7273841,6,0.3148617407266604
36446729,6,0.7830068507194082
35569447,7,0.7557222663375912
10272612,7,0.6756219893234159
29458653,0,0.49824655841522686
25264279,5,0.45239181344635276
33391736,0,0.5566678314771751
37173122,8,0.4293787657135765
21972020,5,0.3703377048747263
39541722,1,0.5195378979990124
38670267,8,0.6004824434568142
21797181,0,0.5481282426401007
16714617,1,0.40080748810035804
34386096,7,0.7439068665266612
9682328,0,0.9160696533474509
27664896,6,0.8052286787977518
37441218,6,0.29771527377722135
27369247,8,0.6921666084535292
21454299,6,0.7685074705758789
36707916,3,0.32907853306040896
18638499,4,0.40657093093298347
28037248,0,0.3866584259413479
3421290,6,0.40936364541595305
31465161,3,0.27258466885244
5704590,1,0.3601163995791532
32157517,0,0.2748750446420481
6471081,1,0.7672570026841824
21245219,0,0.27362088932339207
22905129,1,0.6723908753851638
35994465,0,0.491410948156944
3026678,6,0.5277616480805948
13851757,6,0.5192408637301731
27350944,8,0.45257891014502466
24913505,1,0.46769481267919866
25163023,8,0.7154870296031012
37351733,7,0.9620599816453358
39214484,5,0.8303569794140633
14015152,3,0.6117311754030998
38535456,7,0.4794503865243129
36144981,0,0.7149384574529929
24406692,2,0.9862202895197487
33866352,7,0.8577847393643031
13098457,6,0.44734387466917086
38726250,8,0.49783601619204515
14281251,6,0.6712945605477842
18087720,6,0.2613957670176426
26874346,8,0.517402152751521
14149210,1,0.4513775603823185
23929778,1,0.5772693596458734
32081680,6,0.5294280060054422
10539373,3,0.5598783310940313
34481169,6,0.5245266216672316
14151021,3,0.42427772412948267
4393340,6,0.2375647898096959
5690888,3,0.6238287160453473
25752315,1,0.6151973066184563
25741655,6,0.4381135665176989
1075652,3,0.9300086265503233
33889584,6,0.2984383192664873
28833593,2,0.7879914668432307
33852378,8,0.48720076955290004
33443233,1,0.32838193402923804
12917792,7,0.3856950041506707
31508043,0,0.3450415578118047
39732495,1,0.5439354744641676
34923628,5,0.5421661984598269
35665838,7,0.8563536999270827
33199172,0,0.48703208859989333
37583078,3,0.3053429633612389
30580301,0,0.9999999999750946
33027992,8,0.565009630856738
38569603,0,0.8879334931324794
23578396,0,0.539438331639458
17935660,7,0.3356286222608143
5322027,3,0.38489998737711717
12554085,6,0.36192461213750493
19896733,3,0.546854979506936
39550050,2,0.43030775586627285
29616749,6,0.5416551828768184
22703385,0,0.4170254687966555
27517425,4,0.6858305580861812
32876962,6,0.4535070634687917
35959358,0,0.6735707007398336
980932,7,0.6712668420226602
22356567,8,0.6580022988538351
30713927,6,0.8093928053282853
639949,4,0.40933144133063126
29183653,7,0.6404522194671095
25328663,4,0.5886492630859574
28886558,0,0.3411035093245433
13003949,5,0.7998330518401608
28636741,8,0.7971022906615586
15736578,6,0.9934684539271201
22913012,3,0.30205299908142447
4119813,7,0.46981679509047647
28573545,5,0.8029835524292803
27094838,0,0.5442976646133011
8990600,3,0.8763249580228002
36939522,5,0.6146095972483192
6889785,0,0.9251932286274545
39533452,3,0.24191936929183958
5143593,0,0.32246520519442623
30141853,6,0.25549764864828656
17921455,6,0.3273489751523599
23148216,2,0.9742262555261937
23006458,0,0.3817045913251176
37910443,0,0.48869449522226865
8579098,2,0.7702294148117199
31708990,0,0.7784550317188056
5770944,6,0.5077196324457246
26759339,0,0.6511636664550544
26720307,0,0.2731136616072318
14149613,7,0.6386969304114404
35954990,5,0.8136234115269516
27820713,5,0.8646805937743417
4449261,6,0.46573034377117895
33001507,6,0.8485629735107857
33261630,1,0.6309719144320616
15604475,1,0.7457676454416484
23228276,3,0.4265132964009723
19298147,1,0.3474929116096797
19140431,7,0.5475621979284355
16096754,0,0.7253743964225914
27391006,6,0.605105948329479
35196065,6,0.32266808121783785
28859183,6,0.3569207616225149
30522672,1,0.6016465224357458
2543672,2,0.4456311490414782
7987269,3,0.8852899134769501
11096134,0,0.4550359066482012
23310864,8,0.46354202026326197
26747692,0,0.5535472401999071
35841701,3,0.6620483634819293
33577192,6,0.8013657744261492
35046437,6,0.4335628381512395
4225927,1,0.5297932022206413
17124365,6,0.5502244532237638
37296209,2,0.7703785306826068
32704725,8,0.6916020966952037
35702936,3,0.3573383909794033
34803766,3,0.6903376922631639
27609865,3,0.6155098179682376
19037116,3,0.5719456296277148
36228516,0,0.6880451423661731
29487090,1,0.7699876773886037
2591845,4,0.5084900518019568
32006771,6,0.6549398240299755
34121294,0,0.4722433207866175
33322435,6,0.4484491982314365
11067916,5,0.6751018259142144
26223951,3,0.5722935373452737
25024203,0,0.33172119603275696
15790691,6,0.5090809513537882
19646716,0,0.7498103327314941
12657867,3,0.8662534498530804
22551408,0,0.6781371300260173
38932722,5,0.6133983097138807
16485237,3,0.7877386598179155
11541824,1,0.7071594613026292
29832160,6,0.4213418703779147
10364818,1,0.4826245379085279
11856815,6,0.45252142917227933
30554114,0,0.3286663635422144
38902553,4,0.5152940318993193
16464015,0,0.3738673594763824
19204776,8,0.43297441994017716
21704646,5,0.8990642472887802
16929639,6,0.27203904541655494
34272186,2,0.4159327119390992
34016106,7,0.6320239287041729
32583125,7,0.40203595427655414
39007820,8,0.326102637037758
23857535,7,0.61966375408109
27212153,4,0.7388415628272949
34301581,6,0.8361519008921241
39509392,1,0.761911778385129
10977114,0,0.34220383304987395
29651027,5,0.8507376217769463
36190751,6,0.4195218896880893
8346164,6,0.5436883916191972
15756285,0,0.3492838935605572
34405649,6,0.7989228805792753
23143513,1,0.3557728710212736
25750247,1,0.5216948001983746
1210118,1,0.5176759526613195
32617086,7,0.4731562382202732
1150581,3,0.3750456231969816
13345284,6,0.3355845947950071
25266999,0,0.42419151296839624
1241893,3,0.4051130098262602
26488279,7,0.322114464602626
29322824,8,0.3319936215811605
25025299,6,0.4692459833723695
3562441,6,0.2878300193210997
38702364,4,0.3870332352889718
31676473,5,0.6770146606449905
38641162,5,0.5716341959543831
35108617,0,0.5846072120178756
19129106,0,0.43950569673223694
33987864,6,0.27555912531892
11154634,7,0.27505549761554693
37753671,0,0.33553419046561994
39120934,4,0.7663629666612954
30356069,7,0.5124233396042543
7749914,3,0.6918757832367897
31618733,7,0.4809758074968268
27954926,0,0.22793683688583208
12308028,8,0.36964683779055
13295205,6,0.7293762410618055
34842697,1,0.4736804962390823
33582424,1,0.4604838311258582
37827808,6,0.5307686482255933
28464886,0,0.24724752037076558
24618648,8,0.5043634692982746
39874047,0,0.5886770449864381
15825241,3,0.2881340097511644
12364981,3,0.4787463304670811
23679318,0,0.612550552471079
31076197,8,0.4509989535055081
16591082,2,0.7274718153525971
11465158,0,0.9999999999759928
35183140,8,0.5537701833147003
397125,8,0.5269698245764505
8440824,6,0.8277375697386771
31565901,5,0.9153697669317811
3324733,2,0.4964015064302756
26575661,6,0.3690269394820677
22675840,2,0.5314777186912947
20409518,6,0.9725435016414137
14572999,3,0.6259646666339632
4665342,1,0.6634074021737723
35152137,0,0.46448442152761626
38213595,8,0.6181342891736219
3642748,3,0.5301738626616551
38625435,3,0.49752721009066975
39003982,4,0.4346653843224388
5230699,8,0.45466728607159407
20432419,0,0.9571094454838299
37132594,6,0.5025363745247776
38256373,6,0.718299692478353
29317526,6,0.46825626091434785
39256233,8,0.5010751207816091
22284018,6,0.5887021120448991
15272918,4,0.37442375520353877
5385959,8,0.748346128670851
12796443,6,0.7793998475126227
9919342,0,0.8675935375257239
7010551,6,0.944499777143745
34253933,6,0.6376700458808794
1383863,1,0.48948002704721616
36387302,1,0.510110081505631
17202243,6,0.9195626887872855
15007867,3,0.45478164749507066
31453414,1,0.4491146600045682
34108502,1,0.34425060334708996
28313984,3,0.4263844705986594
24914735,5,0.4742773706164043
4516358,6,0.4337030625315284
26470476,2,0.7575109438364864
39205979,3,0.4202762846081531
30254023,8,0.7262610430854461
14344474,8,0.8185404292903399
22452512,4,0.9025371124321305
39662811,8,0.5058331502095021
24415638,3,0.5233288878361161
28354567,8,0.3277301057532173
28274133,2,0.3308289623781075
12353996,6,0.8823051506363567
15864846,1,0.7094501923909532
27957569,6,0.4676620830055643
39425284,6,0.4824016498611147
27046448,7,0.4496674229463603
13238566,8,0.47830012124287213
32378308,4,0.6940998036478954
219215,6,0.9388489333004509
39638324,5,0.7049952624548195
27389165,8,0.3463176093041532
28730805,5,0.3783609336324343
9752017,3,0.623020239017979
11195140,8,0.36718782889567714
28316119,0,0.30997988736368876
35510972,1,0.655683857803322
38614156,5,0.43792360806688957
25506527,3,0.617844004036704
19645527,6,0.9331253841874628
33763621,6,0.48756018659417133
37034308,1,0.3381023885997725
33748040,8,0.43121532199397816
33535386,5,0.4273188158744721
26869977,5,0.7976954960975786
33113031,5,0.6042493437120497
35896970,7,0.7015248472532067
34418667,6,0.46424225962851173
34241050,3,0.9276595971572399
34846503,6,0.528498580758206
32328192,5,0.46464729474634653
31189199,7,0.525159170325717
4095749,6,0.3695139121584045
29521027,0,0.8466176280224487
38658574,8,0.5890875124489999
20981691,7,0.6319258077439965
32378647,0,0.6492381670738564
40101329,3,0.7388451202672549
21110713,0,0.3005142010028929
19074645,8,0.4662228884998554
21665629,8,0.42595450778872496
5084934,8,0.3114535705523898
32587183,4,0.9826628998241806
39144482,5,0.9319319257653299
6998366,7,0.31616472310868876
17042602,5,0.40709182240406455
21790459,0,0.6677185975396047
37730650,6,0.7341113372463011
18492000,0,0.613356033134276
27377142,3,0.2712538648815659
17350774,3,0.49406032107071385
37450334,3,0.834991546488992
1328041,6,0.7503897004861292
4107070,2,0.9824493557831004
29745032,8,0.484174421857332
32936373,8,0.35813881754237575
14764873,6,0.6576421907964675
6689935,3,0.7074226548109009
13633521,0,0.6165359062811419
33270673,3,0.44202086711205407
6315501,0,0.3453991777600249
30364958,0,0.5765661688851911
35797523,0,0.9940499622177436
32742250,7,0.793960819539356
20701484,5,0.8565266059247575
10390537,3,0.4093025866381193
17128029,6,0.7268876577585257
15598867,5,0.6766116556630499
19996940,8,0.6264012286233676
19962300,6,0.38379050513601803
1621806,3,0.36830773737141326
30211966,0,0.5045194073171314
34481924,4,0.5397379111258134
33273792,8,0.6325387073205173
30583738,5,0.9975360041383968
21054359,0,0.9999999999745637
26885143,7,0.4696720384086183
37121222,4,0.4970887591582628
27025359,8,0.43918537975049154
7057450,6,0.5352307425556742
3080450,5,0.3717569609859572
29250319,1,0.7228501547394935
27830650,1,0.5016498849880154
26762740,7,0.6180508934191816
23483503,8,0.5280514667148635
11413657,8,0.5167493906387675
37206973,6,0.5096257154254938
34040241,3,0.44564879049492034
13278959,3,0.7337191592356547
19316985,0,0.6283887056493975
7954784,6,0.5197512235011014
5452648,6,0.833212409711978
25918393,6,0.735383838867424
10925507,6,0.39846178894657835
36980910,0,0.34882480395492643
36457040,5,0.8524346182551515
6515160,6,0.57930568118899
5881615,3,0.5619164022990247
10953060,6,0.4143900013599159
5091914,6,0.2820673725200549
22333700,5,0.7460628389872713
33619895,4,0.5068346246634315
10839836,5,0.854154041517606
25583468,6,0.30742329027674137
38797281,3,0.31430338187896967
24447994,1,0.5067287468782506
38197722,0,0.5323311315231508
22458192,2,0.9859279979818084
7632589,6,0.4058148211230489
39447362,8,0.7420593037451112
12322065,1,0.6310869508753685
20941428,3,0.724753991720871
17086289,8,0.5669256901243789
29443216,1,0.7737284852789192
16121425,4,0.7431791799030828
38450320,0,0.6450945329986179
38718190,2,0.6235980448022729
18174401,8,0.6147191045286647
21259988,7,0.7020651440786252
20110732,3,0.3793912731632928
25952922,8,0.7799256512225868
10447010,0,0.4572220342555523
22667298,0,0.5528472337227578
2170228,2,0.6285032805867251
40004639,1,0.765375574010204
1959744,0,0.9012583444423883
5384632,8,0.33421415347166067
35263440,7,0.4607649480708565
31751230,4,0.6274949605693823
22605344,3,0.38419213744040853
19165751,6,0.366477311360659
38947658,6,0.44276386083283603
33194533,0,0.9659633302236103
19439961,7,0.6290155232687973
37462656,7,0.4607750475354167
13822642,2,0.4002660886215827
37735296,2,0.7598553969423685
35049873,8,0.41872963452357714
32285022,0,0.3197803648240441
23130008,6,0.539729639113582
26558688,7,0.4954095418906196
15828312,6,0.32816614106178155
4063392,6,0.5392913484005477
12408414,7,0.34722396139643463
4537355,3,0.772073677780794
16359052,0,0.9999999999781928
33047762,3,0.6431709815133465
38133980,6,0.9999999999847419
7200606,8,0.6399595524563934
27624166,3,0.37448019742253436
39150996,6,0.3931349538932412
23265920,6,0.46473110468406037
35749955,6,0.6175346924416525
35350065,7,0.8375134578094215
40049320,3,0.38809615127271024
28641210,7,0.8176694087664846
3833717,5,0.7114939623655923
28195586,4,0.8187228937779449
8724729,1,0.6501916056945751
21052946,5,0.2829934464530012
27735413,4,0.30898597967178937
31954983,6,0.5725999572693393
30429608,5,0.4821754919370097
5507156,7,0.2915731798833188
24012547,7,0.5976001624145845
27031629,0,0.6163496256665205
23689357,8,0.38504506672185185
32425153,6,0.9999999999765145
25829049,7,0.45266744707861334
35704722,4,0.7709016489844759
29860814,3,0.3151543162400612
4103085,6,0.6610821092658153
37346269,6,0.628161909417162
38558171,7,0.9100092798462667
24881554,0,0.5919901228782031
9504937,0,0.34890951686099353
16745487,1,0.8118650818674863
32302687,1,0.6331204485949471
35228982,4,0.8038947001732426
24411931,6,0.4549258400667231
29261917,0,0.7000599390038353
8495786,8,0.5852189358687712
34779058,6,0.49478243756076434
19622241,7,0.32008056680203106
17920147,6,0.4802091999038495
7778809,8,0.30519052291872456
36437397,5,0.2501353732311781
28746247,6,0.6373012864011619
39907708,5,0.5981344062182311
383760,2,0.32932472840327087
38242445,6,0.5170643587707353
13304136,6,0.4436519949356042
27004888,8,0.44533768365835413
38729081,6,0.2615199191684127
33260651,3,0.7030098916259434
23290114,4,0.3579316093298209
9850973,1,0.8521716398418229
34846713,1,0.7081752994613604
17015490,6,0.46563407794216527
15993006,6,0.3513854154960727
8904318,6,0.6952741497479845
37502545,3,0.4345839192588505
37354022,5,0.4859538357333544
30660619,2,0.879285939985695
9671530,6,0.6760020905535805
33272162,0,0.9518831650702818
8686225,7,0.31609929170059314
18295751,4,0.6795152010637884
8327365,6,0.6879185201381179
39905822,4,0.7612401839090107
39060386,6,0.717641806849167
26449057,5,0.8946638146671666
14827983,1,0.524414092759285
22244642,1,0.7841157025402516
33697530,3,0.7113270476887543
18431821,4,0.5063132127481866
31982284,3,0.4226211470088084
38733897,5,0.9226246214453049
40071165,6,0.4877611280730691
1596963,8,0.5093454385567513
21032497,1,0.5175726395280555
38928949,1,0.6310121560322919
2801154,7,0.8527924112694514
29454595,0,0.33231495955144547
17116718,6,0.6470739685235284
40098680,4,0.6756285536775772
9390536,6,0.639697774040505
25766209,0,0.6615680213119395
28233766,0,0.6508383166164893
2940948,6,0.3133106464590877
24804527,5,0.5860019917199777
27027316,6,0.45567895928047203
34812542,5,0.6754707741416278
30009948,4,0.937587600645156
27732965,3,0.6886098276343087
747781,3,0.5171050559023234
16030923,0,0.9271115494631571
22298050,5,0.539533844729855
12934699,0,0.3342968927476209
21506864,7,0.2611357530689254
26489449,0,0.6062467018183159
30891094,6,0.6131523277865359
16719263,5,0.8115940524390423
6075974,8,0.5802385600729955
38562144,5,0.8957247804011492
14395115,7,0.5777538176866324
4947290,7,0.3848123330825687
39658549,6,0.4048779129463928
34126448,0,0.8802364711603384
26513125,7,0.6802589778072844
30647997,6,0.6648324529870309
38130054,5,0.5449135328170587
6256183,0,0.6046205228425682
30486773,6,0.3298643173803299
28873486,7,0.8942249105501529
28011551,6,0.2914063469707181
32280480,2,0.5164216506882343
12320143,6,0.4813753557302763
9091073,0,0.5397471289060802
25258755,2,0.3554687097853866
34544925,5,0.7409748848513025
14787461,3,0.7087572300951219
11068198,1,0.40375025425760785
32315491,6,0.7148681383523936
15305787,3,0.4483929573601339
13127045,3,0.6250659633594743
24604983,7,0.5566855130981244
21677964,0,0.46437091913642575
13639461,0,0.2861376087149108
23636077,2,0.32474298965825854
40063317,6,0.5115608851232668
30674777,4,0.7489990626236581
40090673,0,0.8964869305701476
8281762,6,0.9851791751284988
31967010,7,0.6643392963995817
31381183,7,0.5415521762420339
26858129,0,0.7730715694280426
11315259,8,0.6806308552039497
26652845,4,0.7771695135444081
35311269,4,0.5942075121356902
16505456,0,0.4977169131431081
22347357,0,0.5954196464951194
16909779,6,0.3593470526701195
37590721,0,0.912907172199124
28616679,2,0.3096352483406584
26342588,7,0.6252130964195465
39781172,6,0.3845006206043023
31121026,3,0.40601205246766936
19956622,3,0.633461738748516
30900003,0,0.9999999999776591
9292169,3,0.3724811839195696
16818338,2,0.4764697495190752
17913377,0,0.3571495666624189
3665414,0,0.9635481259779233
36632745,2,0.9056042094482101
18082319,8,0.8478027900359522
33455463,6,0.2191267515209192
37883476,4,0.7528823551515925
23188991,6,0.5690114622169057
30133505,8,0.5092424361730352
23020520,0,0.7080611698843001
34857737,7,0.6846602564174599
11794466,3,0.6487339839509185
38341323,5,0.5680108593704059
36427800,8,0.49951849628700656
38094679,8,0.674968860007804
19182912,0,0.6723897358467477
22788770,6,0.4518584750622303
15791553,5,0.3194013632604419
2717282,2,0.956814926112892
37087613,7,0.4718307254557416
9702933,1,0.3599766118831998
30397874,4,0.5743024374980965
22115831,6,0.6384575079596223
1504729,6,0.6024165491525975
20804956,8,0.4587830726122956
2942940,6,0.641842497869812
4702274,6,0.4363277281744008
13068043,3,0.7932857308226332
17683701,7,0.469317713556174
19349117,1,0.4479312503575579
7270022,6,0.44935395771336567
31421283,6,0.40542030592224365
38658041,6,0.5415023741550231
36684140,0,0.9999999999812385
32389221,7,0.3309722626370634
11035076,3,0.4783243442631707
17023170,6,0.4072940731702492
31714221,7,0.4559578242631878
8892831,8,0.6379754040419953
27178126,0,0.5693638890912043
36662624,5,0.5197534252094366
40007815,6,0.8361581488447611
18221294,7,0.42623173270890924
30695709,7,0.3149749318167359
35663130,0,0.77285067064024
35990123,6,0.31441988606032567
38470092,7,0.4438395686833507
36958314,4,0.30819242915198064
3824179,0,0.2678703920177682
13797624,6,0.59030158300949
16957167,7,0.7414476177420386
39738285,6,0.6240573303352223
14804291,5,0.26291070033892744
39188888,1,0.5953589281794037
31758913,6,0.4997989323011623
27434569,3,0.8057893911188523
11651553,8,0.47270617645375607
12715804,0,0.4411759519826817
13774397,6,0.45140029142984656
5306756,0,0.5381158436792418
19371849,2,0.7923472051662866
21870618,0,0.45021495647250515
29179670,4,0.7618095173107198
15098431,8,0.45337534805029395
36134850,4,0.8455873849551997
3606743,6,0.7405646564747523
12098559,6,0.6841355703829282
38919565,2,0.402702084582355
27910855,0,0.8000718885578132
25771516,1,0.544915342307631
32043124,3,0.9131154941900195
28988072,6,0.7445802700231774
11657614,6,0.7238313610206383
9372456,3,0.6043706752336453
9767585,8,0.5155994457323118
30961846,5,0.5850884256083205
15870443,7,0.26552624709432393
29043771,7,0.751750197261054
34964426,2,0.5503012706626084
11302487,7,0.5193333592821757
21448929,6,0.8178526713592222
30036303,7,0.37937434950655186
32762924,2,0.9999999999943872
39329309,6,0.8360575545089826
35330808,7,0.5957366120433486
3244876,6,0.9506438843281259
23439131,5,0.7298193437127501
38446908,3,0.644439898403597
34846325,0,0.34372669061128824
28439394,2,0.6824641181817098
35614466,3,0.5829829458669321
34244191,3,0.6467010338924709
9946760,8,0.35264511855007874
20470970,8,0.6425394892193951
11897597,3,0.49760264079993144
19349902,0,0.5195914936634795
2875767,7,0.605810817755155
18609513,6,0.5087600784176234
21952175,6,0.7289668902737753
4894976,8,0.2789468704530821
25634624,7,0.706631593763275
27286275,3,0.34239058202904915
2063412,6,0.5970984521312372
25513698,6,0.24957935871008896
33168099,7,0.24042286650720193
30682836,0,0.34440568986658754
15266818,0,0.23865925405381827
32646389,8,0.7577999604174336
32548708,0,0.7591501319584741
30149776,0,0.4825827964476587
22069727,3,0.4160481391193004
10075065,8,0.46124540797530506
35748549,8,0.5603102892430438
8225460,5,0.5741177109586161
28818036,8,0.38682844369068814
11927604,6,0.8016180285861947
3976795,0,0.7565217261044371
39203384,2,0.2742789033797952
20360293,6,0.8911234996843317
10202306,6,0.989057922977806
8858145,7,0.6560505012696835
1876131,6,0.8206908645547922
31898989,5,0.4119850929237668
19215847,8,0.34380132782399825
35752388,5,0.4064867647947212
33434990,5,0.7719522272161152
19865964,0,0.5203437448677036
36213883,8,0.5041862672655653
31219359,1,0.8899223961089056
16592420,6,0.447501898547793
5764664,8,0.41423989814029927
16351436,5,0.6695014195762825
19264922,3,0.47979743593571933
19058985,7,0.4409899829667762
34596576,6,0.5349745652937384
39934802,7,0.7408972018001849
21860661,0,0.4660092604497652
13566747,0,0.5041823027091974
22565311,6,0.518439648967705
5783516,8,0.44576692805321
30753390,5,0.5856190783193782
29015221,3,0.7277669254647825
38427958,3,0.6453707047138219
25318639,4,0.6937808842821315
26473885,0,0.42539266246953517
3375375,0,0.3671752228732353
17184225,1,0.529451782830325
19242826,2,0.5254913775438506
20528081,0,0.45257164563081514
36487527,0,0.4946317479802286
30370110,1,0.565872334357535
37886785,4,0.8130435486182442
18592785,1,0.5038291137248305
31119510,3,0.49370086282987924
30979092,5,0.6027061948943991
11641435,7,0.29650014789383156
21747260,6,0.9790899496506046
37372401,2,0.47318292232985865
34885107,3,0.2863817917167649
23009552,2,0.4360557878368242
19109158,6,0.48354506118290735
19289291,3,0.29524572646323755
19166126,8,0.4513164894120943
20849316,6,0.2884054971283078
13674792,3,0.6798661374300344
36975738,7,0.5352543481072402
10400139,0,0.4424344819436085
25045483,6,0.32892424782922763
39379805,6,0.6165156604286819
23184263,8,0.4473439971525266
39969218,3,0.5807494308585185
19678342,6,0.4291465763400116
5481686,6,0.867797874770481
21996288,2,0.5350770428014823
27645132,7,0.5327691510232565
38879220,8,0.674621314646184
39499959,6,0.8169892766884225
33353855,8,0.4476190605011668
10850052,6,0.5374660613361691
16687433,6,0.7275500809269124
22076449,8,0.5960748970125301
33030056,7,0.6374701794931251
36028382,4,0.49729902227591766
18174883,0,0.559889266456743
11618913,8,0.34421287125310457
32529073,6,0.35492909461334027
30655847,7,0.6729314847987435
19134404,2,0.429973704690875
29343107,6,0.6626633908904905
6630645,6,0.6273225597059875
19440322,8,0.7918871906526324
18880625,1,0.6088027291318016
34108696,5,0.5842617103497975
37246630,0,0.36822866809819904
26243682,1,0.3145133376902253
38944814,2,0.5951605915993472
29064053,5,0.6145403885115733
7589238,3,0.8543695045535719
2768188,1,0.39417374516921205
38552285,3,0.9146424817468031
36046230,7,0.4559546993428017
35143596,3,0.39132208793266293
11130831,5,0.6603868306960204
26430607,6,0.3229187724841699
27646065,8,0.32933006056822445
34781904,1,0.6326026197755494
35096360,4,0.5371803640460892
17697170,1,0.38109084476393484
25417713,4,0.7354439326491764
10110083,6,0.3073095676617487
1521058,6,0.5137208330408857
30412340,6,0.38053495579864743
28619045,4,0.46372752960154895
32188352,8,0.5356359063207328
14222773,3,0.354068619109375
38819570,7,0.865961998501669
28668698,3,0.7510859711034374
11611849,3,0.8573063599466381
855514,0,0.5164234953907522
35948293,8,0.3013906124974653
18301980,2,0.526984150616195
3907611,8,0.6514484893486557
8901996,0,0.5253793662930261
9252688,6,0.3073046161192645
35260742,6,0.5781860629141233
5136611,8,0.4170911884639288
32971485,8,0.6413865272576159
26345196,2,0.3985607088223454
36068832,0,0.4689988264684577
37106475,6,0.39138365025310523
20461772,0,0.4783226136081547
18232150,7,0.6413545830355026
22387024,1,0.4319270850896542
40039457,4,0.986962756405968
17831211,8,0.24548597636955974
11982341,2,0.4556675801962466
38963822,2,0.6656797053989351
7222382,5,0.4111076691535443
35502121,6,0.4556788526532064
32203982,6,0.5557738093796314
37341764,0,0.3686698473498167
36410373,3,0.36216574171545207
1448429,6,0.7423361886155239
39348496,6,0.5097382121670814
24440960,4,0.603477699743125
35261588,4,0.6542769384596095
37885882,4,0.95231412111834
33412974,6,0.624427747304083
18236155,3,0.46966122203335464
25249259,0,0.8700505451137953
33681855,6,0.9003233617358313
34757803,8,0.5710944531343072
37335938,3,0.6299260891221781
39557313,4,0.3967707399618663
25726924,0,0.5962955327480882
20579397,3,0.6308958593757784
24234034,4,0.28500485701883993
35397621,0,0.40041411250321446
30662570,4,0.39536410439123626
13025332,3,0.30040061004517205
20199962,7,0.46877845022278186
37528077,6,0.7636310535739986
30815468,3,0.8052164090754717
29929639,4,0.864716794783825
24941765,0,0.5156065204662472
8060397,0,0.5424942089645374
30121441,0,0.863469767693756
4707296,0,0.36094514923522786
38994930,8,0.6242311700452763
34485056,6,0.46094050393587066
33527030,8,0.45454272212184793
34445692,8,0.5103494459579594
1212108,6,0.7053124132344212
15486711,3,0.6673237258464688
26801068,5,0.46254535411884684
22806065,4,0.6516852132592375
20551104,6,0.5020857966348856
7698716,1,0.642477829134323
38609421,5,0.6397312201229872
39257652,5,0.7013739418883052
20870812,6,0.44664807838934173
26894144,6,0.6676169428418751
36794592,1,0.5463265134675606
31836695,4,0.3319574582443981
9964911,8,0.8354458723083608
25770880,7,0.3841685221640275
27912764,1,0.8141896020148122
5498060,5,0.6444411837762231
29733476,0,0.4385905871935519
4605929,7,0.6258778381165941
34598298,3,0.8909755291817618
1491796,6,0.8329620373230766
39646631,0,0.26282752714686136
35090521,6,0.443080046774062
37232387,4,0.9354506726543838
23023878,5,0.7412202490763901
28211280,6,0.4671165599986165
36723003,4,0.548251880792568
29338190,5,0.43954190325787823
34369849,7,0.7373130024908986
5041682,6,0.5457357681270886
24028925,8,0.7840178477249086
702986,7,0.8596975238747374
21226708,7,0.41075903462671265
5156663,6,0.3696389104762116
12332195,6,0.3355406227147771
1189253,6,0.9664621488727099
30253198,5,0.5293737639273879
4733838,1,0.8334297527974689
11087553,6,0.592867955555936
36786056,7,0.4204092552782087
20922979,7,0.5543447934725523
35659578,0,0.7174402816065879
23343370,1,0.4502008005382532
37095012,6,0.8254649581307385
21430900,3,0.838721187842066
10570560,3,0.7706809416774749
35620823,0,0.340665785802178
28327150,6,0.4450439308330046
36140143,6,0.3466923163748565
6462684,6,0.5833258630925124
10868473,6,0.420693081695469
14176833,6,0.43018810889109554
23567674,1,0.4019212733547402
39304995,5,0.5240847116261709
17658399,0,0.9999999999797382
21705098,8,0.25841324215686384
14628486,6,0.6462028699191069
34386221,8,0.3604626088989716
24560173,7,0.662128563672361
24865844,3,0.5109353034120061
36269546,4,0.7297113471196233
1053928,5,0.5704970284898007
37317496,4,0.3683260961118795
9533179,6,0.7273028916965132
13224920,6,0.8284414220036196
35515975,6,0.565804878710067
6846829,3,0.5768919099028019
8806101,0,0.6559039347824325
13346021,6,0.722680004207571
14178517,1,0.5315050393029239
25733955,0,0.46529691986510086
2825520,6,0.4948106724698982
27899293,0,0.6114516742379519
11025700,3,0.3204692381313379
38597378,0,0.3753477034222941
24892904,4,0.670168044816147
20121664,6,0.5471454542333231
9635913,2,0.44323096786790395
18214743,3,0.3283185684429058
29478400,2,0.42304915481376454
16265602,1,0.5641498612070288
28489149,6,0.6936466210707145
10682806,3,0.3609777363530649
17639142,3,0.8569385947136854
24467748,6,0.5973726280604218
26658175,0,0.6826963111491773
5825653,5,0.7239999189283348
9458110,8,0.48278177849070725
30174526,6,0.3170128687816484
24597661,8,0.2925913002441592
28997445,6,0.6558138673863528
38050084,1,0.7798305337078532
18840174,4,0.38071984892319344
25395175,6,0.99999999998025
29911230,4,0.5424611888939458
38576589,2,0.47539905491789897
39309227,8,0.3896409114713386
2672635,3,0.39333358926072226
35726924,6,0.6693491539069236
9097441,0,0.9604560956837489
15247628,4,0.8556767864725823
37112548,7,0.3536499764258705
2005540,6,0.7065052371373177
21298772,4,0.29054049931524334
15860074,6,0.6818484124354109
22794884,8,0.4657259823651156
3749512,0,0.6775291331172096
20285906,0,0.2273458636042924
3405626,7,0.38904883309378735
29983059,5,0.8164887077668126
8971074,7,0.42321897722908436
5690147,7,0.4406600847837775
36033021,8,0.6334303812623038
7857868,7,0.5487712627230406
12601316,6,0.45058643923159847
33848197,8,0.6427728696802321
16943988,2,0.6294008616607227
35725478,6,0.5181963808254693
23607525,3,0.8483373911745737
33969754,6,0.48905722499776433
34229641,3,0.5354415186136413
24488927,5,0.5998266807972339
11029014,3,0.5739955400023646
2171733,0,0.39731840303223603
22862658,0,0.989461958363354
30948997,4,0.26653731217986426
16342777,7,0.33717742886807844
10985157,6,0.6038839161251328
20114653,7,0.3176814143324997
32037190,0,0.5725353082099385
34132663,0,0.9613614537005563
18005861,7,0.5389537612332149
30922736,0,0.7003575976045027
35750140,6,0.716175474061923
28335194,4,0.6186670089521672
4642423,6,0.5002418507704564
36631462,1,0.7330600840563569
10984471,5,0.649996589455808
31033468,8,0.7630218046706245
34709927,7,0.560353940954593
39628043,6,0.31642723398039085
28214895,0,0.6174063911046549
7017990,1,0.3347673694944414
27048702,7,0.32886626888622295
39987703,1,0.6360462051023498
27765166,6,0.26032887661424986
8781024,7,0.5759266912286319
34180674,6,0.4580717512408122
22657874,6,0.35353546967513466
21854364,3,0.5865674276454781
2401117,3,0.5549886022647551
1049070,3,0.4666913406864145
13901185,6,0.7719586043141856
29194082,3,0.5735471903035487
25196721,7,0.8066615158394027
34253425,7,0.43558954484838086
15231870,8,0.8014096278752283
19224300,5,0.4895433295097417
37346463,1,0.4432800098010192
12341496,7,0.37123652927022627
5504498,3,0.47391423891536305
36666353,3,0.7179895926073042
18295595,4,0.32423373798732597
27428008,0,0.6357206409365476
5360050,6,0.9102016010492283
9298820,7,0.5248402733422483
27425443,2,0.44472773810141547
39288354,6,0.5546941691615755
28255133,6,0.48028626911423306
30610579,3,0.34038535586846336
25291506,6,0.390287716498446
30125939,8,0.6874439146437396
34996508,6,0.3993944719747261
35847399,6,0.5418694656528702
4039354,6,0.635326530754172
29474143,1,0.8149351029962528
37408133,7,0.6136660593704096
25678204,5,0.3665812412169365
11488558,7,0.30034332624559157
37199288,0,0.5454815384526563
31745159,0,0.856260986622794
31317312,4,0.44690718704673704
22280167,8,0.2560285179531639
26593944,0,0.48686386939490817
8211386,6,0.4424573688136986
22652762,7,0.7834819003368074
3252383,0,0.8467183461461002
30142149,2,0.45832684490468883
31740909,0,0.37381342973402926
6413891,3,0.6731241426068392
29729356,0,0.35639263792630366
26719449,1,0.45074832154558003
18722046,6,0.5069951052482683
9761116,2,0.8136018167695633
32751576,3,0.6804395551198767
25051362,2,0.43117312420261455
28679718,7,0.5102296842778579
27578674,1,0.44235615631207525
30028841,5,0.3707584310963168
36277917,6,0.6561213882318616
28677657,3,0.8432776859447727
27339940,4,0.5128326771417783
16474171,7,0.47982382692754116
13303464,7,0.5703584399118835
14161331,5,0.5463926157843754
31649871,3,0.906363333143918
33167079,2,0.7779103640293535
28859300,4,0.7922834123987147
37280467,7,0.5048361161621191
15856429,6,0.48514995988489074
28066142,0,0.41227176157163187
37698554,3,0.7063889167818077
14942343,7,0.9921010780531749
14268056,7,0.5692883331050722
39690258,4,0.5498676838370347
15980196,8,0.2891857466945023
25337092,7,0.4301875921353872
21870807,7,0.6528915172905695
23067585,3,0.880281531764629
5540510,6,0.7659875389982413
11731392,5,0.5199930123433676
3610084,6,0.856072798279719
39130288,5,0.5147852206374272
168559,8,0.787627106733968
30150817,7,0.5672230386082733
24525421,4,0.8527166043759378
32940613,0,0.5193289699832303
36676594,1,0.40530589875701845
21756477,3,0.5023395248207977
3040356,7,0.32226794970851347
21617249,8,0.47674183877313514
39527176,0,0.9999999999808108
5768656,6,0.3329824204702353
37303345,8,0.3786685236280009
16747459,4,0.2925717314479948
20023986,3,0.8552553061769996
37516409,7,0.6351720650530933
13493477,7,0.4123802392936125
27912930,0,0.5160640305313814
19742385,7,0.46975719924206855
26549542,7,0.6141657123267299
39700636,4,0.6275048684346245
39261819,6,0.6551380382054651
16455934,1,0.4604547205363872
3601210,6,0.8757129451448129
29060281,6,0.7116741550329603
30801715,4,0.5071033469424353
13019203,7,0.39193637478468596
15405460,0,0.3289249577665461
24428211,3,0.5929294423476923
39564909,3,0.5134704072236288
28246938,7,0.5014235890598355
31259868,8,0.40618183111006173
3647771,8,0.3931614428804429
18146905,2,0.8847082686141364
39965297,6,0.5313082310989957
5325908,1,0.6592003927033172
21947762,6,0.23016005374170082
12332611,5,0.5356342996219684
35537895,5,0.7103413497402079
9278858,6,0.4016284409049028
34701974,4,0.5607538978155666
34915544,1,0.7470101157540979
12071295,6,0.9999999999865028
1329115,2,0.42472953975963174
27271516,7,0.3254240321399292
19429393,1,0.5081743247621527
25012575,0,0.2574866210914171
28748092,6,0.7803645335945347
12933895,8,0.7393910235592567
10000441,1,0.6513786989531588
10823008,2,0.8818236869973433
13588516,7,0.4852651903859027
33052429,6,0.7103019218143746
27925358,4,0.33602223596136005
3430372,8,0.7137988595340331
20889242,7,0.698408042422852
39457792,0,0.6762882181193325
5385344,2,0.5190731353184386
36690737,4,0.7068931905259133
11565313,7,0.5449122759966446
28957894,1,0.6859682789438805
24401311,2,0.36712039474492386
34415182,8,0.46426090957522487
26901600,0,0.47397599960657183
33687249,6,0.6593238794114191
16908655,8,0.7976226785885799
34087082,2,0.47773404303010397
22494116,0,0.5143435874205028
25976804,2,0.8594414573961692
31202918,7,0.4193744981760451
15323480,0,0.9999999999664233
27262728,8,0.7452895602873407
25803822,2,0.6455354041166204
17373473,6,0.6208387677086857
30449035,0,0.609853413204367
31622013,0,0.730839030330915
26694381,0,0.6325233238633025
16339550,8,0.2687627512526769
37170313,7,0.3095363502776556
10164351,6,0.9999999999871071
7741878,5,0.7209182931355219
15239418,2,0.38129634360102344
25182083,6,0.3853237538216256
24780600,6,0.4630239228489486
13041180,4,0.7013441317667549
39671786,7,0.432356824380637
15176764,0,0.8257515113421383
13858158,3,0.639924062214661
21810272,5,0.5687799229362814
38107344,4,0.7654703842212298
24065793,1,0.3316218698866306
12607241,6,0.6207656250436532
25813037,8,0.4016104832759731
13312498,5,0.46644597145657796
19173937,1,0.4431811168608857
11684354,6,0.3663215859709994
10109848,6,0.5772889796210792
19379968,4,0.990025654584969
29467489,1,0.40676246109414527
13844158,0,0.9063021630143743
32118266,3,0.4716870663526261
20260228,2,0.7702672684402947
16102358,5,0.3188433958359611
9844014,6,0.6500457589091201
19694090,2,0.4264766432815924
25219326,6,0.8297760442336742
23519862,0,0.9472851309372281
38818846,3,0.46197767334410683
6726521,6,0.4799662009898118
19342084,3,0.46404511171101853
25200622,1,0.4176345221561529
16893713,8,0.4558356426532265
24718209,7,0.33925126580602205
36044972,7,0.29183885139136184
36329412,4,0.6988765191105235
14187253,6,0.7425431643751932
33674665,7,0.5708270452037258
32804410,1,0.6771418123813496
27266187,8,0.7862255487697057
26743793,4,0.5810316830208444
2364945,1,0.48416146956619416
29382049,1,0.6421894025786818
24906313,2,0.7737046606237118
29737279,7,0.5295978338635051
34022501,8,0.48933392668694936
21641649,1,0.6168255867232635
17095359,5,0.35646508993168596
34386802,1,0.5316779766365801
37880196,1,0.7268698629347004
19615944,8,0.6296128639925486
27163432,5,0.6557817587572189
26818572,6,0.8618739449545791
3909639,5,0.4577044178842208
11570455,8,0.6227262548841199
32613452,1,0.42132775692605495
23155642,0,0.5096720128846283
30285039,1,0.3730362849821525
38132019,5,0.8709425107930322
38233245,2,0.7126779106660565
17033094,7,0.6611862928415153
26233100,0,0.5663306476095097
32402665,6,0.7585968973693651
29240510,8,0.5907684421178453
34903082,4,0.6760609805677129
19873141,2,0.3020790698666955
34063192,5,0.5626603401368434
33350996,8,0.2884817955224116
26383634,5,0.5422471659813902
39448079,2,0.48607598337939195
28273344,6,0.5127698466655108
4718520,3,0.7526724757711192
21211572,0,0.5400449266558108
27340913,7,0.6744055183303519
11313568,0,0.94100226942709
23067686,8,0.47789743210561386
38977550,4,0.7274258254277647
38008389,3,0.6790373307689853
8554282,6,0.5559138593664176
17261551,2,0.5112805336775521
33145191,3,0.7082120335348755
11851819,7,0.48189618053495625
8539628,0,0.5565560852509783
37391472,7,0.7334051133010336
20916800,6,0.8877469212590501
33699680,4,0.6102825609223212
22312852,7,0.4743012810311297
34771090,4,0.5011869289703582
16759035,6,0.3753076919650695
27756552,7,0.34314402542983297
14134783,3,0.854638201935338
12050460,6,0.2957193030087789
14284492,8,0.3147639923144601
7087395,7,0.47742203697670643
29837715,0,0.5549464690376937
28502508,8,0.604148785773384
32609158,5,0.6952335110300225
20844602,0,0.5885992370073301
8514017,7,0.30744266594327585
20836081,6,0.4133302886366313
33908570,0,0.4035938701031902
33486224,3,0.38769036686352676
39555782,7,0.42348758195644365
21972690,8,0.4892457622453382
35607270,8,0.4000839051548677
19464813,6,0.2890849861004309
25778723,8,0.47828058334382156
28225600,5,0.8467037535325287
6769565,6,0.9139738293137085
24198753,1,0.8085104963318871
2956076,6,0.4437082401348361
31480011,1,0.39750457611675843
22845247,5,0.6140679897235842
30623995,1,0.7370951597480111
11863759,4,0.3425504051569542
29111801,6,0.38297926020526274
36994851,4,0.8833730737119928
33120123,5,0.49653123410669897
7186961,6,0.23295108535488676
24346903,5,0.9999999999935604
37913921,7,0.4793278755776703
37056533,1,0.34289475448878415
16990812,8,0.8103717668554384
5436540,6,0.41564752082867057
22682543,1,0.862509092186201
27914827,6,0.8274129664630296
36579629,1,0.42970955832357727
26385984,6,0.576179338822033
28097661,1,0.39674190720210806
32130954,4,0.7684410970546537
12665971,6,0.48944320303766414
19379345,6,0.5610190107392764
36972402,8,0.6652212417352447
7346342,7,0.4582843494540212
30542997,7,0.4452969626640475
12984205,5,0.7929316968467942
38349387,7,0.38713416059598427
36461901,4,0.27293374398631576
39948448,7,0.5818155337475039
34537335,8,0.44775178841630403
22423626,0,0.3201483505121825
19031299,0,0.45851880510205073
35368418,0,0.7080219936330693
20324103,6,0.4574624566980583
14049048,6,0.724952461177434
29209007,1,0.5476030196224614
2330278,6,0.5623402266003164
35470446,0,0.34882854098983446
18809962,7,0.5081448151848559
21471672,3,0.7288178892227406
31111650,7,0.836993333658121
10682719,3,0.8363959578350042
29550776,6,0.3428819746455128
10121861,0,0.4430865009645712
14124311,1,0.4967744825386151
29175581,0,0.6935196999969784
38166313,4,0.5123262024218869
26199354,1,0.48484610525251426
39057333,1,0.3812076326514167
7438666,6,0.4571277724107503
32764536,1,0.5002356419077365
17324517,5,0.6663447755044414
15841969,8,0.635535120853534
13757734,3,0.5475011896114973
31593811,6,0.548392298724121
12225392,6,0.7651762843000068
31279843,8,0.8223066385630793
33662222,1,0.6726799706551284
19655407,0,0.977581228136444
13089022,8,0.6188939414372961
24228420,3,0.8608871437428656
32720873,5,0.6540714722513814
27365402,3,0.8282554709039323
18514719,0,0.31092478586842337
34079680,0,0.7265765698413725
8014343,7,0.4124673042458573
37259543,4,0.5107999880692357
36672021,7,0.4610310844103291
33235135,5,0.68765701090901
31432013,3,0.5520483651200029
37143235,0,0.7148313723704598
18482786,6,0.9224515090558997
35566678,1,0.5119798815945339
29794126,3,0.7770646887608161
13277004,8,0.5395008857426032
10671841,5,0.6237233510850219
22932324,8,0.3327798360484383
39673720,0,0.5819230032567919
17118714,6,0.2947061186893844
36327618,6,0.5554481897701831
11352047,5,0.5803721184293914
17941083,5,0.941420728097809
39888821,6,0.7002513897572789
37851014,7,0.6092807263356386
21896685,7,0.8138724919584389
19666772,0,0.7568772109823805
37094707,8,0.41336929714103915
23390033,5,0.7321058997713978
38768129,5,0.5481483217257405
35102838,3,0.7288739667187986
37014652,5,0.3872458255024441
9405399,2,0.8894421829288436
25859496,0,0.6285391060371648
30154970,5,0.709067430997254
33808135,2,0.3824514114928435
31517534,8,0.29755391813330917
19561587,6,0.8816579415422664
22473370,6,0.45675442493899177
12880158,4,0.3610527739315693
35436129,8,0.4094721728203997
39969896,0,0.8694426358348639
25429445,2,0.8355734676587275
21192230,0,0.5772960084431138
22315678,0,0.745994411422431
34049790,3,0.5086888795978078
37643520,7,0.4556514701677016
34656477,8,0.5851453979564127
31601820,6,0.5643534524157481
32606743,5,0.4958698783400676
33712530,6,0.37539856711611114
34260259,6,0.3555341675121088
35336132,5,0.34949207797644577
29670110,3,0.5682404567099502
12613787,6,0.4013412386672311
26106358,1,0.5359583990469687
38232834,5,0.4207567689953937
38687935,0,0.9999999999744497
35908786,6,0.7946748760008548
22815822,1,0.4887737003424163
19152355,7,0.5931256170214355
35298554,7,0.4102647727045746
33158219,3,0.5246431037453495
22619681,6,0.701534914465898
30872748,6,0.38194612096504243
20482381,1,0.6631512343338176
35032571,6,0.8203786288310341
3351963,6,0.36836958431926664
7766445,1,0.3335405044917813
22205954,3,0.46876400305386684
3635073,7,0.4633963572841788
39421500,6,0.48683585607213015
32227824,2,0.8882503635552667
10792736,8,0.2311242961874405
31719831,7,0.511103220034675
20295134,0,0.948855127991851
37795044,4,0.6166813073082744
30986106,8,0.5273143043442665
12150491,6,0.3793457369842081
12954969,6,0.32420881138849106
34382149,0,0.6179552528570879
24361505,6,0.3787645277596686
19939189,0,0.32678523720457103
24273517,3,0.5028290878887501
31210056,6,0.8556574044237694
2882060,6,0.4190920019163329
28615264,1,0.506884937085358
18549236,8,0.521406142696563
34102891,6,0.4866311072045545
24231285,5,0.5798138868355245
36619359,6,0.5455257499754651
22106425,4,0.5322290429013553
36547260,5,0.9366240311175295
32914033,4,0.9457083394747086
18123325,6,0.7400049979676048
37145734,8,0.5664272789189071
35958446,0,0.8090848357075707
9547460,7,0.30356344098332155
5315537,6,0.2834303682658953
9900137,8,0.6414391146877274
22349741,7,0.4271574054887014
14037882,6,0.3482037372976093
21629727,3,0.39400930063242295
27582796,3,0.7284005279053894
27543458,1,0.5410586267209883
1400537,6,0.43405048472917535
18396172,4,0.4983399113079548
40111822,5,0.9796578096009039
29062319,6,0.9835312300285042
31211832,6,0.7492568120750807
34132332,8,0.8672850031509726
39284989,4,0.4992264814630902
8380046,6,0.3543670391868964
33336080,0,0.2939340390335071
9727429,3,0.48264588715026296
21424463,4,0.5601403239170057
15852436,0,0.9052860164349942
35565250,6,0.3529754871730502
25772750,6,0.3363771186411646
34495762,0,0.402083230932262
33824764,7,0.6504728154117851
22738922,8,0.5758049665025785
22806226,6,0.3146664942271494
7693273,0,0.3646020007656213
37297266,7,0.699896537460833
25444198,6,0.20961574835553945
24468741,0,0.5364426730757419
39784483,2,0.6526401444224469
37131947,3,0.4892615408553379
30918710,6,0.4133526767859514
39548099,0,0.5636245462302999
11155342,7,0.6760810764665072
32350485,1,0.5006295925984844
35756562,5,0.4073910259135761
23123759,1,0.389291983727942
28698419,6,0.4432332652211896
24849655,0,0.5366760969175859
22605575,7,0.31543429877596224
16146966,1,0.7992084867460938
16128128,6,0.282668713202359
37296866,0,0.403638150618306
20103730,7,0.28455770166661204
7186134,8,0.5984237413484255
37077154,8,0.45330964729978257
20921889,3,0.5060509891013473
30722467,5,0.4791127953737545
13248569,7,0.7559386491011165
33341394,6,0.3239587299177959
38061876,4,0.8312594771110307
26049459,6,0.5913691455912822
6301249,4,0.5178659166076088
28059054,6,0.36405436790455814
29823687,0,0.37836406055687294
4495223,2,0.46603142104219497
30643194,6,0.3216683528990762
38976411,5,0.7039770896666604
25798071,0,0.5338093876116063
6961212,1,0.6675526393858099
37146322,3,0.44036136735443543
25866765,6,0.7523115626024838
5436122,7,0.457324268780606
4106546,3,0.419712974796757
21023423,1,0.5958028229174747
17290854,1,0.265145552358461
27456185,5,0.8777661633334466
5472818,2,0.9083739867707765
2690324,8,0.8020813611578631
26922088,0,0.46876897177664856
32018172,3,0.53268522157641
4882377,6,0.4117114813780845
36925982,6,0.4899184273679419
28433036,4,0.7247718369507639
32622935,5,0.8425153711142583
19451544,3,0.5576409645057276
27819713,0,0.8198150872226498
38100729,6,0.6317650040140225
31635140,6,0.5594009531597497
19873620,7,0.37466414195389075
37671720,6,0.45760452947423497
11387001,1,0.3885521049696308
23215177,3,0.34501467936369157
21677347,0,0.4257246833026925
13331419,0,0.99999999997117
38372560,6,0.3010998565865456
24680216,5,0.3933879068290776
7258931,0,0.38041478088082814
26197292,0,0.7654019886117762
21922015,6,0.9999999999823007
14538887,0,0.8101686334989807
10544928,0,0.311774103506951
5129794,2,0.4608990326693407
30847903,3,0.6587882274040332
36365542,6,0.5098569322950645
14335832,7,0.451209695771184
38310086,5,0.7335719710979424
23787043,3,0.5897982271129343
7760837,0,0.9999999999727801
8318766,7,0.3706324918612021
28612607,1,0.4264261380302442
39008407,0,0.529194094933404
13955319,6,0.6851606028367278
30979817,2,0.5033568529865355
25625100,1,0.5232184739894986
16491781,6,0.4954447283951977
33833291,8,0.6481456827814877
3800530,7,0.7669164415047512
12644826,7,0.365431870175317
36871638,6,0.5935449672340017
25733694,5,0.3530123122993362
13341780,6,0.6623359723931669
35765341,7,0.5996238785373424
35832475,4,0.7051037002664952
19401749,3,0.7034238491129851
37789409,1,0.9636347390738742
26592540,6,0.5948299404170109
3853703,6,0.6778448087079441
21881749,7,0.5064624026504466
17782744,0,0.653701904555995
23256340,8,0.6355459606376226
18795352,1,0.4555224449180999
25435540,6,0.8652024910717315
22871350,6,0.4347691093855903
35278217,1,0.6053324996474879
16953251,6,0.9778433533354143
22155626,4,0.41996192948078953
19426759,6,0.36298778341164145
33345995,7,0.4916371604676108
9358749,0,0.6195880500601788
33727205,5,0.5050240748046213
9986340,8,0.43534177979230243
23546656,6,0.2851345800760978
32317241,0,0.5860548707324583
12804239,8,0.7365124083766813
27162395,8,0.5001796473766306
36576063,4,0.7612731898909517
7003821,0,0.5475099295135069
11665411,2,0.4718695304723761
14004457,1,0.6970121008832675
3345199,8,0.6570115854515086
33114155,7,0.6093050077595892
26948405,1,0.45196234398636415
2894668,8,0.6067435818448935
30144020,0,0.9487191585832301
21556115,5,0.585031908503905
10846061,1,0.4911283797063166
20935675,8,0.6777863015958836
4371004,8,0.3600887744379658
28134919,3,0.36912455421245205
12620748,6,0.2773623724514899
21997347,8,0.43563742368233066
15169663,0,0.9999999999769181
10042578,3,0.5769978744455772
28562966,0,0.36033322923042554
28616143,1,0.6102895878070131
21152430,0,0.8482785883950139
29332424,6,0.4941427871342282
33383573,0,0.5627894051831476
34649399,3,0.29063123943930824
21936588,0,0.7452661741969667
31012799,7,0.7863313461635424
38236351,3,0.5981083546988798
26442394,1,0.8096309344548904
39848610,1,0.31039896501643177
22438238,0,0.610854415230637
10165756,8,0.38248045998591745
33279287,1,0.6877204790242847
78799,3,0.953532369301043
11531531,3,0.4554891179953733
12043522,2,0.39387885234556647
5027352,6,0.5237550427089726
11788565,0,0.9999999999743528
27452754,1,0.38681346507497444
17602455,6,0.23966535358307625
14043431,6,0.4119249368946528
28825116,0,0.6244168189066971
39323666,7,0.33747149248662034
34075491,2,0.4525467987726917
13937176,3,0.9076088179248721
24003450,0,0.5064938557268911
35223118,6,0.5922143848982153
28666995,4,0.418546926461096
14320396,6,0.6319988790436641
7538587,6,0.8297317529712933
6254713,5,0.7751272348829565
16220263,4,0.6216354321908819
15930291,5,0.658376130518819
15178640,3,0.33064363050883944
23921090,5,0.8107452107165601
14217466,2,0.5234753908082062
21189346,1,0.4913843155181086
16551998,6,0.7933247132273487
18166417,8,0.40258571008680116
29030529,0,0.28588550589921746
32553661,7,0.749729104310471
37718683,5,0.3896078078138094
36893767,5,0.653949136778999
31657017,8,0.7869757235624014
26594163,6,0.5199087871060988
5614992,2,0.6859133247425455
4827303,3,0.9381167013799543
3949772,1,0.6672035391757406
25559202,4,0.8747567036562943
26867730,0,0.682168356757338
17085021,7,0.3307713727758873
5159238,0,0.388915081309831
21459349,7,0.7401948962371083
29592042,1,0.371322860152957
23090151,8,0.5450569730150804
39001152,5,0.9745885765803254
14949090,0,0.8630172166414379
2375956,3,0.3270114058959413
29850602,3,0.6115678798049178
23411836,0,0.4123873772661398
15771424,7,0.43970524728351545
22444607,8,0.2508057152793932
9566592,5,0.8464901920506562
29395105,6,0.36638535434110864
3271639,3,0.8201253168461724
3835083,8,0.44657608635477847
1752902,7,0.3956138773358276
17508544,0,0.8425250276931293
32895729,3,0.37905158751636464
33391624,5,0.5323382581494619
36461054,1,0.5109715342198816
16882965,5,0.8590871905499982
24190137,8,0.7807331278710505
28519444,0,0.5297324967436385
21067462,0,0.5639146922361012
32911481,0,0.7773074702184152
7410182,3,0.4471771273025283
34348113,4,0.6406519807973905
32725823,4,0.9278543085147525
32368888,7,0.34723687620663035
22393783,6,0.25127743836812105
34771564,3,0.6619669029329994
37170927,0,0.37185612947360713
3274114,0,0.7208453447200106
36534351,0,0.614502046065807
39752819,1,0.6191787043308338
22857889,1,0.5585811592243632
32653137,7,0.3958546367366116
15481914,0,0.6235875552785978
5941622,6,0.46567093233071094
30685462,0,0.5902666392307084
22098932,7,0.30360399288670403
26907640,0,0.3503936674053869
34740768,4,0.8413237847747043
35305162,4,0.7301052959692724
16351654,7,0.43196850759424404
39821177,6,0.8922565541162494
8955274,0,0.46876660937139414
35736250,1,0.6543483590639192
25611832,6,0.383935175600364
29043138,6,0.4694505770722296
10322653,1,0.8041655696774057
15054095,4,0.7490650922254896
16762637,8,0.5278309373074898
30993445,5,0.9093493200369724
30166105,7,0.5002714741722231
29616487,1,0.41226229694667244
29810464,0,0.9693772491028444
29702424,5,0.6915273631802633
21707330,4,0.8521984355982324
8706631,6,0.7289402816679902
27836146,6,0.36964637259802346
10101540,1,0.4542141797547625
13409239,3,0.906883602907908
30276499,3,0.6009737629580311
9523603,8,0.35096834639527535
39144325,4,0.5770227980315761
39228698,7,0.6930922978419543
22413568,6,0.9539847144101387
35872981,2,0.2810677335576476
10877734,7,0.3102510588708372
32989059,2,0.668735958761152
20339390,3,0.8024556830290469
37280435,6,0.5850851582561646
30041679,3,0.7469355837075982
1469614,2,0.6625484828557529
26966221,8,0.7496634139148677
39864184,6,0.8437282851580559
10232465,0,0.5133720473321578
31846335,2,0.8599025936472287
15147189,3,0.8596257769992042
2971381,6,0.6906219765740285
739289,1,0.26254487723851216
38117131,6,0.41760627098216335
18838994,5,0.2940832396351595
33416398,5,0.4951192607083244
30055267,6,0.46758765082931175
26089518,0,0.4665722440108833
8130905,0,0.4072591233295202
40099711,6,0.3965622601555762
7829768,6,0.4401616426513185
10844331,0,0.5498178350729759
24261973,2,0.45644066675107947
33444061,1,0.5876004497832601
7051756,3,0.4766822905247536
18696231,7,0.5616103323392458
21615158,4,0.989117224411932
11890781,0,0.4287340815379887
28667479,7,0.6340902065687205
20797700,7,0.4958508399988039
15893153,2,0.34381961150771456
35910253,1,0.8713140297667824
22567373,3,0.6005368469455145
21263766,0,0.9999999999775878
343204,1,0.5667881583107275
30861156,7,0.37777416021297955
23094616,7,0.7358612304317252
4771754,8,0.3639252177817863
38297292,4,0.7926898406097123
27666008,5,0.5034322374836983
30142863,3,0.43398513068456884
6115066,6,0.9101996798939861
31630260,0,0.31045160459399673
13131139,8,0.3516387763910622
31708737,6,0.7709333470477437
38309707,7,0.26945763523309973
29216804,5,0.8457232023536829
35018628,8,0.5145923053011866
14781895,6,0.5080028968299392
35160710,0,0.501751197020307
8467683,3,0.7165677879407786
17015610,7,0.520830743034212
38845012,5,0.5042187021399588
29695657,6,0.6899825723530959
24411180,7,0.6078530798845763
2057921,6,0.6246073227478076
13194542,0,0.34304448844120994
18340528,1,0.5319202543972638
14278370,6,0.41221093767528466
14522757,3,0.5786464813141889
29941757,8,0.7044706803915672
38975770,5,0.48342299229949226
38318011,5,0.9226292292089363
34044266,3,0.5467849240242898
36880860,8,0.5820800168690853
27700625,5,0.830062111007858
32581569,3,0.6243296234464841
24327313,3,0.6965569593223135
37416978,5,0.7951177059391559
9492355,8,0.5218946945606505
3000646,7,0.3523903849539288
36670851,3,0.496599135989914
33266577,0,0.7668515053410766
33049814,0,0.4708794095884596
16727171,6,0.8494259546404155
31626035,8,0.5136516627185214
10569846,1,0.6568060222685047
28960249,6,0.3559505723408857
27754231,7,0.4308191016558776
38836591,7,0.3550920137327117
34886005,6,0.5444080135038307
4208390,6,0.5498866297615088
21038210,1,0.657728053961592
21649841,0,0.4360556726112187
23583840,2,0.41278515282888856
33420068,0,0.7429650634987176
11884635,6,0.3777966924846158
18753341,3,0.45528311017872514
39106532,6,0.6661107721516885
1576784,6,0.6571023114688885
36017135,8,0.759999297035531
18759765,2,0.4776878681340519
11541454,3,0.5798883972943704
15312732,1,0.8178353251063324
14470504,7,0.7968938762845752
1482308,6,0.5399145967092451
7081567,1,0.41107011294612567
18552242,8,0.4019683404641125
37773719,1,0.44969147160788125
34539959,4,0.9999999999846333
33182632,7,0.3427128212510834
10074325,6,0.4194869661521409
22969817,0,0.45182759916217075
26135386,8,0.35774410965930564
15157502,1,0.6407930056074436
36789677,2,0.43546455972733566
6493876,8,0.8586979302611579
2527992,7,0.28961523973982134
11914083,0,0.5659431953222276
33987624,1,0.3483607914311354
40096197,2,0.49376900666712636
20487981,3,0.8044753285899418
32983085,1,0.9098390584916961
39969021,0,0.2704359713814444
24754016,7,0.4379768214763625
21544372,7,0.32298791241336805
11352199,3,0.584436659646458
20636036,1,0.6235095889823264
20065164,3,0.4157026691895814
27791255,3,0.6683230705691122
18269786,6,0.6132863073702138
20638206,3,0.249090149736904
3893599,3,0.7462467645279244
8292948,2,0.5520022402154238
20012920,1,0.3652868994168708
35643306,6,0.3180914978786745
36043951,8,0.9999999999909547
18506586,5,0.5447106341645941
35214455,1,0.5307006023196655
30677288,6,0.7566923097251749
7314942,0,0.2962425991412401
37121110,5,0.4766054996485424
613246,6,0.5060176993653258
6143952,6,0.35653922229571006
28526827,6,0.40414787856823275
21791957,6,0.3286842165400077
16315645,5,0.9874390437526925
16538883,8,0.7512806459647381
4277243,2,0.8927967066294775
12217462,8,0.5726831307997761
3887944,3,0.5757737198289136
37150345,0,0.7617172856384967
7396071,8,0.5652974655189037
13696883,6,0.7214255726445643
36485098,0,0.398488028373634
36573764,5,0.6337273832772363
36288746,2,0.3662026983493766
508183,7,0.4333023819124279
21083924,5,0.5058970085176523
3996904,0,0.6622053695042086
3348594,0,0.5350747411803338
20575347,0,0.42429294218045305
23056805,8,0.26046926432564754
4610717,2,0.2200451487172953
39438335,8,0.5252869499299617
24057943,8,0.55801641459564
30621772,0,0.3764947004412138
25865975,1,0.5094006332497704
20154766,0,0.3809885638533822
19421538,7,0.8359722544766492
893984,3,0.7041816158646443
656155,0,0.46427052169195926
39875322,7,0.5945055221583175
14527671,8,0.2748719015991768
31115016,0,0.37832762973033995
18393543,0,0.40705864317033785
36293801,8,0.5578903104148452
16783597,2,0.6131598993585958
34507234,3,0.7321146779820922
14145371,4,0.3489295546500456
25422733,4,0.7129706163622243
24341701,5,0.4629214914440894
21500737,6,0.4354606909145697
37414213,1,0.731893360973134
37584942,6,0.44492447932746926
39972261,6,0.6198114307855552
6510333,1,0.5535621587978676
31928942,1,0.49623763798093645
37361069,8,0.3468459071881023
35393379,1,0.4264486119850391
28483471,6,0.6335471875480658
20997957,0,0.6728435759893865
38230117,4,0.7908203535977961
38665093,1,0.5154831051497011
15661465,6,0.47065876536943296
12517649,8,0.8855250896701458
28113433,4,0.797086351322421
34785467,6,0.4938157064952969
8535997,7,0.5723866518248519
18229875,7,0.5502734334945436
31288144,7,0.9363430221490615
33642846,5,0.36180464794661055
30124608,0,0.6157491874205042
34265102,6,0.46760486573442417
38238,6,0.5646493676325529
976506,6,0.9583579269642347
24983212,0,0.6601979344687159
26626815,7,0.2440857902682082
7378427,6,0.5148684208274334
39418419,2,0.3179093120544778
36112600,7,0.2779598415806619
21381096,2,0.4179814417023614
27262473,1,0.5549318034114078
34123173,8,0.47292699198220356
8728854,8,0.45999315704245136
30910443,8,0.4856023730506367
10919823,3,0.3453368676380202
19034210,6,0.6214841304696855
4289937,6,0.306738395829704
27482976,2,0.9814065325216814
35531105,6,0.5986343549550666
12083158,6,0.6147900480515263
29888002,3,0.3806680917918728
19782975,7,0.41094296781346007
25813789,6,0.4600552267310138
29645055,8,0.508146395190238
37281200,0,0.4338472839252903
7848573,4,0.3521876495181368
33704780,5,0.40411808681934636
38708775,4,0.3607589513288713
35256779,1,0.46459167909806875
10962922,1,0.5408697872423047
27461677,0,0.5790189564726855
1952379,6,0.4162421439335398
35596501,6,0.8921027894413446
34444681,8,0.6705920135602546
29884453,8,0.6304652967839337
27443143,3,0.6189388161572025
37794648,5,0.3250577527212049
32254920,6,0.34155661478453975
17688155,4,0.5672578290304088
28179026,6,0.35442996180012154
29711531,6,0.5594037877802146
25716808,3,0.8134835295082187
6179617,6,0.7118548640200221
29972842,6,0.2871404813713954
39032103,3,0.501271002360532
22946719,6,0.8361779592371751
34821534,8,0.38415960912892777
28762951,5,0.6424095954628841
10091271,6,0.5116028237312389
2905987,6,0.5156478814876722
27062908,4,0.948410981598986
2219316,6,0.5968294839762123
24210256,7,0.5185965082039062
34838946,3,0.7700517623409987
17781448,1,0.4146871648385053
20616705,2,0.9002760022495312
13588024,8,0.46555734260976456
19782336,0,0.9241774601101077
5058830,3,0.6538225737705221
27833489,6,0.3306204392447261
37719889,4,0.7717321979173271
38346542,3,0.47870613594570693
29261991,4,0.704773855892022
14184105,0,0.6129293985875713
3692697,7,0.42250008798912675
12353608,1,0.7117198732908747
31183788,5,0.7099037296873851
10157678,1,0.48710192652448875
8094760,1,0.6661212173347109
15987690,6,0.5011025256957216
14845789,8,0.4894990326846662
30301011,7,0.3813793494223536
1483024,6,0.8271318997586259
32972422,4,0.4176348890925368
7833106,6,0.8694609036161471
8654869,0,0.7040339787621102
25299497,7,0.802401712069079
30769867,0,0.8910425357171272
1686292,2,0.43494424484839994
24192984,2,0.6543042503639785
13793270,8,0.4704064247982112
10822486,7,0.5827747252031096
12814667,0,0.7607321267307978
12022105,7,0.5756454835786182
28799952,6,0.41428999310711573
30353804,5,0.5088354777878122
25199291,7,0.5154248530420711
4835611,3,0.7128523707820208
17606149,1,0.677179057803546
20949204,5,0.5836800329202525
28968690,5,0.5676024084722638
21052973,3,0.5895924606240207
37766612,1,0.30260266077440806
25284292,3,0.7595121108299061
34278043,4,0.6573989239795829
5259161,3,0.5182306984094193
26145678,3,0.7514756118454715
38363262,3,0.4114311260405403
32622219,8,0.658947677213583
35512199,6,0.60125886689765
30871384,0,0.7156228564940744
34081037,3,0.7977196955726725
10134253,8,0.6452596499204419
37865177,4,0.5910421799065076
23701148,5,0.7211373341733764
32218520,6,0.4005668448272369
28576540,4,0.8059221312853347
24409698,7,0.6586344340136343
31597203,0,0.5082923187399209
37749759,4,0.767442452391851
39939716,4,0.5906288456530382
9208867,8,0.4660871965038046
25072115,7,0.3477361600581845
29226021,8,0.4243425143571848
30294712,6,0.22150461305240574
11475885,6,0.42269408511246503
23199578,0,0.4100810188036226
33447680,8,0.5218283280540873
32878574,0,0.3794815323611053
33401428,4,0.508012706691894
16684595,0,0.7671062491790129
16017034,4,0.8926209730500867
39379616,8,0.7483069452683081
38309109,5,0.5583801557282327
37088933,0,0.44304503657879857
21341702,2,0.8801627274399383
36150434,8,0.5521098265367991
30327595,4,0.7361192026124125
26162613,0,0.4362206525686958
38645607,7,0.3140617438451162
19966557,6,0.8069520607519932
22335894,7,0.6782659653586228
14777066,5,0.5462760502528172
14559101,6,0.5681574784024065
16931536,1,0.5868090106743814
19127704,6,0.4452717415321175
17349928,5,0.8514898693723708
36847447,6,0.8812764404283893
9093059,1,0.34876216937989496
22546431,5,0.5408175925483922
6765886,4,0.40395105843818097
2632199,8,0.5253011809511989
33312584,8,0.5591505284808044
29149466,3,0.6663612602082265
13321398,2,0.807850946433607
31396062,6,0.87713962724825
989276,0,0.7029339481237403
36956477,6,0.8848493294182911
38261366,6,0.7222076807987581
10706231,3,0.34674706072778644
29160503,0,0.9832587884849263
31190802,0,0.5439821392079148
35369096,1,0.42208386911575474
39058034,4,0.6747855297955548
32851393,0,0.7211542118811795
23079208,5,0.9389794083182313
15192637,5,0.8131995564788438
3903432,5,0.7912624618378392
10860920,8,0.4328505049108131
33826441,2,0.3149868541742947
9814577,6,0.2950154164497806
31192007,4,0.32578608824332006
919927,2,0.7301996667738571
28166784,2,0.3103315620788623
755777,6,0.547878262733052
20317170,8,0.6694471942400914
37522105,3,0.47187080563014644
35867326,3,0.8505075993046329
27018426,8,0.7627688513752101
38454207,6,0.7489846717539976
34484986,6,0.3368835154383955
32059419,8,0.786185168554843
35007818,7,0.5089871245743923
10134690,7,0.6158906643129878
31440201,8,0.6879466703834518
18706701,1,0.38835387019259204
24970265,6,0.604386595497333
28432987,1,0.48877859910216476
18683097,3,0.6135718077112519
39435820,6,0.41684115514056325
29078645,6,0.6371774383771852
25386012,0,0.7619238654390783
26032287,8,0.716866025131222
16426712,6,0.5320685642991715
21064299,3,0.6950007805450139
28641553,6,0.8374210193608012
16114391,6,0.5037712258723788
11022201,8,0.5680454346424653
14359730,6,0.5535980693389646
31589409,3,0.42834677837181445
13635000,0,0.8455897497153859
5583596,7,0.46928624507419
20121390,3,0.4853966028052453
7110604,6,0.7672255998252379
1293828,6,0.6311916959934868
24297042,6,0.9171858072823655
24637763,7,0.364352007642683
38288914,6,0.8190090695674754
27806825,4,0.7562137562074014
13017101,3,0.5877722913495286
36243916,4,0.6526892429279243
15404256,3,0.40721171867647876
15420752,1,0.5971732743287947
32707261,3,0.6886791214543132
31764970,7,0.4396146475525331
1351209,1,0.6245146071730885
33977077,2,0.784645682264528
8361019,6,0.4651979429459657
38131287,4,0.9252529237834091
38932835,7,0.32710492491407933
18688908,0,0.999999999977985
21273602,7,0.47256203391558593
25247364,3,0.7322633641161431
12352674,7,0.8191755868355814
811306,6,0.7820009479125746
31930789,8,0.7641912025759368
13519774,6,0.3714093608448169
37058567,7,0.7083410076921769
26736220,1,0.4472775222587943
1993243,3,0.5215464197696633
32641480,8,0.6180622605892568
31941532,5,0.5096476815489179
32042775,8,0.4123994389232056
37610140,4,0.8316517186476938
28372127,5,0.7787183101052747
10460088,8,0.5653588882988954
38806453,1,0.6417487981582096
36529788,0,0.6797416018551066
7951804,3,0.26310371023971535
7856853,0,0.5851049010025805
6769782,7,0.46984779443034386
34976671,1,0.5048669053700091
27138039,0,0.999999999980052
7058494,5,0.2928318073757761
28999591,7,0.7448647260383208
18481531,2,0.6011092458581998
24149597,6,0.4502833021098737
14320068,6,0.5168570138046819
1268899,2,0.515706071602158
17338309,8,0.45631000732251237
17794241,0,0.9406357605146344
3924414,6,0.4627322152916424
31222249,6,0.7361967916935234
38540208,6,0.5338133378937948
690688,7,0.4359409037855461
36497579,1,0.3285440922015966
22189227,0,0.3169273488172742
15116899,6,0.7394788023244352
36958031,3,0.7849596402414204
29309116,6,0.39564300763926685
25791176,2,0.9458660751964943
29433243,5,0.4135337623723276
39877278,8,0.4305888246312114
36185081,5,0.7872028466765046
8741997,0,0.9999999999775433
36426910,8,0.6093822241799844
36722578,3,0.5834583628593388
13992785,7,0.3779344160494354
14773980,6,0.9005823831469032
21769271,4,0.7524460146009824
37032262,8,0.47476373856543735
21592313,6,0.2931335356213922
23328908,3,0.600539985075693
29686331,3,0.32576733984971146
39026418,6,0.7826525231621737
17070822,1,0.7433310820712492
23263599,6,0.36069462841964056
37595414,0,0.7563701865664241
31374835,4,0.9972476039298721
20725699,3,0.6029893239017962
13962529,6,0.3251873004926147
27987298,8,0.5518693544411011
8000490,3,0.8522649887089541
29765311,8,0.5650895823615562
32027997,6,0.5418430202121536
10038731,2,0.7740732637974335
18163301,7,0.34897870932265457
9860680,0,0.5257509349567799
26184977,6,0.43154531214132047
26948809,6,0.5288593973593652
20483223,0,0.7645827726385531
32978233,6,0.7344440539532294
17425505,7,0.6000003935424073
28599883,3,0.7318699836324968
21369137,3,0.5264473785767443
32884319,3,0.39071330332873894
36585811,4,0.7279733291239041
24045429,2,0.41521579107967116
33458613,0,0.644536739030143
18432380,8,0.5157853421712619
13369384,6,0.38711437872066434
21946174,1,0.3544987553622857
32063363,7,0.4125773736485717
35350200,1,0.684320519208832
12321178,7,0.3999023586260974
24964081,0,0.39474098289826903
30961640,3,0.28297606418419896
4291880,1,0.4326422793376348
13327213,4,0.2930135684172814
24149496,6,0.38011560567809816
22387883,6,0.837173618040912
19890626,0,0.4662812595164248
21485318,0,0.46544020062176655
18531483,0,0.7326755681522977
4372129,3,0.8350582454758397
33101465,0,0.9511900016187814
21769390,4,0.35429650833778914
36988859,4,0.8518185649570763
16812858,0,0.4889573463382853
14017015,8,0.3700023048346823
17877870,0,0.5557788409024866
15039211,6,0.36616506409637384
18935037,5,0.8351678541626
13122615,6,0.46111431654986634
19719413,6,0.5697368493983034
35620206,7,0.5560853074445048
39551658,1,0.3875018446811836
31247313,6,0.4224671031862858
3184128,6,0.9278174232706358
28203126,6,0.36216171647950035
26863537,4,0.32417394157770196
38689205,6,0.6724106009670906
33248223,6,0.35600835515872126
13948176,6,0.6895931979071279
5228972,5,0.7289821485920822
12843909,0,0.5831365409102177
36750580,6,0.7005170150991163
23689183,5,0.43834506540070906
35137320,4,0.7285914381309819
38066785,5,0.5844061456559493
34916062,2,0.4905195781025961
4048789,3,0.7598057681302103
21693593,7,0.28604016858106407
13238433,2,0.7330659178185002
23412912,7,0.33231895410803924
39998262,4,0.6955567927841513
2959109,6,0.284814263364643
34474411,6,0.6588245521191339
33763133,5,0.49325595989471926
4473531,3,0.6818445517878325
17285163,5,0.45005510421139716
10003751,0,0.940474516858321
30990654,0,0.6785846631050407
21453284,6,0.8340644851134145
29960982,6,0.4418326191315653
30514599,2,0.9694469983669632
29160422,4,0.514735357307463
29991041,1,0.5722068751799677
22856169,5,0.5184639285821071
10915691,7,0.3439136057606761
8826099,1,0.5721731147977746
31335415,0,0.2694190458906701
19963352,0,0.33395842860476505
36850866,0,0.42149457319406236
8794085,6,0.7638788863884325
38044103,8,0.6455290769884807
31032507,0,0.4045443210667172
9062917,6,0.35272663579898417
14996264,1,0.31745754117591457
26163470,6,0.4478536022894656
4138522,7,0.4901833044533379
39340339,7,0.8197437153049888
7349678,6,0.9999999999875059
36098619,6,0.4480767390988793
10609683,2,0.8825998675027318
19743512,6,0.766574981607396
40070216,6,0.6727708524675161
30545655,3,0.8137322590281251
14296531,1,0.4846381497189892
39650869,3,0.7442106647246381
4241632,6,0.710171903409497
39065129,4,0.27147936584953714
39858802,3,0.6041709487866642
35634286,6,0.7086982660531643
5663508,1,0.40867176174436265
36404051,5,0.42142115382795875
27753538,7,0.5735362387625423
39965946,4,0.5497029933662932
37437869,4,0.8243845693192664
24410469,5,0.8973186600639026
19713411,3,0.7213788040962914
5503820,4,0.34921276925987543
2613105,6,0.6371108021154486
35738854,5,0.42338865986238566
23005080,1,0.5644595692770817
9868792,6,0.6135998076772933
33382766,6,0.6458302080028522
992169,6,0.7588383803346412
15750711,6,0.6710836420778906
29805186,3,0.9999999999938415
5448257,6,0.7960019675396939
33733880,2,0.5487691575920793
4206393,0,0.8015098858615499
2940858,6,0.8669888325341031
39454770,1,0.7462477454305267
33621399,5,0.8562074568366115
6318347,3,0.31889063484239893
34764065,1,0.4119118519750583
1247284,7,0.47175299559131395
38470929,6,0.43191035867493993
37301682,4,0.5380162741557483
16651859,6,0.754808048916126
9782865,6,0.31379326726836065
15786525,6,0.513691128875973
22362010,4,0.5423174813991981
28268878,0,0.5771917410309257
14450645,7,0.8132894665389494
18253401,1,0.613120337194214
20362993,2,0.38766859511514973
34786935,1,0.506099164627084
13462587,0,0.6432659304209684
26857515,0,0.8878813788555299
25160171,6,0.7627952441106092
2005956,0,0.5165254463250294
8215419,5,0.4792046002274823
3359614,0,0.5025094458822931
34030438,0,0.4674374405268587
34981727,6,0.517218744872735
25755504,5,0.8555338838049917
21902861,6,0.3735264892493472
15555135,7,0.7973722084250667
9630569,6,0.5441688542377046
18751352,0,0.45104867636064805
11802036,5,0.7805765138883659
26713799,7,0.38532039337855695
2304712,7,0.4615842856809115
28704274,8,0.46056027492314666
1826761,5,0.47913948121583144
35413618,1,0.5556123664180452
24493773,7,0.49379172790192166
4999233,0,0.3717569663146974
31166943,0,0.4287227358630978
25230754,7,0.4134813871479878
30736627,3,0.4869740361981586
17794998,6,0.3230649900318005
29021532,6,0.9186219909586498
27110140,6,0.4276420109491314
39704362,5,0.33458714200258965
24643338,0,0.7136575292067772
26647535,6,0.4263805205952242
34209203,0,0.5012384962766291
4082533,4,0.5231756148058104
35731855,8,0.44642627567948207
10302986,5,0.8059190634690317
7660542,6,0.4174737216295473
22994423,5,0.9999999999904932
34293879,0,0.7724218213910788
11412290,6,0.8912075965479194
21362489,1,0.4373934544635189
33896776,6,0.8267946262542318
15105098,0,0.9999999999727718
14913153,1,0.48535121962530375
36875978,4,0.674231368174011
8139721,8,0.7360574657870006
17949475,5,0.6751473599449769
27473526,6,0.7844008213016637
33394238,4,0.5047642598848197
27088991,8,0.6298216502372637
22854756,6,0.8993238606863522
14793687,7,0.7267931494383908
29893688,0,0.6351397457749584
8044737,5,0.46422279494469537
36563878,8,0.4218956798343173
31683721,5,0.5784116273421283
17277002,4,0.7060297737836182
30885351,6,0.6719275782255467
13532531,8,0.4635938517570667
23170764,5,0.5442562193777537
26928672,1,0.7448767185536346
10525903,3,0.8847453783366799
8615256,6,0.377702960147217
34846130,6,0.40730170598860355
24546073,4,0.9999999999874635
27928704,7,0.5611426610704668
39128713,2,0.20702643486087793
17405682,0,0.3039430647476418
39623506,0,0.8879922285918076
9249151,0,0.6385361208900759
39125370,3,0.5816166941236823
14292636,6,0.7302988786782347
27276135,6,0.5685734646635034
31233040,4,0.7029954481961301
14303376,0,0.7381827633885271
32022158,3,0.7547858442378426
32916313,8,0.45336814774928014
34580878,5,0.46565803468300687
1096912,0,0.41308096540406797
29036924,3,0.7939072611468203
27669791,1,0.8736865503310564
24483050,1,0.5003798461827633
7400601,8,0.38998674580611026
26568207,0,0.39511043759150544
35958075,1,0.6138359173123252
19620736,8,0.6529748298735853
25230392,8,0.2853427513759103
34009393,6,0.3495107675120794
33020520,8,0.3108558927842932
28680636,8,0.8381261716166661
24709023,5,0.7796473041193313
21310559,3,0.4385583171665887
7427898,8,0.6018752507562471
9636617,6,0.5157298713142949
6620471,5,0.3301895370083907
35317410,8,0.49117195754699305
24416500,2,0.7840214326773027
15768483,3,0.38229997791417636
33855901,7,0.6969545623853333
21009439,1,0.49372495679455086
37510761,0,0.32554123160525605
9365928,1,0.3467720944563041
26029436,8,0.3448447651584641
38150251,4,0.8913683866193718
30009896,0,0.8983932387193344
31056070,5,0.9230957843873736
6661005,1,0.5202374998268927
40118638,4,0.5693177126696968
28884140,6,0.8987969487627385
14840524,1,0.7827393439371813
28023996,7,0.5606030119919629
18242617,5,0.3313585634744688
34994083,7,0.8997492614263778
34504970,8,0.5361628393651835
14589642,5,0.9419300235756336
20244774,2,0.9387251608326329
8903730,7,0.6026178369970692
32917290,3,0.6291643947702429
33449775,0,0.5442482055219269
21746750,8,0.9185236236229539
3077740,1,0.9999999999935595
3776627,0,0.5467931354737299
12698834,1,0.5520396804028435
38414292,3,0.5818311776917817
26188677,3,0.70519965174672
31692262,8,0.43508305275503634
35220342,6,0.38597461798731103
9224895,6,0.9072975082960818
35759806,6,0.49644958662627614
26049590,6,0.35378445280128507
33582653,5,0.8771165355946654
28902308,7,0.28162479753623904
33545642,0,0.7115604855391117
18926102,0,0.4041454444359332
14591568,6,0.5945279837077759
32245625,4,0.9999999999896545
3005632,6,0.7565393810797227
20835977,6,0.8069136051983263
19532402,7,0.3949729289338095
34838140,6,0.33544770725054
35000152,3,0.4505375870319253
15468709,8,0.7330169140411514
29439183,6,0.4109419209940273
25357667,8,0.4938208543887817
8646496,8,0.6838773629583563
21307944,6,0.44971641316409494
34705880,3,0.8157711433103769
21529266,7,0.8880776587453936
13093951,7,0.3726488254266581
13540144,8,0.7064560344822834
31041670,7,0.6858932451374017
29963144,5,0.44771434023031853
24176012,6,0.5365853953839672
39135330,8,0.4702961165017739
12395796,6,0.41349067512814636
4340607,4,0.5798702632618911
19783631,8,0.4380060185735454
24550084,6,0.5111597462697839
36297617,1,0.5175463751265191
39419932,6,0.3913459633691265
26859795,3,0.6391147501051017
18168978,8,0.6537375881386888
25085908,6,0.6841502215623374
26614724,3,0.40086742368923667
38532522,5,0.7821659991448461
39062891,6,0.8512731647680201
34470501,7,0.3856937477996942
17689806,0,0.7961963730565566
18170128,3,0.3471361561497613
2793641,7,0.4980897356120961
37562391,2,0.4420181068760407
39080153,5,0.477349032904987
20388759,4,0.7176134543129831
34683427,3,0.684819014248545
34009322,7,0.7845275197722017
31791501,6,0.4263023324578877
11269862,7,0.34401209173929176
22212893,0,0.5582974811765632
35488997,5,0.42998531186066535
37542700,2,0.8484145693046641
30068807,1,0.7045977026610233
21463062,8,0.327426516222506
23523398,8,0.4093382222627588
38079916,6,0.3635414943598103
21758560,5,0.5798502841843821
21976154,8,0.6949564879123405
19570800,0,0.5012384267646595
8669123,7,0.3774396174783934
27578027,2,0.5563431700035255
39378552,4,0.6864168876341071
38876816,4,0.7793245567092086
39526716,6,0.40046634562158323
2677545,3,0.91031139677207
6639247,7,0.3254917161434984
2461320,6,0.5955397777567187
33203366,4,0.6297789207132484
39455997,8,0.40462492256097127
28420441,6,0.7429412709783426
16301318,0,0.9085255466979989
17735077,0,0.523931464992465
176213,6,0.36031672215534905
34093098,8,0.7978556372992706
24027277,2,0.5316599190017467
1517959,7,0.33802411421465084
36364346,0,0.5070877900573029
39629393,0,0.6832985019151829
28208298,6,0.5213850950174788
38352565,7,0.9878535579259027
20171117,8,0.6979230899088048
9365396,7,0.35691002058942606
6877326,6,0.5751557729008694
38531078,7,0.3966242688980088
9651940,6,0.6534850170894806
38069516,3,0.5248869170864088
30542984,4,0.5608461039368696
33794115,8,0.5358319972021758
39290901,6,0.8650180117964734
37871296,0,0.8028906380991331
1970495,6,0.39022567378121653
4140634,7,0.3738088243495354
10407790,0,0.5057957036293715
16241708,5,0.9349344002436086
36303761,6,0.5293701549650661
31695693,6,0.6070364494011568
38491318,0,0.6606232997284839
6009862,7,0.44490572963675257
31417156,8,0.4294368902804891
28641721,8,0.4288148052957868
18967965,7,0.6344601980490745
17722989,0,0.6912822144543159
3497578,5,0.9691285750214534
7873400,6,0.8246525613035866
36511052,8,0.5984018323042658
19324733,7,0.629501818912852
39375878,4,0.8543903145978459
31375045,4,0.7364821809865714
33580750,3,0.7446712449316703
39635698,7,0.5112974848117687
31251445,7,0.5602181949650784
23319340,0,0.9365791336070806
22692295,3,0.3509031583771683
11218928,0,0.925581307169021
22162152,1,0.6347387056282965
23767690,5,0.6435388604498938
32818056,0,0.8685417679654539
33856103,6,0.6458255273678728
12877534,6,0.4064007112020779
20021441,0,0.5470717946930358
14204303,0,0.4803364731082094
16235514,6,0.6352698986364471
20622583,6,0.48280860528452885
13619752,0,0.655725137213818
25754855,0,0.9870214566986314
27131294,3,0.730505502877522
32424670,5,0.9999999999924378
9338157,3,0.4519314290159571
28914578,8,0.644033705870843
28072387,5,0.7894174161475274
39839026,4,0.6769779584864769
39032830,6,0.5568332843266706
7715501,8,0.4435954316940445
18732942,1,0.3811809134364825
34394900,7,0.4591130569088156
40079837,8,0.3140047147386351
21323878,6,0.5452836085791654
13342802,7,0.629008188521183
6712984,8,0.5883138384948691
36846761,6,0.37027376348532776
24207916,6,0.5399717870874783
39926952,0,0.8582598660920842
39545906,0,0.5221306188396906
3745724,6,0.4892595697149883
17814913,0,0.39459453325945404
23558111,0,0.4193257465750232
24352116,3,0.5447098015831721
9813862,6,0.48581569918827083
26578316,0,0.5698604507572593
8352513,6,0.750129700154284
23723869,8,0.4593469228805586
14483768,1,0.274926543982448
11312872,5,0.32873989893362454
32873268,7,0.3645506113194438
2209125,6,0.5149564319191411
22392692,0,0.2749217967676413
7180857,8,0.5160509232959033
38591436,6,0.30320540828824094
35828760,1,0.903767281245564
30116396,6,0.5304837276723056
6719484,6,0.401323947570951
1781554,6,0.5087986823278806
5079094,0,0.680087202644551
19987323,6,0.7098767523385185
268930,6,0.35711058921867594
23943379,5,0.9200261815010786
2018058,8,0.5178585468620894
28724610,5,0.5177241782994331
10982705,4,0.4082034662742941
16230984,5,0.3836108795628124
18779313,3,0.6514438087063302
14838061,6,0.6602830568897318
26539279,6,0.6239607366744994
19719616,0,0.6358092085179071
36943197,6,0.7788535055981737
37402550,7,0.5441379521280441
13479337,7,0.4117616840983001
2335384,6,0.460763132207196
17223852,0,0.5866210382717985
31465199,8,0.530276119499334
35673914,7,0.4253643171093188
25229272,3,0.6625922330711648
1507082,3,0.42563222288716845
10109700,5,0.5622818897529733
27100961,7,0.5908935447313881
27639037,0,0.5535093962411758
15052142,6,0.3497256629421617
24876329,3,0.7878150711796473
1425414,3,0.7960783433736776
32938487,4,0.5248809766329706
38720527,8,0.6053201669005049
32589475,3,0.48878419721236044
3435589,0,0.3682267123702696
7408865,3,0.8724500425391661
27751072,5,0.5622284639161108
19353484,5,0.3831819140616186
37325888,6,0.6645845323673507
27644360,4,0.375480071612135
14991002,2,0.5584271527866114
13418172,7,0.7011098250878584
18162709,8,0.4989027618205719
8933877,3,0.3418525304557146
13019617,8,0.5015937615806394
35074011,7,0.38610125165048353
21112129,7,0.34528021389520086
32436723,7,0.3132093596755774
30422726,6,0.6793254814306525
31684873,0,0.6530866971602898
3929646,3,0.6210843814795354
13332872,0,0.7090684123474797
12133144,6,0.6464766858179606
36104412,3,0.6110741479591242
38740215,6,0.5995380497635857
767881,6,0.5812737765187264
14167352,4,0.45303952973276307
37155730,8,0.34397331067329245
8217583,2,0.7714448943925357
27073552,0,0.6376186300915666
1228722,3,0.44775522316566724
34937807,1,0.5445634731442746
35369711,7,0.43079165943608455
32719324,6,0.569377558495695
23350328,2,0.4420883170279306
39926937,2,0.4320937764362748
39661198,4,0.5233949188377579
37647771,6,0.3336427267837362
29267284,2,0.47783603213816916
36429647,6,0.5140291232579213
14600619,2,0.30910937571206976
6307296,6,0.9999999999730859
30963913,5,0.3286341031752932
28506885,7,0.46440927434377105
30174906,4,0.414056408114841
9200389,3,0.8441340255965795
1321828,7,0.6148101886638142
33177324,6,0.5655293053286223
29936695,2,0.3650430388308565
8668793,6,0.4844747053676016
35235088,4,0.6263956033569149
15263102,6,0.35548083184490203
2571450,7,0.7651148827846768
38327807,3,0.8429445782054686
19621726,2,0.6240092159567289
34232269,3,0.7249101681081898
14140756,4,0.2932568114271119
38248866,6,0.6911031028489372
1848371,8,0.7563686050032764
7962304,7,0.5424768595024771
12023135,7,0.6886689430802077
39529616,1,0.9592932574409978
16252574,5,0.43305011084457873
39846780,7,0.4316962066613361
33503176,6,0.8988324205267664
6500262,2,0.6633967086392126
26276371,1,0.9556996453507232
35356714,4,0.6549656061574692
37619002,7,0.7373096571949656
39093250,5,0.4041327785241836
19573716,3,0.6759988565076127
34382376,7,0.6005463340295129
34316553,0,0.8091189802028392
39989384,0,0.5045323085244665
24581098,7,0.521576184429714
1059253,6,0.5682646087666453
9578465,7,0.5159556436703745
33240295,3,0.482774574215139
36924654,7,0.5850123464146413
24447287,6,0.38342438635145654
20352157,6,0.3790870458388349
39832493,7,0.3006941921624411
34866575,2,0.8621671621583679
37097366,4,0.5309011710437338
26018420,0,0.884856469434194
13635348,6,0.4763933106080295
37549771,8,0.4926250017430049
1423345,6,0.9999999999862649
7686704,6,0.41764518532978034
24985507,6,0.49386894611293763
28905112,8,0.45554110664850567
21467374,1,0.7990761627526033
24846049,0,0.6578580272846483
34540919,3,0.7189398527123293
35373245,7,0.6329638409362793
37979749,2,0.9494507185843044
3116401,7,0.39192409357754937
20189051,3,0.6399148705911232
15757461,8,0.4409446773674295
942902,0,0.779018616982694
8938442,6,0.41125625814251554
26042559,0,0.5422319812255013
8746883,7,0.4371552892860599
37716415,6,0.5213489133327536
33775255,6,0.5421017593842928
15725653,6,0.520108052210181
29743329,4,0.7811574189523725
2306115,6,0.44776898205904275
26057115,0,0.7601066435756816
11801025,6,0.37709850273867696
37394390,3,0.9007204206662434
23467014,6,0.5375966879098978
15629098,1,0.4401953421262131
26459760,8,0.3596020991455083
18368057,7,0.44799112588152545
40040427,7,0.6804041329326743
24959164,0,0.77438038317165
29644569,5,0.7671261135190333
1194963,3,0.33091705480554184
10287021,0,0.5709752913308658
21006124,1,0.45972286432715764
25667722,8,0.5043044249689985
13650214,0,0.4931411008320447
24944627,1,0.6009379822454091
24792462,6,0.3474712088107974
34103338,8,0.5149347708335297
11864673,8,0.7256992018581049
12948964,0,0.4880425531658845
10234999,3,0.4715007260413198
32384312,0,0.979339282579606
25617039,6,0.8736249816071092
21851502,2,0.3187919374360471
14153210,0,0.43883533349456466
15957484,5,0.8100092450594426
17960441,5,0.9999999999913978
24940797,6,0.9173638164516902
17030445,3,0.7549579268976947
23203947,8,0.47104430758849
32400719,1,0.7318333724094782
24455553,8,0.5408589745836252
17030238,6,0.6099480453855127
31213869,0,0.7520327491628135
15953983,5,0.8726746791195436
26213710,8,0.2976318244659166
24646461,0,0.4863671902744077
3275324,0,0.4773132064956149
21603353,6,0.3881438765102044
10466207,3,0.9012543402847575
34851614,4,0.25357677019445046
28013560,0,0.8541648577989374
15072736,5,0.6558716009769117
4006854,3,0.41594174176408827
24755006,7,0.718163595086636
10650089,5,0.5154742520035097
13032183,1,0.8157296069697001
21855359,7,0.36635315271114877
21466351,3,0.5510834375820896
21791164,7,0.5308526642565197
31560850,5,0.5996097720251099
20859954,6,0.373499911285562
21387655,1,0.748548537362746
10150041,3,0.6318920362492028
34434302,3,0.3416761150466407
20023867,4,0.5120622325788432
35858347,1,0.8157806793333855
36020644,3,0.8568826591115264
27538818,0,0.9999999999798104
26835407,0,0.9877326110912995
37175279,5,0.8386755811262299
38174116,0,0.7481415078521979
19985560,0,0.8320757443086346
7816363,6,0.7537898486944558
1422880,4,0.46383321822647783
23836903,3,0.9968106411917168
25127701,3,0.5133221089852321
12977174,3,0.32484008385240126
17742673,6,0.7605779900520623
9762157,6,0.7929760229758143
29039643,3,0.36944260708340443
15136435,8,0.7080261210352371
31639336,5,0.701333087734415
24828629,6,0.37658078852838306
36289389,7,0.6793409670009273
34259746,5,0.6956082735891123
38440700,4,0.6994447669367566
10115022,0,0.2793766634313443
31633091,3,0.27202016125458456
26222641,5,0.7229902864683522
35999535,1,0.8385470845946709
13105915,6,0.42653593656010186
29047600,8,0.5886110102074955
26848795,0,0.45466962317648957
3336087,4,0.29070965384232467
34358808,6,0.42941399737663877
17389932,3,0.4529531190443534
6517793,0,0.8960673434919522
4304837,2,0.43403712709910297
39862281,3,0.3251017588916997
35248068,0,0.5687418316727053
11461044,6,0.5439019422968786
11620697,5,0.7631169712240644
9930232,1,0.4470841824632392
32213955,6,0.6013579156110308
32590746,1,0.2547956564401876
26949273,7,0.8470038297216661
26422594,3,0.27745393501896537
9378772,3,0.78010905076741
37952055,6,0.9999999999846232
28111696,2,0.6769580897437246
4647037,6,0.5861843927804894
23658776,5,0.7228592361985976
35392217,6,0.4214322530382775
29292076,5,0.8491037698428607
39729787,1,0.7745693310616719
18150043,7,0.7530579109558779
11386562,7,0.7895760147956875
11346002,5,0.5098907483030705
32117949,6,0.36172625125492885
16112688,1,0.6015239099082874
38923478,3,0.4110488485956945
22203635,2,0.7715458545174094
7880180,6,0.5241295235392356
11360479,7,0.6567495587509442
919056,0,0.5856969015211977
31922961,1,0.6634960100719257
39238400,7,0.5622980591434692
11329035,5,0.5306910990968539
13259617,6,0.5723716863515704
7458963,6,0.5147472759515168
32767394,4,0.6498456492209456
25017859,6,0.27120881659755597
28442068,8,0.4811186854769266
39864134,0,0.37909141903536875
1313362,2,0.5427563962060866
35204676,7,0.5763187842184546
17986923,0,0.9521543788667789
38365804,6,0.532967247925044
16308137,8,0.5736536407469073
33432532,8,0.32780126350823496
14168835,0,0.6239890834347491
29069252,0,0.34542980262663825
20914828,6,0.3850901548678507
15225252,3,0.8483604744308129
38137480,1,0.42093084601709735
30644006,8,0.38871961595391197
32685907,0,0.7361777635594733
2418172,7,0.7617610478584
13940269,0,0.9999999999755473
7785831,4,0.32539609830339394
5743291,6,0.5572703306029351
36988699,6,0.6319046715596648
3000612,1,0.4051485909448163
11375605,0,0.550721420783444
34870270,7,0.4453079632178775
20345385,6,0.6096922279091512
25822029,3,0.3658560203677892
14608973,1,0.4268688168146318
40095632,4,0.8287384977500677
37691169,0,0.2622121846086283
16995108,0,0.31537754364921194
33878095,6,0.7793806386046106
40001700,7,0.3988408802591044
31844342,1,0.5645926053669929
30195729,6,0.3664798674308247
21970970,8,0.558703222602929
23659275,6,0.6810180050182041
5579154,3,0.4424957042079124
16338558,0,0.7438274509323665
20882048,6,0.511420943494537
39053681,1,0.4470199089058461
26380306,8,0.7164299085273683
17348649,3,0.9065714466072091
30125544,6,0.75970518978391
3877454,0,0.9652022905330342
28990576,2,0.3157811359181943
17870242,0,0.951298370210274
29349228,4,0.4433311785784522
34159495,7,0.5644554991461066
12282418,2,0.3534651156632814
19524129,0,0.37790176494637506
24461135,6,0.513919307080919
17627389,6,0.6769720288795353
39803746,3,0.276830801881939
13001000,7,0.43985141888357504
32313415,0,0.30653498642711774
5367875,4,0.288721222961818
35371811,5,0.34565056998878213
32774160,8,0.7614886541057284
17734946,6,0.4211882445812684
2901633,0,0.3941917811802572
20832171,3,0.6825192953938403
28092806,0,0.30253784829882613
31052706,1,0.5377185050973241
36628948,0,0.849665525266463
29322580,7,0.46787257837727764
20925137,3,0.8915111403999461
36636255,7,0.5754608271386386
31584288,4,0.7918913212409711
11954561,0,0.9251055863220553
27406557,5,0.507013530364667
2917898,6,0.625550191317047
38967833,7,0.6257514903112764
29847305,0,0.39459259966574434
4246377,8,0.682936358688256
16594246,7,0.7491370125914409
34244451,7,0.36451898612170813
12846507,7,0.4724275519294583
18122309,6,0.44421774165529104
15515920,0,0.39961406929465965
16069906,2,0.825852178042005
14289910,7,0.5198488512212082
19738465,6,0.6445771987887857
14513936,1,0.49412352364912465
16417324,0,0.9514273894539074
20858336,3,0.7404847312069165
12409862,7,0.271493251631935
37843926,8,0.661962592046194
4996376,0,0.6722892239751075
33176051,1,0.8447436828789939
36902418,6,0.5962295359109377
31255764,6,0.5680378207281471
27353978,8,0.2555848493719573
2853483,0,0.699538480325492
31778213,5,0.5501660816458164
10200824,0,0.48129302114891337
10171343,7,0.35932396239147674
5367582,2,0.4806572190538233
33515478,1,0.7278029125009136
24747544,2,0.6185630509814696
29041438,4,0.5463486167054858
9982235,6,0.3374550807153398
14678270,6,0.3306905613042425
26428904,4,0.5713409159512955
31927036,3,0.4954947459658573
37532647,6,0.5267220254786023
28860660,6,0.5818841493390743
17789071,3,0.40340448318366595
10432432,7,0.2877771848281013
30867061,6,0.8370170445965067
15467950,0,0.5850514350879386
23935840,5,0.6684735852775371
19712318,5,0.44906852799871344
38780181,1,0.5362931566989493
33554977,6,0.569648395669298
13201532,7,0.4433567796820906
14400463,7,0.42000502716874094
30148587,6,0.4128063790856681
37585147,6,0.46308825201623016
33153558,3,0.621764352468809
23988853,6,0.5752872957241546
18721066,6,0.6889441435898471
18437284,8,0.6051164769418027
4170031,2,0.8937808760811322
23548328,5,0.6217881580795681
35919814,5,0.5034886458632587
32054329,6,0.5408405112407427
23784271,8,0.7554801204547476
25697459,1,0.623979777241482
32337026,6,0.7344099126895085
17569512,0,0.4734213880932358
29517513,6,0.4577933950589411
23072544,8,0.4901232179069994
9243434,1,0.7204398642623462
33103115,6,0.7273677519015816
19188784,2,0.8439700340709226
21062892,7,0.4628141161672157
28247807,8,0.44834612081834513
39172575,4,0.757016191127596
17822135,5,0.43144545473114787
29330485,0,0.8059583690628598
1150144,0,0.30367888995862996
14742382,6,0.43556291557915766
7719419,6,0.40248516535360307
18489180,3,0.736745312227069
16701517,0,0.9999999999723936
9612484,6,0.6424246509494426
29469704,1,0.46451634980319173
25923532,1,0.7632937682310384
38564912,7,0.7268072688035322
37570913,6,0.3299072407414727
24635394,3,0.4144210835732528
39230230,4,0.4568553071572826
2833531,0,0.734569283885029
30773953,0,0.8173326123160172
16136979,6,0.38342233371640555
39339743,6,0.48670387211478766
14955100,6,0.50796342787233
4937163,5,0.3385164632179686
22865642,8,0.36776044259245133
10904521,3,0.7025695522888561
7051791,6,0.5966851008040172
17793194,7,0.31322139720988357
29091640,6,0.3192810447781335
12587915,3,0.23783435349450788
8485678,7,0.5561841760501253
38344264,6,0.34595880994792183
35149889,3,0.8285578640100804
13823275,6,0.40109404573599744
33244249,6,0.39588084528606604
6798312,3,0.522993727140126
31339001,6,0.5666093049963583
16396859,1,0.4179066040374315
34225839,4,0.4778839387025096
7655784,7,0.5159221078348911
23406215,8,0.31737501210959784
26071034,2,0.42840053425955266
8758666,6,0.4391645180610441
25597958,6,0.8485968518829454
16489292,0,0.8979101503588837
28571741,5,0.5216452484803683
19008260,6,0.3450222695381538
22139333,8,0.8571275424849771
9390310,7,0.6199880954470623
1096476,6,0.4987843900372983
25943870,0,0.500264452794708
21169031,6,0.35302497520856163
18783962,0,0.9999999999819067
23305250,7,0.5056733718739719
19204716,0,0.6360104979248679
29694843,6,0.6259049242181153
26673342,6,0.5553597335735363
36169566,8,0.5740000738218686
37184039,7,0.5971661448399971
19136347,6,0.7014109607018145
10775817,5,0.4312490426824855
19583217,3,0.42689876211324923
13395610,0,0.381235385206719
39836011,6,0.3592343395717057
22597684,6,0.5461211825151492
1985856,5,0.7411059136442706
37391177,8,0.3456078641166948
27471109,6,0.47626670840786356
37212155,5,0.7456117671827445
39493229,5,0.7085737496746137
27190492,0,0.9999999999735636
13545839,2,0.4798719171895445
40115154,7,0.41322655918523343
22551461,1,0.7480874358463266
29671704,5,0.8366995825255918
13105729,6,0.38012947152550935
5887387,6,0.5481106136140916
36032623,3,0.8238990391610769
33981799,5,0.24189930206325172
2515814,6,0.8425775737502225
28627191,7,0.33848758600641377
23110550,6,0.5235137579589546
37028655,1,0.45428165316935115
13893117,6,0.5307797577827242
35066413,4,0.5798532863954784
39889635,4,0.4101883159983477
31146283,6,0.7341876863319674
32370047,6,0.7694621128434126
22456765,5,0.5261988774283687
27744307,6,0.6533991362946269
30643505,7,0.31471443757468875
5614144,3,0.4465637184742006
37442852,5,0.7164255524707238
1133371,6,0.37158488352564306
6157367,6,0.32640415969919856
4272970,0,0.43712976463896913
38589183,6,0.7522788331887476
7979714,6,0.772032928145725
19555680,5,0.9269473386125157
39344371,8,0.3782527151495319
33799132,5,0.6515183064746148
20104999,1,0.5038642428300615
3790848,0,0.7126452906037337
38426303,4,0.9980420201160025
35118216,6,0.6921570762834773
5480354,6,0.5408229004204617
34163770,0,0.6422684562959072
35625498,7,0.4249584181493985
32100314,3,0.5345614874447896
8362510,6,0.6114312421936845
10873368,6,0.9739196581065721
13663591,6,0.26808266139377
394465,7,0.4357445796873165
23910150,1,0.3080736240321476
6260777,0,0.5268424300182069
7285746,1,0.7502283233422791
9068625,0,0.5858565698959055
7397969,6,0.7802641320136444
33982167,3,0.6912109060556012
16776721,6,0.46560954607202865
8716801,2,0.3163692595248822
28575070,7,0.7102765770845111
22130602,8,0.6637761536333685
16344076,0,0.38871509846307173
31442693,4,0.5642151357735213
29466630,1,0.9942882967858897
4918458,8,0.5844228757728848
17884862,0,0.431672470608176
15494574,6,0.6305530053238987
38241517,1,0.6336157429436569
21738882,4,0.7349639819619285
24364666,7,0.6656825581946921
16172810,3,0.8639973579481645
15282614,6,0.8681785503946192
38218091,6,0.3726277979750565
30071849,4,0.5782277232431434
29940869,6,0.38517619334751574
30432228,8,0.38472322852628055
5703456,6,0.8804280812345386
19356736,7,0.4036872657758405
37694908,8,0.5543613454619283
35503922,0,0.9858292347170107
3267081,6,0.34875814487503004
21842885,0,0.5554932475523255
3893576,6,0.9325529332554587
39775055,4,0.5919277013874055
12341468,3,0.4339776319964596
34336511,4,0.8444518905380035
25233749,3,0.8935984158046805
31273995,5,0.5877097800540887
32640029,7,0.3822070971858463
11109458,3,0.4027857717613206
24382417,6,0.3617223681371933
34386971,0,0.46463977191368544
12616074,0,0.7053955303839886
3576071,3,0.3166773675485144
18675471,8,0.6665639265960084
28890220,7,0.33006425284250523
9480436,0,0.45180734444717885
4352244,3,0.7218987114416641
18562350,7,0.24912742068094645
26930593,5,0.9966683167736401
39030037,0,0.5150810222146739
15456475,0,0.4079828554168516
11976498,6,0.6118505402700439
21337090,7,0.5457094879111265
39870912,5,0.9518530346377951
31544489,5,0.9420360994484587
37886596,8,0.6573737586188704
5022237,3,0.6015206313320075
30442794,8,0.5016018516958424
24159654,3,0.6695973579396647
20301338,1,0.4776935569131139
39580066,4,0.8380033686177074
31775295,7,0.3157497213270806
39168281,1,0.6104180657186128
18544396,5,0.9872074750503329
15072405,0,0.9786556942858646
36312767,1,0.4574268314375591
39373397,6,0.7484380830431884
34671217,7,0.6213097409056826
38644532,4,0.4279066336642215
14593515,2,0.5717266314554736
18671938,6,0.8561681457611566
38876353,5,0.808025630378342
28503770,4,0.6593671117556624
22785484,7,0.6290826097517863
776120,3,0.5967980442885835
26978095,5,0.48059926539089504
14701608,1,0.6509636428462732
4909398,3,0.3971738347625252
26193999,2,0.7889410173039402
23668043,4,0.36233110712043237
10947972,2,0.9810310720098375
32232708,2,0.6172098559054451
2945594,6,0.20503060475969515
32791687,8,0.4452104625119374
33991705,5,0.4405537012630824
16413414,4,0.6861309240453275
22796294,7,0.2769422522495842
16044801,0,0.4373605314093906
21708369,0,0.41651337824938406
19701789,6,0.6513135337338495
39377195,4,0.648459881207615
37624798,5,0.8156053072593182
27709348,5,0.5890921210007523
28347722,3,0.8782546924436542
5426723,6,0.34073925367055863
9247582,5,0.4390632184756185
16621351,1,0.32377744219886806
24540326,1,0.5402373914984113
32643009,7,0.6983128691885996
30525413,7,0.271063707371401
36707541,8,0.5060752839781901
8258734,0,0.4573532014029425
17389057,8,0.7360039481781927
14453068,6,0.6340737940141318
32843082,1,0.30139680745970837
34909369,8,0.4366940795211341
10129959,6,0.39465176055148116
37976551,6,0.2947301369623716
17350168,5,0.4660481655039206
23017625,4,0.842988471178433
26288380,3,0.4956107232310913
36297912,3,0.6348653517486268
30960177,8,0.49655662498531133
39118308,4,0.6940481446842731
30514853,3,0.4818780242854339
2918454,3,0.5115437864137511
991926,2,0.9040892651947505
2270345,6,0.9068324556693892
24251959,1,0.6023820791722346
4287019,7,0.4709582977927689
25104372,0,0.6293419014595643
29065318,6,0.5225711730293447
32021975,2,0.5578141479837432
39760579,5,0.3323361278155527
18446522,3,0.573229055609421
26150337,6,0.48312658515570656
26609824,2,0.9667641366730324
21233089,3,0.42329767625818654
11012981,4,0.578136382334077
34657183,4,0.9829725866550209
26243592,0,0.5938142820365157
38060292,0,0.5724592997640288
12138691,8,0.2737390383106191
18682965,6,0.33206341091224406
9015248,8,0.453189319331267
39509696,6,0.6733591369272967
19639939,6,0.5581744921175337
35874743,6,0.605973175728141
9249717,0,0.4302638312125503
34939609,6,0.458405409668108
26761734,8,0.5547328285770909
1155566,6,0.3198380831336849
14151657,6,0.7808746145691763
13976836,6,0.7064694552079952
35140147,3,0.8440548680733616
32496906,3,0.4073265375667752
33704925,0,0.8216045481179839
38592324,5,0.8144635307488889
33810617,6,0.4003902446680967
14292271,1,0.6592715008252336
1447422,6,0.9681891170514063
13592166,0,0.88582920287216
7416170,5,0.9492964568903197
24505638,3,0.7444029036083298
24350967,5,0.7123246451397213
25254093,8,0.36410741623827325
33858344,5,0.31031215272328444
35130192,4,0.6218442511935602
33596363,3,0.21040645774466968
36635607,6,0.6059122944080779
26141287,5,0.3198084478714728
21303510,6,0.36327851141732137
25121535,7,0.39829513604919053
4620009,2,0.44563560973786387
34930305,6,0.9112915726696025
3188925,0,0.36204809763949525
34880843,6,0.37145004048339697
7295639,6,0.2890221061492222
34972485,7,0.5442538302366239
26449835,6,0.3392993369338547
25926384,6,0.6849714090145511
24357358,1,0.48775304283263105
25566781,5,0.5820661788812409
28875296,7,0.49040318362322605
16198539,6,0.8215746601645829
33363622,6,0.5395455109494606
20092850,0,0.6763742348152968
34100440,3,0.42292754164103624
13068551,4,0.6449034534750996
23377182,0,0.6529688584769832
11144819,6,0.5230340853860458
29829728,6,0.5040731682853377
21999810,1,0.5246606747417989
30777897,8,0.2856782108637487
34473682,8,0.8357390650095292
31778444,8,0.6812480811969449
9959769,7,0.6186829358619058
21597071,8,0.6086579715821655
32848603,0,0.43053996732344296
32595980,7,0.49209925545606514
31692269,8,0.6429845266345812
37896509,1,0.36940349784509596
23119031,8,0.4939393752448629
37592168,5,0.650622479484043
6445508,6,0.45580174002474055
36675489,5,0.9565052178412289
25228175,4,0.7486528186835884
31867543,2,0.6272294594471776
24685790,6,0.29368730942844967
37480487,4,0.34897543218008864
33583757,4,0.2660470122204836
35124724,2,0.377399657544104
1713078,1,0.4419195695382251
38454914,1,0.6923053813132675
21833348,5,0.6937685504397901
25955833,0,0.6375556373066716
17527869,5,0.4749735020758877
13021743,1,0.6943050491446708
6401167,6,0.45686030348013373
11322250,6,0.3259882795982577
21614941,2,0.954750147442386
38669125,1,0.3158459771647928
29740808,6,0.673440160091873
39525993,0,0.8331071585034319
36473744,6,0.331080902186243
32022971,6,0.4117783783060067
38077925,8,0.5523211015347822
39862663,3,0.5273349114126124
21240195,5,0.981032453054192
25656715,2,0.8752229885731295
30732102,3,0.3664564862112987
19551589,8,0.2550434851408297
25603555,4,0.22263537253748442
32519153,7,0.619499117481586
7381089,7,0.5000511630098835
1048831,3,0.6151652607586036
2938405,6,0.9089389041519434
30101979,5,0.5468855735359278
26812617,1,0.5314359001969983
16920504,7,0.30559677646979916
26686002,7,0.4930653360523072
26502641,5,0.8106469318856021
844110,8,0.4597184275082785
37507943,7,0.565142405790468
7744471,1,0.8711792453045211
14801778,1,0.42010807484307067
2539599,6,0.2930415570462831
29526088,6,0.564218476478589
19391849,3,0.5705544396741373
37901929,7,0.5392456731221946
30577796,8,0.33969479021188875
11822879,3,0.4312760626394174
37369923,0,0.6141626083997607
11579930,0,0.9709520951388182
31426106,8,0.5408474179357187
22148724,0,0.9999999999717253
33085258,4,0.387587906749122
39630188,1,0.7682730089518307
23388749,4,0.3705670776668751
5461814,7,0.49795878428982854
19199540,0,0.7459526708888323
23301256,7,0.33920342747841103
36736348,8,0.5213747580227321
31851353,3,0.8477582025462481
14589625,7,0.4446953615066498
27832423,2,0.7939647251401193
25693930,4,0.7019551227659994
38839174,5,0.6119311027298833
39662918,6,0.5176627464118555
1024529,8,0.5569925080487225
10344854,6,0.5757760086738893
13307120,2,0.7897705983900207
17534435,4,0.4888325725821155
21210451,3,0.2570825088539007
34758779,1,0.7238469770852101
19847465,0,0.684581597753816
24313201,2,0.4874995555234508
22894140,1,0.39871763918782416
30873981,0,0.33542308376849783
15537745,6,0.45612419931945136
26423034,0,0.34195399381533553
39990133,0,0.4114367662282665
4845913,8,0.23722462232236807
34402713,6,0.5335679048794854
23490643,3,0.30213962271141265
1939228,5,0.8962488671302618
2597827,3,0.4696783372398296
36653465,3,0.8355453915307298
38961709,5,0.5833304532446651
34045568,8,0.33514524153139136
18469715,3,0.46727995629499847
32774981,8,0.4621946844588554
13269936,3,0.7990322259275663
28282997,8,0.4799165379336648
35917953,4,0.7109890028499172
39827247,4,0.9254465702928429
37062466,3,0.9832657705456245
6298940,6,0.8584378719313935
1913613,1,0.4527067754204024
36963076,6,0.44808592645266343
138029,3,0.6788578071013186
1044473,1,0.7446178592875052
39645125,4,0.9454415086460962
22747235,7,0.6684106872713199
27790801,0,0.8937410797474591
24899772,6,0.769291276183734
9501894,1,0.8938106262783001
30009171,6,0.4351367027041398
1185775,0,0.46997940865980553
37962113,3,0.4689941675114745
15092537,6,0.43614923544405193
38212118,0,0.5897411487887237
2574080,0,0.7103577694265182
12036146,6,0.8078513351998148
29493591,5,0.9778513051441168
19644702,4,0.38573496422185205
33626444,5,0.8691245749395525
26600753,6,0.3676320553859171
22846098,4,0.46870430663951423
20069835,5,0.5802936108732784
33678423,3,0.30499260865621436
18477414,5,0.445276246226536
19621955,6,0.5068583366373657
32980633,5,0.6777804024944807
1871549,6,0.99999999997595
31267366,6,0.6110623074808953
35101770,6,0.34641973853741365
39923023,3,0.7382237994650112
34131285,4,0.6796538419634275
18979658,8,0.5326722058644549
25449946,7,0.3961644732807692
17339827,7,0.6323055052680328
17225638,7,0.312346716198378
13420988,6,0.5944963808392572
34427964,8,0.36680389150024895
34171491,4,0.4759436860793096
31161500,1,0.6985738973196078
25334334,5,0.4178888573510743
11362692,1,0.4445586889089824
26861897,1,0.5717921307833085
18557407,7,0.6536594087505081
4466489,6,0.30602035199063654
2596069,1,0.461644177966722
37396527,3,0.5599315857799768
30495979,2,0.34962857314445084
39586613,7,0.3224059219743599
1845681,3,0.4094818200141479
15864353,3,0.7279061152138059
14148210,6,0.41598084378650474
4579908,8,0.6217799590919543
7191337,6,0.6138000682421411
17433910,3,0.6534725637062749
12453279,6,0.47184093245057424
34526854,5,0.6480032057795291
16040469,6,0.38232990282690876
34292007,3,0.5171081641852272
18894808,6,0.46402616639158806
3435900,0,0.5183627923865252
7366528,1,0.706937100977562
24628959,1,0.797445663373045
25451348,5,0.48430519269100003
30244246,8,0.37847786743250456
17155055,6,0.441214199310296
30353714,6,0.25427101238700195
34435503,0,0.4436178759885374
32108070,3,0.341124248141798
29986194,8,0.41105951720571043
21578785,6,0.3900982071245223
20271383,3,0.45739121975173236
17386487,6,0.631438861206614
26716140,7,0.49652844505619237
39819858,5,0.4925208343022216
38962479,5,0.5550661356604604
3886667,6,0.4737669497191706
36825151,4,0.4337407116734147
8069451,1,0.5626666333948684
36422107,8,0.509776240513969
24196875,6,0.5182409857362333
3056830,6,0.9802669652799254
35191690,7,0.4841547924860732
15605379,0,0.884921408547435
11638158,1,0.3411918365225343
25573056,0,0.8145245874395628
33316051,1,0.4818265224007997
28308648,6,0.7592050884267835
39613065,6,0.6041944514626896
32546786,1,0.7589900944013236
3956181,0,0.9999999999744951
31651906,4,0.2689603442473676
36043095,0,0.8428116578423991
29236813,0,0.8423533312063545
20276508,4,0.6264108161504319
25273690,3,0.964488759449849
19833393,7,0.2638239668255571
30957509,0,0.9474230987158384
1279032,6,0.4579029782435632
2504907,6,0.5918094243024388
5593636,6,0.9087512009088468
18389618,8,0.8899671001937077
24619629,7,0.5117099544183225
36169142,4,0.7448301578287332
29621275,6,0.40991526436858144
30461969,1,0.7700687913569776
38288412,0,0.5663767327374348
33055718,4,0.9005084005689645
30929411,6,0.8177880726708299
25789302,3,0.7626342193766223
11391700,7,0.8965939117854921
13207678,6,0.4655529274612567
4118409,8,0.4485781480313454
14825910,2,0.9468953785996482
36926140,5,0.9203998682416918
15487848,6,0.619828640450771
23642478,6,0.5548846527756484
30409140,6,0.3983431349564692
17844905,8,0.5325740751523095
8805290,8,0.36442728527504503
38622681,6,0.4101619538061994
39408090,5,0.4904076973408587
11326748,7,0.5521479418694862
34292116,2,0.3374202569880632
17518827,4,0.7512176024394722
18093619,0,0.9414245716250456
26854678,6,0.6394405220688253
25604949,0,0.9894626896364087
8412665,7,0.6175206891684456
6116345,6,0.36492454913960526
24648045,6,0.33434644417928
30515773,3,0.30253094329880603
33790854,6,0.3917800084607057
23154242,3,0.7035421018292206
23876588,5,0.9144674035470977
18308786,8,0.9257234548036386
22975308,6,0.3793484054111174
21802708,3,0.8649434729972263
38666744,6,0.5062849437667184
39924168,6,0.30173645860810955
31297859,6,0.6599212369388859
1781617,6,0.44876100617135833
37632845,0,0.23957133641369582
25436589,3,0.6637878171277196
21319384,6,0.8356517673336848
36973331,1,0.8231992406269328
37510460,3,0.4953867260427289
6090275,7,0.5764891431401977
28766248,6,0.5176690547615024
36568646,6,0.6041375464143088
28394666,2,0.5140856494943019
18881929,7,0.5885973672371754
18634650,0,0.951997745097636
34621952,1,0.5566476992447273
7629541,3,0.6238200373382576
37148487,0,0.5517290314601345
8274724,7,0.6344096222217588
11263420,0,0.6384671415386008
26680590,7,0.7049449288047548
21564357,8,0.38501979351159415
39508166,8,0.5522590546374838
16968080,7,0.731442490716853
12092518,7,0.5323055225047945
34123018,6,0.792183284285994
27862402,7,0.630552066740428
34954149,3,0.2851420499289483
19403772,0,0.8698217627215659
27391977,6,0.4835797639370446
9765718,3,0.9549226445108009
29324236,6,0.43988473057909133
30911872,8,0.43334951668688043
13460463,6,0.5089815792323762
10997254,5,0.8723299277969245
7720828,7,0.8262351068068138
25705141,6,0.8502650413709483
35657681,6,0.4899079676508332
35609318,4,0.830388728896872
38915997,4,0.6877079407958386
29343051,2,0.5540832468058566
26395491,6,0.7394345218940931
25898403,6,0.4654665368969782
18540563,4,0.8294138077500787
4712929,6,0.9577254616725016
16960638,6,0.4359271520138999
13256991,1,0.7756383620114747
13530998,6,0.47013479322580926
22370287,3,0.45147648925406453
31115347,5,0.3670690248339809
8092695,7,0.5625233537906329
24068412,6,0.9307371219523709
9667546,6,0.9562330698514511
37335408,6,0.32059001866498205
9522627,0,0.5349556417468276
28065526,1,0.3942288468071038
12334925,6,0.4700303715118441
13595674,8,0.8454031966052138
28265410,0,0.6692587678923476
30386392,2,0.5402561586159746
7943385,6,0.4926896637141578
13366058,2,0.4665011051341221
20258986,6,0.4649929877301634
19961428,7,0.3829832509810249
34960516,7,0.6422445176188807
37572745,6,0.6034627685714304
6089078,6,0.454618002977711
39416667,0,0.6272767222979913
9543287,0,0.7678417732798317
18388670,8,0.5894970550618681
15282424,1,0.4933631526638847
3522739,8,0.43118520445061126
35477813,0,0.601673978414173
13854347,0,0.3544625971610537
16554999,8,0.7033110900350689
24563761,6,0.8768839072908384
25590762,0,0.3825165776531054
31039111,8,0.5560043763223721
2674437,5,0.7120783350840385
22599657,8,0.3674132937086343
28905584,7,0.6663630045501685
21948376,6,0.5907689863663729
40050201,4,0.6205713631372894
4239205,5,0.48171361540460383
22135780,0,0.35345820758942925
38377047,6,0.7785378951205316
31718742,2,0.6159117311441948
34612569,6,0.5723801164882105
302651,2,0.39642492098939863
27872594,7,0.4325675201101182
38156661,0,0.9260649892233503
36452533,1,0.7024888387632984
23053626,0,0.7086256856989988
35655569,5,0.5655452142676163
19811064,5,0.545557396394946
8230315,1,0.4053985811027409
27345237,0,0.4457624887724374
14078207,6,0.7879483813222274
36907965,7,0.29582169441047285
14063387,8,0.32567972871780804
29573986,5,0.3268112997783013
33993149,0,0.5622038163543936
11025222,6,0.6060291032725945
34337107,0,0.42604597840606345
22665380,2,0.7271621475952498
31265043,3,0.4719357997919589
13618483,3,0.7058073603707556
34529417,4,0.8614509934792489
10184591,6,0.622356999339933
6714151,6,0.5834447588065369
27065652,5,0.5161870693823641
33833224,2,0.6958644427127293
28333629,6,0.920627792051376
2400504,0,0.8985088903205984
14804029,6,0.9537309828547847
8661166,7,0.42661819558536435
24639437,7,0.70817073458311
20004428,8,0.5545382478370144
37402372,6,0.45100737105078514
34732872,6,0.6186362648220166
37955423,4,0.9569371421374094
34564057,0,0.3754123296714919
34011723,5,0.26428992159893955
35061261,4,0.7298407483676708
16598551,6,0.33128969564021454
13067910,7,0.4120500955185679
25145847,8,0.5300880285540258
29380403,5,0.6687996745251473
25334845,5,0.46558523772083105
29852233,5,0.48043683630809986
28348866,6,0.38708119736832697
20134387,4,0.8257422213026626
5790761,6,0.32790831069447957
34148280,5,0.6610621689225317
4170238,0,0.6057329675267786
32577059,7,0.5121972205950805
28403675,5,0.7020100241657394
30444019,8,0.32039586475896353
26067692,5,0.2704045393271287
7577410,3,0.5360134762101118
19320203,3,0.835629820023264
21660981,0,0.7361785206554791
22981402,7,0.31404724802229583
15805619,0,0.39146002234733535
14070197,7,0.37460078928595664
7161856,0,0.6539015748918028
6602390,6,0.41488077150737684
30371752,3,0.4678782482774782
9039897,3,0.5869209504804596
31516951,6,0.5845669264049693
38881305,4,0.6194337544749582
37604437,6,0.8816698286633856
2986258,1,0.309717113223831
9773817,8,0.8535190865959972
27677232,2,0.3898531727072031
38258257,6,0.2946433388804706
32419535,3,0.7958132649893918
37195112,6,0.5003877855564214
34806837,2,0.7271793355168913
5283506,7,0.4583263246150274
4992968,3,0.8663665957576834
39143817,7,0.4923357662946785
7530207,7,0.36362725829827375
34226403,3,0.8216054364723453
4433324,7,0.301793445818754
34394228,4,0.7829100569746824
22211981,5,0.851317400190845
35106426,7,0.5553281264712159
11678180,7,0.33920359038282716
33234089,5,0.53879856089905
26289424,0,0.7780888433575665
38104602,6,0.4296358482094537
16389460,8,0.42778646184776975
28111392,0,0.5327255368891787
2204914,7,0.6326105724167946
26405239,0,0.6096281272083434
30146532,4,0.43062271877454095
35459362,5,0.7345570592497633
10954544,3,0.737402863100333
11491251,1,0.5324035594148355
12494181,7,0.5623704361417436
28532973,3,0.6095953299681153
28684511,2,0.5548716659794946
28792202,3,0.6931848390197985
39865416,0,0.32842601214901634
34935100,6,0.5243866748124497
22569579,1,0.5640325568186462
35082895,8,0.7957643078826508
10567642,6,0.3259544516222826
24111681,7,0.5980943522275163
34364449,1,0.6713550606779832
20428890,0,0.3904194275189327
17909600,2,0.41818543474343484
28307566,6,0.44589414985762826
34397613,0,0.5494890977218889
12454096,0,0.7854704797321076
19802624,0,0.5792079215796624
5576005,7,0.5224460246785904
39981340,5,0.8985253157526918
18240964,6,0.8045873952100714
15531687,3,0.41936122154758443
30447779,5,0.8960318664470449
7230462,8,0.9441574260568761
29832301,8,0.5742426257786442
14972773,6,0.8377586062275197
5015269,2,0.47566754765050756
14916403,0,0.3299379868690351
32733241,7,0.2920115708399196
17270007,4,0.4852059058149538
37159153,4,0.6189489166902704
17960207,3,0.5935442942851595
24788061,6,0.5341716463949102
20208929,3,0.6772656535620853
32129419,6,0.36593903662900046
28675435,8,0.425856122375
33687486,3,0.8920497311202349
31033688,5,0.4883206853073485
32303213,4,0.36548705866128833
38461638,5,0.9999999999924392
36228334,8,0.3553115838013055
30967765,6,0.3452956743425476
34287296,4,0.7502078430776397
8594549,3,0.7802130100414594
36058524,6,0.8835267674907888
28289025,5,0.5186649260209764
5251808,6,0.42543067300752724
28910285,5,0.6725360993554458
18261850,6,0.3225822962390597
29158838,7,0.5613999715801454
36420994,6,0.6172813926369726
30072367,5,0.8976234318303263
25691780,8,0.6184253571426237
30407543,3,0.44689512998041303
26127280,3,0.5960029060168434
21471512,3,0.6767244864825072
23401303,6,0.5552318750158095
33715362,7,0.7319385847327836
15754878,6,0.6128897633108488
32718180,3,0.5698550966172621
21221257,3,0.6854495745044559
17681547,7,0.31418366584977014
10893340,1,0.43406013346246447
33338174,8,0.5165754299147749
20055613,3,0.7323080318484195
9526358,1,0.9309582074701575
29377133,8,0.6512067561196607
30263087,6,0.45554362957146544
27836705,8,0.5012760746083799
38818981,6,0.4635603203173297
23284653,1,0.8077386503074983
25669981,5,0.7350901708565392
21060097,3,0.4314043439580204
33733326,7,0.37472387973930826
37473108,6,0.4101682609227956
9886494,1,0.43894466117561703
26384129,5,0.533828520314831
38040300,7,0.6682691490296483
31356535,2,0.462977131042252
39986053,4,0.7139840438144767
884650,6,0.7949353714628321
16927288,0,0.46379694670401705
21556126,7,0.35440969349318907
39555057,5,0.5192564093741806
28520825,0,0.5682144276788883
13749252,7,0.6111814631156458
31716211,3,0.8692287659744267
26825058,1,0.26179470732226506
16307326,0,0.6517524071403435
14258984,0,0.8323162844118394
36223325,1,0.9021952725316492
214852,6,0.9196141916496368
31501557,7,0.586380355588848
37735245,8,0.3585263278340412
40063930,8,0.6105663525149967
21002633,0,0.8912756456202697
39197011,1,0.46539962087151887
28581948,8,0.501506784602313
2383645,5,0.8983093760071842
15998653,7,0.3885336150033194
10738560,7,0.5254979750694538
18704206,3,0.6053764521489303
9715171,3,0.7332007202472886
17960296,0,0.3586158967606184
21018411,3,0.4344354383767403
20101524,6,0.6721855959265247
24267747,0,0.9999999999769947
28094392,0,0.544270043724419
34844633,3,0.529679963635609
1978586,4,0.28661123868777744
3904389,6,0.3410513689275197
8195915,2,0.9999999999943873
9458870,6,0.6675675363860042
34130186,7,0.37127316564149554
26637415,8,0.6520925759908529
38125231,4,0.9336070569424366
18257400,8,0.5432148789914634
27681823,8,0.35776316245839934
36650561,6,0.5992114597507066
20962497,7,0.7438824585105178
26447915,5,0.4530400188100032
2577252,2,0.3805517007428223
34948928,6,0.33946645790196406
20813231,6,0.44863989632232865
33075778,8,0.658151482646078
18216372,2,0.4273606280204179
37592721,8,0.8508112926360781
34706274,3,0.9539325163239168
16333213,5,0.8420843173066883
37975672,6,0.9070983650462711
27781812,6,0.5222620698602548
39697145,0,0.6369192873498332
21679388,1,0.4803365875705226
34448867,6,0.6544069173267831
4938723,6,0.8166188859962515
12416394,3,0.5639837573002835
24797311,5,0.7043018565893643
14951676,5,0.8706490122881256
22756645,8,0.7074713488564447
25954395,7,0.5902250703287558
28260465,0,0.9505975368787439
17138762,6,0.6545844340470949
275541,1,0.5759016667992435
11013911,6,0.4840288248440975
13572383,5,0.35695292710957066
30413361,7,0.7489799170341799
32838874,3,0.6523003012542689
35180764,5,0.4831238086007492
22598334,7,0.5442765336038629
33550048,3,0.28529735806685425
4838305,7,0.3796795780312862
26776824,4,0.8372182706434543
7668204,8,0.36498592709108113
18263136,7,0.5791899809393983
30514396,8,0.5103528741797296
24499609,8,0.7857651500710854
35440188,6,0.4086576695718204
27004842,4,0.5120867677299141
32040422,7,0.3559851706699049
24212789,5,0.7089464008092937
38385360,6,0.504790960412112
18156139,6,0.4716918731249809
16553405,6,0.6857651515703143
19441591,7,0.4802181335923079
39003704,0,0.5416929117714135
27810981,6,0.528608582566739
38490811,6,0.49922497836460367
39249169,6,0.5914059782689417
37901679,1,0.4745316409694
35085809,6,0.6735421087501741
31676713,5,0.3537771117654402
33115343,5,0.46840951323129215
30495337,8,0.8231473340171415
23119782,0,0.5649550946064892
31283429,1,0.3996922081484339
27625363,1,0.46349718714949406
11130339,6,0.4362052224442478
11009691,6,0.4972365750717666
28619838,0,0.3018972088822863
21406887,1,0.6944532990818303
27735478,5,0.39263342456874395
39544553,0,0.5739878879969732
35512132,7,0.478653759879066
9628489,0,0.5163253610728392
32848546,1,0.5843261656580531
32001927,6,0.6243003729299701
2445823,2,0.5166110879925364
34818832,6,0.9938303879991774
17530308,8,0.44461944959951655
19747369,6,0.8849279732006592
25771916,8,0.3268887127249893
19956141,0,0.5540828826953675
29845531,6,0.5086508085201333
39074285,1,0.5536024631521806
31060614,0,0.4840794176908893
33336813,7,0.7170731283283074
36709684,7,0.3530199684284692
19624035,7,0.36214004533337346
22569789,1,0.5379298936995212
36634795,0,0.8352084627437152
24310242,1,0.8468930550468056
18840949,6,0.6752739090140196
34296617,5,0.524343769797788
34992439,6,0.9999999999775181
25561186,8,0.52770925186328
38490937,5,0.8229377973568268
24021065,0,0.8246149049129157
36642691,2,0.9769572055227403
3168096,6,0.8661306914233785
11603845,0,0.4319581628286218
24233477,8,0.31459876730066305
16098394,3,0.3667788940752385
13591170,2,0.5098415877196669
33913886,0,0.3610275997290848
32932591,0,0.4778593004171264
32918757,0,0.5477287853522376
7240382,7,0.6937779158672286
22074536,0,0.6310809195542119
2613527,7,0.6273971529586372
19575943,5,0.8968937028644335
37408129,8,0.6787928683922795
37150067,3,0.7566430170488179
10112680,0,0.33395374922913806
21465445,2,0.3342476648316557
30894616,3,0.6960561326682215
17414040,5,0.6711214399639938
34467962,7,0.6097245099388788
39743507,3,0.6309689280074936
6467651,6,0.7691388187388292
8444354,6,0.707881683344665
17980967,6,0.6217468364226272
34759585,5,0.4291544016355802
21670747,6,0.8039724442875525
30433960,3,0.42263550858961396
32170059,3,0.8608623912151698
6211110,6,0.8063242557959606
18280988,8,0.6007626677119678
7887785,6,0.3526763796546732
5122372,5,0.8803843134524533
12805370,6,0.6589016987378205
32175329,2,0.36286520178559556
9810217,6,0.6938626100606233
33928830,2,0.8901809927653221
9151464,6,0.7918901492787919
33333778,5,0.4848445767372884
35269374,0,0.5237200265209817
38755111,8,0.6775473502932966
8317951,7,0.5584097990682385
19225347,0,0.8412458527797229
20322465,6,0.754075367439328
35168870,2,0.301179766472248
35674651,4,0.5901738876795897
35764509,2,0.746408773572427
24186569,1,0.44378918284682095
35842598,5,0.9861771753578833
34441624,0,0.7589697291435803
31959379,3,0.4431192917715195
38123480,6,0.5171978009820473
25740582,8,0.44870855859597336
8495367,6,0.4918421075197861
15690016,6,0.7778144233650083
5771376,6,0.4530613935561775
28486832,6,0.5251295614716553
31257955,1,0.4637330341653551
20456860,0,0.5444702092471176
33071046,0,0.5397657107057209
39487769,6,0.3147715021604413
1408277,3,0.8519995111052063
6564004,5,0.40537960347218654
1643265,6,0.3350026541831525
7700545,0,0.9999999999800928
28904750,6,0.588817933166911
37645965,3,0.7333892944695403
38455492,4,0.5612928667204535
17187564,2,0.5051245817793336
7489390,3,0.8774648939057857
26959189,3,0.4815491453703304
24984545,6,0.3755346386125998
30647460,5,0.4275546294512759
14183533,5,0.71086552205979
28975667,6,0.4521407630925697
27444181,7,0.4003553025094626
18536349,0,0.272862129301744
17603678,5,0.5908874571699052
18237343,3,0.5381546410777494
31527844,6,0.3212032329304038
11803121,0,0.4320271192149167
28874556,4,0.704844580101881
24541083,7,0.616579798632503
38946492,4,0.8598346374472833
39334586,8,0.4761462651759853
9700396,1,0.3532394426435002
14008494,3,0.921266987756796
20461790,6,0.8876852402189179
16779411,6,0.794305709362793
34312193,6,0.3777078438818453
19185762,0,0.6202119949541912
13892929,6,0.3685522504421041
21515771,1,0.5477273290966256
20172475,1,0.690883464167108
497654,2,0.5426061002690908
5480716,2,0.4122507008103748
7470609,3,0.6809700151734277
18177354,6,0.8681420394814806
35990732,1,0.4691871741001812
31464555,0,0.26184322036961727
28566731,0,0.916445680226613
34001149,0,0.6316799159513209
37193487,4,0.5567854756895907
38846874,6,0.6802015024107168
7395542,8,0.8305741891206925
34954461,0,0.7980924256169643
457207,8,0.3676316250573918
23324690,6,0.747540577850613
33384406,5,0.35723260498874754
34953853,0,0.9490665241329233
17763862,0,0.4644419797955554
39492524,8,0.9311660110208179
32022401,6,0.5628991751269141
28457805,6,0.5711188433562782
23546312,6,0.6877141592673929
22022820,0,0.589547634968974
19968065,5,0.852714418862143
24253977,0,0.7059132784865984
15801883,6,0.38292026791856587
26859291,6,0.707103991374054
28513604,0,0.9139887223163272
24923536,0,0.5322917061946109
30023913,3,0.596676363038796
12980500,8,0.39785879458610396
18947938,1,0.7404603096689181
32873021,8,0.30371702485889385
34381370,6,0.6909070968957352
793341,6,0.5952497450157774
33089459,8,0.46172586537927723
11986196,2,0.3603324676894502
16990684,8,0.38854978621307296
35195719,0,0.7041004233437189
28870163,6,0.6768739136531571
18827170,0,0.7816750557612444
14157624,5,0.3904798456819769
30158811,4,0.9310184177584031
30177884,8,0.2530385318646235
34144034,0,0.4863889015212936
36466954,6,0.7867568118110215
14568528,8,0.6739926110738499
26242482,0,0.48080651988858547
23594465,1,0.4320976065753303
33149967,4,0.59293856810667
1817780,4,0.3297455788189048
33231494,6,0.46348331625581646
32693114,2,0.453939505662315
27461479,3,0.5024380759939286
35481540,6,0.4874922500413906
13735422,0,0.4715874413460914
37052727,7,0.5622147499508815
39715909,3,0.4963083383555162
14222543,0,0.4736919583622339
10351645,7,0.6632732949929807
34207321,7,0.4108551868418652
30421325,7,0.707989236430795
32405620,3,0.888552504322727
30415205,6,0.3139473789993304
21077503,6,0.4301690707965791
39639342,6,0.47026471161344424
33371349,7,0.8786884877982665
15114616,8,0.3847607979510012
39742893,0,0.5042179137709927
8947977,3,0.7219817528988973
8751438,0,0.3894049262043428
21199497,5,0.6166237752459458
37560786,0,0.2807857402258564
21463344,0,0.49618199054330664
20650074,6,0.5749309242368758
38595400,8,0.7709792928648851
28845428,3,0.3668726418781478
15614676,2,0.2543535085826739
12714760,7,0.49442567707557544
17846613,5,0.825100624431942
17037300,1,0.6462139349869283
28967592,6,0.38684570804709845
31016654,6,0.24021049984509008
27813466,3,0.46105651942417597
22339166,8,0.2712237214824676
27128290,7,0.40877933788800996
19409606,3,0.3490868441627495
37658127,5,0.9648094519251506
33870862,5,0.8691549731147434
7544424,1,0.7902940359661129
15009332,7,0.6459076013995411
11998613,0,0.9531820434538397
11047105,8,0.33611498099203496
36508616,7,0.36492350231265835
16070535,1,0.3990740724168783
20956671,4,0.9184652354292963
25417911,0,0.7092055662938105
36358204,2,0.4608421668150416
13808428,0,0.9999999999807531
2497525,3,0.8626378265140714
10081942,5,0.46749587945909143
27698386,1,0.7964484535423868
28314173,2,0.590563397990232
4504470,8,0.43388363066410696
13675440,6,0.7168864328286217
22394864,0,0.47318839313407474
31890061,8,0.7826455743892166
3294349,6,0.9104106719435509
14078588,7,0.7825731417463432
12134341,6,0.35968824313467485
18510790,3,0.8744421750764749
38730487,6,0.5159272742570447
33018028,7,0.3236042813595924
36472681,8,0.5292542456086381
15357800,3,0.32827884926413026
3582737,6,0.6066740866114705
4355762,7,0.28803905364479776
22119244,3,0.38700288213113415
19870735,3,0.5980111964316693
33914978,3,0.9681012380091847
17401944,0,0.5143802164962965
10836276,6,0.37215895128719284
12867263,6,0.8838376923607395
14825988,0,0.3103825079788436
3268198,7,0.5337124177977214
35526867,1,0.565728461155533
13906343,6,0.6603034898368586
27051188,1,0.6898297871782336
24363130,3,0.28267525709654795
11792629,3,0.6213209504101942
7056204,6,0.6903111894924188
1950781,3,0.4735577394085892
32648010,8,0.3798794427099165
33572130,3,0.6447715912781321
5957211,1,0.5395127262781668
30627923,3,0.28162183433245186
21034367,4,0.7603883306377494
20572303,0,0.5841549944680264
11454264,6,0.5973095997931278
33293518,3,0.9648243020317574
18309140,8,0.701626525964409
20845778,6,0.6498178038518879
38579190,1,0.8112268175981033
37669256,8,0.37541610512146184
29852498,5,0.4813267899640666
14133098,8,0.3923381926213461
28676374,6,0.45246071614564704
32407613,5,0.7117921408010938
22640898,6,0.6209481176797464
38444110,1,0.6455303699461737
24769117,6,0.9228175328955651
16310803,7,0.3838402037392553
27927103,3,0.7690553121600399
38003626,4,0.9610638101805563
1596440,6,0.6500824595485121
37045347,0,0.7907979206609841
27369538,0,0.880434943780986
39737026,6,0.38867964309976366
19363736,8,0.34080515263026945
38209719,4,0.6059860525313611
31678327,1,0.669114755616209
33656724,0,0.34473280212538965
4528667,2,0.3639515275715553
19485768,3,0.6731480001528722
17099458,8,0.431835196738718
26365369,0,0.7199316097185516
34646042,7,0.6954504997381732
38508564,0,0.7479545007203285
21017652,1,0.5415344836176569
34744863,4,0.3422475493639575
12453595,8,0.7903273716230771
18927786,5,0.5949653839670039
6022450,7,0.651961503700399
19649788,1,0.3657284945957924
35736217,4,0.9365253208295847
28702673,3,0.4733113381833222
23420669,5,0.5904028991088563
19713844,7,0.5134690943502863
31954507,7,0.18276078657630018
36680695,0,0.6966702006898863
25477528,0,0.48861642110555115
16875404,7,0.6026955397657124
20957949,2,0.3071175641407219
22392823,5,0.9630045996523933
36690433,2,0.7378871622535369
31625792,6,0.39309024837357903
9941766,7,0.5047600791316655
28452361,0,0.5320685096835602
6328530,2,0.5654199414122004
298782,8,0.4649683725079283
33724611,5,0.8527323161023427
22290508,2,0.7485404875020214
2105508,6,0.4428405042167093
27654433,1,0.5153733943752794
14324069,3,0.6100341603013739
9718054,2,0.5670731509406783
30647866,2,0.49221451701259694
35328941,6,0.5060050951547417
26046023,4,0.46241508132553627
39833902,0,0.5272946232053125
31095811,7,0.47752005982963164
30339847,7,0.49132690725892125
17200385,8,0.5042999373520248
34689852,3,0.4630688494099821
31229728,6,0.3530659560190625
28962403,6,0.4367444444201871
28369852,0,0.43553712450367776
31862169,8,0.8294488665148266
38336938,0,0.7100920175473795
34418881,8,0.5859634198452257
4424283,0,0.9300724533188108
32652485,4,0.41203557346357145
35329135,1,0.9067130089821563
25984025,0,0.5324233076732998
30987118,1,0.6411736116908602
34990179,4,0.4992191531505256
29808355,4,0.8645596116733341
22277318,6,0.4919275066667143
19219017,3,0.4709247126458918
22576312,7,0.6435897845113168
38080070,4,0.9999999999905813
36939157,7,0.3520604038437828
4881312,6,0.7507105876854131
2846416,6,0.6601383524019722
33137686,4,0.567195949600786
36222823,8,0.4195574715850668
39013431,1,0.4821175926890057
32795354,6,0.31019176279074545
28664221,1,0.6532010188091848
26233925,4,0.6988437414849656
16989736,8,0.5222256990371319
31508846,3,0.333549540703779
27305221,8,0.5360488656131421
37982004,4,0.3960293119959348
36724955,8,0.7982154157920501
1590474,6,0.7553635489773196
17800897,3,0.719178423103434
39580473,3,0.6402649000298033
1290515,6,0.7931121295343933
31375022,7,0.5771121522498971
18974810,3,0.3889443775618641
31937190,8,0.3019961672195906
35631923,6,0.34337468210858446
11437350,6,0.3873078339863509
37898559,7,0.4960579607222643
2121036,7,0.43355049447738114
23157481,3,0.4534276780074056
25928390,6,0.46656607858883287
2276768,2,0.7978533267786526
5567922,3,0.4384441647033678
14757054,6,0.37551574063029125
11819188,6,0.532319396491729
19862948,4,0.7807677885080822
837256,6,0.9262242943962996
36763438,4,0.3388812746057999
33454243,7,0.6030569904742874
29357326,6,0.564580104069968
19900279,6,0.6947384880466843
33321545,0,0.6102646792468813
39498729,4,0.9559390136211741
29773480,4,0.7065887088800887
24871914,4,0.4147543693374106
12632323,6,0.9856963721875369
6645661,1,0.5938358774905823
36612832,0,0.4398183134304277
30465013,2,0.8514532979636488
31793746,0,0.39265705462393735
39538873,6,0.784123388592852
33282823,6,0.6554601485908564
15880644,7,0.7508000940026601
524714,6,0.34824066254006386
21912859,5,0.7652707340446291
28678351,8,0.32184624298215075
20676849,3,0.8206549997612614
22598561,6,0.45890990087464734
21150761,0,0.7868619197612549
15958917,6,0.3530192161649704
7217715,3,0.36441030177221884
28892261,5,0.4949637251078803
27715515,7,0.4523078699455876
441397,6,0.47473010242913044
11752371,6,0.4785725594829328
38919877,3,0.4239526444989179
28884265,7,0.5458728600818071
6731345,8,0.49334168397713374
37563363,1,0.8039033477504112
8065913,7,0.40119143312006567
31481689,7,0.3839162157784258
36169473,8,0.3988837095089094
3302020,6,0.4181728785291652
11473206,4,0.32259506771579133
38900235,0,0.9251960679759058
18391977,5,0.4616333502337029
33956029,4,0.691484364932055
17313970,3,0.8662854647680086
19059360,8,0.6512056805075696
16898086,6,0.7255519004372549
23124248,7,0.9376538151289958
15190228,2,0.7590680459642147
4019639,0,0.6731289873161408
18288757,6,0.46470747632202325
38129624,2,0.6482650998503449
39312553,3,0.6823264697811275
25515288,6,0.9801581301944925
18440526,2,0.5130603705254417
33860317,2,0.3611990263796805
26866493,2,0.9407380150069242
24085711,3,0.5587258619026408
23395354,6,0.6721258483250186
14517343,6,0.8312212278636942
38975664,7,0.6465045434314584
11143827,8,0.6269493608122415
29964585,8,0.3661118988065149
35822251,6,0.42925089598415883
8158937,7,0.5975456331311269
17472124,6,0.5879166915014747
9667742,7,0.8273034036383925
21455021,8,0.5007091261054875
7859775,6,0.4529645651370465
22336460,6,0.41702460176905864
13542276,3,0.44359654448018376
6802877,0,0.7631101148441115
9074230,0,0.9181658701801071
2081281,6,0.4636763778106771
2576715,7,0.8767482124827937
39548864,3,0.9661862560519306
19078325,4,0.5512163036976193
36377396,8,0.46708842161143205
35949412,4,0.6766206906800253
37577127,0,0.431814430123088
23404222,4,0.3346820126971208
25518023,3,0.9317935370390389
34830738,2,0.7988483657421647
39422242,1,0.3702257655341999
16469758,3,0.7074360976012897
21799191,1,0.9619906418407864
25691951,1,0.5947755590407382
23444858,4,0.9155417032168418
2002357,1,0.7038301068849403
13423216,0,0.6073582278512043
36393450,8,0.5689031777896885
28366550,6,0.7473888172042032
38542419,4,0.7407000117832444
36619631,4,0.997880416085157
17665809,0,0.9663937314831808
2196693,5,0.6632624368313801
28669288,6,0.4708293870417209
38886251,3,0.5935084879591147
31988553,5,0.799042711840223
22043498,0,0.8049360694123601
28263073,4,0.901314710494856
24768802,0,0.4794472809439678
34291543,5,0.9168414277134164
25430789,3,0.594282661274539
28335638,8,0.3634483146870474
15177705,8,0.4577144185374857
7751132,0,0.489483471605909
33139230,7,0.7350080465180505
16750493,0,0.6672353134575499
36342078,3,0.3412117141892571
38175765,3,0.4181048250149639
12739111,3,0.31369730762794296
34833138,6,0.5129476698488517
23955382,6,0.42246107685897033
37351357,5,0.43771570702729046
35615971,7,0.7433913817216842
30201431,6,0.5566312836847298
35698927,1,0.5584449993785455
40074004,3,0.7515989156845823
34888742,7,0.3819261847922262
9931998,0,0.25793941738765575
17377452,6,0.5733191878990714
39616931,4,0.6115168187587334
38043658,7,0.5475374463512501
1554362,8,0.4195453641897537
36271449,7,0.41184108749162346
26165180,5,0.6147636797177887
4901861,2,0.5309676114688471
24265971,8,0.6243786907885739
5568926,0,0.5018534097154963
37535037,4,0.5368233419325505
38225583,0,0.486580054879652
18995063,6,0.42584550184783904
16984061,8,0.467062811100753
23392820,4,0.7073737426315977
27584206,1,0.24031761234995236
39600006,3,0.6567822339938312
23747592,3,0.43614659519626714
2181708,6,0.4367840646621093
30576628,5,0.9999999999936395
24106209,3,0.6851815322234133
36640174,5,0.34448889278499395
33740811,0,0.389744587381311
10445666,6,0.757704282002947
39969219,4,0.7428629440069568
20156053,6,0.2599628260403495
31939916,6,0.5528850616285489
31541758,6,0.46942075837082914
4519736,6,0.9367977058227016
10392921,7,0.6202319698614084
39479732,4,0.6613316075213469
39811720,0,0.636890202519694
38113711,6,0.4582622378327225
21141858,8,0.5963825941190105
37515847,6,0.31032518390807656
21233233,1,0.2833229420516277
27409727,1,0.4867639753946005
19783404,6,0.4023280326896908
36522120,1,0.7095886295706338
3862129,7,0.544683364899447
21805472,4,0.4931450058794708
20530921,3,0.8674677775176081
35821271,5,0.9583336786636104
22723022,8,0.594709833270983
36188226,0,0.7536280872488885
7911098,6,0.6137191122795687
36525020,4,0.8294890838010439
23469008,8,0.3671154819553555
24039132,3,0.35549447761580216
29295654,8,0.8301328950659806
33726160,0,0.9999999999738295
31830429,8,0.6141432640765957
32858537,6,0.3123952432250992
21996710,5,0.33911003701387316
25633995,5,0.5975814322011379
24930018,4,0.37286284860022517
22014220,8,0.33270698444203084
33341320,2,0.7992737649176743
2482926,6,0.6084172567742336
2938519,2,0.4221130109544113
29330283,3,0.437230488523481
31816058,3,0.6364018348083034
25598093,4,0.8510880526149064
21743057,6,0.7572495601016386
37400140,8,0.5337751667593567
33713201,6,0.47369418946721503
38912563,0,0.354130273856508
21215421,6,0.32263401287432764
2398299,2,0.4510071281079754
28798781,7,0.4108004438212321
28719127,7,0.4416972997422817
1547856,6,0.4320211246430961
19104580,8,0.46084442883018983
32492518,5,0.8733626159491564
10320096,0,0.7614752750376562
23696705,6,0.5709761786411665
3207177,1,0.6546295664967732
16617136,6,0.7232456520620297
20691359,0,0.23698685703216665
25575579,6,0.5043471125350835
35387280,6,0.2669332526481181
2525233,3,0.3186201413738777
32754496,0,0.8676843406681917
22024456,2,0.23656629781647703
30870072,5,0.4724192594021833
31855048,6,0.6585889079063657
16968226,3,0.604308488206143
19613750,6,0.5811372746538306
31793540,8,0.5026759164470538
13287459,0,0.6219017868470105
9949974,8,0.4308497160724748
7720728,1,0.8313913796219613
14519082,1,0.639824347940861
14531396,7,0.8290188053000512
15477857,5,0.7373938802305426
1893867,0,0.730720961151425
39600379,6,0.2362522839094349
12241499,3,0.5362944324132042
6557959,6,0.45466345925362356
28706967,7,0.2789644911003146
5311669,0,0.9264518674713372
34483081,6,0.6767023755001788
26498337,0,0.3620692119109398
13961930,8,0.6819780149699717
28989191,4,0.6129179627656651
38782072,5,0.5633660608223644
5684471,6,0.57471182296546
23819310,6,0.4525656152111302
35344985,0,0.7116201628571608
23959889,7,0.30593094562868384
3553088,1,0.27176259451582596
26752933,0,0.8778716483702109
11041405,0,0.9288029595413971
37386499,0,0.9125794915800461
33672751,4,0.807502085641425
18309258,0,0.7463274602405588
38484277,4,0.9513903882338237
29356076,4,0.4736847871013084
7215320,6,0.4019954178494789
39571245,7,0.514317160670497
6816989,3,0.8439226251363764
30503613,4,0.42701487773160934
18745743,6,0.3443362344563023
1908653,6,0.6366097380118606
6698554,6,0.5512386114423657
26189847,7,0.7745571582121294
19684434,0,0.5068766024702612
30997347,4,0.4247130640452653
24642156,4,0.8644876737580434
37313690,3,0.7833299574999184
27555590,5,0.49100259123580936
3052534,6,0.6388685320720121
7427984,6,0.7633790415457667
10324015,0,0.5500615179890989
19869123,2,0.9053784084411385
33604725,0,0.23242807894993778
39307190,0,0.44959430584561066
16662104,6,0.45998608614735853
19612209,1,0.4156532558459525
37576006,5,0.9999999999927756
20848222,6,0.5964767610496483
25041319,1,0.5069525346753982
39647480,3,0.906800705041691
7958031,6,0.6392234246736604
39023504,0,0.6838339732113089
25030037,5,0.47735486361243823
39151545,4,0.917005975653112
31610677,7,0.6824054307166654
32618304,8,0.44820463557493195
37517873,6,0.3421751434824123
34583471,5,0.43410249227517517
30457162,6,0.7529352008937472
40088902,7,0.2812143780937672
35611874,4,0.9590538756788606
11005072,7,0.4479815173957893
38255066,4,0.6308160767969954
37522919,7,0.3473334087649536
20403968,1,0.4728417648659395
32511131,0,0.5848413001551345
501626,6,0.6375740341086599
35860839,6,0.6427059408146094
22784890,6,0.3652023143015641
20546321,2,0.9763074960413889
23181442,3,0.7078123212388863
2336423,0,0.4439016756590558
19465847,3,0.719113684479435
25346036,5,0.36410928591934405
15539260,0,0.6445778539931453
35592406,6,0.446495593484053
33976504,1,0.5964118393947245
31617562,6,0.765536912606005
34817416,4,0.7847033279495429
31504591,1,0.7060851521553211
34623846,0,0.5971086112084175
26306975,6,0.39463351301973715
25623295,3,0.5488340904094364
10054880,3,0.34028029477518584
36448960,2,0.973745743132235
22138648,7,0.4979614509371116
9111730,6,0.5894627646396822
19664587,8,0.33370324250136296
30282504,6,0.4619974921534833
31863076,3,0.7827057383150958
30992316,5,0.9997629306389978
21822592,5,0.8182905775547069
27183036,6,0.44280640637353896
29529074,7,0.6096669229451653
31819393,6,0.552065989126988
17915850,6,0.5387688367101204
34983043,6,0.4231237871900776
36294317,8,0.7776740684358066
31121547,3,0.5982167408953303
27080100,0,0.5548923117252713
15898817,0,0.9396759529149736
34967236,8,0.2871695881180742
15136392,3,0.7102747159970922
26974838,6,0.924444754489117
34971201,3,0.5299288565272168
19382013,5,0.9450649700386095
33959124,5,0.586415799053713
4946596,0,0.6407893859329953
39095435,0,0.44044248371074474
35414834,8,0.8608763460315639
29917232,1,0.5473327282848516
27081877,2,0.9541171602708385
13781563,7,0.35407540531178106
12311310,0,0.6842346909631565
13639444,0,0.6040655077586534
28073132,3,0.4762998490468076
21396414,0,0.7367713503438911
12705527,1,0.900247085935074
3848954,0,0.6864937802547713
24126240,0,0.5662914071019719
14618100,8,0.4542739132961659
14147175,0,0.6679009559788629
9282149,5,0.8754463471321232
36500348,4,0.9123708241710325
40138085,0,0.3670193632628227
31867193,7,0.4067459257274403
29662590,2,0.6052242765758888
7856843,3,0.6590547106982116
1550707,4,0.4016246494425528
27878137,0,0.33283215942416655
36064812,6,0.7918668587116182
37711337,7,0.4643070321047218
21597469,7,0.8665077433202723
32919383,4,0.7112026501276941
20187219,7,0.635279552835035
30180445,1,0.7488077011625919
5414241,7,0.5162355576456187
38543898,6,0.5253489460814503
5579407,8,0.5622263656416515
17312276,7,0.44257969801468633
29377730,6,0.48735364487366034
17874297,6,0.6506614110456084
29361314,8,0.4945814271682512
23771759,6,0.6748459510666196
24235921,4,0.3935351792504843
14469329,0,0.6969433314320266
21449763,1,0.3494171093384547
24233385,8,0.5086643628288591
39083524,0,0.43032642986535735
19818927,3,0.3994486288831826
34393141,2,0.8416419693674282
38400028,6,0.42790287509024116
22234428,0,0.9999999999818434
39523665,7,0.4780553016560149
37667765,6,0.6755893805704325
3153427,7,0.33333572246221194
25172341,0,0.9256238913895707
11594100,8,0.6936742552813492
9643268,4,0.5060033561979153
20132108,7,0.8954275668341117
28457469,0,0.5058589376818342
20979261,3,0.4489091542553937
34343132,8,0.6060293631811207
11104180,0,0.5072856254450452
11615878,6,0.5763148434318828
35923958,1,0.5941988694461449
8436373,0,0.5806434711196229
34145556,0,0.46440498563493904
6589225,6,0.8768334965581597
24399772,7,0.4391364328467103
33600230,7,0.7205306290365232
21642748,5,0.64848900636009
39149117,0,0.8449805664613277
5472501,6,0.24237601502259284
24602117,7,0.5887672713592608
2664944,6,0.9790403837081675
32641051,3,0.4491223809016981
34358173,8,0.40209243204698736
38040071,3,0.8487207528126003
22329224,7,0.4173190295419517
13536118,8,0.3388589657257936
37443169,5,0.3883274562844079
34030215,1,0.7302537621162226
29227351,6,0.5285461801090146
25826979,3,0.2588174380623591
18080746,6,0.3996104980044403
16890899,7,0.6125717329114803
27587250,4,0.48161910569224475
12381785,6,0.5525771387770985
32977809,6,0.27676389552055247
18500998,6,0.4282960396350568
8402800,6,0.4993724371391065
38672638,7,0.6046936470428249
8376270,6,0.9569581979644219
26059821,0,0.9946934804152409
33571348,0,0.9794913035805722
8492443,6,0.45300833390635115
35827853,6,0.43378836294650613
3458830,8,0.33769334727742
19671082,8,0.602475241265973
35330850,0,0.6091156082798161
30051051,0,0.5748460099400321
35484250,4,0.7908071855903007
37354574,5,0.7283284380006585
8168858,4,0.21641874741134964
13122656,7,0.32971915663191853
823030,0,0.9999999999752784
23183105,6,0.5198008659481645
6773584,8,0.6140443380831678
25100531,3,0.9239998979283881
38489075,0,0.675249300200227
26811694,3,0.51009787932935
20043897,6,0.3244484263166925
9566060,6,0.3412897263845227
17605962,7,0.4719341821595246
3964378,6,0.4340899643426172
17687019,5,0.42963809397153907
24958806,0,0.4558004017957695
25796130,4,0.654932309352329
34030196,0,0.5761530998563529
13855617,6,0.4955378968140321
32335800,6,0.6016968256708374
15745457,6,0.6799964425757069
18462785,5,0.585176121373722
22775392,6,0.8850269211539825
29632784,4,0.7222224108261215
20685797,6,0.5684207755412506
23913962,5,0.9061829258528965
29428894,6,0.3858149259834499
33103802,5,0.5370041968301926
10208814,5,0.6401011814025089
24167933,1,0.4895276326462678
4965114,6,0.9234885875168722
25647546,4,0.722796727186547
872119,0,0.5811351413064165
1264472,6,0.4729120210839913
6880096,4,0.419001279756229
36577025,1,0.7584417108089666
37988388,8,0.510896112147651
39476732,6,0.3708068436095763
23542526,0,0.9392287428237238
29049621,1,0.6206898798277047
33991527,3,0.7456913809251157
20363927,5,0.9415127810902563
23767772,6,0.5636096477990534
29267597,6,0.5792268494308448
26974120,3,0.5660721448284278
27758491,0,0.9630494610651513
28145024,0,0.6779545333160233
34745609,6,0.7349663429192533
27926220,8,0.2891127491912362
8380376,6,0.274781943161616
28508208,6,0.558256927333214
36432098,6,0.3908627257625263
13861532,0,0.6046990191475273
17199113,6,0.5713026301779346
20538305,1,0.5146483896291453
9742428,8,0.5246933573933295
22517080,3,0.766871373413824
14637768,6,0.555034500910439
14904012,6,0.747541598925015
37404043,4,0.5624871573461449
7949986,8,0.5653137328471862
22893460,0,0.6873476427444826
14024855,7,0.7402034675718245
1383239,6,0.5070822629131294
14351779,4,0.8393914047872423
4868139,1,0.4350661331629403
12095898,6,0.561116455508423
3375217,3,0.7645043607610276
38085624,4,0.7422830189461765
33823557,1,0.764932197745034
14229187,7,0.39817130928157485
29928477,6,0.5148299289391014
39876280,7,0.4330494586265091
13330028,6,0.453924712934773
24307454,3,0.5731699017055323
30513814,2,0.41381018678935716
26186577,1,0.5247591516661358
32326771,0,0.741504472539905
6649096,0,0.9999999999739789
12204287,6,0.49817996559221506
39504728,6,0.3989229705026029
38550392,8,0.5579260633103604
37085708,3,0.46565366263003066
18712318,7,0.41265662924033264
30616211,2,0.9999999999939398
29364189,5,0.6644888323036681
30838232,7,0.32930304905928764
33605493,5,0.7144754094473459
7459248,1,0.48542882180571983
26434718,0,0.810908649670566
7943971,7,0.35262138288368106
6479214,6,0.9057194029926028
14172700,6,0.43346644974360865
23431015,3,0.33596033001817965
30878697,6,0.5444457248360414
18259697,6,0.37076019164291313
1916663,0,0.9999999999767301
14648793,0,0.3331316746644059
32177669,3,0.5090084219687999
10889506,7,0.306277467364089
21148655,6,0.6639922927340216
36044210,0,0.3827282964252804
1416646,0,0.999999999977145
9574379,8,0.6236744566246428
14601570,8,0.7319866043313624
18590658,3,0.716039497383767
5559147,3,0.24428971600793994
12964547,7,0.6984837011170322
5218805,0,0.353704951163315
6880691,8,0.5857905331497817
9949246,8,0.3743005200134551
24123659,5,0.9949986661513374
32768331,4,0.7373874651336201
33907369,8,0.29675349812677476
38910958,8,0.6321593620722435
31411357,1,0.8327830840857613
8539100,3,0.46899836337688283
38162539,4,0.7783526410929406
14422340,1,0.4212457459108153
17433453,3,0.5074685577613686
37060639,4,0.3688584087700426
472977,6,0.3256209331420027
24982793,8,0.37965085457283676
19313966,0,0.7802704197483772
28065523,5,0.9523265798499728
29834213,4,0.5364885364623637
18940735,3,0.34863352065741077
20352794,8,0.5130847129512222
12068121,6,0.8064563807560833
8796655,0,0.29710064553771776
8826965,6,0.28517513061145794
34205310,6,0.3863920897032202
20926076,0,0.5884233449022933
40138350,4,0.8349145961347411
36630135,1,0.5330803692852865
13055727,3,0.48967675994847504
11554145,8,0.6808793807168768
16552738,6,0.3125273316066631
26210417,0,0.42866561248566526
29275353,1,0.708319896166728
18720207,5,0.39723344798369625
30371987,8,0.5339730165388424
6391388,7,0.5733370777571952
38380336,7,0.817606656642957
25798730,0,0.748150018735016
29871243,6,0.5677102917944467
24789269,6,0.4647455227460406
11527290,8,0.751791322826058
14080041,6,0.5762899934304611
34057783,6,0.6831863100717102
23398445,8,0.44826063883027645
39778235,3,0.730144523441345
23250726,0,0.6388901870451787
30529055,5,0.8186827734517408
244750,6,0.5925266549742347
23108356,0,0.3025071790050838
21943393,3,0.3484919859336154
28044332,1,0.8624931709760035
35330872,6,0.7862613393885898
17489178,6,0.669846658649146
30918905,0,0.5050589779917133
37387726,6,0.3565268831252921
29447188,7,0.4214309650987968
31631052,4,0.48202564633830286
20361235,2,0.5871976657148871
10656831,6,0.5721674698357296
21938272,1,0.5657107601789625
17737703,8,0.4831190812990847
35819129,6,0.7339494483188238
7488649,6,0.7377817308186859
31617827,8,0.6552898171723733
23133573,0,0.37445908759563934
38791527,8,0.38823514452543256
17958667,3,0.7219745761383101
35441534,7,0.6441242639137901
18945450,2,0.3830411386734965
8991433,7,0.49156285778938946
18704215,0,0.4820365609913699
23062926,2,0.3379793482568034
19670153,1,0.4664860982703552
35281360,8,0.5687385852534648
36285966,6,0.7107670402491836
20039200,0,0.40649405261835125
6019473,5,0.8513682596908684
14398791,8,0.47060213955661145
32238896,2,0.28486453880364293
15316428,3,0.6602684920269688
23841011,3,0.5604857223591017
6839116,7,0.5207504951700364
9098441,7,0.5375037446617568
20642284,7,0.5527707845489955
5517314,2,0.7324087998360126
33859025,3,0.8269943390561288
39535756,0,0.5075377074167301
9303301,1,0.7635599366124667
23126498,3,0.6667941710440732
37297367,4,0.9146608213940739
28310657,5,0.7966441082166879
38255340,0,0.7300876803739733
11469228,8,0.781073695644007
6587516,8,0.6238044276693484
31317642,4,0.38371246630828204
19290674,8,0.5006420072946582
23274357,5,0.8213527016404981
40072838,3,0.683152290789703
32995170,0,0.5037695340985401
6451229,3,0.35933479570351634
37810281,6,0.418958799806847
22234443,1,0.46496353415923725
2656900,8,0.574009519566966
6879991,2,0.5713549274107065
39071093,1,0.6721724730624512
5094697,6,0.5478742221189711
34306443,6,0.7149835728292636
2900084,0,0.9386970034509088
9793631,8,0.6524332643817087
4574296,3,0.8978471248667206
14504887,6,0.6317457629739107
15166186,5,0.6478345656301744
36456766,3,0.5128501732389156
888550,2,0.9861988067741915
32185442,3,0.7308611546203788
12557794,0,0.6478658854247348
17451473,8,0.3487572526094659
9294530,3,0.8349179551792544
15794038,6,0.3698912352705093
10924339,8,0.35730424997288296
7117443,0,0.7659230276578282
38150311,8,0.30544104614103856
20932840,1,0.5487357103727662
35098258,4,0.9063219552439878
36526319,0,0.37911190275299944
8387546,8,0.6511295447911616
29757126,0,0.40648126798479606
35921527,6,0.7490837679524932
18518038,6,0.8694335914229513
31198020,5,0.8390391553325989
39402445,7,0.7637507385656228
19354708,1,0.8889599205257103
19763848,5,0.6372637930853358
34886973,3,0.9417605986010384
20925224,3,0.45424029642491176
25365633,3,0.5874880134538216
2744687,3,0.8158820968395297
30203964,8,0.6403895538279121
19527463,8,0.47684707702980794
5570981,7,0.6612060675366483
1466732,7,0.5633294391879508
4644025,0,0.9999999999675333
24248970,6,0.3980222281146435
21849878,6,0.8046361216317032
19490542,8,0.677458512528781
35374660,4,0.7364055548831612
30916782,6,0.3197156966028282
33989262,7,0.6690125893630892
24991795,8,0.3901580898402288
24695878,7,0.5887114533474822
38007131,8,0.7868191574531014
30236122,3,0.6984117511595684
1654922,6,0.9928007318647196
23154105,6,0.45613500794844225
7278588,6,0.5701201186406352
12003010,6,0.6407453074149465
7365531,5,0.5666186756382344
27953895,3,0.46590766113013476
35509525,6,0.6437464679875525
21003069,1,0.43478421616489427
33382672,8,0.4411409796524899
33651043,3,0.4626298752693774
2878493,7,0.4784840716273344
31225489,3,0.6042260361577279
26977618,6,0.31667632270700175
16183401,6,0.5846362777948206
26945199,3,0.49437022939300923
26851328,6,0.7211873900816558
35641281,1,0.44223279542214367
18112036,0,0.6896882280157446
25302172,5,0.49062818214770904
24028749,8,0.4190742550279139
29741887,8,0.824841666519544
24196876,0,0.7720921949072574
35774902,4,0.5939491864778595
12990199,3,0.5750054656403584
4047735,6,0.3249265080986695
34174416,6,0.5752434222179434
4216489,0,0.9999999999769804
29019628,0,0.562578105063104
21029492,0,0.6130683088266072
35685496,8,0.7458826448116656
19195903,6,0.6740874941762826
37593961,5,0.3509763336860603
35380166,7,0.5126612294999845
19717108,7,0.6494931796115639
20976550,3,0.8824673732573456
25999821,4,0.4409642962779648
31864684,4,0.7151446496756587
3071462,7,0.4759986603414406
8456389,6,0.6935283308668425
31175451,0,0.45841805146757536
10725642,3,0.49230581231823356
1457757,8,0.4938486984343973
39116123,7,0.411522520717636
30794080,1,0.6053210422592842
26827391,6,0.3257027316541026
13409559,6,0.4980505607343504
25058767,0,0.38169887356273496
31328580,0,0.5028123741601231
39241346,4,0.6671319411420404
32836815,6,0.3868045607308432
17427966,0,0.30096749376157594
35074387,5,0.7484625378618489
9843741,0,0.6807984477919328
35842022,5,0.46954444499673526
30952474,5,0.5920979655362473
7197199,8,0.47684275034370205
34767215,0,0.45806829326607157
35911736,5,0.8666363901485571
13715876,6,0.43687675057174596
38024104,6,0.5073539612214975
1183643,6,0.4809922744017677
12566151,3,0.4375948484685995
36353016,2,0.9355364732606918
30720760,1,0.5093050211482489
19086314,6,0.3218278956371674
10922319,6,0.3557274194389611
17046073,6,0.8310079637423192
39708136,7,0.43112026217860294
14528379,6,0.7690416897863651
30429321,1,0.5530697041548462
1166503,6,0.6482129284801947
12658870,6,0.526939619145026
8734673,2,0.7459214665296744
19554900,1,0.5925474067572146
31306519,4,0.9024585390574182
29606432,2,0.3807705411806581
28843083,6,0.4378034908290495
21497126,6,0.8657557714047428
30525160,0,0.4222719020816614
19477264,5,0.4214695867842616
1517418,6,0.37562385290993894
36042508,5,0.7360532544092434
3379032,6,0.9999999999844791
3169099,3,0.6397543603286355
27201271,7,0.8314257407967282
38725032,4,0.5959350174379626
8348255,0,0.8154324079314968
10819192,6,0.24172564186125847
19069701,7,0.7083557247937302
22921751,3,0.5069534360397016
31538288,2,0.6517683444809013
25354904,6,0.2908753786550746
8071523,2,0.40098726797943185
33313401,0,0.3534078450250679
26051185,6,0.4097039392665462
20856893,7,0.3306676565698442
37427069,0,0.412655008134159
18969358,1,0.5418669911468866
17692948,3,0.39950236489906504
17323218,0,0.6686026308717787
4987383,3,0.36416688890621796
6621870,6,0.7776271361075225
4638693,2,0.616209546302379
33840492,6,0.37146376774935974
37747886,5,0.43787128762111305
31381789,7,0.4558728497515611
26549455,6,0.3888917434168232
24788711,8,0.9662624235150266
33474341,6,0.3710745784836496
2962571,6,0.7634019808978875
26381888,7,0.47995820561255675
1316068,5,0.7885456940365332
29104107,7,0.6478530334975922
29478997,6,0.7656395733859976
27648476,0,0.3634293384703709
20858991,3,0.35474542824849925
11854142,6,0.6456685268587917
15440115,6,0.6373125738658485
30620681,6,0.5718011134257343
21277064,1,0.4963599758935868
37475963,3,0.8278769265911988
39875609,1,0.629917459335133
31826814,7,0.7647523954705541
5120071,2,0.7125752306438722
39874309,6,0.3192889417555404
33883242,6,0.4884355104664382
6199666,6,0.45926816819211175
11385050,0,0.7520848188434427
12444942,6,0.28817726928837867
34701693,6,0.6173137791607711
13355778,1,0.635771644504032
22363566,5,0.5282697983595958
27095692,3,0.7702782426739632
27086004,7,0.6406525513479593
31034691,6,0.4715640453025064
33775269,6,0.4231411800242654
36356685,4,0.391778135642596
20091484,0,0.48707030378388394
24590405,8,0.6447490119491459
8754145,1,0.7466434163503542
22527108,0,0.22405403984314656
38943800,0,0.3122203573908575
2433616,6,0.33079258589360666
14595302,6,0.33572473648554085
30700150,3,0.5133431202595843
34009116,1,0.4124942197486904
18889658,3,0.3967469319604777
32918762,3,0.3267842260222734
35889238,6,0.639784268220181
8370966,0,0.744627278599202
29525047,6,0.6149831029363161
39770863,5,0.982661761275384
31301863,2,0.5485891792250421
27659490,1,0.8503615372308931
28479968,1,0.6908223931523796
31045908,8,0.2754474440805979
32448939,6,0.5847072284703673
29621532,6,0.32437618983402894
19902998,6,0.4372247951529644
26916827,0,0.836568721961376
37007465,1,0.8598615296276967
34168775,0,0.5769799204682896
38833362,4,0.988683631474087
4918425,0,0.7336349805369774
35155897,3,0.5044571563883037
31955603,6,0.28274421168592456
28356518,6,0.580457833098519
18825178,0,0.6359059482038948
4652893,6,0.7034261489911678
37082554,6,0.5169500594615516
39542635,8,0.6657720215363433
4239896,6,0.592439254406958
28804450,3,0.5823564141126305
17743083,8,0.7851295757608787
19600545,6,0.8819718111867283
19485969,6,0.41950432708511176
30559865,1,0.596638226649295
3012783,5,0.6941625161600438
16201655,4,0.44037437815038977
20308588,0,0.3840524488134532
19381932,8,0.5680524735030386
16350653,6,0.4859014548129078
28360182,3,0.6785902753412907
14265539,1,0.6290369765366716
28753396,1,0.8566966695464535
34449473,2,0.4565956936835834
33396256,6,0.310893865714687
26103113,5,0.8168224622365456
12080957,0,0.7848679108518084
34816098,4,0.6146516084968845
28511175,0,0.5786486480490136
28619452,6,0.3832258752853459
16824581,3,0.8161857166124449
22025260,1,0.6352767774444
6117868,8,0.6647073136710445
11350249,7,0.5473938942298454
36717603,4,0.4265898726755743
16839630,3,0.4831882372397518
33205437,1,0.3577600909249381
36171867,7,0.4625455883944778
32792008,0,0.656393602247709
26522997,0,0.5029017917054521
27939697,1,0.75614009443706
5424942,8,0.39816645125284394
21621463,1,0.7612460145326407
38048098,7,0.4987192718915741
27371972,1,0.6616840227613574
19622408,0,0.5712876502200498
16771391,6,0.4477985201920242
23678466,8,0.48217098504548744
22678143,0,0.6124657966863631
34168415,0,0.8972068420186482
37624186,7,0.48887059917677833
20014302,6,0.2670400715139059
35349920,6,0.5200399847469976
39248753,5,0.868208705621497
34966059,8,0.42658579514628364
21614181,0,0.5959112973767813
30679192,5,0.6090413938186652
36783700,6,0.5571292643136004
38526289,5,0.9999999999906476
30037941,4,0.9382451561166724
30464454,4,0.9999999999889538
34132368,4,0.4541301313626151
18090731,2,0.5576462401865568
38989667,5,0.8316145706462473
34597093,5,0.8399027871296113
26037977,8,0.4748663936103113
33443748,0,0.4126788555248335
38662656,8,0.33830842801906214
29120431,8,0.6826715178279008
30252693,7,0.44256067821695194
4467193,6,0.5381207465856856
27334949,7,0.2298584869106134
33306510,6,0.5685865741796297
21697867,8,0.44468347678682546
1739566,3,0.4077600398822644
30642950,7,0.8471008025694091
26111370,2,0.5971089343748168
16122128,2,0.7341778657590384
2083504,3,0.4143888499285536
36932491,8,0.3274025801671119
15535897,8,0.3604740134939218
18452707,6,0.36978530859488934
11078916,7,0.87751429793538
35032417,5,0.8451068039074218
34572330,7,0.4182358187401821
31873553,7,0.45430474468737536
5073903,7,0.5769092552832833
38644013,3,0.9965504535148987
30120924,7,0.3713887161823226
296270,6,0.34523714483039925
7983099,8,0.923402235512756
6783826,6,0.6959228009565922
2780904,0,0.6526655171949788
34489301,7,0.6127031546641173
9322284,1,0.685845367631907
32539611,3,0.4251200237268852
22927288,7,0.27801290285132796
22895618,0,0.41427456934211526
21875967,1,0.378014881297647
9216829,0,0.4529610735269861
11602579,6,0.6160611321733817
36731874,0,0.5981480721917345
30366142,5,0.4797761073984555
27477940,3,0.5071539206396626
9047349,6,0.37018362367860425
28642871,0,0.2588298105766087
14351854,6,0.4202312895736696
40064853,5,0.4883965893741232
29751403,4,0.6555852427093835
25761701,8,0.5627991849537544
9739407,7,0.33571655799900335
37686060,1,0.8662488230366259
15957071,6,0.6277379920165498
30280206,2,0.32655728144536145
38208137,8,0.5471723385526932
10885984,6,0.5758044509295069
24651723,7,0.5036655184084432
31883073,6,0.7149987946951378
26442790,4,0.6855739987205189
21443690,6,0.5684583143085467
39939627,5,0.6787562079515038
27770300,1,0.4438830269628073
17529541,8,0.3851539775451669
8809881,6,0.43136049706009316
25968752,7,0.8045055599306418
30176184,8,0.399162486995957
18895110,6,0.8431690026290148
4499129,7,0.4019649702145733
16301356,6,0.9037377307865403
36007937,7,0.49505483804226513
21781782,7,0.8208895071645191
33525073,3,0.3999052508803479
25171995,0,0.45687511211634174
33124464,2,0.38521431307908616
38043717,3,0.8792916781544404
15749591,0,0.7334718687883152
31444374,6,0.32314212708887896
13832562,6,0.3474978401293288
38069160,6,0.7303540490556232
32616182,1,0.4390192816690481
10747873,0,0.8763793308663458
15240357,4,0.4764560699162199
3680262,5,0.5870913956616476
16903368,8,0.7258016555611172
16312822,3,0.8337135312616035
37557052,6,0.7639222934082206
9818688,6,0.6973233474816541
28429745,3,0.6042046363914333
33832370,6,0.47604576746097266
4641877,6,0.6530234227258684
7477864,0,0.41897180731132705
7985696,0,0.7910386247501573
30643987,1,0.7489483442490222
36062041,8,0.7283446749580368
24846671,6,0.7148062359083313
20228227,3,0.634256437850628
30573618,6,0.5350119254823491
18383970,3,0.8399519298109879
15878012,3,0.38709225824122506
35769095,8,0.2979083861016105
36428505,8,0.7054855692052783
5050110,7,0.3665658051564662
6838130,8,0.6275689726502972
28838129,4,0.965609828929318
24041885,0,0.7191246349940877
30645276,4,0.7909254718938
30941350,5,0.6941991341944441
21526351,7,0.4151455372709976
21551154,4,0.4762481198064657
15037690,6,0.35822743229800225
33537917,1,0.5914686180788931
21440816,6,0.5445687934451616
36287701,0,0.5307957941537876
15417415,6,0.4729874894538136
19485728,3,0.49512133786389395
39453015,6,0.3812885728951589
33381807,3,0.535605220781773
4341746,6,0.3414195580725209
39936200,8,0.529014541297163
23751870,7,0.7371986734126398
35215754,3,0.78585361437985
32106500,3,0.4724661358902026
17393343,4,0.3245834618633624
2083353,3,0.35612027550549963
35839043,3,0.6939751402209327
26375381,0,0.4604013056657681
23163508,4,0.689060461164922
34366763,0,0.5884988027585933
18908204,4,0.6668574002344737
15055029,6,0.44229376075983934
31152301,1,0.8725639120535993
33879279,6,0.5584488880512027
30628442,0,0.4238684218278017
36572960,4,0.923692702911771
33302984,6,0.7266773114912057
19514353,3,0.25521444261916315
8069859,7,0.7745390667937705
5395853,6,0.6727573938946217
23634356,7,0.531630537052203
28507637,2,0.28469482482503694
19060144,5,0.871921400068713
26388226,0,0.5655237874391763
17583247,7,0.3525238474428804
39792591,6,0.8302404266171698
20063844,2,0.28715549654515077
26618333,4,0.37240540321182974
30752198,6,0.663037400314272
13416294,8,0.7448292487034622
34417154,6,0.2802983131613076
26752020,7,0.901356576361573
2753022,8,0.4141587999563883
29359564,5,0.3962819353450901
17473938,6,0.596866987546183
8409306,7,0.24791018467163162
1325518,1,0.30483518620522987
17768515,7,0.6158161412790195
30224991,7,0.5060000221405665
35993647,7,0.6208500280475561
24088825,2,0.48320303176431256
21223898,5,0.4272747933207453
33683184,6,0.6927801005685789
20316299,0,0.813982610629024
15154658,6,0.3072438026061056
33136727,8,0.3855363159368593
29290277,0,0.42582263948875826
10709144,6,0.6964058901631145
31303026,0,0.9594764732520396
25332555,6,0.7368261052137681
24285325,0,0.5717006835185895
29372643,5,0.7367596321297261
30614996,8,0.44152899502081766
15484443,0,0.3131257665615215
29378090,6,0.48760373153221614
6716934,6,0.5413420916637267
18281767,0,0.3224393319270477
31836211,0,0.5531654932441473
29487282,8,0.3700645041321032
14400993,6,0.4820788116533725
20910616,6,0.6357377890835909
18047232,4,0.5810459627396787
34178840,0,0.48184770424309437
13649316,3,0.8935664584987459
33068690,0,0.40137340305294456
24646139,4,0.6560271734467543
30070358,3,0.6344102773212489
14855014,6,0.44050309743262495
40060461,0,0.3294930721245243
34839146,7,0.2969287421064376
3852190,6,0.3594938652504291
27439431,8,0.47179096159191714
39131559,4,0.26649542304025764
15623738,8,0.35958067971409036
17625431,7,0.8677036177267049
5312487,7,0.8106653250446196
11360744,3,0.672916006802538
7380629,0,0.7143342220819989
38786936,4,0.5999162205498962
18749121,8,0.35195575462859024
35388647,5,0.34413301270621516
7138076,6,0.694294761552457
3194018,6,0.6365998349550909
21714285,6,0.432450820704831
37859823,1,0.45942863694721453
38040946,0,0.737895924085377
21474964,5,0.4943168539040376
32578083,6,0.7029679290175124
31165588,6,0.4366511421405447
32909787,4,0.9217289696918363
24932245,1,0.5299572747802606
37608830,3,0.44434881822088507
39358958,5,0.7043108328442296
26146512,0,0.9574578682383561
22362736,0,0.9999999999733499
9071438,2,0.8105659127098932
36530293,4,0.7494945392435258
22165610,8,0.513837912984648
1585439,7,0.44943625584813274
19336385,0,0.666444857090748
14194997,6,0.33291384244021377
5094351,8,0.7864300528682925
39785543,0,0.8511174884041087
30450646,7,0.5579003225509415
36233330,0,0.9999999999712184
30419488,6,0.2438829172642558
17147446,7,0.2902995815565197
22854904,7,0.3606779205616331
30852243,7,0.3105542143372737
27180336,6,0.45544759080294633
1397799,7,0.444567382397589
21212287,8,0.37985949610449354
31032509,8,0.5685978867941713
27029725,8,0.5698718495420755
26823026,8,0.5973023918137503
25598942,0,0.9999999999621055
37808567,0,0.677704727806124
39804652,6,0.606999262345978
2450593,6,0.33574566866715405
22730956,0,0.4454070871596706
29615870,1,0.41852985248616487
23180879,3,0.8734487516604189
27638005,3,0.3676955961149555
26047801,0,0.333406870843392
636485,6,0.7775018663416099
21573941,5,0.5167369126729578
9882447,1,0.5107828710790663
31134191,7,0.5248882839884259
18476715,2,0.832771224384024
37316356,6,0.8336332044086593
10251391,6,0.32971527969894415
39296927,6,0.39802531675627123
22885022,0,0.5754537714462827
27380644,0,0.9999999999702327
2522255,6,0.7944465215544041
19827792,5,0.9428521941711295
18354534,7,0.5203404407276793
16034940,3,0.7490172027672796
36412006,5,0.719040232002299
35978211,8,0.4115214199650151
36365026,6,0.6146280447774588
27456890,8,0.8941936960701932
39128380,6,0.4963825933995791
2799491,5,0.602838101200899
11159289,6,0.375242718636958
33534879,8,0.31321455494168077
31424202,7,0.47260717727549606
39784326,0,0.361993872270363
2358896,6,0.5197392647008292
13956055,6,0.5827961759583895
4065061,1,0.4337722809940163
21571693,7,0.7655898208795876
19611387,2,0.5797208729977529
30854465,6,0.4550137289224911
39318232,5,0.9999999999893204
23395065,2,0.6817171177966037
15401526,0,0.37241649097859875
17455302,1,0.38541403038253935
33856436,5,0.8522840100435779
14371331,5,0.6227208362766955
32792263,4,0.9190771381235169
27184015,7,0.7476465634925027
30605890,6,0.3829950153618203
36114619,4,0.9179726611504639
24417149,8,0.6804150987922694
3441358,0,0.3946651668415777
22501006,0,0.8388980848450214
39529655,6,0.5253635707868896
6087388,6,0.572300295132054
33099588,6,0.45991555275390833
27368950,4,0.46245916189762415
37058388,8,0.709516670053989
29105310,7,0.6768866946370309
15889335,3,0.4494636809637186
24290219,2,0.8858836223503
2951123,6,0.3883739969606877
31947756,8,0.4012714108932133
3183617,6,0.6960564364299329
39832861,3,0.36035553529530445
39127388,0,0.4958662688323856
37454785,4,0.5335082475908387
23790415,4,0.9588868183809325
8707457,6,0.28191359282560047
39975898,5,0.6699329867959517
36526789,6,0.40944660676275724
19138609,2,0.44866484044372384
35276340,0,0.650492409537681
31841151,6,0.6096814398891506
21339448,5,0.41810604512072247
3964926,0,0.42114725108564877
36462828,4,0.8185946387568641
12234998,6,0.6053999439474075
33321207,0,0.44008623979213485
34532993,0,0.3507149180070766
29357442,5,0.5808292196547391
29934246,5,0.47521716483828913
37205243,6,0.5956182322895146
12719205,0,0.37909814396011937
39335766,0,0.8008324834407654
15304308,3,0.5301776701573161
17844405,6,0.46127599521360263
37512271,4,0.9999999999881286
2808832,3,0.34740074732196385
40118041,6,0.7131539698042891
18622798,6,0.31341756441913754
36826156,0,0.9685185651801563
37397867,3,0.7209131245229999
30953104,7,0.4111477558703678
25080418,8,0.4970075977667325
27577590,7,0.4142350032634103
28006960,6,0.4795161074355853
31325707,4,0.4290436096133886
17824607,8,0.44784773614351986
35964324,6,0.5074084493587682
34062266,7,0.4777538628010189
10943589,7,0.36995709764411633
8646293,0,0.7883567714008889
33103014,0,0.6927917118918531
39047695,7,0.3756997077222141
25798843,5,0.8084918210382743
29450567,8,0.5528136313246753
20394667,7,0.4869396207241148
34849328,2,0.5084177446980822
37531032,0,0.48936051701210814
25483349,6,0.47991500127018843
11802436,0,0.9489392060804369
33977673,4,0.7142264424179007
39666392,5,0.6420324003522793
5297937,6,0.6047704266444787
28522106,6,0.41721984072116924
31943169,5,0.8106360687362444
22426374,3,0.829343257332417
18570619,7,0.25443398240016246
24842305,8,0.48943849674393014
15340781,5,0.8844740553498112
25282661,6,0.8003363693541546
39906837,3,0.8273424364786287
27063289,0,0.5344950756619886
8783307,8,0.4275438038689296
24142119,8,0.3990369414723208
38517765,8,0.3725060017752811
28701256,7,0.31492473424593737
34411061,4,0.3810143717810646
16344974,2,0.8913092364750675
27695892,0,0.3061190477248034
27895503,4,0.8242603380719618
10590840,6,0.6564669337149991
13752070,6,0.885814043595167
39514004,6,0.7128491679282133
31623005,3,0.3898107395891812
32922239,2,0.9666164123920198
12680006,5,0.7233294127867513
16892486,8,0.3900880055296237
38659842,0,0.37320542304109816
31003968,6,0.28784534760671093
21607025,4,0.6475551895359098
37235310,8,0.5628627149707017
3918700,6,0.4517230564850671
9433573,3,0.7631760276347574
39378363,5,0.46139072057172453
38626017,2,0.4899723597077492
38021656,4,0.7112896820298056
32731140,1,0.20042800437079814
1265665,0,0.49075019997026725
36002457,0,0.6036572183337263
32386268,4,0.9456949170249712
33777703,0,0.6412329567242835
20394613,6,0.5826941216496764
5000752,0,0.395480136970792
28514801,8,0.6836972807590967
25360700,0,0.6358460549064721
4621938,0,0.45318266297117243
29214770,4,0.5716310808550044
35380641,8,0.49000163283311937
25005616,7,0.719720224010859
2017261,3,0.6407114374816936
6402753,8,0.7021623381599857
39209863,3,0.6105811888894576
29333020,7,0.691704306893875
6080477,8,0.569899096601973
32030387,5,0.29707531246637037
25962692,2,0.7403242011028489
5543920,6,0.5852148379564261
34567764,5,0.2577334898863141
36292959,4,0.901054576767508
18172257,0,0.5710402708754843
20503373,6,0.522993961450457
8762339,5,0.7541491822823371
13781519,0,0.47958436441355273
24920350,0,0.49499469383601274
30832536,7,0.9999999999876487
2143291,3,0.7822307900284445
18935877,6,0.6625086841231671
21020644,7,0.3533728839441283
37195921,5,0.39499807107143214
5268850,5,0.3869810453167983
38005555,7,0.31279887984374355
7551268,6,0.45549416443446167
21001041,4,0.8391531598829378
20278109,5,0.40978121589004435
36461324,6,0.5599533829601867
40049371,3,0.3010325616131163
12335358,0,0.5908239466674
17792712,0,0.34166028320348385
35647421,2,0.639497889429078
38234003,4,0.886522641096039
38068669,0,0.6097098188807548
32723061,8,0.7398851379651573
7096138,8,0.6439387295272125
30554687,7,0.26949643517558464
35532844,4,0.5943971355607762
39289050,5,0.30970955084709323
21976024,6,0.5076240533509296
27434855,3,0.7599660726066505
30488061,3,0.5890429361434961
10650016,6,0.6132294385562509
35811031,3,0.4315908226130923
12186994,6,0.6088791799083155
2651874,6,0.9573873230381198
28788166,0,0.7053256257202668
28013170,0,0.4045232476424312
12301800,6,0.5525906768183528
27767672,2,0.274825181180908
16446443,5,0.6251858129355364
26326474,0,0.9999999999812647
2462725,1,0.5075046909893581
32428836,6,0.4573058256475019
37784414,0,0.44352891487239876
19434302,6,0.4860147690483592
38318340,0,0.6842774898110829
35323072,1,0.604149783607009
4371744,0,0.579469585931695
4685253,6,0.5698691799211402
25589135,8,0.49157921335825805
24863787,3,0.6519783635168063
11241523,6,0.47449365432283314
25896629,6,0.5417955561934581
27531563,3,0.7046970179010057
32799541,4,0.46232551193376537
37195717,6,0.7421256039296446
26904007,2,0.5290322723162558
34481448,6,0.5504386630294984
38394751,0,0.8663483959608271
12163967,8,0.5090286763068116
19646042,7,0.43807154932049813
32896387,4,0.49973112494223126
28254733,6,0.5295987567281084
39231282,5,0.7437298751384603
27744210,6,0.37392042516233454
15166212,3,0.6672286325598756
22158871,6,0.39486411427527585
22598816,0,0.48879561947273104
19718146,6,0.8962401963692922
28405010,8,0.3324776067221915
1682567,0,0.8702673569470734
19491295,0,0.5269336675762956
27911306,6,0.9999999999765239
16467844,6,0.8202682649687925
8960676,0,0.9999999999801067
37287299,6,0.4160797834310004
14985133,3,0.40397981123541404
8177402,1,0.8789384091615824
34955318,4,0.48715843100155765
95642,6,0.46626525651379946
33366221,8,0.38370689680286724
22000086,5,0.5411659522079618
34188248,5,0.7556351487222844
29994589,7,0.4534711198418919
35156353,3,0.4484417693274069
21490504,0,0.8629923507476088
35830675,0,0.3306684114436877
39433191,0,0.8680346245989274
27607366,3,0.489602698955888
5878830,2,0.5207396883927523
28289978,6,0.7219848539003395
25675640,3,0.8787371128894681
35853661,0,0.6100377383103446
13636458,6,0.5740260904887482
3428014,5,0.742332642163872
28014735,5,0.6102770928448401
31400769,5,0.930605084971227
16248104,8,0.4176257511865273
25064353,6,0.5881440993871304
37400078,3,0.3519540701881702
32585153,2,0.29565271256247716
33463635,4,0.8186181713079397
21486261,3,0.44240771054601036
10279778,5,0.8832943252326454
33465118,6,0.532168632677204
31373019,7,0.6964275603173893
37389174,6,0.7578764318255397
37266065,6,0.3492475029697717
35782251,5,0.829374925243363
31117393,3,0.7098367810218313
18700661,6,0.6092941627643014
20845835,2,0.33933805533168243
37132810,4,0.395551808195447
38687134,6,0.8954617704240008
18024962,6,0.761930910103611
11559062,0,0.6437527398236391
35172692,8,0.6192795486013589
12598988,0,0.5377108311577425
20810705,0,0.4597712127937567
25828492,7,0.3921229296604977
11412132,3,0.30612267811659116
27489463,6,0.9999999999767365
22348229,5,0.6923576448188473
9480419,0,0.6169368117400839
22550304,6,0.3233403016678902
38153772,2,0.9883706407940307
38793579,6,0.45709920612793753
5787471,8,0.5383839005817511
18572601,0,0.5757215531029611
23633605,3,0.8359163394657262
32032426,6,0.5122745365338851
23424515,1,0.6376768919763944
34262734,0,0.4178261165920635
38068880,6,0.3536367484929209
36598728,8,0.7484949587001825
24792499,4,0.44509873632437225
15395610,6,0.6101819320823572
34094468,0,0.3728765609087067
18998568,7,0.7283641074903106
1332853,6,0.8945005053779786
38174216,7,0.3910375851945765
16124630,6,0.7644645937068809
28075472,2,0.6308753312225894
34124388,5,0.9086544937504603
7173872,6,0.9029297111533388
39087245,0,0.9999999999764404
8015867,0,0.6561030219092716
26476218,0,0.9999999999730429
12188648,6,0.4271212378921487
7361078,0,0.6383624311653565
18467244,6,0.41912954289830257
3034014,0,0.7557209430033057
2467013,3,0.4765305735032457
7727087,0,0.4315344738213037
13092807,5,0.577951706284061
38019688,4,0.3315326743719653
38256369,4,0.6933820634707387
19524383,5,0.7202195366899662
9886150,6,0.39344671163145284
19625101,8,0.7815830172183083
28778340,0,0.9576734520883979
16474522,0,0.31476041466905225
564460,6,0.6903242816542555
28661207,6,0.6061325999761454
38410777,6,0.6722106821065745
35606088,0,0.545535509655108
18238610,8,0.38042875600486525
38188359,8,0.3797586651358756
31487034,6,0.31658051874729254
35259305,3,0.5430576376767818
36339679,4,0.9228015037772005
2036392,2,0.30994477148954314
13658806,4,0.34194662176795937
36944089,1,0.6262264489799239
36421919,8,0.4283671151249138
22561458,0,0.9628468248628701
20382946,7,0.7264972163074715
34682174,0,0.4927037861238527
34262083,6,0.2996710568171014
37206015,7,0.5088068575063841
21535376,6,0.9940431682292095
30069564,6,0.653034146371932
28532913,6,0.7515732858933514
31117431,6,0.6478028748277629
15059007,3,0.8240680299991557
21346725,3,0.827144675775467
33745936,4,0.5594521174197674
35922844,1,0.42504730390733303
23460652,6,0.3852357905375829
21767552,6,0.480436315021859
37400738,8,0.7433501621917648
32417242,6,0.3467955250389199
19365513,4,0.9775835336366959
22674922,6,0.5267198812425008
2956904,6,0.6048179456548144
31223529,7,0.7228745422633271
38066515,6,0.5208967038536633
18298044,6,0.39925820385753297
20503183,1,0.5028892772845835
4002015,8,0.466948220149777
37351418,0,0.5561618373355941
22371375,0,0.9748135285851517
36854067,0,0.8784259113612294
6713430,6,0.6385751768120016
20730950,0,0.999999999975728
21865900,7,0.40687812866199274
35184151,5,0.595301374679214
1800508,7,0.33411013471148326
19351045,7,0.42627037279374114
15819362,0,0.7143024978753718
37845617,4,0.6150372338335518
38256609,3,0.8403663893620726
33543259,3,0.8152457648888195
5886987,0,0.4960639119518937
36530007,6,0.3412714470860644
31291611,2,0.9368321429687881
3830530,0,0.48026780760317567
10860685,6,0.3148330805957293
32217017,4,0.48598755910714925
24079645,7,0.6599264860567383
3134245,6,0.43271956861951255
25989806,5,0.3508735726988434
35978815,7,0.3478733462369515
39905256,6,0.3752074434499656
32539645,6,0.5925486988221573
14104713,0,0.5136838325674847
15101740,6,0.671732359830961
30903522,5,0.6222527650657953
15841910,3,0.5623566562024858
28855928,5,0.6322527149905015
39709197,0,0.9999999999746839
15855168,6,0.644642671782785
2610421,6,0.5080270135350778
22232932,1,0.3299262215089475
37051574,7,0.48714011300635324
26123416,7,0.6436167014571386
32171448,0,0.4688056114633242
31266687,8,0.3109877157009833
25494668,5,0.7865360517989254
30482517,6,0.416948645867502
20555610,3,0.37508847465684814
3173320,6,0.40560695970850014
22309315,0,0.9999999999751706
19502503,8,0.5931372294385541
13333348,0,0.4482004342719797
29640517,8,0.8113806869016085
20715978,0,0.4291371123872138
25832568,1,0.5428253113014597
39627787,5,0.6201220128763717
39875057,7,0.6297099162241993
30743314,8,0.4944590568971485
37253657,0,0.31954525942119216
22199099,0,0.9679042852117256
10113270,1,0.6875199374934118
6791159,5,0.7251513827392975
3892218,0,0.34760439242154373
28064747,0,0.7072749660130482
30272591,6,0.28912822112410436
17452065,0,0.681505492079922
36087488,6,0.8365758808844647
29462260,0,0.32945026092243807
1030070,6,0.36522035169245776
33698318,1,0.600946206742047
14059969,6,0.38408305462372616
27517940,3,0.7124039020198102
10312204,6,0.5669863379617562
33445750,6,0.815078285827791
36289418,8,0.2981739065450954
9685423,0,0.6014227766708827
9810116,7,0.5050451367539361
21992176,6,0.38332787501669674
16698811,5,0.40119121100894145
24843768,8,0.6195766429104118
30790193,5,0.9999999999907327
9519036,6,0.4626781839084819
37730843,4,0.5745961556828246
27080942,7,0.41776295346847747
25762760,1,0.5919135939553319
34231018,2,0.3992455725979986
26688775,1,0.5779498974257445
38925115,7,0.4652638411954006
35000251,5,0.9343282947036272
9135447,8,0.5439761255702409
37745600,1,0.722663112213083
4792847,6,0.6980684777818469
30154647,6,0.9333540518036622
11282134,2,0.5366039370760499
20932810,7,0.3772480647648504
26896722,2,0.33958886386292764
30024243,8,0.62326519922358
26005126,6,0.49799962342836884
35374333,6,0.43385733543009747
25101489,8,0.7284884721062532
33945863,0,0.5981983373837864
30636199,7,0.45694374808217153
30724071,0,0.9146822944641841
26101633,3,0.3525971550096611
15053160,0,0.6955472405720421
29579912,1,0.43124204404725897
11859234,8,0.6626924912725806
11336056,0,0.3933750199315195
29800675,6,0.3218259097935787
25232022,6,0.5676438024181761
10524871,6,0.43175158850159173
37265278,0,0.9167425044624111
29100380,4,0.6092455183962852
22332571,6,0.4938371415009829
18695533,5,0.8371831469118576
23867136,7,0.8056180752618347
39238847,2,0.34390714524546523
36285654,4,0.38832323630395726
36941954,7,0.4003719094653001
28444511,4,0.9999999999842522
33904713,6,0.38355118804673144
22348756,5,0.7625029429606468
32470568,8,0.45709703217249165
36335968,5,0.715438178762502
4817200,6,0.48147090475818616
40126979,4,0.37763650200069715
7688182,5,0.454351682895766
9549084,0,0.44685311979077935
22846719,3,0.4544909474597714
10825734,7,0.3877993185349137
12316575,7,0.3459938143136738
10554699,6,0.5828698114042348
21301684,6,0.5776638238730399
30633143,3,0.7303685366683568
26923752,6,0.47850823247836993
17135275,7,0.5717175157761413
6687660,6,0.5521956803534925
20749730,6,0.45672811194962165
40136945,8,0.33656460900571966
3772495,2,0.616664143871542
38876721,6,0.5142813542471782
36627868,0,0.8885186425348354
23358240,6,0.214286431332342
2204252,6,0.564055230552831
6199657,5,0.436671839945827
18429547,0,0.7379123179729138
28269123,5,0.44445759618606473
36315309,6,0.4227883140927685
38557760,5,0.3112690156065982
40024294,4,0.6407764041131512
24611217,6,0.4300506659339702
4422389,7,0.728504441792282
24877905,7,0.43595641989296224
26402614,2,0.3330017757738917
35069283,6,0.6344131368123828
9172263,6,0.4418719893524075
14557597,8,0.31102740495188785
34517331,6,0.4592824482259205
6722162,3,0.8745420457316018
39471954,5,0.8865722396248591
32531150,5,0.3723070438035921
23513209,8,0.8660749785646384
33470771,8,0.44401932214707407
19914293,8,0.3406832389035395
35637516,6,0.7011895873090799
32638677,2,0.6144627404987172
35747769,6,0.46565369305160964
33832184,8,0.9559261944471247
28049092,5,0.5683537622684388
22438579,6,0.2445750169799417
2712514,6,0.8011730166977353
28422819,5,0.6439419543736961
18751945,6,0.8110641117662044
35634193,7,0.6843846441630846
22166414,8,0.5549994169272008
35388467,8,0.35545498868665826
14554178,0,0.8307193871330755
11561258,1,0.6992154292366767
22947689,1,0.3985925452712107
29595508,4,0.9345556430657435
27882920,0,0.2965817098820937
32076636,8,0.4398828426376089
38999713,3,0.5741420762876751
24266273,3,0.6644392846244076
18155972,5,0.8002010348896942
14562112,0,0.3822545229817953
38884644,5,0.8541821378551517
21322568,8,0.38424421019018257
29042949,8,0.45451846769841886
28857520,1,0.3822552029264268
17232246,5,0.3939699146801775
34865765,5,0.835915063919672
862173,8,0.42362397364695414
35423750,8,0.5171293206105045
32273587,0,0.5588222256879509
20395691,2,0.8935790454500108
28311358,1,0.4714165322581028
15603755,6,0.5257254110999594
36074091,2,0.7018384130751582
3839426,6,0.600611823524641
39409170,7,0.5117204738482184
23122362,3,0.3499557678002028
3936957,0,0.4110234673430887
17241211,0,0.46394539935433315
17936384,1,0.5318125818725773
11106483,3,0.7802112641228309
21028819,4,0.8745304386660427
10758668,5,0.34070260197237856
21404885,6,0.5120198341028536
33728792,6,0.6649841832457756
15798209,4,0.8678562800857492
25289887,6,0.6070737834699484
15419912,6,0.5270111792533013
37426055,1,0.7347168052796962
3292752,3,0.22809748647585018
32335210,7,0.34720718932458133
16072548,7,0.4945932770931788
35575055,6,0.6557369157488293
18409760,6,0.39062335420648014
18196811,4,0.7662693686080296
25095920,6,0.3257800498587093
32938494,6,0.3908044587856849
32724828,6,0.304049652005724
3345530,8,0.557063292564086
5470985,6,0.2902180198876259
14947165,6,0.3745139792999437
13752988,5,0.4150217846956967
29452228,8,0.4092361850105794
36678063,6,0.5442418365605773
7963316,6,0.6066139705376229
10894532,3,0.3323769236548256
32751193,3,0.6746250868927585
23834390,6,0.45529753146524543
30669337,1,0.5127060859904672
11842490,7,0.9116617863320997
38363640,0,0.3774934613564517
29908066,3,0.6909921512421617
29172029,6,0.6546730679734101
39885520,0,0.44934145776674256
34930745,0,0.6534213121518286
16779648,8,0.5237364762422353
36130820,0,0.6829155976502708
23172293,0,0.6561113523669633
38892192,0,0.3360394491285084
37598507,2,0.5905292836438484
26061814,6,0.5466434779226415
9084455,7,0.5005844648817472
12366607,5,0.6786483023475636
14804908,0,0.8724249421506078
37946458,6,0.4018042082728487
38400732,5,0.4869886919077582
1916009,6,0.39401670155894775
7990235,0,0.6223379416660718
33334606,7,0.6881815993652847
21127880,7,0.4439207194314489
38600173,6,0.9418719349162976
8945370,8,0.7796312157995804
26216773,7,0.4611251441438326
36607540,7,0.5742852704609903
28692542,3,0.371653985712345
21338635,2,0.9474908531294907
33767122,5,0.4636653853196857
17156911,6,0.3116245333639316
32929725,5,0.6529608078628717
2920793,8,0.46147321015205706
7046842,3,0.6753035192577307
33017452,4,0.7526421632896654
35125752,6,0.6094594031392261
19643993,3,0.7047086600865795
13246694,1,0.5997749971308237
35546994,0,0.552296502690216
31364140,6,0.329385193665204
38387733,7,0.5290734968752047
16086821,3,0.4497643280641576
8472282,6,0.6818688880076738
28801216,1,0.43006810562132375
13057742,6,0.44165710391240026
12884638,2,0.44691988313906217
11550435,5,0.4952880481470773
30155345,6,0.4579624813729737
31774230,3,0.8551395907074818
12783422,0,0.3879515150071297
37228319,8,0.22350832244833663
34531416,4,0.738975322137351
37217773,3,0.702161047120255
28847824,8,0.5643051139546447
9343180,7,0.6967577375783647
20936693,1,0.4693444261140243
29368331,3,0.8815738748064551
10394659,4,0.5137975768534762
36713290,6,0.897115742912702
26019085,6,0.37305978709329723
33742583,1,0.6332164459697314
37667046,6,0.3586116530896443
39982981,6,0.9025939327181958
32471390,0,0.46235572921535467
7919544,0,0.41354788190988706
34116081,0,0.6767148344373559
26842899,1,0.6081959070561922
33843812,8,0.313159054213041
39357863,8,0.7897039451525818
35630305,5,0.6057922806686417
36972714,5,0.4722246671223421
24897906,7,0.5328146309725889
39186169,3,0.4632707074990093
35950231,1,0.4054561855349887
32725922,8,0.5281127393539721
9685068,4,0.43840890452989045
30726029,0,0.6194957626382644
38643131,8,0.3827902606364038
22338927,3,0.7437453880680457
11483509,2,0.44516819919531764
38943625,8,0.6704294475311542
24337416,1,0.794384590285018
8030721,8,0.521293293650613
12764463,6,0.36515996028178743
18512981,0,0.5192176130309022
32509815,2,0.995046748827945
39701507,2,0.3692817446955319
27568663,2,0.33248304608663726
16613751,8,0.6647634895687663
33765191,6,0.4245346314729413
27194933,8,0.7093502942692328
36095910,6,0.9940745168305065
30255112,8,0.5691223651587449
37538116,0,0.6627695456963142
39391007,0,0.5464059259864625
30248469,6,0.40980374396129304
14941097,4,0.7667879864339423
7592592,0,0.8642638421211782
11267446,6,0.33485159406617715
35090103,7,0.789813162318852
10640759,5,0.8523058769292122
27311199,2,0.5638615419010389
27025389,7,0.5211703384103702
22499057,7,0.43846415712405656
20843135,6,0.41768133282021574
27055218,8,0.25366266217332584
9433283,0,0.8470919885087449
34479794,5,0.8111741130538372
21448794,0,0.6476882632620734
14816700,6,0.62629871671692
5251066,6,0.30800559216313933
27027247,0,0.5183652884725639
34793998,6,0.5784132659621146
5559349,0,0.6714861687737929
32296887,0,0.8991030237621207
10184048,3,0.7722654372225674
39865329,7,0.9013587073890297
16039940,6,0.31066728062623
32104462,3,0.6712122824701562
37866575,8,0.6159006620269691
32266039,1,0.3497646628923677
36894986,0,0.865915513114208
17680544,7,0.4662513045921814
17429159,2,0.4771575540003089
9738518,6,0.34064526606507756
7527413,7,0.5975627401586009
34687313,6,0.40614243048269766
22150395,6,0.9326314378361737
27872058,0,0.6234052067259799
9381612,6,0.3959894727172137
16733109,4,0.505400775734097
39372340,5,0.41030704336114393
34976515,8,0.7501916950637496
39073067,7,0.47867230110417275
18755466,1,0.6375693800441703
12402982,0,0.555761983125177
27019740,8,0.35746326704590636
29062616,8,0.29894696654440733
34401121,6,0.2828216515664009
31606420,7,0.3265408463985914
3625897,3,0.5225392288145384
36535673,5,0.6931881871640743
20726367,7,0.5401495092425062
28004974,0,0.43435467996520216
14789930,0,0.32599213088193046
35215095,1,0.4837717225964108
27129880,7,0.8382379244351701
652291,0,0.7198999188817952
21472772,6,0.5318307607883903
1609775,6,0.4406757634919357
15980548,8,0.5550811738517604
18066269,4,0.46418670948742985
12250475,4,0.7065052287425845
38025003,8,0.33739495862802354
9781944,6,0.6003868561809287
38647250,4,0.3804165804799568
39478853,4,0.7902470949953696
28810066,7,0.7567258029688589
3525952,0,0.5924246148017135
22894897,2,0.8095164393635129
16010992,6,0.5690338011465931
19694920,7,0.5746485745842824
23999524,5,0.8968139760187338
28192838,7,0.4428923278619617
31893638,8,0.8003292627830381
23142719,3,0.5455953044650934
22234190,8,0.6461219430642323
16515314,6,0.328865746526755
32521007,2,0.5091113578914475
36573019,6,0.39713007399188005
18753091,3,0.8150207644667524
19413332,3,0.49620573484067215
26658130,7,0.7571856113085617
21954603,5,0.42815246604704066
36662181,0,0.38326379879911776
23684323,6,0.5441812547175757
34261244,0,0.4885310921987763
18108462,3,0.7844572594484313
27925447,4,0.8464637150716218
35070840,6,0.801692331031746
38754163,4,0.5513745066870023
24638507,0,0.49954910623070103
30116105,7,0.7254626495027541
7698217,6,0.28470779058278867
10964721,3,0.7057684341952045
18612741,3,0.6617965227336873
36344853,5,0.9096251956163641
30677413,6,0.506064400107221
9950939,0,0.6695286680254537
34622353,6,0.4072488899109634
36255642,3,0.44148244855654234
29489892,4,0.6853758145286283
36701711,8,0.575370711272681
34822373,0,0.5384697437416375
5162130,0,0.7059425825720405
37284158,0,0.974808269332055
990016,3,0.44980155126116944
2770810,2,0.8910142616664105
39962277,0,0.5429544061141303
34659109,0,0.7273664436489977
16203874,0,0.6252245292817933
22633139,6,0.3815786221520852
19436365,4,0.9788001495685202
18164415,6,0.28374996892596055
5744977,6,0.9028170504667724
35048921,6,0.4843210988858768
18967518,0,0.7685017334857105
6931880,6,0.4726949918066931
28816496,3,0.86943747549026
16534246,6,0.48009522338027577
12698843,6,0.6395738174149235
12876172,1,0.6366119065931155
35990541,6,0.42986028404602217
29248280,4,0.8046784982922376
23925766,0,0.5411861710866719
16455636,7,0.39206679789100063
4965342,0,0.485094533443228
11853725,2,0.2879771871708896
33203620,4,0.3398147806346402
18807743,0,0.6550304394980125
17427565,3,0.7863030683561401
30965974,2,0.8898711380356746
22447572,6,0.8835554198545718
24354311,7,0.410968616062699
35686058,0,0.5900020275850361
18172653,5,0.7101395621030894
27581683,0,0.3326668958387876
16800375,2,0.9999999999922583
11162798,6,0.5277088912087617
33399106,5,0.42756473952760415
12357043,7,0.3210726408084437
3848829,0,0.4061710495997693
20561778,7,0.5320965932922767
30068995,7,0.26346484563839795
27128688,5,0.4259880815398096
4907924,2,0.7593380540605709
37307421,5,0.5087513050700638
912526,0,0.6224985835344875
9520873,6,0.8101758831855119
31017823,1,0.44716211501406306
27769722,0,0.4176889243576885
39604672,6,0.5222610314607796
36634602,1,0.706775583157948
38615761,3,0.6524617798214001
27542447,8,0.23594562659073842
38284177,0,0.5187451369428825
15796734,3,0.7038551874832395
25792989,0,0.28153851688195586
34107339,7,0.7484143960754905
29837876,5,0.6633348771936758
34571623,5,0.8199832567918359
27731380,0,0.6445428246901959
7629403,6,0.5369731396303368
11911164,6,0.506603166554057
35015828,3,0.51517061819581
40136283,8,0.6942736924460329
27378883,6,0.4600180197190257
12151306,6,0.4395514254222412
39275552,5,0.7102794171404411
24486995,8,0.4142416504474165
26436961,7,0.4453760742549824
32996230,8,0.5311665930169661
35101297,3,0.3105115292919761
26788807,0,0.47507467206327386
36959262,5,0.437494414166409
32191030,6,0.5423617654766073
6860294,7,0.5462634412612383
4239346,0,0.5644625952587607
7940441,3,0.29062183505492306
19339341,6,0.6538366896523256
11043282,6,0.5913529330159846
25195426,6,0.237867946477791
19935408,8,0.508503940631947
31118164,6,0.7876952999733577
10158684,1,0.6658164577055914
32724914,6,0.530526375316749
34348307,7,0.7256893402313196
11563100,5,0.4930334841110869
36520561,0,0.6797096335847365
39559384,7,0.4032622562585622
39277477,3,0.7647328400597191
35485362,8,0.8069293505555974
3098337,4,0.3586192726776828
36779023,4,0.7767979280568895
36076679,8,0.43439272536866913
7114866,6,0.5526998385071068
33635081,5,0.38215299179642503
11892084,4,0.4382260664271934
13050225,6,0.29871845503316785
2362729,2,0.42554690648680515
1145334,2,0.3897865028564389
36399357,5,0.3948450941460405
39129223,8,0.6559843410254322
36649295,3,0.6773012494479614
31073119,1,0.33060279667900866
25293954,6,0.3534527997546371
31555116,7,0.44276718080822425
3271478,0,0.9727213560265762
27951419,0,0.5608654155698337
24417401,8,0.3959859711955181
12571073,6,0.4899033473996439
32957525,0,0.40786321703579215
29881965,3,0.38670752523835583
6864106,8,0.5022510801352231
37890972,7,0.5453842594133346
19151516,5,0.8505508023732943
26061610,1,0.575320530928057
27815008,3,0.25873969454090306
19613716,8,0.5963689931504517
33017847,6,0.6032111495805194
33323661,5,0.42581120977964665
26961052,7,0.3345891245054697
15041834,0,0.9274003209532959
38724411,2,0.34700913157488267
39674681,0,0.356819796245248
13334044,3,0.7352293218950492
34931486,4,0.4206415156153299
17507325,7,0.6718539671133743
15411252,0,0.7641783616094066
1635827,0,0.4019923879063329
4035195,2,0.6004418798195926
1903209,6,0.548662285766573
35434092,4,0.8762880718883567
29033245,5,0.7391455402676518
36696404,6,0.39039735446076274
13480031,0,0.6527373693501248
26783719,5,0.6940709489001696
85577,6,0.9139605441790889
35418410,6,0.3347010266595318
37683026,7,0.6203249891172447
15153900,1,0.3712453187247501
16093247,3,0.8020537284804952
38458115,4,0.6901112505235679
14900546,7,0.3268232218073722
3823659,6,0.6481196943935462
27477970,0,0.5426261549050665
33050788,6,0.33514976337532815
36338693,5,0.61556973319147
10368281,8,0.5244375951606306
15965309,0,0.48453277061821276
36129386,8,0.39316359717984534
12738781,0,0.6321655150948643
3653717,6,0.8976817222482246
35658529,0,0.5231588830750888
925716,6,0.4151216103972479
27317564,0,0.3998499291152168
37331282,0,0.6610843172432379
20085929,5,0.28749019217140614
9059921,6,0.656071501869504
31187407,1,0.39494696901700865
19604389,5,0.5487153609943292
34418406,3,0.5443649415778383
13412913,0,0.8049943790259054
28858204,7,0.5997200135368776
37665330,4,0.7708339651975994
28310627,3,0.43104860213757834
28136626,0,0.8816538411535914
20171216,5,0.9330469379070802
35524207,7,0.5436010413336619
37602106,5,0.5554243120076955
32010322,0,0.5994572663119591
32688335,0,0.5618471033325315
36556547,7,0.39107460948812384
39374599,5,0.4570595339166128
2250385,0,0.4051206585941182
38701400,4,0.8494725316537272
10861427,5,0.5573406177517273
26044977,6,0.5440198729087395
31112523,6,0.4081202264197866
27952759,0,0.8754658483538473
26800052,2,0.701505385999824
12592916,0,0.3271419655174459
24566119,0,0.8699522249723197
40121765,6,0.9159687996042484
29576822,6,0.3079938628088683
39297480,6,0.49526699214462877
17131962,6,0.4503930566657061
4300979,3,0.30612368501624165
11847992,8,0.604016455012595
39390927,7,0.3002285941854056
27713282,0,0.45624138443048307
16993486,6,0.404623686177829
31446465,7,0.6413511955048316
27498316,4,0.9966083856906794
33656696,8,0.5073777738738462
14675732,6,0.6947467308608768
35557828,5,0.47813239709509
21973008,6,0.4559026244122458
37626614,0,0.5464723091531003
34193862,4,0.5118313776374284
37245782,7,0.4211140740329582
39257455,6,0.5782217415954122
28171130,5,0.5781470704564543
24358715,2,0.7113450216751267
31270635,4,0.8514158971726296
7624840,6,0.8034869821206755
18130165,0,0.9999999999725929
18473217,6,0.4043332824428835
9245900,2,0.6949904298662963
29034301,6,0.35530790388794065
32827419,8,0.3231396939471287
26064115,2,0.8622865100005325
5450067,5,0.6352450255216021
38381803,7,0.46828895754193883
38520210,6,0.48372763149834597
15722118,3,0.6414856521823252
30879964,3,0.5319468615626626
5891045,7,0.6377807453696612
20246702,8,0.3347499096376892
6518154,6,0.5600508089233065
39488216,7,0.37019164455512155
5356263,6,0.5375819661668118
35973820,6,0.4278375463848144
37265411,1,0.6178397770517848
5661485,6,0.5400359076847585
32789692,1,0.5008795856142269
3418339,2,0.6264286717789335
25691403,2,0.7461680277572994
19555472,0,0.8644743766990052
35453596,5,0.7639418291472935
14273049,6,0.3907381036163241
37383332,6,0.36646595634349294
39695857,2,0.21185890716646616
36406737,4,0.4803021963581491
338103,6,0.8445442865156878
19394227,2,0.29198903259318904
34137007,1,0.8530168504705384
2035599,6,0.9434263612526627
21609961,6,0.7542377158643974
14448310,0,0.49227591224011635
24316900,7,0.47166455025788345
39328197,7,0.8871401831265389
38956950,8,0.6312677025455055
23284531,5,0.31358879769980286
16879928,5,0.3774456951832322
22025675,8,0.49775739803614705
8932410,6,0.2667392758188127
12139624,6,0.3622381097024425
31861017,7,0.41476202048160604
21255525,6,0.7440809303890139
4472458,4,0.28268264032215373
32621089,8,0.8513996871941796
34257472,3,0.6520449083846164
32752250,0,0.6107699071262606
37311699,4,0.47250519452779727
21856559,6,0.4871952355889189
32138140,3,0.8294416529455373
23930695,6,0.4819397277306009
38533642,7,0.6970208650085344
19991033,6,0.38103274601333226
37211765,7,0.31531694823695283
26429322,4,0.33681916166098425
38462666,1,0.619263386394221
9969406,3,0.5682749098554642
34904465,4,0.7604806848065709
30657223,0,0.5097529487610933
10827393,0,0.47084876779695745
38808248,6,0.5158957027374129
16382493,6,0.8989997574674472
11570942,5,0.48735456142561356
21575749,3,0.36957582098401565
27894738,0,0.7384266555556924
25749252,8,0.5393855053394738
16793501,7,0.7988181629494221
31714453,0,0.9310468633044897
28990440,6,0.6807349619361915
8609147,6,0.7076188973788479
20316100,6,0.6496839426971532
37659782,0,0.9446005816095926
8709453,3,0.3162128565469171
39569128,1,0.7180416178502607
33003536,0,0.9999999999742617
32894184,8,0.3709610281456969
26775558,8,0.2978017353486302
34010974,0,0.9047727479695827
18427775,8,0.3817113011205374
11433810,2,0.9854424780208279
21407985,7,0.6474903152391059
33106871,8,0.6432740265312016
16567249,0,0.2910950472970318
6359734,8,0.5255655195617386
17736731,6,0.52300074457102
33791555,0,0.3986499103080472
30223073,1,0.3846442548663671
21445515,7,0.30164159548028097
22726498,5,0.8268181445676696
17476989,1,0.2844364306696221
25407258,1,0.3876217441422386
10549634,6,0.27980258253753854
2911867,7,0.32113702107138137
4770164,6,0.7773643400619961
3254560,6,0.6865268793823356
14940338,0,0.6626278843016852
19421835,7,0.6648697879468218
38410843,6,0.6124047360079304
28073916,8,0.7704765165581968
10368371,5,0.6678359295754471
15387354,2,0.3693753605050929
31106363,3,0.747093084774972
16351286,1,0.32494400650124733
30290028,0,0.4482480351055546
10797189,3,0.820015185973992
17959644,6,0.6800050120260437
20229817,3,0.4152879645582359
32279887,3,0.5775666402189626
18561519,7,0.6081211294262221
2991557,8,0.3695134593932336
38656786,5,0.49010094649087704
23353887,2,0.44398683722589855
38160518,0,0.6095725744850066
36871756,6,0.4644530275948449
39156809,3,0.5805955006329823
33137165,2,0.9433038086204106
33478942,8,0.33851245903212906
20669085,1,0.8270497293903538
11424808,6,0.4831847046686236
39482504,6,0.8444330525759137
18112393,0,0.7489213703432275
25862513,6,0.4454731856277935
5128807,1,0.8527793513996773
29118729,6,0.9429059291615055
19666462,7,0.4772285229547798
19621625,3,0.8400484685319056
39920252,5,0.8310261709586263
17737914,7,0.7126016262266004
3408494,6,0.24696118463165886
34431833,7,0.5806878423179844
38715570,6,0.5222458830148035
39441880,7,0.42902119667802024
9154023,8,0.7692483107328127
37417765,3,0.774560094985738
11476886,6,0.7610787480202893
38191114,0,0.49220680870656464
27516059,6,0.9999999999855184
6591890,2,0.8672393823920376
37632766,4,0.9355590908581143
24154465,6,0.302271802012793
37516570,1,0.9621035796453918
29039434,5,0.6463894835209059
30605090,4,0.48050068181839406
19377427,6,0.48599136149889494
18620199,4,0.5577616211449933
21916146,0,0.8388321136997297
36401400,6,0.5130042490179253
15461511,3,0.8203709672183984
39033106,7,0.5715613625695845
36362027,3,0.5035447240227793
35296244,8,0.9068902334656094
20400671,8,0.5084478113448716
33576537,6,0.7513103940559751
1022649,0,0.3281975592821905
7109149,8,0.5204027356503073
39949841,5,0.6315123340832711
12593366,6,0.5960339448421738
37376798,2,0.7664578643589344
36279649,1,0.38094337154439467
18006023,0,0.6053081122382757
12550843,5,0.9608959842713665
8474394,8,0.7187413335191979
10411359,1,0.3425794309459625
38921364,8,0.714259571441447
31660951,6,0.6431123174694967
5331275,5,0.5489499509420034
36442023,5,0.8935027485021519
24790655,7,0.8771433628283555
36390290,3,0.47173442686813105
35319652,6,0.2837967027813995
37006187,4,0.48972193554635035
23914730,0,0.4818775092914713
27782511,8,0.5540314810129737
18793888,6,0.40916176038018415
31973169,4,0.7324957214480496
17760769,7,0.5696084850176865
24379456,5,0.6714352272889309
15075792,4,0.3689788884718855
33883840,8,0.6611153768271448
1547944,0,0.459847681660037
16107658,6,0.6648615218487123
30452395,7,0.4506099863485182
24012327,0,0.825649180180161
20448664,6,0.4584703487684513
15911674,1,0.6117571900181262
17694732,3,0.42610987457054217
13158452,5,0.6712801217058848
34973763,6,0.6037939502852743
34296436,2,0.5499898983753608
7039200,6,0.6059606585891016
17183122,4,0.31353482635823504
4244855,3,0.6993327709327017
17837078,3,0.5896993880045616
27938954,8,0.6840016720456129
10086412,0,0.42790227290111443
38469632,6,0.33565264388652527
39594002,7,0.6307054320995925
30363174,1,0.9999999999928462
14043719,6,0.7506854156053323
34189397,5,0.5629084125179047
30968256,8,0.367867489502757
23367218,0,0.5339804445438958
7651220,8,0.5625796758409862
28904793,3,0.29852469388889596
33188104,6,0.6132158505391642
138045,0,0.45709657672364584
32038881,0,0.3049214893500868
31421322,2,0.7881505570928389
30559068,6,0.33164832380558334
8655938,6,0.4391337811040152
36626833,5,0.31961985282787025
33629440,7,0.40788245604498025
26920092,2,0.4021584114805342
35796802,1,0.3907234217174567
7911986,6,0.5656815932751954
23929165,0,0.4482916963833621
12906351,6,0.6304820219609792
33877577,6,0.4719930939423251
15846389,3,0.683686092202419
38285737,3,0.6593783665972189
32125812,1,0.6477707556789596
28790883,8,0.516922145551032
37368078,7,0.3369444221645532
23863852,6,0.4218926260238819
1945812,3,0.6502359294991494
8859760,6,0.6639232720104262
7733180,7,0.3954171793000232
27925736,8,0.41219902389467933
28096351,8,0.5371226921219541
36576366,0,0.8839662947829281
30268270,4,0.999999999991579
25584160,4,0.3886315956828771
33894841,3,0.4895280576346594
24730189,6,0.35045835870748065
34853390,0,0.38783627475484983
24627620,0,0.7892323297128659
32255001,5,0.48418225052699465
10117885,1,0.6598848705101996
3408272,6,0.8836477405927115
1859438,8,0.34956596446431715
2969481,7,0.4412609878610834
11151572,0,0.7030899595844489
8676682,6,0.6995885591965646
38175199,2,0.9618404255693154
26364156,2,0.8192792561655093
32103224,0,0.587672303254728
904746,0,0.5672667672624959
35311585,5,0.3394135073408766
26342132,6,0.2887186951862641
30347090,3,0.4149375011039951
24703315,0,0.5558784268602277
4445109,5,0.8312076784329375
35305124,3,0.5552827989906378
34537922,2,0.7851996863101388
7761659,0,0.5759479165172223
27825206,5,0.4322048932970053
9778389,0,0.5925042172012283
267628,6,0.9308334549932454
35141438,6,0.48589737415400414
11801658,6,0.4033213238880341
38081866,6,0.8148988437706383
27612958,0,0.3611408684933202
37098471,8,0.4033843497436131
24000394,6,0.752578790306314
34725405,8,0.5686542492446693
19145645,0,0.4898643687103228
28564566,6,0.5865639240576291
22055454,3,0.29996873692698545
39289217,5,0.291585448813563
27304900,8,0.3893160547043156
23983476,8,0.6326229785127055
5422464,7,0.40793245897298547
37043534,6,0.3452278437420767
39402154,4,0.8888420919749489
23710572,8,0.4416794626812115
35695015,5,0.6864753807697082
36493966,6,0.7252213041488688
19912866,5,0.5022247405446956
18300322,7,0.5915124159037447
36095421,2,0.44986390692019673
21770014,2,0.41585134293971965
14845336,5,0.46732590899252235
29825571,6,0.8603411116644157
30392099,1,0.48168853208565326
26976025,0,0.9999999999782355
36652786,1,0.334750846270884
25137484,7,0.7387674236154701
14260601,3,0.3970230115333079
17595590,0,0.561904477947477
11970820,3,0.6402276917185433
26791615,7,0.6513581336992406
31675798,5,0.9057921174764312
4474690,4,0.2847617652324276
34978483,8,0.5719513864363235
22405239,0,0.8069726394070545
18808363,4,0.6007890517666343
3349147,6,0.3695656987350539
33489267,0,0.7398476338191387
38313288,8,0.5367747808351314
29929540,7,0.7653365820404259
26477603,1,0.3929879042762931
16088666,5,0.31083460850205763
18392341,1,0.9106211408293342
28282671,1,0.5432298482940099
25327148,6,0.6495716071220451
34596082,8,0.4210871515012917
33404850,5,0.7339647386440451
19925256,3,0.4249285580854148
8845435,7,0.3888951045983597
36489711,4,0.740529256081906
38293878,4,0.4947108535802059
10970639,3,0.45486646969986805
32944377,5,0.8254560547094765
17136015,3,0.7398909610436069
30270373,8,0.345408171544446
21595936,6,0.5179217324603872
17300370,7,0.28244166434843987
4503257,7,0.47305422341588305
16493500,0,0.5913748306712175
20072030,5,0.4184724705141779
20208681,5,0.5189243201993972
12416278,5,0.8052175441035946
22927336,3,0.7556992353901304
17556929,8,0.5403497125088645
24237185,7,0.5708594083495026
7330718,8,0.655546379030984
23421778,0,0.5183285077071152
34093547,1,0.6939587371652768
8917548,3,0.2576302797285181
20410501,5,0.8234622701668237
21964452,6,0.36567845633945567
32407913,6,0.2448306329348881
24907337,6,0.5358591062662512
40065760,5,0.5104117777100298
37162381,4,0.4173945839863685
940822,6,0.4865436380394908
14424408,1,0.6655875027007385
36905267,6,0.5084769545596215
28489560,2,0.3513841417369582
32386768,6,0.6078325898005821
37502848,7,0.5168442687394148
27349184,8,0.3701678638427825
39919405,6,0.8034837826022859
19016224,8,0.7299590401003148
16930657,5,0.4961316720251242
37053314,0,0.48110068011922613
22278993,7,0.5454953766691515
31039249,0,0.508356391695276
38411903,8,0.6054538144898731
1348510,7,0.2334058675978345
21331077,7,0.6873427149466184
12152487,8,0.4985717271738876
38082699,3,0.6661116666587938
33350570,1,0.5463372208683381
8354078,4,0.33263391593196
21094536,6,0.7179487872033641
35748384,0,0.9634231672338888
12544086,0,0.8160859760495717
38061344,8,0.9161111922159005
18830651,0,0.7571094779963812
26617865,6,0.4023874116021349
37525576,0,0.39651703517963705
14035522,6,0.7748415245791354
5204640,6,0.7202915386120751
1346297,6,0.7078837213229981
16013330,6,0.6135280730491154
27136481,6,0.23911422433491133
27377223,0,0.42775338333842283
25045292,4,0.3382853666706826
22263745,5,0.6517218474929379
21079995,6,0.454869487383954
26074523,8,0.5242279129787174
16369685,6,0.7421934198750724
30471943,0,0.9699096998827018
23773577,6,0.7305032345916703
24018309,2,0.38250764340535226
40042071,6,0.5244702809484317
12733840,6,0.7765524886419424
28231738,6,0.6647582953221125
4333094,6,0.3942316490378975
37953143,6,0.8815576826460328
25410336,5,0.4497496622810273
36946844,3,0.9123229261411421
24703675,8,0.39561971693503395
12602032,6,0.45341769861035414
17415354,6,0.6692829378175238
20535605,0,0.4935245055522012
37645504,1,0.6878865351465396
13090505,2,0.6444479187727051
20319813,5,0.4089731861017529
29447503,1,0.2626011687514846
1684197,1,0.5022305696741787
31300131,5,0.42295135078210205
39664963,3,0.7073255447735648
31200648,7,0.6862393421947168
33650426,5,0.3616867864602203
28370598,5,0.5371545659793405
35410041,7,0.632321604657596
11504104,8,0.5479657472297867
866208,2,0.36469725867640546
32920007,5,0.930571207511322
29594936,5,0.6744700888760974
33925015,4,0.48775451653921215
16720286,6,0.5488718593393231
17406252,6,0.683588235258503
19374707,8,0.3821488376835233
21742587,6,0.5438490851676121
4780791,5,0.6411418070507718
19915116,6,0.5272960779543985
6341823,6,0.5302495670907836
25444267,4,0.337563488266434
20112760,4,0.8152868920150322
29401707,1,0.9469964283940107
13160139,8,0.5485290810910857
38467716,4,0.5265676810636776
23430900,6,0.7879890900539844
39186906,3,0.7189440844640216
37094448,8,0.4176878916967978
15816884,0,0.856242143628124
30745056,6,0.43154562310522354
30227883,4,0.6519463321038605
38664732,3,0.4800222244182743
34505579,4,0.6347260582200575
23538140,0,0.4481891203570787
35565262,2,0.36447718021582176
19705229,2,0.46498101180877116
36902682,3,0.373905198288204
6715944,6,0.5272542164957985
29145897,8,0.6939812141063072
4758968,2,0.752046706984729
14568141,6,0.543548973491167
34601782,2,0.6473200177429236
14029883,8,0.622735491321318
17169927,7,0.3523623559175989
36851561,3,0.9290828416459781
24948660,0,0.952323251757254
10341847,7,0.4006237313018124
37661712,8,0.42007458812872756
10958248,3,0.6511148163701221
18603407,7,0.767422330537482
28420448,6,0.6550812399340022
17781906,8,0.7969944301598992
8685842,5,0.48464294134579755
24723525,6,0.43382872219864377
1355710,6,0.49450344469542173
18335432,8,0.7209367588458147
6705521,6,0.5599241081816376
12867075,0,0.5465794705188647
26455408,4,0.7994510430545713
40141660,0,0.45546934606564227
36332167,3,0.9758875333384516
20001045,0,0.6562327959387345
5878689,7,0.7019224339188339
29667892,4,0.5900292450112147
22440589,6,0.3649581743226199
23600582,4,0.7145344455175962
5725065,2,0.4651187746963933
4976613,6,0.6769284377688157
25067998,5,0.7290240518984878
39303157,6,0.5714687429803852
25673848,6,0.34260661163811673
12630594,6,0.5028624881085191
39607566,6,0.6192309518685593
31408445,4,0.44969222000200576
16013692,6,0.7013170337349474
39898068,7,0.6807934437404353
32969491,5,0.4702415597800309
11942919,0,0.8910151093720258
38498654,5,0.9723083553657559
18676859,1,0.7446462165775253
25080922,2,0.5401509116616242
38405454,6,0.7372899222603583
36944943,8,0.5772537451880033
6728719,0,0.6949443025355388
23264037,3,0.3665761204536343
33252802,3,0.6801035593465671
24395155,0,0.47400518446379936
24944676,5,0.8473396647431054
22416886,4,0.9736428547587286
28102769,7,0.3511003053460362
29375200,0,0.9536186516880942
27999762,7,0.48230178614854347
10425414,6,0.362869390012841
5888771,3,0.978649324828895
28800272,3,0.686912193752586
34418982,4,0.7686302895010674
13293902,0,0.5704688278326319
35330420,1,0.48851909516562675
29292526,0,0.5388795015349991
35212716,0,0.9999999999782017
37796601,7,0.6346774043103341
11661121,1,0.4039613560309139
1264300,3,0.39551780985976576
9482859,0,0.39910102454938523
35245185,6,0.46396841812064255
30801340,6,0.4176496700823603
29344964,0,0.3105158307179697
35682804,2,0.6834124226257783
20568743,7,0.3936674226119804
4657001,6,0.376809126456149
14264682,5,0.5076621229605006
2045968,0,0.32142104394850374
34320067,4,0.6084518612714493
26855746,7,0.6138268567160413
35003277,0,0.3286479750628885
13273727,1,0.5297435358483563
35719653,4,0.5544465776307455
24563790,8,0.5671492476365215
25883898,8,0.5270854242977075
22442839,8,0.4335547183486512
972267,7,0.3511327521705676
27781881,6,0.4441833117799996
25560879,1,0.34257286602666026
26115889,6,0.7951292489673842
8425304,6,0.352873842244124
14933771,6,0.4013415049699391
28118236,3,0.7705175804173361
10716916,0,0.40683343626627466
15406882,1,0.959641848873408
16010898,3,0.6235508757878485
38744353,5,0.8864512564398267
29962525,6,0.8298819327877355
37644156,6,0.4537671878814967
5037432,8,0.273109314391332
7738272,8,0.5089566298200779
27270829,4,0.5101935982980931
32928328,3,0.7180572633179261
30823730,8,0.4738086766033699
38354163,1,0.7949569479902426
8730946,0,0.5434203627097369
21923964,5,0.631139521458041
39659469,3,0.791834428016914
1704085,3,0.44180007659016307
7474976,8,0.5186147751327389
19036477,6,0.4055147627747092
21781233,6,0.5053987578556836
35902694,0,0.513938746767624
37152940,6,0.7929860637193296
27664609,3,0.41347094642729443
31320657,0,0.5706601856871486
21770419,6,0.49522146500538444
38277002,6,0.2722964250978889
4122504,6,0.4889468856320648
28211333,0,0.7912468054122916
7419787,5,0.6966079804656536
27503961,1,0.6221003271053382
11277432,0,0.6677244034504187
27908424,6,0.49963125271198017
7685087,8,0.6527880121311763
25791196,6,0.843759813431394
30327523,3,0.4494928411995918
12890100,6,0.6507663876376737
17663862,3,0.7557852834872515
28032395,8,0.41591857246314884
16214190,0,0.2494711136517433
31103161,2,0.6671121699348103
1157725,6,0.26411173999322846
25923565,3,0.7377099843326226
28780493,0,0.3734867738594177
15318800,7,0.37194447000490155
21162535,7,0.42044872209492296
26274037,0,0.38358328600255037
8556398,4,0.2961663646753376
24160626,3,0.6110356652734105
23237628,2,0.7580465834988616
35988808,7,0.3614814476086687
35464976,7,0.34547274869604067
32697252,6,0.3267491405760274
33271060,4,0.6757857074099675
38761142,4,0.6589959898428007
34672408,3,0.9434916260226831
31254758,4,0.7613273858170252
20160622,0,0.6562884846037786
25920049,6,0.5386166679253681
34334927,6,0.7596122006376146
25271459,6,0.5948409535923805
37015852,4,0.3343658311357022
17000732,6,0.7329020106766277
14603104,1,0.6434126011667508
19950823,6,0.3377410591458671
32616111,8,0.736999780046117
17132659,7,0.4197359867614755
18009979,0,0.5301891922391521
1641470,3,0.4901392752437653
27791014,2,0.7611511631362339
27273499,6,0.9796159070808297
3371795,6,0.8299829660332257
27288730,8,0.6977183718046363
6276170,6,0.28106433064255765
7403585,6,0.6374363084118695
24741690,4,0.7315373339150717
36698082,8,0.4882731737874591
22015803,7,0.4445076099527757
26182916,3,0.32098016345169283
14847703,0,0.33827156293105237
37373196,7,0.5259518282634142
21125674,6,0.5075660895838059
11289670,6,0.48657977335088465
18455576,8,0.4321861109929891
35456290,5,0.8557451432335299
35305688,8,0.7239429995078976
36846007,4,0.6228027378842588
9970005,0,0.7142068345982551
32501869,0,0.4975119640710832
39929934,6,0.4028914264476109
17210425,4,0.4865889603034544
26792615,1,0.46055373877757694
17477583,5,0.6733769489223455
24279706,6,0.7622837114129852
33433863,7,0.3175839642191006
29127196,8,0.577997229427293
23582393,6,0.6000406104290864
23303221,0,0.5051777998053455
34693939,4,0.441873679991381
14706225,6,0.846896451186041
39256611,0,0.5384434868507246
2805595,6,0.6940899482141748
35566034,7,0.7480201037189398
23064280,7,0.3726294566114233
32986366,0,0.6336861689433353
13991248,0,0.9843376465322073
21443381,6,0.6131942957002822
21536555,5,0.5185697477648692
8284890,5,0.6539295927155854
11034388,6,0.5774948729368777
16269376,4,0.757825006599091
19967862,6,0.5408739790268049
38283475,6,0.6119423541295045
14443595,6,0.537743162103641
14496193,6,0.5518801189237915
37903818,8,0.5094486794577345
21527610,0,0.348175896505151
35060732,6,0.4201979994414817
35383195,3,0.4374387398964108
25557311,7,0.5708527997865463
27328116,0,0.38481282588964827
29586096,0,0.6241902570395097
33745964,4,0.38674136708706325
4002286,6,0.7041927806138293
13513244,5,0.5075342549212549
33632932,8,0.6105208587778609
27828184,8,0.477854355577467
38938306,3,0.6917462878135271
30570659,7,0.5245963066806151
20435405,6,0.6632372141641556
27188983,6,0.6439313712105219
39537757,3,0.6667982208614652
16451849,7,0.27695419890070266
3726338,5,0.3831635937122128
20516178,7,0.3622676678576401
32029892,1,0.6304614478300644
32847800,4,0.9125653532447235
15686658,3,0.6190517093096023
33116305,0,0.7753984985365833
9314149,7,0.5392201761050393
3979658,6,0.6693472766437881
15535683,1,0.4863802382973766
24017650,6,0.5165757322955081
4833646,6,0.9877963516062628
35596031,2,0.5928117137778546
33355265,7,0.599672682368015
33527596,3,0.4452284152132646
20395913,0,0.39935564249003835
38233515,1,0.6907863337848839
23389450,0,0.6038884453985014
18347352,4,0.23972454961061648
29937830,0,0.4881454682562467
16773583,3,0.659302382840921
14063877,0,0.3407904322461044
4436240,6,0.4757286598683431
14626613,0,0.46103184627807875
33283235,0,0.6661800724703528
17874609,5,0.25584206967361167
30127355,0,0.5988701876631876
20767639,6,0.9999999999842655
25654453,0,0.5281275172349188
32567100,7,0.9386070656617155
35709639,7,0.3570834893136317
35227154,7,0.49264220165926514
4525147,2,0.6815331516842547
14363655,0,0.32242608512731563
4806237,6,0.4619432374702216
9771562,8,0.6229433630353316
28721397,0,0.9632269338356452
9955548,8,0.7318106425010448
26813499,0,0.6012054924590806
39064725,0,0.4766218972754347
30675501,5,0.5845522806462835
10097477,5,0.4727998031178808
11730952,5,0.823673639843149
23042963,6,0.30880169128221335
20438594,6,0.6793798210897577
25936696,4,0.37300293413540664
19591467,6,0.6160145474230051
12162021,1,0.5566175987448674
24045265,7,0.5367531190854046
29042787,2,0.46341411860208764
12073957,6,0.4790440178217686
35236880,4,0.9999999999895774
5202721,8,0.5331295648195757
35005574,6,0.2668049761086069
37710542,1,0.5667839854811424
32317330,4,0.6341737609251323
36435012,7,0.6244436671637119
36050887,0,0.4358885231251766
2509260,0,0.5416512700588981
21876482,1,0.7808079775705842
24785928,3,0.7473768404056255
30935583,7,0.5692350486139669
22534854,7,0.39807998754505913
32963088,7,0.33116649687144006
18179606,8,0.6987113528981107
28873113,6,0.4892536913901436
23203332,4,0.5071058801886767
21147075,8,0.7230699963067346
16232244,3,0.4694420385550199
27218543,4,0.8789767499209701
31282297,7,0.8210506636227027
20437976,3,0.4779377567024803
37614550,6,0.3817063874542069
21614739,1,0.5116956746813498
38666329,8,0.5193574506069433
33868598,4,0.6486330302557147
28997364,3,0.2975343030721072
32993775,6,0.6527405464171077
8638534,6,0.5004569025259746
38335685,6,0.500675113194095
21453137,7,0.3034517821127533
21307835,5,0.5330994619467001
4414375,7,0.5214322144784029
30189749,5,0.4295998257347715
2327989,8,0.6553369264051845
34582419,0,0.5091845979867113
4988301,0,0.793854121435395
5595658,6,0.4927903290920895
37912206,0,0.9759955380006825
29157808,6,0.40296090837239584
25550874,3,0.6175628829932828
34731954,7,0.7239511381242485
26656151,3,0.9874101093457733
28207805,1,0.6013215321737743
36422775,6,0.821059592158099
28200686,7,0.6315459846321085
37114683,4,0.8105318019935642
40050625,4,0.40659402890682356
33664163,4,0.47497464963566055
39681616,0,0.4949745416567418
8577055,1,0.4673724554852787
10985565,6,0.5165748249905173
20062179,7,0.7732651504515031
38093965,4,0.6457712337929943
16745740,8,0.5972175532512294
13337870,6,0.4857981892903816
11122418,8,0.9237105321358929
31085768,7,0.2849216664015736
10705360,6,0.41673719972833423
11488555,7,0.5617002345940713
21762720,6,0.35755963763427256
33563572,4,0.31280621051348817
38255065,0,0.4116539166982338
20539069,5,0.874184413281171
19609041,6,0.553632304652111
27737091,0,0.3659814677673105
34747543,8,0.41633765344220747
29649147,5,0.23191455292970314
38310392,0,0.4938529489982916
31884965,8,0.7953198351517623
35996569,6,0.545753619251293
12350907,1,0.35694449788453747
30420841,0,0.7236928274385396
39825307,6,0.34200201032246463
28076561,8,0.38347741612822933
32874273,8,0.45998481301385
33121433,7,0.630918069238043
30682918,4,0.7148511109228887
33514317,0,0.7819489552094403
18208287,3,0.4007331673325925
15525493,5,0.5741068116550646
26427340,0,0.6037215549955104
38079222,1,0.5082473878624026
8914642,6,0.5609368917575962
9444242,6,0.6270444396506397
27207971,8,0.722474202771335
39746035,2,0.4465023426713851
33271600,6,0.49720870590422145
22323054,8,0.4189286814302173
33712418,6,0.2827777330196631
31524210,6,0.9663585533247822
36227945,0,0.7743904990454937
555344,0,0.6228645004172144
14035775,1,0.7381503020880044
11804589,3,0.5417450198842354
1303105,6,0.4633999603724421
26763900,0,0.804245932889034
34449674,6,0.35756313499706127
35475103,7,0.5664456305117216
21852662,8,0.45486016380011
34598898,4,0.54339360086343
39217888,6,0.5951699394793405
36989625,0,0.3218509968181041
36063632,3,0.7521459469428097
33338327,1,0.3708294045464459
22147773,2,0.5749488217421277
28745759,6,0.5816092558594684
27312139,2,0.3718753393173285
34890051,3,0.6853817675678818
20171906,7,0.5668114997696405
3389817,6,0.6967905518255513
19942970,0,0.5093946986194885
32250200,4,0.6395159485716715
24838715,6,0.34621212416284036
28301031,2,0.4473504619293188
17147156,3,0.8076912789852279
7113218,4,0.3613020821549335
36718214,5,0.7807957352912555
24287483,6,0.5214267251569459
24576181,6,0.43653274000214676
15476971,6,0.4987028056563486
1455602,0,0.8551881528514993
13298633,4,0.8500693631524661
27756962,5,0.3552797277438543
27999138,0,0.9503039566132576
21944249,2,0.3877983618486794
39734360,4,0.36735841373849026
4358001,2,0.42718568900504483
30111973,5,0.7450577929538692
22620303,5,0.4649951587534575
35307546,1,0.7396483089485676
21455789,3,0.3888962870876568
25727687,7,0.3662184481153178
24743349,3,0.6504386069365851
20144725,0,0.4836468549898609
39276998,6,0.47386003525676484
24481178,1,0.4413480162882235
37350758,6,0.40548877927524923
26516193,5,0.7480204448437878
37445466,4,0.7706474787219019
39995094,6,0.3744387511155383
22162267,0,0.629412478225243
36855792,7,0.4587394070430835
31943339,5,0.5512508075418433
36636053,4,0.37470185905424
31291493,8,0.5401782669478179
14110121,6,0.67713909380641
33608365,8,0.8072524983797119
3209362,5,0.9045843098682625
18158382,5,0.4866112133406434
27029426,7,0.49591750878544516
39845833,4,0.86878428694396
30422535,6,0.6071624446181345
9289427,1,0.3573747301199054
38729873,7,0.6217835942417561
17728820,7,0.42779700583390906
13225201,0,0.3591327897588036
31362680,5,0.45079438587053944
37265501,1,0.3320190641907686
5354061,6,0.2836691674020049
36068113,7,0.43992309783908895
10253279,6,0.6034746023261952
8094032,0,0.42308194801124094
36816302,7,0.890840315791428
16924319,0,0.4311233876846978
26313660,3,0.7299387116227064
13613635,6,0.6976978082382137
2406959,0,0.37903772775556716
28726742,4,0.3999398019058934
35253849,7,0.5443676275649163
22252235,7,0.38035179058341895
20807579,1,0.28613925371261084
17955970,7,0.5283102326620488
22147084,3,0.7700186689268065
2296803,6,0.45029380132846974
17907109,1,0.7370965727839616
22671396,6,0.39114460592740874
16269649,8,0.518885333044299
1821399,6,0.6614470555627714
27955947,6,0.5501664155842304
26759784,6,0.36915255878443703
25036699,5,0.7382824550272022
34035731,5,0.3771831914965188
35079438,6,0.6510972814714984
34487862,6,0.2124281086670297
19646520,5,0.6986795800027118
27720647,6,0.7080733602991325
33712135,0,0.7502109385746726
25779070,3,0.7411008141237109
39847547,0,0.3144930609193857
20494783,6,0.5144771366595675
12323085,5,0.3500679828574034
14323831,3,0.24298428397390046
30856866,6,0.9138853203801865
23803255,2,0.5412758112314764
3997887,2,0.9351854982185356
39021513,2,0.9295170285799584
24476058,8,0.4020049048279401
11076377,7,0.8479875724695797
19930998,4,0.6911017063690346
681565,6,0.8056130421934146
33381305,0,0.9999999999779592
12574275,6,0.4542999845313699
6319915,6,0.6369460107086625
19416008,6,0.3999717367076559
34763139,3,0.6635182079580402
36260599,7,0.35218834094711116
20904447,0,0.34827657994392264
27853002,7,0.5228052041726459
5730407,7,0.7379082403941992
1977022,6,0.8637085621997188
9588331,4,0.6390875892677129
39547056,0,0.7924981972117578
12970567,8,0.4514585380791589
37653995,6,0.5401713081270733
29608581,2,0.7427624048976674
6225843,6,0.6452551132123828
38448321,5,0.8489268331896909
27990419,7,0.4620419874849639
23511569,6,0.6061010038590464
19466460,7,0.5919921164975389
32671668,6,0.49532671999786043
34031410,0,0.9999999999661782
16143226,7,0.5306776172607969
29744062,1,0.6342675914655976
31821780,8,0.4198717763662885
3025031,3,0.6281487457890491
9072227,0,0.612100440918389
38184969,0,0.7807482768570654
31650897,8,0.5989423296779673
37090869,3,0.28476712189589803
23901291,5,0.411189636691666
37020712,3,0.2963683032129792
15145222,8,0.3127662420791686
2888598,2,0.32922863337150166
4695609,6,0.4014403434870944
35510666,6,0.8826780654290306
19835923,8,0.5668024976773901
20484366,8,0.2574923350820978
36724202,6,0.6009094339659914
22825693,0,0.6640728406083416
6010011,7,0.48468534908161437
28684187,8,0.3068822111260252
35708920,4,0.7938876725549273
6217351,3,0.7547008163295952
33661115,1,0.7881151993706227
17752460,8,0.568148828360673
27184204,5,0.8261632591862622
27631241,1,0.4908811554569674
25516805,6,0.2970233035033354
22316489,8,0.6039587993078476
31334629,7,0.49046443967425685
5698175,6,0.885283671521761
33824334,0,0.8329127078060972
36237853,8,0.5764393057521678
31926470,6,0.7061471591041751
3149370,1,0.5965001919790079
12468823,4,0.424357409884377
12076092,1,0.33361288525019617
12419875,3,0.382895284088376
35422392,8,0.48547140202569555
11888635,3,0.46771095923604916
15170450,1,0.7509560869209198
39601218,0,0.791812018201222
34763208,0,0.5944692323943522
37710662,6,0.7483043310139198
39916655,5,0.6003613432145289
35964994,6,0.4653257014680678
33836647,3,0.8861189050247127
5321186,2,0.9844252094262044
31454438,4,0.45099405145010846
36667061,8,0.48203802190993233
32740048,3,0.5093489796832789
1959188,6,0.43735825062678096
7449395,6,0.4900311768344337
28629911,7,0.9213651315935009
23455341,3,0.4380654716516714
5910703,3,0.9822548413419133
15042945,1,0.38169505038001816
22210251,7,0.4359509864357688
14865572,7,0.3668401383105932
36420970,6,0.4253689319512871
28357582,1,0.4085520261751277
5106358,0,0.3383847927624004
13464759,8,0.32616411514452964
34946062,3,0.6613248988678334
24288780,0,0.8105422024913671
29820370,3,0.5194826518269111
34200551,6,0.3581415554456084
34079787,5,0.526276257009443
36472879,7,0.4222776980443297
13752507,0,0.8042829443132948
15049333,6,0.4233624897253576
1002072,3,0.7173732902690229
32559406,7,0.890082462526304
19572248,6,0.4203276204636207
33135354,1,0.41205873603764315
13834472,8,0.9199376365445292
2278150,6,0.4314511508246084
29670109,2,0.5415875309473325
19684765,4,0.9248152517858523
31537305,1,0.35953562701014835
15312170,5,0.57016891668247
35923078,6,0.5311744056024714
27219849,7,0.5403346341148624
30636014,0,0.5660594043691509
39681631,6,0.963292426593245
23387488,3,0.4060008221178177
24693024,6,0.3243734873406551
18663956,8,0.5382050133103962
20498469,0,0.2340626779987934
30408127,6,0.8628531417328276
26374648,8,0.44932651596911366
6244272,5,0.5391389691280081
19532344,8,0.3544356922150327
35463419,6,0.38728529347022167
37778176,3,0.6281776084116614
18020849,8,0.623873561520021
29865518,1,0.9061975376115183
33547061,3,0.7135587693491319
7482959,6,0.46629024914256917
7417701,6,0.6330552917689801
23619426,3,0.4571470771155434
30821951,6,0.36042598790760255
23687011,6,0.6328678703722463
19199944,1,0.6932037409374961
13241200,4,0.3511852692040273
37358499,8,0.588119183341362
16733716,0,0.573588027104587
12927060,1,0.9237691207043262
17309356,7,0.7145685580582306
26175761,8,0.49469529769628445
35663109,6,0.3356943007940657
11226252,8,0.42757873339559804
39444808,4,0.537934363191652
25320719,0,0.5629226143621718
19848965,0,0.6124208256845327
12431826,0,0.6674278773927851
34883086,6,0.7027183196012864
39160750,0,0.8660495304602249
3548937,6,0.3565611225851499
35355657,1,0.49320932664448847
31528600,1,0.5571726821938436
25151108,5,0.7535838735517808
34710482,4,0.8197369516524255
36453888,0,0.2899640409978109
29088467,8,0.6450220163294403
19458344,0,0.7908618875720314
37669177,6,0.4200953029367853
22660581,8,0.592540081793428
32201138,1,0.36391336956263387
37166827,5,0.7925539980586803
38205540,4,0.6194738839642495
28427651,8,0.5897041131932261
8002282,8,0.510281728489373
32414960,5,0.5046229344600993
2139823,8,0.47801259755661835
22733642,8,0.41534602577059926
39585179,0,0.8419224246318531
32427110,0,0.43190030369782917
25432139,8,0.6012949907469548
16494560,6,0.39571053210791457
8925293,2,0.6631505803118704
3626619,8,0.4337369731231223
20014811,3,0.5449023847487123
25071242,6,0.41570079071783184
18057029,6,0.5663614028843695
30253141,6,0.40798492924903784
35455991,3,0.656663351790332
31459439,6,0.9999999999756618
34801132,8,0.2826031137492722
15578416,3,0.4417215474421253
37324106,4,0.418615291777856
18344996,6,0.44294925068363816
36069211,1,0.5588057545882279
7555335,8,0.3328291228856591
3370996,6,0.521307586180063
6796722,7,0.6477749321613453
24694887,2,0.6558571683811556
38296748,6,0.4484913110630363
25892181,6,0.7654239412695506
17028562,6,0.8093747996987715
32509261,6,0.6294170524634464
22994881,6,0.353386320312797
26470151,5,0.5580494605917017
28621908,4,0.6002292860484375
39574813,1,0.699023650120226
14071096,2,0.7650639613497849
36702120,0,0.7008793109467679
6582183,2,0.8661297678226074
34650978,3,0.5371211479874934
28455413,5,0.26701262119642366
22039057,4,0.5172162907771709
16453746,0,0.9816848656513217
35906395,3,0.4870340140428431
35202289,3,0.4864803970281812
31935514,0,0.5047903820415
24654209,7,0.3952501899084871
22868900,7,0.48833957560249136
14536167,2,0.6200347228914964
37579374,4,0.5300130158799229
28164874,5,0.4956088436506437
5602265,0,0.8680214398906331
28997120,4,0.910764366741013
25127899,0,0.32149315221287655
27020950,7,0.5128611837055561
27164129,2,0.771505887409835
18029074,4,0.3284940204575956
29732282,6,0.4661221377084296
32803223,4,0.7364147850840373
21679401,6,0.3574518202991289
35983172,6,0.30628770892321794
28973150,8,0.6037406111464236
1645962,4,0.408950436339076
33363613,7,0.758635476212208
29871460,5,0.685378476418197
38848471,7,0.5145981985425877
24492345,8,0.392141917165739
16678006,6,0.27946686357486494
37009788,4,0.7892865445796241
35572308,3,0.5985799942007191
39973360,0,0.8116731803490767
31298298,3,0.2486863279855506
32933480,1,0.5551419106187534
21597078,2,0.6698218464281105
37285708,4,0.5478860921361111
1473625,3,0.7755093546880013
39247527,4,0.603668263402849
34752521,8,0.46498991479841745
27011143,2,0.923609379963631
2781186,6,0.8791335063989826
3233674,6,0.9003824846605706
36183763,2,0.8079301500091104
19291738,6,0.7465925904347622
9313999,8,0.7412838357971427
22962474,8,0.3387076744303351
14171719,1,0.7279080542491998
23447411,4,0.8924809544793363
25161449,5,0.7160666381307477
19770147,6,0.3739668803238143
26435738,3,0.5394428838247458
24597761,0,0.5066055279633926
14432020,0,0.503371467153067
4024972,1,0.60209479445542
10640623,3,0.7619607264545707
16319878,0,0.4770165988040424
32152166,1,0.6174801673106776
32156071,1,0.6060560998017582
9758513,0,0.6251030343284445
14872061,6,0.3183861977452316
39507592,5,0.36592376054859965
5720233,3,0.5450000827891595
33476561,6,0.33815009341653796
16000228,0,0.5852119467360749
27696154,7,0.31707684943712733
22840985,4,0.3995310469578777
31137414,2,0.521550266798374
33105045,5,0.672981219732283
21516322,1,0.5962732987641627
9815077,0,0.35906320872555075
31576270,1,0.8324380926831747
38456295,0,0.3572228627845429
22130727,1,0.7296525211954997
37989239,6,0.40632192111924853
20944212,0,0.38881725411311724
19750890,3,0.9374063226231374
23903848,6,0.536318320078761
34984174,6,0.2694041503844709
15715597,6,0.707415127664228
15709933,1,0.5477779819303821
25143621,7,0.4534701950983813
32656758,6,0.8390700562437677
1060745,1,0.5713669205257199
23189610,4,0.35704091735323834
23040727,3,0.7767650702340376
30564792,8,0.3822212085296831
27560764,8,0.6367922812152214
603595,6,0.5031980412721732
35725265,7,0.78495051459527
13169535,0,0.9999999999701573
31690038,7,0.44932392947721517
26261190,0,0.5889933947547603
30164528,6,0.586873841752194
3453757,6,0.5461002911469357
33094758,6,0.6034939021814368
13475567,3,0.37236292565688706
19364051,8,0.5403676811816088
15204225,0,0.5545617838760725
17113970,8,0.6250525661449583
23028255,6,0.5577336855574929
36902899,0,0.7703107608841394
35348346,6,0.2210727185761253
29868741,6,0.4462713650863329
24921545,2,0.8887927644224781
22134712,6,0.3109090705963576
37233669,7,0.5226475699662856
32966108,1,0.35310190141333103
19410377,2,0.541794927497231
14159318,3,0.7917406034894107
38949402,7,0.5587821877056466
33084068,6,0.5601216707287193
34107775,1,0.6463584477831631
24011117,3,0.6298143603814668
4291704,7,0.4614185165115712
39524220,5,0.7348277740519676
33667862,1,0.5590595645818341
28715192,1,0.668391762282478
15998188,4,0.489349456346675
13860738,6,0.5979215078240125
36146551,2,0.3382739093279294
7456181,8,0.6581954524689759
33639344,3,0.2772574066722349
18390092,7,0.3289469098790183
26880611,4,0.4905450989105424
37897851,3,0.7199067153573431
14158947,7,0.39297981133017146
15876307,7,0.5783104480382567
28529852,6,0.6469751547262335
13232935,6,0.6149888674120579
23974147,8,0.651520680138727
15597439,6,0.3365922026622796
32800168,3,0.5692022934241788
33790105,6,0.6271453559410349
22059989,3,0.6736111359586802
11100244,4,0.31577531513930945
4873679,2,0.37623991153629527
2540043,6,0.3278282918077404
8437792,3,0.7925993452642176
24633664,5,0.704891404046486
32546804,6,0.6703987143572763
9182462,0,0.3590797236297893
1158108,8,0.39865355879846315
22183205,6,0.2746424176322911
27261662,5,0.6440081559372692
25729867,6,0.6777641658331368
4211454,7,0.36975343471711514
27843361,2,0.2961691811985176
37742895,0,0.7144978628304918
10267817,0,0.9596132404645397
33681546,6,0.6758253168835258
35391579,1,0.42776100520253446
29972682,8,0.34489738287330574
32936215,1,0.8859947016442071
34563522,5,0.5590891490845952
25106498,8,0.6849111478918761
39734786,0,0.4924793425173087
39263563,6,0.28160459345956873
26698044,1,0.7333796414433916
38237460,3,0.49066702206273094
22486663,6,0.39442124022141534
40075008,3,0.7614851128268041
11480589,6,0.7042623960016349
17143015,0,0.7148911136172957
19412835,2,0.6809788883887843
24259329,2,0.26851749230633115
38857855,8,0.373940832731513
6896589,8,0.2783603079735586
6725771,5,0.3221913129380948
4403289,8,0.4437851279164822
15580869,6,0.3338109492605721
9143506,0,0.3835571422538669
30754693,7,0.588371130397356
37396046,0,0.44892545341067425
35026040,8,0.2942567503937259
9850261,7,0.45321772078441475
9816816,8,0.5600402500236802
15214386,3,0.4421239291173233
15456804,0,0.7025915212597372
25796309,5,0.8441283136663307
32041223,3,0.49044279389905887
38448638,7,0.5560088034049605
8795698,5,0.3704404542683038
31276585,5,0.8375223314300807
19096808,1,0.5267899625069995
21330829,8,0.8390891454186569
5554100,1,0.5483125826010796
14541182,8,0.35287048116754727
23379357,4,0.8758414085623958
30278454,8,0.35517374508407235
19644391,7,0.4805483241281814
30229119,0,0.9420852564258299
38138143,0,0.8007160538717978
13033060,6,0.385536730067371
22795148,3,0.5416668960324073
5228717,0,0.2873875156732636
18195758,5,0.7822337351990967
9142264,0,0.5120195126429017
20154390,0,0.7509695859116885
8844073,3,0.576540656523817
8234723,6,0.469257621058738
20886565,6,0.6415419121201471
29914293,7,0.801858801413844
33251246,6,0.3664231060912017
39131424,5,0.8483065430415961
20780419,0,0.46689748040586104
32975871,5,0.31109907239315504
30822124,1,0.8920910910172812
27537530,6,0.5480056811884797
23734899,5,0.7513158550011161
12368485,0,0.5780099078852841
5708352,1,0.6205968306420856
24210405,1,0.47803466820395
33735914,0,0.6766094872702453
36045610,2,0.7619929994344516
16535995,6,0.8496815412078179
25076058,3,0.6011347877179951
25474562,8,0.29337069701808954
28495905,4,0.7333901768906002
32788991,1,0.5992819914962916
33678995,8,0.8116714663620982
23392041,3,0.859452826816983
29847145,1,0.41099330761790054
38458288,8,0.36226066743551466
39495994,8,0.5685394139245703
36481763,7,0.6095073681748037
33934948,4,0.9186819745471426
32090714,4,0.45339376381590274
20928787,1,0.7554842586011372
25123127,5,0.4435299820253698
9795431,0,0.44858259904952336
16803835,0,0.7298053721486983
38084537,6,0.7728919445026533
32049122,6,0.3776877950991329
13077638,0,0.5049021912375989
34415398,7,0.5500416343386549
37482313,0,0.5407679966328539
19498063,0,0.5210476325447124
20584889,1,0.5722659146132071
25387251,5,0.43501016466441333
19403532,6,0.9185133835717653
39639806,5,0.6812460252065818
32980559,6,0.7084260240674957
18038003,0,0.46997560123406223
27350599,6,0.42171630496007195
35794897,6,0.3838854168904841
32311048,2,0.8877386525037037
29922108,4,0.5078686910885812
12899431,7,0.6094688889035601
886238,8,0.39612839887206447
33191477,7,0.48506015830095717
28302556,0,0.6393975905195818
24456314,3,0.4848231520236806
17334993,8,0.26898984309448315
31617858,6,0.3988371383746508
25998282,0,0.39391289287932396
2768038,0,0.6872547889842582
13305767,2,0.6450704086870589
8983019,1,0.9044464641669211
6940257,6,0.5662950302655205
19276731,4,0.6089218706204976
10756383,6,0.5607849808949907
33449279,1,0.3920220871259225
30301112,7,0.3447096207586876
17671733,7,0.34902366119045564
26581666,0,0.64782384172245
33068747,7,0.44756105155693904
35468907,4,0.3609626070674778
38740631,1,0.6188630207138688
25503926,2,0.48608317093918296
30715650,3,0.48266793282100207
38858982,2,0.4542079672492918
5500563,6,0.49996308278971413
30068578,0,0.5931410322973067
20183020,8,0.457621731695835
17520927,6,0.6065558752317526
15208543,8,0.5612008436949151
6359881,0,0.3766350332794846
11249941,3,0.690910502844002
27967298,7,0.3363726216603921
28258873,3,0.3231166206797914
19962495,5,0.36309626536473355
21465903,3,0.5305381160496967
27048746,6,0.3895068318287813
26188666,2,0.34048051644168986
30352394,3,0.21671158223088594
38744747,7,0.37340033442753995
17110379,5,0.3718227278318213
22843336,3,0.6623739688710095
31148251,0,0.7426570647234652
38213819,8,0.35758658211571565
32999363,3,0.5652843648048412
30176479,2,0.48687425235730086
33200025,1,0.4861351550533457
29207107,8,0.44639501477521737
24231994,6,0.5359594130164999
11351110,6,0.44771999515635064
37620761,0,0.5337782252824839
38491963,3,0.6881330949426778
20665895,6,0.7479196798363555
32671247,8,0.2754662068185813
5577425,8,0.4195225159077904
37081085,5,0.7005564719348243
24663332,4,0.357124892692061
11076018,6,0.6274209088169674
19254974,0,0.5201371911542659
20067316,6,0.6841456453216379
26796316,0,0.6062133529371564
4882674,6,0.5175622029943125
29180739,8,0.47016895411929377
10689273,6,0.4811684391961997
20277394,6,0.6930958598976666
37368152,6,0.5718156149203123
9529428,0,0.8768366073588999
35328487,4,0.3887987140805219
36969724,3,0.7824212035127979
2201867,0,0.5206915428561373
5764449,2,0.42144647008411895
29519051,4,0.7151287742593477
22571800,4,0.9787068476113904
36608834,8,0.7893746326371316
36945410,3,0.70433841618694
34913005,5,0.7661511901067631
8556724,6,0.6250973085135345
37014153,0,0.6091229486899333
7060534,6,0.41964578542859526
34377278,0,0.5306303073948905
34106696,8,0.5678967071449352
23393687,6,0.5988330351710386
38425775,3,0.5682568705409401
32443901,0,0.27931224047254716
34179675,5,0.4936199057478709
5441961,8,0.815879921534087
8918847,2,0.6579264511343561
26879942,7,0.7210760411469725
14423896,0,0.6866916632274436
22273985,8,0.5054188884432611
19274503,5,0.376194326739317
3419202,3,0.31653220890202444
210629,6,0.4967513010976398
26626238,0,0.5262253825038754
37529333,5,0.35392057632277807
3452489,3,0.8430301191652652
25257932,8,0.6074064169507437
3467723,0,0.32350518468306333
38000237,7,0.434630949728463
5617322,7,0.4194709861231504
36834574,6,0.46863009404793143
9832622,1,0.5880328293285034
37750899,6,0.36082338722109136
9307836,8,0.8921295638382722
25212804,7,0.38068027222092427
11807955,2,0.7346914248754599
328964,0,0.4811122001879187
36243708,7,0.6132256074188939
24075340,1,0.5657091658277243
32620164,1,0.8143041232254287
19694360,2,0.7362319643200796
38427570,7,0.45603563376213546
29069306,2,0.7449511442997945
2233422,6,0.47209181296328867
28774824,3,0.31883130380654673
12935407,2,0.6268374952352487
34090316,6,0.34241939873640376
3899593,0,0.999999999971226
22177059,7,0.7137276462132539
34483142,6,0.4075778645758929
11125690,7,0.434483856374557
883520,4,0.34486666626462165
32039423,2,0.8439653780059888
31100948,0,0.3415965733170229
2526589,3,0.5020102093958265
8356907,0,0.7201705157976994
33843860,1,0.44207443513786376
39964728,4,0.6016336970168987
30802158,6,0.8692729595133727
34429375,7,0.2570765502323054
18263285,6,0.47560549687199344
22572768,6,0.286151645993531
13714790,5,0.5804925585120297
19712395,1,0.40894144468433435
37055664,5,0.18285937238509734
39952592,1,0.6648647058802041
39995912,0,0.566042409159493
17386151,5,0.8555582611606548
11601243,6,0.476219087217659
21923120,5,0.9999999999905579
2619129,7,0.7398091996671867
7362770,4,0.4373250953585866
21352925,3,0.7900484545990977
6963302,6,0.5718014000922284
28099106,1,0.31283067891281796
9644784,8,0.3736164435184636
6450228,6,0.4842953144619007
1386093,6,0.383678430084902
3497223,0,0.9999999999664997
28489598,8,0.2822692113951284
19898403,5,0.5737209728166015
33113135,8,0.3841826201318636
13094829,0,0.586106337181631
39227706,0,0.5254729137760035
13993492,8,0.4565328245897692
6855984,3,0.6646989917267587
36841861,6,0.516806498173891
8074850,5,0.37597495704776984
15296126,1,0.8709639906986439
33831289,0,0.4636532127602475
33536525,0,0.5160029180485193
302867,1,0.8627166439313709
35702535,1,0.5463640383982352
29835163,6,0.6351626109907481
36023521,4,0.8250722214659556
37134281,7,0.8570210296966021
11574850,7,0.8612574185855042
39998184,4,0.9242816033486627
38839828,6,0.44289917153189823
38977929,3,0.5113688168721674
26410206,6,0.5702067447855689
35559678,6,0.447156990763531
8689825,6,0.6248158132036707
13982442,2,0.3062131961066766
14026851,7,0.4181163064018715
807863,8,0.36567321472789266
33228369,6,0.36054617840543796
7772253,5,0.49815447028096627
11861704,6,0.6323946979523744
22995375,3,0.44921024559054606
22553679,8,0.4187321148168721
29437675,5,0.42784718815358525
20553596,7,0.39393422919737525
11563816,8,0.6349752347895025
32902832,5,0.6137721653775035
34789658,4,0.31849759163433633
19630737,0,0.8661308158070825
11518252,2,0.37193016272750107
30387793,7,0.5545728774398122
23184410,6,0.5152883256072137
17862520,6,0.4906369967685527
32193211,6,0.608892853661867
29880154,2,0.6616521136824441
24665536,7,0.5495165648093083
38602884,5,0.30865121315869015
15515218,8,0.4424686493384285
27993036,5,0.893082675858966
30024717,7,0.7196648927721256
19393677,8,0.47038626856940535
39946601,5,0.5443497333072719
19704067,6,0.8498042249174353
3690380,1,0.8636643260156327
15004838,8,0.45013555186980586
18117806,1,0.7191304129634026
27181990,0,0.8935161014384105
39043417,6,0.2934858746812456
15341762,5,0.9686868338632533
34798558,3,0.8292873429891247
29957968,0,0.652791515586574
21512305,5,0.9999999999929758
36815187,3,0.3249535142346115
330383,4,0.5547250648911072
21222458,1,0.624758421339927
12086724,8,0.5488189497386713
21961037,7,0.5587817998794006
3687702,5,0.7057526763550398
32540422,6,0.29904081016303347
2301458,8,0.8285920775337047
8814383,6,0.9635327509731922
32160439,1,0.712786468623999
6807459,6,0.3950896857059965
30337602,0,0.3644771543195616
30539564,8,0.5566683985650611
12521575,3,0.36540210879850327
26404893,6,0.63268902037418
30094682,5,0.5900832089926358
32655778,8,0.44512466939344364
36343197,6,0.9636331533441972
37283514,1,0.4917322967435804
26083293,4,0.7956172794025137
29347626,6,0.376512880255993
35880249,4,0.5933734717506147
17066451,8,0.5684603513809463
23232463,4,0.7375504933839606
38026431,6,0.5430771036269687
1918270,0,0.6365334645702149
30684872,2,0.7353458122398265
10888373,8,0.35537488596287853
24932730,8,0.42766100338515456
34740102,1,0.5377973282167883
2085592,0,0.24202888358152572
11062417,5,0.621396948531982
34143988,4,0.7430360206549589
12855534,7,0.5209185451920706
27887393,1,0.4017125207488027
11371415,0,0.5523332790346639
27421282,7,0.44980610234699453
36006248,4,0.3922149640190519
5848184,8,0.5042122334274305
33969479,2,0.7984649330865612
1776290,6,0.8103755718362743
35765317,5,0.6058736452294237
31237499,0,0.46074606984271227
17535127,3,0.32906095880094083
23156116,8,0.743884345225798
16971396,6,0.5447099407240775
16396599,0,0.3298884597619926
16267450,4,0.2856146679661403
19645908,2,0.4921747068296717
10459041,6,0.5683908023075261
13111899,6,0.8412692266765337
18249177,1,0.737052980551131
28489031,0,0.36089317290167494
20098238,8,0.7534625205470245
39580427,5,0.32718336165373585
35210564,1,0.6579955540576544
2419416,3,0.3003216599517387
6734487,6,0.43186059938603216
32071337,1,0.578278143002896
14396178,6,0.44803135440483743
30222389,0,0.2986715903501351
33593485,0,0.7089273882162014
32216391,3,0.2880818308835273
8186828,3,0.8190941434129475
26578264,5,0.4961693960836433
24884756,2,0.800423678632621
37276888,5,0.7682079597146597
29219386,6,0.5626458172406018
32612026,4,0.9301348076929795
37634370,5,0.9647033080647296
16720033,6,0.4151739488174282
19227798,6,0.3431759641745258
478655,3,0.7830919780413931
36250928,2,0.5588362963879054
7585617,6,0.6127791003408085
31459325,1,0.5367101785716866
39963452,6,0.9533641493924391
8280533,8,0.6880456874868246
29190966,0,0.4553376265323215
33821264,1,0.70034532959154
35643326,8,0.6306194865159774
22133694,0,0.7293742971239255
7614869,3,0.5038470207350039
35603454,5,0.592722782687886
38529246,6,0.516833742184335
16514138,6,0.5886609870200229
6101902,5,0.5018325443080764
1122691,0,0.4521686318506996
20434470,0,0.7931558400924442
32699740,0,0.5107216990377954
36002197,3,0.5785571687443838
37917208,7,0.5847021271101996
34357439,7,0.4067557590049659
33760441,6,0.3770942277183112
30251145,2,0.6908660553960551
24621808,7,0.33302050939279904
37559279,6,0.46902153261168816
10055045,0,0.8491964252574178
13070759,6,0.9844755797014791
24017943,7,0.8583961886836016
25796140,3,0.47359066696917945
37623036,0,0.9999999999732021
6541771,6,0.9315944153347799
30133278,8,0.3769253406349045
12564043,0,0.4558468316717699
11732792,7,0.5821511509757374
1052613,6,0.42270170781357524
17065009,8,0.41556895284308454
33611969,8,0.6406688577953403
32354312,5,0.7383598712783132
2773164,1,0.5511364288317171
28246304,2,0.48329800969048486
8328493,6,0.577993055163057
31592791,4,0.8358265918087379
24101426,4,0.3134366208257851
1734001,1,0.5238923126329821
39926533,2,0.8120646908558806
22095074,1,0.5263609217264312
36600293,2,0.999745156186598
12010140,3,0.6624090812039498
6356041,0,0.8776487466849614
27221223,3,0.5966245366121632
38243055,5,0.6583195246227931
37124512,5,0.6859080325547303
36364357,7,0.41553308935041755
22968652,6,0.5989652292079863
30372907,6,0.3843359475418127
19710362,2,0.6504130187488698
10146959,2,0.757387301163333
27735999,1,0.6284487054362305
29307448,6,0.38918465420487386
6320954,6,0.5739917307031613
27818607,0,0.2657992871803335
37037751,5,0.5644865538011817
4064464,8,0.6432381341495201
16327107,2,0.45824908306141104
2541254,6,0.8248640967062404
33077395,2,0.7221205635360001
26207392,3,0.47145877294124955
27208413,4,0.738480203307198
23056739,1,0.3759129146563197
34046626,4,0.8406555754576125
24371304,6,0.25880653570022816
39165078,5,0.6406983844841335
17046421,6,0.4416931577933113
6824062,7,0.863311325463746
26198847,6,0.7221907915940584
35963509,5,0.39252609360527285
23062193,6,0.36781565246347026
26588154,3,0.5350157287684203
36242349,0,0.6159524688598469
19821525,4,0.44505228583435413
32881905,4,0.770591547821749
2581217,0,0.4203294368759364
14992675,7,0.5253624764903956
33153821,0,0.83502393824468
4088731,1,0.4785043854199073
26080808,2,0.8568862705070144
35454093,6,0.4228095710152162
10566382,3,0.4639232390852532
13323929,0,0.5459483778555488
12056115,5,0.9890234075449014
39642663,6,0.45471223658069304
12432130,6,0.7519275218811898
27098762,4,0.423183344333726
38602963,3,0.4293833110144326
6834388,8,0.4643302515748362
37354691,0,0.3911049568260897
12124959,6,0.6257453734427786
27333915,5,0.9426022681921369
29517825,1,0.625507459463262
35153942,6,0.5737015462339357
15603356,7,0.6354698647812342
20182748,0,0.7718914737551815
13055776,0,0.5186273571296784
2207875,2,0.7504616831190638
24739533,6,0.5365893313834048
36308320,6,0.4132867185796748
29861653,3,0.6265344832532824
24511046,3,0.6312170461320684
17633734,2,0.6671511022990261
34030573,0,0.6810943245311168
33426715,3,0.5737012668231056
23378076,5,0.5874633386047917
25898282,8,0.40274029312666965
28003189,4,0.354399225700488
24414647,1,0.31310013160201366
24060728,7,0.6466588002026443
27670396,0,0.6737464963069358
35425476,6,0.3951026579600237
901704,4,0.3146537604256088
26428941,8,0.7314076859572326
6321795,0,0.6845840004959625
12785133,7,0.36997070758291495
15649257,7,0.544068653961151
35735064,0,0.39975724373876714
37174909,3,0.6144257203441874
19200608,7,0.4920193450342762
14905866,6,0.32464530194561286
23599650,1,0.40932348102845784
19657301,3,0.6536829423122801
19394099,6,0.551922474487586
8247151,6,0.3210246332604909
22648641,8,0.5848559792771107
3460867,8,0.46100705188867913
3936798,7,0.9054393697493732
36442900,1,0.7380484112710054
18700929,2,0.9587332113134039
34434353,8,0.6379809880176688
23066149,1,0.48060596920271853
13854472,0,0.34717907054988467
30492556,4,0.959321215791249
13820954,3,0.8956907268384093
36766355,6,0.46671895578056666
34020508,3,0.6504127664387004
30990342,5,0.2589633536316879
16078366,1,0.467407246226497
21393454,3,0.9374242189219874
19160571,1,0.3704570579056561
18129860,2,0.4791952428643968
16797459,8,0.4024760867796757
34323570,5,0.8873968479980975
6678266,6,0.6126476149596165
23229649,6,0.4500991819243434
16746609,0,0.9999999999787603
32697958,4,0.4784544620343127
36590898,8,0.5723655110036723
28551122,1,0.6919875969542612
36076136,0,0.8285223852573312
3762199,6,0.5099969834239875
34004922,8,0.6029680668485539
35620938,8,0.594635658412674
24212450,2,0.4526218398622371
6031007,6,0.9224211542372391
12623571,5,0.6780876782642862
8193965,4,0.39153184428103177
38599261,4,0.5760871647687505
18657935,0,0.7456861137395081
32099273,3,0.6445361897005654
30082300,8,0.7425726902998959
9108238,6,0.4364220499054396
2939070,6,0.4895118566969188
14003924,7,0.33826043510531556
24806069,6,0.6407620699585103
35281989,0,0.5163023961187305
13324439,5,0.5532587032388505
39400302,6,0.4351870736367696
29382145,0,0.7112903262859817
16042773,0,0.35463616040619605
37733892,5,0.7666317279031143
35437458,2,0.645463089739351
15898798,3,0.4510656008001751
35483111,6,0.6783285056844911
12925227,3,0.570874572068551
17995668,0,0.28274522960653575
34187515,2,0.7820047285953133
24481169,6,0.5146492577894733
30654895,0,0.5986156772019866
11943831,0,0.5135323113666347
1315425,6,0.7379379291386894
3096953,6,0.49134172308183566
7501557,2,0.7294128727501719
27554036,4,0.4851559197525767
33461115,7,0.3960813214823114
4525735,7,0.4704880613804194
14783714,0,0.44998487107968166
6243276,6,0.4237106430596168
30227503,5,0.2651226209095221
26271715,4,0.44472340748676426
27241726,6,0.3508821920733629
3112469,4,0.4794794710622113
27872305,4,0.6544715935043816
33373465,6,0.4257202078097813
5966852,6,0.40671691917624314
15933588,5,0.7861140858010491
3137685,3,0.6350524251177586
14660541,0,0.3550896722980429
38057096,0,0.5392583436781113
23255308,6,0.42436207205833726
31308318,6,0.4681207130807028
26313520,6,0.2700322375285377
29933701,0,0.5326118597227156
25397971,6,0.25034693359650056
28155383,0,0.3197166308257179
21682086,4,0.643506253858635
10499258,2,0.6430882179376264
8543730,6,0.5268762484435622
28733625,6,0.5700566939784505
23737316,6,0.3964470194649325
27531010,2,0.429783863818594
29931461,7,0.553131887350773
9223579,8,0.5524909551104558
30732569,1,0.4694010167092843
15118741,0,0.7582228483780441
37480466,0,0.6211225659033656
22402599,6,0.5442659303654219
29871621,4,0.8193233545985091
10513235,1,0.45771159331002076
27900812,7,0.33025085600565635
30449763,0,0.5913786408341191
5853948,2,0.3075245813267582
8718878,4,0.41029004964918936
12995925,6,0.5638851975117695
3139922,8,0.459325160711642
39946750,0,0.9999999999810771
1224585,6,0.8471781309501566
34146628,1,0.3499983787466365
12014042,6,0.602965754714676
28209329,6,0.47481353281820554
29612259,7,0.47950806953001524
31124329,7,0.637924852389943
31130450,6,0.7020494605993903
16307640,1,0.7000491181528211
36702370,1,0.46381125196081374
35402874,1,0.5526369766478746
29682133,6,0.25856152191368775
8275746,5,0.6800165724183878
28664813,6,0.6368337406417399
31728810,3,0.73230278190276
4616272,2,0.579555380323388
10545041,6,0.4243115927728261
38985598,0,0.375337430371648
11487036,3,0.9850077169238683
35678215,2,0.3307895431321546
5249917,6,0.9000438681346952
12651618,4,0.6448026179406713
32550269,6,0.4494871034878933
8749505,6,0.29017501040430344
5263712,6,0.5382782997265964
30771652,8,0.5418377838464783
31328367,5,0.9217555580825239
618827,1,0.36050370932892484
23846973,3,0.3133896258274941
27468051,6,0.5204670861491681
10693808,3,0.521971594841488
34544588,3,0.47966897722096846
31621154,6,0.7212667209248852
25311754,6,0.326150641594484
12885860,5,0.48800066665288133
31393322,7,0.5500656843888051
29030682,6,0.7596626500785059
37840809,1,0.5253708063212409
25455462,1,0.5325037635125075
9933920,6,0.4203495043538272
16903409,1,0.38502955080540896
35963592,1,0.7585208768831461
1059594,6,0.7559352398436238
7769419,7,0.44891336010942323
118467,7,0.5364237461591789
39879746,2,0.5949782855512404
17737638,1,0.4549475246634687
28038453,2,0.582162574260985
36186554,8,0.3346641194367658
18647236,7,0.35915998823251283
22874513,5,0.658043482147082
27767662,6,0.49584686200142797
5791766,6,0.829627000398069
10340439,2,0.3645534446894848
8647735,3,0.47240549466414006
39734304,4,0.9999999999840818
22002726,1,0.7015300664668297
14896982,3,0.3959676582515893
18899648,5,0.7295282105203551
11062773,5,0.3637699819320485
31436881,0,0.9050881235199328
16198789,1,0.4772938238895184
28074495,0,0.29989929010820165
36693486,6,0.3996226375097796
36907242,7,0.5308926699802177
14694834,3,0.769627851806026
28440708,6,0.46752172106204587
24705646,6,0.3425630739931758
6094171,6,0.2907438172296298
16953149,6,0.5642922333024123
12864911,7,0.49138582616701587
29321077,0,0.6553220951623411
33176278,7,0.7391274561757294
36212494,6,0.6590832210667291
6474549,3,0.456020254818337
21659375,7,0.6981048784118312
8402176,6,0.9625122183849703
29590988,8,0.9009626645297099
30233109,3,0.7336014870385469
36377688,3,0.7883211914564118
1998261,6,0.4830235039635113
32608199,5,0.5950718610348578
16774889,0,0.327350138810226
32930452,0,0.5141171648125048
23784905,0,0.601993700369684
295670,6,0.5037547434081755
35439244,0,0.8936477942612647
16517303,6,0.5007683228591422
28694021,0,0.4210600969942528
35945362,0,0.40952390922112025
35104067,2,0.8009183819598912
33493723,4,0.44950788037967987
16332861,0,0.5309641531077431
5638334,8,0.48718343010233883
36795745,6,0.2564298307882489
28228218,0,0.8877674927287078
37959724,4,0.8031468573941526
35838690,0,0.5083867009506036
7117318,6,0.8184595991961945
26558617,8,0.6725595321690903
36757965,0,0.33369372760491106
