question_id,cluster
28086865,6
39663117,3
37259168,7
22412231,7
25090735,5
25279059,4
22719224,5
7549662,6
28233633,5
40091963,3
1366274,7
1751959,1
11596423,1
23042962,6
4638806,2
4585692,1
39397720,6
35880247,1
32969757,5
2323080,7
32535816,2
20383151,2
3610071,6
13596408,1
39970303,1
38164587,4
19094441,0
26077231,7
39066567,0
27462337,1
22865573,5
22739592,1
23785155,1
39231607,4
39518350,4
25571861,2
31614866,3
15745418,7
15900883,5
32023183,4
39549494,4
38895185,5
35792905,1
17717282,1
11040626,3
36747114,1
3695202,0
29552575,0
21058514,6
33769143,3
6239042,1
13144158,4
34278866,3
26080958,4
5834054,6
25705544,6
27542341,6
38316294,0
20110006,0
33127008,7
18596189,6
2483840,1
20803932,5
4848965,6
27056575,6
8701419,2
4690155,2
26673267,5
32463870,6
36908926,7
19472499,1
38780122,4
37015876,2
12030085,1
29859761,6
33753832,1
4676973,2
39111903,0
27177212,7
22108306,6
38792077,5
32589767,2
3402694,4
35942081,2
26753268,0
26487648,1
19338748,2
19111047,4
13980656,1
30849351,3
33655933,5
13163895,5
13356680,3
16991754,7
18380766,2
5522524,7
39521924,5
36795424,0
19665125,7
33792478,4
4054254,1
25109001,7
2631311,0
843277,6
38879470,6
32906669,1
23873048,2
31350589,7
37730751,6
11816236,1
11376381,0
36053881,7
13336798,1
20298058,2
3068408,1
21465348,3
37066402,5
34394344,1
36447378,1
5075335,1
36507334,7
25709818,0
35046142,6
38591938,5
37390827,4
32683412,6
34880137,7
27434689,6
34708972,5
7765113,5
37864425,3
6107905,1
39978375,6
4968210,5
25462305,3
35641116,6
36816386,7
34683400,6
36820171,1
26005274,6
38477881,2
10639333,3
25387745,2
40113343,6
29080279,2
26615756,7
6655724,6
38876562,0
33592626,0
29144956,7
23970227,1
5531249,3
35224978,2
6650906,6
24037441,6
12311196,1
1056675,4
24020720,6
14319771,7
5289680,5
19919987,7
22127346,7
22983523,3
10587826,5
29581718,0
21897420,4
24419845,1
28624489,5
1693945,3
17124199,7
21397455,6
16494824,5
21436163,7
18896682,4
17621531,2
36534795,2
34381588,3
31538738,1
36813851,0
17173743,3
17327389,0
39341571,7
18968660,0
12485148,1
32705146,3
9584565,3
39331369,5
16059073,7
31253866,4
24743446,1
2465675,5
4713589,1
19216046,6
13369009,0
37541248,4
36518512,5
29408529,7
23617898,4
40006924,0
39394936,5
34352419,6
22731782,6
19484161,5
18352815,7
4255854,5
4717238,1
38704586,1
33572928,3
35846053,3
38343972,0
39396222,5
3842927,0
15966537,0
23154821,6
23580176,1
3489451,0
34052977,6
8358781,1
5566160,6
9952655,7
5258402,1
35822563,5
11601629,3
7184454,7
23779995,5
18767257,4
10292057,4
9193773,1
15194061,3
33452601,6
13664861,6
29922373,6
28410763,4
35006204,3
11017984,0
10459673,6
36854690,7
20129259,1
21434728,0
18667053,1
39448604,7
9852226,6
34452680,1
18821795,2
10903748,0
25375057,3
32723802,3
16044668,5
26770121,1
15661231,7
21403044,5
18946286,4
35625488,4
36301179,1
23963369,0
21047921,6
28677597,6
16597396,7
19430190,6
28085788,0
16664360,5
8973238,4
38343213,4
16329869,3
14621310,7
27524817,7
29029077,7
8573464,1
28930706,1
18486244,6
28384690,1
3905548,1
18689026,1
36689898,5
5513615,3
14902299,7
38579256,6
6871686,0
10424987,6
33492593,0
27440989,2
2193009,3
31419145,1
30025502,7
15265319,1
38289432,5
36697521,3
38038700,6
35440222,2
31400143,3
9014056,6
27118886,4
40027392,0
32078763,3
25064271,5
19833315,2
17202946,2
1258199,3
21705101,6
29832659,0
16816379,7
20202639,7
822195,6
37467812,0
39847007,4
11268039,7
29621334,6
17459700,7
3165213,6
31473998,4
22301531,6
22787091,0
25903242,6
30699806,0
34071495,2
39128412,1
37749111,4
14734492,7
13167852,7
39721813,5
30444863,5
28228720,3
30016119,0
20109487,1
35461213,3
17528842,6
34133667,0
13446989,4
16435697,3
12612229,7
17412087,4
35505498,1
34422238,6
27810898,4
17229045,4
22254151,7
25319851,0
20966102,7
38117824,7
17384485,7
8320106,7
39151443,3
992136,1
26984555,5
24422724,1
19693782,2
12139428,5
24286544,3
14863576,6
26214245,6
25379098,1
9526873,4
7385374,1
928806,5
3861148,2
39533524,2
31946790,6
32689758,0
22946117,7
15555589,7
3134850,5
10831075,1
20629113,0
28917968,7
28999332,4
21739518,1
18241359,0
13010551,3
11651188,3
9100431,4
34657480,4
15898829,5
13729394,1
6603448,3
4293408,6
28862412,3
35590796,2
21735827,7
23111625,7
13093806,7
33426634,7
30032701,3
15622082,7
17819311,0
7381998,2
36169342,7
22120887,3
11850762,7
25726289,1
13792798,0
31657423,6
19655688,6
23409982,3
23704826,3
8535913,6
24540431,0
23021976,7
7199405,1
36447597,6
22386064,0
32660596,2
34662357,3
37166891,5
22411463,1
8953035,6
1905396,7
27208757,2
9645924,4
39509080,0
11366294,1
36385992,2
7969552,6
29418117,4
9486345,1
10773372,1
13936169,7
33680750,0
29471617,0
33971496,5
35585362,7
32177449,2
11388632,1
1111173,5
30036443,5
17320133,3
12853628,7
23159019,6
1956249,5
35722096,4
18799033,1
6438260,4
19782309,2
13018266,1
34336273,3
12851374,1
15821830,3
17060930,7
28267756,6
38778676,4
32358269,7
21886526,7
14413661,2
4113014,5
26897759,3
38618888,3
3442920,1
23800972,7
31063601,1
28705834,0
27607638,3
6931039,6
35761561,6
28288395,4
32874900,6
38071436,3
27219759,3
21158731,2
26361113,5
27034416,7
22253695,5
11622692,0
16837642,7
3894923,7
17438943,7
37732552,7
23809636,5
39143465,1
10866990,5
17197406,7
2470121,1
34005479,0
32079691,6
28477877,6
10497342,5
22534552,4
14922533,4
35593961,1
32141623,2
35583510,2
12170262,3
28022998,6
25775965,7
22891586,2
7973002,4
11798323,1
35330733,6
14429724,1
18598238,0
14195544,5
17005775,2
33325603,6
16787725,7
38960196,6
39829846,6
26278348,1
6203653,1
37865763,3
36491375,6
23833324,1
30585679,0
34462682,6
18456841,5
7070693,1
16387597,6
23295868,5
21045437,4
32334346,6
12810499,0
24109713,7
23891486,7
36362175,3
29701951,4
5315873,3
40140412,7
22436864,2
14236633,5
38881888,6
38807067,4
22848533,1
23711762,5
5164307,5
3898572,1
4360636,1
31402734,0
23872285,7
1431936,1
39407747,4
27883769,1
4888440,1
37022787,0
24624809,4
19610240,5
19617959,4
34714863,5
818942,1
29244434,5
33333980,4
1229414,7
23506306,6
22603750,1
38723055,1
39836449,5
34411047,1
33979709,2
34525893,6
12328678,4
31111493,4
38367206,5
22665833,7
8779497,7
28722677,7
38384829,4
13824973,3
9770133,1
29566846,2
14579231,2
33658216,3
22561495,3
5918633,4
34383951,1
27575354,6
11228153,1
3407414,3
16813088,6
2038247,1
33713149,3
5445462,6
31872863,6
3486372,1
17492923,3
24058127,4
22787826,1
24404729,2
7768633,7
8930370,0
34584484,4
17370820,3
28658918,0
25285665,5
14588682,0
23205147,0
11897028,4
28078327,0
26698401,2
33720318,4
553019,1
40121221,4
31960214,2
24981505,3
24607358,1
37302934,5
23839662,6
29901471,7
24834926,7
24087593,7
36258215,3
28119877,6
3730616,4
32991977,2
2828962,1
32040304,0
26805232,5
24056286,7
21039589,1
15807611,2
9870182,4
21922382,6
16500443,7
22156574,7
7829007,7
33751388,3
7629288,1
22133696,2
32121236,3
2828059,3
2041978,1
22251169,4
15258017,1
26187054,3
14258702,7
31949339,7
38679516,7
27194710,0
29847082,0
27959962,0
25914854,1
19261392,0
25490432,1
21640880,1
25455067,3
27790357,0
8449454,3
19169352,3
29743523,0
33657182,1
4295799,6
39084519,0
25720742,1
35540265,5
15947517,2
10475448,6
22878113,0
16022579,5
35984404,3
26876438,1
10018679,6
34257693,4
31795092,3
9445835,7
19527097,1
14658945,3
762764,5
24591917,7
38237598,1
1842389,5
23618728,1
29545601,2
31307014,3
38447314,6
14621224,4
2415842,5
20502312,2
21113773,7
31487381,6
16700779,6
14533936,7
32485542,4
32813162,0
30834395,5
33405490,5
28882496,6
7556499,0
32740320,1
11481618,3
24376574,0
38219558,6
28520450,1
36131003,2
8299270,1
23234436,1
37830512,0
5403138,6
37662869,1
3586295,1
35258750,3
33713501,1
24057239,1
18478240,0
35696980,5
16022245,3
2524998,6
35332978,0
16981303,7
34662173,0
37471079,7
6162823,6
36163949,7
15378537,5
38708729,4
16110968,5
27772934,7
21784116,1
11824137,1
22899536,6
34322896,1
20444155,7
15541418,0
39776675,7
37019240,0
12559778,4
12658224,7
30380551,6
39214277,7
29973598,1
26642433,6
36152287,6
4098197,5
36894878,7
11059203,2
39792641,7
1364583,4
6912867,5
12289861,5
2743070,7
19715854,6
26352833,7
15638468,5
18117748,2
18324753,5
26762053,5
18915481,0
21285022,1
1720743,4
37579590,3
6322158,1
36091759,4
36764709,1
8590813,7
8904271,6
13209539,6
32877873,6
1325568,1
35287254,6
34957004,3
34064104,3
38808452,5
14006028,1
26683509,6
34755256,7
20136274,1
13111025,3
18838328,7
27284196,1
27990497,0
18581174,1
33929929,2
37289559,4
18883222,0
19441031,1
30293680,1
29300175,1
550804,7
19228711,7
38361224,3
4476354,4
19961071,6
39408038,3
25663653,1
23378498,5
33442872,4
5772148,6
29641616,2
17039151,2
32239077,6
17088224,5
10011302,0
34576409,6
8934530,1
5234944,4
19545979,1
15881439,5
30746167,0
25429219,7
27827503,1
16820635,6
8674426,7
20602488,6
35825289,5
36034926,4
28594000,1
31577926,5
33303952,1
21366021,4
25028105,7
27973941,7
30492313,0
6335906,1
14779216,1
10599347,7
19915264,1
20341650,1
22244837,6
36612981,5
29997186,6
4782028,3
36068943,7
34856717,3
7389109,6
29591313,7
10860774,6
25543741,7
35997393,7
35871625,3
32731554,2
32821143,3
16705670,7
28128514,7
17887503,5
35692719,5
21282039,4
38528332,3
36725130,0
35998123,7
4065085,6
14355642,1
33067867,0
26741204,3
8158536,4
39580929,4
26711396,0
26936345,7
26295092,1
14924795,4
23355661,7
17398040,4
35423366,0
8764895,1
20600527,1
14609467,7
34574351,0
21309172,6
21713148,4
28522671,0
13440956,1
34216141,7
29363697,4
31806428,4
35407893,5
21370722,6
36923265,1
37242036,6
35628640,3
11387439,6
11580789,7
9937781,6
36425234,3
23103370,0
13703295,5
29796140,7
13711187,6
31468597,6
26949091,6
18064914,0
32033557,0
38877102,0
17220997,1
37661073,3
11280464,1
34315152,4
11298909,0
29489717,4
14898089,4
26321618,3
39029632,0
22557758,4
6165819,2
5891359,1
30264461,4
23420021,4
5812318,6
902039,4
14532634,1
21392956,7
21699022,1
20262687,3
14184623,6
10110295,7
39366291,7
18245975,0
22876655,3
25856475,6
21175922,6
8063012,1
36738309,6
31388828,1
39626338,4
30405420,3
30067180,4
9914393,1
15442717,5
1181233,7
29775539,6
6649990,7
29794853,6
14850960,6
33665542,2
26527493,4
28759361,0
36386761,4
144218,0
33335937,2
12894154,5
18131839,3
2591580,7
35356198,0
26106833,1
22331396,4
29590189,6
38906797,7
23935029,4
26822873,4
31348238,5
1554673,4
17252024,0
32325075,4
10368153,7
37432161,3
30636248,3
21153407,1
39355483,3
22135108,6
22179718,7
1672113,4
32705280,5
23210644,0
14199168,6
29972991,0
31878409,1
26166248,7
19604825,6
19544545,6
26441236,1
21528899,6
18692818,5
25407738,4
31644677,6
27651993,5
12182744,1
33914593,7
30754926,3
18428457,7
36210157,3
34706485,3
36163147,5
28951256,1
18472826,1
10818445,1
13143218,6
26887558,7
20456759,4
30354380,7
33314704,3
4106332,1
39450903,3
37659066,7
18615022,5
36014646,7
19376994,7
27000754,4
37454726,5
13754880,6
34005062,4
39976348,3
9515559,7
26188763,2
39050676,6
19132927,0
23531110,4
24785657,1
18502197,3
32868911,5
22263679,6
5415199,5
19414060,1
2680619,7
22816409,6
27981595,1
31436023,0
31605888,7
38903443,4
26440574,1
13179917,7
27715429,1
31911465,5
36789493,6
21367320,7
26002936,7
28082017,1
29467807,4
7680343,1
12945387,0
30270899,0
27999685,1
22488693,5
35685146,6
30331943,2
37232804,1
19012948,7
22716035,5
11959434,1
37644773,6
31655788,6
18166360,6
4698755,3
38164191,6
28599012,3
31693683,5
11462235,7
28634422,2
19791208,7
36967011,7
13703724,5
14633290,5
23055860,6
21848033,4
30202445,4
37058194,5
29836948,3
12868559,2
23199042,6
33804118,0
14398868,0
37530500,5
28975467,5
18312886,7
35228991,4
14828945,6
4163740,1
33597066,7
37310695,6
21649113,1
29597831,6
34818228,3
36289259,0
35922675,1
32855029,7
19670697,7
8979031,2
1151207,1
38358521,7
24062013,1
21310797,1
40063530,7
7074051,6
31353423,4
30998543,4
36607953,0
33984132,5
5972506,1
11636162,6
35135979,7
16575250,7
21189294,6
27851087,0
31501806,6
26941785,7
19295832,1
4922623,5
22752467,7
26328818,1
17858553,5
38876429,0
29070176,5
23343709,3
26224484,5
9270931,6
33335291,6
32894378,3
27885855,4
22869719,5
22522330,4
28614911,1
34936193,6
34447789,3
32422279,0
34897280,5
32838397,6
10455538,6
32170913,4
23759873,1
7274521,5
7881110,6
27789298,0
30289289,2
21542301,6
5903501,4
25469869,1
22699808,6
3651339,4
32427207,1
36504073,0
28178477,3
37550934,3
36066054,6
4513937,1
37493102,5
23716734,7
29965571,4
16883360,6
23006023,4
25839183,7
28646271,4
24509307,4
9375878,1
20098319,1
34525277,5
31231115,0
39346549,7
4131546,5
28521142,4
27434153,2
20391489,1
35550913,6
25492346,6
20441762,5
31449291,0
26923433,5
27000546,7
32376579,1
27289344,5
29704164,7
21607965,3
39297328,5
34687818,4
20462833,6
39843230,1
16500798,7
12065019,6
35179953,6
32231896,1
4785918,1
32975638,7
29222034,7
23311483,5
19121894,4
34601505,3
12880324,7
35353771,1
18157259,6
26921854,3
6854662,4
37913101,5
40038519,1
16121686,2
37111118,5
27195594,1
37521814,5
6895205,1
27414913,6
6849582,1
37685459,1
5046845,0
31268914,3
21512572,7
21721545,5
17571349,6
22676327,1
22488553,0
1490429,1
27391292,2
19646627,3
16678500,4
35944841,0
23140799,4
31088263,3
29785941,2
28399233,7
26246233,1
9174234,7
6466628,5
30703988,1
27237072,6
23160476,2
23522539,3
34180827,6
27915151,6
39314024,6
38988705,2
900420,6
27587108,1
38685620,1
37560990,1
27957831,1
36892829,1
6713463,6
5180521,2
35374933,1
23288447,6
4226824,1
3247183,1
32905668,4
9312082,3
20018092,1
35141092,2
39370510,5
31192752,3
36582696,0
34015615,6
39018998,7
34048210,6
2900362,5
1999412,7
1080920,7
2863406,7
18439316,0
20887555,6
15398865,2
15169015,1
28814603,3
35630020,4
29545547,5
11380380,5
23640624,4
39491918,1
28015865,5
34427715,0
28256804,5
5068100,6
36802811,4
36661682,2
30610885,3
39987071,0
37956517,1
35795089,0
16746685,7
26954694,5
30668106,2
36164170,1
28277137,3
14888843,1
32872828,0
6681243,1
4735732,3
32852208,7
28513480,2
17944235,6
29096898,3
35351203,3
20638999,4
24764431,1
37200386,6
10773010,0
20012919,7
37646631,6
38013618,3
10044903,1
9283606,2
33384112,0
27038061,1
2102294,5
37231619,4
4717751,7
29061751,1
19002235,0
36655901,3
12888655,1
3746672,2
25317270,1
31108850,4
19256155,5
35324657,6
35778136,0
5551286,0
38073332,3
2102216,1
19236833,7
4560554,0
15761528,2
29690535,7
37901186,0
9484232,1
34117072,6
4919681,7
1489041,5
23641871,5
35032792,7
35261895,1
11216894,4
38895856,3
19804129,6
24811286,5
39901860,6
31924543,7
39663469,4
37045399,1
20710532,1
11251257,6
32350505,0
15374291,2
28267870,4
19728908,0
22466821,6
31984914,1
39086029,0
21586655,7
38622500,2
11715227,4
32577351,1
8957429,6
17309453,7
21527770,0
20365878,3
18240549,5
36286333,6
34674558,0
25927578,1
22041231,1
38269658,2
31385175,4
39964995,0
8820451,1
10526847,5
4695337,0
5474624,6
33944914,0
33795241,6
12391092,1
27291870,3
22796024,6
34367353,5
60680,1
31917430,2
24330068,5
13077939,7
38509208,5
33060192,0
9917334,6
5097005,1
25705707,7
29171937,7
10554276,5
20329927,0
37355662,1
32217242,1
30751547,2
30838820,6
39406836,4
1071277,5
39003251,7
30107606,6
2345331,1
8223137,6
4922926,6
13900946,6
11124121,6
2553672,5
21731133,4
37266221,1
28640971,2
5824859,1
11726866,6
9041958,2
15724672,4
29687761,6
34197936,0
5452931,1
10095299,6
37837311,7
3068839,1
39313273,1
15409132,7
25277433,2
18135547,6
38385558,4
21478132,0
16451509,4
34059399,0
30634243,7
35087630,6
14283086,6
2405936,1
21147095,6
10121485,5
17596250,7
35661474,3
38686206,7
15555968,6
4010507,5
23451359,7
3463698,5
9118322,7
27518446,6
37783991,7
11005233,6
1423214,1
37681840,1
24727929,7
2397324,5
21188579,6
32554641,4
31236247,1
7258245,1
39121709,3
30897250,2
37773037,5
1049320,1
13504424,7
29847535,1
24621792,3
1042451,7
28948385,5
36265049,6
24947418,7
31264735,7
20037426,5
15272637,5
40024017,5
39174657,5
35919242,5
19550326,6
33476755,7
38788066,7
28354550,6
25619945,1
35570319,1
23894138,5
4877924,7
28630249,3
29928457,2
38648328,7
18438934,6
38790368,3
33807424,4
12448426,1
23834765,3
24801534,5
10942236,1
26853262,1
22811382,3
5409308,7
23808918,1
15635972,1
36409596,0
24428091,3
29406767,7
352079,5
14469685,1
34789938,6
30759381,5
24370721,6
37677496,0
12062715,3
27302424,1
13658930,4
33928553,6
11606091,7
24099620,0
30595908,1
16491594,7
8288133,1
35360816,7
8695422,3
23047450,6
39400957,3
34554347,2
18858676,7
9428419,6
1098118,7
7279355,5
25299624,2
28679154,1
12326117,2
20302196,6
18844894,1
16821674,1
34367078,7
4924273,4
28125565,2
12108913,5
1824735,2
23144164,7
36527407,6
32802334,6
18881741,0
7834907,7
26745536,1
27042627,4
17978073,6
32213251,7
7276232,1
34063514,5
15841024,6
39652954,5
5407647,5
25917528,7
23640588,7
19216630,6
2733660,1
5127991,3
39837732,6
7660231,5
22043658,7
18905392,1
32580489,6
37768058,0
39323817,4
32394655,1
34550005,6
8027065,4
6889640,1
33135942,1
3265232,6
3448505,7
38309025,6
23529312,7
20112500,2
18653004,6
24809425,2
19315030,4
21047524,3
27662072,3
36870792,0
14225513,1
28206600,7
20741435,7
32974691,6
37716326,7
13531247,6
31192256,3
32239228,5
33027687,7
21542753,1
5866475,1
16976405,2
34011154,3
28622414,7
37413144,1
33245685,2
863234,1
23221747,4
20037687,6
33371664,1
18695990,1
39131755,1
10068419,7
34344025,6
39372150,1
35282826,7
25435656,1
24366775,7
16728695,3
34481205,3
28066146,5
6134933,1
25839070,5
11056821,1
17875037,7
21703142,4
6978331,6
37191442,6
2378110,1
34788422,1
35407514,4
11832824,7
26989736,7
38860185,4
15110685,3
27100278,3
37471934,5
35101847,7
29839397,6
30064894,0
30681997,0
791098,1
17437025,3
27558559,0
34543830,1
10446440,4
9567326,2
26598064,7
19889821,4
32879491,6
37788567,7
12406827,4
28794015,5
26914900,7
24650612,3
5012560,1
33959632,4
39971597,0
19373759,3
5550145,7
13936170,6
22801307,5
5882006,3
18353203,0
31518664,7
38600982,1
19648648,3
9384918,1
22489425,2
29463075,0
33496350,1
33772547,1
31397170,1
29322753,4
7900488,1
22098390,6
33190668,5
36972604,6
35464931,0
22367854,6
34451403,7
19507010,3
24024510,0
35736598,4
33242629,7
33761087,0
36574494,1
23945949,1
10428399,6
27930732,3
35006623,5
31467421,3
19922370,2
92928,1
24557707,1
26326663,5
24617100,1
20990538,0
33641756,6
26933761,4
22976596,1
5756427,0
3332494,7
36388632,7
26797025,0
17968100,6
34157247,2
34071433,6
33071152,2
37379492,7
7339685,2
14968560,6
26757412,0
37150065,2
37851443,1
25468014,5
19513761,1
14292349,3
931699,1
38983743,5
33694940,0
7065761,5
8497428,0
17584973,1
25779274,6
12838111,5
26620076,0
28673564,5
32970960,3
13168374,1
38405158,4
21071264,7
34463263,3
25585151,1
35342769,0
34896705,1
35981030,5
36546998,2
19250247,7
23360801,5
34322778,5
32084646,5
37140143,3
35228855,6
32869518,6
4239825,7
1195911,5
24524576,7
35946442,0
37422982,3
5629745,2
2825364,6
40122639,1
7076349,3
21124976,7
29443497,4
17492512,7
12527525,6
36873924,0
30921986,6
8612391,5
17931579,1
4883270,6
26544888,1
32974976,3
31269974,6
34597243,6
27743043,2
39143671,6
39798306,5
31341622,3
14218992,4
36827182,0
12076259,3
36707741,3
39792325,1
14673547,5
25458468,4
37006542,0
18222933,4
37403816,1
37329448,0
27317045,6
10011035,6
37213139,4
32365395,7
32462757,1
34377408,2
25991081,5
40028975,7
34417577,2
5322860,7
27449670,1
17210650,4
122327,4
36949105,0
30224418,2
22665215,0
15533680,5
7864519,1
22284430,5
21119726,1
17943523,1
35456478,6
24171075,0
9304983,4
11647805,5
7778215,1
29757848,6
37516575,1
30376266,0
20749599,1
26728001,5
13351341,4
11917944,4
34925849,1
28456089,6
13014297,3
16130154,7
28271185,7
33629782,6
2360291,1
36870722,7
38187330,1
37040867,6
39054328,7
18040752,7
25926957,0
33106298,5
27951295,3
25702118,2
35121538,1
35304024,6
34571352,7
35833520,1
19877306,4
29391630,4
15732491,3
20228649,2
16749659,6
9637892,1
21059929,6
32171909,6
31108022,6
22054978,3
14056723,1
33093213,2
11922857,1
24554376,1
38437189,3
26744155,2
25747362,4
13502623,6
21987701,7
25241970,1
814227,7
36867567,6
23679431,4
1163113,5
25519354,3
29292831,0
30643229,4
24125945,2
36783579,3
22991226,0
21436618,7
16396686,7
39128086,1
6795330,7
18238184,1
34258650,2
38712462,7
33571511,1
30356812,7
18557390,4
24314801,7
29784774,6
40010438,0
21899416,1
31395766,5
24815943,5
32157306,6
34471068,6
16192502,4
40129428,3
33616747,6
39322708,5
25021271,3
25018102,7
18679108,7
20329628,6
39407674,6
37102408,3
18118622,2
14219058,6
33683603,7
34275053,7
31547932,7
5832143,5
20473137,4
3309878,1
33770844,7
10647165,4
16070160,1
24283958,5
25128994,5
39615520,3
34128777,3
22850140,7
3737900,6
30082330,1
33007626,0
6154409,1
39892605,4
15737245,5
33621935,3
17985774,6
16901130,4
9251040,7
21924275,0
22912351,3
35663705,0
32054046,1
30041484,6
6048576,7
37771263,0
8083263,1
39698432,2
319426,6
38052930,2
33986784,3
39598606,4
34229140,0
31670575,1
17389011,3
30669492,4
22785193,3
24044330,5
38182258,4
24590022,5
4263001,4
30175285,5
26255530,4
21456078,7
8870261,6
33072866,5
15951448,7
36455382,7
35830915,5
24434690,6
34730452,6
23685092,1
33193180,7
18989291,5
31999669,7
14743127,7
20431640,7
36359869,1
24960814,7
7063743,2
32025676,5
39018232,0
29659497,3
20931571,5
26266464,7
31304007,2
34006658,2
38554640,2
29975588,6
22018652,6
28992000,2
37967949,7
10979534,5
37317140,1
26695506,6
4007289,1
31663578,1
959479,1
32596431,3
3274334,1
33345482,7
19566419,6
15889817,2
28628836,4
18920010,3
36959580,5
30828030,7
16616728,1
26761963,7
26433682,6
32758479,6
30025824,4
37664850,3
28045238,0
17757350,0
36564059,1
37732180,4
39002849,0
7619109,0
33707300,0
16234975,5
38223910,0
11667171,5
24789782,7
33203655,0
32807745,6
25182685,6
37761173,6
19479934,6
34610959,7
6194659,2
38836312,6
20561808,5
30100016,3
29936563,3
2352018,6
33700328,1
7553306,4
22396761,0
752308,3
9762301,6
8583136,1
39140679,4
15033409,6
2671668,1
33206356,6
20905350,4
35847419,5
15978571,5
17894168,6
19865347,0
29066411,3
36850514,6
23004729,1
36894678,0
22785929,0
36605866,5
2090424,7
37089933,4
4651693,1
20892096,5
20649282,1
30252258,5
22939059,0
32117340,3
28725367,6
28411806,3
24588543,1
7101126,6
39028908,1
20579740,7
37043151,0
36645668,4
27182350,4
14186260,3
3616721,6
35073718,1
37026745,1
40079435,5
18788878,6
1659380,1
8946810,0
22254253,7
32895660,3
15761059,5
1203639,0
17129393,6
35084454,3
31079649,7
25157090,5
15754208,7
26793625,6
15322171,7
10539823,7
31387113,3
40120122,7
30064191,6
7960982,7
34051702,7
27243170,5
21827818,7
9100909,1
3343768,3
3976772,1
4222595,1
39715354,2
4686241,6
17754152,4
16620391,1
32929952,6
790960,0
29039488,3
34768129,5
32860263,1
4923509,4
29419316,3
26665799,6
14982912,3
22925096,4
34849733,1
17389388,1
16039092,0
39634736,1
32929318,1
28405899,7
5174770,7
18181322,5
26666511,5
7829188,1
1043382,7
23012623,0
7894261,1
18504753,7
37902450,2
35704716,0
2402694,1
33826600,7
9120765,5
34316403,0
36772434,2
25465264,6
38041609,7
20042717,1
33725345,6
39753281,1
29149805,4
38070435,0
17797489,6
15450661,1
3676628,7
12825140,6
39829578,2
26445760,6
11856013,5
33133964,3
3177057,1
37693497,3
24381482,1
35082076,5
36731365,3
27434593,5
26327189,6
35852579,7
29094291,3
27531620,3
14448447,6
23713434,4
12265695,6
20073240,5
13151785,3
18137614,2
17117912,3
34626618,7
32808410,2
27407430,7
17625438,6
16561754,6
26284205,5
542596,1
33363207,7
28552998,6
23591507,4
32865597,4
4795772,6
5081610,1
26441740,5
35311343,5
24122568,1
36513625,4
31950550,7
258296,5
25991666,6
29489107,4
27352907,0
18842779,6
28161862,2
23637219,0
15660297,3
29458228,6
29012685,1
32868944,6
27734776,7
21126625,1
11359538,6
40008407,7
30539575,6
7960600,2
18511962,4
12866132,4
19772023,5
35713739,5
11766287,6
6140439,2
26598559,6
20021725,1
37518337,4
25888357,7
31477714,3
20843549,6
15511349,3
22717179,5
29335486,1
6592054,7
33077804,0
26627553,4
25150939,7
3297028,2
39960942,5
35108639,0
8234923,4
35527349,5
2897590,1
26446973,7
33727000,5
38648176,1
10921162,1
13327615,7
1986152,6
35192519,1
22163045,2
36837385,5
2435764,6
12975769,1
6875944,7
27866796,5
9519346,1
33092732,1
37221480,1
37366418,1
39435518,1
11181519,6
30017614,1
33457258,0
12586734,3
18974728,7
29197248,5
31360386,5
38770681,6
23728949,6
34664700,5
28456347,1
2554758,1
18166734,3
38255422,7
35849994,3
39482836,6
36150868,2
9153844,7
33984470,1
3866520,0
27364923,1
32641895,7
34519831,1
36747280,3
11971667,0
32140096,1
28675310,1
27917054,1
36991830,3
36323608,6
27209071,7
6811549,1
19469963,6
28702293,4
17646023,0
14174395,6
21977987,1
2922072,6
19819821,6
13881621,7
24673036,5
11221728,1
37104100,6
31837310,6
20649595,3
35810416,0
37978225,6
21317284,1
35091623,6
27406293,4
36918953,1
32615697,3
31264321,7
27372479,1
15229202,7
28929139,1
31066930,5
30020930,0
2025964,1
3985305,2
29104323,7
38530407,3
28421540,5
27691147,7
21847312,3
9787815,2
14021987,1
11501843,0
38303797,0
37776748,1
29975111,1
34042123,0
18768093,5
33429487,4
21497591,4
24045554,2
37306741,6
905005,1
21274526,1
33780334,5
30627899,3
12645782,7
5768406,1
18696303,6
26702689,7
3843188,6
39821339,0
5431958,1
9817292,4
23837877,4
4870771,0
30343156,6
9314824,7
10318351,6
7348144,1
33288798,0
15756007,1
36584425,3
31561965,0
16755042,2
24573354,5
34081424,7
30691347,7
30418181,0
25836358,7
2278665,1
31123308,0
36204534,2
23707644,6
36592907,0
24640154,3
21145909,6
34775833,5
30022017,1
27062652,3
20111254,1
21802519,1
13242221,2
4872183,7
18626533,7
15709227,6
25303839,7
16276268,0
21647054,3
9148782,1
19123269,6
15828294,1
31577280,3
32919316,7
39616631,6
8439042,6
7037938,0
20160983,4
29729956,4
36001620,2
35433166,5
37127556,5
38806295,1
30564818,6
18346894,6
31584379,1
40056887,0
31500173,6
32728212,3
3238150,5
33395903,6
25253618,2
33313048,7
23282945,1
22109712,4
36297610,6
31185130,0
22649379,4
14332114,1
28488492,1
25459285,2
38594352,7
16927428,1
7884712,1
33319060,1
3503861,6
17568481,3
10492548,1
17408825,5
7016509,2
28032722,0
33802391,1
16989842,5
28259366,6
40120596,6
26104434,0
24432209,0
32873396,7
8865878,6
39642258,1
38646500,0
25724318,5
37911091,6
36332976,5
23660424,2
4538962,2
10181035,1
25718961,7
39295996,2
30898365,4
25234921,7
7600235,0
37628372,4
29562943,7
13596407,4
3889038,3
34876656,1
35244913,6
4467230,7
28206826,0
12594239,2
4208659,1
22335171,6
28333732,6
33590599,3
18385524,6
29159680,5
19678641,0
29433259,1
34004042,2
12013813,1
3300406,4
39665712,0
34358550,3
33994158,4
3340528,5
7948510,0
37230696,3
26195181,7
25429410,1
22370117,5
15418093,6
34984015,6
24533951,7
37811767,1
28693433,1
11881900,5
37605531,7
35193688,3
7542651,1
4996085,2
8194489,4
21798501,1
33713472,0
37838023,7
33841523,6
31650997,3
39488380,7
36305573,4
28940535,4
15005240,1
13037462,1
11025777,1
25713022,1
23618231,3
4261129,1
36338020,0
31477393,7
22649703,7
12112172,5
29277831,0
25675998,7
15321993,0
29445943,0
9187579,7
14551484,7
28687087,4
2137539,6
29800157,2
39526134,3
3945028,6
14986129,1
9854869,1
26932870,2
13753213,3
29870209,3
7931382,0
29590365,0
24621889,4
20485141,1
31865990,0
31446640,6
30981249,4
35680848,4
38890265,3
15868424,7
6665577,2
39231865,7
35906266,4
16527834,6
29035533,7
16682563,7
11039209,7
20313002,3
34045618,4
2140219,1
33089019,5
16121545,6
5415679,1
7683116,2
17668633,1
19827368,7
31577163,7
17588699,4
23172265,5
20616307,5
13895526,1
35641414,4
27894253,0
25803567,4
18676293,7
29175519,3
6012604,6
13829666,1
37906835,2
13325954,7
26720106,7
39236601,0
4235004,3
11661822,7
2773416,0
1640054,7
8313705,6
20366031,7
37726207,3
4775875,4
36523912,3
20715408,4
21911853,7
20177899,5
3520672,0
22241343,7
11327736,6
18796117,5
33467537,5
9606364,6
35053507,4
19099756,3
38866526,2
37863458,3
7781448,2
2381241,4
39299548,4
27758999,1
21843143,7
32417520,4
8856523,7
13343577,6
33868862,1
39969717,0
15424895,6
14580787,1
15174162,1
27119700,3
32642785,6
36020079,2
883679,6
18267314,1
3288250,6
18856646,1
34406169,6
13801557,2
37766683,0
24373965,3
3818881,1
15807317,4
26705027,2
16434405,5
3018036,1
23680976,7
36247394,0
33502170,1
24134085,1
20928661,0
29637150,0
33011551,7
40114549,4
11492138,7
35540360,2
33823776,1
3261693,1
37683741,7
12549319,5
33678959,7
23849295,6
34288969,7
4819437,1
38215686,7
38816302,4
17273685,7
7961216,6
28212280,6
26473859,7
13559696,2
24709342,1
9391546,7
23314553,1
38556188,0
29248537,6
34637757,3
28195660,2
37813859,3
3823599,6
24414204,1
31234308,1
13349573,5
38129746,0
39538576,7
37634899,7
26328623,1
16405242,2
33066034,3
25090714,6
33728416,5
25480639,7
11205571,7
20438686,6
37932966,2
21393107,1
21317567,0
2413144,1
29221502,3
17557756,4
15817577,6
15479902,7
26712080,3
34670670,1
456867,4
30550918,7
18014580,1
35332852,0
39861280,6
38906513,0
38195089,4
31169990,3
604453,0
28511343,7
26533379,7
28756816,4
35026716,6
33577657,6
21706570,1
29349801,5
35373236,7
16654743,1
38033570,0
9784422,5
31035934,3
14691865,7
2549616,5
39456283,3
31842651,4
22978023,7
24792480,1
31365592,4
26465546,1
39271424,0
28507913,7
18287315,2
26876921,2
30252960,1
13537300,5
1711483,1
36463979,6
26962973,6
13787258,4
26621993,4
14861843,5
9344252,5
878143,1
27546500,7
26325233,4
34833307,0
25652379,0
39121577,1
27462227,3
10078564,1
34323908,6
11565492,5
12939791,2
34725704,4
34206696,0
15609348,1
40033979,1
25839946,5
15452996,6
577467,1
24498306,5
32518358,5
39843491,6
34013932,1
2863270,1
37090291,3
26676249,1
17166351,0
40114836,1
25087072,4
8568242,6
35629694,3
36133447,1
2082474,3
8326192,6
11872270,7
13188711,1
39013564,1
27518863,5
30434323,4
40030481,3
4010218,6
20026325,1
8563394,1
37791386,3
29390384,1
29268915,3
38646886,7
2752008,5
6826495,7
18617854,3
34865335,6
34260687,7
38214420,7
29442774,6
36236960,6
27770826,6
37504245,7
29577571,4
19554261,4
39536288,0
35049772,0
30650583,4
1765757,5
31091954,7
35400056,7
26249367,0
36876035,2
37818978,7
12055601,3
1638751,5
39608282,3
25799264,0
32323030,6
547829,1
36326246,0
19480449,7
14804173,1
32506956,2
15006622,6
38444010,6
31378804,5
9041681,0
37955929,4
27319439,7
29828786,5
4910203,4
21842950,3
22253658,3
9745909,6
29387060,6
15706911,6
21470039,3
32922535,1
7908295,2
39841276,5
23334022,4
14990376,1
31100251,5
5321767,7
38187781,3
4593695,5
25044549,0
37132000,5
10650146,4
4637420,1
29755656,0
39246374,4
24548279,7
33681858,3
29708564,5
31593772,4
29804422,3
32868211,6
32417338,6
24250515,3
23763300,6
28973277,7
15896493,1
29560630,6
27118511,6
8071254,4
39047784,1
3182153,1
26300442,6
3319632,5
38677022,7
24562175,2
10941830,6
3077490,1
37416600,3
3340015,1
37056981,6
20052885,4
37736021,5
6555573,1
5958793,1
15150275,5
24707811,5
16773857,4
10761769,6
39761444,6
39252170,3
38496831,3
31928897,1
22530081,2
14006482,2
16376732,7
37521454,5
25470428,3
7085512,6
32489601,7
29549149,7
31689133,2
26483054,7
39716433,1
15929676,1
32152233,6
28328890,7
21856383,1
12374176,6
1017388,5
10868530,6
16238462,7
38704037,1
37000346,7
19108182,1
6174369,4
31648992,5
24768455,2
7896462,1
38741395,0
22862105,3
20356215,7
10304467,2
10176037,3
7881133,0
14760703,5
17839922,1
38037873,4
13851041,7
20298407,0
38305946,0
32106805,3
39146027,4
14819098,7
9870221,3
39252323,1
40040726,5
38273916,2
31961688,4
3339562,7
28922374,7
40141134,3
32597668,2
27753350,6
20137321,7
28774852,4
1716554,6
28335202,3
29113461,6
8652140,1
24070082,5
32177308,2
18915941,3
35272985,0
3293194,1
35341399,0
13927576,5
29393646,7
35265632,7
2643244,1
20746505,0
14735469,3
28008807,5
33866503,7
17138952,7
4979150,1
29455660,6
24740104,5
635200,4
14418264,0
36810785,4
12608747,3
19389083,1
5522471,5
9753680,6
31684878,6
35274840,0
33190298,6
26828226,2
20931295,0
38403141,3
293482,7
38293647,5
32871467,3
35895466,3
10990895,7
7459204,2
35457358,7
31569216,3
35262753,7
5056152,2
38106808,7
25697684,1
3209529,3
34957620,3
38791898,6
36000668,0
35581490,7
38803150,4
11764203,1
37789747,0
15513618,5
19658703,4
24358611,1
12154579,7
30902050,0
9763675,7
6532065,6
38242677,1
20969744,5
31473184,3
32234863,3
30558116,0
36954453,5
40066680,0
28180301,3
3164086,1
12763505,6
37883325,0
7194701,1
17613250,6
36809368,7
37287922,0
18004030,2
34800915,5
7196427,5
10158269,1
39662975,5
25905752,6
20724856,2
5440098,7
28916554,3
27240287,6
34710842,0
32167758,6
27918091,0
10621324,0
17161420,7
627772,5
39664995,7
21818783,2
39817834,5
28209436,4
2761678,1
38168949,6
24274023,7
2799731,1
4981963,1
35301624,0
21576252,2
39587863,3
23475610,6
10221704,7
33745052,1
3465568,4
22703859,6
5366928,5
15725458,6
36895627,0
27952608,5
1003247,5
39086664,1
22415643,6
38499625,0
37709164,4
31387880,0
36736445,4
14819849,3
2243895,1
8020408,3
31861042,6
37098313,7
4588889,1
12266208,3
28505987,6
24418368,6
21367792,0
22512462,6
28376538,7
24576044,5
31489523,0
23725294,1
29171896,4
28026470,5
13355290,1
7963595,5
36202770,2
32123528,1
38340414,2
8691419,0
4094933,7
22719650,5
11134539,5
36704286,6
33910982,7
14036344,7
26938110,1
9600474,4
34909446,0
14320836,2
18159874,0
10423385,6
23705290,4
3330933,5
29722071,1
3161827,6
14874965,7
39461414,1
12019661,1
22493293,3
23227680,1
5011077,5
31207250,5
36120184,5
31794127,1
29124000,3
1188944,1
33790792,0
38821726,7
19597575,3
5406393,5
9193323,2
17823629,6
16049395,1
26630245,6
33555048,4
19718233,5
29773991,7
20741952,5
26618666,6
34255517,4
21612779,7
22220856,1
20974252,0
10559018,3
30298144,3
32465143,3
19869090,7
6410062,3
11790775,1
23577505,3
14515239,3
8519647,1
29200348,1
35004097,0
21079579,6
36562052,6
23037479,6
36123877,5
9335768,1
25019153,7
15864522,0
24837040,4
15545952,5
37870407,1
24065052,7
16847157,1
32313946,6
6616270,2
38306904,7
10152290,4
38683881,2
28473660,0
2824612,6
20661733,2
26870873,1
9753730,4
33864661,6
38129681,7
12208427,6
2985678,3
38516110,0
32590591,5
40064411,5
26607303,1
25050504,6
6336911,3
31417661,1
20616540,1
20104874,3
18224468,1
20586328,5
19936033,0
25301466,0
16675039,7
8848294,3
4117038,6
1829340,0
4419532,7
28881140,6
11813548,6
38644263,6
16574573,7
18784615,5
38806208,7
28930477,7
20037341,4
34538762,0
20731983,7
3217715,0
26850164,5
30044142,6
24168812,6
10319699,7
35644481,1
30722305,1
38797177,1
11666537,5
26957437,5
37266282,7
18356185,4
24106575,3
35688703,6
35230959,2
6878303,6
17576448,1
3158098,7
12332392,0
29760118,3
37870148,0
32026365,7
36863081,3
8300364,1
16236157,0
39804301,7
21438890,7
11045510,7
21221813,1
3680022,1
25293881,5
24173250,0
31349356,7
3803386,2
16952462,3
20675534,3
4203417,5
33418838,1
14885002,6
7962094,6
15878501,7
18768967,1
28220146,5
25816506,5
10901247,5
15487106,7
14803780,1
8721040,6
7616998,7
31848877,3
34929650,5
1226091,1
31250542,1
23102041,4
37204323,5
34793047,1
21110915,6
14386822,3
24140497,7
22534598,5
36342098,7
12840340,5
40087681,6
7208096,5
1823588,5
7020313,5
37528782,4
21717671,7
38278578,7
25372877,3
27904399,1
18968607,3
24872225,1
3867718,5
25212660,1
16091689,6
19942399,3
26851151,4
24663564,5
34954102,5
18578265,5
20462542,0
23267750,7
13328121,6
22951775,3
27526431,1
9310360,1
10971033,7
23965767,2
37339367,6
9629532,1
37471436,7
3014631,1
33048636,4
29181220,6
22304231,6
22450116,6
16741435,3
14319525,1
26427644,2
20423598,0
26697843,4
39359693,0
22303408,7
14777488,1
17544424,6
22831375,7
33573807,7
28509551,3
15843419,6
37053169,3
25491786,2
23358787,1
9048947,2
13721289,3
9691346,7
15926358,3
38733247,4
5307991,5
23173220,6
3715323,1
4788748,1
10618144,7
11039500,7
10224287,7
29250011,5
5426637,2
21437666,6
22378876,7
15437320,3
7654729,7
18705373,1
23553102,1
38667728,0
11059801,7
22144324,5
22913490,1
37705016,7
38167388,4
35520251,5
35761682,1
21081438,6
38271772,6
15109425,2
18331129,3
39917313,0
14690398,0
14030935,4
29586949,1
9125997,1
29055634,7
24291941,6
16862501,0
31006311,7
24613347,2
15890892,7
17130935,3
26056316,3
22793465,5
8730499,6
34085607,2
38170566,2
18782241,5
34844961,1
31435071,0
29049771,0
28154976,4
37023166,1
22779650,3
11672513,7
27302795,4
36794701,0
39282848,4
26874829,4
25814675,4
16110777,3
25194557,5
30748378,3
14225361,1
28924553,7
23905703,0
29055439,6
36792222,7
33356753,7
31295352,1
24715229,0
23263071,1
32929910,6
5715217,1
24316906,1
35536670,3
22766366,5
20394025,7
30675236,7
7611510,5
29323850,1
29053122,7
33248875,1
33995477,7
13111410,1
31991806,6
10694150,1
31568441,1
6535062,5
24693714,4
28516906,7
33253657,4
3123796,5
7384066,5
2380031,1
31194718,2
22179800,1
2990945,4
38333259,4
35818975,6
22935732,4
30276185,7
1645384,7
36315314,5
17577821,6
29403784,7
26744920,0
17662887,3
28392937,7
4110511,7
33916150,5
15840661,5
38808959,2
13404368,5
33294758,5
22688854,2
14821297,4
25234137,6
30310885,1
21039786,1
24269795,7
21953121,6
19466343,3
31668444,4
27178055,6
21509858,1
12533119,6
31215172,0
34113548,5
37218887,5
13845608,7
23068872,6
17180560,5
27135635,3
35784095,3
14668475,1
29184871,7
9907778,5
20115578,1
36049580,3
21890792,0
17610275,6
38897091,0
31177029,3
31978948,0
39132439,7
19907865,5
31039043,4
1872016,7
36278041,4
18501867,6
17535318,7
17146816,7
20481027,6
9674065,1
33634310,0
33178216,4
9488945,4
39762772,4
12444770,5
25145384,2
17896936,3
24830952,3
30483977,7
15035409,0
13052282,2
23172325,5
30607428,7
29334505,6
16294174,1
33506372,6
11164286,6
1120139,5
40041902,2
7251414,7
20249397,3
14410453,7
19544589,6
28978491,6
15030011,6
27388403,3
30839297,1
3449039,3
16668639,5
38647525,2
32569722,6
35820782,1
13939677,0
5237485,3
23902645,1
36333737,1
11020663,5
35633421,0
29745593,3
21412318,6
10962448,6
25273365,0
34793989,3
37644632,6
26881631,4
7486189,7
33595230,1
28831539,1
37360343,1
38777654,1
9316697,5
22773905,2
19733666,6
10511654,2
32473192,1
34884408,1
38540394,6
34333594,0
30969513,0
6273191,1
6808798,1
39541791,5
21803956,2
22881585,5
34164137,0
40101925,3
35242940,1
24119708,6
32704870,4
37619571,1
38947967,3
23619945,0
30271882,7
19883026,2
37078919,4
23285743,7
23002438,4
21757544,4
15582956,0
30850829,1
28933739,1
37192937,7
14069890,6
36526140,0
2763432,6
22044220,6
35337250,3
11280388,6
24367930,6
28242902,3
5097092,3
31019573,6
15371505,7
31100433,1
29317262,0
18427711,3
19337952,1
39529662,3
26292906,0
21362224,7
7502566,4
13202649,7
33737126,1
35808754,6
20248760,6
17592581,1
39618814,5
39196788,6
14313025,4
39914160,6
30242328,3
29452735,6
27032991,7
28789986,5
34436091,1
33137277,3
19688078,7
22403897,6
22859493,3
35992600,6
8031636,4
17156769,6
36702421,0
36953452,0
6197580,7
13918652,6
749000,5
24627919,1
12799772,1
14794296,3
34130717,5
19803039,4
23460357,6
19084223,7
37032174,7
37247111,6
9224284,6
38405122,2
34833473,0
32661495,1
31523241,0
29349522,1
39454471,3
11622700,1
38691009,7
33344809,6
21929716,1
39384922,6
27390751,6
27618651,3
35754837,4
35362707,2
7259316,1
34988748,6
25183798,1
39584544,3
7433232,7
31905949,4
26661177,6
1780763,6
31216574,7
12886902,6
7092821,7
32636307,5
7995202,1
31094044,2
28712167,4
37981890,2
13309255,2
34739151,0
32918014,1
7668551,4
35933201,0
13872174,3
39071050,0
37852994,0
30625881,3
14929304,4
16484167,6
17403175,4
11394820,3
30006740,7
31254278,6
37176167,1
39864563,6
37472336,4
31548586,1
34145566,0
26392752,3
39396610,5
31923003,2
21963929,5
28949303,1
36494860,7
28976249,7
38725187,5
30272269,7
1053344,5
885625,1
13167990,6
39518534,4
19573477,7
31437660,6
31057009,4
19494449,7
30362023,0
34269772,6
34012417,6
2924781,1
37441698,7
35894570,3
8537375,6
9006093,2
33795535,6
20720108,5
32152613,1
32514077,4
24265375,6
38315475,1
1610781,7
8682848,6
29882322,2
18835525,6
34023927,7
3494780,6
21830650,6
20801032,5
37528718,5
8367609,5
30719986,7
17819152,4
19508028,1
4642589,7
16786633,6
14505086,5
39302594,1
14294353,1
15182284,6
28500422,0
10914416,7
39507711,1
30676333,3
31504353,3
36839212,7
6479676,3
34132279,4
4494532,7
22186207,4
30210677,5
30633320,1
12241550,5
6014428,6
17755621,1
37279357,4
27489781,7
40076534,3
9876838,1
30710144,1
8394680,4
30357527,6
28099784,6
18213789,0
22072112,6
4903413,4
14220505,4
29988241,0
26785354,0
601874,1
39090875,2
28097247,1
12975456,6
35216526,3
30607364,1
38952059,4
29040609,5
40127794,0
40018083,3
34955321,3
33629033,3
16892696,1
4413912,6
29268012,6
14755946,1
35291232,1
12550379,7
26302575,3
954823,1
39652788,6
30194277,4
40061520,7
26283259,7
39839968,4
39036229,5
27112708,1
34892420,4
38573769,0
36252310,0
39427540,0
25944968,5
5396447,6
28950020,0
18522273,4
17827758,1
38214721,6
27921902,0
19530375,1
34053223,3
5250183,7
2049849,4
27341801,4
14497022,5
15951228,1
36018851,3
8375329,6
25404179,1
2443383,6
31608133,6
27645172,7
21514517,6
12959615,6
24746582,5
16731557,7
27984840,1
26902034,2
33665467,4
6036129,1
34375363,0
33170862,1
36486079,0
29460274,7
31225140,1
23618769,5
29372745,7
3411469,4
29420870,4
23403190,5
22846048,5
22972720,6
23281782,6
38165636,7
6354260,7
28879485,4
25904090,5
21758760,0
15080672,5
2266503,5
13871769,6
26518730,1
12179271,6
20858516,7
30294905,3
7493459,5
31145163,1
28035995,6
22048996,1
11219770,3
18348634,1
10388411,1
26472114,2
19945963,2
16861013,2
22308945,5
21716368,2
1057638,7
35809398,1
8286015,2
28384680,0
35087283,3
20860846,7
26747122,1
39306811,7
1512600,1
35329655,7
23446565,4
26288294,6
28856605,0
28460881,6
24077760,2
2501431,1
24947814,2
30881858,4
28316815,5
3443157,1
21383115,6
33544897,0
33476590,1
32776762,7
32667423,7
16951602,6
5363856,5
32402536,6
5656564,5
35644599,6
25849696,1
35196753,7
27930334,1
33093117,2
14099308,2
30174143,3
5321789,1
24162379,3
20528152,2
34005494,0
25212696,4
33653724,7
4330723,5
38419554,1
25642134,5
20019516,6
25235833,2
35447865,0
5928959,7
11357851,7
29612925,3
32210270,7
18518326,6
12902134,6
28094766,4
31105931,0
32237379,1
27925113,1
9617001,1
16730559,2
37152307,5
26330342,3
12023488,6
34414111,0
34191340,3
10653422,1
37324606,5
24313055,6
33525279,0
29401025,4
28427236,0
31128622,6
12577179,0
23351876,6
35176862,1
17788030,1
32705272,5
22938101,5
15836692,1
29019340,6
5933313,6
23927803,1
35504329,0
19447456,1
5465010,1
22239909,4
4828598,5
35471471,4
17262540,6
22686339,1
39070030,0
33768386,1
28830953,5
39733655,7
24216729,5
37455933,1
24334431,5
22084163,0
39617894,3
25415479,0
7976684,2
21447174,3
27657018,3
15096306,1
3500997,1
17065413,7
31941685,1
13023073,3
34565895,1
19270960,3
23125243,5
9219313,2
6284413,5
39352371,7
26624193,3
33518554,2
29522874,0
12355740,7
38209343,1
15675667,3
12393044,1
12104005,1
39100425,7
38083667,5
38762247,5
5080756,2
30506160,5
33297814,1
26752252,6
26445403,4
7192390,0
21877327,5
35364084,1
16223787,6
34879508,3
22575050,0
24669497,1
10303248,6
6540502,3
24707143,3
31153536,6
2922628,6
24877912,0
10889930,1
14839366,1
39702803,7
25965332,1
26592415,7
21197304,5
5643358,5
39275533,3
5160965,1
18963819,4
22650393,1
36782588,0
26514865,6
13249341,1
19017324,6
36762199,0
24001123,6
39683521,7
14360006,1
30786933,5
24211537,4
33675624,0
35538388,3
32223894,7
27697939,5
38995640,1
359498,1
34028293,2
11687302,1
37980812,7
39184071,5
29872349,1
31172220,0
20785987,5
39682342,7
31588232,6
29165171,2
10417108,1
1894846,6
17250477,6
33791608,5
22395185,5
29149744,1
32142150,0
9747059,6
18488287,4
13884328,6
27112286,5
30895093,0
35877208,1
21276576,0
12698102,1
22873511,3
10131811,3
26924193,1
7827196,1
2838707,1
34580796,0
24988809,3
26479280,1
33458277,1
3112456,2
34970948,7
16056104,2
30956362,7
29332163,7
13466341,1
34577792,2
37973589,0
30317213,1
38933789,4
2082145,0
35068300,4
38578378,5
30704214,4
37691973,5
39321678,1
20929790,7
36503178,0
13798344,2
37191893,3
8456401,6
394895,1
39258087,1
27647871,5
39490657,1
22212336,0
1445989,1
36454339,3
31270373,1
23166772,7
21622988,6
17203935,7
27167133,7
27571512,2
3419624,1
18542107,6
17203253,6
24981565,3
6737846,7
27133165,3
33469327,6
22269429,6
20669665,7
20677686,6
38488923,7
21346498,2
27137266,0
33971230,4
22847765,0
32640047,1
1347727,1
39922316,1
12189943,3
35189203,4
1249165,1
1836633,1
22493605,3
36603513,6
24254945,5
16100204,3
20160902,4
33259191,4
38491602,7
28672271,7
21495032,0
25372911,4
35633017,6
39644202,6
32114215,0
37640606,6
12180822,0
12915668,3
26097916,3
31720272,7
11763448,6
27989674,3
20883189,3
32801417,1
35805573,6
11010445,7
24126266,4
24045816,6
34596411,3
12784624,7
1861836,1
28931142,1
31805681,6
10035167,5
26297698,2
25261582,1
35587850,6
1351227,1
26878540,7
10555671,1
37832228,6
18340576,7
35247108,6
36899831,0
36313934,0
17135979,0
5673304,1
13113168,4
36428064,7
19017283,2
35522430,3
11722950,5
9319430,5
12992316,2
33117704,7
4427543,6
738301,5
2119682,5
39069841,5
14531544,0
5207305,2
30842119,6
20028202,4
34917828,1
22222662,7
34013142,5
36924748,3
32522750,5
36998498,7
29074509,7
7561969,1
25435908,1
40118266,4
37501075,0
37800639,6
20855090,6
27680024,0
17134024,7
28868693,1
36784908,3
27159558,7
12988780,5
11239567,1
14615847,5
17156943,7
7273215,6
18263475,5
5728248,7
17634940,7
27010588,7
34773838,1
31604446,7
23198665,1
10627221,0
30986482,6
39886063,6
28988814,5
31825633,4
5895588,5
19624038,6
34602999,7
3286607,3
18194440,7
1417902,5
40073003,0
16880252,0
31160197,6
9057497,6
15685894,0
26075841,3
854906,6
27434643,1
21115449,6
28533354,5
13592734,1
39650828,3
38951194,1
11773516,7
18678117,2
32403893,6
33707609,5
19560838,5
34822324,3
4611410,5
29803949,4
22979141,1
28939470,6
34560607,5
38369188,0
10586787,5
35227147,0
29309302,3
30907851,4
23208368,3
22546969,6
35946816,6
23511679,6
16981926,5
24421993,5
26112049,5
39856709,1
6024622,0
14664753,1
20727780,6
31162657,7
37154201,3
28400961,1
5786653,7
1902813,5
29294646,3
27317442,0
5781043,6
33979392,3
23121942,5
4148974,6
26818513,1
39297793,4
38602060,3
32900735,6
2829919,7
17593972,6
11505558,5
38156023,3
30360659,6
13676141,3
39922084,7
36228723,0
10079163,1
14131338,4
38796217,5
9219318,1
7340786,6
37082877,3
33856026,1
28293310,2
22884370,6
37806114,5
30762203,5
18610198,0
8545870,3
27420478,3
11917547,0
26921035,6
12282222,4
21248245,0
19841116,6
25070051,2
22702767,3
29640856,7
22444586,7
17304123,7
37008080,4
19542873,6
24355290,0
36638946,3
16936009,2
21043394,0
23068426,1
12272529,7
27403413,1
2227469,1
23741653,7
39951230,1
13120892,0
34828885,0
13736554,7
32288755,4
24318505,0
30725700,6
8660677,1
37227887,0
29424953,1
25321702,4
19201708,1
29868660,4
29004697,7
13128860,6
21767387,2
33569383,6
28077180,5
31595704,3
11207368,2
5543989,4
37587028,4
16430943,3
16872210,6
33281171,5
38809840,2
14679198,7
28462627,1
3680635,7
37197517,4
36038284,1
3887336,3
15191492,1
10964982,5
25104261,4
28952118,0
27129037,1
18679511,1
32189476,2
18786128,7
39915320,7
35735408,2
29009647,6
33287930,6
20906948,7
22910772,7
29466404,5
6633506,1
40100626,3
34738971,0
2609719,5
27003492,4
39117843,3
13910975,6
36538556,7
2685097,4
32397895,0
25031298,6
28100583,1
1854718,1
24243991,1
40093816,0
33413309,7
39902092,5
27030952,3
22628076,2
37252774,7
25103457,1
1713038,6
10835266,5
26153242,1
39740498,3
39494046,0
13351002,5
1894591,5
37947765,5
25075364,2
25615853,6
11209054,7
37000231,3
18290658,7
36939681,0
38601538,7
21866036,1
33000104,5
33332370,7
14991203,4
26021086,5
22317436,6
30715337,6
22507707,0
34738808,1
38352345,1
18334693,7
27914065,0
29539591,6
16323139,0
29166604,0
3874613,1
16715623,7
29241261,7
38559778,2
31547652,6
26050958,6
15209446,1
40074155,0
35807817,2
26323143,0
12748291,1
25663981,4
33076550,2
10202078,7
30107915,1
39580495,7
30114257,4
1550134,6
38743551,7
22873043,4
13859811,0
36589666,3
20195668,7
18323696,1
28924354,4
28948898,0
33534223,1
32934360,3
39553371,2
10468165,5
36821548,2
15561230,6
21309532,1
39739644,3
35279025,6
29358872,6
25987179,7
39928463,5
9729818,7
21799921,3
38233504,3
33989586,7
34320925,1
7536797,7
19134175,0
28889786,7
23251505,6
25549854,6
19566555,1
36772082,3
37936427,2
30682342,7
22084418,6
36448002,7
9613759,1
9134778,1
18935626,7
31186256,6
11221573,3
24844121,4
39127002,4
35485340,7
3745606,5
21463392,5
1598331,1
39416021,2
37683558,3
38138666,0
34075111,0
36983967,3
38200293,3
33642673,3
6522580,4
24156357,6
6569313,2
35721807,5
27088893,3
13045580,6
39693354,6
10679083,2
27897382,5
38944172,1
18767142,4
16961497,3
38717058,2
29194926,5
23443079,1
25838184,4
21893430,1
14573182,3
27509612,1
26711011,6
27626783,1
26673878,7
2047459,1
31762188,6
25883198,0
33184240,3
13966541,6
33746097,1
36624685,6
9576562,7
10442551,0
21844710,6
40126279,7
38572534,3
29152952,4
10589766,4
11939207,3
28978068,7
17368509,7
26029889,7
15356649,1
38388590,4
21804094,3
39196355,3
13504334,5
11107017,1
33661534,5
21590275,4
1905721,3
38349652,5
16999939,1
36627804,5
30228366,1
4893585,1
20172103,7
22360985,6
37933629,2
22801146,6
18850907,4
8611651,5
30927413,4
20042205,1
7615505,1
29183482,6
3760615,3
11069427,4
29046442,6
10106083,6
31126179,3
17748786,7
26496388,1
29150501,6
37974475,0
32900346,5
20808614,7
12467471,1
28866663,1
35569833,0
14574707,1
37512737,1
39599050,1
3340756,1
36076154,3
832485,3
38192651,4
38509807,6
39313762,4
14663071,0
25297778,7
23658378,2
38243547,2
27343504,5
39723570,6
32344829,4
23944651,6
16062749,5
18293096,7
34491359,1
32239234,1
39403002,1
17499806,7
31923537,4
3686256,1
28953653,5
34929261,3
21557117,7
17411132,1
37434611,5
27600893,0
22921804,2
38996464,4
13408711,6
12642061,6
31957564,1
29625470,1
21995426,4
25358368,5
45500,1
39584109,0
35244546,0
35802407,6
35580460,0
9903053,0
24507182,5
17406470,1
29400631,3
25614246,5
13572522,1
3015967,7
16371352,5
35237814,6
29138743,3
31979081,0
19699432,7
23161913,6
33766610,4
32738824,3
28382850,4
39036109,7
36158700,1
39500513,1
37042071,2
34312258,4
29975811,7
34372102,7
28248826,4
26292114,0
38171196,2
10516387,4
22681763,4
27599654,7
33216515,1
21639446,3
24191062,1
39195711,2
10704292,3
35768633,0
21756204,1
34499982,7
35858146,1
38238208,2
33924263,4
23699432,6
16978755,6
21292974,7
33858512,7
26295136,5
16951331,1
24237335,1
37571177,7
33072604,0
39880244,7
33066307,7
9332222,1
21614065,0
33271926,7
26899658,1
19695494,1
29924114,1
27947419,3
12018688,2
7157768,3
39726661,7
33765029,0
37743773,1
29921700,3
17620646,1
3238558,1
37886917,1
39642721,0
9286474,2
30087815,3
22807436,0
34832869,6
24983938,4
21341306,0
31125029,3
34240818,7
38721265,6
29917123,7
11999374,6
39969438,3
36865257,6
23553075,2
38528759,1
34586382,7
26594332,4
20619851,3
38255064,2
38836249,4
23140529,0
33703775,4
36322986,6
36588169,0
35825967,0
20250533,4
35216788,7
35449270,3
257956,1
13608745,7
31511196,7
844142,5
35477571,7
16935255,7
26300077,3
30421187,4
39298928,1
26286142,7
33349303,4
19614723,6
34021273,0
9417379,7
30063913,2
22447004,1
11208645,4
31749334,0
12452017,3
14793926,5
15034267,7
29225750,5
6196355,1
39482140,1
36571500,7
27568106,4
39980030,6
24464418,5
23655666,7
36311534,3
27451612,0
24640850,5
29324346,1
25422073,0
35754302,7
15284154,1
9737786,6
360368,6
33328656,5
32974756,3
19599578,3
28333760,0
11279804,6
14115318,5
40117702,3
1634502,6
33631216,1
12709194,6
27631702,0
16711923,1
4036009,1
24829880,6
25368493,6
7875643,3
36396004,7
22937653,7
34604660,1
37401838,3
34227717,0
10918122,5
20327621,1
29103566,1
23089179,6
21765938,1
26365544,4
32617538,6
25111752,7
36983233,3
37134589,0
24274277,6
12333004,7
32708530,1
28893314,0
3131488,6
22691249,6
34078500,7
36045059,6
20406771,5
20296224,1
8881993,7
39369260,4
37736531,5
17715222,4
39418477,7
28950669,4
37231325,4
31893039,3
8169249,6
24551464,5
16107884,0
70797,1
10056274,0
10357193,7
4307658,5
35136244,0
23251740,5
29451686,7
26620997,3
14129405,1
30830776,3
26645240,6
14962646,4
1571442,2
1145662,1
27717152,5
7832264,1
3387655,0
21329871,4
12100324,7
21819649,1
32408167,3
4536556,4
25918115,2
32970938,7
23254983,1
30512962,5
19896616,7
27687867,1
24535920,7
6789927,0
6782133,5
19957516,0
33450285,0
27437986,2
38834243,1
27972621,7
38245701,2
20462965,7
35842767,5
5020732,4
38051602,2
5660762,5
31616840,1
39180027,1
3694177,1
33977521,7
14500373,4
5349671,4
30000023,7
33787073,5
5311711,1
36805105,7
35538828,2
8685994,3
23836402,2
35635154,5
40111624,3
25412943,5
2824244,1
25928425,1
22026644,6
15365940,3
22108152,5
19282767,7
33561005,4
36414184,6
28358260,1
33273197,7
10515891,5
30899411,7
24702807,0
4956984,3
4259039,5
2946519,3
19479758,7
28640911,4
1739969,1
29686692,6
39860998,7
17478165,0
35470131,2
27023229,5
23940828,3
19164286,0
29982248,4
39934721,6
31555834,0
9929689,1
29624251,6
14513418,6
27614444,7
10515992,0
38161133,0
21714400,6
29010431,1
13634800,4
27079249,3
14639936,7
24631127,6
16493553,1
31503874,0
35573825,4
7168971,3
27014924,7
3079670,6
10205969,3
39635483,6
3445006,1
34303426,5
31043730,4
14072600,3
26445560,0
29183720,0
37653945,0
19604711,7
19063941,2
22831516,2
35744351,0
39353758,3
19506105,5
9548268,6
38172610,7
18901470,7
35739839,0
15292072,1
38737561,3
9559601,4
22239029,6
33875249,3
29265877,1
12702879,4
29492971,7
22864042,3
8659226,1
38806095,7
37263743,4
24239780,1
32668514,6
16453644,0
31374442,7
28709826,1
40127436,5
28605255,1
6921699,7
23180384,4
37836550,7
39493153,4
38963473,1
9170501,6
33483707,3
28099526,4
1970680,0
2001940,1
9909466,6
12169258,2
27096588,1
22022621,2
35302682,6
30144554,7
3918241,4
34988040,3
1765848,7
33599156,7
34329652,0
34607393,5
36193114,5
4617987,1
28264697,6
39950416,3
30769048,4
32015435,7
35897254,5
30986381,2
31596229,6
29022624,1
28138021,0
19715162,3
10568158,3
16755312,5
36668692,2
23634065,5
22732449,0
13241093,6
21729054,1
32082926,7
16301013,1
38151866,1
20042423,4
11086346,5
16957226,7
32059090,4
24181001,0
30489707,7
16515078,7
29578956,7
36802411,6
38208095,3
19753136,2
32150795,5
31165644,0
32028742,1
31521778,2
39313677,6
32462448,5
21666229,1
22479219,1
17181912,7
10817360,0
25744925,6
3498263,4
1594052,7
16524214,2
30224951,6
13614877,5
34458665,5
27074322,6
35810360,1
39441925,3
25603686,4
5362097,4
11619894,2
25090752,7
34101499,1
29534908,3
34920512,7
15442037,2
12844963,1
3460650,6
25142915,4
34884567,6
3316301,5
13349856,6
36000400,0
34032522,7
27759077,7
21341771,7
21222114,1
32805264,4
32819933,3
35094611,7
28024446,6
26465349,7
24399626,7
27167381,0
22595232,7
9378824,7
5529672,6
20391329,5
35583702,3
13850527,6
10748075,5
38884376,4
18139362,1
29555579,4
22609272,6
19491546,2
30925695,3
32213178,3
33312950,6
22080606,7
25560537,6
31325655,5
17870872,5
15941956,1
3890726,7
20632718,6
12177541,4
27137637,7
11448412,4
30253745,2
14778167,7
19081462,4
25096639,7
33440929,1
32614115,6
32853485,7
22750851,0
16260807,6
34828545,0
23300295,4
26648724,0
13277233,1
11158988,0
9350129,7
5871542,6
23819654,6
9756761,6
21163113,7
38998333,5
974931,6
21304272,2
22354668,4
26037390,5
37248125,6
22772619,3
21255168,6
12989576,5
5318311,0
32737627,2
16076775,7
12709945,2
35358248,7
36054382,6
30448762,0
29310116,3
5656798,0
34014483,3
16469018,6
29680362,7
6066797,1
28875429,3
26525137,0
22860909,4
4544154,6
30399622,0
38126159,7
13998693,6
18422131,6
18819954,4
28637928,6
27502455,5
17407691,7
22141648,1
35919807,0
18554719,6
38782004,4
13109274,6
12377473,7
37383812,4
19737432,2
17619703,1
23861468,6
23930274,0
23534060,7
23552809,7
23695414,1
39938083,7
21456729,5
14457596,7
8052002,1
36767717,1
13881395,1
33411053,2
26828368,6
9964118,1
18861877,1
37229398,1
32198096,7
12838114,6
22418336,7
32199241,1
12486778,0
27925251,1
32039888,4
35272572,1
32235617,6
6175237,6
4103031,6
11047034,7
13479286,1
9540311,5
9886575,6
37266035,1
40098058,0
34751942,4
4493844,7
25703711,2
4481644,4
11668031,0
24875797,1
26379420,4
37404234,4
3454437,1
32744940,3
6714723,5
28436482,7
28166439,2
14423363,6
27760421,6
2911946,1
25898086,7
17538906,1
38575332,5
19301330,6
17843298,2
39356761,6
31790284,5
37273158,6
23873240,1
24120894,6
11663452,3
464010,1
8789090,5
36694549,3
13957624,3
11469674,2
32917436,1
14028775,5
25226759,7
11630374,5
20663898,3
3022898,2
36553615,0
14383474,4
34647232,3
26461800,1
37024822,1
34505129,1
10527593,6
14670388,4
1841730,1
9762466,6
31190332,3
5483096,1
25473736,1
15184588,1
24150894,6
37424750,1
33298258,0
2255721,7
37423185,3
30757487,1
14322641,5
29449917,6
36519495,5
39369347,2
38968723,4
4850748,5
5877353,6
16043124,7
34696100,1
35729313,6
38990723,0
27364375,2
23988736,0
21456143,0
27883234,7
35140860,4
34861431,1
17290936,1
18270623,2
30156498,5
28255905,0
37341766,6
29872668,6
17317595,7
2845177,1
37578876,0
39860556,6
24351695,7
29529485,1
13892730,4
39199209,4
34527319,6
39424826,2
14335284,5
36884286,7
20422510,7
20281946,7
19676564,2
36554257,4
12129986,5
24687872,7
11570326,1
21414639,3
22109275,1
22111408,1
37038056,0
27430045,3
33511284,0
13831451,5
32759960,5
31240376,1
24186423,4
24480009,2
24274799,2
13187420,4
36933016,0
34400303,5
29290874,7
22920928,1
33259710,4
15328566,6
27438498,5
22679856,0
36568371,0
32938341,5
26789123,6
30102318,6
29333208,7
18493194,5
13966603,6
2847979,1
13807623,1
31998834,0
16063928,1
26897536,3
11345765,3
26005403,3
34242919,0
20469024,7
33960570,2
9451142,2
1083402,6
10751948,6
2067710,7
5154479,4
6000205,5
32059711,0
21389741,1
3224628,4
35017332,0
28326378,6
37755080,3
28722971,4
16216102,6
9265551,1
33070321,4
33349126,6
19076977,2
18213544,7
23442696,7
33138392,6
27627440,1
25489418,1
24986855,5
38335811,1
11677847,1
34304189,0
24533128,1
27830672,6
38338177,0
33678351,1
1726640,7
19131147,0
5300988,6
27585670,5
38937984,4
16679560,7
33692949,1
28596608,4
18632566,5
29380739,0
20914655,4
38442962,7
36165262,2
2858920,4
12179892,1
33542473,0
30006169,4
22771579,7
13379631,5
19796834,7
2365126,1
39461428,2
8210161,3
31422996,1
16049355,7
19964747,3
25852709,3
12572040,0
4121240,7
31950331,3
4109848,1
36338250,2
20241303,6
28640564,7
12233208,6
27951158,2
15590100,6
10834721,1
20689760,2
7581951,1
3373188,6
14278424,4
30383989,3
37292266,4
14503434,5
35611946,7
17709240,6
34003285,7
37418200,7
8958796,6
16490869,7
10100276,1
37346050,6
26201929,5
2150108,6
20035604,1
19820600,2
35343798,3
37954489,3
22067785,3
3391920,1
32883606,2
6168727,7
19749404,4
34571161,2
25140826,1
39785661,0
31683724,6
25440750,7
38632687,7
32507715,1
5161037,2
36608077,7
32069347,5
32814217,5
37605555,4
31619880,1
14948711,2
24689395,6
39089397,7
29577849,0
37356638,7
12996632,7
28201090,3
31237091,1
30652387,5
19412462,0
31588148,3
35921408,4
32979715,1
17527851,7
27837662,6
15526772,4
30879608,6
34316107,1
31901171,6
3617772,2
5434520,7
6328267,6
24900064,7
35052362,6
26044386,1
30270765,4
24219446,5
28122542,6
36644063,1
39210127,3
10118762,6
36110242,1
22975998,7
25027198,7
39907237,1
7369247,7
12879322,1
37189968,6
37438380,6
25063919,1
22209311,0
16426387,5
37236834,2
29690484,2
27920380,6
19037703,5
35693574,5
17718895,6
9750481,7
30989051,2
38271944,6
13503409,7
8626157,1
19101864,0
30076125,5
24023105,7
7557098,0
20551216,7
3985453,2
31208739,7
8421337,0
30210381,4
32152740,1
3175925,5
7155152,7
2099666,7
959985,1
11501950,1
35554982,6
34900461,1
8018870,7
38524483,5
28435032,1
13409386,3
26046256,6
32715836,1
7937994,6
1823493,6
18390874,1
32982012,3
5938011,1
34865006,6
20789434,1
12829525,7
36440533,1
32943227,1
27179016,1
39576673,6
31629994,1
27159883,7
30386515,4
17703956,6
31226625,4
18146149,7
31302227,1
34544047,1
24745852,4
8294842,7
35589968,1
23543452,1
29254077,3
6909495,1
38327803,6
29571621,6
3077557,1
39660005,5
14525736,4
16782639,6
13590192,7
25189017,5
32708323,7
37356728,1
19713141,1
26211814,4
22335677,7
30646152,2
6296584,5
22030696,1
17596893,1
39901135,7
27848816,2
32237794,3
8455358,6
10510124,7
35260519,5
4765629,1
34517270,7
16962430,1
32096777,1
8911735,1
16243955,3
24011431,0
5369383,5
33776657,3
34788559,4
29334550,1
25612920,5
23504803,7
23354508,4
3718251,7
17015307,6
37272995,3
27289142,1
10877249,5
24770369,5
31252939,3
12942159,1
20476362,7
4406102,5
35225561,1
17604316,6
31926460,7
15552486,2
34947935,4
26324468,6
34503795,6
32201872,6
39443814,0
5649540,7
3506498,5
4286036,1
26780347,4
25394014,6
4819300,0
35291183,1
29947654,1
37973693,0
34914142,2
27551821,2
31215837,6
8239554,1
16598777,2
6720440,3
31108312,5
7442570,0
20004307,4
35007553,1
19443431,1
28410776,7
34099351,1
18236350,7
37986834,4
31502405,6
302163,1
26588923,1
30604952,4
24410900,7
23394378,5
22841888,6
25372677,5
39835704,1
8522390,7
3001750,6
28704145,7
21901102,6
12998908,6
15467977,4
38147839,1
14876929,1
16247157,1
27534738,6
14973217,5
15959936,1
35894511,4
15598313,2
32143149,5
10782340,5
32461057,6
27302285,1
22310604,1
31618755,3
30427445,1
36534850,7
16039463,1
28166011,6
38727035,1
26780348,3
2484527,0
14122272,1
29506802,6
19824805,6
17454216,1
32378475,5
7218795,6
33249350,6
31109366,1
18902102,0
29212205,4
27723909,5
38110263,3
34823688,1
3916762,2
29523772,6
37433093,0
31883505,1
8905268,2
20074620,4
34494748,5
3187964,7
25984273,3
2283704,4
9151102,4
25041144,2
7017330,5
25973366,4
7092000,1
12052478,1
27518112,1
4387869,4
38118721,3
28595893,5
33231938,7
39354428,0
12467607,1
35377013,6
33650960,3
26547421,6
13498784,6
33744765,3
28062955,5
37757747,7
2792650,7
24298752,3
24157535,4
2189288,1
18274671,1
21364934,0
31013472,1
32211446,5
37538925,7
7531310,5
30678737,0
27024986,2
19750094,3
27839195,2
17839322,1
13807320,0
18413305,5
18915920,1
10149994,7
35645548,7
27785855,1
6315109,6
25701196,2
34737206,1
22379520,7
39609356,4
19482844,7
24049867,4
2916245,2
24494356,0
26263458,1
13514751,1
16343034,0
27655768,7
3761391,6
8859864,6
38335249,0
29214629,6
34640779,6
3484293,6
6131620,1
29246277,7
36833442,4
22206070,7
15940389,6
12254898,0
34712547,1
26478208,1
4419595,2
24619150,7
31680482,1
20367739,5
37319967,2
35349103,5
19966759,4
33747385,7
39769196,6
28955958,6
39846705,0
20275934,0
10287169,5
38681740,3
33405556,7
17844578,2
36957520,0
30339413,0
2485378,6
29504692,2
15319280,6
22581301,4
19722370,6
17103215,5
25964026,2
24263020,5
34821477,7
11190471,4
23841975,1
12676566,7
28289187,7
26005454,6
24677659,5
20283478,3
14760751,1
11748169,4
33185147,4
32235671,1
11600196,1
24109903,5
37779884,7
38464661,2
26387986,3
8146785,4
27761466,7
36523313,3
14231068,5
35813212,7
12970896,7
38854276,0
30644427,4
29687436,7
4771412,1
13318206,1
40099281,4
22146370,0
25144789,2
20602077,3
28006100,2
28755771,3
27437598,1
39312470,3
35685503,7
10267620,1
32190404,4
18038167,7
26103821,3
39040174,1
31958477,5
28158403,7
1042751,3
38288881,5
34242392,1
12666990,0
26529379,7
14469145,3
37343952,2
35164801,3
36194091,2
23226947,6
18948788,0
11069704,1
20966608,6
40003839,6
5266978,6
39834321,0
27459302,4
32710729,5
30782551,3
5846807,1
27116740,5
12738919,2
9388993,6
11473930,7
34827363,6
30963292,4
27442298,5
10103296,1
21140038,7
23864242,7
39539606,6
2280961,1
32953280,2
36144718,4
33141595,7
32424555,7
23566946,6
26522320,7
16154623,7
30989043,1
39491327,3
20909563,7
14692753,5
15408275,4
1728266,1
12797658,0
32910093,4
31419666,3
21801387,2
38621672,2
15784357,5
36040996,1
36145275,7
27264026,1
24130044,0
19663037,3
4940791,1
39971822,2
28357779,5
12779053,6
38109221,5
16619882,7
33923032,6
30373912,0
39602579,5
33168284,1
8542725,7
35593238,3
8506239,6
28247778,3
36636416,7
31207528,7
37759458,7
24971830,0
34990016,6
19758322,4
21766905,3
5383830,4
31687379,1
33787173,3
38578685,4
497765,6
4214261,6
21782655,3
24514571,1
20042478,0
34084151,0
37757839,7
1951012,7
27277623,6
3634420,7
8633365,1
16322862,7
37984214,0
36599584,7
29539245,0
24166569,3
31058993,6
33451965,6
28271655,2
39957629,7
18772706,3
11463527,6
26629789,3
18833731,0
23627331,6
23606561,0
37871418,1
24235836,4
39755553,6
36734595,6
29529852,5
39088415,4
10523242,1
24764779,3
37953055,6
35340470,5
20691097,4
4121003,7
14847243,2
14115254,7
7850908,1
39668776,5
35669130,3
37084709,7
15153497,6
10546330,5
20982069,1
17128105,2
24595617,6
39021114,7
3225894,6
30905636,7
36135220,5
4741223,3
2262351,4
27857842,3
22097185,0
11343188,7
19545064,7
37911147,3
3301139,5
2242909,5
8927624,7
23589314,7
37736744,2
24850991,1
40074315,7
18132963,2
2904542,7
18838118,5
15801524,7
30385570,5
35440549,1
28998193,3
5953297,0
28799449,7
22349767,6
33506328,2
21322474,4
12804977,2
29214580,7
26848198,7
5761208,5
34063345,0
36043542,5
27571494,2
11541123,0
20778398,4
32955115,6
12255031,7
3155441,6
23709154,2
32158990,3
2869251,6
33006721,0
16161727,5
18097479,1
24720194,2
25259947,6
20960667,1
28183305,4
17643674,1
29375661,6
19849651,6
15081981,6
20911147,0
28969485,1
22921617,1
17923619,4
24924909,7
35077535,7
18080556,7
19311933,4
21324828,5
27299542,6
22875270,4
11762197,4
36591107,1
215132,2
6933535,4
37780246,2
35391458,2
11267853,1
35723759,3
40048298,3
29708990,3
31281202,3
28754971,4
37677148,5
25614165,3
15797670,7
31206079,2
3731278,3
8205789,5
27508442,7
37180112,0
17283906,2
16762709,7
20405887,6
31126596,7
25565919,5
39726455,1
39478117,2
23422449,5
23319936,3
36051581,1
19915697,6
22968915,4
6680676,7
28646167,1
17515430,6
17312176,1
29597758,2
37528925,0
35408919,1
20183423,0
23456629,1
19591301,7
20518782,5
17773782,1
26005781,4
11683761,1
19260253,4
18792933,6
36814983,6
17776417,0
6671620,1
10513076,6
17677203,6
22966655,4
12830512,3
20569675,6
16959051,3
36024163,3
38790548,7
24495695,3
39252085,2
14897833,7
2351008,1
27261512,2
31792671,3
8461230,3
29667990,0
8709975,6
37445896,2
39509491,7
16341661,6
30257062,6
434641,1
27545182,4
12165200,3
8187461,1
32743427,0
6194736,7
29855646,6
10214105,4
28863676,3
31637263,5
3505479,6
37761161,4
11557413,4
17858891,2
32945426,2
31220768,1
34816130,2
3284289,1
18607392,6
38987557,1
6954108,1
3871209,1
30565945,1
27887825,0
28304802,5
25404688,3
35543821,5
40108890,4
31468051,1
23576603,6
34912054,4
35588158,3
15477314,6
38839590,2
27916710,3
21742740,5
17749799,4
38839402,6
27800443,4
4594895,1
25344576,0
30709539,0
36413949,6
30538062,0
19150818,6
18444819,4
6465549,1
19082614,6
35545624,5
11202713,1
27444493,1
34238455,0
37697942,4
36879701,6
39890659,1
36758097,6
1362997,6
32364352,7
36983733,6
7268886,7
39561622,7
4362402,6
35959542,3
29987799,4
32090776,0
16872857,6
11128686,3
34209906,7
19729531,5
39239916,0
11531741,6
31324305,2
33464064,5
10011484,1
26215286,1
14922722,1
28221985,3
4081724,1
26534002,5
30533636,0
38784970,3
27429615,1
21235816,3
18028824,1
7403966,6
5773216,0
33907127,0
27886783,7
26276632,1
33271442,3
35944522,3
19918169,7
19167181,3
7832248,5
20506116,7
37756963,0
28861063,1
23676543,6
1148709,1
38831874,6
19495919,7
31009284,1
31775468,0
22077328,3
28275352,0
27320092,6
37618263,5
29415537,1
31936573,0
2627715,1
17378480,7
17301887,0
29726919,6
697594,1
9130370,1
1647112,6
23387891,2
21100368,2
3326514,7
21806814,1
28089861,7
29312763,2
33379171,0
27376572,0
20694420,6
36408096,6
38059812,7
35885981,1
39959713,0
11773755,0
35724250,4
37498562,1
26065027,7
31361377,0
9862655,1
20801229,1
31767593,1
20486032,6
29817518,6
40024952,0
15951488,0
37124944,2
32225209,5
30395720,1
19945270,6
34906380,3
25251913,7
23185486,5
30189013,6
22138673,6
15025695,0
24420910,4
13807860,1
23235964,1
36627895,7
36051263,4
19559191,7
30945113,7
5784870,6
27556628,6
37184776,3
27076503,6
36658202,1
26070340,2
5919452,6
37977885,2
25284060,3
36340395,7
24923806,6
3182760,1
27262353,6
4324049,4
31458426,6
30894353,0
13696208,7
28609758,5
24707349,1
28989262,6
38978084,5
25858046,0
33726819,2
5342504,1
36377501,3
29528597,2
10067415,5
34928725,2
14389513,7
35027685,1
35913975,4
19294898,5
34439940,0
33669281,2
961263,6
5616570,5
7112657,2
2950275,6
19214785,6
497704,1
21883116,6
31536071,1
25113281,5
37293307,3
20103304,1
24191466,3
32154849,4
32939452,6
3835548,1
11626793,7
30188440,6
27670416,5
20570647,1
2007195,5
19841900,6
26995818,1
8859994,4
39229207,7
23151393,4
7115392,1
6982578,4
38546693,5
1714027,0
28571614,6
38303812,7
17807808,3
3519565,3
26494397,2
12613888,3
25949775,4
24481790,1
34980768,5
9341880,5
32538245,7
38445975,3
29605642,0
26768773,0
33852659,6
19709893,6
919104,4
35726066,7
28982305,6
15079186,0
31751210,0
34122809,5
28297973,0
25065616,7
29739253,5
37573805,3
23808327,3
38354580,4
38278157,3
30311997,7
26030515,0
16716813,6
33360370,1
15159027,1
25185638,3
9290018,1
32115900,0
23800442,1
25872711,3
24661925,1
31098412,5
36723393,4
37370745,0
39725880,4
32202957,2
24705101,1
30554047,3
11443884,7
15215644,5
33787662,5
31712145,3
36325053,7
38862349,6
16676780,2
32071339,6
11912580,3
27244736,3
1585181,1
24021831,7
10670621,4
35848046,2
14570318,2
25689111,7
8654634,1
3915315,5
33086536,6
33004159,2
39107647,1
33209743,3
25253728,3
3990344,1
20820830,5
39796484,3
2963302,1
39396929,1
4382875,4
39669082,5
39726124,5
38792944,7
35867650,0
34065566,4
2315151,1
29114189,7
30745001,4
26596101,3
4105376,3
34790835,7
6985783,7
33116546,6
17705736,4
39736249,7
39102563,3
17379479,0
27730044,6
4150443,6
18992373,7
8898131,6
5960249,6
1419065,4
27488573,5
19041486,0
30191881,7
31929202,0
24748925,7
33588745,1
34181387,7
26772053,1
37600213,0
34659063,2
65076,1
18949768,1
6219446,6
9645087,6
12208989,1
10237717,6
12620570,1
28992662,5
11538483,5
3384576,4
36991185,1
24455581,7
7453553,7
37007318,4
31371559,1
5980042,1
20062470,3
30950474,5
29754562,3
17661136,7
24985356,7
977491,7
16650426,0
33792332,3
9927699,4
15964056,0
27834477,4
34365760,1
26750855,6
33074967,4
11405673,0
15283478,5
5378616,3
6431495,1
34133309,7
36799362,1
39748867,0
32254464,5
25406691,3
34160529,5
13942686,1
32072881,5
13555174,6
39686410,7
33022444,1
5632351,4
15728613,6
32626982,3
2369492,0
29647068,6
28008622,1
31879751,4
16701416,2
35780960,5
16189728,6
23603419,5
16610311,3
8106900,6
28653011,5
5031196,5
33986145,5
18926732,2
8304203,7
19569556,2
29683082,5
23837498,7
9420886,7
26943638,0
29280210,5
29469459,4
25724788,1
21156519,1
40106794,7
33541956,7
27271227,7
21266199,7
18664226,7
2076260,5
30713062,0
19316074,7
5839286,1
13409460,4
18342087,1
3958750,3
22953025,3
35146415,6
39022897,6
10278608,6
34264828,2
11399335,1
24425864,6
33017872,5
9354087,1
14174241,3
38842022,6
799767,1
18227946,7
31397595,1
39912648,4
16822996,3
33786851,4
31330324,1
33440615,4
25191505,5
14946705,6
9200252,0
32304371,6
17043317,2
24984349,1
27618733,7
22801985,5
36700879,1
33437134,5
11286506,5
1879914,3
37044652,3
26896941,6
2752809,2
39040554,7
18403885,6
38225615,4
16782976,2
14227419,3
37559255,6
36988764,6
38695103,3
31833355,4
16140684,6
23924832,5
21268941,6
10566685,4
33039751,7
2365774,1
36048769,4
30150626,5
37818218,0
16310668,1
15366886,1
34060332,0
22138596,4
23684381,2
34770389,0
21516883,4
24357730,2
13847687,7
36561417,0
11868964,6
8268551,0
13432995,7
27435394,5
18794873,6
38330841,5
243865,6
12584135,1
32205982,0
33929195,7
28163137,3
22570602,1
39146957,5
35962263,7
30258804,4
3918306,4
8143682,3
13424700,5
36554456,0
35895383,0
22122511,0
21312584,1
31544762,6
14875450,0
28429501,7
28708752,7
3730925,4
36713215,1
23185148,7
30482350,6
4083440,1
26549118,7
33614967,1
31444232,5
38116494,1
7280033,3
33718724,6
21739815,2
22614244,2
38334293,3
5397985,5
39201783,0
17341129,7
17854468,1
35269201,2
15798765,5
304216,7
29622305,0
7225906,6
36818291,5
5236855,1
23183298,7
30663433,1
6680413,7
34386667,5
35915075,7
34905616,6
32185089,4
2892746,1
12249150,1
11811060,3
26843598,1
31560065,7
18632703,6
25046307,3
33699529,7
24951563,6
4012841,0
38453545,0
16446357,3
11732805,6
37017377,2
31684032,7
12758430,1
29325967,6
21196441,7
2557179,1
34136717,7
14794234,6
8586216,0
10509527,7
27230705,3
38264887,0
37199342,7
15783991,7
36188632,4
12746149,4
113007,1
24236852,7
8563464,1
14442951,5
31497645,6
38774805,0
29033280,4
35303596,5
7456638,1
34814606,3
30453243,4
15676333,7
30752535,5
25847411,1
39813838,4
22276750,3
21667547,3
10694204,2
14306122,6
2593496,6
34858888,3
27649503,0
28639239,7
39804399,4
26058595,1
31062448,3
37960880,7
39842674,6
35596551,6
26149844,1
33934702,5
8271139,6
11323334,4
15556930,0
3292488,7
36632776,0
26178626,4
19988465,6
34134163,4
19770628,5
25606118,5
28300910,5
16901279,3
39778606,6
21880348,1
13286855,1
37895568,6
4955452,7
20402109,3
20267264,4
19460527,4
14080790,4
4615762,5
23619989,2
33306572,2
36469715,7
11274297,1
28139948,6
29933565,1
31375656,0
33132925,7
38918342,3
2865538,6
15915570,5
31465489,5
26256787,1
31482286,3
1497038,1
1031851,6
35358223,2
8275573,1
38187286,6
34754900,2
30934591,2
25745729,0
26824576,0
19410585,1
29689220,2
2363602,6
27824979,0
1716117,1
33622099,3
20184765,3
14423794,6
33400367,0
26203698,3
38816915,7
39053286,4
31929854,7
33312046,6
6397463,7
22107524,0
29024136,4
21800753,5
32384782,6
36071578,6
9320463,1
10167463,2
1440323,1
12566065,1
22899109,5
22966531,2
5964645,6
22732384,1
24542123,6
6215311,1
21136591,1
27736588,1
19765214,5
22770640,1
34709457,3
38776350,3
34884432,4
9361786,6
29314424,3
10253450,7
18003178,5
16905645,4
25462467,7
1111317,3
5399853,1
30762378,1
39666459,4
7175376,7
13219546,7
17278597,1
18996444,6
22177950,7
39148579,6
20601480,6
18755043,6
31832319,1
35066809,7
34104452,6
21645318,6
23640272,4
16781444,6
10757063,5
11931530,4
36036605,1
21921812,5
31211521,3
32920532,5
10875937,2
32049437,1
3523174,6
13513627,1
34212390,4
10540929,0
30952385,0
26482397,6
34846651,3
13167907,7
37236666,0
16802902,7
37369727,1
6971819,6
31445048,7
13608636,5
33337926,6
32981567,7
36852532,3
22697210,1
32958393,5
21642959,0
32553356,7
38369629,0
34339218,3
906509,1
4812555,3
31210786,6
10260350,1
32970684,2
26269366,1
7288686,1
12652905,3
6220274,1
36599346,3
8745130,7
18196251,4
7855534,1
32813386,7
32410981,6
25107031,6
33614932,7
35947363,4
30696978,3
35973615,6
37863967,0
28517258,7
6675556,7
36965951,3
20720287,7
24757551,4
17185238,1
32469591,3
14321515,5
30760451,7
11302648,0
26921020,3
37515461,3
15870647,2
22925285,6
35835966,5
17636160,5
13658447,6
30317740,7
2507726,7
24918930,6
39689099,6
4710094,7
24493563,1
29708456,6
25647871,6
25360450,4
20454118,6
16185400,3
11539632,5
24963054,7
3109951,6
7299344,7
3589214,6
14824822,0
11597345,1
12448592,3
38911202,5
33939486,0
26661420,4
38620892,7
22788135,4
33200590,6
39842332,6
38810448,5
17960311,1
33330276,6
26114518,4
32360641,3
24592132,2
37309031,4
39285004,0
36004227,5
3493061,6
39059631,3
38895282,7
39643601,3
34994814,7
20804629,2
20454066,0
17092138,3
37049021,7
21326245,6
9359234,0
22824829,0
35691265,7
30541311,6
33427357,7
13492764,3
6769068,6
21814379,5
43315,1
35167805,6
39065074,2
31577488,4
26637692,4
28250315,2
20720327,6
39548189,6
25046076,0
26283045,0
33764488,4
26479090,7
33875497,2
15374261,3
1733004,6
1516795,5
26290431,6
16453067,1
34506575,7
16833449,2
5575335,6
21782642,3
24050168,7
29227383,5
36144060,5
6281744,4
27248226,2
9162030,6
35169828,1
6273634,6
16503394,1
21750126,2
36496860,1
32132540,5
23857386,5
36733181,3
13205133,1
6655991,7
28184919,2
13282143,1
15519615,7
15786685,5
37545479,3
39059225,5
25122152,3
35684275,4
33191513,1
39671392,2
29236584,7
17527785,5
19530017,6
26466328,7
22384473,5
8898352,4
30535230,0
19717236,7
33851179,6
37141213,7
31812703,7
29199766,6
16542846,7
27473156,7
39169563,1
38071986,6
21857523,5
25597837,6
35118386,1
26312400,1
31868996,6
34217288,7
28398105,5
27228704,7
24923226,4
21685019,0
3048902,7
16387509,1
23113840,7
37767026,0
31578300,1
13608416,0
33462154,1
39031168,6
25928806,3
32305345,5
35527313,7
24574385,4
13917041,3
14250664,1
16404230,4
10060174,6
6198009,1
8190750,6
32929927,3
14531332,5
9517536,5
39897553,7
32229882,1
28516980,5
2393238,5
20132822,7
28144052,4
35709901,1
16827622,3
34494209,3
6632197,7
31653179,2
6083090,6
22108576,4
19116880,5
3376666,7
39501774,5
34641019,1
8844771,6
35214490,6
5466971,3
29884168,6
36044604,1
26725227,1
35332251,5
32528940,4
34440211,3
8977679,1
13628710,3
9839735,6
3384094,7
13333212,6
23171959,2
2490335,1
13651952,5
32886927,7
6988779,6
22902640,2
30315217,6
2992458,1
9407771,2
27191621,4
36322133,6
13975845,7
20128592,6
26450021,0
7372316,0
9853227,7
22609760,1
11908017,1
30810028,5
22992073,1
28798788,6
4020027,1
28462413,4
27436584,7
19185764,7
34396151,2
13977970,1
31349924,7
27866164,1
16520441,5
40090710,3
11974442,1
17665330,1
14735777,7
32808383,3
29127126,4
4547096,1
22533368,1
30656857,6
39146371,4
37229649,2
9186138,4
37557880,4
24801359,2
4414082,1
24878083,5
1412169,1
17749629,6
15100566,4
18924417,5
29612228,7
19485445,6
12072181,1
15302569,1
10668585,3
33907328,1
39898887,5
2527173,1
14322078,1
28325622,7
29588645,2
38818400,6
35654493,1
34868885,6
31566219,4
10772503,7
30267236,1
30781432,2
29576655,5
11282924,1
35527720,6
39383914,0
19605652,0
16457159,1
21164262,4
31549024,6
27622834,0
28670800,0
9656390,5
34932354,7
31553534,3
12803566,6
35611901,0
4232433,6
15837810,0
10902340,5
15791330,5
12939975,1
37906775,1
27189980,0
33571976,5
35517702,0
35609196,4
17975165,7
7548328,1
22130697,5
26576778,6
28100042,7
23295811,7
26088745,7
7679970,7
4411370,7
28256067,3
22014672,5
39172450,1
26482791,1
39106666,6
29711547,5
12725024,4
39234553,0
20180297,1
29286038,1
22793116,5
15688744,6
4756155,0
32894611,3
10792008,7
30430014,5
12693278,6
14330705,0
19748971,2
33314082,7
12887398,6
12131739,1
36212811,3
31522887,4
13650623,1
3969777,1
37532410,0
4279560,1
38987582,1
38936854,3
11545577,4
26626360,3
39457468,0
2916955,4
354124,1
34916552,3
17466847,1
8127524,3
27712919,5
19613239,0
4672300,1
9959653,6
24673436,5
19626561,5
19721334,6
14949817,7
21377305,6
5174328,7
18972044,6
35975220,5
33827279,5
9773350,7
23193633,5
17985197,3
34142373,7
15386414,0
37372739,7
24149741,4
27397990,7
7084194,1
30765738,5
9779946,0
38703468,5
30271118,4
12595394,4
21823855,2
11039063,3
38123049,3
39333854,7
16517043,4
28512271,0
31074223,4
36825740,5
27372639,0
35143956,3
29897712,3
8790038,4
7165381,1
37406445,7
38330416,7
38468364,0
34702300,0
22670505,0
5141559,4
39554637,7
14290645,6
25277807,2
38122696,1
26326421,6
26609475,4
33880999,1
20613315,1
18418838,7
6422148,1
36659453,4
23601664,4
2251505,2
31980648,3
6558765,1
3354313,6
9528421,0
13083765,6
37020897,7
34268705,0
21714703,2
32426522,7
13155633,1
6912241,7
11148471,7
32976987,3
39993739,7
7098435,6
15888161,5
28976912,1
3481863,6
36452127,7
28486709,3
14894456,7
31348737,0
32705353,3
32301522,6
29496025,3
29595429,5
19262197,0
11888155,1
26803882,6
11926620,6
25706532,6
10026207,2
5911439,0
4090997,7
37989569,5
27550458,5
22023977,0
4693740,1
38671718,0
31171665,7
3559477,1
35614041,6
14419402,6
34725169,1
37467146,3
16780109,2
35485126,5
30937042,7
27594837,5
9132205,2
10417000,4
19010740,4
905403,7
16092012,1
28446422,2
1559709,1
12321915,4
19508393,7
29735743,0
34608916,3
8325142,1
23647020,3
14325022,0
22556895,5
29055213,7
38125475,4
33130635,1
11614965,4
37249091,7
14085317,1
7648878,6
35836382,4
39228928,1
21862777,0
31169309,1
19867476,2
17972552,5
39981846,7
4179804,4
21315663,1
5355120,1
641985,3
3745221,1
38671630,4
10713142,2
25619807,4
25214505,2
24726452,0
5662549,7
2635964,6
27760888,3
26463020,3
24473063,6
32540200,7
20396497,0
11544800,2
24506502,4
3690715,5
1583595,5
32727096,3
32126091,6
8942575,7
6581190,6
34167056,6
35120528,2
7961290,1
14591435,3
4783257,6
37275033,1
14722933,5
24664250,3
12783492,4
24151591,3
34608649,2
31040076,7
12097761,1
35848787,6
15034594,3
179287,7
9800895,1
249388,4
22457988,6
7079224,4
30705089,7
11801549,6
14903791,6
35051573,2
2864451,4
17770727,7
9858860,3
11605832,1
26349302,3
27261996,1
23565062,0
39901240,6
10261045,2
25977022,7
14314343,1
35399897,7
35817605,7
36241635,0
19544995,7
30416948,6
3160551,1
27520135,0
27321536,3
37456421,3
29887174,7
32236559,0
29722704,3
38617546,6
12355190,1
15406926,5
33925999,7
20351997,3
33097709,7
9231444,7
7971618,6
20974727,3
31027905,3
29554266,4
21803468,3
36508811,5
27662707,6
13078183,3
34487117,4
1966715,6
5126021,7
17920102,1
35063331,6
8933716,5
39006733,2
34385606,1
32144383,1
8082803,2
7001917,7
21839468,4
36045006,5
27971782,0
36220869,5
24133613,1
37055549,4
32575992,6
34030609,5
29767310,1
23839982,2
2155042,1
23979071,6
10865212,7
37820146,4
24947003,2
27681108,0
23426483,2
36921501,7
32318643,2
30867037,7
36806922,5
17709686,3
9847253,3
33288344,1
35096711,5
28467158,6
29829422,0
39018055,6
14909110,1
31619005,4
33816586,7
22082025,1
36061649,1
12059792,2
36365467,5
13567833,0
20691976,3
39098761,6
22186968,4
36797112,1
36362624,0
36773492,7
23531411,7
25663939,7
14361136,0
22970854,3
14724304,7
13245470,6
10739978,0
32483772,0
23299583,4
40011877,0
35484238,7
24083935,3
27845489,7
30866980,3
13856644,6
15238101,3
35724916,2
30356619,0
16825850,7
30045086,3
31816411,3
2213325,6
25253817,5
20223962,6
39906830,1
17814314,0
9210976,1
39363200,5
11186853,1
32989483,0
19821137,0
12492536,7
33658384,6
27254078,7
38285881,7
20395463,7
39213597,7
34167176,7
2095848,1
27473539,5
14390624,6
25073575,3
30371147,4
19182001,5
33837290,6
24275542,3
7417128,7
8230638,0
39084687,3
26368194,3
36808611,2
29604198,5
27726270,2
15753632,4
126787,1
15499397,7
32824368,1
8895925,4
28646293,7
28166623,7
40062388,2
29483604,7
31753520,7
34592040,1
27952819,2
20078700,0
31173379,3
5737728,0
25797213,6
28397949,3
27436748,3
11492864,5
31656198,2
24139304,7
8283359,1
38935623,1
28887383,6
14974222,7
11869383,5
24309121,1
36851140,2
19727066,6
16775694,1
22675968,7
33682284,3
30902317,5
31211345,6
37119448,7
20487045,1
26412193,3
39320437,4
24147099,1
38095478,4
24180766,1
9539477,1
31902356,6
25956746,6
5188792,6
19722580,4
22031653,1
35882408,3
20394751,1
39577484,1
30036941,6
26926742,5
9517388,1
17469461,5
13479513,6
31328807,0
34078201,7
5742828,2
35732465,2
40009500,4
22838527,1
14897756,1
37436362,5
1968343,5
25773551,4
1393849,5
10988199,5
20193606,2
15862367,7
30546334,7
5069606,5
35761306,4
17428657,6
22869156,3
4241871,5
7323782,6
27276508,6
3747679,1
13935929,1
34895668,2
1739913,1
5707495,2
18864810,0
2028207,7
25024919,1
28107084,1
24407834,1
2350249,1
27971159,1
23293612,0
20719852,1
16960070,3
35930398,1
23372291,7
24235241,4
12703842,7
38558221,0
18007862,7
35181118,5
11450158,1
38629338,4
11895065,4
29457904,4
28206120,0
36647736,7
22862628,0
22794533,0
39478510,5
34652915,0
39962416,0
32899621,6
5342698,5
29824217,3
7529287,7
2414917,1
15630710,5
35420427,4
28149853,5
30081982,5
38083670,2
19768957,1
20389291,1
14825899,7
39383122,1
4031288,2
39822733,2
35211704,3
27657879,7
14712004,6
18708095,6
39035233,4
3979962,7
15511400,4
19224527,4
20197045,2
26766587,6
37528183,5
29242055,0
36013063,0
6575599,2
23663343,1
21935641,5
12656611,5
7888900,5
16003682,6
28975275,0
1970185,5
9034624,1
33966973,6
36523574,4
33018873,0
31143376,4
32622238,1
20252939,6
35343440,1
5329510,6
17074330,1
19649370,5
12627118,5
15677296,7
14241729,1
12987206,1
6580635,5
17760166,6
22332674,2
32965667,1
34853386,0
28978838,7
12034915,4
22443378,6
2090564,3
29980209,5
17657103,4
21140630,3
2191581,7
36765122,0
30910844,4
10645189,6
34647434,3
26451667,7
39749807,0
23069908,6
37600041,3
37287980,0
38459380,1
23039705,1
39703021,7
9882479,5
38108887,4
22750555,1
35000636,3
16708376,3
38498960,7
34001838,4
31077906,0
37541311,5
5621166,5
14536384,6
32678280,5
12650429,6
35942242,1
28428882,6
628903,1
36805833,3
11770793,7
34390498,5
19377437,2
29959940,1
39294036,0
32093597,1
4226105,5
14765351,4
1561831,7
37564503,6
36614795,2
1924043,3
1024411,6
33350634,6
25508080,3
20524673,1
30942126,3
8918026,1
16192346,4
33143511,1
37229106,3
37570768,5
15269184,0
6402311,6
18608001,1
25612539,7
31145209,1
34007760,6
36841157,1
13257748,4
28777578,7
34056194,6
22065495,1
29049865,2
25832205,6
30990389,3
18272572,0
35150338,2
35923911,0
22128769,2
26180523,3
28955229,4
29157643,6
72393,1
32073427,7
14816081,5
38194649,2
11387424,5
31080295,7
23174512,6
23574940,5
10279055,7
3239307,6
18412858,0
27557461,4
24967469,1
21190179,4
26036983,5
20167183,1
20037607,7
19079560,5
18809524,0
30649847,1
12022082,2
8770481,4
24965540,5
30964330,0
23410458,1
18360607,1
38366140,3
31075829,3
34710277,1
28224554,5
12656219,6
30954123,6
2199413,7
37795060,6
9440866,6
3592436,1
3165200,1
27132312,2
28743647,1
37638046,1
40050999,1
18327010,1
20304453,5
5925385,7
30267686,2
29932251,6
10199226,7
3374365,1
19991772,7
10613315,7
8204373,7
36377550,3
24214636,5
15352108,1
39133505,7
39130679,3
28521383,7
32918534,1
7970070,7
34205853,3
28868944,1
33543475,4
7799650,1
30071618,3
20968257,1
36734463,6
32262496,6
19525996,6
22486738,7
39059337,1
28086895,2
20414256,7
32789062,1
5063699,7
32016991,6
4960166,4
27054550,7
12763711,7
7477162,1
6754487,4
27839157,7
17529670,7
37800958,0
32696774,7
35088343,3
16608119,6
20751989,0
20262673,3
14145008,4
32604887,6
2694442,3
18859705,7
5426908,0
14645466,5
26998204,0
18858348,1
25690943,7
1661210,1
34509830,4
3711184,6
33946384,0
8291778,6
30291625,3
27450854,1
5176968,3
17537563,1
6775521,7
25412954,0
28813309,6
34364891,5
33294625,6
33582315,6
11605009,3
38308071,6
31105606,7
16113500,1
38145532,3
27997887,7
9658459,2
8934156,0
3597610,0
25590456,1
17283194,1
15135323,3
21587916,7
13055718,1
29325734,3
21384887,1
5509902,6
9465047,2
15980461,7
21433070,6
40044040,1
39809487,4
28043820,4
12037818,5
29134954,1
31452968,4
17817034,5
35989644,7
11353934,4
35863822,3
24243597,3
37083836,3
21894815,5
37449475,7
3575165,1
26488444,7
27733707,7
23817491,7
32341368,1
21097355,4
5244485,1
8661783,6
19462148,7
4664438,1
32820466,3
15050474,1
37854256,3
19280325,1
37215551,5
4830368,2
15422858,6
37906757,7
10908877,7
35784926,5
27757279,4
19010990,3
3887381,7
4986906,6
31910741,3
17115271,7
26314316,1
6047243,0
24621860,2
26232864,5
36122176,2
20718469,5
21383960,4
23262455,1
11020636,7
32444889,7
8479736,1
19505454,0
38672963,6
32753449,0
29332501,0
34145893,7
22178520,3
2351694,1
15368582,1
36182950,2
37626866,6
21948149,6
35816195,1
32698099,7
13521655,5
30510715,4
3500799,1
23878445,2
18009266,5
26018362,4
16266651,6
6024003,4
23707530,4
2431276,5
25152882,6
24104406,5
39216942,5
10555587,5
39187519,0
13500897,6
36011333,5
36113242,2
38522513,3
23456641,6
37391575,5
25879794,3
14254386,1
27552026,1
39282464,6
23695305,1
17187281,1
22496015,5
19470099,0
20456189,6
31975921,7
21790304,6
32854733,4
38008453,1
23502867,6
25340108,3
10502492,2
39311702,7
36159202,4
7050888,6
6351028,7
31156211,5
10618955,2
37841222,2
11636079,3
23599480,7
28877613,6
36205245,0
32451506,4
33922929,2
16888409,7
12827969,0
5158766,6
29680083,1
7518376,2
8158647,0
638048,6
37737480,3
22585880,4
4436401,1
32991392,7
2199552,7
6587858,6
20082060,0
28051536,3
19412912,2
18135259,7
14810060,0
13280017,6
10960477,7
23089943,5
34889668,6
15449371,5
36748829,6
1544948,4
28315997,6
35072533,0
7456050,5
7319076,4
16422171,7
2587530,0
38432799,1
1398606,5
33973476,1
29056092,6
19352888,6
14969969,5
38293639,4
32434112,0
8885227,1
37747518,0
17732695,7
7391871,7
39673658,1
37323621,6
31093989,0
34615743,1
12652695,7
29987461,7
29597667,7
13127962,7
13887537,6
3826236,6
12143097,6
38788319,7
39508633,5
33811662,6
3238673,6
20361444,0
4719836,1
36515344,6
19712840,6
15959411,0
2643953,0
33778099,6
13947939,5
37958897,3
19975307,2
32292848,4
24218103,0
14439477,1
34032166,2
34167537,0
33963288,5
25493591,6
9814632,4
27043599,6
14368205,5
12163158,0
30238070,1
36270821,7
29359875,2
35831241,7
14986693,0
17749090,6
8085422,4
35796965,6
30765606,4
19405754,5
23322674,1
15335052,7
23762674,6
26460619,5
20524567,0
38465891,7
25177500,5
26943894,5
16683549,0
13767359,5
5783417,7
13771674,6
5446372,2
34597102,1
25583869,1
30419756,4
35240557,0
31179171,2
25490416,5
21408407,7
38743262,4
30065323,7
20207328,1
27815829,4
33902095,6
20861546,4
38056305,6
11155367,6
33189458,4
6497882,5
12157283,5
31237651,4
29708135,1
40012445,4
14852948,7
4832868,1
25250684,2
8119308,6
12842717,6
19407325,6
10888969,1
32411915,3
9557004,6
36515900,6
24718439,6
36310558,5
15597738,4
28805501,6
34955796,6
9150473,4
5338228,1
2295461,6
24683429,7
3479982,1
37640912,7
11020257,3
27047367,4
1629611,6
6321863,4
25338817,3
36026740,0
27532746,6
27899922,5
20750051,6
17008731,3
38964323,2
36021430,2
18972699,4
31797432,6
17154417,0
33690119,3
11369842,5
6210024,6
28336157,1
39624170,6
11583043,2
4440231,7
34637145,3
15383666,1
16425910,0
39965711,1
33977121,2
10035446,0
29842702,3
35148708,1
24629130,6
25040177,6
38775464,6
21861662,7
6189398,1
27301853,4
27355478,5
1116725,3
4940282,7
26911973,0
18791754,6
16982453,3
24326772,0
7434095,3
35658841,5
23838056,0
33631577,0
35276916,5
37590955,4
37053186,3
33474853,7
37616990,5
24652995,5
30178808,3
23992679,7
7309256,7
31641894,3
34106425,1
21030187,4
16556481,6
20538318,1
34688235,6
10061093,7
13654168,2
11882691,6
17406201,0
20035132,2
14589234,7
30856656,1
27937915,6
30499545,2
15213926,1
39577365,4
26721353,3
11300979,7
7923548,1
25733471,2
7321241,5
39513353,0
3349048,1
5442825,1
33837277,1
7062094,1
16989961,1
38208555,0
25319970,0
39894476,4
22196711,6
826493,1
37986329,5
32057007,1
15070063,1
38246928,6
35459065,6
37858998,4
13798132,4
12565500,4
27426764,7
27901254,7
20287019,2
632958,7
5601909,3
11845569,6
5388576,2
38538608,0
27664571,4
33992360,4
12268029,7
12943081,1
35310343,7
19509059,1
34408734,1
36047722,5
28045487,1
21027042,6
38620124,7
38447503,7
29633134,7
7141414,1
20365585,5
3611139,3
25498035,1
6387819,0
37651525,5
27607108,1
31594090,7
14483227,5
34224896,1
16048238,3
38515921,5
4219868,6
970545,7
34613953,7
18413963,0
17605897,1
36004553,7
24604507,1
20254401,4
36894675,7
25263934,7
17354955,2
29679743,0
23807156,6
7987196,5
17499369,5
13510193,4
22897534,1
31833460,7
34179604,1
33789989,6
24861673,3
35289476,3
15719481,7
32457971,7
5056475,1
20348801,3
1393075,2
37792901,3
25566799,4
11314940,3
30030043,7
33844777,0
22580781,0
28750063,3
4084385,6
12806501,6
19888588,6
35927236,6
6494102,0
29441243,3
34323265,5
3534508,4
30928431,1
12815874,6
23407618,3
24379275,1
33015816,7
29978740,0
31103817,5
6141154,2
36393253,0
35752495,4
32568784,7
35924565,6
34425876,7
39225244,2
15435483,6
8299303,0
17887594,6
7628187,7
17356617,1
11385829,5
38723788,1
33283249,2
36776318,7
21984674,7
33641901,6
31597474,0
27685562,1
32300716,4
9036013,7
20756935,6
36795675,0
13798536,7
27159332,7
11742638,4
8640809,5
13887458,7
39476633,7
17537041,3
26924110,3
8599937,1
28315005,6
14794303,7
38554972,1
5099012,3
39985143,1
30456958,7
35820780,1
14627334,1
37590475,0
15703520,6
33905944,3
21585807,0
38114956,0
33607241,6
18092380,1
21551718,5
22593037,3
12326504,1
35226797,0
24943742,4
6142475,1
21240653,4
9421345,5
32875080,2
11604983,6
33879523,0
10712886,7
30236643,3
1573671,3
9233461,1
26315179,4
20319554,0
17223964,7
28997078,6
30650763,2
7155930,3
30315273,5
39220215,6
9417163,1
17779540,2
36235391,3
33449890,5
2859667,1
7633274,6
11000742,4
39543876,2
20996892,0
33380554,1
25100113,6
33282658,1
35780264,6
13915122,6
30274866,2
28067574,0
27000466,6
13814569,1
12941091,7
15315536,1
24313513,4
18070843,1
38576969,3
1450957,1
26320638,3
31569549,3
28732523,5
10279850,5
31684163,1
38218274,4
27447363,5
6559656,1
16350367,1
35441590,5
16758617,6
37008252,3
36517311,3
20069146,0
33810776,7
32000147,5
18515926,4
12921788,1
20785802,7
40040564,2
25545726,2
10959864,4
33269392,1
13390401,6
34045572,3
39011192,3
39865207,5
13824642,7
32301565,0
10725891,4
4447426,0
19701094,0
32925612,7
34516691,1
30436194,5
10003866,4
24437146,1
19819954,4
33206594,2
3993793,6
27793297,7
16762879,4
38620745,6
2572564,6
6792395,3
9830176,5
10741922,6
36670664,2
13760232,6
39740155,3
13168943,6
34071476,0
19191043,3
30987521,2
38391649,0
29595029,6
2354696,6
38941806,5
39978085,7
31985771,4
7606582,6
38755425,6
38012915,4
24032332,4
4576622,5
26616168,1
15770537,6
10428871,7
12836517,5
17603502,6
13444053,0
8070065,4
22254576,7
18271959,6
33770711,3
5978426,1
25766460,0
27669376,1
9953268,3
26597886,2
9162999,4
12234211,3
10763182,7
32895858,5
19743167,6
1652304,4
37311984,7
37538737,3
35248039,4
28996477,3
39508956,3
19063238,6
25422485,7
14467043,5
17691111,6
35669642,2
3444391,1
32620907,2
20865487,0
22810373,3
27063962,3
8494988,1
16684346,3
34130806,7
36878195,0
37473219,3
20514513,2
26170659,4
29997576,5
2278662,4
10111428,1
19475729,0
38067726,3
2169623,3
34402349,1
28955568,6
30637946,6
38543952,3
19122118,6
10918944,1
20435604,0
36200516,3
35516376,6
13343384,5
17930878,3
14945019,6
35871996,2
28108851,4
27857475,3
155029,1
10212929,5
1309355,3
4413595,5
37320035,5
13575703,1
25799693,1
39238942,7
12326370,4
26064684,6
6296831,6
19019506,0
38171222,2
19554819,4
37202501,3
28309248,0
31716122,1
32948606,7
39668988,7
21917652,2
21537191,1
14101633,3
8964005,7
23044171,5
30547820,4
38085468,6
19622656,6
12715198,6
29623171,3
14666138,6
11937746,1
8445822,1
35216025,6
25044388,3
19683145,5
29564737,4
39231900,5
19438383,6
11974531,6
31642416,7
9018308,6
25537619,2
32425030,6
24357517,3
28507958,7
7396073,6
40050761,6
6778840,7
20274536,3
1727429,1
29244352,0
33615414,5
4350016,1
36011271,1
38174824,1
33261743,1
23707409,6
39882822,5
26779387,1
34948918,4
39103546,1
20155965,6
34500132,1
32422778,6
26299889,7
18312106,1
25756915,5
10952507,1
36594100,1
23316425,2
22217875,7
39020746,6
10175519,1
15606138,6
36985344,0
37648930,4
16686387,1
7643579,7
31750599,7
7139764,1
31133278,0
2512538,4
8904083,5
39171087,7
18097439,7
26968854,3
27999037,3
30853438,5
731759,1
39787204,0
39660927,5
31796460,1
8700920,6
21100117,7
34971788,0
32645291,6
19211116,0
29965211,5
37210655,0
30056331,0
23434842,1
23460997,1
19114411,1
30094091,6
11975020,6
31818448,0
32314215,3
22148917,1
13336623,3
19765469,6
9563666,5
16682672,1
30298426,5
33844987,7
36808290,1
26907349,4
11224554,3
32923169,6
3804149,6
1417665,1
34946454,5
34003592,4
14892543,6
13069634,1
11617816,2
28508699,3
38432468,4
36425389,1
31548712,6
8202417,7
1052931,1
27481427,7
36470440,0
36247997,4
11025197,7
11329538,2
6800861,0
28518369,6
14261053,7
1630427,5
37422665,4
34929761,5
11856219,1
23455734,6
18794457,1
24426200,0
35080428,0
6947065,1
9963155,6
33773661,0
29708501,6
14879960,5
25349178,0
3851224,4
26579036,0
5439407,7
27714981,2
32553545,0
24040640,1
33938488,0
20581017,5
30511600,5
19080943,6
21707337,2
23079554,1
39961362,7
14538283,6
29882722,3
17069303,4
34602356,3
35495530,1
15228500,4
34841673,1
35981489,6
12224001,5
27676954,2
18066521,1
24367790,5
24659006,7
1517259,1
28364083,1
8046064,6
26819637,2
14714528,0
22310142,2
14369313,5
26601746,1
38463570,3
8968801,7
11244514,0
36469680,6
32172957,7
33849089,7
37923506,4
25373054,2
2388423,1
12836125,2
36918588,6
23535767,6
2908895,5
28764355,2
29821308,7
5215593,1
15705491,2
11450886,2
27804729,3
30293881,3
16450683,4
10540314,7
7267977,1
36807405,5
39921273,5
20249406,7
4548082,1
30603349,0
26980743,5
25950957,1
29655219,2
14970351,6
3600948,7
34951134,5
34002426,3
30706429,1
25320518,0
22920436,0
33248866,3
15450022,3
32983622,7
38937776,6
17832362,5
30702519,1
28976106,0
32131927,0
15299822,2
33683188,4
33454712,2
35992398,0
26745617,1
31888222,3
39711473,5
30533983,5
13794971,0
33080210,7
29753876,5
10112515,4
39970288,7
26937341,5
32749399,0
14363707,2
37183549,2
28943816,2
38876805,7
35342803,4
39949041,4
7086368,6
2535037,1
38894576,0
3723337,6
27113978,3
38050849,6
34643463,5
22618262,3
38542543,6
30643137,0
22799096,1
31772663,3
2914585,1
28853558,1
39901053,1
29889146,5
26675498,6
25917335,5
31908982,0
35999759,0
7478366,5
28612776,5
25714549,1
28988627,3
35957073,6
8254860,1
32814816,6
32751512,3
31861196,6
15892100,6
38579049,5
21105317,3
34619752,4
33145856,1
37528922,5
34459465,1
14441080,2
27270547,0
29768601,1
18674064,3
30938780,1
36987317,3
28903915,2
37901832,7
37248298,7
25311417,4
6578258,4
21211930,7
15862761,4
27843255,6
31284719,2
27201219,2
29438730,7
29972894,3
2376798,7
26290994,3
22753160,2
37198517,4
13658287,7
37223638,6
4340322,6
30832798,2
1735722,6
38131886,7
33561376,4
1451349,1
37946342,3
28303711,4
11079644,5
30983447,5
38032855,0
29480554,0
24212952,5
11300745,2
37892301,4
27914657,7
31462265,0
40089134,5
36182906,3
29295965,1
33590571,1
9907616,1
21812515,3
2136267,7
21867523,5
38535707,7
32621960,2
39839726,3
34593929,7
16527825,2
37567837,6
35164964,3
9667253,3
32790836,4
19617108,3
15932896,6
20452742,5
23030106,3
23450138,6
19884746,7
14890107,1
11509892,4
30713756,3
4600325,5
39902029,5
33210037,3
28656660,0
19720249,3
21328509,7
28205918,1
29158336,7
33509052,0
5440346,3
11237685,1
6950486,1
35586794,7
23622645,0
31640127,5
37195489,2
5114313,5
30554240,6
22333034,3
3559673,2
37022881,3
10355818,7
33957110,3
9829331,6
27645079,5
39773780,7
26220621,3
30159449,6
31773391,1
38174211,6
30193411,3
20736754,6
38379919,7
39452842,3
17465362,7
31946018,7
26022267,4
30871674,0
6438784,1
23660092,3
3966490,5
27630265,3
31095898,7
33587761,0
12889202,0
25851183,5
39199781,4
18359660,6
28009390,3
33830662,3
27739381,7
26484286,6
8707515,1
39567577,3
31763039,3
29565887,2
15683168,1
17760556,1
17883424,7
30596834,0
35466663,1
11324519,4
33976147,3
17436569,6
16490263,2
7868215,4
31024826,2
24947866,5
23246013,0
23111516,4
5556282,5
21760215,2
12043021,7
38119808,7
30596839,3
39520186,0
28007465,5
19879612,2
27644193,4
14672360,1
29796541,7
31274945,5
14037975,7
13276957,7
18074143,7
10288488,1
14295337,2
29923855,3
36633002,7
32426250,2
35482079,7
37497933,7
8869998,1
24180879,6
33541960,1
39839832,6
29326556,3
24790548,4
38918891,0
14701532,5
13501761,5
34650573,6
30697056,6
1111356,1
7366065,1
17769009,3
25860512,6
23529172,5
33944277,4
26066112,7
34184053,3
13710991,4
33681493,4
36804197,5
34161308,5
38270861,0
37522720,3
4395499,1
32734002,1
9750330,3
8116969,6
36889821,5
20659528,6
38171687,2
17050302,5
28322842,4
28885844,7
18339745,7
39485731,1
32282274,1
33390792,2
30532340,2
38104637,1
18627382,2
6837368,7
30687178,2
23656777,0
34012517,5
34773960,5
10921893,0
10469548,4
24736867,3
21534685,5
11058199,4
39277824,1
11835833,4
10645383,7
24324030,5
28886508,6
20271235,7
27758933,6
13667626,3
7074984,6
33701450,6
11032799,3
35867158,7
32208301,0
31445124,0
7180914,1
21863227,0
15789611,6
12753312,1
22508606,3
36258797,6
11312197,3
33088963,3
29941321,5
23662257,2
7982441,4
12145056,0
8384052,1
12360732,6
28324372,1
14857719,5
17821079,6
19766757,0
1281184,6
31304131,3
12138240,5
31849152,7
33856391,4
37101553,0
31406830,4
5738901,6
7770922,7
10767809,7
30960819,5
38840305,7
39132847,6
3381036,1
7591715,7
32548563,7
27247931,3
24026256,7
38888609,1
35710060,3
38468764,1
27078899,5
20249374,1
21719063,3
25876758,7
38119861,7
27573993,1
13139517,0
35768327,7
20130926,5
17073669,6
23249269,4
1095768,1
18116383,7
31015333,5
36635983,3
16637765,4
30156218,7
39722984,1
21664915,7
32561651,6
15473012,5
24043069,7
12148690,2
38401814,2
10142066,5
19413994,6
20712520,7
559662,1
36661087,5
19823824,3
37487406,3
38231035,7
21058463,1
15104090,7
30844594,7
39108621,5
23855165,7
5559284,3
25956453,4
33827788,6
38624730,1
3462951,5
21173503,7
33106596,2
17803254,7
34932865,5
36138201,1
15484718,4
26510038,4
15131429,7
25839628,7
34730897,4
8061867,6
31314713,6
13096955,3
27073424,6
37006534,7
7010949,1
12143634,0
4199081,1
19048082,1
13443246,0
9399635,7
30061557,7
38944265,2
541115,5
21675532,4
3587613,5
12461724,1
34834474,1
15964119,7
34779587,1
19035075,7
36251452,0
27927062,1
33998726,4
23919781,7
13421326,6
25938617,0
38575392,1
36237810,4
4331006,6
33844632,1
16735786,3
27850744,6
38914151,2
29482275,3
13534461,6
24427363,5
33100702,0
36153442,1
1366047,1
34755710,2
26921044,7
19060821,6
35881948,4
37272635,2
34124457,6
4140466,0
24896138,4
21969686,1
29292636,6
39830235,1
22388281,5
8071586,5
31454087,7
38859593,4
16585847,7
37479223,3
27769202,1
13676092,0
37857697,7
23212535,6
34113521,4
37405998,1
15115443,7
21518249,7
32618985,4
16972229,0
25318791,4
15871081,1
27322121,0
16823964,0
29051988,4
14200512,2
1395913,1
13567507,7
38032782,4
37669905,6
24771384,0
15294863,7
29767898,7
6005243,6
23457844,1
15651527,3
19452797,2
38440799,5
18110475,3
4004979,7
32188922,0
39560902,6
28806369,5
10462927,7
26440761,7
22439542,6
5027148,5
24589669,2
21298833,1
29837722,4
33311403,5
16497547,3
36518968,4
21341325,6
19437415,6
35398270,0
16006687,6
21640794,4
30527083,2
33516530,6
33611983,5
34226122,6
16485200,0
2267568,7
20440581,1
33306001,5
34469635,7
24608774,6
20534849,7
3275252,7
22069625,1
22218601,3
32226581,6
25667259,1
25818143,7
33013611,7
33020945,6
2935616,0
11926572,7
874245,1
19574674,6
35125228,1
24066589,3
30664640,0
17646853,3
17763079,6
30188158,7
36844576,7
20832740,4
29761266,0
9751080,1
17588233,2
24724098,7
34156881,2
21115556,1
38726411,6
24702069,0
39457645,1
31019092,1
14888340,4
31261853,5
33281487,1
28620848,2
33901474,5
13051544,5
26195453,6
24437165,1
38316020,1
18577325,5
38751024,1
24831330,6
35951487,4
15106946,5
34711205,0
28923231,6
1472279,1
15046962,3
33125822,0
33756549,6
22584261,1
32402747,3
32773052,7
6582404,1
10063091,7
30817721,2
1093805,1
14637691,4
34481055,5
30684836,4
28373299,1
7776371,4
20340613,6
29615758,3
21038905,6
24847747,1
25669803,3
38640742,6
39090359,3
17778612,3
26282882,1
25120883,1
38345127,0
24082711,1
4502314,7
2742085,2
18818608,1
26263323,5
10180781,7
19520469,3
28611207,0
31942960,4
32147668,4
6485059,7
39985300,7
36589702,3
11636362,1
23903094,7
22624255,7
30446197,1
32805594,7
14724624,7
7974959,3
33702527,4
37347296,2
39531007,3
18387120,4
25072334,6
35354676,3
19847786,1
28485009,1
35469546,0
25824804,7
31827468,7
28429760,7
9352259,4
20264414,5
15424126,6
35760133,6
19865258,2
33984151,0
12960019,3
18302818,5
16745387,0
35366900,2
1463306,6
26193386,0
38878543,4
685869,1
31545946,1
20970732,4
30721550,6
20231291,3
28522203,7
15774979,6
38339417,3
6964489,0
10295717,5
37435255,3
38139847,7
30362475,1
37785131,3
38550263,5
12684001,4
38799430,6
31596582,5
34528138,0
30167692,1
22571853,1
1173184,1
30180046,2
16425660,7
37501808,6
30750843,7
1236104,4
38339815,5
24757923,4
34542000,6
30191428,1
11185873,7
33524742,6
39356509,0
39515096,4
25740839,6
22676319,7
39916811,1
7648607,1
39436329,4
39243905,2
35258712,0
37754398,5
18327790,5
31923896,3
15298830,1
31165900,1
8688050,1
11629734,6
18438162,6
33323553,4
30029316,3
27651862,1
17279103,5
38015537,4
37605612,1
13302403,3
3919382,1
11622652,1
24216860,7
20015213,6
37277950,3
33398908,1
39004837,5
26995700,0
35722753,6
17892451,3
6246061,7
37174167,1
21202093,6
21032981,2
28088323,4
23091283,6
20550351,1
35165398,4
12517997,1
39259046,5
36553386,0
37167968,3
29630026,4
1719279,1
10941824,7
20524888,0
22445416,0
9220883,7
13202507,2
16529038,0
10919379,6
17923161,1
15561173,1
11898451,1
20384743,1
34855391,4
35422578,0
26077541,5
8254309,2
36091007,1
32285927,6
39061928,1
5502014,5
32546776,6
853184,5
11034539,4
20152888,3
22534101,2
38687974,7
27525444,5
15722158,2
5264829,4
38447104,5
24018577,7
32783530,0
23579989,6
3083784,7
15603240,1
38262178,0
27571884,3
31753850,1
32951123,3
37081116,1
10320194,7
11488122,2
6960470,4
37225243,7
772518,7
14097061,1
4526498,5
26160792,3
4704913,2
33990345,3
28663508,0
27960507,7
31879459,7
30281274,1
14671345,3
17369534,0
29056976,1
12019618,6
19845691,6
6151400,5
38258343,7
8757019,5
24479281,6
38435289,0
22257665,1
36411331,4
31590858,6
5178535,4
20810630,5
8808597,3
18111488,6
4377038,1
26685007,6
17884411,7
18781344,3
26289759,4
25881271,0
8177261,6
32936129,6
22119586,7
10461531,3
36253931,3
37652976,2
12829125,1
32215165,1
37751173,1
6349833,2
31128435,1
36668447,7
32118749,1
28686453,7
24976474,1
8620521,0
27692883,1
38523546,7
28667126,6
26710946,1
6473753,2
7141665,2
36982015,0
16371626,0
28771174,5
22034878,6
13039060,6
24127601,1
31635828,3
31601713,7
25246842,3
30698466,7
33814607,7
30845469,6
28568939,7
28583565,7
29381375,1
10559465,3
19556809,0
27308698,5
36803774,7
34689540,3
37918586,3
18050933,6
4809825,5
28808626,3
35868089,3
8352736,5
33539955,6
37336899,2
15636527,5
31939503,5
9938130,0
7955602,0
25799297,1
15482097,1
16694671,0
4800419,6
13119791,1
33009893,4
23053365,0
25593325,1
39147407,5
20450313,4
29500012,5
19347009,4
5128741,4
7100514,7
22359595,5
17820699,0
32339872,4
24524740,6
9134491,7
14926601,6
34902352,4
34010106,6
3145897,6
6763636,1
16748891,2
38976089,7
26084620,2
25147934,2
21274619,2
9272257,4
26146837,4
37017786,1
21714335,1
7430108,4
39428481,0
1508906,1
28311203,1
9416934,0
37863410,3
6082501,7
34335989,7
4699605,1
36023996,3
6924706,3
28293270,4
30197052,6
9162453,3
15153876,1
35352390,0
14836425,3
2154095,7
38556217,5
37272552,1
20642504,1
21104176,3
37166188,5
25085870,2
26290620,6
11714768,3
16832266,5
10851246,3
39243929,1
37452166,3
18806424,2
16871130,4
790898,2
36128685,7
34420864,3
37894912,4
25150107,6
12556977,1
29473306,7
2349302,1
22497852,7
34599421,0
20346314,0
10005343,6
35042587,7
20877106,1
6399975,2
28623521,7
6282053,1
9300491,1
2020228,4
32215992,1
10982505,4
31326420,7
34673447,0
38136016,6
5154443,1
7772373,1
22587851,7
27804239,1
39929777,3
33375581,6
1494696,6
14182780,4
15193506,3
17644730,3
36589367,5
36878064,3
39715183,0
13376135,6
19655086,1
39579355,4
13851410,0
34570067,3
12827349,6
3142883,5
38551278,2
26241360,3
34011006,2
35496542,4
31018413,6
36635495,7
16760517,5
16994547,5
18766960,2
34303963,1
25332777,5
21487916,0
17052480,1
30416811,0
38866162,0
24610802,7
37362971,5
7186928,1
35419236,2
23797691,4
26989078,5
9486871,4
37925504,1
24830804,3
2046802,5
25442171,3
2173425,1
20047851,6
29641869,1
32820673,1
16222178,0
35887564,3
24191668,4
8525447,6
24282416,6
16803951,6
34349222,2
28367810,1
26935287,1
5808819,1
1829810,2
32017943,7
22363061,0
30359801,7
39835536,6
28741563,4
38182463,6
36986350,1
28091984,0
3612785,1
40031004,7
29919757,1
1994488,1
28116945,4
17376085,2
38363994,3
29671395,3
17845350,0
32887408,0
13926647,3
36755891,0
24537896,6
32428120,3
21390612,6
31492602,2
35517196,4
12110245,2
21140853,0
7217617,5
33682692,3
36321157,3
29355120,1
11027865,1
37214297,6
35251210,7
8974457,5
4220441,2
35632009,7
31633738,3
27203090,7
36712706,2
39317373,6
19303835,6
20293369,7
39305135,5
25529070,7
29592679,6
18663772,7
39494787,0
18666920,1
22668465,2
38594515,0
21411099,6
6189047,2
23117570,2
33794873,6
18939133,7
9630494,6
33488351,2
2568018,0
22361802,3
11388180,6
33466635,7
35679173,7
36901124,1
36808628,3
28012791,1
10547343,3
33176297,2
33218010,0
23206528,6
32320254,1
10472620,1
33295581,3
16193578,3
37206097,6
36090648,5
36100593,3
32939731,6
33120475,6
37570762,4
1915643,6
31053602,7
39196603,6
34602461,5
20629012,5
19675760,7
32596094,5
2362541,3
870520,6
39741509,1
26801490,2
29017416,4
777778,5
30790518,5
8533885,1
37192297,7
7752814,1
16254513,0
30692750,1
36063800,6
5958929,6
12644902,1
33906183,2
13176533,2
26145724,1
23426759,1
34777259,6
28191934,3
37850357,4
13371444,1
14716981,0
37353951,7
27103849,5
24432831,5
34646262,0
19446183,0
19627867,2
23818041,7
31093459,7
35826487,4
9856435,2
17976695,2
24315016,7
26764634,5
37443386,0
15078246,2
39459947,7
16922293,4
23666661,7
6809067,5
37017773,3
33891918,1
4479463,0
33803806,0
14864895,0
13570344,0
25411052,6
10669897,7
31048613,4
16313224,1
30477150,6
6109890,1
23173340,7
11745614,1
33897848,3
32158760,1
9648896,1
19731665,4
36796887,4
8126139,7
38285195,6
26336108,0
35893997,0
6222528,1
24748781,5
7569050,7
17959955,3
19073579,1
39135208,4
36114063,7
18570492,1
24041935,1
12770302,4
30011715,1
39233057,1
15372949,3
39925157,5
33024954,1
21208376,6
30998547,4
10364201,0
18369726,7
23416024,7
10265115,7
6832332,6
34955200,7
19188981,7
25473948,1
20904326,4
30413207,1
20602696,3
23388509,6
26935793,4
4135836,1
4009251,3
31032890,0
25716316,4
24350779,6
17323824,4
39187738,6
21205472,3
20620643,1
38845176,7
29066550,1
35951786,3
37155266,3
10404792,0
23397460,7
36827888,6
18661464,7
28572289,2
23827025,1
4427623,1
24965534,7
33027713,3
30188285,7
7664803,4
38341180,2
18062443,6
9531028,3
8262072,2
6394170,7
12448583,6
11280287,7
18245718,7
9510183,1
34129354,1
28943107,7
4650639,7
35389050,4
30882145,4
37131820,5
36924820,3
22927198,1
11632388,2
38592999,5
30769856,7
11527793,7
36719891,3
29748045,5
27791307,0
30617933,4
21737487,1
21252948,6
13570644,5
14495868,7
23457493,1
19577973,1
5724701,7
34968412,2
39047630,6
28515570,3
39667089,0
28059562,3
33971484,6
6043463,7
36075147,3
27846942,7
29737715,0
9526203,1
14928820,6
21409279,4
8323728,7
27131462,2
24967934,5
27301022,5
25161727,1
2608645,1
15120662,0
40109555,1
22268521,1
22038762,4
19171686,7
8983150,3
20460339,5
27949024,4
33417908,0
250038,1
38509137,6
13895951,2
4688943,1
30012998,3
10158060,3
23000451,2
19611822,3
39069782,6
1459080,1
35090726,4
11981810,3
35158917,0
25977673,6
30944576,1
23110542,0
18553896,0
32064061,4
9328638,5
19833298,5
12925615,3
2104957,5
5612123,7
33679738,0
38136516,3
32329289,3
36376135,4
28272974,5
9167390,7
34489749,7
91205,1
10073045,2
37789543,0
39395530,6
40118548,3
23408284,5
38222962,1
22062724,1
36846260,1
30674540,7
6245108,3
27949901,1
22916937,6
35953018,1
18790206,4
18868436,4
28097462,1
35384358,7
6672525,6
34760688,1
25193482,7
34671322,6
40065615,7
38660931,1
34163933,0
39078772,5
19319752,7
32892174,2
24121983,3
21349528,0
18536549,6
22208051,6
12193471,6
39067321,0
37291261,7
37891207,4
22517827,0
27179268,4
39605067,2
27800703,1
21542700,3
20655158,4
23328555,5
28330460,1
38648355,3
10021899,1
39880938,0
13099032,1
38908500,0
36101233,5
26901434,7
28661218,0
15297685,0
8582766,4
35905947,7
2070377,5
27227480,6
39684415,0
25291590,6
28518684,0
12318172,2
33947939,7
37668267,0
23577370,0
30044697,7
24080856,4
28596441,7
5289189,7
21117014,3
39563183,1
9755003,6
33846772,2
22236592,4
7519135,4
25030725,2
17507018,6
38206527,0
11626201,6
19128342,6
12579163,1
29751005,1
20830455,6
16672445,6
36832404,7
10718227,1
11944385,7
6806811,3
24492924,6
30946767,5
7030463,7
28924810,4
38211773,1
34149829,7
24436013,0
28554658,6
38357632,3
21511445,7
31798645,3
9768645,4
22001578,5
33799390,1
40070615,0
5400833,1
29044312,1
30797937,4
10410135,3
18167701,7
13964152,5
4305070,1
36684870,3
25488852,3
21915708,1
32740577,1
7905954,1
24432956,4
34617422,0
14897027,1
21316262,7
15125903,1
4915202,1
21279603,5
34924953,4
37155666,4
24000654,0
32940708,7
23667439,4
2760351,7
18279865,4
34889664,5
6121431,6
29579871,5
39381004,6
19848467,1
10132632,1
16055024,1
33599536,2
24943071,0
16818884,5
4700725,6
23303525,6
29864225,7
14500831,6
38062399,6
25320322,7
27573592,1
12867178,3
36708873,1
15438332,2
3840177,7
13017397,0
28387180,3
39816564,1
33637620,0
22004466,2
21584990,4
2784977,6
34347010,7
17976063,1
28908167,5
27135933,1
39067978,6
12225159,1
18818721,4
17923090,4
25715627,3
28680896,3
16739894,7
22818948,6
10573688,1
39455901,3
2917866,5
7923509,1
30569889,0
35857457,3
39112761,4
17897366,5
9152116,4
29048607,6
10886841,1
32257262,6
3088497,7
5916187,2
39276874,5
38536999,2
20547421,5
8128736,1
25677214,7
36531679,1
17386936,6
29521746,6
7692983,6
33041756,4
17091075,1
17896767,6
15459615,1
8888124,4
18796397,4
6212220,6
26898720,0
17505380,7
28726303,5
30942123,7
34709933,6
38017111,1
28069953,1
32614116,0
29199083,2
21649509,5
2479690,2
22651764,7
17964198,5
19529502,0
11823521,5
26353195,0
36297116,1
7544112,0
17688472,7
33722444,6
2685015,3
16219358,1
9245865,6
4746121,5
19051414,3
34310225,4
34697001,1
9919604,6
9820291,1
14548020,7
30105541,0
28537422,6
2162115,7
15452390,1
35821904,2
37337120,1
33079110,7
34921650,4
17068128,1
16110230,7
11234843,1
28369418,5
24175212,6
12181185,1
13437327,0
6478931,6
33649949,0
24255333,2
22547591,5
16733821,6
38124335,5
8027158,7
35447073,3
4824683,4
37746561,3
1854,1
3128821,5
39948543,0
29247960,3
35511296,7
4980297,4
31757747,1
31820470,6
26399877,5
18287633,1
10496168,1
23691564,4
29309133,3
11646697,7
15593775,3
30273877,4
1141504,6
24069150,5
32322090,2
19712264,3
24627928,7
19932708,1
1497258,5
34883909,3
24793385,5
28939006,2
32660583,3
28408943,7
24509737,6
12702839,6
16598393,6
12341588,1
29010049,6
36041797,3
19342977,4
32132999,1
19590344,2
21989035,3
34869347,4
15825201,2
39958232,5
28910157,4
30340555,6
38780223,1
24887337,3
39434821,7
34255749,0
833062,1
9423294,7
30172944,7
31304499,3
39813055,4
9955785,5
30844050,1
30253425,1
20517583,6
19116509,5
36746693,3
38678377,7
19253264,1
14846147,3
38358881,1
18732016,3
15627908,1
3153112,6
27338553,3
28508228,5
37797227,1
34367790,6
16692777,3
22699040,7
27821571,1
12787452,5
5968951,1
26696650,6
38565022,5
24339875,5
19737367,6
3343076,1
30063572,3
38569350,3
14232905,1
37173450,7
32855942,5
11238277,3
27559742,7
34618256,7
27447953,3
26564336,7
16846977,0
22784372,2
22018400,0
22197096,3
29395516,6
19263704,1
1649351,5
21678058,5
10688843,4
31831242,6
40048443,0
34767400,5
13398697,3
23766054,3
34340458,2
29153653,3
8935228,4
33612481,7
28813775,1
22159278,6
22528752,6
33658175,1
20045894,1
32343514,6
34403656,4
34207641,1
35964583,6
14594324,1
21913102,6
18556688,2
39522703,5
27001249,3
20779343,7
12553598,4
26720745,1
26996126,4
31700681,6
34535816,1
36113663,1
11663244,5
16122228,3
23399564,6
38888628,1
3822336,1
31751674,7
24915995,3
11729662,7
26181113,6
39504872,6
6839922,4
23165736,7
27077908,7
23648826,1
20997863,5
30060303,7
4359085,6
34772030,4
36424454,0
18228612,5
17926273,3
4801216,1
26693852,1
39379351,6
1782843,6
34902649,0
37883072,3
21567158,3
14138858,7
37487379,1
11785720,1
23230184,0
20753807,1
18729026,1
30580462,2
36780377,7
22446362,7
17933572,1
28970771,6
33359306,1
17757306,1
26716389,1
32804499,6
28747962,6
10713579,6
12526065,5
35436399,3
31641440,4
29530594,5
37091436,0
30539789,2
37153426,2
22510934,7
14440455,0
38742207,4
35462876,1
30559507,6
2386418,6
35314206,1
6433646,4
36099260,5
25080463,1
25596426,1
9907352,1
10212791,1
13978556,6
15564523,7
18351291,6
9332736,6
36515258,4
11454356,3
25952300,4
28254910,6
10867028,3
39219302,7
17287017,5
772814,7
18714724,0
2203424,7
27353947,3
22860742,5
31562726,3
36101327,4
38112650,7
39936831,4
22739701,5
33105830,3
22956785,1
5799126,4
27839797,4
27935718,4
3611827,5
17938818,1
38112806,7
23060615,6
39755464,5
3907810,7
31532290,7
2803737,7
35666067,7
14267427,2
22118704,6
8348456,1
36453319,3
20978757,0
17405992,7
4432208,3
28256618,0
21726553,0
30490452,1
32680184,4
23122079,6
29109802,3
9687989,5
6281670,1
7068360,6
35197779,4
9874405,4
13002132,4
4811379,3
34776877,5
6368452,5
39474896,4
28523535,3
36191351,6
25371880,0
28457312,6
15123928,0
37482733,3
13944427,4
9103511,4
29480288,3
20480238,3
36032280,0
25331500,5
10775411,1
34112729,2
21476075,4
35651895,3
9790121,1
38000290,7
27313970,3
24031821,1
15233601,5
13512823,6
6942039,2
34873614,7
36402748,3
19216135,6
14867193,6
8306171,1
2119761,0
33490163,5
5558837,1
25875465,7
34927327,2
25041420,7
8710918,4
25063167,6
23765639,3
1734801,2
35382203,5
17534932,7
33177824,3
11448005,3
23048756,1
32173856,1
33209048,4
25268696,7
2995983,1
34660528,3
34376896,3
7141501,3
31321210,5
12189133,3
35213559,1
33619188,3
39923814,5
38946269,4
10920035,4
29869559,3
21843693,7
15832451,1
6745523,1
27929669,7
39334235,5
34324025,0
39353395,0
31111032,3
26659877,5
34839105,6
27293796,4
32084545,6
36368252,0
34710633,7
21752684,7
38827949,4
21394015,7
22399888,6
6204443,2
33579522,0
20107925,6
15522310,3
37006267,5
32381416,0
25822738,5
29947162,7
36139,6
20926193,1
23584709,7
36292999,2
35662828,7
33489133,1
29866162,1
18637752,2
17777219,7
32339864,2
15020911,7
16341484,6
21166771,0
13770335,7
35546853,5
16860792,6
7524467,6
27372782,1
31379169,6
35851209,7
16315673,0
11598204,1
5506444,0
23083195,0
16744826,7
16694298,4
36515486,7
36691704,5
35281691,0
39726805,6
13805343,0
25229511,7
19645543,5
31336084,3
30589379,7
26994963,6
38826359,2
33573239,5
12939897,6
394500,1
17640919,7
22715036,7
39816374,0
18478837,4
24508033,0
31551410,4
17876492,6
25622764,2
37750141,1
16616563,7
27524664,3
34985735,4
27433026,2
28251453,6
15112166,1
39617488,5
35101791,1
39464748,1
35624459,1
3542881,7
39644907,4
8794506,2
11376898,0
24830163,1
29224258,3
18563717,2
16670712,5
38097531,0
39634861,5
20661902,3
11760436,6
30217561,6
35856708,6
34706388,7
12446132,5
2487475,1
34942123,5
24587480,6
33978621,0
8813226,6
30675956,5
26674790,7
23704892,1
24490115,6
25691996,2
18040251,2
26959176,0
22876148,7
32620254,7
38129077,4
10380065,3
1522636,7
11788115,1
17127083,2
29809524,1
23119648,2
25593973,1
39134580,4
28993219,1
4182419,4
31000289,1
36528692,7
39299917,6
8470539,0
33482496,6
27071661,3
33424001,0
24065099,1
25826219,7
26004787,1
23175728,6
35547002,3
21747902,6
26245449,1
28595465,7
23433842,6
31637600,5
15610749,7
21558782,2
9324389,7
10883805,3
34288230,6
18899555,1
27233585,3
38266841,3
39788860,2
24872289,6
29834729,3
25826130,6
39941213,5
34029726,5
33324535,1
25559596,6
13855020,4
39413447,6
33699718,1
3711303,6
5767678,7
15149075,4
35602681,7
1806608,6
33315062,7
25463013,2
31210223,4
22540410,4
36436283,7
27884085,3
32655055,4
13094994,6
18214937,0
4806520,5
21656843,4
33953505,4
35208553,3
25973363,1
19349503,0
39474794,3
14764294,1
3106893,4
3100739,6
9715454,6
23820144,6
34696412,1
30946670,7
1658722,6
23091840,1
40045899,0
29822007,1
37610533,4
24963118,5
200738,7
15401376,6
16409992,4
24936107,1
10166956,6
15582443,4
33996037,3
14652081,5
12500069,4
18833471,2
16285889,2
39177610,1
22124914,5
37512132,5
22207625,5
32239961,1
19291927,6
38334497,4
22208821,5
34608613,0
4378464,1
27924819,3
3783677,3
38743403,5
20827093,6
11058250,1
34467657,1
28500275,0
6573207,2
34981307,0
31607200,4
33338375,5
36535381,3
18394747,7
27603093,5
35611473,1
39479445,5
31773229,0
38206587,5
28477705,5
14858000,4
2631405,7
27831173,7
11301910,7
600190,1
21042624,5
14780175,5
17611947,7
11557587,1
37276018,7
17386880,1
29843433,3
27300302,6
15535927,6
22258442,7
32324619,2
2425787,7
25412508,7
903497,1
25063938,0
23540309,3
29399659,4
39662891,3
35544574,2
30418250,6
40082844,3
29776336,6
33137269,1
36157247,7
22620266,6
17121949,6
8624507,5
39381305,4
28966457,0
34780027,6
34096997,7
33464240,7
37195684,1
29083059,7
38263995,0
19350346,2
12453580,6
26228747,6
39723437,4
27051737,6
39817973,7
7990321,1
18866994,7
11885651,4
22775640,4
7524213,5
39873204,1
21533706,3
25004515,0
27691937,2
22512677,4
21994472,7
22586713,4
31144356,3
27640853,7
31368770,5
26616643,7
20317456,3
17056450,6
6575825,1
4653711,1
38226607,5
29461019,0
32850657,6
20196930,1
15696547,1
39252731,6
18261318,1
16888757,5
21722563,5
5486049,3
31293460,3
787739,7
35516674,4
19467290,7
28891985,6
38385010,1
7072505,1
15401497,0
36769231,7
17569519,4
17427252,1
24422502,6
38672675,5
36455647,6
23145928,3
38703556,6
417584,5
31500189,3
20008173,7
30955503,0
13178225,1
21294997,4
31943941,7
28158278,4
37877325,1
25641980,0
25024912,6
10077644,2
15722222,6
39750041,2
24707283,3
8335548,5
37220463,6
27296602,3
14013597,1
36926906,1
37908556,7
32383234,2
24826092,4
11905635,6
33650606,7
3778579,4
30539412,1
29158931,6
36817549,7
3609596,7
6233563,7
34214100,7
861190,3
37322690,2
14567210,3
25987662,1
30082180,3
19141073,5
37840885,1
27674145,6
15562446,1
33350147,0
28727241,3
7119755,2
39950816,3
24430620,6
9822291,0
34406382,5
18908875,5
32808856,5
29940783,1
22763675,3
30324464,1
16065370,1
26366588,5
6240648,1
37882975,5
39576340,3
31305213,4
10906605,7
657857,6
21007783,4
34713346,7
25064228,6
26060130,1
5847679,0
2786384,4
35320452,7
5231627,0
8910927,2
40010317,3
39628275,6
3195738,4
37567405,7
30792422,6
37175103,7
32124687,1
19460367,7
7850207,1
21266312,7
33555332,5
23085560,2
36825925,3
36488214,3
38872755,5
15823011,1
34795531,7
13818549,5
23975202,3
31997811,6
33683899,1
7800693,1
27592603,2
2656066,5
28735974,5
33165523,1
30182677,7
33689159,1
29963173,1
25087481,6
27163479,7
13398996,1
20402430,3
38839246,4
39708133,3
15851238,6
37461798,1
16453758,1
1817064,7
29350869,6
27066370,4
1588224,0
28187242,6
17453212,1
37809681,5
15272785,1
23146819,1
37783438,4
2619446,1
29676893,3
30934414,0
36317464,6
10567845,5
18385530,0
24832628,5
19063162,7
39578807,6
22208065,2
34398697,1
20968774,3
23524444,3
33355268,1
33920777,0
4528831,7
26147688,5
35002160,1
6142757,4
31263153,0
11638387,2
23578018,5
34287317,1
38908575,2
21209734,4
18818307,5
462933,2
35294265,7
30776447,5
21510223,1
27306343,6
17798174,1
23934922,5
37631810,4
17497819,7
36108585,0
35499348,2
31792768,1
24643704,6
30612360,4
31041736,4
36665225,0
19238307,3
12827548,7
36270068,0
13360387,7
37653474,3
26590089,4
21026224,1
24941642,7
39649714,4
23613715,2
14644889,6
35646121,7
17911026,7
5269304,6
15956169,7
19314465,6
14713757,7
31977102,6
13080591,7
5422184,0
16575153,5
38626345,4
38993266,3
32353974,3
12997572,2
31077688,6
22768682,4
13117477,5
30079630,1
39270653,6
23922867,1
7860534,7
25045924,1
19239154,5
14442255,3
38111769,1
19605405,2
35106112,0
29120626,0
15710592,4
10394243,5
19798597,7
3075065,2
12165691,3
26405939,5
16001959,6
2495487,3
13907315,6
25953959,3
4296041,4
22076453,4
29306092,3
30540139,0
14823363,1
28144350,6
12164734,6
8343576,5
35737788,5
12531790,7
28975274,1
26180778,4
14887577,7
8216729,7
32138760,0
21002166,6
28649795,5
37792813,1
39593747,3
22546836,4
13536350,7
3303312,6
36412921,7
30093903,3
34123891,7
25442482,3
22615196,5
9285713,3
36275522,0
27033146,5
11904603,7
15210674,1
23444658,5
29832234,1
1983332,4
33269853,3
12917294,1
6107918,5
28122488,0
36247462,5
37945057,7
11276322,5
15706339,0
394770,6
30946654,2
36606589,7
9541790,4
31055302,0
17871588,1
34748579,2
36885642,1
39415851,3
24299988,6
39536878,7
2753350,1
38973433,6
31757432,6
21680020,6
32464122,3
38982807,1
23774440,2
12755804,1
18772002,0
28091129,0
39018292,3
36948680,1
17278602,6
20971174,0
27688183,4
25277115,4
33702523,1
31307147,1
14063687,0
37587127,2
33901521,7
2383546,7
38749120,0
36986811,0
39059338,7
38187041,2
38198137,0
16984802,1
33040628,1
37543975,3
22225577,4
886629,3
9382941,1
12474344,5
18339384,5
21997850,0
32319726,3
15939963,5
37519550,5
12692641,3
31687572,0
37713847,7
38319205,0
39045544,3
29978236,3
11589275,7
27473307,0
27146262,1
27702780,1
35505583,2
38302523,0
5563743,0
17377867,7
35818129,7
15715152,7
15718068,7
19876993,4
32959342,6
33857914,1
27906581,5
23183478,3
22561151,1
25718075,3
3013283,7
22787243,5
36717715,2
17485382,2
6503929,1
35415468,0
5773607,6
21111659,3
5015749,7
39347762,7
26117548,1
35829364,0
15288824,6
22638392,4
30578705,3
24106532,6
31426757,7
2980196,5
38789013,5
19303678,6
39910941,6
4833948,7
11166632,4
6900595,7
3450436,1
36989435,1
14515313,5
29911211,1
27848037,7
36042697,6
23415251,0
35857519,0
38674805,3
39187032,6
4171866,0
10155510,6
7274478,7
25278752,1
32039862,4
14695559,1
25333525,6
28618010,7
39574742,5
29315898,2
13441936,3
2524853,6
18337139,5
29117524,2
38353263,6
18518376,7
8068478,7
12122006,3
39355048,5
23534867,4
8073734,5
35073940,6
15218465,7
27925974,7
31971302,4
35948337,5
32892964,5
36430336,7
29005004,4
32234266,2
31368358,5
35882920,5
2161365,1
34185425,7
11447624,4
38815747,6
22508136,7
35297771,0
37618695,1
29810140,3
3632919,1
8592249,1
35390843,5
33585928,3
8895614,6
18330411,6
3296893,2
22031061,1
9608859,5
24196421,1
2722386,7
30889444,0
3061924,5
39443478,7
2880499,7
13592192,4
27090129,3
15209113,2
1540835,4
27108835,7
7224099,1
3167106,3
37018475,7
31642226,0
5983339,7
27261350,0
37219327,6
22506504,2
34524506,6
5901779,2
668226,2
38102188,0
12487731,1
1760245,7
21731043,1
35456976,1
15318378,7
16852898,4
21567271,1
19783529,1
33274670,0
25236614,6
1665468,1
12703678,4
8008829,1
16656199,6
31728741,5
27152673,4
34725274,6
35934220,1
23161341,2
36971077,1
29285782,7
8126654,4
24906957,4
22235784,7
19198634,2
36068887,1
33614378,0
30296156,2
33540418,6
19265597,1
35666761,0
40010954,7
12573741,4
37316261,7
29596204,7
2532236,1
11533939,6
36039919,7
3472884,3
37874284,0
2203947,5
29884543,7
28788335,3
33511939,5
33703229,1
13133197,7
31139336,3
30882563,5
10972086,7
28180360,3
38779958,4
16548581,7
29655015,2
16849727,6
3220957,7
17701074,3
28602550,7
34721879,1
38463099,6
33785186,5
39662665,6
749070,6
38999203,5
23404162,2
24946061,4
19859609,0
40001010,5
39936697,7
15570526,4
31398235,5
39152390,4
30505407,0
21653433,7
29042718,5
3989967,3
37663931,3
21483003,5
35062368,3
25027506,2
6190348,5
30936082,5
28445912,5
20167450,7
38648441,5
37672642,1
32939190,0
17180738,6
25900639,1
24948099,6
10188210,6
24499349,7
28957946,7
120657,7
31376961,7
20332320,1
37286768,1
6726953,7
39781344,7
14989749,2
15920039,7
29814060,6
10728309,4
10344481,5
31787110,1
40121562,0
38564546,7
23405610,5
20224526,0
29238964,6
21120668,6
25943850,1
18346376,6
33774805,6
36417918,3
39890879,6
15761846,1
33457731,0
1633932,3
35350808,1
32677445,1
9717224,4
32806808,6
34896728,0
308913,2
31843830,7
39803321,3
11842979,5
35495377,0
19826477,1
35432462,2
34599159,6
6593030,3
22203332,6
35253990,3
16857407,0
38991025,2
20518302,7
34942955,5
30404890,3
37803637,6
34965276,6
24454177,6
13415660,1
28255850,1
23846113,0
1531402,6
3499242,7
22266209,5
24730520,5
38810610,1
29661297,5
25684522,6
39993714,5
27886502,4
19730157,6
4674465,7
14955487,1
37175400,7
524992,5
33109498,7
35213780,4
27806167,6
31661177,1
27326403,5
33057463,5
34281442,2
22409214,5
3149496,6
6498459,5
35711091,6
37245832,0
18580920,0
15416054,1
36840903,0
32467060,2
37356288,5
30974427,6
4972079,4
31269509,0
11729594,1
18513734,7
20814173,1
6407620,1
28298709,4
18221843,7
39233277,1
33586493,7
38353644,1
12872242,4
35086560,3
13665968,4
29141727,6
32129387,3
7191209,7
33131477,1
30533189,7
16068703,3
37853870,1
29017058,6
28631288,1
27004815,5
24458023,2
13806609,1
36142326,0
40125189,1
34296409,3
11853141,5
39085287,4
35542764,2
38992480,6
6194533,1
22849275,6
9789410,1
7916317,4
6756132,6
21313476,5
37849499,7
10035010,5
17868597,4
31336664,2
28215774,5
35027945,2
39088101,4
30461015,0
26836188,6
39133507,7
38308003,3
34584354,7
33857132,3
19808317,1
21073857,5
36532845,4
18881472,3
3950773,2
32036119,7
13484182,6
10307794,6
6953370,7
37197780,7
1602122,0
18961548,6
38817895,1
21805453,5
36463722,1
37976477,7
787015,1
10203210,1
27041646,7
31235971,3
35289673,1
38524821,3
10827112,1
28057646,3
14354819,3
4031814,1
34645130,1
12741957,5
9440010,5
24937011,1
25739026,7
20189314,4
14417870,6
32321408,7
15214020,4
37625075,1
27090063,7
12666319,5
885103,5
34264314,3
34803982,1
33612568,0
36731323,4
31516085,5
8180959,1
20131108,1
22829309,7
13584992,7
8314569,7
23841603,6
9532703,4
25437820,7
9753658,1
27876898,4
30289872,0
17852489,1
39164524,7
241250,1
27649132,6
15419617,5
34315278,7
37083168,7
12541213,6
25249838,2
35401094,0
37864419,5
37800054,0
36847384,7
36817413,3
37706221,1
35647330,7
15468422,1
40091456,4
22560698,5
35699484,2
37470469,7
7274049,1
26235782,5
37917378,3
23335766,3
37240417,1
24375909,3
2248321,3
38312494,2
28956968,4
21171290,2
36583635,3
34591505,0
33801171,4
31344201,6
9665002,1
32954728,6
9751214,1
20843922,7
2207562,5
14667146,0
35958510,0
34207062,3
25204299,5
32031995,5
32960877,6
39087559,0
15610574,1
1401721,3
29781828,3
19329533,6
15636601,3
27133678,6
6423171,1
16571908,1
35307091,3
27656401,1
2585091,1
13621533,6
31483818,0
23981601,3
38096006,7
12009616,5
35776829,7
2653516,5
35616545,4
36723595,1
32945732,5
33534976,4
22854607,1
31841751,1
33200893,4
8734091,1
15913767,1
13263122,1
28252442,6
8824826,1
37045053,5
26492636,2
39381137,5
20930006,1
13688707,1
23476331,7
10259282,5
22209145,4
39147701,7
15525416,7
29035094,1
36118077,2
37440855,7
35001186,0
9084228,7
1552260,6
40052616,1
10182487,5
33935557,1
19685002,6
33692619,6
26247960,7
14987106,4
32647939,3
18281082,2
3199363,6
6283481,7
25062068,4
13552907,6
23125471,5
30971615,4
25980802,5
24277313,5
10290990,7
15279429,0
2876517,1
14466713,0
12924792,6
29681457,1
31090572,7
38706655,1
4463395,1
31407900,3
36773053,0
30140437,5
31964930,6
22207212,4
33617120,6
40036942,1
23125671,5
17056775,6
27629797,1
30811412,3
18878663,6
10032077,7
33239147,7
12907004,1
11019036,0
17302166,4
29904851,4
20229291,6
23774619,0
39307257,6
25778004,1
39281199,5
30553824,6
35675601,5
18043537,3
23819365,2
7945730,6
1274869,1
23032990,3
30910270,0
9311312,6
39427492,7
21562815,6
38006968,1
21184299,1
5803290,3
14719776,2
30257408,5
31260389,5
24419525,2
24677595,7
37837148,3
21101557,7
35925625,3
29807201,1
16637735,7
33139896,7
39115933,4
25129881,6
34374424,1
15884038,0
38534817,0
8900768,7
17982967,0
16048056,4
28478085,3
34074049,7
30403606,5
38226401,6
26914462,6
38884513,6
34006847,1
17758442,7
6194865,7
9050408,1
30408098,0
37127292,1
32295879,4
36400683,7
17218151,0
4917893,5
9099523,7
34718095,5
35707214,1
34878405,6
37140933,6
17432157,1
18039190,0
13113726,7
20445060,4
27490714,4
31372778,6
39956663,6
38398029,2
39684365,7
1292817,1
31187335,7
31868441,4
33153606,3
2461964,1
40062073,1
13319442,0
25069246,5
33722336,6
24210700,6
39148477,4
38809858,5
23402882,3
34938686,7
24757879,7
33739182,6
19206459,4
17076141,6
7544258,3
21221595,6
17600942,1
18492273,3
30550812,7
39808573,1
20266163,3
29289288,1
1085852,1
29478684,5
19859827,6
35113081,0
17434399,0
18478287,5
27720034,7
22781227,3
26441492,4
10069336,1
34850315,1
24187487,7
33016142,6
30662112,7
25594970,1
28226308,0
9149151,4
20220990,1
27595349,7
36963406,3
10771163,4
15471233,3
30451190,1
7465889,1
5653088,5
23175978,5
36097275,6
32566188,1
23699870,2
8916028,5
7273841,7
36446729,1
35569447,7
10272612,5
29458653,6
25264279,0
33391736,3
37173122,1
21972020,2
39541722,4
38670267,3
21797181,6
16714617,4
34386096,5
9682328,3
27664896,1
37441218,7
27369247,7
21454299,1
36707916,3
18638499,5
28037248,7
3421290,6
31465161,5
5704590,4
32157517,6
6471081,4
21245219,0
22905129,4
35994465,2
3026678,1
13851757,5
27350944,6
24913505,4
25163023,7
37351733,7
39214484,0
14015152,7
38535456,5
36144981,6
24406692,5
33866352,5
13098457,1
38726250,7
14281251,1
18087720,4
26874346,7
14149210,5
23929778,4
32081680,1
10539373,1
34481169,1
14151021,7
4393340,5
5690888,1
25752315,4
25741655,0
1075652,6
33889584,0
28833593,5
33852378,1
33443233,7
12917792,7
31508043,2
39732495,4
34923628,0
35665838,7
33199172,2
37583078,7
30580301,6
33027992,1
38569603,6
23578396,6
17935660,5
5322027,2
12554085,1
19896733,1
39550050,5
29616749,1
22703385,6
27517425,3
32876962,0
35959358,6
980932,7
22356567,3
30713927,1
639949,5
29183653,5
25328663,3
28886558,3
13003949,0
28636741,7
15736578,2
22913012,2
4119813,7
28573545,0
27094838,6
8990600,6
36939522,6
6889785,3
39533452,2
5143593,7
30141853,3
17921455,6
23148216,5
23006458,6
37910443,6
8579098,5
31708990,6
5770944,0
26759339,6
26720307,6
14149613,7
35954990,0
27820713,0
4449261,7
33001507,1
33261630,4
15604475,4
23228276,1
19298147,3
19140431,1
16096754,3
27391006,1
35196065,6
28859183,6
30522672,4
2543672,5
7987269,2
11096134,6
23310864,2
26747692,1
35841701,2
33577192,1
35046437,2
4225927,4
17124365,1
37296209,5
32704725,7
35702936,2
34803766,2
27609865,1
19037116,1
36228516,5
29487090,4
2591845,3
32006771,4
34121294,2
33322435,2
11067916,0
26223951,1
25024203,0
15790691,1
19646716,2
12657867,6
22551408,6
38932722,0
16485237,2
11541824,0
29832160,4
10364818,4
11856815,1
30554114,7
38902553,3
16464015,6
19204776,7
21704646,0
16929639,7
34272186,5
34016106,5
32583125,7
39007820,1
23857535,7
27212153,3
34301581,1
39509392,4
10977114,5
29651027,0
36190751,1
8346164,1
15756285,3
34405649,1
23143513,4
25750247,6
1210118,4
32617086,5
1150581,7
13345284,7
25266999,3
1241893,2
26488279,5
29322824,1
25025299,1
3562441,6
38702364,3
31676473,0
38641162,0
35108617,6
19129106,6
33987864,5
11154634,5
37753671,6
39120934,3
30356069,7
7749914,1
31618733,7
27954926,2
12308028,7
13295205,1
34842697,7
33582424,4
37827808,1
28464886,4
24618648,7
39874047,0
15825241,2
12364981,2
23679318,6
31076197,6
16591082,5
11465158,6
35183140,7
397125,1
8440824,1
31565901,0
3324733,5
26575661,5
22675840,5
20409518,1
14572999,4
4665342,4
35152137,6
38213595,7
3642748,6
38625435,6
39003982,3
5230699,3
20432419,6
37132594,6
38256373,1
29317526,7
39256233,7
22284018,5
15272918,3
5385959,6
12796443,1
9919342,3
7010551,1
34253933,1
1383863,1
36387302,7
17202243,1
15007867,5
31453414,1
34108502,4
28313984,1
24914735,6
4516358,6
26470476,5
39205979,7
30254023,6
14344474,7
22452512,3
39662811,7
24415638,2
28354567,7
28274133,5
12353996,1
15864846,4
27957569,2
39425284,1
27046448,7
13238566,1
32378308,3
219215,1
39638324,3
27389165,3
28730805,3
9752017,5
11195140,6
28316119,6
35510972,4
38614156,6
25506527,1
19645527,2
33763621,1
37034308,7
33748040,7
33535386,0
26869977,1
33113031,1
35896970,7
34418667,5
34241050,6
34846503,1
32328192,0
31189199,7
4095749,6
29521027,3
38658574,1
20981691,0
32378647,6
40101329,6
21110713,7
19074645,7
21665629,7
5084934,3
32587183,3
39144482,0
6998366,5
17042602,7
21790459,6
37730650,1
18492000,0
27377142,7
17350774,2
37450334,2
1328041,1
4107070,5
29745032,3
32936373,1
14764873,1
6689935,6
13633521,6
33270673,2
6315501,1
30364958,6
35797523,3
32742250,7
20701484,0
10390537,5
17128029,1
15598867,0
19996940,7
19962300,1
1621806,7
30211966,6
34481924,3
33273792,3
30583738,0
21054359,3
26885143,4
37121222,3
27025359,2
7057450,6
3080450,0
29250319,4
27830650,4
26762740,7
23483503,2
11413657,1
37206973,4
34040241,7
13278959,6
19316985,6
7954784,1
5452648,1
25918393,1
10925507,4
36980910,7
36457040,0
6515160,1
5881615,1
10953060,1
5091914,1
22333700,0
33619895,3
10839836,0
25583468,1
38797281,5
24447994,4
38197722,3
22458192,5
7632589,4
39447362,7
12322065,4
20941428,2
17086289,7
29443216,4
16121425,3
38450320,7
38718190,5
18174401,7
21259988,5
20110732,5
25952922,7
10447010,3
22667298,3
2170228,5
40004639,4
1959744,6
5384632,1
35263440,3
31751230,3
22605344,5
19165751,3
38947658,1
33194533,6
19439961,7
37462656,7
13822642,7
37735296,5
35049873,7
32285022,3
23130008,6
26558688,1
15828312,6
4063392,6
12408414,7
4537355,2
16359052,3
33047762,6
38133980,1
7200606,7
27624166,7
39150996,1
23265920,3
35749955,1
35350065,7
40049320,1
28641210,7
3833717,0
28195586,3
8724729,4
21052946,0
27735413,0
31954983,4
30429608,3
5507156,7
24012547,5
27031629,6
23689357,7
32425153,4
25829049,1
35704722,3
29860814,2
4103085,1
37346269,1
38558171,7
24881554,6
9504937,5
16745487,4
32302687,4
35228982,3
24411931,6
29261917,3
8495786,3
34779058,1
19622241,5
17920147,6
7778809,7
36437397,0
28746247,4
39907708,0
383760,5
38242445,1
13304136,2
27004888,7
38729081,1
33260651,2
23290114,1
9850973,4
34846713,5
17015490,4
15993006,2
8904318,1
37502545,2
37354022,3
30660619,5
9671530,1
33272162,7
8686225,5
18295751,3
8327365,1
39905822,3
39060386,1
26449057,6
14827983,4
22244642,4
33697530,2
18431821,3
31982284,0
38733897,0
40071165,1
1596963,1
21032497,6
38928949,4
2801154,5
29454595,6
17116718,1
40098680,0
9390536,1
25766209,6
28233766,6
2940948,1
24804527,0
27027316,4
34812542,0
30009948,3
27732965,2
747781,1
16030923,6
22298050,3
12934699,5
21506864,0
26489449,6
30891094,1
16719263,0
6075974,6
38562144,0
14395115,5
4947290,7
39658549,1
34126448,3
26513125,5
30647997,1
38130054,0
6256183,6
30486773,4
28873486,7
28011551,0
32280480,5
12320143,4
9091073,2
25258755,3
34544925,0
14787461,5
11068198,5
32315491,1
15305787,5
13127045,2
24604983,7
21677964,3
13639461,7
23636077,5
40063317,4
30674777,3
40090673,6
8281762,1
31967010,7
31381183,5
26858129,6
11315259,3
26652845,3
35311269,1
16505456,6
22347357,5
16909779,0
37590721,6
28616679,5
26342588,5
39781172,4
31121026,7
19956622,1
30900003,6
9292169,2
16818338,5
17913377,6
3665414,3
36632745,5
18082319,7
33455463,7
37883476,3
23188991,1
30133505,6
23020520,6
34857737,5
11794466,5
38341323,0
36427800,7
38094679,1
19182912,3
22788770,1
15791553,2
2717282,5
37087613,7
9702933,4
30397874,3
22115831,1
1504729,1
20804956,1
2942940,1
4702274,1
13068043,6
17683701,1
19349117,7
7270022,1
31421283,6
38658041,1
36684140,6
32389221,7
11035076,7
17023170,6
31714221,7
8892831,1
27178126,7
36662624,0
40007815,1
18221294,1
30695709,7
35663130,6
35990123,7
38470092,5
36958314,3
3824179,7
13797624,0
16957167,5
39738285,1
14804291,3
39188888,3
31758913,6
27434569,6
11651553,3
12715804,6
13774397,1
5306756,3
19371849,5
21870618,6
29179670,3
15098431,3
36134850,3
3606743,1
12098559,1
38919565,0
27910855,6
25771516,4
32043124,2
28988072,1
11657614,1
9372456,6
9767585,7
30961846,0
15870443,5
29043771,7
34964426,5
11302487,5
21448929,1
30036303,5
32762924,5
39329309,1
35330808,5
3244876,1
23439131,0
38446908,6
34846325,3
28439394,5
35614466,2
34244191,2
9946760,4
20470970,7
11897597,6
19349902,3
2875767,7
18609513,1
21952175,1
4894976,5
25634624,5
27286275,6
2063412,1
25513698,4
33168099,2
30682836,7
15266818,3
32646389,7
32548708,6
30149776,6
22069727,6
10075065,7
35748549,7
8225460,0
28818036,7
11927604,1
3976795,6
39203384,5
20360293,1
10202306,1
8858145,5
1876131,1
31898989,0
19215847,4
35752388,7
33434990,0
19865964,6
36213883,3
31219359,4
16592420,1
5764664,3
16351436,0
19264922,2
19058985,5
34596576,1
39934802,1
21860661,6
13566747,7
22565311,2
5783516,6
30753390,6
29015221,2
38427958,1
25318639,3
26473885,6
3375375,7
17184225,4
19242826,5
20528081,0
36487527,6
30370110,4
37886785,3
18592785,4
31119510,0
30979092,0
11641435,1
21747260,1
37372401,5
34885107,4
23009552,3
19109158,1
19289291,5
19166126,3
20849316,5
13674792,4
36975738,1
10400139,6
25045483,2
39379805,1
23184263,7
39969218,2
19678342,2
5481686,1
21996288,5
27645132,5
38879220,3
39499959,1
33353855,1
10850052,1
16687433,1
22076449,1
33030056,5
36028382,3
18174883,6
11618913,7
32529073,7
30655847,7
19134404,5
29343107,6
6630645,1
19440322,3
18880625,4
34108696,0
37246630,6
26243682,4
38944814,5
29064053,0
7589238,2
2768188,6
38552285,6
36046230,7
35143596,2
11130831,0
26430607,7
27646065,7
34781904,4
35096360,3
17697170,4
25417713,3
10110083,5
1521058,0
30412340,1
28619045,4
32188352,7
14222773,4
38819570,7
28668698,2
11611849,1
855514,6
35948293,7
18301980,5
3907611,7
8901996,7
9252688,2
35260742,2
5136611,1
32971485,7
26345196,5
36068832,6
37106475,0
20461772,2
18232150,7
22387024,1
40039457,3
17831211,4
11982341,5
38963822,5
7222382,0
35502121,1
32203982,7
37341764,1
36410373,1
1448429,1
39348496,4
24440960,7
35261588,0
37885882,3
33412974,1
18236155,2
25249259,6
33681855,1
34757803,0
37335938,6
39557313,0
25726924,3
20579397,6
24234034,0
35397621,7
30662570,3
13025332,6
20199962,7
37528077,1
30815468,6
29929639,3
24941765,6
8060397,6
30121441,6
4707296,3
38994930,7
34485056,1
33527030,0
34445692,3
1212108,1
15486711,6
26801068,2
22806065,3
20551104,1
7698716,4
38609421,0
39257652,0
20870812,7
26894144,1
36794592,4
31836695,7
9964911,7
25770880,7
27912764,4
5498060,0
29733476,6
4605929,7
34598298,2
1491796,1
39646631,7
35090521,1
37232387,3
23023878,6
28211280,4
36723003,3
29338190,0
34369849,5
5041682,1
24028925,6
702986,7
21226708,7
5156663,5
12332195,6
1189253,1
30253198,2
4733838,4
11087553,1
36786056,2
20922979,5
35659578,6
23343370,5
37095012,1
21430900,6
10570560,2
35620823,6
28327150,0
36140143,7
6462684,1
10868473,7
14176833,6
23567674,4
39304995,0
17658399,6
21705098,7
14628486,1
34386221,2
24560173,7
24865844,1
36269546,3
1053928,0
37317496,3
9533179,1
13224920,1
35515975,4
6846829,6
8806101,6
13346021,1
14178517,4
25733955,3
2825520,7
27899293,7
11025700,4
38597378,6
24892904,3
20121664,7
9635913,5
18214743,6
29478400,4
16265602,4
28489149,1
10682806,5
17639142,2
24467748,0
26658175,6
5825653,0
9458110,7
30174526,4
24597661,3
28997445,1
38050084,4
18840174,3
25395175,1
29911230,7
38576589,1
39309227,5
2672635,5
35726924,1
9097441,6
15247628,3
37112548,5
2005540,1
21298772,3
15860074,4
22794884,7
3749512,3
20285906,5
3405626,1
29983059,0
8971074,7
5690147,5
36033021,0
7857868,7
12601316,7
33848197,3
16943988,1
35725478,1
23607525,6
33969754,4
34229641,6
24488927,6
11029014,1
2171733,0
22862658,7
30948997,0
16342777,1
10985157,4
20114653,7
32037190,6
34132663,6
18005861,1
30922736,6
35750140,4
28335194,3
4642423,1
36631462,4
10984471,6
31033468,3
34709927,1
39628043,7
28214895,3
7017990,1
27048702,7
39987703,4
27765166,1
8781024,5
34180674,1
22657874,7
21854364,1
2401117,6
1049070,2
13901185,1
29194082,2
25196721,7
34253425,7
15231870,7
19224300,0
37346463,4
12341496,7
5504498,0
36666353,6
18295595,7
27428008,7
5360050,1
9298820,1
27425443,1
39288354,4
28255133,1
30610579,2
25291506,1
30125939,1
34996508,7
35847399,1
4039354,1
29474143,4
37408133,7
25678204,2
11488558,7
37199288,3
31745159,3
31317312,3
22280167,7
26593944,2
8211386,1
22652762,7
3252383,6
30142149,5
31740909,3
6413891,6
29729356,0
26719449,4
18722046,1
9761116,5
32751576,2
25051362,5
28679718,7
27578674,5
30028841,2
36277917,1
28677657,6
27339940,3
16474171,1
13303464,1
14161331,0
31649871,6
33167079,5
28859300,3
37280467,7
15856429,4
28066142,1
37698554,6
14942343,7
14268056,1
39690258,3
15980196,7
25337092,5
21870807,7
23067585,2
5540510,1
11731392,1
3610084,1
39130288,0
168559,7
30150817,5
24525421,3
32940613,6
36676594,4
21756477,5
3040356,4
21617249,1
39527176,6
5768656,1
37303345,6
16747459,3
20023986,6
37516409,1
13493477,7
27912930,3
19742385,1
26549542,1
39700636,3
39261819,1
16455934,4
3601210,1
29060281,1
30801715,3
13019203,4
15405460,6
24428211,6
39564909,1
28246938,1
31259868,7
3647771,1
18146905,5
39965297,1
5325908,4
21947762,0
12332611,0
35537895,0
9278858,7
34701974,6
34915544,4
12071295,1
1329115,5
27271516,5
19429393,4
25012575,7
28748092,1
12933895,3
10000441,4
10823008,5
13588516,5
33052429,4
27925358,0
3430372,7
20889242,5
39457792,3
5385344,5
36690737,3
11565313,5
28957894,4
24401311,5
34415182,4
26901600,2
33687249,1
16908655,7
34087082,5
22494116,3
25976804,5
31202918,1
15323480,6
27262728,3
25803822,7
17373473,1
30449035,6
31622013,7
26694381,0
16339550,7
37170313,0
10164351,1
7741878,0
15239418,5
25182083,5
24780600,4
13041180,3
39671786,5
15176764,6
13858158,1
21810272,0
38107344,3
24065793,6
12607241,4
25813037,7
13312498,0
19173937,6
11684354,1
10109848,1
19379968,3
29467489,4
13844158,3
32118266,4
20260228,5
16102358,7
9844014,1
19694090,5
25219326,1
23519862,6
38818846,7
6726521,1
19342084,6
25200622,4
16893713,0
24718209,2
36044972,4
36329412,3
14187253,1
33674665,7
32804410,4
27266187,6
26743793,3
2364945,0
29382049,0
24906313,5
29737279,7
34022501,0
21641649,4
17095359,0
34386802,4
37880196,4
19615944,6
27163432,0
26818572,1
3909639,0
11570455,3
32613452,2
23155642,6
30285039,7
38132019,0
38233245,5
17033094,5
26233100,3
32402665,1
29240510,3
34903082,3
19873141,5
34063192,0
33350996,4
26383634,0
39448079,5
28273344,2
4718520,6
21211572,7
27340913,5
11313568,6
23067686,7
38977550,3
38008389,2
8554282,1
17261551,5
33145191,1
11851819,7
8539628,7
37391472,7
20916800,1
33699680,3
22312852,4
34771090,3
16759035,6
27756552,1
14134783,2
12050460,0
14284492,2
7087395,1
29837715,3
28502508,3
32609158,0
20844602,0
8514017,7
20836081,0
33908570,6
33486224,2
39555782,5
21972690,7
35607270,3
19464813,2
25778723,3
28225600,0
6769565,1
24198753,4
2956076,1
31480011,4
22845247,0
30623995,4
11863759,3
29111801,0
36994851,3
33120123,6
7186961,5
24346903,0
37913921,7
37056533,4
16990812,7
5436540,1
22682543,4
27914827,1
36579629,7
26385984,6
28097661,6
32130954,3
12665971,1
19379345,1
36972402,2
7346342,5
30542997,1
12984205,0
38349387,7
36461901,3
39948448,7
34537335,7
22423626,6
19031299,3
35368418,6
20324103,2
14049048,1
29209007,4
2330278,1
35470446,6
18809962,7
21471672,1
31111650,7
10682719,2
29550776,1
10121861,3
14124311,4
29175581,6
38166313,3
26199354,4
39057333,7
7438666,0
32764536,4
17324517,3
15841969,7
13757734,1
31593811,1
12225392,4
31279843,7
33662222,4
19655407,6
13089022,7
24228420,2
32720873,0
27365402,6
18514719,3
34079680,3
8014343,7
37259543,3
36672021,5
33235135,3
31432013,1
37143235,0
18482786,1
35566678,4
29794126,1
13277004,4
10671841,3
22932324,7
39673720,6
17118714,7
36327618,4
11352047,0
17941083,0
39888821,1
37851014,5
21896685,5
19666772,6
37094707,3
23390033,3
38768129,0
35102838,2
37014652,0
9405399,5
25859496,6
30154970,0
33808135,3
31517534,6
19561587,1
22473370,1
12880158,5
35436129,7
39969896,6
25429445,5
21192230,6
22315678,3
34049790,2
37643520,3
34656477,7
31601820,1
32606743,0
33712530,0
34260259,6
35336132,0
29670110,2
12613787,7
26106358,4
38232834,0
38687935,3
35908786,1
22815822,4
19152355,7
35298554,7
33158219,5
22619681,1
30872748,7
20482381,4
35032571,4
3351963,1
7766445,2
22205954,6
3635073,5
39421500,1
32227824,5
10792736,7
31719831,1
20295134,6
37795044,3
30986106,1
12150491,1
12954969,7
34382149,6
24361505,7
19939189,7
24273517,1
31210056,1
2882060,2
28615264,4
18549236,7
34102891,3
24231285,0
36619359,1
22106425,3
36547260,0
32914033,3
18123325,1
37145734,3
35958446,6
9547460,5
5315537,7
9900137,1
22349741,1
14037882,7
21629727,2
27582796,2
27543458,4
1400537,1
18396172,3
40111822,0
29062319,7
31211832,1
34132332,3
39284989,3
8380046,1
33336080,7
9727429,5
21424463,3
15852436,6
35565250,1
25772750,2
34495762,6
33824764,7
22738922,6
22806226,6
7693273,6
37297266,7
25444198,3
24468741,6
39784483,5
37131947,5
30918710,6
39548099,6
11155342,5
32350485,4
35756562,0
23123759,4
28698419,4
24849655,6
22605575,5
16146966,4
16128128,6
37296866,6
20103730,5
7186134,7
37077154,7
20921889,5
30722467,2
13248569,5
33341394,7
38061876,3
26049459,1
6301249,3
28059054,4
29823687,2
4495223,5
30643194,1
38976411,0
25798071,6
6961212,4
37146322,5
25866765,1
5436122,5
4106546,2
21023423,4
17290854,6
27456185,0
5472818,5
2690324,7
26922088,3
32018172,2
4882377,1
36925982,1
28433036,3
32622935,0
19451544,6
27819713,3
38100729,1
31635140,1
19873620,7
37671720,4
11387001,4
23215177,2
21677347,6
13331419,6
38372560,7
24680216,0
7258931,0
26197292,6
21922015,1
14538887,6
10544928,6
5129794,5
30847903,2
36365542,1
14335832,5
38310086,0
23787043,6
7760837,6
8318766,7
28612607,4
39008407,7
13955319,7
30979817,5
25625100,4
16491781,1
33833291,7
3800530,4
12644826,4
36871638,1
25733694,0
13341780,1
35765341,7
35832475,3
19401749,1
37789409,4
26592540,1
3853703,1
21881749,5
17782744,3
23256340,7
18795352,4
25435540,4
22871350,1
35278217,1
16953251,1
22155626,5
19426759,4
33345995,4
9358749,7
33727205,0
9986340,3
23546656,7
32317241,6
12804239,3
27162395,1
36576063,3
7003821,3
11665411,5
14004457,4
3345199,1
33114155,7
26948405,4
2894668,7
30144020,3
21556115,0
10846061,1
20935675,6
4371004,4
28134919,6
12620748,6
21997347,6
15169663,3
10042578,1
28562966,3
28616143,4
21152430,6
29332424,0
33383573,6
34649399,0
21936588,6
31012799,5
38236351,2
26442394,4
39848610,0
22438238,0
10165756,7
33279287,4
78799,6
11531531,0
12043522,1
5027352,1
11788565,3
27452754,6
17602455,7
14043431,1
28825116,6
39323666,7
34075491,5
13937176,2
24003450,3
35223118,4
28666995,3
14320396,4
7538587,1
6254713,6
16220263,3
15930291,0
15178640,6
23921090,0
14217466,5
21189346,4
16551998,1
18166417,3
29030529,3
32553661,5
37718683,3
36893767,0
31657017,6
26594163,1
5614992,5
4827303,6
3949772,4
25559202,3
26867730,6
17085021,5
5159238,6
21459349,5
29592042,0
23090151,4
39001152,0
14949090,6
2375956,4
29850602,2
23411836,2
15771424,3
22444607,3
9566592,0
29395105,1
3271639,2
3835083,7
1752902,7
17508544,6
32895729,6
33391624,0
36461054,4
16882965,3
24190137,7
28519444,6
21067462,6
32911481,5
7410182,2
34348113,3
32725823,3
32368888,7
22393783,2
34771564,2
37170927,6
3274114,6
36534351,3
39752819,4
22857889,4
32653137,4
15481914,6
5941622,7
30685462,6
22098932,7
26907640,6
34740768,3
35305162,3
16351654,1
39821177,1
8955274,6
35736250,4
25611832,5
29043138,7
10322653,4
15054095,3
16762637,1
30993445,0
30166105,7
29616487,4
29810464,6
29702424,0
21707330,3
8706631,1
27836146,0
10101540,4
13409239,2
30276499,6
9523603,7
39144325,3
39228698,7
22413568,1
35872981,5
10877734,7
32989059,5
20339390,2
37280435,7
30041679,6
1469614,5
26966221,3
39864184,1
10232465,6
31846335,5
15147189,5
2971381,1
739289,1
38117131,7
18838994,2
33416398,0
30055267,7
26089518,6
8130905,7
40099711,4
7829768,7
10844331,6
24261973,5
33444061,4
7051756,7
18696231,7
21615158,3
11890781,7
28667479,7
20797700,1
15893153,5
35910253,4
22567373,0
21263766,6
343204,4
30861156,7
23094616,7
4771754,7
38297292,3
27666008,6
30142863,2
6115066,1
31630260,3
13131139,7
31708737,1
38309707,5
29216804,0
35018628,7
14781895,1
35160710,3
8467683,6
17015610,7
38845012,2
29695657,1
24411180,7
2057921,1
13194542,3
18340528,4
14278370,3
14522757,5
29941757,6
38975770,0
38318011,0
34044266,2
36880860,3
27700625,0
32581569,2
24327313,6
37416978,0
9492355,2
3000646,5
36670851,2
33266577,6
33049814,3
16727171,1
31626035,7
10569846,4
28960249,7
27754231,1
38836591,5
34886005,1
4208390,1
21038210,4
21649841,7
23583840,1
33420068,6
11884635,1
18753341,4
39106532,1
1576784,1
36017135,3
18759765,5
11541454,1
15312732,4
14470504,3
1482308,3
7081567,6
18552242,7
37773719,4
34539959,3
33182632,1
10074325,4
22969817,6
26135386,7
15157502,4
36789677,5
6493876,7
2527992,5
11914083,6
33987624,0
40096197,5
20487981,6
32983085,4
39969021,3
24754016,7
21544372,1
11352199,1
20636036,4
20065164,1
27791255,2
18269786,1
20638206,7
3893599,2
8292948,5
20012920,1
35643306,2
36043951,7
18506586,5
35214455,4
30677288,1
7314942,7
37121110,3
613246,1
6143952,4
28526827,2
21791957,1
16315645,0
16538883,7
4277243,5
12217462,7
3887944,2
37150345,6
7396071,3
13696883,1
36485098,5
36573764,6
36288746,5
508183,1
21083924,0
3996904,3
3348594,6
20575347,2
23056805,1
4610717,0
39438335,7
24057943,7
30621772,1
25865975,0
20154766,5
19421538,7
893984,2
656155,6
39875322,5
14527671,7
31115016,3
18393543,7
36293801,7
16783597,5
34507234,2
14145371,3
25422733,3
24341701,0
21500737,1
37414213,4
37584942,6
39972261,1
6510333,1
31928942,4
37361069,7
35393379,6
28483471,1
20997957,6
38230117,3
38665093,4
15661465,4
12517649,7
28113433,3
34785467,1
8535997,5
18229875,5
31288144,5
33642846,0
30124608,7
34265102,0
38238,1
976506,1
24983212,3
26626815,5
7378427,1
39418419,5
36112600,7
21381096,5
27262473,4
34123173,3
8728854,3
30910443,1
10919823,2
19034210,4
4289937,4
27482976,5
35531105,1
12083158,1
29888002,5
19782975,0
25813789,1
29645055,3
37281200,6
7848573,5
33704780,3
38708775,3
35256779,4
10962922,4
27461677,3
1952379,1
35596501,1
34444681,6
29884453,7
27443143,6
37794648,0
32254920,2
17688155,3
28179026,1
29711531,4
25716808,6
6179617,1
29972842,1
39032103,2
22946719,1
34821534,2
28762951,0
10091271,1
2905987,1
27062908,3
2219316,1
24210256,5
34838946,2
17781448,4
20616705,5
13588024,7
19782336,6
5058830,2
27833489,6
37719889,3
38346542,2
29261991,3
14184105,2
3692697,7
12353608,0
31183788,0
10157678,4
8094760,4
15987690,6
14845789,1
30301011,5
1483024,1
32972422,0
7833106,1
8654869,6
25299497,7
30769867,6
1686292,5
24192984,5
13793270,7
10822486,7
12814667,0
12022105,5
28799952,1
30353804,0
25199291,7
4835611,6
17606149,4
20949204,0
28968690,0
21052973,5
37766612,0
25284292,2
34278043,3
5259161,2
26145678,6
38363262,2
32622219,3
35512199,4
30871384,6
34081037,6
10134253,1
37865177,3
23701148,0
32218520,0
28576540,3
24409698,5
31597203,6
37749759,3
39939716,1
9208867,7
25072115,7
29226021,7
30294712,5
11475885,7
23199578,5
33447680,1
32878574,6
33401428,3
16684595,3
16017034,3
39379616,7
38309109,0
37088933,6
21341702,5
36150434,7
30327595,3
26162613,3
38645607,3
19966557,1
22335894,7
14777066,0
14559101,1
16931536,4
19127704,3
17349928,0
36847447,2
9093059,1
22546431,0
6765886,5
2632199,1
33312584,6
29149466,4
13321398,5
31396062,1
989276,6
36956477,1
38261366,4
10706231,5
29160503,6
31190802,6
35369096,4
39058034,3
32851393,6
23079208,0
15192637,0
3903432,0
10860920,7
33826441,5
9814577,6
31192007,3
919927,5
28166784,1
755777,1
20317170,7
37522105,6
35867326,2
27018426,7
38454207,1
34484986,2
32059419,7
35007818,5
10134690,5
31440201,6
18706701,1
24970265,1
28432987,4
18683097,6
39435820,0
29078645,1
25386012,6
26032287,7
16426712,0
21064299,2
28641553,1
16114391,1
11022201,6
14359730,1
31589409,5
13635000,3
5583596,5
20121390,6
7110604,1
1293828,7
24297042,1
24637763,7
38288914,1
27806825,3
13017101,1
36243916,3
15404256,6
15420752,0
32707261,3
31764970,5
1351209,4
33977077,5
8361019,1
38131287,3
38932835,1
18688908,6
21273602,5
25247364,6
12352674,7
811306,1
31930789,7
13519774,7
37058567,5
26736220,4
1993243,7
32641480,3
31941532,3
32042775,7
37610140,3
28372127,0
10460088,3
38806453,4
36529788,6
7951804,5
7856853,7
6769782,5
34976671,4
27138039,6
7058494,0
28999591,5
18481531,5
24149597,7
14320068,4
1268899,5
17338309,3
17794241,6
3924414,2
31222249,1
38540208,1
690688,5
36497579,4
22189227,6
15116899,1
36958031,6
29309116,1
25791176,5
29433243,0
39877278,7
36185081,0
8741997,6
36426910,7
36722578,7
13992785,1
14773980,1
21769271,3
37032262,2
21592313,2
23328908,6
29686331,6
39026418,1
17070822,4
23263599,0
37595414,6
31374835,3
20725699,6
13962529,7
27987298,3
8000490,2
29765311,7
32027997,2
10038731,5
18163301,1
9860680,6
26184977,1
26948809,1
20483223,6
32978233,1
17425505,5
28599883,2
21369137,2
32884319,5
36585811,3
24045429,5
33458613,3
18432380,3
13369384,4
21946174,4
32063363,1
35350200,4
12321178,1
24964081,6
30961640,2
4291880,4
13327213,7
24149496,2
22387883,1
19890626,6
21485318,7
18531483,3
4372129,1
33101465,6
21769390,5
36988859,3
16812858,6
14017015,7
17877870,6
15039211,7
18935037,0
13122615,4
19719413,1
35620206,7
39551658,4
31247313,2
3184128,1
28203126,7
26863537,3
38689205,1
33248223,6
13948176,1
5228972,3
12843909,7
36750580,6
23689183,0
35137320,3
38066785,0
34916062,5
4048789,1
21693593,7
13238433,5
23412912,7
39998262,3
2959109,1
34474411,1
33763133,6
4473531,2
17285163,0
10003751,3
30990654,6
21453284,1
29960982,1
30514599,5
29160422,0
29991041,4
22856169,0
10915691,7
8826099,4
31335415,7
19963352,3
36850866,2
8794085,4
38044103,3
31032507,7
9062917,3
14996264,5
26163470,7
4138522,7
39340339,5
7349678,1
36098619,4
10609683,5
19743512,1
40070216,1
30545655,2
14296531,1
39650869,2
4241632,1
39065129,3
39858802,6
35634286,1
5663508,1
36404051,3
27753538,5
39965946,6
37437869,3
24410469,0
19713411,2
5503820,3
2613105,1
35738854,0
23005080,4
9868792,7
33382766,4
992169,1
15750711,1
29805186,6
5448257,1
33733880,5
4206393,7
2940858,1
39454770,1
33621399,0
6318347,7
34764065,5
1247284,7
38470929,1
37301682,0
16651859,1
9782865,4
15786525,1
22362010,3
28268878,6
14450645,7
18253401,4
20362993,7
34786935,4
13462587,3
26857515,6
25160171,7
2005956,6
8215419,0
3359614,7
34030438,6
34981727,1
25755504,3
21902861,5
15555135,7
9630569,1
18751352,6
11802036,0
26713799,5
2304712,5
28704274,7
1826761,0
35413618,4
24493773,7
4999233,5
31166943,6
25230754,7
30736627,5
17794998,6
29021532,1
27110140,1
39704362,0
24643338,6
26647535,1
34209203,6
4082533,3
35731855,3
10302986,0
7660542,2
22994423,0
34293879,6
11412290,1
21362489,0
33896776,1
15105098,3
14913153,4
36875978,3
8139721,7
17949475,0
27473526,1
33394238,3
27088991,7
22854756,1
14793687,7
29893688,6
8044737,0
36563878,3
31683721,6
17277002,3
30885351,1
13532531,7
23170764,0
26928672,4
10525903,5
8615256,2
34846130,0
24546073,3
27928704,5
39128713,0
17405682,7
39623506,6
9249151,7
39125370,5
14292636,1
27276135,1
31233040,3
14303376,6
32022158,2
32916313,7
34580878,0
1096912,6
29036924,4
27669791,4
24483050,0
7400601,1
26568207,7
35958075,4
19620736,3
25230392,1
34009393,7
33020520,3
28680636,6
24709023,0
21310559,2
7427898,1
9636617,1
6620471,0
35317410,7
24416500,5
15768483,5
33855901,5
21009439,4
37510761,7
9365928,4
26029436,6
38150251,3
30009896,6
31056070,0
6661005,4
40118638,3
28884140,1
14840524,4
28023996,7
18242617,3
34994083,7
34504970,1
14589642,0
20244774,5
8903730,7
32917290,5
33449775,6
21746750,7
3077740,4
3776627,6
12698834,4
38414292,5
26188677,2
31692262,7
35220342,2
9224895,1
35759806,6
26049590,7
33582653,0
28902308,5
33545642,6
18926102,6
14591568,1
32245625,3
3005632,1
20835977,1
19532402,3
34838140,4
35000152,2
15468709,7
29439183,1
25357667,7
8646496,7
21307944,1
34705880,5
21529266,7
13093951,5
13540144,3
31041670,5
29963144,0
24176012,1
39135330,0
12395796,2
4340607,3
19783631,4
24550084,4
36297617,4
39419932,7
26859795,5
18168978,7
25085908,1
26614724,7
38532522,0
39062891,1
34470501,7
17689806,6
18170128,5
2793641,1
37562391,5
39080153,0
20388759,3
34683427,2
34009322,1
31791501,4
11269862,5
22212893,6
35488997,0
37542700,5
30068807,4
21463062,0
23523398,5
38079916,1
21758560,0
21976154,7
19570800,6
8669123,7
27578027,5
39378552,3
38876816,3
39526716,5
2677545,6
6639247,1
2461320,1
33203366,4
39455997,7
28420441,1
16301318,3
17735077,6
176213,3
34093098,3
24027277,5
1517959,7
36364346,3
39629393,6
28208298,1
38352565,7
20171117,3
9365396,7
6877326,1
38531078,1
9651940,0
38069516,1
30542984,3
33794115,3
39290901,1
37871296,6
1970495,1
4140634,5
10407790,6
16241708,0
36303761,1
31695693,1
38491318,6
6009862,5
31417156,3
28641721,2
18967965,7
17722989,6
3497578,0
7873400,1
36511052,3
19324733,7
39375878,3
31375045,3
33580750,2
39635698,7
31251445,7
23319340,3
22692295,1
11218928,6
22162152,4
23767690,0
32818056,6
33856103,1
12877534,2
20021441,0
14204303,6
16235514,1
20622583,4
13619752,3
25754855,7
27131294,2
32424670,0
9338157,6
28914578,7
28072387,3
39839026,3
39032830,4
7715501,1
18732942,2
34394900,4
40079837,4
21323878,1
13342802,7
6712984,7
36846761,1
24207916,7
39926952,6
39545906,3
3745724,1
17814913,3
23558111,6
24352116,2
9813862,4
26578316,6
8352513,1
23723869,7
14483768,1
11312872,3
32873268,7
2209125,5
22392692,0
7180857,1
38591436,7
35828760,4
30116396,3
6719484,1
1781554,7
5079094,6
19987323,1
268930,1
23943379,0
2018058,7
28724610,0
10982705,3
16230984,0
18779313,2
14838061,1
26539279,1
19719616,6
36943197,1
37402550,7
13479337,5
2335384,1
17223852,6
31465199,1
35673914,7
25229272,6
1507082,1
10109700,1
27100961,5
27639037,6
15052142,1
24876329,2
1425414,6
32938487,3
38720527,3
32589475,4
3435589,6
7408865,6
27751072,0
19353484,2
37325888,1
27644360,6
14991002,5
13418172,5
18162709,7
8933877,5
13019617,1
35074011,1
21112129,7
32436723,5
30422726,1
31684873,7
3929646,1
13332872,6
12133144,1
36104412,5
38740215,4
767881,1
14167352,3
37155730,1
8217583,5
27073552,6
1228722,7
34937807,4
35369711,5
32719324,4
23350328,1
39926937,5
39661198,3
37647771,3
29267284,5
36429647,1
14600619,5
6307296,1
30963913,6
28506885,7
30174906,3
9200389,6
1321828,1
33177324,1
29936695,5
8668793,2
35235088,3
15263102,5
2571450,7
38327807,2
19621726,3
34232269,2
14140756,7
38248866,1
1848371,7
7962304,7
12023135,7
39529616,4
16252574,0
39846780,7
33503176,1
6500262,5
26276371,4
35356714,0
37619002,5
39093250,0
19573716,2
34382376,7
34316553,3
39989384,6
24581098,7
1059253,5
9578465,5
33240295,5
36924654,7
24447287,5
20352157,6
39832493,7
34866575,5
37097366,3
26018420,7
13635348,1
37549771,7
1423345,1
7686704,6
24985507,6
28905112,1
21467374,4
24846049,3
34540919,6
35373245,5
37979749,5
3116401,1
20189051,6
15757461,7
942902,6
8938442,1
26042559,7
8746883,4
37716415,1
33775255,1
15725653,6
29743329,3
2306115,7
26057115,7
11801025,2
37394390,2
23467014,4
15629098,6
26459760,1
18368057,5
40040427,7
24959164,6
29644569,0
1194963,5
10287021,6
21006124,4
25667722,3
13650214,3
24944627,4
24792462,7
34103338,3
11864673,7
12948964,6
10234999,2
32384312,6
25617039,1
21851502,1
14153210,3
15957484,0
17960441,3
24940797,1
17030445,1
23203947,3
32400719,4
24455553,6
17030238,4
31213869,6
15953983,0
26213710,7
24646461,7
3275324,0
21603353,0
10466207,1
34851614,3
28013560,6
15072736,0
4006854,1
24755006,5
10650089,0
13032183,4
21855359,7
21466351,2
21791164,1
31560850,0
20859954,6
21387655,4
10150041,2
34434302,4
20023867,3
35858347,4
36020644,1
27538818,6
26835407,6
37175279,0
38174116,6
19985560,6
7816363,6
1422880,3
23836903,2
25127701,1
12977174,7
17742673,1
9762157,1
29039643,6
15136435,3
31639336,0
24828629,1
36289389,1
34259746,0
38440700,3
10115022,1
31633091,2
26222641,3
35999535,4
13105915,0
29047600,7
26848795,6
3336087,1
34358808,1
17389932,5
6517793,7
4304837,5
39862281,6
35248068,6
11461044,6
11620697,0
9930232,4
32213955,1
32590746,6
26949273,7
26422594,2
9378772,6
37952055,1
28111696,5
4647037,4
23658776,0
35392217,4
29292076,0
39729787,1
18150043,7
11386562,5
11346002,3
32117949,4
16112688,4
38923478,2
22203635,5
7880180,1
11360479,7
919056,7
31922961,4
39238400,7
11329035,3
13259617,4
7458963,7
32767394,3
25017859,4
28442068,0
39864134,6
1313362,1
35204676,5
17986923,6
38365804,1
16308137,3
33432532,2
14168835,6
29069252,6
20914828,6
15225252,2
38137480,6
30644006,4
32685907,6
2418172,7
13940269,6
7785831,7
5743291,1
36988699,1
3000612,4
11375605,7
34870270,5
20345385,4
25822029,7
14608973,4
40095632,3
37691169,6
16995108,6
33878095,1
40001700,5
31844342,4
30195729,2
21970970,3
23659275,1
5579154,7
16338558,7
20882048,4
39053681,2
26380306,7
17348649,6
30125544,1
3877454,6
28990576,1
17870242,6
29349228,3
34159495,5
12282418,5
19524129,4
24461135,1
17627389,1
39803746,5
13001000,1
32313415,7
5367875,5
35371811,0
32774160,7
17734946,7
2901633,6
20832171,6
28092806,3
31052706,4
36628948,6
29322580,5
20925137,6
36636255,7
31584288,3
11954561,3
27406557,0
2917898,0
38967833,7
29847305,5
4246377,7
16594246,4
34244451,5
12846507,7
18122309,5
15515920,6
16069906,5
14289910,4
19738465,0
14513936,7
16417324,6
20858336,2
12409862,7
37843926,3
4996376,6
33176051,4
36902418,4
31255764,0
27353978,6
2853483,7
31778213,0
10200824,6
10171343,7
5367582,5
33515478,4
24747544,5
29041438,3
9982235,4
14678270,5
26428904,3
31927036,7
37532647,1
28860660,4
17789071,2
10432432,7
30867061,1
15467950,6
23935840,0
19712318,3
38780181,3
33554977,4
13201532,5
14400463,1
30148587,1
37585147,1
33153558,2
23988853,1
18721066,1
18437284,1
4170031,5
23548328,0
35919814,2
32054329,1
23784271,7
25697459,4
32337026,4
17569512,5
29517513,7
23072544,3
9243434,4
33103115,1
19188784,5
21062892,5
28247807,1
39172575,3
17822135,2
29330485,7
1150144,6
14742382,1
7719419,6
18489180,6
16701517,6
9612484,1
29469704,4
25923532,4
38564912,7
37570913,6
24635394,5
39230230,3
2833531,3
30773953,6
16136979,1
39339743,6
14955100,1
4937163,0
22865642,0
10904521,1
7051791,1
17793194,7
29091640,6
12587915,2
8485678,5
38344264,4
35149889,6
13823275,0
33244249,4
6798312,2
31339001,7
16396859,4
34225839,3
7655784,1
23406215,6
26071034,5
8758666,1
25597958,1
16489292,6
28571741,0
19008260,1
22139333,7
9390310,1
1096476,0
25943870,3
21169031,1
18783962,6
23305250,7
19204716,6
29694843,4
26673342,1
36169566,7
37184039,7
19136347,1
10775817,0
19583217,6
13395610,0
39836011,1
22597684,1
1985856,0
37391177,7
27471109,2
37212155,0
39493229,0
27190492,3
13545839,5
40115154,7
22551461,4
29671704,0
13105729,6
5887387,4
36032623,6
33981799,2
2515814,1
28627191,5
23110550,3
37028655,4
13893117,1
35066413,3
39889635,0
31146283,1
32370047,1
22456765,0
27744307,0
30643505,0
5614144,2
37442852,0
1133371,1
6157367,1
4272970,6
38589183,1
7979714,1
19555680,0
39344371,3
33799132,0
20104999,0
3790848,6
38426303,3
35118216,1
5480354,1
34163770,3
35625498,5
32100314,6
8362510,1
10873368,1
13663591,2
394465,1
23910150,2
6260777,6
7285746,4
9068625,3
7397969,2
33982167,2
16776721,1
8716801,1
28575070,7
22130602,1
16344076,6
31442693,3
29466630,4
4918458,1
17884862,6
15494574,1
38241517,4
21738882,3
24364666,4
16172810,2
15282614,1
38218091,1
30071849,0
29940869,1
30432228,1
5703456,1
19356736,7
37694908,7
35503922,3
3267081,1
21842885,6
3893576,1
39775055,3
12341468,6
34336511,3
25233749,2
31273995,0
32640029,5
11109458,6
24382417,6
34386971,6
12616074,6
3576071,2
18675471,7
28890220,1
9480436,7
4352244,6
18562350,4
26930593,0
39030037,6
15456475,6
11976498,1
21337090,5
39870912,0
31544489,0
37886596,7
5022237,6
30442794,7
24159654,6
20301338,5
39580066,3
31775295,7
39168281,4
18544396,0
15072405,6
36312767,4
39373397,1
34671217,5
38644532,0
14593515,5
18671938,1
38876353,2
28503770,3
22785484,5
776120,1
26978095,6
14701608,4
4909398,5
26193999,5
23668043,3
10947972,5
32232708,5
2945594,3
32791687,3
33991705,4
16413414,3
22796294,5
16044801,0
21708369,6
19701789,1
39377195,3
37624798,3
27709348,3
28347722,2
5426723,5
9247582,0
16621351,3
24540326,4
32643009,5
30525413,7
36707541,4
8258734,3
17389057,2
14453068,1
32843082,4
34909369,4
10129959,2
37976551,1
17350168,0
23017625,3
26288380,4
36297912,2
30960177,7
39118308,3
30514853,2
2918454,5
991926,5
2270345,1
24251959,0
4287019,7
25104372,6
29065318,1
32021975,1
39760579,3
18446522,6
26150337,4
26609824,5
21233089,1
11012981,3
34657183,3
26243592,6
38060292,6
12138691,2
18682965,7
9015248,6
39509696,1
19639939,4
35874743,1
9249717,7
34939609,2
26761734,6
1155566,7
14151657,1
13976836,1
35140147,2
32496906,5
33704925,6
38592324,0
33810617,1
14292271,4
1447422,1
13592166,3
7416170,0
24505638,6
24350967,6
25254093,2
33858344,0
35130192,3
33596363,2
36635607,2
26141287,2
21303510,7
25121535,5
4620009,5
34930305,1
3188925,6
34880843,0
7295639,7
34972485,5
26449835,1
25926384,1
24357358,1
25566781,3
28875296,7
16198539,1
33363622,0
20092850,6
34100440,6
13068551,3
23377182,6
11144819,1
29829728,1
21999810,1
30777897,7
34473682,3
31778444,7
9959769,7
21597071,7
32848603,6
32595980,5
31692269,7
37896509,7
23119031,7
37592168,0
6445508,1
36675489,0
25228175,3
31867543,5
24685790,5
37480487,5
33583757,5
35124724,5
1713078,4
38454914,4
21833348,0
25955833,6
17527869,0
13021743,4
6401167,6
11322250,7
21614941,5
38669125,4
29740808,1
39525993,3
36473744,1
32022971,7
38077925,7
39862663,6
21240195,0
25656715,5
30732102,1
19551589,4
25603555,5
32519153,7
7381089,7
1048831,2
2938405,1
30101979,3
26812617,4
16920504,5
26686002,5
26502641,0
844110,0
37507943,7
7744471,4
14801778,1
2539599,6
29526088,4
19391849,6
37901929,7
30577796,7
11822879,4
37369923,6
11579930,6
31426106,1
22148724,6
33085258,3
39630188,4
23388749,3
5461814,1
19199540,6
23301256,7
36736348,4
31851353,2
14589625,4
27832423,5
25693930,3
38839174,0
39662918,1
1024529,7
10344854,7
13307120,5
17534435,3
21210451,7
34758779,4
19847465,6
24313201,5
22894140,0
30873981,6
15537745,1
26423034,2
39990133,6
4845913,0
34402713,1
23490643,7
1939228,0
2597827,6
36653465,2
38961709,0
34045568,7
18469715,5
32774981,4
13269936,2
28282997,7
35917953,3
39827247,3
37062466,6
6298940,1
1913613,7
36963076,1
138029,2
1044473,4
39645125,3
22747235,7
27790801,6
24899772,1
9501894,4
30009171,1
1185775,7
37962113,7
15092537,1
38212118,6
2574080,3
12036146,2
29493591,0
19644702,7
33626444,0
26600753,1
22846098,3
20069835,0
33678423,2
18477414,0
19621955,2
32980633,0
1871549,1
31267366,1
35101770,7
39923023,2
34131285,0
18979658,2
25449946,5
17339827,5
17225638,4
13420988,2
34427964,1
34171491,3
31161500,4
25334334,0
11362692,4
26861897,4
18557407,5
4466489,7
2596069,4
37396527,5
30495979,5
39586613,7
1845681,2
15864353,2
14148210,5
4579908,1
7191337,1
17433910,6
12453279,4
34526854,0
16040469,7
34292007,0
18894808,4
3435900,6
7366528,4
24628959,4
25451348,0
30244246,7
17155055,2
30353714,4
34435503,0
32108070,2
29986194,2
21578785,7
20271383,5
17386487,1
26716140,5
39819858,0
38962479,7
3886667,1
36825151,3
8069451,4
36422107,7
24196875,6
3056830,1
35191690,5
15605379,6
11638158,0
25573056,6
33316051,4
28308648,4
39613065,1
32546786,4
3956181,6
31651906,7
36043095,6
29236813,6
20276508,3
25273690,2
19833393,1
30957509,6
1279032,1
2504907,1
5593636,1
18389618,7
24619629,1
36169142,3
29621275,1
30461969,4
38288412,3
33055718,3
30929411,1
25789302,6
11391700,5
13207678,2
4118409,4
14825910,5
36926140,0
15487848,1
23642478,1
30409140,6
17844905,7
8805290,7
38622681,4
39408090,0
11326748,7
34292116,5
17518827,3
18093619,6
26854678,3
25604949,6
8412665,1
6116345,1
24648045,0
30515773,1
33790854,2
23154242,2
23876588,0
18308786,0
22975308,1
21802708,6
38666744,6
39924168,6
31297859,1
1781617,6
37632845,2
25436589,1
21319384,2
36973331,4
37510460,2
6090275,1
28766248,6
36568646,1
28394666,5
18881929,4
18634650,6
34621952,4
7629541,6
37148487,3
8274724,5
11263420,6
26680590,7
21564357,7
39508166,6
16968080,7
12092518,7
34123018,1
27862402,7
34954149,2
19403772,6
27391977,0
9765718,2
29324236,6
30911872,7
13460463,1
10997254,0
7720828,7
25705141,1
35657681,6
35609318,3
38915997,3
29343051,5
26395491,1
25898403,0
18540563,3
4712929,1
16960638,0
13256991,4
13530998,6
22370287,0
31115347,0
8092695,7
24068412,1
9667546,1
37335408,0
9522627,6
28065526,4
12334925,0
13595674,7
28265410,6
30386392,5
7943385,1
13366058,5
20258986,1
19961428,7
34960516,5
37572745,4
6089078,4
39416667,6
9543287,6
18388670,1
15282424,4
3522739,7
35477813,6
13854347,0
16554999,3
24563761,1
25590762,6
31039111,6
2674437,0
22599657,7
28905584,5
21948376,1
40050201,3
4239205,0
22135780,3
38377047,1
31718742,5
34612569,1
302651,1
27872594,7
38156661,6
36452533,4
23053626,3
35655569,0
19811064,0
8230315,5
27345237,6
14078207,1
36907965,7
14063387,6
29573986,0
33993149,6
11025222,1
34337107,7
22665380,5
31265043,6
13618483,6
34529417,3
10184591,1
6714151,1
27065652,0
33833224,5
28333629,1
2400504,3
14804029,1
8661166,5
24639437,5
20004428,7
37402372,4
34732872,2
37955423,3
34564057,6
34011723,0
35061261,3
16598551,4
13067910,5
25145847,1
29380403,0
25334845,1
29852233,0
28348866,1
20134387,3
5790761,0
34148280,0
4170238,6
32577059,5
28403675,0
30444019,7
26067692,4
7577410,6
19320203,6
21660981,6
22981402,7
15805619,3
14070197,7
7161856,6
6602390,3
30371752,4
9039897,6
31516951,1
38881305,3
37604437,1
2986258,4
9773817,7
27677232,5
38258257,1
32419535,2
37195112,7
34806837,5
5283506,1
4992968,2
39143817,1
7530207,5
34226403,2
4433324,7
34394228,3
22211981,0
35106426,5
11678180,7
33234089,0
26289424,6
38104602,7
16389460,1
28111392,6
2204914,7
26405239,6
30146532,0
35459362,0
10954544,7
11491251,0
12494181,4
28532973,2
28684511,5
28792202,5
39865416,7
34935100,2
22569579,1
35082895,3
10567642,2
24111681,7
34364449,4
20428890,6
17909600,3
28307566,1
34397613,0
12454096,6
19802624,2
5576005,5
39981340,0
18240964,1
15531687,6
30447779,0
7230462,7
29832301,7
14972773,1
5015269,5
14916403,5
32733241,7
17270007,3
37159153,3
17960207,2
24788061,7
20208929,5
32129419,2
28675435,7
33687486,6
31033688,2
32303213,3
38461638,0
36228334,0
30967765,7
34287296,3
8594549,6
36058524,4
28289025,3
5251808,7
28910285,0
18261850,1
29158838,7
36420994,1
30072367,0
25691780,1
30407543,2
26127280,2
21471512,2
23401303,1
33715362,7
15754878,2
32718180,1
21221257,6
17681547,7
10893340,4
33338174,7
20055613,2
9526358,4
29377133,7
30263087,5
27836705,4
38818981,0
23284653,4
25669981,0
21060097,2
33733326,7
37473108,1
9886494,1
26384129,6
38040300,7
31356535,5
39986053,3
884650,1
16927288,3
21556126,5
39555057,5
28520825,6
13749252,7
31716211,2
26825058,5
16307326,6
14258984,3
36223325,4
214852,1
31501557,7
37735245,0
40063930,3
21002633,6
39197011,4
28581948,7
2383645,0
15998653,7
10738560,7
18704206,2
9715171,2
17960296,6
21018411,1
20101524,1
24267747,6
28094392,7
34844633,2
1978586,3
3904389,6
8195915,5
9458870,2
34130186,1
26637415,7
38125231,3
18257400,7
27681823,7
36650561,4
20962497,7
26447915,0
2577252,5
34948928,2
20813231,6
33075778,7
18216372,5
37592721,7
34706274,6
16333213,0
37975672,1
27781812,4
39697145,3
21679388,4
34448867,4
4938723,1
12416394,1
24797311,3
14951676,0
22756645,7
25954395,7
28260465,6
17138762,1
275541,4
11013911,1
13572383,0
30413361,7
32838874,2
35180764,0
22598334,5
33550048,2
4838305,5
26776824,3
7668204,7
18263136,7
30514396,3
24499609,7
35440188,7
27004842,3
32040422,3
24212789,0
38385360,6
18156139,2
16553405,7
19441591,5
39003704,3
27810981,0
38490811,0
39249169,1
37901679,4
35085809,1
31676713,0
33115343,0
30495337,7
23119782,6
31283429,4
27625363,0
11130339,1
11009691,6
28619838,4
21406887,4
27735478,0
39544553,6
35512132,7
9628489,6
32848546,4
32001927,4
2445823,5
34818832,1
17530308,7
19747369,1
25771916,3
19956141,6
29845531,1
39074285,4
31060614,3
33336813,7
36709684,7
19624035,5
22569789,4
36634795,3
24310242,4
18840949,4
34296617,0
34992439,1
25561186,1
38490937,0
24021065,6
36642691,5
3168096,1
11603845,6
24233477,1
16098394,2
13591170,5
33913886,7
32932591,7
32918757,6
7240382,7
22074536,7
2613527,7
19575943,0
37408129,7
37150067,2
10112680,6
21465445,5
30894616,2
17414040,0
34467962,5
39743507,5
6467651,1
8444354,1
17980967,1
34759585,0
21670747,1
30433960,1
32170059,6
6211110,7
18280988,3
7887785,1
5122372,0
12805370,1
32175329,5
9810217,4
33928830,5
9151464,1
33333778,0
35269374,3
38755111,6
8317951,7
19225347,6
20322465,2
35168870,0
35674651,3
35764509,5
24186569,4
35842598,0
34441624,2
31959379,2
38123480,4
25740582,1
8495367,1
15690016,1
5771376,1
28486832,6
31257955,5
20456860,6
33071046,3
39487769,6
1408277,2
6564004,0
1643265,0
7700545,6
28904750,4
37645965,2
38455492,3
17187564,5
7489390,6
26959189,5
24984545,3
30647460,0
14183533,0
28975667,1
27444181,1
18536349,7
17603678,0
18237343,6
31527844,1
11803121,6
28874556,3
24541083,5
38946492,3
39334586,1
9700396,6
14008494,2
20461790,1
16779411,1
34312193,1
19185762,6
13892929,5
21515771,4
20172475,4
497654,1
5480716,1
7470609,2
18177354,1
35990732,0
31464555,0
28566731,6
34001149,3
37193487,3
38846874,1
7395542,1
34954461,3
457207,1
23324690,1
33384406,0
34953853,6
17763862,0
39492524,7
32022401,5
28457805,1
23546312,1
22022820,6
19968065,0
24253977,6
15801883,3
26859291,7
28513604,6
24923536,6
30023913,6
12980500,7
18947938,4
32873021,7
34381370,1
793341,1
33089459,7
11986196,5
16990684,3
35195719,6
28870163,1
18827170,6
14157624,0
30158811,3
30177884,7
34144034,6
36466954,1
14568528,7
26242482,3
23594465,6
33149967,3
1817780,7
33231494,1
32693114,5
27461479,2
35481540,1
13735422,6
37052727,7
39715909,1
14222543,6
10351645,7
34207321,1
30421325,5
32405620,1
30415205,4
21077503,4
39639342,6
33371349,1
15114616,1
39742893,0
8947977,2
8751438,7
21199497,0
37560786,4
21463344,6
20650074,1
38595400,7
28845428,2
15614676,5
12714760,7
17846613,3
17037300,4
28967592,1
31016654,0
27813466,2
22339166,4
27128290,5
19409606,6
37658127,0
33870862,3
7544424,4
15009332,1
11998613,7
11047105,1
36508616,7
16070535,4
20956671,3
25417911,3
36358204,4
13808428,6
2497525,2
10081942,0
27698386,4
28314173,5
4504470,1
13675440,1
22394864,6
31890061,7
3294349,1
14078588,5
12134341,1
18510790,6
38730487,2
33018028,5
36472681,7
15357800,2
3582737,1
4355762,5
22119244,2
19870735,2
33914978,5
17401944,6
10836276,5
12867263,1
14825988,6
3268198,7
35526867,4
13906343,4
27051188,7
24363130,2
11792629,2
7056204,1
1950781,2
32648010,2
33572130,2
5957211,4
30627923,2
21034367,3
20572303,6
11454264,4
33293518,5
18309140,7
20845778,7
38579190,4
37669256,7
29852498,2
14133098,7
28676374,4
32407613,0
22640898,1
38444110,4
24769117,1
16310803,7
27927103,6
38003626,3
1596440,1
37045347,6
27369538,6
39737026,0
19363736,1
38209719,3
31678327,4
33656724,5
4528667,5
19485768,6
17099458,3
26365369,6
34646042,5
38508564,6
21017652,4
34744863,7
12453595,7
18927786,0
6022450,1
19649788,4
35736217,3
28702673,1
23420669,0
19713844,5
31954507,6
36680695,6
25477528,3
16875404,7
20957949,3
22392823,0
36690433,5
31625792,7
9941766,1
28452361,0
6328530,5
298782,7
33724611,0
22290508,5
2105508,4
27654433,4
14324069,1
9718054,5
30647866,5
35328941,6
26046023,3
39833902,3
31095811,7
30339847,5
17200385,2
34689852,1
31229728,4
28962403,1
28369852,5
31862169,7
38336938,6
34418881,6
4424283,6
32652485,3
35329135,4
25984025,6
30987118,4
34990179,0
29808355,3
22277318,1
19219017,7
22576312,4
38080070,3
36939157,5
4881312,1
2846416,1
33137686,3
36222823,7
39013431,6
32795354,5
28664221,4
26233925,3
16989736,7
31508846,7
27305221,7
37982004,3
36724955,6
1590474,1
17800897,2
39580473,2
1290515,1
31375022,7
18974810,2
31937190,7
35631923,4
11437350,2
37898559,1
2121036,7
23157481,2
25928390,1
2276768,5
5567922,1
14757054,1
11819188,4
19862948,3
837256,1
36763438,4
33454243,5
29357326,6
19900279,1
33321545,2
39498729,3
29773480,3
24871914,3
12632323,1
6645661,4
36612832,6
30465013,5
31793746,7
39538873,1
33282823,2
15880644,7
524714,1
21912859,0
28678351,3
20676849,2
22598561,2
21150761,6
15958917,4
7217715,6
28892261,1
27715515,7
441397,1
11752371,1
38919877,6
28884265,5
6731345,1
37563363,4
8065913,7
31481689,7
36169473,3
3302020,1
11473206,0
38900235,6
18391977,0
33956029,3
17313970,6
19059360,7
16898086,6
23124248,7
15190228,5
4019639,3
18288757,1
38129624,5
39312553,6
25515288,1
18440526,5
33860317,5
26866493,5
24085711,0
23395354,1
14517343,7
38975664,7
11143827,7
29964585,7
35822251,0
8158937,5
17472124,4
9667742,7
21455021,6
7859775,1
22336460,2
13542276,6
6802877,3
9074230,3
2081281,7
2576715,7
39548864,5
19078325,3
36377396,7
35949412,0
37577127,6
23404222,3
25518023,2
34830738,5
39422242,4
16469758,6
21799191,4
25691951,4
23444858,3
2002357,4
13423216,3
36393450,3
28366550,1
38542419,3
36619631,3
17665809,6
2196693,0
28669288,1
38886251,2
31988553,0
22043498,6
28263073,3
24768802,6
34291543,0
25430789,2
28335638,1
15177705,0
7751132,6
33139230,5
16750493,6
36342078,2
38175765,2
12739111,2
34833138,1
23955382,1
37351357,3
35615971,7
30201431,1
35698927,5
40074004,2
34888742,1
9931998,3
17377452,1
39616931,3
38043658,7
1554362,1
36271449,5
26165180,0
4901861,1
24265971,7
5568926,6
37535037,3
38225583,6
18995063,6
16984061,7
23392820,3
27584206,5
39600006,2
23747592,2
2181708,1
30576628,0
24106209,2
36640174,0
33740811,3
10445666,4
39969219,3
20156053,1
31939916,2
31541758,1
4519736,1
10392921,5
39479732,3
39811720,7
38113711,6
21141858,3
37515847,2
21233233,4
27409727,4
19783404,1
36522120,4
3862129,1
21805472,3
20530921,5
35821271,0
22723022,7
36188226,6
7911098,1
36525020,3
23469008,7
24039132,6
29295654,7
33726160,3
31830429,1
32858537,6
21996710,0
25633995,0
24930018,3
22014220,7
33341320,5
2482926,1
2938519,5
29330283,5
31816058,4
25598093,3
21743057,1
37400140,7
33713201,6
38912563,0
21215421,4
2398299,1
28798781,1
28719127,7
1547856,6
19104580,1
32492518,3
10320096,6
23696705,1
3207177,4
16617136,1
20691359,7
25575579,4
35387280,0
2525233,6
32754496,6
22024456,5
30870072,0
31855048,1
16968226,2
19613750,1
31793540,4
13287459,6
9949974,3
7720728,4
14519082,4
14531396,5
15477857,0
1893867,6
39600379,7
12241499,6
6557959,1
28706967,7
5311669,3
34483081,1
26498337,7
13961930,7
28989191,3
38782072,0
5684471,1
23819310,1
35344985,6
23959889,5
3553088,6
26752933,6
11041405,6
37386499,6
33672751,3
18309258,6
38484277,3
29356076,7
7215320,1
39571245,5
6816989,6
30503613,0
18745743,1
1908653,1
6698554,1
26189847,7
19684434,6
30997347,4
24642156,3
37313690,2
27555590,2
3052534,1
7427984,1
10324015,6
19869123,5
33604725,0
39307190,6
16662104,0
19612209,2
37576006,0
20848222,6
25041319,6
39647480,4
7958031,1
39023504,3
25030037,0
39151545,3
31610677,5
32618304,7
37517873,1
34583471,2
30457162,1
40088902,5
35611874,3
11005072,1
38255066,3
37522919,5
20403968,4
32511131,6
501626,1
35860839,1
22784890,2
20546321,5
23181442,2
2336423,6
19465847,2
25346036,4
15539260,6
35592406,7
33976504,4
31617562,1
34817416,0
31504591,4
34623846,6
26306975,1
25623295,5
10054880,2
36448960,5
22138648,7
9111730,5
19664587,2
30282504,1
31863076,5
30992316,0
21822592,0
27183036,1
29529074,1
31819393,1
17915850,1
34983043,1
36294317,6
31121547,2
27080100,6
15898817,3
34967236,1
15136392,2
26974838,1
34971201,5
19382013,0
33959124,0
4946596,2
39095435,0
35414834,7
29917232,4
27081877,5
13781563,5
12311310,6
13639444,7
28073132,1
21396414,6
12705527,4
3848954,6
24126240,6
14618100,7
14147175,6
9282149,0
36500348,3
40138085,7
31867193,7
29662590,5
7856843,2
1550707,5
27878137,4
36064812,2
37711337,5
21597469,5
32919383,3
20187219,5
30180445,4
5414241,1
38543898,1
5579407,4
17312276,7
29377730,7
17874297,4
29361314,3
23771759,1
24235921,3
14469329,6
21449763,7
24233385,7
39083524,7
19818927,2
34393141,5
38400028,1
22234428,6
39523665,7
37667765,4
3153427,7
25172341,6
11594100,7
9643268,3
20132108,7
28457469,6
20979261,4
34343132,3
11104180,6
11615878,1
35923958,4
8436373,6
34145556,6
6589225,1
24399772,4
33600230,7
21642748,3
39149117,3
5472501,5
24602117,5
2664944,1
32641051,5
34358173,7
38040071,2
22329224,5
13536118,7
37443169,0
34030215,4
29227351,1
25826979,5
18080746,7
16890899,5
27587250,3
12381785,6
32977809,6
18500998,1
8402800,1
38672638,1
8376270,1
26059821,6
33571348,6
8492443,3
35827853,4
3458830,7
19671082,3
35330850,6
30051051,6
35484250,3
37354574,0
8168858,0
13122656,5
823030,3
23183105,1
6773584,3
25100531,2
38489075,6
26811694,2
20043897,1
9566060,3
17605962,7
3964378,1
17687019,3
24958806,3
25796130,3
34030196,3
13855617,6
32335800,1
15745457,1
18462785,0
22775392,1
29632784,3
20685797,1
23913962,0
29428894,1
33103802,2
10208814,0
24167933,4
4965114,1
25647546,3
872119,6
1264472,1
6880096,3
36577025,4
37988388,0
39476732,6
23542526,6
29049621,1
33991527,6
20363927,0
23767772,1
29267597,7
26974120,2
27758491,6
28145024,6
34745609,1
27926220,0
8380376,5
28508208,1
36432098,6
13861532,3
17199113,1
20538305,4
9742428,7
22517080,6
14637768,1
14904012,1
37404043,3
7949986,3
22893460,6
14024855,7
1383239,1
14351779,2
4868139,4
12095898,1
3375217,6
38085624,3
33823557,4
14229187,4
29928477,1
39876280,7
13330028,1
24307454,1
30513814,5
26186577,4
32326771,2
6649096,6
12204287,1
39504728,0
38550392,1
37085708,6
18712318,4
30616211,5
29364189,0
30838232,7
33605493,0
7459248,1
26434718,3
7943971,5
6479214,4
14172700,3
23431015,1
30878697,4
18259697,1
1916663,6
14648793,7
32177669,6
10889506,6
21148655,1
36044210,6
1416646,6
9574379,7
14601570,3
18590658,2
5559147,6
12964547,7
5218805,7
6880691,7
9949246,3
24123659,0
32768331,3
33907369,3
38910958,7
31411357,4
8539100,2
38162539,3
14422340,1
17433453,2
37060639,5
472977,3
24982793,0
19313966,6
28065523,0
29834213,3
18940735,4
20352794,7
12068121,1
8796655,6
8826965,1
34205310,1
20926076,6
40138350,3
36630135,4
13055727,2
11554145,7
16552738,1
26210417,0
29275353,4
18720207,0
30371987,7
6391388,1
38380336,5
25798730,6
29871243,3
24789269,6
11527290,7
14080041,1
34057783,4
23398445,7
39778235,6
23250726,6
30529055,0
244750,1
23108356,4
21943393,6
28044332,4
35330872,1
17489178,1
30918905,3
37387726,0
29447188,7
31631052,0
20361235,5
10656831,1
21938272,4
17737703,7
35819129,1
7488649,1
31617827,3
23133573,2
38791527,6
17958667,6
35441534,7
18945450,5
8991433,5
18704215,6
23062926,5
19670153,4
35281360,3
36285966,1
20039200,6
6019473,0
14398791,7
32238896,1
15316428,2
23841011,5
6839116,7
9098441,1
20642284,5
5517314,5
33859025,2
39535756,6
9303301,4
23126498,2
37297367,3
28310657,0
38255340,6
11469228,7
6587516,1
31317642,7
19290674,7
23274357,0
40072838,1
32995170,6
6451229,5
37810281,4
22234443,5
2656900,2
6879991,5
39071093,4
5094697,1
34306443,2
2900084,6
9793631,1
4574296,5
14504887,4
15166186,0
36456766,6
888550,5
32185442,2
12557794,6
17451473,1
9294530,2
15794038,4
10924339,2
7117443,6
38150311,1
20932840,4
35098258,3
36526319,3
8387546,6
29757126,0
35921527,1
18518038,1
31198020,0
39402445,5
19354708,4
19763848,0
34886973,2
20925224,1
25365633,1
2744687,5
30203964,6
19527463,7
5570981,7
1466732,5
4644025,3
24248970,1
21849878,1
19490542,6
35374660,3
30916782,3
33989262,7
24991795,7
24695878,1
38007131,3
30236122,2
1654922,1
23154105,1
7278588,1
12003010,1
7365531,0
27953895,2
35509525,4
21003069,4
33382672,4
33651043,5
2878493,7
31225489,5
26977618,4
16183401,1
26945199,4
26851328,1
35641281,4
18112036,6
25302172,0
24028749,7
29741887,7
24196876,6
35774902,3
12990199,7
4047735,1
34174416,1
4216489,7
29019628,6
21029492,6
35685496,7
19195903,1
37593961,0
35380166,7
19717108,5
20976550,2
25999821,0
31864684,3
3071462,1
8456389,1
31175451,6
10725642,2
1457757,4
39116123,7
30794080,4
26827391,0
13409559,7
25058767,6
31328580,6
39241346,3
32836815,1
17427966,6
35074387,0
9843741,6
35842022,0
30952474,0
7197199,7
34767215,7
35911736,0
13715876,7
38024104,1
1183643,7
12566151,6
36353016,5
30720760,4
19086314,1
10922319,2
17046073,2
39708136,4
14528379,1
30429321,4
1166503,1
12658870,1
8734673,5
19554900,4
31306519,3
29606432,5
28843083,4
21497126,1
30525160,6
19477264,3
1517418,1
36042508,0
3379032,1
3169099,0
27201271,5
38725032,3
8348255,6
10819192,7
19069701,7
22921751,2
31538288,5
25354904,1
8071523,5
33313401,6
26051185,5
20856893,5
37427069,6
18969358,4
17692948,3
17323218,6
4987383,2
6621870,1
4638693,5
33840492,1
37747886,0
31381789,5
26549455,7
24788711,7
33474341,1
2962571,1
26381888,7
1316068,0
29104107,7
29478997,1
27648476,6
20858991,2
11854142,2
15440115,1
30620681,1
21277064,4
37475963,2
39875609,4
31826814,7
5120071,5
39874309,7
33883242,1
6199666,1
11385050,6
12444942,7
34701693,1
13355778,4
22363566,6
27095692,0
27086004,7
31034691,0
33775269,1
36356685,5
20091484,3
24590405,3
8754145,4
22527108,0
38943800,7
2433616,1
14595302,5
30700150,2
34009116,4
18889658,2
32918762,1
35889238,7
8370966,6
29525047,1
39770863,0
31301863,5
27659490,4
28479968,4
31045908,7
32448939,0
29621532,5
19902998,6
26916827,7
37007465,4
34168775,6
38833362,3
4918425,3
35155897,6
31955603,3
28356518,6
18825178,6
4652893,1
37082554,6
39542635,7
4239896,2
28804450,2
17743083,7
19600545,1
19485969,1
30559865,1
3012783,0
16201655,3
20308588,6
19381932,7
16350653,1
28360182,2
14265539,0
28753396,4
34449473,5
33396256,5
26103113,0
12080957,3
34816098,3
28511175,7
28619452,5
16824581,2
22025260,4
6117868,3
11350249,7
36717603,3
16839630,6
33205437,4
36171867,7
32792008,7
26522997,6
27939697,4
5424942,1
21621463,4
38048098,5
27371972,4
19622408,6
16771391,1
23678466,7
22678143,6
34168415,6
37624186,7
20014302,1
35349920,1
39248753,0
34966059,3
21614181,6
30679192,0
36783700,1
38526289,0
30037941,3
30464454,3
34132368,3
18090731,5
38989667,0
34597093,0
26037977,1
33443748,6
38662656,6
29120431,7
30252693,5
4467193,0
27334949,3
33306510,0
21697867,1
1739566,6
30642950,7
26111370,5
16122128,5
2083504,6
36932491,7
15535897,7
18452707,1
11078916,7
35032417,0
34572330,5
31873553,7
5073903,5
38644013,2
30120924,1
296270,1
7983099,7
6783826,1
2780904,3
34489301,7
9322284,4
32539611,2
22927288,7
22895618,6
21875967,1
9216829,7
11602579,1
36731874,6
30366142,0
27477940,2
9047349,7
28642871,0
14351854,1
40064853,0
29751403,7
25761701,3
9739407,5
37686060,4
15957071,1
30280206,5
38208137,3
10885984,0
24651723,5
31883073,2
26442790,3
21443690,1
39939627,0
27770300,3
17529541,3
8809881,4
25968752,5
30176184,1
18895110,1
4499129,1
16301356,1
36007937,5
21781782,7
33525073,2
25171995,6
33124464,5
38043717,2
15749591,6
31444374,3
13832562,1
38069160,1
32616182,6
10747873,6
15240357,3
3680262,3
16903368,1
16312822,2
37557052,1
9818688,1
28429745,6
33832370,2
4641877,1
7477864,6
7985696,6
30643987,4
36062041,7
24846671,1
20228227,2
30573618,1
18383970,1
15878012,6
35769095,7
36428505,3
5050110,1
6838130,3
28838129,3
24041885,5
30645276,3
30941350,0
21526351,7
21551154,3
15037690,1
33537917,4
21440816,1
36287701,7
15417415,0
19485728,1
39453015,6
33381807,2
4341746,3
39936200,2
23751870,1
35215754,5
32106500,1
17393343,3
2083353,6
35839043,6
26375381,6
23163508,3
34366763,7
18908204,3
15055029,1
31152301,4
33879279,6
30628442,6
36572960,3
33302984,1
19514353,2
8069859,5
5395853,1
23634356,7
28507637,3
19060144,0
26388226,6
17583247,5
39792591,1
20063844,5
26618333,0
30752198,1
13416294,7
34417154,5
26752020,7
2753022,7
29359564,0
17473938,2
8409306,7
1325518,0
17768515,7
30224991,7
35993647,5
24088825,5
21223898,0
33683184,1
20316299,3
15154658,0
33136727,7
29290277,3
10709144,1
31303026,0
25332555,1
24285325,5
29372643,0
30614996,7
15484443,0
29378090,1
6716934,1
18281767,7
31836211,1
29487282,1
14400993,1
20910616,1
18047232,3
34178840,2
13649316,6
33068690,6
24646139,3
30070358,6
14855014,3
40060461,1
34839146,7
3852190,7
27439431,1
39131559,3
15623738,7
17625431,5
5312487,7
11360744,2
7380629,3
38786936,3
18749121,3
35388647,0
7138076,1
3194018,6
21714285,5
37859823,6
38040946,6
21474964,0
32578083,1
31165588,7
32909787,3
24932245,4
37608830,5
39358958,0
26146512,6
22362736,7
9071438,5
36530293,3
22165610,7
1585439,5
19336385,6
14194997,1
5094351,7
39785543,6
30450646,1
36233330,3
30419488,7
17147446,5
22854904,5
30852243,4
27180336,6
1397799,7
21212287,7
31032509,6
27029725,7
26823026,1
25598942,3
37808567,6
39804652,4
2450593,5
22730956,6
29615870,4
23180879,5
27638005,0
26047801,6
636485,1
21573941,0
9882447,4
31134191,1
18476715,5
37316356,1
10251391,7
39296927,1
22885022,6
27380644,3
2522255,1
19827792,0
18354534,7
16034940,6
36412006,0
35978211,7
36365026,4
27456890,7
39128380,1
2799491,1
11159289,1
33534879,7
31424202,5
39784326,0
2358896,1
13956055,1
4065061,4
21571693,1
19611387,5
30854465,1
39318232,0
23395065,5
15401526,6
17455302,0
33856436,0
14371331,0
32792263,3
27184015,1
30605890,1
36114619,3
24417149,3
3441358,6
22501006,6
39529655,4
6087388,6
33099588,1
27368950,1
37058388,7
29105310,7
15889335,2
24290219,5
2951123,1
31947756,7
3183617,1
39832861,4
39127388,6
37454785,0
23790415,3
8707457,2
39975898,0
36526789,1
19138609,5
35276340,6
31841151,1
21339448,0
3964926,6
36462828,3
12234998,1
33321207,6
34532993,5
29357442,1
29934246,0
37205243,1
12719205,7
39335766,3
15304308,2
17844405,6
37512271,3
2808832,6
40118041,2
18622798,6
36826156,6
37397867,5
30953104,7
25080418,6
27577590,7
28006960,6
31325707,3
17824607,4
35964324,7
34062266,4
10943589,5
8646293,3
33103014,3
39047695,7
25798843,0
29450567,6
20394667,1
34849328,5
37531032,7
25483349,3
11802436,3
33977673,3
39666392,0
5297937,1
28522106,7
31943169,0
22426374,6
18570619,7
24842305,2
15340781,0
25282661,1
39906837,6
27063289,6
8783307,1
24142119,7
38517765,7
28701256,7
34411061,1
16344974,5
27695892,3
27895503,3
10590840,1
13752070,1
39514004,2
31623005,2
32922239,5
12680006,6
16892486,3
38659842,6
31003968,0
21607025,1
37235310,3
3918700,1
9433573,6
39378363,0
38626017,5
38021656,3
32731140,5
1265665,6
36002457,6
32386268,3
33777703,6
20394613,1
5000752,1
28514801,7
25360700,3
4621938,6
29214770,3
35380641,2
25005616,7
2017261,2
6402753,7
39209863,4
29333020,7
6080477,1
32030387,6
25962692,5
5543920,1
34567764,0
36292959,3
18172257,6
20503373,1
8762339,0
13781519,3
24920350,0
30832536,7
2143291,6
18935877,1
21020644,7
37195921,3
5268850,3
38005555,5
7551268,6
21001041,3
20278109,0
36461324,1
40049371,4
12335358,6
17792712,6
35647421,5
38234003,3
38068669,6
32723061,7
7096138,7
30554687,7
35532844,3
39289050,0
21976024,7
27434855,6
30488061,6
10650016,1
35811031,7
12186994,1
2651874,1
28788166,7
28013170,7
12301800,1
27767672,6
16446443,0
26326474,6
2462725,4
32428836,6
37784414,6
19434302,2
38318340,6
35323072,4
4371744,6
4685253,1
25589135,2
24863787,5
11241523,6
25896629,1
27531563,6
32799541,0
37195717,1
26904007,5
34481448,4
38394751,6
12163967,7
19646042,7
32896387,3
28254733,4
39231282,0
27744210,1
15166212,2
22158871,7
22598816,3
19718146,1
28405010,7
1682567,6
19491295,6
27911306,1
16467844,1
8960676,6
37287299,7
14985133,6
8177402,4
34955318,3
95642,1
33366221,1
22000086,0
34188248,0
29994589,7
35156353,7
21490504,3
35830675,7
39433191,6
27607366,5
5878830,1
28289978,1
25675640,2
35853661,3
13636458,1
3428014,6
28014735,0
31400769,0
16248104,6
25064353,0
37400078,6
32585153,5
33463635,3
21486261,2
10279778,0
33465118,1
31373019,7
37389174,1
37266065,1
35782251,0
31117393,2
18700661,1
20845835,5
37132810,3
38687134,1
18024962,1
11559062,6
35172692,4
12598988,7
20810705,6
25828492,7
11412132,7
27489463,1
22348229,0
9480419,6
22550304,6
38153772,5
38793579,1
5787471,7
18572601,3
23633605,2
32032426,1
23424515,4
34262734,7
38068880,0
36598728,7
24792499,3
15395610,1
34094468,0
18998568,7
1332853,1
38174216,5
16124630,1
28075472,5
34124388,6
7173872,1
39087245,3
8015867,2
26476218,6
12188648,6
7361078,6
18467244,1
3034014,6
2467013,1
7727087,4
13092807,3
38019688,5
38256369,3
19524383,0
9886150,1
19625101,3
28778340,3
16474522,3
564460,1
28661207,1
38410777,1
35606088,2
18238610,4
38188359,0
31487034,6
35259305,1
36339679,3
2036392,1
13658806,3
36944089,4
36421919,7
22561458,6
20382946,7
34682174,6
34262083,1
37206015,5
21535376,1
30069564,1
28532913,1
31117431,1
15059007,2
21346725,2
33745936,3
35922844,4
23460652,6
21767552,1
37400738,7
32417242,6
19365513,3
22674922,1
2956904,1
31223529,5
38066515,1
18298044,4
20503183,4
4002015,1
37351418,6
22371375,6
36854067,6
6713430,1
20730950,3
21865900,5
35184151,0
1800508,7
19351045,7
15819362,6
37845617,3
38256609,6
33543259,2
5886987,0
36530007,6
31291611,5
3830530,5
10860685,1
32217017,3
24079645,5
3134245,3
25989806,2
35978815,1
39905256,1
32539645,1
14104713,7
15101740,1
30903522,0
15841910,6
28855928,0
39709197,3
15855168,1
2610421,1
22232932,7
37051574,5
26123416,5
32171448,7
31266687,7
25494668,0
30482517,1
20555610,7
3173320,7
22309315,6
19502503,7
13333348,6
29640517,7
20715978,7
25832568,0
39627787,0
39875057,5
30743314,7
37253657,3
22199099,3
10113270,4
6791159,0
3892218,6
28064747,5
30272591,1
17452065,0
36087488,1
29462260,6
1030070,1
33698318,4
14059969,5
27517940,2
10312204,0
33445750,1
36289418,7
9685423,3
9810116,5
21992176,1
16698811,0
24843768,7
30790193,3
9519036,1
37730843,3
27080942,7
25762760,4
34231018,5
26688775,4
38925115,5
35000251,0
9135447,7
37745600,4
4792847,1
30154647,1
11282134,5
20932810,7
26896722,5
30024243,1
26005126,4
35374333,0
25101489,7
33945863,2
30636199,5
30724071,6
26101633,6
15053160,6
29579912,4
11859234,1
11336056,3
29800675,4
25232022,1
10524871,4
37265278,6
29100380,3
22332571,1
18695533,0
23867136,5
39238847,5
36285654,3
36941954,7
28444511,3
33904713,1
22348756,0
32470568,3
36335968,3
4817200,1
40126979,1
7688182,0
9549084,3
22846719,6
10825734,1
12316575,1
10554699,4
21301684,4
30633143,2
26923752,5
17135275,7
6687660,1
20749730,1
40136945,7
3772495,5
38876721,1
36627868,3
23358240,3
2204252,7
6199657,0
18429547,6
28269123,0
36315309,6
38557760,0
40024294,3
24611217,2
4422389,7
24877905,1
26402614,7
35069283,7
9172263,6
14557597,0
34517331,2
6722162,6
39471954,0
32531150,2
23513209,7
33470771,1
19914293,5
35637516,1
32638677,5
35747769,1
33832184,7
28049092,6
22438579,3
2712514,1
28422819,0
18751945,1
35634193,5
22166414,7
35388467,0
14554178,6
11561258,4
22947689,4
29595508,3
27882920,2
32076636,3
38999713,1
24266273,5
18155972,0
14562112,6
38884644,0
21322568,6
29042949,7
28857520,4
17232246,0
34865765,0
862173,7
35423750,3
32273587,6
20395691,5
28311358,6
15603755,1
36074091,5
3839426,2
39409170,5
23122362,0
3936957,7
17241211,1
17936384,4
11106483,5
21028819,3
10758668,3
21404885,4
33728792,1
15798209,3
25289887,1
15419912,6
37426055,4
3292752,1
32335210,4
16072548,7
35575055,1
18409760,4
18196811,3
25095920,6
32938494,0
32724828,1
3345530,3
5470985,3
14947165,3
13752988,3
29452228,4
36678063,7
7963316,1
10894532,2
32751193,5
23834390,4
30669337,7
11842490,1
38363640,6
29908066,2
29172029,4
39885520,6
34930745,3
16779648,7
36130820,6
23172293,6
38892192,3
37598507,5
26061814,1
9084455,1
12366607,6
14804908,6
37946458,7
38400732,3
1916009,1
7990235,6
33334606,1
21127880,7
38600173,1
8945370,7
26216773,7
36607540,7
28692542,2
21338635,5
33767122,2
17156911,1
32929725,0
2920793,7
7046842,2
33017452,3
35125752,4
19643993,0
13246694,0
35546994,6
31364140,5
38387733,4
16086821,6
8472282,1
28801216,4
13057742,7
12884638,5
11550435,0
30155345,0
31774230,2
12783422,6
37228319,2
34531416,3
37217773,6
28847824,7
9343180,7
20936693,4
29368331,2
10394659,3
36713290,1
26019085,3
33742583,4
37667046,4
39982981,1
32471390,6
7919544,3
34116081,3
26842899,4
33843812,2
39357863,7
35630305,0
36972714,6
24897906,7
39186169,0
35950231,4
32725922,7
9685068,7
30726029,7
38643131,7
22338927,2
11483509,5
38943625,7
24337416,4
8030721,6
12764463,0
18512981,3
32509815,5
39701507,5
27568663,5
16613751,7
33765191,6
27194933,7
36095910,1
30255112,7
37538116,3
39391007,6
30248469,1
14941097,3
7592592,3
11267446,2
35090103,7
10640759,0
27311199,5
27025389,7
22499057,4
20843135,0
27055218,5
9433283,6
34479794,0
21448794,6
14816700,0
5251066,7
27027247,3
34793998,1
5559349,6
32296887,6
10184048,6
39865329,7
16039940,7
32104462,7
37866575,3
32266039,6
36894986,6
17680544,7
17429159,5
9738518,1
7527413,7
34687313,1
22150395,1
27872058,6
9381612,1
16733109,3
39372340,0
34976515,3
39073067,7
18755466,4
12402982,3
27019740,7
29062616,7
34401121,6
31606420,7
3625897,4
36535673,3
20726367,4
28004974,6
14789930,6
35215095,7
27129880,5
652291,3
21472772,1
1609775,1
15980548,7
18066269,3
12250475,3
38025003,7
9781944,4
38647250,3
39478853,3
28810066,7
3525952,6
22894897,5
16010992,1
19694920,5
23999524,6
28192838,7
31893638,7
23142719,2
22234190,6
16515314,5
32521007,5
36573019,3
18753091,2
19413332,7
26658130,5
21954603,0
36662181,6
23684323,1
34261244,3
18108462,5
27925447,3
35070840,1
38754163,3
24638507,3
30116105,7
7698217,2
10964721,2
18612741,2
36344853,0
30677413,1
9950939,6
34622353,1
36255642,2
29489892,0
36701711,3
34822373,6
5162130,6
37284158,3
990016,6
2770810,5
39962277,6
34659109,6
16203874,6
22633139,1
19436365,3
18164415,7
5744977,1
35048921,1
18967518,6
6931880,6
28816496,6
16534246,1
12698843,1
12876172,4
35990541,7
29248280,3
23925766,5
16455636,5
4965342,7
11853725,5
33203620,1
18807743,6
17427565,2
30965974,5
22447572,1
24354311,5
35686058,6
18172653,0
27581683,6
16800375,5
11162798,0
33399106,3
12357043,4
3848829,6
20561778,7
30068995,5
27128688,0
4907924,5
37307421,0
912526,6
9520873,4
31017823,3
27769722,2
39604672,3
36634602,4
38615761,2
27542447,2
38284177,6
15796734,6
25792989,6
34107339,1
29837876,3
34571623,0
27731380,6
7629403,1
11911164,5
35015828,1
40136283,7
27378883,1
12151306,1
39275552,0
24486995,4
26436961,7
32996230,7
35101297,7
26788807,7
36959262,0
32191030,1
6860294,5
4239346,7
7940441,0
19339341,1
11043282,5
25195426,4
19935408,7
31118164,1
10158684,4
32724914,1
34348307,5
11563100,0
36520561,6
39559384,4
39277477,2
35485362,3
3098337,3
36779023,3
36076679,1
7114866,1
33635081,2
11892084,3
13050225,0
2362729,5
1145334,7
36399357,2
39129223,3
36649295,2
31073119,1
25293954,6
31555116,7
3271478,6
27951419,6
24417401,5
12571073,2
32957525,3
29881965,2
6864106,1
37890972,7
19151516,0
26061610,4
27815008,5
19613716,3
33017847,1
33323661,0
26961052,4
15041834,6
38724411,5
39674681,1
13334044,7
34931486,6
17507325,5
15411252,6
1635827,6
4035195,5
1903209,0
35434092,3
29033245,0
36696404,7
13480031,6
26783719,0
85577,1
35418410,0
37683026,7
15153900,6
16093247,6
38458115,7
14900546,5
3823659,4
27477970,3
33050788,6
36338693,0
10368281,6
15965309,3
36129386,7
12738781,6
3653717,1
35658529,7
925716,1
27317564,6
37331282,3
20085929,0
9059921,1
31187407,4
19604389,0
34418406,7
13412913,3
28858204,1
37665330,3
28310627,6
28136626,6
20171216,0
35524207,5
37602106,0
32010322,6
32688335,6
36556547,1
39374599,0
2250385,0
38701400,3
10861427,0
26044977,1
31112523,7
27952759,6
26800052,5
12592916,0
24566119,6
40121765,1
29576822,7
39297480,7
17131962,4
4300979,6
11847992,7
39390927,3
27713282,6
16993486,1
31446465,5
27498316,3
33656696,1
14675732,1
35557828,0
21973008,5
37626614,3
34193862,3
37245782,7
39257455,1
28171130,0
24358715,5
31270635,3
7624840,1
18130165,3
18473217,4
9245900,5
29034301,7
32827419,7
26064115,5
5450067,0
38381803,5
38520210,1
15722118,2
30879964,6
5891045,5
20246702,7
6518154,6
39488216,1
5356263,1
35973820,3
37265411,4
5661485,1
32789692,4
3418339,5
25691403,5
19555472,3
35453596,0
14273049,6
37383332,6
39695857,5
36406737,3
338103,1
19394227,5
34137007,4
2035599,1
21609961,1
14448310,3
24316900,5
39328197,5
38956950,3
23284531,0
16879928,0
22025675,0
8932410,5
12139624,5
31861017,7
21255525,1
4472458,7
32621089,7
34257472,2
32752250,6
37311699,3
21856559,7
32138140,2
23930695,1
38533642,7
19991033,1
37211765,1
26429322,3
38462666,4
9969406,2
34904465,1
30657223,3
10827393,6
38808248,1
16382493,1
11570942,0
21575749,2
27894738,6
25749252,7
16793501,7
31714453,6
28990440,1
8609147,1
20316100,1
37659782,3
8709453,2
39569128,4
33003536,6
32894184,3
26775558,4
34010974,6
18427775,1
11433810,5
21407985,7
33106871,1
16567249,6
6359734,3
17736731,0
33791555,6
30223073,4
21445515,7
22726498,3
17476989,1
25407258,4
10549634,0
2911867,1
4770164,1
3254560,1
14940338,6
19421835,5
38410843,3
28073916,7
10368371,0
15387354,5
31106363,2
16351286,5
30290028,6
10797189,6
17959644,1
20229817,6
32279887,2
18561519,1
2991557,7
38656786,0
23353887,5
38160518,7
36871756,2
39156809,2
33137165,5
33478942,2
20669085,4
11424808,6
39482504,1
18112393,6
25862513,6
5128807,4
29118729,1
19666462,1
19621625,2
39920252,0
17737914,7
3408494,3
34431833,3
38715570,7
39441880,1
9154023,3
37417765,6
11476886,1
38191114,6
27516059,1
6591890,5
37632766,3
24154465,7
37516570,4
29039434,0
30605090,3
19377427,7
18620199,3
21916146,6
36401400,4
15461511,2
39033106,1
36362027,5
35296244,7
20400671,7
33576537,1
1022649,0
7109149,7
39949841,0
12593366,6
37376798,5
36279649,3
18006023,6
12550843,0
8474394,7
10411359,4
38921364,7
31660951,4
5331275,0
36442023,0
24790655,1
36390290,2
35319652,1
37006187,3
23914730,6
27782511,7
18793888,7
31973169,3
17760769,5
24379456,0
15075792,6
33883840,2
1547944,6
16107658,4
30452395,1
24012327,6
20448664,5
15911674,7
17694732,6
13158452,3
34973763,3
34296436,5
7039200,5
17183122,3
4244855,2
17837078,6
27938954,7
10086412,6
38469632,0
39594002,1
30363174,4
14043719,1
34189397,0
30968256,7
23367218,5
7651220,7
28904793,4
33188104,1
138045,1
32038881,7
31421322,5
30559068,7
8655938,4
36626833,0
33629440,1
26920092,5
35796802,1
7911986,4
23929165,3
12906351,4
33877577,6
15846389,6
38285737,2
32125812,4
28790883,7
37368078,5
23863852,4
1945812,5
8859760,1
7733180,7
27925736,2
28096351,1
36576366,6
30268270,3
25584160,3
33894841,4
24730189,4
34853390,6
24627620,6
32255001,3
10117885,4
3408272,1
1859438,7
2969481,4
11151572,6
8676682,1
38175199,5
26364156,5
32103224,0
904746,7
35311585,0
26342132,3
30347090,5
24703315,6
4445109,0
35305124,2
34537922,5
7761659,6
27825206,0
9778389,6
267628,1
35141438,4
11801658,3
38081866,1
27612958,0
37098471,7
24000394,1
34725405,1
19145645,6
28564566,3
22055454,5
39289217,4
27304900,7
23983476,4
5422464,1
37043534,6
39402154,3
23710572,7
35695015,0
36493966,1
19912866,6
18300322,1
36095421,5
21770014,5
14845336,0
29825571,1
30392099,0
26976025,6
36652786,3
25137484,7
14260601,7
17595590,6
11970820,5
26791615,1
31675798,0
4474690,3
34978483,7
22405239,3
18808363,3
3349147,1
33489267,7
38313288,3
29929540,1
26477603,1
16088666,0
18392341,4
28282671,4
25327148,1
34596082,3
33404850,0
19925256,1
8845435,1
36489711,3
38293878,3
10970639,5
32944377,3
17136015,2
30270373,3
21595936,1
17300370,1
4503257,7
16493500,6
20072030,3
20208681,3
12416278,0
22927336,2
17556929,1
24237185,7
7330718,7
23421778,6
34093547,4
8917548,1
20410501,0
21964452,1
32407913,7
24907337,1
40065760,6
37162381,7
940822,7
14424408,4
36905267,1
28489560,5
32386768,6
37502848,7
27349184,6
39919405,4
19016224,7
16930657,0
37053314,3
22278993,4
31039249,6
38411903,7
1348510,5
21331077,7
12152487,7
38082699,2
33350570,4
8354078,3
21094536,1
35748384,3
12544086,6
38061344,7
18830651,3
26617865,1
37525576,7
14035522,1
5204640,1
1346297,1
16013330,1
27136481,1
27377223,6
25045292,3
22263745,0
21079995,4
26074523,4
16369685,1
30471943,6
23773577,1
24018309,5
40042071,1
12733840,1
28231738,1
4333094,1
37953143,1
25410336,3
36946844,2
24703675,7
12602032,2
17415354,1
20535605,6
37645504,4
13090505,5
20319813,0
29447503,4
1684197,4
31300131,0
39664963,1
31200648,7
33650426,0
28370598,0
35410041,5
11504104,1
866208,6
32920007,0
29594936,0
33925015,3
16720286,7
17406252,1
19374707,5
21742587,1
4780791,0
19915116,1
6341823,7
25444267,0
20112760,3
29401707,4
13160139,7
38467716,3
23430900,1
39186906,7
37094448,5
15816884,6
30745056,7
30227883,3
38664732,2
34505579,4
23538140,3
35565262,7
19705229,5
36902682,5
6715944,1
29145897,6
4758968,5
14568141,1
34601782,5
14029883,7
17169927,7
36851561,6
24948660,3
10341847,1
37661712,7
10958248,5
18603407,5
28420448,1
17781906,1
8685842,6
24723525,6
1355710,1
18335432,3
6705521,1
12867075,6
26455408,3
40141660,6
36332167,6
20001045,6
5878689,5
29667892,3
22440589,1
23600582,3
5725065,5
4976613,3
25067998,0
39303157,4
25673848,2
12630594,7
39607566,1
31408445,3
16013692,1
39898068,7
32969491,6
11942919,6
38498654,0
18676859,1
25080922,5
38405454,1
36944943,7
6728719,3
23264037,0
33252802,6
24395155,7
24944676,0
22416886,3
28102769,4
29375200,3
27999762,7
10425414,4
5888771,5
28800272,2
34418982,3
13293902,3
35330420,4
29292526,6
35212716,6
37796601,6
11661121,2
1264300,7
9482859,0
35245185,3
30801340,0
29344964,5
35682804,5
20568743,7
4657001,7
14264682,0
2045968,6
34320067,3
26855746,1
35003277,6
13273727,4
35719653,3
24563790,7
25883898,7
22442839,7
972267,5
27781881,1
25560879,7
26115889,1
8425304,2
14933771,3
28118236,5
10716916,6
15406882,4
16010898,2
38744353,3
29962525,1
37644156,7
5037432,7
7738272,3
27270829,3
32928328,2
30823730,4
38354163,4
8730946,6
21923964,0
39659469,1
1704085,7
7474976,0
19036477,0
21781233,3
35902694,0
37152940,1
27664609,7
31320657,6
21770419,1
38277002,1
4122504,1
28211333,6
7419787,0
27503961,4
11277432,6
27908424,5
7685087,1
25791196,1
30327523,2
12890100,4
17663862,2
28032395,2
16214190,1
31103161,5
1157725,1
25923565,1
28780493,6
15318800,7
21162535,5
26274037,3
8556398,5
24160626,6
23237628,5
35988808,7
35464976,4
32697252,7
33271060,3
38761142,3
34672408,2
31254758,3
20160622,6
25920049,1
34334927,4
25271459,1
37015852,0
17000732,2
14603104,4
19950823,7
32616111,3
17132659,1
18009979,6
1641470,1
27791014,5
27273499,1
3371795,1
27288730,6
6276170,0
7403585,1
24741690,3
36698082,7
22015803,5
26182916,2
14847703,6
37373196,7
21125674,7
11289670,1
18455576,7
35456290,0
35305688,7
36846007,3
9970005,6
32501869,6
39929934,1
17210425,3
26792615,5
17477583,0
24279706,1
33433863,0
29127196,7
23582393,3
23303221,6
34693939,6
14706225,1
39256611,6
2805595,1
35566034,7
23064280,7
32986366,6
13991248,6
21443381,1
21536555,6
8284890,0
11034388,6
16269376,3
19967862,1
38283475,2
14443595,6
14496193,1
37903818,3
21527610,6
35060732,6
35383195,1
25557311,5
27328116,3
29586096,6
33745964,3
4002286,1
13513244,0
33632932,7
27828184,7
38938306,6
30570659,2
20435405,4
27188983,6
39537757,2
16451849,7
3726338,3
20516178,7
32029892,1
32847800,3
15686658,6
33116305,6
9314149,7
3979658,1
15535683,4
24017650,7
4833646,1
35596031,0
33355265,5
33527596,2
20395913,7
38233515,4
23389450,6
18347352,0
29937830,6
16773583,7
14063877,6
4436240,6
14626613,6
33283235,3
17874609,3
30127355,6
20767639,1
25654453,3
32567100,5
35709639,7
35227154,7
4525147,5
14363655,6
4806237,7
9771562,7
28721397,3
9955548,7
26813499,6
39064725,7
30675501,0
10097477,3
11730952,0
23042963,5
20438594,1
25936696,3
19591467,1
12162021,4
24045265,1
29042787,5
12073957,3
35236880,3
5202721,7
35005574,1
37710542,4
32317330,3
36435012,7
36050887,6
2509260,3
21876482,4
24785928,2
30935583,7
22534854,5
32963088,0
18179606,7
28873113,1
23203332,3
21147075,6
16232244,6
27218543,3
31282297,5
20437976,2
37614550,4
21614739,4
38666329,1
33868598,3
28997364,6
32993775,1
8638534,4
38335685,4
21453137,5
21307835,0
4414375,1
30189749,2
2327989,7
34582419,2
4988301,6
5595658,0
37912206,6
29157808,7
25550874,2
34731954,5
26656151,2
28207805,0
36422775,1
28200686,5
37114683,3
40050625,3
33664163,3
39681616,6
8577055,4
10985565,6
20062179,7
38093965,3
16745740,7
13337870,1
11122418,7
31085768,5
10705360,1
11488555,1
21762720,1
33563572,7
38255065,0
20539069,0
19609041,1
27737091,0
34747543,6
29649147,1
38310392,2
31884965,1
35996569,5
12350907,4
30420841,3
39825307,3
28076561,2
32874273,3
33121433,7
30682918,3
33514317,6
18208287,6
15525493,0
26427340,0
38079222,4
8914642,1
9444242,6
27207971,7
39746035,5
33271600,4
22323054,0
33712418,2
31524210,1
36227945,3
555344,6
14035775,4
11804589,5
1303105,1
26763900,6
34449674,1
35475103,7
21852662,4
34598898,0
39217888,1
36989625,6
36063632,2
33338327,6
22147773,5
28745759,1
27312139,5
34890051,2
20171906,7
3389817,1
19942970,2
32250200,3
24838715,1
28301031,5
17147156,2
7113218,4
36718214,0
24287483,6
24576181,4
15476971,1
1455602,6
13298633,0
27756962,0
27999138,6
21944249,5
39734360,3
4358001,5
30111973,0
22620303,0
35307546,4
21455789,7
25727687,5
24743349,5
20144725,6
39276998,7
24481178,3
37350758,2
26516193,0
37445466,3
39995094,4
22162267,6
36855792,1
31943339,0
36636053,5
31291493,3
14110121,4
33608365,7
3209362,0
18158382,0
27029426,0
39845833,3
30422535,1
9289427,6
38729873,5
17728820,1
13225201,3
31362680,0
37265501,0
5354061,5
36068113,5
10253279,1
8094032,3
36816302,7
16924319,7
26313660,5
13613635,1
2406959,6
28726742,0
35253849,5
22252235,1
20807579,5
17955970,5
22147084,2
2296803,6
17907109,4
22671396,1
16269649,6
1821399,1
27955947,2
26759784,1
25036699,0
34035731,2
35079438,1
34487862,7
19646520,0
27720647,1
33712135,6
25779070,2
39847547,5
20494783,6
12323085,0
14323831,2
30856866,1
23803255,5
3997887,5
39021513,5
24476058,7
11076377,5
19930998,3
681565,1
33381305,3
12574275,1
6319915,1
19416008,6
34763139,5
36260599,7
20904447,6
27853002,1
5730407,1
1977022,1
9588331,3
39547056,6
12970567,6
37653995,1
29608581,5
6225843,4
38448321,0
27990419,5
23511569,7
19466460,7
32671668,1
34031410,6
16143226,7
29744062,0
31821780,3
3025031,1
9072227,6
38184969,6
31650897,7
37090869,2
23901291,0
37020712,2
15145222,7
2888598,5
4695609,1
35510666,1
19835923,7
20484366,2
36724202,1
22825693,6
6010011,5
28684187,7
35708920,3
6217351,6
33661115,4
17752460,7
27184204,0
27631241,4
25516805,4
22316489,7
31334629,5
5698175,1
33824334,3
36237853,1
31926470,1
3149370,4
12468823,3
12076092,6
12419875,6
35422392,3
11888635,2
15170450,4
39601218,6
34763208,3
37710662,1
39916655,0
35964994,1
33836647,6
5321186,5
31454438,3
36667061,6
32740048,2
1959188,1
7449395,7
28629911,7
23455341,6
5910703,6
15042945,4
22210251,5
14865572,5
36420970,4
28357582,6
5106358,0
13464759,4
34946062,2
24288780,6
29820370,6
34200551,4
34079787,0
36472879,1
13752507,6
15049333,1
1002072,2
32559406,7
19572248,7
33135354,0
13834472,7
2278150,6
29670109,5
19684765,3
31537305,4
15312170,0
35923078,7
27219849,5
30636014,0
39681631,1
23387488,1
24693024,0
18663956,7
20498469,7
30408127,1
26374648,7
6244272,0
19532344,7
35463419,1
37778176,6
18020849,7
29865518,4
33547061,6
7482959,4
7417701,1
23619426,4
30821951,7
23687011,1
19199944,4
13241200,3
37358499,6
16733716,7
12927060,4
17309356,7
26175761,0
35663109,0
11226252,4
39444808,2
25320719,3
19848965,3
12431826,6
34883086,1
39160750,6
3548937,2
35355657,6
31528600,4
25151108,0
34710482,3
36453888,7
29088467,2
19458344,6
37669177,7
22660581,3
32201138,0
37166827,0
38205540,3
28427651,0
8002282,4
32414960,6
2139823,3
22733642,7
39585179,3
32427110,6
25432139,1
16494560,1
8925293,5
3626619,1
20014811,6
25071242,1
18057029,1
30253141,7
35455991,2
31459439,1
34801132,6
15578416,5
37324106,3
18344996,3
36069211,0
7555335,7
3370996,7
6796722,7
24694887,5
38296748,1
25892181,2
17028562,1
32509261,1
22994881,6
26470151,0
28621908,3
39574813,4
14071096,5
36702120,3
6582183,5
34650978,2
28455413,0
22039057,7
16453746,6
35906395,5
35202289,1
31935514,6
24654209,7
22868900,1
14536167,5
37579374,3
28164874,0
5602265,7
28997120,3
25127899,6
27020950,7
27164129,5
18029074,1
29732282,6
32803223,3
21679401,7
35983172,5
28973150,7
1645962,3
33363613,7
29871460,0
38848471,7
24492345,7
16678006,1
37009788,3
35572308,2
39973360,3
31298298,3
32933480,4
21597078,5
37285708,3
1473625,1
39247527,0
34752521,3
27011143,5
2781186,1
3233674,1
36183763,5
19291738,7
9313999,1
22962474,7
14171719,4
23447411,3
25161449,0
19770147,0
26435738,2
24597761,3
14432020,7
4024972,4
10640623,2
16319878,6
32152166,4
32156071,4
9758513,0
14872061,1
39507592,3
5720233,1
33476561,7
16000228,6
27696154,1
22840985,7
31137414,5
33105045,0
21516322,4
9815077,6
31576270,4
38456295,7
22130727,4
37989239,4
20944212,3
19750890,2
23903848,1
34984174,6
15715597,1
15709933,0
25143621,4
32656758,1
1060745,1
23189610,3
23040727,2
30564792,7
27560764,3
603595,1
35725265,1
13169535,6
31690038,7
26261190,6
30164528,1
3453757,2
33094758,0
13475567,5
19364051,6
15204225,7
17113970,7
23028255,7
36902899,6
35348346,5
29868741,1
24921545,5
22134712,2
37233669,1
32966108,5
19410377,1
14159318,2
38949402,1
33084068,1
34107775,4
24011117,1
4291704,7
39524220,0
33667862,2
28715192,4
15998188,3
13860738,0
36146551,5
7456181,7
33639344,1
18390092,5
26880611,0
37897851,6
14158947,5
15876307,7
28529852,1
13232935,1
23974147,7
15597439,2
32800168,2
33790105,4
22059989,2
11100244,0
4873679,5
2540043,7
8437792,6
24633664,0
32546804,4
9182462,6
1158108,1
22183205,0
27261662,0
25729867,1
4211454,1
27843361,5
37742895,3
10267817,6
33681546,1
35391579,4
29972682,7
32936215,4
34563522,0
25106498,7
39734786,6
39263563,1
26698044,4
38237460,2
22486663,5
40075008,2
11480589,1
17143015,5
19412835,5
24259329,7
38857855,2
6896589,3
6725771,0
4403289,7
15580869,3
9143506,6
30754693,7
37396046,6
35026040,3
9850261,5
9816816,1
15214386,5
15456804,3
25796309,0
32041223,5
38448638,7
8795698,0
31276585,0
19096808,4
21330829,3
5554100,4
14541182,1
23379357,3
30278454,3
19644391,7
30229119,6
38138143,3
13033060,3
22795148,2
5228717,5
18195758,0
9142264,6
20154390,6
8844073,5
8234723,1
20886565,6
29914293,5
33251246,0
39131424,0
20780419,3
32975871,0
30822124,4
27537530,1
23734899,0
12368485,6
5708352,7
24210405,4
33735914,3
36045610,5
16535995,4
25076058,7
25474562,1
28495905,3
32788991,4
33678995,7
23392041,2
29847145,4
38458288,7
39495994,2
36481763,7
33934948,3
32090714,4
20928787,4
25123127,0
9795431,7
16803835,3
38084537,1
32049122,0
13077638,6
34415398,5
37482313,3
19498063,6
20584889,4
25387251,0
19403532,1
39639806,6
32980559,1
18038003,6
27350599,4
35794897,1
32311048,5
29922108,3
12899431,1
886238,1
33191477,7
28302556,7
24456314,2
17334993,2
31617858,1
25998282,6
2768038,6
13305767,5
8983019,4
6940257,1
19276731,3
10756383,1
33449279,4
30301112,7
17671733,5
26581666,2
33068747,7
35468907,4
38740631,4
25503926,5
30715650,2
38858982,5
5500563,1
30068578,6
20183020,3
17520927,3
15208543,7
6359881,6
11249941,7
27967298,7
28258873,4
19962495,0
21465903,2
27048746,1
26188666,5
30352394,7
38744747,7
17110379,0
22843336,4
31148251,6
38213819,3
32999363,4
30176479,5
33200025,4
29207107,7
24231994,1
11351110,1
37620761,7
38491963,2
20665895,1
32671247,7
5577425,7
37081085,0
24663332,3
11076018,2
19254974,6
20067316,1
26796316,6
4882674,1
29180739,0
10689273,6
20277394,1
37368152,1
9529428,6
35328487,0
36969724,2
2201867,6
5764449,5
29519051,0
22571800,3
36608834,7
36945410,2
34913005,0
8556724,1
37014153,3
7060534,2
34377278,6
34106696,6
23393687,1
38425775,6
32443901,7
34179675,0
5441961,4
8918847,5
26879942,5
14423896,7
22273985,7
19274503,0
3419202,0
210629,6
26626238,3
37529333,3
3452489,2
25257932,7
3467723,6
38000237,3
5617322,1
36834574,1
9832622,4
37750899,4
9307836,7
25212804,7
11807955,7
328964,6
36243708,1
24075340,4
32620164,4
19694360,5
38427570,7
29069306,5
2233422,4
28774824,2
12935407,5
34090316,3
3899593,3
22177059,7
34483142,1
11125690,5
883520,7
32039423,5
31100948,6
2526589,2
8356907,6
33843860,4
39964728,3
30802158,1
34429375,5
18263285,6
22572768,1
13714790,0
19712395,1
37055664,0
39952592,4
39995912,6
17386151,0
11601243,1
21923120,0
2619129,5
7362770,3
21352925,2
6963302,1
28099106,4
9644784,3
6450228,1
1386093,1
3497223,3
28489598,6
19898403,3
33113135,7
13094829,6
39227706,3
13993492,7
6855984,2
36841861,1
8074850,2
15296126,4
33831289,2
33536525,6
302867,4
35702535,3
29835163,1
36023521,3
37134281,7
11574850,7
39998184,3
38839828,1
38977929,2
26410206,7
35559678,1
8689825,1
13982442,5
14026851,5
807863,3
33228369,3
7772253,0
11861704,1
22995375,5
22553679,5
29437675,0
20553596,7
11563816,4
32902832,0
34789658,3
19630737,6
11518252,3
30387793,7
23184410,1
17862520,2
32193211,4
29880154,5
24665536,5
38602884,0
15515218,7
27993036,0
30024717,1
19393677,3
39946601,0
19704067,1
3690380,4
15004838,7
18117806,4
27181990,6
39043417,1
15341762,0
34798558,1
29957968,3
21512305,0
36815187,2
330383,3
21222458,4
12086724,6
21961037,7
3687702,3
32540422,7
2301458,1
8814383,1
32160439,4
6807459,0
30337602,6
30539564,6
12521575,7
26404893,1
30094682,0
32655778,3
36343197,1
37283514,4
26083293,3
29347626,0
35880249,3
17066451,3
23232463,3
38026431,0
1918270,6
30684872,5
10888373,7
24932730,7
34740102,4
2085592,3
11062417,4
34143988,3
12855534,5
27887393,7
11371415,7
27421282,7
36006248,3
5848184,1
33969479,5
1776290,1
35765317,0
31237499,6
17535127,2
23156116,6
16971396,6
16396599,3
16267450,3
19645908,5
10459041,1
13111899,1
18249177,4
28489031,3
20098238,3
39580427,0
35210564,4
2419416,1
6734487,1
32071337,4
14396178,7
30222389,3
33593485,6
32216391,4
8186828,2
26578264,6
24884756,5
37276888,0
29219386,1
32612026,3
37634370,0
16720033,1
19227798,6
478655,6
36250928,5
7585617,1
31459325,4
39963452,1
8280533,3
29190966,0
33821264,4
35643326,3
22133694,0
7614869,5
35603454,0
38529246,6
16514138,2
6101902,0
1122691,3
20434470,6
32699740,3
36002197,2
37917208,7
34357439,7
33760441,1
30251145,5
24621808,7
37559279,2
10055045,6
13070759,1
24017943,7
25796140,6
37623036,3
6541771,1
30133278,1
12564043,6
11732792,7
1052613,7
17065009,4
33611969,6
32354312,0
2773164,4
28246304,5
8328493,1
31592791,3
24101426,2
1734001,4
39926533,5
22095074,5
36600293,5
12010140,1
6356041,6
27221223,2
38243055,0
37124512,0
36364357,7
22968652,1
30372907,6
19710362,5
10146959,5
27735999,4
29307448,7
6320954,1
27818607,0
37037751,0
4064464,3
16327107,5
2541254,4
33077395,5
26207392,6
27208413,3
23056739,4
34046626,3
24371304,7
39165078,3
17046421,4
6824062,2
26198847,1
35963509,0
23062193,0
26588154,6
36242349,3
19821525,0
32881905,3
2581217,6
14992675,7
33153821,6
4088731,6
26080808,5
35454093,7
10566382,5
13323929,6
12056115,0
39642663,6
12432130,1
27098762,3
38602963,2
6834388,7
37354691,6
12124959,1
27333915,0
29517825,7
35153942,1
15603356,7
20182748,3
13055776,6
2207875,5
24739533,1
36308320,1
29861653,3
24511046,2
17633734,5
34030573,3
33426715,2
23378076,0
25898282,4
28003189,3
24414647,4
24060728,7
27670396,6
35425476,1
901704,5
26428941,7
6321795,6
12785133,1
15649257,5
35735064,7
37174909,2
19200608,7
14905866,1
23599650,7
19657301,2
19394099,2
8247151,1
22648641,7
3460867,4
3936798,5
36442900,4
18700929,5
34434353,3
23066149,4
13854472,7
30492556,3
13820954,2
36766355,1
34020508,2
30990342,0
16078366,4
21393454,2
19160571,4
18129860,5
16797459,7
34323570,0
6678266,1
23229649,2
16746609,7
32697958,3
36590898,7
28551122,4
36076136,3
3762199,1
34004922,3
35620938,7
24212450,5
6031007,1
12623571,0
8193965,6
38599261,3
18657935,6
32099273,2
30082300,0
9108238,6
2939070,1
14003924,7
24806069,1
35281989,6
13324439,0
39400302,2
29382145,3
16042773,6
37733892,0
35437458,5
15898798,4
35483111,6
12925227,1
17995668,7
34187515,5
24481169,7
30654895,3
11943831,6
1315425,1
3096953,3
7501557,5
27554036,3
33461115,7
4525735,7
14783714,2
6243276,1
30227503,3
26271715,3
27241726,5
3112469,3
27872305,3
33373465,0
5966852,2
15933588,0
3137685,6
14660541,6
38057096,6
23255308,0
31308318,7
26313520,6
29933701,6
25397971,7
28155383,6
21682086,1
10499258,5
8543730,1
28733625,4
23737316,2
27531010,5
29931461,5
9223579,1
30732569,4
15118741,3
37480466,6
22402599,4
29871621,3
10513235,4
27900812,1
30449763,3
5853948,5
8718878,0
12995925,1
3139922,4
39946750,6
1224585,1
34146628,2
12014042,1
28209329,1
29612259,1
31124329,5
31130450,1
16307640,4
36702370,3
35402874,4
29682133,7
8275746,0
28664813,1
31728810,6
4616272,5
10545041,6
38985598,6
11487036,2
35678215,5
5249917,1
12651618,3
32550269,1
8749505,5
5263712,1
30771652,0
31328367,3
618827,1
23846973,6
27468051,7
10693808,5
34544588,5
31621154,1
25311754,7
12885860,0
31393322,5
29030682,1
37840809,4
25455462,4
9933920,7
16903409,4
35963592,4
1059594,1
7769419,7
118467,5
39879746,5
17737638,6
28038453,5
36186554,3
18647236,5
22874513,0
27767662,1
5791766,1
10340439,5
8647735,2
39734304,3
22002726,4
14896982,5
18899648,0
11062773,0
31436881,6
16198789,4
28074495,5
36693486,2
36907242,1
14694834,2
28440708,7
24705646,4
6094171,5
16953149,1
12864911,7
29321077,6
33176278,7
36212494,1
6474549,5
21659375,7
8402176,1
29590988,7
30233109,6
36377688,2
1998261,6
32608199,0
16774889,1
32930452,3
23784905,6
295670,1
35439244,3
16517303,1
28694021,6
35945362,6
35104067,5
33493723,3
16332861,6
5638334,3
36795745,7
28228218,6
37959724,3
35838690,7
7117318,1
26558617,1
36757965,6
