Id,dominant_topic,topic_weight
28086865,1,0.7455487329304705
39663117,4,0.5556787821911431
37259168,9,0.3623142130504294
22412231,7,0.18588276319814373
25090735,2,0.6101622275149454
25279059,6,0.6351798229911273
22719224,9,0.3515674241397366
7549662,1,0.4030435485337459
28233633,10,0.21100595343278525
40091963,4,0.6740816181330236
1366274,3,0.3881866848014633
1751959,6,0.3229486334739511
11596423,2,0.2799221363626281
23042962,0,0.6717946362717357
4638806,13,0.3822077139988787
4585692,11,0.31673160544473683
39397720,2,0.2722242442549861
35880247,6,0.7214172194428986
32969757,2,0.7173317897494382
2323080,10,0.3736402462865101
32535816,0,0.3904691210863493
20383151,7,0.5163769181529418
3610071,7,0.7333521916677086
13596408,11,0.850149258859004
39970303,6,0.41454307963029713
38164587,6,0.38303126502397916
19094441,8,0.597614939568841
26077231,4,0.3161085464741341
39066567,12,0.3628081328688457
27462337,2,0.309047637074496
22865573,12,0.3014098323305096
22739592,13,0.9405971654485663
23785155,6,0.19805636164540455
39231607,10,0.4339091304953422
39518350,2,0.47925316514646954
25571861,0,0.4353396441284788
31614866,12,0.5622313705040343
15745418,10,0.26523461714406443
15900883,2,0.42520947267179493
32023183,5,0.5345922072893994
39549494,6,0.38618360888007447
38895185,2,0.655750179623921
35792905,6,0.42912892884611187
17717282,7,0.5737514662769021
11040626,4,0.9999999999923738
36747114,7,0.23223413217911393
3695202,3,0.31572738420004387
29552575,13,0.5560198033025799
21058514,0,0.6790464717454787
33769143,9,0.3863098756328415
6239042,10,0.5806245602418988
13144158,6,0.7308738904091875
34278866,3,0.4949902538571102
26080958,11,0.7367672340651897
5834054,5,0.5553050185250393
25705544,8,0.4696407666926595
27542341,0,0.3759937733155384
38316294,3,0.4434330852647546
20110006,0,0.2641708090977567
33127008,9,0.6890569196302612
18596189,7,0.3888437957836495
2483840,11,0.40477721412035056
20803932,2,0.37986980306085577
4848965,7,0.5150769554816123
27056575,1,0.5420093030192652
8701419,1,0.4739199391994697
4690155,10,0.6478000680497055
26673267,2,0.7876376940021947
32463870,7,0.5278852161668328
36908926,5,0.8356284945085146
19472499,7,0.37731950973599304
38780122,6,0.6951784678436135
37015876,11,0.3816843236522856
12030085,10,0.39356993210263685
29859761,7,0.4768298266413531
33753832,11,0.5587785653125004
4676973,13,0.42755678888445714
39111903,1,0.37259854302405676
27177212,10,0.45746478476395747
22108306,9,0.8422094884084432
38792077,12,0.48646961456295
32589767,0,0.24154220978001065
3402694,10,0.6642557647256674
35942081,11,0.6920367346830589
26753268,8,0.6993175326640437
26487648,2,0.37450766121860685
19338748,7,0.5681508956675914
19111047,6,0.40104739597642697
13980656,9,0.4711581727933185
30849351,12,0.8295856580431348
33655933,4,0.2882925604216735
13163895,1,0.3354365471249136
13356680,9,0.5558928226045746
16991754,3,0.6748264595955604
18380766,1,0.3034198324145514
5522524,11,0.3384977808679569
39521924,7,0.37664637088689457
36795424,0,0.5019761192219065
19665125,8,0.357767492463221
33792478,13,0.40583076563685505
4054254,0,0.5097487106509745
25109001,0,0.46691576695572584
2631311,13,0.5923109468757528
843277,7,0.32945290365936175
38879470,0,0.9494742107088203
32906669,11,0.5744040930436151
23873048,8,0.2758626160204037
31350589,3,0.23201640299348125
37730751,0,0.21273555426999652
11816236,10,0.5255786670190196
11376381,7,0.2613333829062625
36053881,10,0.3614064298119571
13336798,7,0.4361507509786951
20298058,0,0.27981414271062793
3068408,4,0.27991847467750575
21465348,4,0.6631147073644756
37066402,2,0.5172329377380537
34394344,2,0.4821739873848284
36447378,10,0.2898755220783018
5075335,6,0.3063730439151535
36507334,10,0.2751350942495637
25709818,8,0.5868040737802738
35046142,5,0.5876360576239459
38591938,12,0.44643110255818397
37390827,6,0.5691740246813897
32683412,0,0.2622792075714262
34880137,0,0.3255697120043016
27434689,7,0.3826720676120324
34708972,5,0.3760165951505015
7765113,2,0.48758127302885973
37864425,3,0.539836792713416
6107905,6,0.6306126963009853
39978375,0,0.3717528620258651
4968210,3,0.24642219335308854
25462305,1,0.36174385342161497
35641116,1,0.4275855093064239
36816386,3,0.6510410338033912
34683400,1,0.46227668114652304
36820171,10,0.34125758607174833
26005274,7,0.30025310976313596
38477881,5,0.3874707946464521
10639333,1,0.21486730269674584
25387745,13,0.7088302028199711
40113343,7,0.30389308819996436
29080279,13,0.26840835828328435
26615756,9,0.45434586561775814
6655724,7,0.3118298029895046
38876562,13,0.34535388505780223
33592626,6,0.6862362340428897
29144956,3,0.5660406845288909
23970227,10,0.4370284423396673
5531249,9,0.5360400994124003
35224978,0,0.3525575763298766
6650906,7,0.8355270649178027
24037441,9,0.37524117870203677
12311196,10,0.6953931765406257
1056675,2,0.5714984820956864
24020720,1,0.3709195564051697
14319771,10,0.32509402513415475
5289680,2,0.5466916441815037
19919987,3,0.3294704453810956
22127346,12,0.31224573219028356
22983523,4,0.6845653200227644
10587826,7,0.23374589896470277
29581718,7,0.6642761131556683
21897420,6,0.5309062205593338
24419845,11,0.5820178916802947
28624489,2,0.6770352463011285
1693945,0,0.6060023146125485
17124199,5,0.43168017679205145
21397455,7,0.79827459699726
16494824,10,0.5386826249673694
21436163,9,0.3753784158926336
18896682,2,0.2586856194538337
17621531,0,0.6348451307244691
36534795,12,0.3044781405609141
34381588,1,0.5388777896756021
31538738,10,0.7294962912576555
36813851,8,0.47077174293425
17173743,12,0.3801836315588409
17327389,13,0.26111715123461604
39341571,0,0.349714262928107
18968660,8,0.7120417444329886
12485148,3,0.44969528071602904
32705146,3,0.29199400345490756
9584565,11,0.23693735527257195
39331369,2,0.4350871934386046
16059073,11,0.322591099982753
31253866,6,0.7219206179787924
24743446,11,0.24804333654915076
2465675,10,0.4229276698244931
4713589,3,0.5703249608174242
19216046,0,0.3622845859753171
13369009,8,0.530672215387013
37541248,9,0.2887524502849269
36518512,2,0.6028092285986817
29408529,3,0.6392546318571148
23617898,6,0.5883528731926351
40006924,13,0.48262977020355413
39394936,5,0.561619024347239
34352419,7,0.27575186770463983
22731782,1,0.9489202897226616
19484161,2,0.765739875315635
18352815,13,0.28417501627152664
4255854,2,0.47054160831552794
4717238,3,0.3634699829267592
38704586,6,0.545648630649845
33572928,9,0.31475458868150885
35846053,1,0.6071543809940109
38343972,4,0.6064611872037724
39396222,2,0.5550330555147055
3842927,0,0.20138193416711717
15966537,12,0.8364669541203457
23154821,12,0.6405363551334698
23580176,6,0.6535114867480986
3489451,13,0.727329132916644
34052977,7,0.32424322560647256
8358781,10,0.2961870164006111
5566160,0,0.39791571804886144
9952655,9,0.23782157252149091
5258402,10,0.2334614038699101
35822563,2,0.569558151437509
11601629,9,0.6584640441552265
7184454,3,0.3556302942209261
23779995,2,0.9529727653979854
18767257,3,0.3318428385760712
10292057,2,0.3204607077537051
9193773,6,0.5782208175686963
15194061,12,0.5021921033600693
33452601,8,0.2074040535580706
13664861,7,0.5517942104480439
29922373,7,0.49546546844961603
28410763,7,0.3416468502744415
35006204,4,0.2790627047781218
11017984,8,0.5732746466370064
10459673,7,0.32668864007959425
36854690,3,0.3784449738772771
20129259,10,0.5220924180566618
21434728,13,0.3739540998952055
18667053,7,0.5185933264642575
39448604,12,0.5565264211094136
9852226,0,0.3991053475417809
34452680,3,0.38244619657787193
18821795,1,0.45899824602745426
10903748,8,0.46886857938863014
25375057,1,0.34396705422385215
32723802,3,0.45894951237164094
16044668,2,0.3719549394091743
26770121,2,0.4095737961219753
15661231,9,0.3979420473702419
21403044,2,0.36336706652000217
18946286,6,0.9443923498218458
35625488,11,0.37544604989709784
36301179,10,0.4713732297439083
23963369,13,0.4560158314073509
21047921,1,0.5588126641993032
28677597,0,0.7436602464652055
16597396,10,0.507511990152753
19430190,0,0.570120865316225
28085788,13,0.7862253626326526
16664360,7,0.4905234249022253
8973238,7,0.624089079474486
38343213,2,0.3400955109260575
16329869,4,0.22160483033091277
14621310,7,0.5635011752433988
27524817,5,0.24053793012396676
29029077,9,0.6029542357013897
8573464,11,0.5628304087381021
28930706,12,0.3227309292897889
18486244,1,0.3785153046141168
28384690,10,0.7435784860579807
3905548,2,0.3989113840399606
18689026,13,0.1980616791292279
36689898,2,0.5634657384865105
5513615,9,0.4344126271335678
14902299,12,0.7847943797760707
38579256,9,0.597241717322421
6871686,0,0.3686481843689604
10424987,9,0.3143177740010746
33492593,12,0.33577240642191125
27440989,7,0.32995235141808665
2193009,3,0.24089551390283986
31419145,11,0.5106509155449758
30025502,1,0.5352321357382849
15265319,2,0.3519946298495433
38289432,12,0.34636364598981334
36697521,4,0.8459341449664698
38038700,1,0.2741222542763544
35440222,11,0.5276054998614904
31400143,4,0.4767654825374236
9014056,9,0.2637701387584197
27118886,2,0.9221667286912527
40027392,0,0.7762270596609544
32078763,3,0.5449854898885245
25064271,0,0.35651898653471464
19833315,11,0.42668949617281876
17202946,0,0.4768046715763088
1258199,9,0.28091205094285543
21705101,7,0.44978475413216334
29832659,13,0.5045741847710707
16816379,3,0.35892046780474
20202639,10,0.24719915718267169
822195,0,0.25000647400284176
37467812,8,0.5567632457295214
39847007,5,0.5655457946556354
11268039,10,0.5592764350991518
29621334,7,0.35670138727895206
17459700,5,0.2792094416580739
3165213,9,0.8286450224997839
31473998,11,0.8767121035384436
22301531,7,0.25078065527546783
22787091,13,0.6546343469169493
25903242,1,0.8833345316885057
30699806,8,0.45807144831682817
34071495,13,0.36098002144119806
39128412,7,0.8371925817548681
37749111,2,0.6321005053967113
14734492,12,0.27977062214143517
13167852,3,0.7323520345981437
39721813,2,0.6010222558218982
30444863,2,0.7714310260229436
28228720,4,0.19525861925618562
30016119,13,0.9729373758036229
20109487,0,0.3258120366087479
35461213,4,0.6639954841862608
17528842,1,0.3798454988251652
34133667,8,0.3846227100635259
13446989,6,0.5270740386299059
16435697,4,0.4160412780121764
12612229,3,0.649076324765908
17412087,5,0.3539958308672471
35505498,6,0.3839632196816035
34422238,1,0.4476356283758955
27810898,10,0.5385083666317455
17229045,10,0.49003250464672654
22254151,3,0.6172727686684029
25319851,8,0.5805136879793467
20966102,11,0.3631388621152992
38117824,3,0.3077614916874423
17384485,11,0.4906038134327055
8320106,9,0.4980455394814957
39151443,4,0.8675904304943985
992136,11,0.7391170757581118
26984555,12,0.2645607754241106
24422724,10,0.2942326268692526
19693782,7,0.6321511591900119
12139428,7,0.3957091570341899
24286544,9,0.3780973515126582
14863576,9,0.4628372739883707
26214245,12,0.35547679426542833
25379098,10,0.47445332219575187
9526873,10,0.39274774295683695
7385374,0,0.4333491701942674
928806,7,0.8904448714595581
3861148,0,0.31194793103783114
39533524,11,0.6307401841774906
31946790,7,0.5793376435006374
32689758,8,0.37045935565005284
22946117,10,0.20798757181873287
15555589,5,0.40859212676221757
3134850,2,0.5081470909349075
10831075,11,0.5105208456763729
20629113,0,0.3981087949325033
28917968,10,0.3536242311284579
28999332,11,0.620233767413569
21739518,9,0.49976931258920354
18241359,8,0.47314865261794087
13010551,3,0.29362569659311377
11651188,3,0.4271469517667743
9100431,7,0.291564928501992
34657480,11,0.2885244103881616
15898829,7,0.381790837938626
13729394,2,0.4096440652976215
6603448,4,0.3865058869825731
4293408,1,0.22586425458756706
28862412,4,0.5424427900203923
35590796,9,0.3980424130968913
21735827,1,0.44394841451982037
23111625,12,0.4290172588848813
13093806,7,0.34800579995352293
33426634,0,0.34895148963973066
30032701,1,0.20303990966589464
15622082,2,0.40149311503824064
17819311,7,0.6696654888761469
7381998,13,0.25627118671387944
36169342,10,0.2783946978880744
22120887,0,0.31256220850779215
11850762,3,0.3038653280589181
25726289,13,0.44298701307323984
13792798,8,0.32794718305620835
31657423,3,0.40577009189302676
19655688,3,0.7967303731699878
23409982,3,0.468955252233356
23704826,9,0.7205971721825598
8535913,9,0.3216819066409848
24540431,12,0.4977424475835775
23021976,9,0.6991243832705244
7199405,10,0.7395476770327023
36447597,12,0.3574973583057446
22386064,13,0.7826821811502657
32660596,3,0.33610717151071684
34662357,3,0.3950749559809667
37166891,1,0.2283541114932092
22411463,10,0.3153625343829889
8953035,7,0.24221539948159215
1905396,2,0.6985750948085798
27208757,3,0.2531221918033101
9645924,6,0.6815201188390109
39509080,0,0.36311473478552886
11366294,10,0.41958482161819627
36385992,11,0.7930089894354055
7969552,9,0.7406812129506247
29418117,2,0.3656582101296392
9486345,6,0.28939904340481465
10773372,7,0.40999433603646124
13936169,6,0.3495814254279849
33680750,8,0.9593912030271948
29471617,2,0.23645553183402393
33971496,2,0.5121584185288229
35585362,5,0.2432701541060914
32177449,0,0.4852372873121343
11388632,2,0.49080671684408456
1111173,2,0.9021390637306472
30036443,1,0.41697104973796745
17320133,3,0.39419507551116034
12853628,3,0.464388827538935
23159019,12,0.5872140653141508
1956249,9,0.5454943260928522
35722096,8,0.3892913238978355
18799033,6,0.4582662739229992
6438260,6,0.3835777834462785
19782309,5,0.5389588981059443
13018266,2,0.6286833548277861
34336273,12,0.3937414929063792
12851374,7,0.5324928751718333
15821830,7,0.24271543704982035
17060930,5,0.6240026215735429
28267756,0,0.362258609543354
38778676,6,0.390131742503276
32358269,3,0.43362373350468747
21886526,13,0.28602749646690934
14413661,0,0.7218578271377931
4113014,10,0.5041079102682771
26897759,4,0.31578675039017556
38618888,9,0.38794977883406856
3442920,10,0.8888867898278431
23800972,5,0.46682937223345267
31063601,5,0.5836717538337602
28705834,8,0.29284859761216847
27607638,1,0.7981120052666923
6931039,1,0.606244580494805
35761561,1,0.5186421917415714
28288395,6,0.413670679768717
32874900,9,0.6463364128434853
38071436,13,0.590518765618139
27219759,9,0.2582493060652649
21158731,13,0.2390641906403103
26361113,10,0.40541399207788414
27034416,9,0.7416305616660787
22253695,12,0.36550732709422606
11622692,8,0.6650824894297441
16837642,9,0.32304067352473675
3894923,3,0.5732399376567192
17438943,5,0.26296640032298907
37732552,3,0.373478713291389
23809636,2,0.47307694543932577
39143465,10,0.24674028530950143
10866990,2,0.5198731541445537
17197406,10,0.47983706994439257
2470121,7,0.40039324729248976
34005479,13,0.44346112243925556
32079691,9,0.7826679062026073
28477877,9,0.3687978510116638
10497342,5,0.23199030468905768
22534552,10,0.41430896580122273
14922533,5,0.4037226193522123
35593961,11,0.4382780801837829
32141623,0,0.2918565152543877
35583510,7,0.28517131858668515
12170262,3,0.44549380150299184
28022998,1,0.5254031276548395
25775965,10,0.4040421748799539
22891586,5,0.41855110688242275
7973002,5,0.6141200102720896
11798323,10,0.7448525429147523
35330733,11,0.39499396001535425
14429724,3,0.37366131534360914
18598238,13,0.8497181674433787
14195544,5,0.3424261916341501
17005775,0,0.30907170373056625
33325603,7,0.38711512367561796
16787725,4,0.5700496658282983
38960196,9,0.5470274203957216
39829846,8,0.33563852419114004
26278348,6,0.7869071755308963
6203653,11,0.37979050972711537
37865763,4,0.5758146251814947
36491375,0,0.27864928784661047
23833324,10,0.487923184878935
30585679,8,0.6137917373834259
34462682,9,0.19938517422495403
18456841,2,0.4015840083193437
7070693,11,0.41097430469247004
16387597,12,0.6479329510083527
23295868,7,0.2795402665231343
21045437,5,0.4410884198996683
32334346,7,0.6474531471246865
12810499,8,0.939317018416201
24109713,3,0.4336020723142448
23891486,11,0.5103131911614291
36362175,12,0.2620929334604721
29701951,6,0.3881912734736798
5315873,7,0.4225434551185931
40140412,11,0.5311409301367145
22436864,0,0.2511732086343439
14236633,10,0.23763170886166776
38881888,7,0.5996558869830139
38807067,5,0.4589993259082382
22848533,11,0.29846664771160114
23711762,7,0.2300653841375742
5164307,2,0.7331163074603838
3898572,9,0.23551470997849963
4360636,0,0.42181639066492344
31402734,0,0.25503872283810713
23872285,3,0.2824979401435385
1431936,6,0.3483812367119739
39407747,6,0.8735349444642452
27883769,7,0.38830087668021285
4888440,10,0.5189484023800789
37022787,13,0.8259849915785404
24624809,6,0.4296892727494241
19610240,2,0.4840669177494778
19617959,3,0.7402793503818605
34714863,5,0.42123254864511006
818942,7,0.384504974935927
29244434,2,0.28258614070162513
33333980,5,0.48415251508720286
1229414,9,0.42205438105967363
23506306,12,0.5583469072533986
22603750,6,0.37305900797228864
38723055,5,0.3592867414175989
39836449,12,0.3786041743498479
34411047,7,0.285984194165236
33979709,12,0.4874348865463622
34525893,9,0.3705201267564698
12328678,6,0.8007627060885149
31111493,6,0.6581344221839601
38367206,3,0.7455172141288737
22665833,10,0.45753815567017114
8779497,10,0.6625310704939867
28722677,3,0.516903891379326
38384829,6,0.7941286660318078
13824973,4,0.5224810315745736
9770133,10,0.26409302899502274
29566846,0,0.6003289718006433
14579231,0,0.4615736571772651
33658216,3,0.39106585806155
22561495,4,0.7502421187134851
5918633,6,0.6686076028650477
34383951,6,0.4467509324130119
27575354,0,0.44773044712873106
11228153,3,0.36235913325160907
3407414,1,0.35517032297018664
16813088,1,0.23492273660176544
2038247,0,0.3531431833456068
33713149,1,0.32642902863419043
5445462,0,0.7159023035603069
31872863,7,0.7228532212674499
3486372,10,0.7172605846121713
17492923,4,0.5169489844941262
24058127,5,0.37273565982757656
22787826,10,0.4325415727314417
24404729,13,0.37571283338970574
7768633,9,0.42514258651529346
8930370,7,0.30843539863612296
34584484,9,0.3441934109634145
17370820,8,0.5791663113256542
28658918,13,0.7855103066940593
25285665,12,0.41959005105190633
14588682,0,0.30758837594231603
23205147,8,0.7312141395917909
11897028,10,0.7171576784328422
28078327,7,0.38391458495387876
26698401,7,0.25776828401258417
33720318,6,0.48200184877955
553019,8,0.27978199274600757
40121221,11,0.6073992272370488
31960214,0,0.9987878026954843
24981505,8,0.6451020794730707
24607358,3,0.6143990255549261
37302934,2,0.6126223712430157
23839662,0,0.365735484185643
29901471,3,0.2110933941011854
24834926,7,0.30220703355048567
24087593,12,0.3477615822900473
36258215,12,0.5959348486235868
28119877,5,0.3782285055360511
3730616,5,0.8154960243665371
32991977,3,0.41715601324484264
2828962,10,0.23889507289381665
32040304,13,0.6894259742677314
26805232,7,0.18199939046091426
24056286,3,0.5644219206489914
21039589,6,0.2799470453942853
15807611,1,0.3242542276177895
9870182,11,0.5932265177319587
21922382,12,0.442839650667734
16500443,5,0.40111936780164875
22156574,11,0.4347721559185463
7829007,12,0.45376623242286374
33751388,8,0.47228712676325313
7629288,3,0.4012781576015813
22133696,10,0.3846125592731767
32121236,8,0.30624455305543347
2828059,8,0.7504450573187269
2041978,7,0.2574862315700484
22251169,2,0.6817489111204266
15258017,7,0.4813968893263168
26187054,10,0.2710583633865715
14258702,10,0.24367353055658067
31949339,11,0.2748050883507149
38679516,3,0.3081352715720359
27194710,0,0.31557026615395334
29847082,8,0.5831179092657065
27959962,7,0.32013937043363394
25914854,3,0.4076020187740279
19261392,8,0.5810682778281447
25490432,0,0.22714528245042787
21640880,7,0.3229616685227267
25455067,4,0.6812574781161035
27790357,0,0.5750647462771199
8449454,1,0.49696390766859505
19169352,3,0.2999905865288362
29743523,13,0.5614817133405415
33657182,7,0.3256005018268532
4295799,0,0.6821198209208525
39084519,13,0.5118866918939996
25720742,10,0.5856460040634235
35540265,5,0.5456952801116713
15947517,0,0.6205935773158081
10475448,11,0.3996976500371449
22878113,5,0.17951614494460444
16022579,2,0.688895681753517
35984404,12,0.51683932456021
26876438,7,0.6549032669854148
10018679,1,0.49696175006514337
34257693,5,0.38951176868292464
31795092,12,0.7221740712817998
9445835,9,0.2978212691982416
19527097,0,0.4897332842924146
14658945,8,0.819492472948203
762764,13,0.28234750065236164
24591917,0,0.46172021361346127
38237598,10,0.3854062113244473
1842389,2,0.32108368292318573
23618728,6,0.38206707218274016
29545601,0,0.30381703305660107
31307014,4,0.5173128597792658
38447314,3,0.37508070255186216
14621224,5,0.3402076879203386
2415842,12,0.3999994653062741
20502312,7,0.2687835916152438
21113773,9,0.2348520609896693
31487381,0,0.42065634611543756
16700779,5,0.4400221818796459
14533936,9,0.3726647841089367
32485542,5,0.28959204837392727
32813162,1,0.2783563606956858
30834395,10,0.765802724754187
33405490,2,0.47603678354118373
28882496,10,0.2511768031722804
7556499,8,0.36965042652757013
32740320,3,0.19619501478386006
11481618,12,0.4247676605603453
24376574,13,0.3019744742688269
38219558,0,0.2105840962085714
28520450,11,0.43788979932362504
36131003,13,0.34709189608193985
8299270,6,0.3570130703850714
23234436,12,0.4111650504688352
37830512,5,0.37853328383610585
5403138,9,0.5572069403605212
37662869,10,0.6489004821874796
3586295,10,0.47312294133181176
35258750,4,0.5260243154864805
33713501,10,0.7074274336853248
24057239,2,0.4946822381459508
18478240,5,0.4330720372398799
35696980,2,0.5509250590168564
16022245,1,0.5414127357349476
2524998,8,0.403489034510596
35332978,13,0.739128255666832
16981303,3,0.39472775525595616
34662173,5,0.34685805635728284
37471079,11,0.3612491765636656
6162823,12,0.5484270237535035
36163949,13,0.2969407859903416
15378537,2,0.29565992667124635
38708729,2,0.4152284023389118
16110968,2,0.7467717514443976
27772934,4,0.17998271882086736
21784116,2,0.35099344085188067
11824137,2,0.3987766217472721
22899536,0,0.5812863010207449
34322896,0,0.32284974982400283
20444155,8,0.2388330093383868
15541418,7,0.2831347999885926
39776675,10,0.7550896104922744
37019240,13,0.7428052910032804
12559778,6,0.5045568273221346
12658224,0,0.423796014659065
30380551,8,0.4102137489258566
39214277,7,0.5203672363434982
29973598,6,0.2861142606810588
26642433,9,0.8960611840348925
36152287,7,0.63713084528746
4098197,5,0.5929303630987999
36894878,6,0.5273465901980385
11059203,5,0.3782644200004615
39792641,5,0.13541641451226671
1364583,0,0.3014159674292931
6912867,10,0.7400672472181149
12289861,7,0.3039293677735478
2743070,9,0.627050579010215
19715854,7,0.4761659353154077
26352833,3,0.48920051639368317
15638468,2,0.41275490713638574
18117748,5,0.5994775990577228
18324753,7,0.2528133286789048
26762053,2,0.604282496519177
18915481,13,0.4927530406096999
21285022,10,0.7211439790171934
1720743,11,0.7649916699455411
37579590,4,0.4939010485859833
6322158,5,0.44370539790318797
36091759,7,0.2603943422772941
36764709,7,0.7110851898718126
8590813,3,0.5149333124736752
8904271,9,0.4573808384165933
13209539,7,0.5477972264858167
32877873,0,0.5250861964351087
1325568,3,0.41295414414607085
35287254,7,0.558833759754119
34957004,3,0.4220030263066621
34064104,3,0.23492191274976043
38808452,10,0.8371187216412014
14006028,2,0.7886827056927044
26683509,0,0.7348896647766179
34755256,10,0.3912777549576556
20136274,2,0.45804633490771657
13111025,4,0.6140736189263986
18838328,3,0.5283719195391821
27284196,10,0.4531860609684339
27990497,4,0.70428221627163
18581174,0,0.3056228548658008
33929929,13,0.6619887122755097
37289559,6,0.3712692121631366
18883222,13,0.7008875076739554
19441031,7,0.3302157109392
30293680,1,0.28044948263174674
29300175,11,0.3133176248540336
550804,3,0.3751529381477902
19228711,10,0.30844131222960036
38361224,12,0.3791297215660746
4476354,10,0.2546139959847257
19961071,9,0.6423126699930969
39408038,4,0.48907048182421614
25663653,10,0.32094129730430115
23378498,2,0.6702189231767343
33442872,2,0.36819664462234136
5772148,12,0.31661393902309687
29641616,13,0.346527261966158
17039151,0,0.2554531690429522
32239077,0,0.7418604217276024
17088224,0,0.22758138583052903
10011302,12,0.23529687076883662
34576409,7,0.3321800777148254
8934530,1,0.7949710962235913
5234944,3,0.33905668604164174
19545979,1,0.41281987875047976
15881439,10,0.4499600165398578
30746167,9,0.3321973943925538
25429219,3,0.27177415951523237
27827503,11,0.415248763424455
16820635,3,0.32028789974815736
8674426,4,0.24165280693824956
20602488,0,0.8649247824992253
35825289,2,0.7677274435172423
36034926,5,0.499080349091673
28594000,6,0.5472730705802995
31577926,2,0.6808976512164093
33303952,6,0.7558035278481912
21366021,7,0.3991862218376188
25028105,3,0.4068147715216855
27973941,9,0.33702873072606265
30492313,13,0.5945572269654879
6335906,10,0.47812391910376345
14779216,10,0.38311849474731535
10599347,3,0.3813436148032937
19915264,9,0.3938229211388954
20341650,7,0.6133456096728349
22244837,7,0.4103529711484692
36612981,7,0.27652762940625175
29997186,12,0.667374837201159
4782028,1,0.5850262805926976
36068943,9,0.8869432833161339
34856717,4,0.3701262341811324
7389109,0,0.19191077124028266
29591313,1,0.47236630180644545
10860774,7,0.7476817279225783
25543741,5,0.36823118398625804
35997393,1,0.24654503898640356
35871625,3,0.3965893376969435
32731554,7,0.23225775052840228
32821143,9,0.7773700086354693
16705670,12,0.5507151552681439
28128514,6,0.3375804911209653
17887503,9,0.4667920556101246
35692719,10,0.23267446873475037
21282039,5,0.2944424161672901
38528332,4,0.3746774155309379
36725130,12,0.3103688645224369
35998123,5,0.40509241933221435
4065085,7,0.3776707948540203
14355642,7,0.42174047354235344
33067867,0,0.38781508857733865
26741204,4,0.6418888582692224
8158536,6,0.6325802155487603
39580929,5,0.44388751728228826
26711396,13,0.6446889818055026
26936345,4,0.3589151799315497
26295092,3,0.42978142956352433
14924795,10,0.42588050892536555
23355661,3,0.2754752443503199
17398040,6,0.27840559511054247
35423366,13,0.5689120077034897
8764895,11,0.7106347503375436
20600527,6,0.36655935418019936
14609467,5,0.5988587505762615
34574351,13,0.4639408468302165
21309172,5,0.4747394880768109
21713148,5,0.3281551953743707
28522671,8,0.7845775012102096
13440956,13,0.5173609342724482
34216141,3,0.5978473262699507
29363697,3,0.667270187751034
31806428,5,0.30481493858607384
35407893,2,0.5609587981265153
21370722,7,0.30551082187569506
36923265,10,0.36317404093943584
37242036,5,0.24855440873967757
35628640,4,0.7027857674394785
11387439,7,0.7327212499198102
11580789,11,0.3984481771899697
9937781,9,0.7370938597470692
36425234,4,0.4984031519890863
23103370,4,0.3715922389046359
13703295,1,0.46800088576797866
29796140,1,0.33169603875781833
13711187,7,0.4196507134949432
31468597,1,0.5583954203252401
26949091,12,0.42107624168913016
18064914,13,0.5606916315259933
32033557,13,0.22680932206826998
38877102,13,0.315893274150485
17220997,10,0.4206148135739297
37661073,4,0.8137511629425057
11280464,10,0.42233879604285635
34315152,5,0.4740852508428407
11298909,13,0.6611314215915807
29489717,6,0.389689204791078
14898089,5,0.35903887307759147
26321618,4,0.6301089128278445
39029632,13,0.6222971014281563
22557758,0,0.3231235185914038
6165819,13,0.261635582201658
5891359,10,0.5380755959537259
30264461,5,0.5166376946140412
23420021,11,0.47744993275203335
5812318,12,0.5976603997241187
902039,10,0.6520974237461687
14532634,10,0.22399821746673296
21392956,9,0.676615269040181
21699022,13,0.3114533882738657
20262687,3,0.4190900704717167
14184623,12,0.46877707331532154
10110295,1,0.5016782735664376
39366291,9,0.6021064613335384
18245975,13,0.450287987942901
22876655,1,0.24664115728705988
25856475,12,0.45736829114704675
21175922,5,0.28098440375180916
8063012,10,0.33460346219182385
36738309,11,0.2914549002069153
31388828,10,0.3402302474556762
39626338,5,0.4081281876169045
30405420,3,0.4176775689814597
30067180,10,0.4273272355350593
9914393,10,0.4245515943052939
15442717,10,0.5540167430092339
1181233,10,0.564372344571676
29775539,3,0.4440860705773335
6649990,2,0.7208960702620495
29794853,12,0.46466265790533795
14850960,1,0.3458262728521176
33665542,13,0.26899599821766684
26527493,2,0.48749295249194236
28759361,8,0.45352626028706106
36386761,6,0.6806385341195075
144218,0,0.22406235773794844
33335937,10,0.5002408414017863
12894154,2,0.7369133918460029
18131839,1,0.39068763716023863
2591580,10,0.53348510591433
35356198,12,0.2335718550392961
26106833,7,0.5129915462214452
22331396,10,0.4200891914885314
29590189,7,0.9098933195402457
38906797,10,0.36897714091377626
23935029,6,0.43123671144220904
26822873,6,0.81150605437694
31348238,2,0.5418961942437165
1554673,10,0.7068907437162054
17252024,12,0.2882184552058113
32325075,6,0.32610284607178913
10368153,9,0.45888491848836316
37432161,1,0.3399253654810759
30636248,9,0.9343051723434079
21153407,11,0.9311962806623292
39355483,4,0.20498158324765214
22135108,0,0.33068820324354176
22179718,3,0.6371041855922038
1672113,9,0.6836591511563294
32705280,7,0.6706467435474536
23210644,5,0.6913883842940922
14199168,4,0.5864392521790317
29972991,8,0.2810342223760205
31878409,11,0.33358083385408005
26166248,10,0.5446508460813838
19604825,9,0.5096312610563671
19544545,1,0.7220611024771358
26441236,6,0.24694023292535944
21528899,0,0.5806328283535224
18692818,2,0.40532516971204813
25407738,1,0.23835303837815097
31644677,0,0.5589120575915925
27651993,2,0.46898049683832904
12182744,7,0.5377700525858622
33914593,9,0.5417298436137343
30754926,4,0.8967185635098555
18428457,7,0.6122917769301663
36210157,1,0.7033052759997269
34706485,4,0.32903996767244614
36163147,2,0.8032166833201869
28951256,3,0.3257881164340477
18472826,2,0.5650116698398993
10818445,7,0.322109741822182
13143218,11,0.3423962088457117
26887558,11,0.5363100051446499
20456759,11,0.47446905716700244
30354380,0,0.6387293874503404
33314704,12,0.6372766684936464
4106332,10,0.28746311198725766
39450903,4,0.5894929360646065
37659066,10,0.32448541298176137
18615022,2,0.6125048834828873
36014646,10,0.6485935730896835
19376994,10,0.6842338307013757
27000754,7,0.34776872285081306
37454726,2,0.38168318092917397
13754880,5,0.2450925317030415
34005062,2,0.7651588249939083
39976348,4,0.6728533593101759
9515559,3,0.5182045575495426
26188763,0,0.315886271652405
39050676,9,0.701538119521695
19132927,8,0.39994480752125106
23531110,5,0.29701185274228403
24785657,10,0.38440508379486865
18502197,12,0.7295265661808118
32868911,2,0.5366753404192438
22263679,12,0.49243072317018105
5415199,2,0.9062671106043112
19414060,7,0.41769667065576643
2680619,1,0.36136883593920194
22816409,1,0.5117295088460685
27981595,10,0.3560483561511213
31436023,8,0.5279275285276017
31605888,9,0.8466090967218354
38903443,7,0.5732235437634075
26440574,6,0.4295922971745354
13179917,10,0.27123945810276107
27715429,10,0.8184669816489364
31911465,2,0.49085736268650165
36789493,5,0.5121153548773004
21367320,5,0.34753070078641074
26002936,10,0.8125355773699797
28082017,10,0.45780930691539334
29467807,10,0.5589897649777587
7680343,11,0.3748807038741159
12945387,7,0.3011330561329105
30270899,11,0.28457400447879955
27999685,5,0.24463295672571395
22488693,2,0.5023981745026707
35685146,9,0.4233389723625176
30331943,0,0.35510913320093607
37232804,6,0.45353029772468173
19012948,10,0.31959089807219215
22716035,2,0.3894354286995711
11959434,7,0.5483731862818441
37644773,5,0.4094021083088561
31655788,0,0.4555969475333334
18166360,1,0.3849811046013078
4698755,12,0.28531297246076043
38164191,9,0.7546024295786594
28599012,8,0.7166140292555027
31693683,6,0.3672520363603921
11462235,9,0.671546190866093
28634422,7,0.5212227935637552
19791208,3,0.6402444383078292
36967011,3,0.6985563029165704
13703724,2,0.6904969508237553
14633290,2,0.3473869494455277
23055860,10,0.2964102710871995
21848033,6,0.3172639464482236
30202445,0,0.42858176938007575
37058194,5,0.18061163429848856
29836948,5,0.1822757659429253
12868559,0,0.4737798068618876
23199042,3,0.6326498241116858
33804118,13,0.8042206887956392
14398868,0,0.2814539521476442
37530500,2,0.7922597475495738
28975467,2,0.42417069445441696
18312886,9,0.5049220370785534
35228991,5,0.6110659724367438
14828945,0,0.23897186632517564
4163740,2,0.31987721466238744
33597066,3,0.27256656419060254
37310695,3,0.4553649759836792
21649113,6,0.9411378486642423
29597831,1,0.6722589958536503
34818228,12,0.5695097603956057
36289259,7,0.39262556536734927
35922675,11,0.4346886524924817
32855029,3,0.5026426636349731
19670697,5,0.2449079840590632
8979031,3,0.3644844074776833
1151207,6,0.3067351303901416
38358521,5,0.5790318661923555
24062013,6,0.2295887965523881
21310797,10,0.4658249257900308
40063530,11,0.32304385284003984
7074051,9,0.3634438678221465
31353423,5,0.37676802710869617
30998543,6,0.3199921615886805
36607953,13,0.6633328120490144
33984132,2,0.43792415809085883
5972506,6,0.34789845119412055
11636162,0,0.8755256862630085
35135979,11,0.3282636821643052
16575250,0,0.5412056391683169
21189294,9,0.4125963957388723
27851087,5,0.37673933470372184
31501806,7,0.34565766597713515
26941785,11,0.34547956583547784
19295832,3,0.4497095806679769
4922623,7,0.5051756761732643
22752467,0,0.36061051600182514
26328818,6,0.9346142423935341
17858553,2,0.45113365538765515
38876429,12,0.4163787598436468
29070176,2,0.20080665594981278
23343709,9,0.36481262480031434
26224484,10,0.5077034376924459
9270931,1,0.6316254049314862
33335291,12,0.5919077856150411
32894378,4,0.69923047917007
27885855,10,0.5076252787957404
22869719,3,0.3357346109835058
22522330,11,0.3021070744614946
28614911,11,0.3379965498363463
34936193,7,0.3200720130179002
34447789,4,0.4001827453719769
32422279,13,0.43447652386079477
34897280,7,0.3591711819173796
32838397,7,0.6565473874841291
10455538,7,0.45364008699916253
32170913,5,0.6265048951697384
23759873,7,0.23622676438258805
7274521,0,0.5030412544153722
7881110,11,0.2616939101875017
27789298,8,0.3243739655704284
30289289,3,0.2904377484584537
21542301,9,0.7135866210894733
5903501,5,0.8820746224501252
25469869,6,0.5394140972421749
22699808,7,0.9401105765422808
3651339,5,0.2294689795400921
32427207,3,0.2851765600316524
36504073,13,0.8676412333869368
28178477,1,0.2061140280918663
37550934,3,0.27222033218142605
36066054,9,0.8715082582802721
4513937,7,0.2698336004087952
37493102,2,0.46737312318473667
23716734,0,0.3169321788963624
29965571,5,0.32917417198484883
16883360,12,0.3089671652577673
23006023,6,0.6693579495429797
25839183,11,0.5901810667180264
28646271,5,0.40408768941680245
24509307,6,0.8622275414447503
9375878,8,0.36895739778842696
20098319,2,0.36382159172629197
34525277,2,0.4465248791079893
31231115,8,0.6922817628829581
39346549,12,0.29190394670408576
4131546,10,0.41569889674753474
28521142,5,0.36403159318862593
27434153,0,0.45711929582824634
20391489,3,0.3031127817536282
35550913,7,0.349942245130713
25492346,7,0.5343429594095953
20441762,2,0.6580357703450302
31449291,7,0.6919729448905311
26923433,2,0.47497376950515036
27000546,9,0.6284845438123811
32376579,6,0.3359823626898583
27289344,12,0.4335990152160714
29704164,11,0.28162029144943335
21607965,9,0.5907915591242736
39297328,10,0.4013236361365206
34687818,7,0.49663572596179717
20462833,0,0.287382174956572
39843230,11,0.36433453795323767
16500798,3,0.6981255740001236
12065019,8,0.4645902478036246
35179953,7,0.625363626221146
32231896,13,0.29788817208517504
4785918,11,0.38589723221328104
32975638,7,0.26672987808008103
29222034,5,0.4710300376230423
23311483,2,0.5268622281238219
19121894,11,0.41792479104527364
34601505,4,0.662344397915685
12880324,0,0.6331874139754324
35353771,6,0.37386841952075284
18157259,7,0.5854409520456302
26921854,0,0.4347877841529664
6854662,2,0.5477749272125986
37913101,10,0.404246620099326
40038519,6,0.4879944728484145
16121686,0,0.5041532886972043
37111118,2,0.6827682530851112
27195594,6,0.2880197698964238
37521814,5,0.28367783692878756
6895205,3,0.3233597581244219
27414913,7,0.49147979354759247
6849582,3,0.21038865160337863
37685459,6,0.6428788268673216
5046845,7,0.44068597007863763
31268914,12,0.39276357580170684
21512572,10,0.32724103310463326
21721545,2,0.20441212856564944
17571349,0,0.5554297719578686
22676327,10,0.43283838421179527
22488553,12,0.2569181054395591
1490429,10,0.7877870709733297
27391292,13,0.4171258282188746
19646627,4,0.502608462401944
16678500,5,0.38695737255592594
35944841,0,0.18862962872602615
23140799,5,0.5289297116621339
31088263,3,0.4334147453274053
29785941,3,0.35994306122089204
28399233,1,0.35846546711129373
26246233,11,0.5306673076080851
9174234,12,0.4021424201885499
6466628,2,0.9631525091623159
30703988,10,0.3728137886110152
27237072,7,0.667314460419351
23160476,5,0.369555427784989
23522539,11,0.35628571613843335
34180827,9,0.49069110749452866
27915151,9,0.826749170821487
39314024,10,0.43304856696870636
38988705,3,0.2954513382044938
900420,1,0.3280670195542992
27587108,6,0.7928468058374891
38685620,10,0.3329122696043206
37560990,11,0.4544805421577657
27957831,2,0.2899762969146442
36892829,3,0.20476414406066254
6713463,7,0.3861550413492218
5180521,4,0.25904710042582646
35374933,6,0.7851740577946708
23288447,7,0.7831187268865025
4226824,3,0.37046588067249364
3247183,9,0.2666042058982348
32905668,5,0.4138929831721106
9312082,5,0.3335119848975045
20018092,10,0.8132787700900248
35141092,10,0.44442532519727435
39370510,2,0.48050558348853
31192752,1,0.3087437289962489
36582696,13,0.23713763067984822
34015615,9,0.6534248700648163
39018998,11,0.6474856604671084
34048210,7,0.39332157150595976
2900362,7,0.3122127712468163
1999412,11,0.40953239010556064
1080920,9,0.28579148820663897
2863406,3,0.5686839043587324
18439316,0,0.45395719629741094
20887555,10,0.261177694041372
15398865,13,0.4383661724943003
15169015,0,0.308486013883192
28814603,12,0.4604698244137803
35630020,6,0.7034013953187555
29545547,2,0.6212863926203136
11380380,2,0.27318181150957677
23640624,10,0.29749672909596203
39491918,3,0.3651209325450001
28015865,2,0.4995945046335041
34427715,13,0.6497427769230079
28256804,10,0.6927213044466242
5068100,7,0.45571257742935917
36802811,5,0.4196556941720355
36661682,0,0.43978470790670343
30610885,1,0.5034211952003791
39987071,13,0.6704645254630126
37956517,7,0.3949145366671726
35795089,9,0.19940683550257632
16746685,9,0.2983508645066347
26954694,2,0.8286317132267963
30668106,7,0.34000448058387256
36164170,6,0.27916037077461886
28277137,4,0.3656286805418975
14888843,2,0.449392749852603
32872828,0,0.35438486661732155
6681243,6,0.4490712538001188
4735732,1,0.4253458556876655
32852208,0,0.24926350908398268
28513480,0,0.5904526425838079
17944235,0,0.3903632185974764
29096898,4,0.7047749966459953
35351203,4,0.5452097980006994
20638999,6,0.6231165182092117
24764431,0,0.39471342870152065
37200386,1,0.4611233886764069
10773010,13,0.9673322643911216
20012919,3,0.48208656712714226
37646631,1,0.31432912346749714
38013618,4,0.8186632856635097
10044903,11,0.8483263574244171
9283606,1,0.3435178537405759
33384112,12,0.2852824988764822
27038061,11,0.42013016995090574
2102294,2,0.32275035667338925
37231619,6,0.6870010794993188
4717751,5,0.25659545694358843
29061751,1,0.3925460224872801
19002235,13,0.31714234053890616
36655901,4,0.5870445077510683
12888655,10,0.4047169989353994
3746672,9,0.4232170262120291
25317270,11,0.33919346025088265
31108850,5,0.3007332779950044
19256155,12,0.282455831394874
35324657,0,0.3952399116519406
35778136,13,0.6259837979032269
5551286,8,0.6193955586959872
38073332,5,0.44756270694182393
2102216,7,0.4477395351381674
19236833,9,0.4204700962308434
4560554,13,0.38813200532279457
15761528,13,0.3080266278471986
29690535,3,0.5653846869755799
37901186,13,0.561616093586029
9484232,11,0.40685426032421224
34117072,1,0.21896447818355375
4919681,9,0.4821933063737032
1489041,2,0.6225085145625116
23641871,2,0.5932330656962298
35032792,3,0.8027557185014975
35261895,13,0.3714707819753723
11216894,6,0.4960569277636843
38895856,4,0.6679779901056401
19804129,7,0.5856048674355376
24811286,10,0.6496324227809096
39901860,7,0.6278023992573153
31924543,3,0.32793144449782724
39663469,10,0.34764579933157613
37045399,11,0.3918155119838862
20710532,6,0.5034469528618636
11251257,7,0.4630118078609116
32350505,13,0.5371360259697655
15374291,0,0.22696522492071014
28267870,5,0.3571590460835378
19728908,8,0.30774532015493106
22466821,0,0.27701553006067525
31984914,6,0.5439968307495897
39086029,13,0.9208044996638447
21586655,9,0.42549127920641566
38622500,13,0.25958232264117304
11715227,5,0.2477183214002471
32577351,6,0.32222882459026947
8957429,12,0.4470552595031373
17309453,12,0.2969238506400292
21527770,8,0.5244216623141997
20365878,12,0.565111151599104
18240549,2,0.5212679807932618
36286333,7,0.5336917550250617
34674558,13,0.523893674473771
25927578,2,0.3894147963404111
22041231,11,0.529973187915575
38269658,11,0.6551411096375345
31385175,2,0.384633260897962
39964995,5,0.31190349892833785
8820451,0,0.2568060922222006
10526847,7,0.3777792629029252
4695337,4,0.3909814191498567
5474624,7,0.5100176349733078
33944914,7,0.2373836850035776
33795241,7,0.8704665101426357
12391092,7,0.44460274886565293
27291870,4,0.5705048593669851
22796024,1,0.3696971611614107
34367353,12,0.4836571172420278
60680,10,0.8062328812666585
31917430,7,0.7887434807253925
24330068,2,0.8262555146477661
13077939,9,0.35626655427189685
38509208,2,0.5323288843282585
33060192,13,0.6907624611004838
9917334,3,0.4659542272101641
5097005,10,0.5145551516570319
25705707,9,0.5247570631843876
29171937,11,0.40145751158489695
10554276,10,0.4397296525995856
20329927,8,0.9503890623431689
37355662,6,0.6389167893260572
32217242,4,0.42288876420136084
30751547,13,0.5169778036668301
30838820,11,0.5245247552458402
39406836,10,0.7448298960306535
1071277,2,0.39761833111729183
39003251,3,0.4564088179760198
30107606,9,0.6622301214313409
2345331,5,0.46073133963979696
8223137,11,0.297099435463376
4922926,7,0.6444565044496008
13900946,12,0.29014801454644923
11124121,7,0.3134178345922483
2553672,10,0.7053031018158045
21731133,5,0.41995215800229013
37266221,6,0.6749933925630118
28640971,11,0.5015149362149423
5824859,6,0.4103674109126927
11726866,8,0.7017588890023126
9041958,13,0.40255585316644377
15724672,11,0.44821489417219545
29687761,7,0.7792278616859265
34197936,13,0.3727912667052935
5452931,2,0.2924237112161474
10095299,0,0.3046720936894828
37837311,5,0.4350888368697364
3068839,3,0.2509312025426856
39313273,5,0.2914538190456142
15409132,5,0.3032217928581858
25277433,7,0.6669594367284118
18135547,9,0.33600137629057136
38385558,13,0.2987122342462431
21478132,7,0.42649530273484737
16451509,6,0.411922899800196
34059399,13,0.5635268621276002
30634243,7,0.8420612158225059
35087630,7,0.44363188494176753
14283086,7,0.3482598572132476
2405936,7,0.43929853506924715
21147095,0,0.272667865354193
10121485,2,0.7271688158640405
17596250,7,0.4423575520479554
35661474,4,0.8908869093665351
38686206,10,0.2650887474529947
15555968,12,0.51468776177406
4010507,2,0.5290595622778815
23451359,10,0.21104890876676294
3463698,2,0.8480271019831407
9118322,12,0.40943686732990886
27518446,1,0.5417483038524793
37783991,10,0.6179312559905078
11005233,7,0.5312844843924078
1423214,3,0.6059274609097155
37681840,7,0.30040243474211475
24727929,10,0.5316212927831816
2397324,2,0.39400028628590283
21188579,3,0.2568215347265528
32554641,5,0.3026485915419444
31236247,6,0.7435943618604521
7258245,10,0.3447438996771463
39121709,4,0.5807006882785628
30897250,5,0.8090883520465468
37773037,12,0.4469130115415262
1049320,10,0.2573405455382254
13504424,5,0.3639325997879079
29847535,10,0.38262964694620305
24621792,12,0.4778274294935194
1042451,3,0.3436003917286955
28948385,2,0.5420274485713853
36265049,0,0.683660736259967
24947418,3,0.40914194894901945
31264735,5,0.3188740217196352
20037426,10,0.5672078824501045
15272637,2,0.4831267062013325
40024017,9,0.49778953073920146
39174657,5,0.5376840467634936
35919242,2,0.5851956344171696
19550326,7,0.37576441024780827
33476755,3,0.4386449789635554
38788066,0,0.2746385360878231
28354550,0,0.6802326884958797
25619945,10,0.3950874239007862
35570319,7,0.9870381227508884
23894138,2,0.47655159987399925
4877924,9,0.3178979682958415
28630249,8,0.6106605946546318
29928457,0,0.2715371508185526
38648328,10,0.570901834416345
18438934,9,0.6336588616427504
38790368,4,0.5055245325120922
33807424,11,0.26663267974015914
12448426,13,0.6769423765567313
23834765,4,0.5703106779591475
24801534,12,0.34349889501701736
10942236,11,0.6074696167671959
26853262,3,0.3130195014843482
22811382,11,0.3268577476894363
5409308,3,0.2926035363098861
23808918,10,0.2898020374589341
15635972,10,0.3231143075363998
36409596,8,0.788691766147565
24428091,4,0.43978941405010885
29406767,3,0.5025949060107868
352079,2,0.5394067319357215
14469685,10,0.5930065965041014
34789938,9,0.48186672001138164
30759381,7,0.39790407807213085
24370721,7,0.391606080475521
37677496,2,0.37215459901398
12062715,3,0.4755277801770809
27302424,11,0.4129342663956858
13658930,6,0.485291314901871
33928553,7,0.6616011917282035
11606091,7,0.46735865401521653
24099620,5,0.5804107284959654
30595908,0,0.363362579073422
16491594,9,0.37853871930651717
8288133,10,0.8295745752486958
35360816,0,0.22320446569870936
8695422,0,0.23265114403621884
23047450,0,0.5102698401382308
39400957,5,0.5022974819603759
34554347,11,0.6057408261322079
18858676,11,0.5995226448973316
9428419,7,0.5158814921921071
1098118,3,0.34742498742918
7279355,7,0.3216833923192252
25299624,0,0.7045139755028246
28679154,11,0.5021281729934233
12326117,9,0.30538412476532556
20302196,7,0.22985330117431627
18844894,10,0.48430905801770896
16821674,4,0.15796071544304513
34367078,10,0.3211821722258996
4924273,5,0.4523419177090327
28125565,13,0.4197717243702172
12108913,10,0.32705333279526333
1824735,0,0.43511663195838607
23144164,2,0.7342165647631016
36527407,9,0.49703979117610475
32802334,1,0.6112385067699359
18881741,8,0.9952203540144379
7834907,3,0.6440800543324674
26745536,10,0.6496294209333355
27042627,6,0.5458718206943058
17978073,5,0.35333982149420634
32213251,4,0.2928156761225681
7276232,7,0.5514634718265217
34063514,7,0.49958232790321916
15841024,7,0.3622757268895334
39652954,2,0.4845451566584504
5407647,10,0.3465235900589958
25917528,11,0.44927434866751903
23640588,0,0.2370199137983062
19216630,0,0.6378228200358703
2733660,10,0.5038285119309031
5127991,8,0.6084927537593257
39837732,0,0.2889321005420809
7660231,2,0.37844209739092083
22043658,9,0.5168549381738856
18905392,11,0.5502434532654015
32580489,1,0.3426523715035706
37768058,12,0.36550612315686476
39323817,5,0.29171496561325727
32394655,7,0.37760176005776147
34550005,9,0.41554942694322883
8027065,5,0.5198552441540647
6889640,10,0.9988561492619841
33135942,10,0.42749668094787374
3265232,11,0.4659479011077514
3448505,3,0.682923118005748
38309025,0,0.36776996997399947
23529312,3,0.5318188222741967
20112500,3,0.34388406692610785
18653004,7,0.378013524850779
24809425,7,0.4003347934333845
19315030,5,0.5177041217068105
21047524,12,0.4071313988569972
27662072,0,0.33491592469680226
36870792,5,0.31961927292640524
14225513,10,0.7598328932128218
28206600,5,0.3864271150404856
20741435,2,0.3709707214058526
32974691,1,0.6815077249593775
37716326,3,0.2798947946089864
13531247,9,0.16918761992301948
31192256,12,0.30252286192080485
32239228,3,0.2340297617592794
33027687,13,0.604822133812167
21542753,7,0.4270403381880562
5866475,7,0.3663931572828678
16976405,0,0.40219155639685683
34011154,5,0.31959814247389073
28622414,3,0.3413986777859156
37413144,3,0.22624637278019555
33245685,12,0.3121560003149179
863234,7,0.4143453345380185
23221747,6,0.3848430921780457
20037687,7,0.508090739082665
33371664,10,0.5125271770866007
18695990,6,0.4819566512119457
39131755,11,0.4159990549131332
10068419,13,0.6926587985358413
34344025,6,0.33303516246845954
39372150,5,0.31396746171762546
35282826,10,0.3327600805805326
25435656,11,0.499737670289703
24366775,4,0.5068410511631428
16728695,3,0.45240599476766385
34481205,12,0.3513348101868447
28066146,4,0.7705352602576505
6134933,8,0.31201097210941153
25839070,2,0.7867690884668234
11056821,9,0.2555877532962023
17875037,3,0.47908262004556235
21703142,0,0.3186014546898373
6978331,7,0.985487780009143
37191442,0,0.6397014166143551
2378110,0,0.36121798481258377
34788422,10,0.4435385493276037
35407514,6,0.3941090548547656
11832824,9,0.8824278039612392
26989736,9,0.5968205879618063
38860185,11,0.4749331242815914
15110685,1,0.5593811866979875
27100278,3,0.2797326663871172
37471934,2,0.4793045051028645
35101847,9,0.470609166044926
29839397,12,0.4095376557008382
30064894,13,0.5008325456789994
30681997,13,0.6240740715215285
791098,6,0.5691708760759361
17437025,9,0.2952661367736337
27558559,13,0.6493919927317375
34543830,6,0.6295771901681761
10446440,11,0.5496550466950173
9567326,5,0.36656209469738765
26598064,9,0.2615811016084516
19889821,13,0.28582676966507814
32879491,1,0.6808382760317425
37788567,5,0.48347114650278855
12406827,6,0.731495170721549
28794015,2,0.4711264774357899
26914900,11,0.5002227575905679
24650612,4,0.8656851065733832
5012560,11,0.16622790176574936
33959632,6,0.6107340346494601
39971597,7,0.37261254072932987
19373759,4,0.38763200267597436
5550145,11,0.4242803015950159
13936170,0,0.7194959955126073
22801307,7,0.29875247945129924
5882006,9,0.6614574235872517
18353203,11,0.38859376104888915
31518664,3,0.387737717441768
38600982,11,0.7812224134852467
19648648,1,0.6288055902799077
9384918,10,0.6682969386483534
22489425,3,0.4714538436942414
29463075,5,0.5085977529258174
33496350,11,0.7853064968603033
33772547,10,0.6826778043742802
31397170,10,0.5269282096707686
29322753,5,0.787736480773557
7900488,10,0.6266018764016591
22098390,5,0.30708272729714003
33190668,2,0.36875642434573513
36972604,5,0.8855193102120852
35464931,12,0.24217035098567688
22367854,0,0.4323412349130895
34451403,9,0.21434808502112906
19507010,3,0.2766544453219484
24024510,8,0.30114450519214203
35736598,6,0.5256562334459681
33242629,3,0.4599987025008274
33761087,10,0.6377137399209309
36574494,7,0.4493093160488415
23945949,5,0.22828852197301777
10428399,7,0.8247923892271064
27930732,4,0.824078586250208
35006623,4,0.14979655529409455
31467421,4,0.6822755788423559
19922370,0,0.2369563796959447
92928,0,0.4421776141094499
24557707,10,0.494550875408379
26326663,10,0.5055132866750136
24617100,3,0.28640060883159485
20990538,1,0.4802117881299811
33641756,1,0.4720964242579065
26933761,6,0.2803433460632357
22976596,2,0.4510082217788573
5756427,2,0.24880461232558979
3332494,10,0.2988439389392755
36388632,5,0.22333252326545178
26797025,8,0.5141026205773088
17968100,11,0.7491716548228085
34157247,6,0.4092678430259555
34071433,1,0.392702489847389
33071152,0,0.8275886947192136
37379492,7,0.23728708036349794
7339685,0,0.3654969003968386
14968560,9,0.6189069086113724
26757412,13,0.4943045243755944
37150065,5,0.29114493879447534
37851443,6,0.27000927315864526
25468014,10,0.4706640658858789
19513761,12,0.23183114428934168
14292349,9,0.8028889275393676
931699,7,0.37890756399107184
38983743,5,0.40963374930697943
33694940,13,0.938917005225073
7065761,2,0.46953192302342794
8497428,11,0.24821619747001106
17584973,2,0.35120807134187365
25779274,8,0.47513253740307615
12838111,5,0.3544947082723744
26620076,13,0.3411592709772726
28673564,2,0.44235469275259137
32970960,8,0.6745917553502043
13168374,1,0.38153659477925445
38405158,10,0.374670330005075
21071264,9,0.3355696378973295
34463263,3,0.5973137655279693
25585151,7,0.22728606997531262
35342769,8,0.2652181063341706
34896705,11,0.30637373918491295
35981030,2,0.8286517351771583
36546998,10,0.4354384862116411
19250247,3,0.4488573168501417
23360801,2,0.39108407403211515
34322778,2,0.3734650400303033
32084646,10,0.5102091856888796
37140143,3,0.4960300324776362
35228855,1,0.8715507820584614
32869518,1,0.6530804538402145
4239825,3,0.5306031138316064
1195911,2,0.7682714969371923
24524576,5,0.2865985530838331
35946442,4,0.37707280995269515
37422982,9,0.2721895009948478
5629745,0,0.45662158391147223
2825364,7,0.6359335051215146
40122639,10,0.5409243228345297
7076349,13,0.46936227315453993
21124976,0,0.6546065677417183
29443497,6,0.3700381422147597
17492512,3,0.45130127797727365
12527525,0,0.3337210987043465
36873924,8,0.7028299115197765
30921986,7,0.5192754178373125
8612391,7,0.5863709331508672
17931579,11,0.2679959961406498
4883270,9,0.836804214936787
26544888,10,0.6222132011426508
32974976,5,0.30922952038841417
31269974,7,0.5080512407770916
34597243,12,0.3934276443179669
27743043,13,0.6117706108108333
39143671,0,0.3739442100458759
39798306,2,0.6057132781229982
31341622,4,0.43311309884074894
14218992,5,0.4997010954250588
36827182,5,0.5076645378496074
12076259,8,0.5455080756228811
36707741,4,0.4792914582723673
39792325,6,0.42420417179932407
14673547,2,0.5064206338105479
25458468,6,0.48953953321873667
37006542,8,0.6116316847831551
18222933,6,0.4484943454128965
37403816,6,0.5411997649510781
37329448,13,0.5927497737104228
27317045,3,0.47689156708853964
10011035,7,0.5427119187546761
37213139,3,0.308752370566627
32365395,10,0.30585680626899736
32462757,10,0.27254828173926926
34377408,3,0.2885131767799768
25991081,2,0.6928519103692035
40028975,0,0.373771549596349
34417577,7,0.5850390509107578
5322860,9,0.7923477226175375
27449670,10,0.7009395140477114
17210650,6,0.192915527879895
122327,6,0.9062933920443276
36949105,7,0.294541441121361
30224418,0,0.662248233178017
22665215,1,0.68144301380382
15533680,10,0.27258600963616375
7864519,3,0.4766716215098342
22284430,12,0.5538274039009295
21119726,2,0.6818201520688468
17943523,10,0.5122791499626781
35456478,1,0.6769931892454186
24171075,8,0.37585124526002556
9304983,3,0.43466703511237786
11647805,2,0.3471860926868025
7778215,0,0.378706243324491
29757848,1,0.41035888643599594
37516575,6,0.622518765669771
30376266,13,0.7125249289042339
20749599,10,0.4080280696355793
26728001,2,0.28457142741845387
13351341,12,0.4482703868603049
11917944,3,0.3543657952837123
34925849,6,0.3585178305677196
28456089,7,0.38484098994210053
13014297,3,0.29897872223767086
16130154,2,0.40197634354749306
28271185,12,0.2400330694151951
33629782,7,0.8912216429484093
2360291,13,0.556732700672413
36870722,9,0.3675824782413204
38187330,11,0.6408619831704034
37040867,8,0.31140989625544857
39054328,0,0.32552393891737635
18040752,9,0.7264655712108681
25926957,5,0.7001495398343482
33106298,10,0.6690009736540904
27951295,4,0.4395378018675456
25702118,13,0.5547816246923604
35121538,0,0.3556825262515879
35304024,1,0.562012660459653
34571352,9,0.44194427946616227
35833520,11,0.5158836814392566
19877306,5,0.36371505973885526
29391630,6,0.6651744995469968
15732491,8,0.6916168998703494
20228649,0,0.6188504485822222
16749659,7,0.9434487225556837
9637892,7,0.2967418055449953
21059929,9,0.4180400025015291
32171909,0,0.7405155484857241
31108022,0,0.26560401110582227
22054978,4,0.6050340338822731
14056723,3,0.4437509837072931
33093213,13,0.7875904312058434
11922857,6,0.2957739704687699
24554376,11,0.4742153429689466
38437189,4,0.7170154860176616
26744155,0,0.8559737705039054
25747362,11,0.5836334696049542
13502623,7,0.4707583889016679
21987701,9,0.8896485358200367
25241970,10,0.28650397060447685
814227,10,0.2662435831292562
36867567,7,0.4527740265798035
23679431,11,0.5150031775119477
1163113,2,0.7454024842665788
25519354,0,0.25172848703035017
29292831,8,0.37878284891749864
30643229,11,0.6282957752533463
24125945,3,0.39491968508674713
36783579,0,0.49563187732852504
22991226,8,0.49436658246457477
21436618,10,0.2896077172383035
16396686,11,0.6946099241646744
39128086,13,0.3123007852722519
6795330,13,0.35483803089042015
18238184,7,0.36853875675368863
34258650,4,0.3962851544736899
38712462,10,0.42027720081919284
33571511,3,0.361157226650306
30356812,9,0.817591863511651
18557390,0,0.43573135057616263
24314801,11,0.287870728297103
29784774,7,0.37857362633378056
40010438,8,0.5557787005812804
21899416,7,0.5922537465263884
31395766,10,0.41988498693767257
24815943,7,0.3984592864188741
32157306,0,0.27238804167359343
34471068,3,0.5183528541578418
16192502,5,0.30740147686056574
40129428,4,0.8149619751419216
33616747,7,0.4811424913744998
39322708,2,0.45906196082046735
25021271,4,0.4390403001355721
25018102,3,0.20141528210301
18679108,10,0.2637516077080027
20329628,0,0.47600741031405985
39407674,0,0.4741230690277456
37102408,1,0.3404414395515691
18118622,7,0.4039460472679532
14219058,0,0.24378828648646833
33683603,0,0.2644344467612753
34275053,9,0.20021130085197902
31547932,11,0.7182263183826287
5832143,2,0.31304096622483124
20473137,7,0.28099347704972677
3309878,11,0.2180540032943647
33770844,3,0.7141276919485998
10647165,6,0.4715579825767395
16070160,7,0.471422718023056
24283958,5,0.43744262132273465
25128994,7,0.3707531069242423
39615520,4,0.6588652434789367
34128777,4,0.9211419637586408
22850140,12,0.7843590840511719
3737900,12,0.5504005651342371
30082330,10,0.28591624289289697
33007626,13,0.6661633034459928
6154409,10,0.6626206998639526
39892605,5,0.6905453280024292
15737245,2,0.6121124757703671
33621935,1,0.5298965310494912
17985774,1,0.37925613146006276
16901130,6,0.5347407909294971
9251040,10,0.5786100529579912
21924275,13,0.8098677754935002
22912351,3,0.5444361013151562
35663705,13,0.8886930497675914
32054046,10,0.4384472693835163
30041484,3,0.44332553132995917
6048576,9,0.262811572030398
37771263,13,0.7024133770891813
8083263,13,0.6336149676611597
39698432,11,0.4842916559211919
319426,9,0.7143817470540426
38052930,11,0.4486512495498984
33986784,3,0.41827235158136283
39598606,6,0.7253634253697491
34229140,7,0.4587057095979529
31670575,0,0.31924331170768705
17389011,0,0.4004352131828474
30669492,5,0.6605196555811151
22785193,4,0.6155650920585268
24044330,2,0.2361422653350946
38182258,5,0.5578269497520918
24590022,10,0.2980926994883499
4263001,2,0.35943416001946366
30175285,5,0.7080625267650236
26255530,6,0.34108095268526034
21456078,11,0.2584321436907057
8870261,1,0.44227253792407334
33072866,2,0.5112330052272615
15951448,13,0.250275143861572
36455382,1,0.3858836540867059
35830915,2,0.4041725997530125
24434690,9,0.7202331548818001
34730452,7,0.7049549845092103
23685092,6,0.3802249003989244
33193180,0,0.30869917483584863
18989291,10,0.6671410581176058
31999669,3,0.38396841089395084
14743127,13,0.41012036922968226
20431640,9,0.7419448279609734
36359869,10,0.4170888080033003
24960814,3,0.6524207996499487
7063743,7,0.20487860302548447
32025676,7,0.45010017658674617
39018232,8,0.6948427903916258
29659497,12,0.37441975071470096
20931571,2,0.5118902597227739
26266464,9,0.3023580023639651
31304007,13,0.5155863096490528
34006658,3,0.5891302715436223
38554640,4,0.407342733090834
29975588,3,0.5739882644652273
22018652,7,0.553159088776029
28992000,0,0.3776095623936711
37967949,7,0.40144924895573425
10979534,7,0.4247921909248725
37317140,0,0.27647704533811807
26695506,9,0.3473619155563245
4007289,6,0.38400648202687315
31663578,10,0.4395841039290128
959479,10,0.413203601417241
32596431,3,0.5182877531040777
3274334,3,0.5392405218810503
33345482,13,0.5011319276954067
19566419,7,0.9999999999885545
15889817,7,0.2894817037270916
28628836,6,0.5987618280432718
18920010,4,0.4984029713986681
36959580,5,0.23912466773121419
30828030,11,0.514387779933345
16616728,10,0.27431847037149193
26761963,3,0.38417866660352495
26433682,12,0.2683493791600812
32758479,5,0.37775033792401985
30025824,5,0.39334273756272625
37664850,12,0.4907494920978194
28045238,13,0.5937339168686069
17757350,13,0.9867496755005664
36564059,6,0.26789336960066706
37732180,10,0.2889564284099864
39002849,13,0.2792488639622944
7619109,8,0.26670511839678784
33707300,13,0.24185706861250605
16234975,7,0.8022898765414636
38223910,0,0.4030025632988987
11667171,2,0.5841702989938956
24789782,9,0.7691059776446248
33203655,11,0.641713848301713
32807745,11,0.3679493533172695
25182685,13,0.2554404893952589
37761173,5,0.6406001579963455
19479934,9,0.5687138057738673
34610959,3,0.38066473767687437
6194659,13,0.41545851320340943
38836312,0,0.5071783174456924
20561808,10,0.30313113789209956
30100016,4,0.5830610132952686
29936563,4,0.6199823675095402
2352018,0,0.23603627290101123
33700328,6,0.8830705068648831
7553306,2,0.3529742915222603
22396761,13,0.510206748724917
752308,1,0.5550105960635627
9762301,0,0.34150038737551536
8583136,3,0.44138208766003706
39140679,10,0.4264976556711412
15033409,7,0.43837431471558
2671668,13,0.22563099208879886
33206356,11,0.42804205337872775
20905350,5,0.47346427099510613
35847419,2,0.5892258389141418
15978571,2,0.34841702491425
17894168,11,0.5581803142295303
19865347,8,0.5201210130800967
29066411,9,0.30059445414682834
36850514,3,0.28840149522767633
23004729,10,0.30058134244973633
36894678,7,0.7501036065266103
22785929,0,0.8083215053525977
36605866,7,0.3264354723340321
2090424,9,0.43702414409592416
37089933,6,0.7183458739143297
4651693,6,0.5925046346920685
20892096,2,0.4239350019738383
20649282,0,0.3715740815943664
30252258,2,0.47002473172317666
22939059,8,0.6996155135880102
32117340,8,0.7206140432940938
28725367,7,0.3647101719302547
28411806,0,0.38619098204809116
24588543,10,0.7950054416866058
7101126,7,0.5465055659531276
39028908,10,0.5948451047107521
20579740,5,0.4427456661055451
37043151,13,0.6357776765119525
36645668,6,0.510661439309939
27182350,10,0.3355431654765624
14186260,3,0.3190065111905022
3616721,12,0.5538802621303087
35073718,6,0.28320429617813825
37026745,7,0.36744092222163266
40079435,10,0.7938710069339182
18788878,7,0.694567487680922
1659380,10,0.34637697397221534
8946810,7,0.3874411353739356
22254253,4,0.3398804327051057
32895660,0,0.4749123890815704
15761059,2,0.2356650079405909
1203639,13,0.8600687596085291
17129393,12,0.30065908875263014
35084454,4,0.28869376395350727
31079649,3,0.5204917678502953
25157090,5,0.29714355306888784
15754208,3,0.36854001932131275
26793625,1,0.47102944964634846
15322171,9,0.7301305881303305
10539823,3,0.5597384731051903
31387113,4,0.5677877195749735
40120122,3,0.6587481726093783
30064191,5,0.3500050537545017
7960982,6,0.35488932312175664
34051702,5,0.5464985126955364
27243170,2,0.588001680323909
21827818,5,0.5262760440136149
9100909,6,0.622061600087763
3343768,12,0.2568941026884558
3976772,10,0.5387100937051942
4222595,0,0.3709282334627837
39715354,0,0.6841921027289445
4686241,7,0.841604690323285
17754152,6,0.5961718492532575
16620391,6,0.6663323309338476
32929952,9,0.46368458611278257
790960,0,0.4860393630060002
29039488,4,0.6612263451582332
34768129,2,0.43638030297663505
32860263,11,0.39334101958354284
4923509,9,0.9380881866614529
29419316,9,0.5865545079087964
26665799,12,0.5905715021444681
14982912,5,0.36242896939699626
22925096,6,0.43043669036628185
34849733,1,0.3139377911773695
17389388,3,0.41155444650651524
16039092,8,0.6222567853162652
39634736,5,0.509018085285688
32929318,4,0.30277501800766793
28405899,3,0.2921503421406806
5174770,11,0.3583052471061455
18181322,4,0.24127378460955884
26666511,10,0.7754022574951458
7829188,1,0.4073894661732281
1043382,9,0.6639199728299825
23012623,13,0.713869193082617
7894261,7,0.5142089979886756
18504753,0,0.2380134046527408
37902450,10,0.6754623938498436
35704716,13,0.5223862053715564
2402694,10,0.48807635374703584
33826600,13,0.2336600661307023
9120765,13,0.43262186701101013
34316403,13,0.4416341965905266
36772434,13,0.6563763152069227
25465264,1,0.5356376080235188
38041609,3,0.4765669738158091
20042717,3,0.25387857175975626
33725345,7,0.6840116974804822
39753281,10,0.44492297496710576
29149805,5,0.3888389709994032
38070435,0,0.5523726379713757
17797489,0,0.3261601024553876
15450661,10,0.3055593233369901
3676628,9,0.6728901864942037
12825140,9,0.3373205888317558
39829578,7,0.34607222242045205
26445760,0,0.631615771380689
11856013,2,0.42772623479321975
33133964,9,0.6579489440005293
3177057,10,0.32919455662437197
37693497,1,0.37851888081113466
24381482,6,0.929401924138252
35082076,2,0.5002088785166363
36731365,4,0.4684596230145189
27434593,2,0.5311640408371698
26327189,1,0.3894108978894313
35852579,10,0.2773840209706342
29094291,4,0.7597362452388291
27531620,2,0.583532786032286
14448447,7,0.5559091298350692
23713434,6,0.550176699124822
12265695,7,0.393380018391297
20073240,1,0.3417922221769291
13151785,12,0.6311070801104344
18137614,0,0.5649768046774571
17117912,1,0.4794318858731617
34626618,9,0.6457161642073952
32808410,13,0.3171083652946759
27407430,11,0.549525676169771
17625438,7,0.6929388512601586
16561754,9,0.6547759913437375
26284205,7,0.6780665828824572
542596,9,0.39567462634872064
33363207,3,0.6384037640231137
28552998,0,0.7988260057130614
23591507,3,0.37141927454073537
32865597,6,0.6444251867346725
4795772,7,0.466545035959882
5081610,10,0.7296482115786497
26441740,2,0.37039491780417794
35311343,2,0.3542753746052226
24122568,10,0.5759550921818957
36513625,5,0.36245828548196796
31950550,5,0.6336034978789836
258296,2,0.6813222461843432
25991666,8,0.600771859383575
29489107,5,0.3224795733000365
27352907,8,0.5416204637892417
18842779,9,0.5898156660939748
28161862,5,0.9215191570341174
23637219,13,0.681316960326097
15660297,13,0.41519806989171154
29458228,9,0.5574310348424961
29012685,10,0.37692007382569137
32868944,1,0.3694434757002008
27734776,12,0.29219848631741463
21126625,3,0.379219921396685
11359538,1,0.8448368075353473
40008407,0,0.2695683797218816
30539575,9,0.8718829165964548
7960600,13,0.38688929852738174
18511962,5,0.22406712593609598
12866132,11,0.3724194250435711
19772023,2,0.6484884733116127
35713739,2,0.4391926591866342
11766287,1,0.34240206500398657
6140439,1,0.375041383561735
26598559,7,0.3783978808811493
20021725,0,0.47039041740236004
37518337,5,0.3122994164662753
25888357,10,0.3458446807225729
31477714,4,0.23235219079506653
20843549,9,0.7159415506271616
15511349,1,0.41321280452822234
22717179,7,0.3673044933712843
29335486,3,0.28422951384363593
6592054,3,0.5037987829754176
33077804,13,0.36904970403300014
26627553,5,0.48603429753212396
25150939,3,0.4972205360248977
3297028,0,0.31163625807074813
39960942,2,0.5107832782947571
35108639,13,0.44483631736132095
8234923,1,0.42969984597170763
35527349,10,0.7088999650980011
2897590,6,0.6122716395812405
26446973,0,0.3045369874562499
33727000,2,0.4889159271169631
38648176,6,0.45767543754854434
10921162,7,0.35326323594595316
13327615,11,0.5611351597589349
1986152,7,0.40687061398124047
35192519,10,0.5304422188733462
22163045,5,0.36351337058860234
36837385,12,0.3994518476127347
2435764,7,0.9783491717281617
12975769,6,0.3868518817872589
6875944,10,0.4635359881943554
27866796,2,0.768734613350666
9519346,10,0.2487308820054237
33092732,10,0.9999999999785466
37221480,11,0.5858639602281015
37366418,6,0.45039544124450254
39435518,6,0.6620530056954107
11181519,7,0.2835724340236699
30017614,10,0.3163550148810524
33457258,9,0.5141988079695095
12586734,3,0.3664992659690455
18974728,3,0.44571455379150693
29197248,2,0.4253660193663883
31360386,7,0.5799328607229108
38770681,8,0.613286821020164
23728949,5,0.3989545870933678
34664700,12,0.5988364622268808
28456347,1,0.30047018633955375
2554758,7,0.5571174052895105
18166734,4,0.40626794925442344
38255422,3,0.3252028538070267
35849994,4,0.3157491821357189
39482836,12,0.3573841402333024
36150868,13,0.31126926994368875
9153844,0,0.332684246056156
33984470,6,0.8343615258305512
3866520,13,0.950313342962083
27364923,11,0.5747141403436826
32641895,3,0.2845841411090381
34519831,10,0.6903405878806583
36747280,3,0.7141280487159047
11971667,7,0.4029409736624838
32140096,11,0.37708997855437976
28675310,2,0.4166429075438986
27917054,10,0.18724925605538484
36991830,4,0.27665240426238774
36323608,12,0.25811134238365524
27209071,1,0.2746685703184102
6811549,6,0.5833754139231809
19469963,7,0.36018314253976785
28702293,9,0.3337017064441773
17646023,13,0.6381365078647288
14174395,5,0.7240002270139217
21977987,0,0.39452736052804765
2922072,9,0.4540897805062553
19819821,12,0.4443077591221808
13881621,3,0.31229006580633456
24673036,2,0.5465599448354708
11221728,11,0.6424004255169476
37104100,12,0.548331470558558
31837310,11,0.38988347713185806
20649595,9,0.2200524371235902
35810416,5,0.28455959118311236
37978225,9,0.4332188651112716
21317284,10,0.6224082873046475
35091623,7,0.30292931301606413
27406293,5,0.3085475918821818
36918953,11,0.5194923241889179
32615697,4,0.4806785536378436
31264321,3,0.38076962473726333
27372479,5,0.44514045373229244
15229202,3,0.3677233076650225
28929139,11,0.3787483551642736
31066930,2,0.3816606883736598
30020930,13,0.2704142450063431
2025964,3,0.3680454201053449
3985305,13,0.4883642163594468
29104323,9,0.44085656758728825
38530407,4,0.3807593686231099
28421540,12,0.2948437320880791
27691147,0,0.44201746803506436
21847312,13,0.20155075445637188
9787815,0,0.19623237975703736
14021987,10,0.8309249641200354
11501843,7,0.45047557037230235
38303797,7,0.5151984046829109
37776748,10,0.2962955842137265
29975111,10,0.40249875360167636
34042123,13,0.5708366175028752
18768093,2,0.5678664960453979
33429487,3,0.35118957516335847
21497591,6,0.37918255010133217
24045554,13,0.9451243896435564
37306741,9,0.7251789038870681
905005,7,0.39421544620680465
21274526,6,0.5948353850686188
33780334,2,0.2845970957245092
30627899,12,0.7971940926233351
12645782,9,0.8706471821928381
5768406,0,0.24564990890728958
18696303,9,0.4504546138296007
26702689,5,0.279868058748499
3843188,1,0.3881717128115445
39821339,8,0.4025852626476892
5431958,11,0.32620424204713006
9817292,6,0.7310761614855952
23837877,5,0.7008509274016282
4870771,8,0.3175573285323697
30343156,12,0.8920933609755723
9314824,3,0.5428068751062912
10318351,3,0.25287309865981966
7348144,8,0.5705980790542309
33288798,11,0.360308952586003
15756007,8,0.3113843731206661
36584425,12,0.6209095858085972
31561965,7,0.6326777596031575
16755042,5,0.3346417920097748
24573354,1,0.3231336031843123
34081424,9,0.6542527813057162
30691347,5,0.3521655805939003
30418181,8,0.3104686840907511
25836358,3,0.6809541229914252
2278665,10,0.5582563708175725
31123308,8,0.5243698202956614
36204534,0,0.46948541432609486
23707644,9,0.3869593344827688
36592907,5,0.28573113681557744
24640154,9,0.5060108342287203
21145909,0,0.5022694181560338
34775833,7,0.3716246209266103
30022017,11,0.6917815963631195
27062652,4,0.8355295036954712
20111254,10,0.5041706101022121
21802519,6,0.7555005815278358
13242221,13,0.5500679239631467
4872183,2,0.4093990331410363
18626533,0,0.4571454656467347
15709227,9,0.5254775737911538
25303839,13,0.3299147393121978
16276268,8,0.7479063798211948
21647054,8,0.5185698807354862
9148782,7,0.7402528748617319
19123269,0,0.9444581907945154
15828294,6,0.7666580643925227
31577280,3,0.3757085587802085
32919316,4,0.732495279511407
39616631,9,0.4490300345129673
8439042,12,0.6882953712100264
7037938,8,0.6454642620587271
20160983,11,0.28061088543056456
29729956,7,0.3664344571575665
36001620,0,0.3977749595124424
35433166,2,0.43406646031938845
37127556,2,0.5098548549181697
38806295,5,0.2996051625724424
30564818,7,0.39437257960228467
18346894,11,0.3335680674727114
31584379,2,0.32625306711481417
40056887,5,0.5618470878734861
31500173,1,0.36521045701271265
32728212,13,0.431174291650872
3238150,12,0.44254386461322365
33395903,1,0.38066829028252364
25253618,0,0.2811475057293252
33313048,3,0.43226689779128463
23282945,13,0.3978399623877826
22109712,2,0.3714160194871655
36297610,1,0.6101284922812871
31185130,7,0.5469592166819589
22649379,6,0.5226468555817889
14332114,10,0.560873349351018
28488492,11,0.34756097319889334
25459285,3,0.4924407908675285
38594352,3,0.5385263182323278
16927428,2,0.450651036349778
7884712,0,0.6075981811821126
33319060,0,0.31506846149283335
3503861,8,0.3033157718518783
17568481,4,0.5557163182795285
10492548,3,0.4678169803369675
17408825,7,0.28632491676578214
7016509,0,0.3705852836933804
28032722,13,0.5409539574092377
33802391,10,0.21747595527349411
16989842,12,0.38903057592336493
28259366,9,0.45897266183045476
40120596,7,0.6001867381180693
26104434,13,0.32458185092819186
24432209,8,0.6083491667243067
32873396,13,0.3014078686391436
8865878,1,0.5837827962639176
39642258,11,0.272983027635009
38646500,7,0.28842587825677374
25724318,2,0.32234017401033543
37911091,1,0.6635587730441395
36332976,3,0.30648909384833134
23660424,7,0.4520236311001352
4538962,13,0.558937553405974
10181035,2,0.3945508722812715
25718961,13,0.37119517861761125
39295996,7,0.42705894318136417
30898365,6,0.35964577935801884
25234921,9,0.9770685592966275
7600235,13,0.26531753085430265
37628372,5,0.3442999600400613
29562943,9,0.6834595132518935
13596407,6,0.7235683562751783
3889038,1,0.7129292308772939
34876656,0,0.462484775172044
35244913,1,0.40518001395228437
4467230,4,0.3264650493606387
28206826,5,0.36118257405237864
12594239,0,0.44165601304255714
4208659,11,0.45250254192017686
22335171,7,0.354889742266722
28333732,3,0.49368226700727885
33590599,4,0.5044483077999865
18385524,0,0.3207747650133896
29159680,2,0.31508087338300017
19678641,13,0.312437893841829
29433259,11,0.36983113119769395
34004042,0,0.2840589228938553
12013813,11,0.5589110638552824
3300406,9,0.3811023412011769
39665712,13,0.7654388637214239
34358550,5,0.30559681426684865
33994158,7,0.3584640195465276
3340528,7,0.2850864584609402
7948510,13,0.671079888083685
37230696,1,0.2952270099870372
26195181,10,0.44406845543460305
25429410,10,0.47709675493576437
22370117,2,0.9708302583676226
15418093,9,0.30493643537430193
34984015,1,0.5290074914184348
24533951,11,0.6210735927690911
37811767,7,0.778550221568916
28693433,10,0.3505562500354521
11881900,2,0.3572548521125811
37605531,3,0.26642597712163957
35193688,4,0.45943143123717983
7542651,3,0.399899179256456
4996085,5,0.6336295048344037
8194489,6,0.4330730676588174
21798501,10,0.2737170136635156
33713472,8,0.7034949172838453
37838023,3,0.565887255814226
33841523,1,0.5545629279567637
31650997,2,0.3343666887010518
39488380,0,0.5173768090110175
36305573,2,0.3577656326474366
28940535,5,0.5922471179746256
15005240,10,0.2542544499940456
13037462,10,0.43490975465151366
11025777,10,0.6563594476423043
25713022,6,0.4670558729721347
23618231,9,0.3458871406547954
4261129,10,0.41073938642878594
36338020,7,0.39548482871530083
31477393,10,0.4914768371236399
22649703,11,0.577870859110198
12112172,2,0.63172417459576
29277831,1,0.35463387601577506
25675998,0,0.4803906872582877
15321993,8,0.7641877262303737
29445943,13,0.5484968411447283
9187579,0,0.36051184985919815
14551484,3,0.3990378555030655
28687087,8,0.5247096883266968
2137539,7,0.9999999999675795
29800157,7,0.595450813334213
39526134,4,0.759482507348306
3945028,3,0.5203344055007939
14986129,10,0.4239144908551644
9854869,7,0.44453787809896406
26932870,3,0.42350723660842465
13753213,4,0.37174239315631014
29870209,1,0.781108889168475
7931382,13,0.44202800269253884
29590365,13,0.9748999818407471
24621889,6,0.30362122372759937
20485141,10,0.5192861405652276
31865990,13,0.35768696861877586
31446640,7,0.3914491546558876
30981249,6,0.6306619744213602
35680848,5,0.4183508588243003
38890265,3,0.48274485790932525
15868424,0,0.3328570319833395
6665577,0,0.3544109903606083
39231865,3,0.33787435675633104
35906266,6,0.47963133137639774
16527834,1,0.413101589622477
29035533,3,0.5209736232418887
16682563,9,0.5731590223297078
11039209,5,0.3745006639067945
20313002,4,0.5115138544730303
34045618,6,0.3928215698892138
2140219,6,0.4615476695674836
33089019,7,0.3412544163874445
16121545,1,0.46222938027945504
5415679,7,0.8554035555450761
7683116,6,0.4820918856411118
17668633,3,0.38229305928055035
19827368,12,0.2567612146704876
31577163,9,0.38373599518240575
17588699,5,0.35829951783431857
23172265,10,0.9472218660642052
20616307,2,0.4953634711302288
13895526,11,0.5350927438731231
35641414,6,0.5339387223825681
27894253,5,0.354128317306258
25803567,9,0.6928552439141423
18676293,1,0.5536430150802529
29175519,9,0.43074865481400865
6012604,5,0.5479361207318546
13829666,10,0.4892575739918906
37906835,7,0.42825908678077446
13325954,11,0.6316345459108257
26720106,9,0.6264381515184444
39236601,12,0.2437569613026762
4235004,12,0.8669317378910305
11661822,9,0.30694965946890085
2773416,3,0.44076868289150195
1640054,10,0.2393841105293614
8313705,1,0.34882828003144994
20366031,11,0.6554898022013905
37726207,9,0.255387160771655
4775875,2,0.44641173543512214
36523912,12,0.4204149663225932
20715408,10,0.38708886966673856
21911853,11,0.2740616523615094
20177899,10,0.42789762503772294
3520672,2,0.2907507010478433
22241343,3,0.3949942291499748
11327736,0,0.6450635502212765
18796117,1,0.44055263918088894
33467537,10,0.34261167307867185
9606364,7,0.5712994729601734
35053507,7,0.5479383485675355
19099756,13,0.4126096326922207
38866526,5,0.5046126380530213
37863458,8,0.4416279890643606
7781448,0,0.3602624767196843
2381241,11,0.18647350684558794
39299548,11,0.31361202177677777
27758999,2,0.575456073101166
21843143,9,0.3125491158838011
32417520,5,0.49760871872116136
8856523,9,0.41882746518610875
13343577,11,0.3815076195940824
33868862,3,0.3160611329089491
39969717,13,0.27573643749041216
15424895,1,0.3330824155658656
14580787,7,0.6242723529182085
15174162,12,0.3877789696120666
27119700,12,0.5662598671241753
32642785,5,0.4309863327296953
36020079,13,0.3797065022687844
883679,0,0.3217335560271128
18267314,10,0.44858168078646543
3288250,0,0.4719703998765076
18856646,10,0.6944803262587649
34406169,7,0.8336686158464819
13801557,0,0.34962958767925584
37766683,13,0.7220878640569468
24373965,4,0.2966407517207706
3818881,8,0.49310877419660837
15807317,3,0.27639165438487434
26705027,7,0.3629040516280023
16434405,2,0.4134031364781658
3018036,6,0.28700365169484654
23680976,9,0.8793278637667779
36247394,13,0.549732047665818
33502170,5,0.2695438064642025
24134085,10,0.30542820090693723
20928661,13,0.46115042669052
29637150,13,0.7454413299846832
33011551,3,0.4149958702894558
40114549,11,0.2444602498889243
11492138,10,0.31002785148320766
35540360,0,0.6531730242819042
33823776,6,0.6376691758221794
3261693,6,0.6971508736923271
37683741,9,0.4745697532138558
12549319,9,0.4744749152890606
33678959,9,0.4233785846376175
23849295,0,0.3907856676284632
34288969,7,0.42901657857651104
4819437,6,0.2943089779127104
38215686,7,0.2662638268306554
38816302,10,0.6352570431553046
17273685,3,0.6856275062995725
7961216,7,0.21990528166996567
28212280,5,0.6704864207116891
26473859,10,0.35610403043994654
13559696,3,0.5695968609188692
24709342,6,0.5388223013628021
9391546,11,0.4901266535021592
23314553,11,0.2562956813433776
38556188,8,0.530579525583837
29248537,12,0.4718730283505872
34637757,1,0.563409109382578
28195660,13,0.6969612528178633
37813859,12,0.3557517691252131
3823599,9,0.8487038160321476
24414204,7,0.34919736837430426
31234308,13,0.31375630412368766
13349573,12,0.44285097707950105
38129746,8,0.7856106214519379
39538576,3,0.3779789027406998
37634899,3,0.7221428635070543
26328623,12,0.32600705963308074
16405242,3,0.3302063147263812
33066034,1,0.49089067452568197
25090714,1,0.6084632076646287
33728416,2,0.5526838754293032
25480639,12,0.3253121151652723
11205571,11,0.20770345488812625
20438686,7,0.3648272300877898
37932966,7,0.4680430733518865
21393107,10,0.3138605158876578
21317567,4,0.481875620222924
2413144,9,0.17820570298680177
29221502,4,0.7143609057685811
17557756,6,0.5780251418915867
15817577,8,0.5836248512313373
15479902,10,0.6513234203127406
26712080,13,0.26432613907093583
34670670,7,0.6980621199190117
456867,5,0.3243476982451495
30550918,7,0.3642783257105654
18014580,11,0.853496956772468
35332852,7,0.39516515695675636
39861280,3,0.47346708204623106
38906513,4,0.19173504668466107
38195089,10,0.38117290392618003
31169990,4,0.6907310438476886
604453,8,0.6097469494802669
28511343,9,0.4208779138258363
26533379,3,0.39498096477971234
28756816,6,0.7879672887447967
35026716,7,0.4841658419776249
33577657,1,0.4398910772895625
21706570,7,0.6719122425580548
29349801,2,0.7232853246144207
35373236,1,0.3165393806104415
16654743,10,0.7516278310146713
38033570,5,0.39151854427815275
9784422,7,0.47729323527656525
31035934,1,0.37387757369588404
14691865,10,0.3744518178423744
2549616,2,0.7113545373999575
39456283,12,0.6330204861937353
31842651,2,0.5267564548578353
22978023,3,0.500460775225412
24792480,2,0.5815569840570255
31365592,5,0.27563428926451555
26465546,3,0.3468981946634886
39271424,5,0.38026554211323554
28507913,5,0.36178112647543914
18287315,0,0.6524774669843448
26876921,0,0.6462765206416012
30252960,10,0.725755884468373
13537300,2,0.5971872002865889
1711483,10,0.4054609643851119
36463979,1,0.45060072721852934
26962973,0,0.6985465409269254
13787258,5,0.4956221579664945
26621993,5,0.5198198618597555
14861843,9,0.35172421329837733
9344252,2,0.33817298106900845
878143,10,0.4358017150588735
27546500,13,0.3670776760065968
26325233,6,0.5972166216133175
34833307,7,0.4086023883216115
25652379,7,0.22295386736586217
39121577,3,0.33429919210756354
27462227,4,0.3859530752587315
10078564,10,0.47265404806913025
34323908,0,0.49738857340155257
11565492,10,0.41545929996820796
12939791,13,0.1919242500780085
34725704,5,0.39575287924487534
34206696,13,0.6474882491476935
15609348,1,0.3530121960720051
40033979,9,0.30729374910172624
25839946,7,0.5092718339430276
15452996,11,0.21586115725514352
577467,11,0.5408305581215771
24498306,12,0.4558786315816276
32518358,5,0.2602814899905697
39843491,3,0.49064756227664397
34013932,6,0.9948806942381817
2863270,10,0.2421461246393435
37090291,12,0.579302855367562
26676249,2,0.47057910692020527
17166351,13,0.5370175559732434
40114836,1,0.44793603751038696
25087072,5,0.3760125142310008
8568242,1,0.5661296777892074
35629694,4,0.7339506234665094
36133447,5,0.3588737681892735
2082474,13,0.4366369219248084
8326192,0,0.2799785316889431
11872270,1,0.37116412298206286
13188711,7,0.5364377774340245
39013564,10,0.47864915165313726
27518863,2,0.3893440262173669
30434323,2,0.2916932298905461
40030481,8,0.34938541000353185
4010218,7,0.36119522284379574
20026325,2,0.44116493605491336
8563394,2,0.44196697511618777
37791386,4,0.2608453544296108
29390384,6,0.338324296403213
29268915,1,0.2458712087828675
38646886,5,0.6068668674527333
2752008,2,0.26158875773156287
6826495,9,0.5544017679828054
18617854,4,0.9462171267210645
34865335,7,0.5897594261733374
34260687,13,0.45907685789952285
38214420,3,0.4143815859046998
29442774,5,0.4522226767942276
36236960,7,0.18345252271053253
27770826,8,0.4474661018528207
37504245,1,0.38285088941497797
29577571,11,0.31530614447777927
19554261,9,0.4586018424527836
39536288,4,0.30362932742986953
35049772,12,0.7477128054379986
30650583,6,0.778301746375387
1765757,2,0.3496748500168788
31091954,3,0.454965672350474
35400056,7,0.29836448372342905
26249367,8,0.17631479156757812
36876035,3,0.3233043058269995
37818978,9,0.33942644907244857
12055601,9,0.5673756433629926
1638751,7,0.4536926855444317
39608282,4,0.4390001800033871
25799264,13,0.3846875908831241
32323030,7,0.6050959560070421
547829,7,0.4715747618813733
36326246,0,0.19186076062668597
19480449,12,0.32413969360568506
14804173,0,0.49296591000612566
32506956,6,0.36002052805487633
15006622,12,0.27307552141294184
38444010,9,0.38179331899141805
31378804,5,0.2855570486774389
9041681,13,0.8179803341550758
37955929,6,0.6286621039257401
27319439,11,0.28604749221554
29828786,7,0.4027254301594483
4910203,6,0.37030895256636254
21842950,1,0.2500643657291314
22253658,5,0.4467178288646543
9745909,12,0.3383903364165234
29387060,7,0.8873077540030926
15706911,0,0.3430423146043738
21470039,9,0.40735812970110574
32922535,10,0.6566946527996326
7908295,5,0.3834956076140189
39841276,10,0.48249424683488357
23334022,10,0.9080090352682104
14990376,6,0.4022152781088349
31100251,2,0.645419467007193
5321767,0,0.3268527770095596
38187781,3,0.5674817392382966
4593695,2,0.2580713170910014
25044549,13,0.7295689879298272
37132000,10,0.43217806181726
10650146,5,0.3048572713141483
4637420,11,0.7325858541548981
29755656,1,0.23433080017088406
39246374,6,0.4563699900039509
24548279,9,0.5393148976274735
33681858,8,0.3530020297612016
29708564,2,0.3654150842307013
31593772,6,0.7436243648362604
29804422,4,0.3491866669372978
32868211,7,0.4994715299641899
32417338,0,0.5341011816408177
24250515,12,0.3622584526061845
23763300,1,0.7210467435502225
28973277,5,0.5868140761329917
15896493,9,0.20558958226757718
29560630,3,0.6209977351147036
27118511,7,0.5835947625077611
8071254,11,0.5254817016371961
39047784,10,0.6471445757973073
3182153,7,0.6330679366153725
26300442,7,0.5884310835197584
3319632,5,0.32433312612360343
38677022,5,0.3569169248138639
24562175,11,0.23843277038163566
10941830,0,0.2724869276081948
3077490,10,0.7539690063960035
37416600,9,0.29190560294440426
3340015,3,0.5329484468848261
37056981,6,0.319620918481156
20052885,2,0.4913283481864435
37736021,2,0.5481830735162443
6555573,11,0.34354799208806946
5958793,7,0.48737508148700326
15150275,7,0.6024820689794997
24707811,2,0.5187394388024994
16773857,11,0.34842022349977214
10761769,0,0.7268344726121329
39761444,0,0.35347486233965675
39252170,4,0.49038360662511415
38496831,3,0.32690739851660944
31928897,11,0.7483088107789116
22530081,0,0.3588024498691393
14006482,11,0.44934725505197887
16376732,7,0.39332042299867415
37521454,2,0.5174549237173659
25470428,12,0.5523770834229238
7085512,9,0.9266169318723544
32489601,11,0.3595965492815394
29549149,9,0.7522910826956991
31689133,13,0.4747359002653771
26483054,3,0.40343606520176994
39716433,11,0.27983137453809886
15929676,7,0.2729379340819598
32152233,1,0.3762795644701894
28328890,9,0.4574820305396896
21856383,3,0.3204694648307817
12374176,7,0.4881798255866973
1017388,10,0.3706569386975206
10868530,7,0.2771519451265834
16238462,10,0.7389556123431716
38704037,7,0.3095492289640337
37000346,11,0.593587641539605
19108182,10,0.6089847840651981
6174369,11,0.3421179691066676
31648992,2,0.7672653028266294
24768455,12,0.5376446035332113
7896462,10,0.535047854959866
38741395,13,0.6120031139338545
22862105,8,0.8884275433660951
20356215,9,0.40196385115448197
10304467,7,0.30605960612106803
10176037,12,0.3460720621232014
7881133,13,0.5695321650105667
14760703,2,0.3453606367198494
17839922,3,0.530905984208362
38037873,5,0.4809033913755298
13851041,9,0.32283868534866983
20298407,13,0.3272723790379916
38305946,8,0.5034650635673039
32106805,12,0.20637783454210493
39146027,5,0.3536814371547896
14819098,12,0.2730146718864711
9870221,12,0.922954842591541
39252323,6,0.33944383766267067
40040726,5,0.3636388285322517
38273916,13,0.29876900540349943
31961688,6,0.4574534793189355
3339562,11,0.41187907851995326
28922374,3,0.32562105532249697
40141134,12,0.5395271791187304
32597668,5,0.6715328821492498
27753350,0,0.27825498071721844
20137321,9,0.4588122935202274
28774852,6,0.4317673637401341
1716554,11,0.20968192657895482
28335202,7,0.284602326889852
29113461,8,0.5477825633811262
8652140,10,0.698468365749638
24070082,10,0.49183166342189066
32177308,0,0.37784061362429383
18915941,4,0.32095443461363365
35272985,5,0.4064834250293755
3293194,6,0.5819813318134192
35341399,5,0.4063355621696376
13927576,2,0.3678073278208396
29393646,10,0.37935094046439044
35265632,11,0.6118185117060627
2643244,11,0.40637192710489045
20746505,13,0.19534067669766328
14735469,12,0.48617622971072455
28008807,2,0.8397088202940628
33866503,9,0.41412978294929786
17138952,1,0.43150020572627024
4979150,6,0.5713444484233123
29455660,7,0.6628470602492103
24740104,2,0.7875229432307286
635200,6,0.600796581998808
14418264,13,0.6278490991202736
36810785,7,0.18877721745542067
12608747,12,0.6216498335600288
19389083,2,0.3300889134625587
5522471,5,0.6784773526851149
9753680,7,0.5041889250534155
31684878,9,0.37402131626720364
35274840,8,0.7770123387748518
33190298,0,0.5953102798229588
26828226,12,0.3122868005218104
20931295,7,0.655987434072431
38403141,8,0.61927769660976
293482,0,0.30085899383514697
38293647,13,0.45912757457730075
32871467,12,0.42142175571068713
35895466,4,0.483076721948513
10990895,7,0.4339560661128958
7459204,13,0.5956217271105227
35457358,5,0.43465671937991185
31569216,1,0.5872303058451941
35262753,5,0.5949222426065888
5056152,7,0.3732070536996786
38106808,9,0.3956252959624875
25697684,10,0.439217052594986
3209529,3,0.2811851595511153
34957620,4,0.5419682045907291
38791898,0,0.30703233569429994
36000668,8,0.6642902066837502
35581490,9,0.621716321587426
38803150,3,0.349283575286038
11764203,11,0.8434335445256416
37789747,13,0.5828406685907769
15513618,9,0.30885490737495847
19658703,3,0.355628344706577
24358611,11,0.5640071840146964
12154579,13,0.4624148862893093
30902050,5,0.7013118497905142
9763675,3,0.7103329072696963
6532065,9,0.6846057025803935
38242677,6,0.629819978309882
20969744,5,0.4925600762508995
31473184,1,0.318736026235748
32234863,3,0.2867755406134151
30558116,7,0.21958733876116127
36954453,3,0.5043817602749768
40066680,0,0.43943516057844284
28180301,4,0.3799234074693998
3164086,11,0.46204494543392644
12763505,0,0.5187825126308457
37883325,12,0.26162363794424726
7194701,6,0.536081860581712
17613250,3,0.3799725040662788
36809368,11,0.8874087481772995
37287922,7,0.6983438782719492
18004030,0,0.8925867185754229
34800915,4,0.301983852875865
7196427,2,0.48447583680293105
10158269,6,0.5266777503978279
39662975,2,0.9261529667217184
25905752,0,0.7856653441234944
20724856,3,0.6214441198339306
5440098,5,0.3075079215936811
28916554,8,0.6231590989207837
27240287,1,0.6996718836727001
34710842,12,0.4077349882180206
32167758,7,0.3778730086239965
27918091,13,0.2670212032494775
10621324,5,0.4092913970601939
17161420,9,0.38485633025691707
627772,2,0.6127346039039445
39664995,10,0.3072335224458852
21818783,7,0.6240040636650818
39817834,10,0.4555639763336915
28209436,6,0.581515548099315
2761678,10,0.241519818001474
38168949,0,0.42117665188859965
24274023,3,0.5351818901099406
2799731,10,0.5156304856375694
4981963,6,0.7845931657698846
35301624,3,0.4089477953035386
21576252,7,0.29050519007260694
39587863,4,0.4396098634073703
23475610,9,0.581592696330735
10221704,9,0.7092859115181912
33745052,10,0.28449918519962747
3465568,10,0.4957948245221339
22703859,0,0.41681909898648567
5366928,2,0.5353428694856076
15725458,1,0.7866814597956165
36895627,7,0.24610055041413337
27952608,2,0.5254946371979571
1003247,1,0.36189949274241967
39086664,6,0.31817592985840154
22415643,12,0.4719647518895939
38499625,13,0.6789963591906435
37709164,6,0.5084840013496944
31387880,12,0.5236087137797338
36736445,6,0.4527601977914172
14819849,1,0.4080698155574048
2243895,3,0.32230425621798675
8020408,1,0.9158293408180136
31861042,7,0.6411234714437954
37098313,9,0.533449261306571
4588889,11,0.4804467241171088
12266208,1,0.26584061028111716
28505987,1,0.32371999636761045
24418368,3,0.254733186476424
21367792,13,0.6316979729087879
22512462,9,0.8393911502237801
28376538,1,0.5571000733258016
24576044,12,0.421745740577054
31489523,13,0.7374457701590822
23725294,2,0.4018011413529378
29171896,13,0.2824155567539421
28026470,10,0.4489622498363201
13355290,10,0.3550298659930446
7963595,2,0.4460275789169152
36202770,3,0.27168285119981805
32123528,1,0.35215588040993195
38340414,0,0.4738402061512163
8691419,12,0.20674460626384478
4094933,9,0.23427720634222327
22719650,7,0.5004649811737577
11134539,7,0.340972172145995
36704286,7,0.5306929068600553
33910982,3,0.23335707628834793
14036344,3,0.5189647965833817
26938110,6,0.6856424325984151
9600474,6,0.5514727764220542
34909446,13,0.46845506242308543
14320836,5,0.5784140212560496
18159874,13,0.8237278265830551
10423385,9,0.7321137869107675
23705290,10,0.42201973274949917
3330933,5,0.2747879627046376
29722071,13,0.29808117934837436
3161827,7,0.2945915426037969
14874965,12,0.3274066442296081
39461414,10,0.2965875274490916
12019661,2,0.4056458175729453
22493293,13,0.289729771764013
23227680,10,0.4015896316159701
5011077,2,0.38821076597956605
31207250,10,0.758427114397338
36120184,2,0.7441237345087705
31794127,6,0.2965759796841931
29124000,1,0.9358938641503834
1188944,7,0.3443110020801284
33790792,8,0.5254655806296855
38821726,10,0.815366772992168
19597575,4,0.744283944313908
5406393,2,0.5282213319865181
9193323,13,0.33068511778419196
17823629,7,0.5942298134035275
16049395,13,0.2647859069788798
26630245,11,0.36932557986785747
33555048,6,0.45293784330500175
19718233,2,0.5417770752656146
29773991,3,0.7023051385656095
20741952,2,0.5427017524815789
26618666,7,0.44807650991910136
34255517,6,0.5897637870308977
21612779,0,0.17807813372446235
22220856,5,0.28025935778322725
20974252,13,0.8389828174774157
10559018,9,0.4798455260046626
30298144,3,0.5913161004978794
32465143,4,0.46757141254290446
19869090,9,0.5377503445643793
6410062,1,0.5492058359008763
11790775,2,0.45206490089539914
23577505,13,0.8108520940315265
14515239,4,0.46596406383182193
8519647,9,0.24589415346611673
29200348,6,0.3496114724811606
35004097,8,0.5245656987960534
21079579,9,0.5819392944998266
36562052,7,0.4276121395176708
23037479,12,0.3252869823662577
36123877,2,0.6422121178356123
9335768,10,0.43811433575089476
25019153,2,0.44130343454942966
15864522,8,0.6900097372665641
24837040,6,0.759130501425696
15545952,12,0.3429183690834165
37870407,7,0.6003514138247346
24065052,2,0.3756695356528057
16847157,7,0.5386847551148722
32313946,1,0.18112221062597023
6616270,0,0.3536681130844183
38306904,3,0.38636975542633994
10152290,10,0.5716237292524851
38683881,11,0.3758143347334458
28473660,13,0.4583891854189962
2824612,5,0.47618938908607195
20661733,0,0.4722124900260122
26870873,5,0.37766990254567423
9753730,6,0.8553879481118891
33864661,7,0.40726565801353865
38129681,0,0.24584861767647995
12208427,12,0.5181082343143184
2985678,0,0.35817102733386874
38516110,7,0.5656595229599345
32590591,2,0.33027594670988286
40064411,2,0.4696390306920785
26607303,10,0.5872289678199534
25050504,9,0.46596373262477947
6336911,9,0.8057150861816191
31417661,11,0.4284890831241963
20616540,7,0.5334400200535665
20104874,4,0.9979360507863024
18224468,10,0.4172917480775975
20586328,2,0.5369707608827473
19936033,8,0.5987894143738195
25301466,13,0.630788801365645
16675039,3,0.24975961126830587
8848294,9,0.9347569492821542
4117038,0,0.7978797246869672
1829340,8,0.6280864465271299
4419532,9,0.7245191529279205
28881140,7,0.5616055115234359
11813548,7,0.4236118570264482
38644263,9,0.3991422332794708
16574573,3,0.22898634118395528
18784615,5,0.32016640689055065
38806208,0,0.2757533831776334
28930477,0,0.2323489717874709
20037341,6,0.36358053909867305
34538762,13,0.6015539061047982
20731983,10,0.2876992758320547
3217715,13,0.8849622974636348
26850164,2,0.9568974498710051
30044142,0,0.3549660289483207
24168812,9,0.5588605163951401
10319699,10,0.5087099990689301
35644481,12,0.3962476735301259
30722305,10,0.38100188622592446
38797177,3,0.33290758702074313
11666537,0,0.33808691340400016
26957437,4,0.2028122741008773
37266282,1,0.36201126315377996
18356185,11,0.3438975381592602
24106575,9,0.3295989753598351
35688703,1,0.639274164822869
35230959,0,0.6861077054653182
6878303,9,0.5106117968575763
17576448,3,0.3519643244185602
3158098,2,0.47917477974972594
12332392,8,0.839158203763216
29760118,1,0.4508145814832115
37870148,8,0.584476321670387
32026365,9,0.5531061786858479
36863081,4,0.5833839266747295
8300364,3,0.27234543920918747
16236157,8,0.7700656935863638
39804301,3,0.549190453762047
21438890,1,0.30814323721169595
11045510,1,0.26315382193737463
21221813,6,0.6846656428754575
3680022,10,0.4125332857683248
25293881,2,0.5796238626418871
24173250,13,0.675798069215642
31349356,11,0.48935608805116265
3803386,7,0.29667794255993346
16952462,1,0.4586318890103768
20675534,4,0.7190224547830907
4203417,2,0.6212858615515717
33418838,5,0.6999999232544626
14885002,7,0.5256306710097239
7962094,12,0.33103228075677393
15878501,3,0.4380489206891603
18768967,6,0.512707436438158
28220146,2,0.48372275193308095
25816506,2,0.8813927770463091
10901247,2,0.6588580885631563
15487106,0,0.46433082406648174
14803780,6,0.6593597268698026
8721040,0,0.2910874638175571
7616998,9,0.7868850034489092
31848877,4,0.3892793022061424
34929650,7,0.40411401462698987
1226091,10,0.3411258945688695
31250542,6,0.422264967501664
23102041,9,0.1538536651681005
37204323,3,0.516408484300058
34793047,11,0.33116637622466594
21110915,0,0.2482757335566722
14386822,8,0.8605287845613354
24140497,9,0.7084111507531392
22534598,1,0.2643044673452993
36342098,5,0.3770763970965316
12840340,2,0.46885097434597595
40087681,11,0.9464800136212026
7208096,2,0.37629709364388325
1823588,2,0.527064824044392
7020313,2,0.3778519149322449
37528782,5,0.29075928069757995
21717671,11,0.354114815917393
38278578,3,0.4163456227283765
25372877,4,0.618999024890908
27904399,6,0.2658461610657411
18968607,5,0.31576519083131455
24872225,3,0.21838356362699793
3867718,7,0.6413096041639488
25212660,6,0.4363292584878305
16091689,1,0.40311025741617706
19942399,3,0.7458974260889033
26851151,6,0.5550848186465098
24663564,2,0.6308149882762333
34954102,10,0.4262007663311112
18578265,2,0.4105250450215323
20462542,8,0.7598845725016462
23267750,5,0.507698353479338
13328121,7,0.5237992309633638
22951775,9,0.6823837298378879
27526431,10,0.2800174987836252
9310360,2,0.32344583733621285
10971033,3,0.2995583071264158
23965767,12,0.4737373779607628
37339367,0,0.683132764469733
9629532,6,0.516192484118896
37471436,3,0.5932436874650094
3014631,10,0.7947565571262768
33048636,5,0.4053197148653797
29181220,9,0.34199553397299404
22304231,9,0.5151841653921589
22450116,7,0.35492010638900295
16741435,9,0.663275364035146
14319525,6,0.4447459055402314
26427644,0,0.38754172934356895
20423598,8,0.6304418094532303
26697843,6,0.4162525884080882
39359693,8,0.47039351017645104
22303408,3,0.6376132264953569
14777488,6,0.2138328545638403
17544424,12,0.85652725829341
22831375,1,0.3934959282070157
33573807,3,0.1547153664869104
28509551,8,0.428925325194658
15843419,8,0.4515938464294932
37053169,4,0.3052618065695221
25491786,7,0.7939099799668422
23358787,2,0.3018543043876968
9048947,0,0.5947171983982246
13721289,4,0.3701949127975828
9691346,9,0.5485865755597928
15926358,12,0.3990149833672774
38733247,5,0.5833597455188207
5307991,2,0.5451675180575456
23173220,7,0.5820740061974543
3715323,10,0.4343426556967084
4788748,6,0.3269088529872629
10618144,9,0.4387080802806243
11039500,9,0.5403859889275326
10224287,11,0.2964214359908377
29250011,2,0.6591449670653626
5426637,5,0.4562583549397495
21437666,0,0.6068835638403262
22378876,12,0.49599615420674387
15437320,12,0.3956920593076744
7654729,3,0.18534754468522313
18705373,0,0.26747712361289844
23553102,0,0.33185853338382265
38667728,13,0.627170903450265
11059801,3,0.3510980139128774
22144324,9,0.32071993039165625
22913490,10,0.4997121015225928
37705016,9,0.4142146714562535
38167388,8,0.26868247950480617
35520251,7,0.8004174744549676
35761682,0,0.23358887060095274
21081438,1,0.3959768708790125
38271772,7,0.671101437379716
15109425,13,0.18886024399787574
18331129,4,0.3715450723390466
39917313,5,0.3813927089691032
14690398,13,0.35802117491814484
14030935,6,0.7397371564537523
29586949,3,0.540684269039285
9125997,7,0.5930202874625757
29055634,3,0.40970370185614874
24291941,7,0.3284303164126021
16862501,13,0.4332104340292026
31006311,3,0.5193928150540835
24613347,3,0.28259934494188715
15890892,3,0.32651341626006297
17130935,9,0.5225694897112474
26056316,3,0.5294307363040033
22793465,2,0.8240467654736461
8730499,9,0.49155779157199075
34085607,7,0.4370185344499695
38170566,12,0.3212722090883749
18782241,2,0.7162018695884308
34844961,3,0.3969508550995537
31435071,13,0.5491666994231618
29049771,13,0.5750921658313723
28154976,11,0.8268614934712833
37023166,13,0.6939258760798447
22779650,3,0.6278414076724272
11672513,10,0.2875737237926154
27302795,6,0.6292500819519667
36794701,5,0.2676663537576044
39282848,5,0.4947133114578267
26874829,0,0.3794252930828247
25814675,11,0.2958773821081137
16110777,1,0.3761729654078361
25194557,7,0.24539478000734558
30748378,4,0.4376989228503539
14225361,6,0.6228524523904397
28924553,9,0.42567484782678483
23905703,13,0.7150973136005171
29055439,7,0.27758321669980496
36792222,9,0.7152282089466857
33356753,3,0.6719840363598701
31295352,2,0.3146287365013148
24715229,13,0.7024290409904271
23263071,3,0.25975578486766693
32929910,0,0.5349821600336402
5715217,10,0.7734825222025281
24316906,5,0.4721509354928931
35536670,3,0.27570003523703823
22766366,2,0.5573566683621842
20394025,10,0.26467289179205095
30675236,9,0.2808802301692224
7611510,7,0.4879110106161587
29323850,11,0.44308387008387057
29053122,10,0.5722778952217581
33248875,11,0.2424096927297412
33995477,3,0.4519113890458676
13111410,12,0.30081233137522384
31991806,3,0.5223641059665521
10694150,11,0.3914455239590301
31568441,7,0.617387639282631
6535062,7,0.6119862626579015
24693714,5,0.44541327216411586
28516906,12,0.4406787383546795
33253657,11,0.3848019258227697
3123796,2,0.4438030896395324
7384066,7,0.23262189536350328
2380031,10,0.6716975327569874
31194718,13,0.6038797422346522
22179800,0,0.4529372103213291
2990945,6,0.8448823678717732
38333259,6,0.915139180902371
35818975,5,0.28916696660502855
22935732,13,0.2821208728441591
30276185,0,0.3471746606685484
1645384,3,0.3389478089040185
36315314,2,0.588200795049875
17577821,10,0.6569261627197129
29403784,9,0.9082871749126137
26744920,8,0.4058950543996318
17662887,4,0.7878805730968697
28392937,3,0.4688920613522842
4110511,11,0.3664607337485871
33916150,2,0.6310629102608117
15840661,2,0.6952785523177588
38808959,0,0.9999999999730383
13404368,2,0.714473872920485
33294758,10,0.7146876137836591
22688854,0,0.3282635677214273
14821297,6,0.6775304278455356
25234137,7,0.5283980871367452
30310885,0,0.2614840076238277
21039786,11,0.30887680799254325
24269795,3,0.7078082926906287
21953121,1,0.5712518543280602
19466343,12,0.36741962826504443
31668444,6,0.3654297906849856
27178055,12,0.483763208169499
21509858,10,0.27096034701159544
12533119,4,0.40233173786082366
31215172,13,0.6852067340504663
34113548,5,0.3173740106398964
37218887,7,0.40639785411640367
13845608,7,0.4510246313993189
23068872,8,0.6610565667852666
17180560,7,0.6872400257400272
27135635,9,0.5855892654497105
35784095,3,0.48802269946690086
14668475,12,0.4683965807067449
29184871,2,0.5947247429121199
9907778,10,0.31694914351532016
20115578,10,0.3098310761159196
36049580,9,0.49530573379775084
21890792,8,0.2711014378398819
17610275,7,0.3323780726448683
38897091,13,0.7633317709384999
31177029,12,0.7151083844453237
31978948,2,0.26508971666803643
39132439,10,0.471085720016866
19907865,12,0.4203945238567568
31039043,6,0.7356362797030566
1872016,1,0.3861800690696565
36278041,11,0.5700948249031335
18501867,8,0.6019564159221297
17535318,5,0.4596417492468252
17146816,10,0.42487783681302455
20481027,7,0.6624850613755655
9674065,10,0.6390262866225407
33634310,3,0.2658620270482763
33178216,7,0.29639366457904137
9488945,3,0.2899967471288339
39762772,6,0.5021800845394218
12444770,2,0.7344181561969886
25145384,1,0.6045628623748212
17896936,12,0.49259249538635524
24830952,4,0.8498799204492634
30483977,9,0.7116104254934289
15035409,13,0.5425182609512602
13052282,13,0.8032790590625555
23172325,7,0.7179809748740832
30607428,1,0.474581334563119
29334505,1,0.6752576416674966
16294174,1,0.370727099380545
33506372,0,0.36313547259131124
11164286,7,0.3670240629684321
1120139,2,0.6525752699523314
40041902,0,0.27386026684812015
7251414,11,0.7879301673254248
20249397,12,0.70924678119217
14410453,10,0.4367365141319067
19544589,1,0.42849592655132884
28978491,12,0.2903691986214425
15030011,11,0.41163961725226594
27388403,13,0.5193393340643536
30839297,11,0.28480015762841576
3449039,1,0.4281345803323221
16668639,2,0.4638606039299074
38647525,0,0.34384913507762604
32569722,12,0.5092813330066486
35820782,10,0.8143205497856446
13939677,13,0.2026691801193322
5237485,1,0.33598895001573403
23902645,10,0.48579711870117837
36333737,11,0.25117952954498307
11020663,2,0.7634722538053699
35633421,13,0.5887436516613754
29745593,8,0.4375032036514279
21412318,0,0.4814510299399322
10962448,7,0.36000991665373444
25273365,13,0.9790500015484552
34793989,0,0.481252224149267
37644632,0,0.6813108088722666
26881631,5,0.3128418762154472
7486189,10,0.6400385183719809
33595230,4,0.37112729217855983
28831539,2,0.26192724592179467
37360343,12,0.23838468613955052
38777654,7,0.36259558089171484
9316697,2,0.3686984629094082
22773905,13,0.25705559661171495
19733666,1,0.507261024275445
10511654,0,0.8865781632466896
32473192,10,0.7616002492919209
34884408,3,0.35129132711609073
38540394,0,0.447569883957801
34333594,5,0.3595624442256883
30969513,12,0.3611853693070261
6273191,12,0.5540464831781575
6808798,7,0.8977522377188034
39541791,2,0.4431238872322419
21803956,7,0.3983847161312126
22881585,3,0.5071280273620364
34164137,5,0.38702705080446587
40101925,4,0.8027689453821802
35242940,13,0.613687228893487
24119708,7,0.2922546110436342
32704870,5,0.3111935737651523
37619571,11,0.39124036312415456
38947967,4,0.3958070764863813
23619945,8,0.3744142421803009
30271882,3,0.27564377977492077
19883026,12,0.3822890906965573
37078919,5,0.5065174621350041
23285743,0,0.4628840848992542
23002438,5,0.7129451454306498
21757544,10,0.5075155152459284
15582956,0,0.3204360257027048
30850829,3,0.26898154270784724
28933739,3,0.6213921628868515
37192937,13,0.3394263180651343
14069890,9,0.42804605031890935
36526140,4,0.45954411146031665
2763432,9,0.34441309505064766
22044220,9,0.43799348537534116
35337250,12,0.6461121364948614
11280388,8,0.4033514100110268
24367930,7,0.5334124882015736
28242902,4,0.3922548095794421
5097092,9,0.7259288222012795
31019573,9,0.6862900021143182
15371505,10,0.34178109530377293
31100433,6,0.7532093001597885
29317262,13,0.3219246077260102
18427711,4,0.8554423223467339
19337952,13,0.27670007404391783
39529662,4,0.26328166801676234
26292906,13,0.335701054768096
21362224,11,0.6667084902419259
7502566,5,0.5185692424722096
13202649,9,0.47696856916144126
33737126,2,0.48376746567260875
35808754,7,0.4024603898385208
20248760,0,0.42238201210281323
17592581,7,0.43786667743767327
39618814,10,0.467529058073902
39196788,0,0.2574273765758229
14313025,6,0.6758846245701852
39914160,7,0.4243768815247893
30242328,4,0.6436494961622916
29452735,1,0.7063373911807
27032991,5,0.5449889678378013
28789986,2,0.6216043116981912
34436091,7,0.2479880523717091
33137277,12,0.5350079157898721
19688078,12,0.40472221023522104
22403897,7,0.7264158522043542
22859493,1,0.279188062832446
35992600,9,0.4571498339450062
8031636,10,0.4910468836483873
17156769,1,0.595046901731394
36702421,7,0.42719210779277167
36953452,5,0.4474376096771299
6197580,10,0.5451125555441215
13918652,1,0.3882860005428997
749000,2,0.5899627256016983
24627919,2,0.7202107086181436
12799772,10,0.40371512580374475
14794296,7,0.5695142837890308
34130717,10,0.37531717558320926
19803039,6,0.41108904354735326
23460357,1,0.322737759196801
19084223,1,0.38029354724370146
37032174,9,0.5882136488998903
37247111,0,0.4549596267055694
9224284,7,0.36808050270511544
38405122,0,0.677535118321651
34833473,0,0.39057760826226223
32661495,10,0.2519996778685889
31523241,5,0.516679243892682
29349522,3,0.5303927157836181
39454471,4,0.534705252009675
11622700,6,0.2544376214377463
38691009,5,0.47794105454885266
33344809,1,0.4583353673756804
21929716,10,0.5402040436114306
39384922,7,0.6058233015615776
27390751,3,0.3273668207848771
27618651,8,0.7748018505938152
35754837,5,0.41477417832449653
35362707,13,0.33037896548938356
7259316,2,0.3013074324602433
34988748,9,0.6877457119104092
25183798,2,0.44162672631001904
39584544,4,0.3843040944098061
7433232,3,0.6874720019617256
31905949,2,0.3728948603564649
26661177,1,0.31409949470385473
1780763,1,0.5501011239616002
31216574,3,0.20820123491208775
12886902,0,0.39772267554887675
7092821,1,0.30998073062239523
32636307,2,0.6127062812974658
7995202,11,0.35396218354060904
31094044,9,0.3124748093072432
28712167,5,0.3352882074027043
37981890,12,0.5989663848446206
13309255,0,0.513250300508482
34739151,13,0.5488778957682565
32918014,10,0.5741682690504893
7668551,12,0.3619269412680624
35933201,4,0.4678414734711733
13872174,4,0.4593336840038096
39071050,5,0.43871698388606045
37852994,8,0.6241113061413056
30625881,12,0.5470075142187008
14929304,2,0.3518951134126325
16484167,7,0.27473877533805974
17403175,5,0.6792401019941231
11394820,9,0.5927321235929227
30006740,10,0.5927013610407235
31254278,9,0.7762531750234712
37176167,0,0.23155270717481008
39864563,7,0.6251424031347536
37472336,3,0.40136639010830466
31548586,6,0.32001625330061184
34145566,3,0.4172766696818087
26392752,1,0.4022628119352721
39396610,12,0.42204008394174497
31923003,12,0.35858856462262495
21963929,10,0.38744629256412566
28949303,11,0.39485022354197674
36494860,10,0.3038832902740817
28976249,9,0.4016622521626874
38725187,4,0.3589568234099327
30272269,3,0.31325482083898154
1053344,2,0.5566655083382037
885625,12,0.44414749024336236
13167990,1,0.6026910901107961
39518534,5,0.4580046196550063
19573477,5,0.4380635926846697
31437660,7,0.7736308368677199
31057009,11,0.38704185588622203
19494449,9,0.2839729630797634
30362023,6,0.5828231491311803
34269772,0,0.2604661745594611
34012417,0,0.23691184328989123
2924781,10,0.2818152785670868
37441698,5,0.5590050537085465
35894570,4,0.43033856816352234
8537375,12,0.27439489547700335
9006093,0,0.38093003593252406
33795535,1,0.4929351610294378
20720108,3,0.33103449335668966
32152613,13,0.46937717643660626
32514077,5,0.2986398362043342
24265375,11,0.46572839162605884
38315475,0,0.3562347586422121
1610781,10,0.34782598169084833
8682848,7,0.5314244958168219
29882322,7,0.40673097494823607
18835525,1,0.5532635445830449
34023927,3,0.702785055762866
3494780,11,0.5216663453934653
21830650,1,0.8852754712867745
20801032,5,0.6593527316681042
37528718,10,0.43248818203535483
8367609,2,0.36278774544058573
30719986,3,0.26864267469757164
17819152,2,0.2966924414530066
19508028,11,0.3992610085829801
4642589,10,0.2164504054125809
16786633,12,0.42429750012053336
14505086,10,0.6906118746575711
39302594,7,0.25864316509842916
14294353,7,0.3335973931090099
15182284,9,0.6580657931474977
28500422,13,0.42161854110923513
10914416,9,0.4392771310864846
39507711,7,0.2589582698528984
30676333,1,0.4584495175102977
31504353,3,0.5669487576355751
36839212,10,0.34226616194410187
6479676,12,0.6282336514042948
34132279,6,0.39476975707569356
4494532,9,0.37250844706578723
22186207,6,0.27232587955754634
30210677,0,0.2415074465006277
30633320,13,0.39941914226730235
12241550,2,0.3989355734047033
6014428,1,0.37513317045878514
17755621,3,0.2598578880747263
37279357,11,0.43377981022897394
27489781,5,0.4128585531737874
40076534,4,0.8157365705104701
9876838,11,0.2942380099967065
30710144,11,0.38854235037693885
8394680,11,0.3736679482622578
30357527,0,0.665025581258117
28099784,11,0.4586817599826035
18213789,8,0.34195574029899983
22072112,9,0.41172859514330823
4903413,6,0.6093368810968343
14220505,11,0.3595700197517062
29988241,13,0.9303908173568906
26785354,1,0.4905805600808582
601874,13,0.5606361064206711
39090875,7,0.4881665739173959
28097247,2,0.38479285714586337
12975456,5,0.3104005118231856
35216526,4,0.20866548417481745
30607364,6,0.6557593289184713
38952059,6,0.43617390889260194
29040609,7,0.9999999999897919
40127794,7,0.5186014886275634
40018083,4,0.4023665108018233
34955321,4,0.9231886898158287
33629033,3,0.37381846861665324
16892696,0,0.3273375236713393
4413912,7,0.8234958833765529
29268012,7,0.28249915773487305
14755946,3,0.25691911836527337
35291232,6,0.29336702058348735
12550379,10,0.3137000368118853
26302575,4,0.2179794322397483
954823,3,0.5507415851044154
39652788,7,0.8408738544850501
30194277,6,0.3439876363706293
40061520,12,0.4131315966723609
26283259,9,0.6272147823297582
39839968,5,0.9488930543118098
39036229,0,0.263069256909536
27112708,10,0.2743097589304167
34892420,2,0.3231283705829811
38573769,3,0.48814188277722514
36252310,13,0.520692644852967
39427540,13,0.21871242483997388
25944968,2,0.458618589540851
5396447,1,0.6381557379382079
28950020,8,0.3349822962673541
18522273,11,0.6365014212452402
17827758,7,0.5416470868055026
38214721,7,0.4270138491431885
27921902,8,0.47078535163805996
19530375,7,0.4135226828506869
34053223,12,0.5741054315168377
5250183,10,0.4322701994632616
2049849,7,0.5836310187482862
27341801,6,0.4503024177064176
14497022,2,0.8443275919340882
15951228,10,0.5744174280259853
36018851,4,0.7229230962932327
8375329,9,0.3598634181204593
25404179,6,0.5734523704409712
2443383,0,0.4112457437618242
31608133,9,0.5920403646881567
27645172,10,0.47238644573082006
21514517,9,0.3895548062654011
12959615,9,0.4446298145802123
24746582,5,0.360361349415593
16731557,9,0.6219139233258614
27984840,2,0.3038723772326187
26902034,0,0.3573490968987964
33665467,5,0.5156437672355985
6036129,3,0.5986634393392928
34375363,13,0.4998176899166605
33170862,10,0.9999999999862195
36486079,12,0.3126005415274017
29460274,0,0.38012157447218214
31225140,11,0.3855346141495058
23618769,2,0.4865431691200681
29372745,5,0.3980468532406648
3411469,3,0.2846380450026235
29420870,13,0.2788403123549776
23403190,12,0.2180945609941386
22846048,2,0.8985658395574055
22972720,7,0.6386376081495165
23281782,7,0.5342069413774626
38165636,3,0.593394076850333
6354260,9,0.40793080152782385
28879485,10,0.35814946526702435
25904090,2,0.3382680099398054
21758760,7,0.17272647072726774
15080672,10,0.6578312507814813
2266503,3,0.3173858618208319
13871769,7,0.845053304034338
26518730,11,0.3706405088171823
12179271,7,0.7028764132586859
20858516,9,0.4782690874516283
30294905,2,0.42875295277757874
7493459,7,0.44941372193981893
31145163,6,0.24434555126738333
28035995,5,0.5643027589596918
22048996,3,0.714390041949773
11219770,1,0.663760395921786
18348634,6,0.645208791792262
10388411,7,0.5749942003012478
26472114,13,0.6970204362462117
19945963,1,0.38557841757774314
16861013,0,0.6396825798846731
22308945,2,0.7794286187799547
21716368,0,0.28004512263034964
1057638,5,0.3694097162255583
35809398,11,0.40713894525186406
8286015,13,0.26075963726462315
28384680,8,0.373661014287304
35087283,12,0.5008144111691304
20860846,4,0.2932463262344462
26747122,11,0.4870267112554937
39306811,10,0.41263318476607524
1512600,3,0.36582561115117757
35329655,11,0.15420107133332372
23446565,10,0.28557744647889105
26288294,7,0.6289882677490477
28856605,13,0.7345446123411216
28460881,1,0.30177344763438857
24077760,13,0.44090849675707927
2501431,10,0.9999999999898757
24947814,7,0.3331979352701845
30881858,5,0.6385155817410783
28316815,2,0.37850332802453335
3443157,2,0.42022613367959977
21383115,9,0.5113819503703249
33544897,5,0.5695592292539157
33476590,2,0.5686722063215361
32776762,10,0.4768359011556639
32667423,8,0.33558315967155833
16951602,12,0.5105148732538506
5363856,2,0.46818902951060015
32402536,0,0.41149282197394216
5656564,7,0.5241099037286978
35644599,1,0.42258048784163277
25849696,10,0.2544501153620291
35196753,6,0.20815852631655019
27930334,2,0.3538927405377717
33093117,7,0.38332099577036965
14099308,7,0.6199275183082529
30174143,3,0.3069855615669069
5321789,2,0.5096282600690798
24162379,4,0.5023202716574477
20528152,12,0.290006433816453
34005494,8,0.7783285705265353
25212696,5,0.7239849121643002
33653724,9,0.6849604252219639
4330723,7,0.9340537754661103
38419554,11,0.41527670129791044
25642134,2,0.5665281372719521
20019516,12,0.8832730470432394
25235833,13,0.24429993334559227
35447865,13,0.5115003358640533
5928959,10,0.5668676334444223
11357851,9,0.6710012466501931
29612925,0,0.2046334810922246
32210270,7,0.35513767713892036
18518326,7,0.6166516038583192
12902134,0,0.3995255296960853
28094766,6,0.49573897714564863
31105931,13,0.31337264835482764
32237379,10,0.42059729722129513
27925113,10,0.3874706535698273
9617001,1,0.25316226419924065
16730559,7,0.3763207933320243
37152307,2,0.32766004279380917
26330342,4,0.4942217540503864
12023488,7,0.41352791259803434
34414111,8,0.33189142604592364
34191340,0,0.5170839592391192
10653422,11,0.8424668638737917
37324606,8,0.25000216317305035
24313055,8,0.7960913035424783
33525279,13,0.7501143257927965
29401025,3,0.4560603363453556
28427236,12,0.3020247098513956
31128622,0,0.46629370322446845
12577179,8,0.6582285919494435
23351876,7,0.4692148205710926
35176862,3,0.2154294266330779
17788030,6,0.3468466576470383
32705272,2,0.32783916911406147
22938101,2,0.5633098221469803
15836692,11,0.6800855751698373
29019340,9,0.7388389576397763
5933313,0,0.8360553956703486
23927803,6,0.5502459421644671
35504329,8,0.6399572458103373
19447456,2,0.42642641674758536
5465010,10,0.38659514673521095
22239909,3,0.30660459678180807
4828598,2,0.7454068312411307
35471471,2,0.35871965118947513
17262540,11,0.32627697500884756
22686339,11,0.7937399948300845
39070030,8,0.36157201030885494
33768386,5,0.23387059327283163
28830953,2,0.3943025736154915
39733655,7,0.423864584266794
24216729,2,0.6165195811026865
37455933,3,0.3333051085241374
24334431,2,0.5848021915532212
22084163,13,0.8694684560338635
39617894,7,0.33922519975225107
25415479,13,0.6820074694105246
7976684,0,0.5574529562481347
21447174,12,0.9057546901097985
27657018,4,0.5632583811530028
15096306,6,0.8073536362382923
3500997,13,0.540784085074186
17065413,11,0.22725068432784265
31941685,6,0.4265591826956409
13023073,9,0.3027798735674967
34565895,0,0.2782952821661043
19270960,8,0.6808472540022139
23125243,10,0.4557724028637025
9219313,13,0.6214749291397887
6284413,10,0.48430407437028666
39352371,12,0.6326001346492339
26624193,1,0.7831475159632176
33518554,0,0.2991035859189441
29522874,13,0.32957788494526985
12355740,10,0.4385807869914433
38209343,6,0.5723993199572333
15675667,4,0.5704662778036815
12393044,2,0.5062860452888296
12104005,10,0.619928665903111
39100425,10,0.6903357433717485
38083667,12,0.5190622791948076
38762247,2,0.6640242199500122
5080756,0,0.42603672510724017
30506160,7,0.33686313655169325
33297814,7,0.3149796712525604
26752252,9,0.8003307071115221
26445403,0,0.3930634500438265
7192390,6,0.21462425841704538
21877327,12,0.4608126732938543
35364084,11,0.41899961522577117
16223787,13,0.1954319332232298
34879508,8,0.6748127101290954
22575050,8,0.44257492405604754
24669497,11,0.30897604251329375
10303248,7,0.6208354136949038
6540502,0,0.5149501194846791
24707143,12,0.4880715767805484
31153536,9,0.5725054945969049
2922628,7,0.8244294088218783
24877912,6,0.8307877995423557
10889930,12,0.30140409509428706
14839366,3,0.3633339309956186
39702803,0,0.45856604324727857
25965332,11,0.31079992228929504
26592415,3,0.3676291146862323
21197304,5,0.4486140092551936
5643358,2,0.8742560617117158
39275533,4,0.6987811383073687
5160965,3,0.49554480818037944
18963819,10,0.25332436765502375
22650393,0,0.3148621178424841
36782588,4,0.28531178333161406
26514865,1,0.4202156447741231
13249341,11,0.3605273571085051
19017324,0,0.7169474904035057
36762199,13,0.3833599047084226
24001123,7,0.28921474724942653
39683521,0,0.3407451798537559
14360006,6,0.2812023135042759
30786933,1,0.389335529237676
24211537,5,0.7640332855142098
33675624,3,0.2953800552078649
35538388,9,0.3703741075933643
32223894,3,0.3368529488823146
27697939,2,0.755686346065162
38995640,10,0.49352744563764117
359498,10,0.22235205531608998
34028293,5,0.6023912401180261
11687302,6,0.4470886931264988
37980812,0,0.28604130014621804
39184071,10,0.5190955778954573
29872349,7,0.7427014893920583
31172220,13,0.9004788143355179
20785987,2,0.49281862967483236
39682342,1,0.38114752394168117
31588232,0,0.20910937739407753
29165171,12,0.34120473293712916
10417108,13,0.3432560032657467
1894846,1,0.3405056093227879
17250477,0,0.3656032591277221
33791608,2,0.6280797023776793
22395185,2,0.5819897056286055
29149744,10,0.613439335574626
32142150,12,0.29869449163126044
9747059,9,0.3635714293836355
18488287,2,0.221496280480835
13884328,7,0.526408876604005
27112286,2,0.23882708231975372
30895093,8,0.6711615883870897
35877208,6,0.22010786750730751
21276576,1,0.24183360763587056
12698102,7,0.6892788963745963
22873511,7,0.19925268638074667
10131811,12,0.49151510016372607
26924193,6,0.545912210239336
7827196,11,0.3022020411596103
2838707,13,0.3898945424045102
34580796,8,0.21398175491529334
24988809,4,0.6783753873075993
26479280,11,0.6099619578163514
33458277,3,0.3815086428911429
3112456,10,0.42933350453286756
34970948,9,0.3329497742515384
16056104,7,0.5415295311442707
30956362,0,0.43575251931152914
29332163,0,0.45385032674711023
13466341,10,0.7981067454407613
34577792,7,0.29780009242281086
37973589,13,0.7170612592791228
30317213,3,0.39589731635569564
38933789,6,0.5282046228337293
2082145,13,0.9654852289536721
35068300,12,0.5048020563296505
38578378,10,0.2797936931983743
30704214,6,0.543418866873409
37691973,11,0.26753847383632723
39321678,2,0.34087465281732804
20929790,3,0.32631658044453477
36503178,8,0.37186596573160047
13798344,7,0.3065802034462627
37191893,4,0.595317912461339
8456401,0,0.26453012447682134
394895,10,0.537013767555357
39258087,11,0.5859823978792608
27647871,2,0.5031168206048835
39490657,7,0.721268989564139
22212336,13,0.6372862330997694
1445989,2,0.21942218589884357
36454339,4,0.5279505254750435
31270373,3,0.26678829868283144
23166772,1,0.4357427700076484
21622988,3,0.4187248707984029
17203935,3,0.22236063571919104
27167133,9,0.5885871727658637
27571512,13,0.5221268450933321
3419624,3,0.34888154017555295
18542107,0,0.6983461953112963
17203253,0,0.4107719687158055
24981565,8,0.791589372395648
6737846,9,0.8046300188864574
27133165,8,0.7408699201273321
33469327,0,0.7455762319241257
22269429,12,0.37743962638118955
20669665,0,0.2952704813703347
20677686,7,0.44532602812489913
38488923,3,0.520121559525219
21346498,11,0.41567071721317156
27137266,8,0.3060839095778398
33971230,11,0.7585996144006285
22847765,13,0.9404650358837102
32640047,6,0.4890527184713845
1347727,11,0.3451769739874629
39922316,6,0.5701217776617358
12189943,3,0.4301316797616614
35189203,4,0.32613039196451127
1249165,11,0.458463147620818
1836633,7,0.6615371275125779
22493605,0,0.41339526679103494
36603513,0,0.2605329101303269
24254945,5,0.5138587783989405
16100204,12,0.5777090552141124
20160902,6,0.39513836133280394
33259191,6,0.6771703220813248
38491602,3,0.22150810215997316
28672271,0,0.2793130005931308
21495032,13,0.45124443544372006
25372911,6,0.45737530644984853
35633017,3,0.4718259461117371
39644202,1,0.49088730696147553
32114215,8,0.6153607981304654
37640606,1,0.40834753427783066
12180822,13,0.20760907863029582
12915668,12,0.536470383893886
26097916,4,0.8646776431295995
31720272,3,0.27306776617616707
11763448,5,0.5184550488962315
27989674,3,0.31303549642597167
20883189,4,0.5254357026071663
32801417,6,0.42670936023283074
35805573,12,0.45745642402574804
11010445,10,0.23047597878142215
24126266,5,0.8165841190651304
24045816,12,0.5564873320176331
34596411,0,0.3138073656704392
12784624,9,0.8515032584815547
1861836,11,0.4732875685866964
28931142,9,0.4277113393798525
31805681,0,0.5857656218102281
10035167,2,0.6412157296798358
26297698,13,0.1640186605986535
25261582,6,0.4779619828665335
35587850,11,0.4228550073109763
1351227,2,0.42952680302518365
26878540,9,0.526152951257643
10555671,11,0.2923024539520206
37832228,7,0.864814015717535
18340576,3,0.2591497883393725
35247108,0,0.4162820623890224
36899831,0,0.3700299481824898
36313934,7,0.23459854486177778
17135979,13,0.7364749146154634
5673304,3,0.5239496404904537
13113168,2,0.5080571556119652
36428064,9,0.3908083633431795
19017283,0,0.3635586462123089
35522430,4,0.8321177388590663
11722950,2,0.42117791989227343
9319430,2,0.71237927089159
12992316,10,0.501561212820804
33117704,9,0.593768814541307
4427543,12,0.6364601547524609
738301,7,0.28317487865363977
2119682,2,0.7171656995111719
39069841,7,0.46988659325135085
14531544,13,0.40960123628053996
5207305,13,0.29063118866642507
30842119,7,0.6595522347431789
20028202,5,0.5333398209263555
34917828,2,0.46510317863692424
22222662,10,0.25971259562324595
34013142,2,0.3478894002541936
36924748,2,0.2839577358305734
32522750,2,0.4640374951300686
36998498,11,0.27163491279450974
29074509,10,0.5743104460076169
7561969,11,0.33251075805731956
25435908,7,0.34464099286434124
40118266,4,0.23284669275698783
37501075,7,0.39038185880502985
37800639,0,0.2318863409784898
20855090,0,0.2748718804854278
27680024,8,0.5472266202866013
17134024,3,0.42670455193891876
28868693,11,0.22548388020184354
36784908,4,0.5445700456443783
27159558,5,0.424977050283706
12988780,7,0.8449033184104299
11239567,10,0.5822841918634105
14615847,2,0.49907982144458785
17156943,10,0.5739221185266378
7273215,2,0.16777908790671753
18263475,2,0.4895127674017164
5728248,3,0.673432273367283
17634940,11,0.4294044076844877
27010588,5,0.42240225655187924
34773838,10,0.4642352884364821
31604446,3,0.4402931571722244
23198665,6,0.45055941210730127
10627221,12,0.2636923657284565
30986482,9,0.7957542466792624
39886063,5,0.6546140701776093
28988814,2,0.5297264689885748
31825633,6,0.7435009820106457
5895588,5,0.48047639834889205
19624038,9,0.6641990657720067
34602999,9,0.5786822542814603
3286607,3,0.36696799387737683
18194440,10,0.2299132360907908
1417902,10,0.866333879716268
40073003,13,0.5242540366584695
16880252,8,0.31660370986357367
31160197,9,0.457486127608393
9057497,1,0.34524211791331666
15685894,13,0.2779863235132028
26075841,9,0.4281733098089499
854906,0,0.4897592008685377
27434643,3,0.29080908252058424
21115449,1,0.6571457879081261
28533354,2,0.3756793957107071
13592734,3,0.27969494809318957
39650828,4,0.7097831724029158
38951194,6,0.5189742483640589
11773516,5,0.4241602650698405
18678117,5,0.6343329181439255
32403893,9,0.4683649060938185
33707609,7,0.3540759771989765
19560838,2,0.42526725859203807
34822324,4,0.4663976580063495
4611410,2,0.35082053605919233
29803949,6,0.9736071641120501
22979141,10,0.35238153103228154
28939470,3,0.24089993401297757
34560607,2,0.3565098369294048
38369188,13,0.5463335297085725
10586787,7,0.7544264694939341
35227147,8,0.4850061981474747
29309302,4,0.4651367534577094
30907851,1,0.9964549563966999
23208368,4,0.5941717870681029
22546969,7,0.38279517486837966
35946816,1,0.28106139748940395
23511679,8,0.32593064552510936
16981926,2,0.4779963529746718
24421993,4,0.2744042953319063
26112049,7,0.3475164935442637
39856709,3,0.40084454922421336
6024622,13,0.6242982816861087
14664753,0,0.6395750427030462
20727780,11,0.3820266731299829
31162657,10,0.9078545656227419
37154201,3,0.4715042918417801
28400961,6,0.7137215041530163
5786653,9,0.324350784573203
1902813,2,0.5748668339917283
29294646,4,0.6678605807051179
27317442,13,0.6824203648666628
5781043,9,0.7753945494135605
33979392,4,0.8764650649439986
23121942,0,0.24648700962700862
4148974,0,0.38189385353159827
26818513,3,0.4176111455711207
39297793,6,0.5487586813528318
38602060,4,0.5897569719732653
32900735,1,0.4056978181107096
2829919,11,0.2763975117220878
17593972,0,0.7540790238154683
11505558,5,0.40961015918068483
38156023,4,0.403100802092321
30360659,1,0.4406514126726408
13676141,1,0.4854464064601337
39922084,10,0.7343801115374735
36228723,3,0.28261301540762884
10079163,10,0.18897104974978807
14131338,6,0.5044647881201599
38796217,2,0.7805597421120353
9219318,11,0.21619931081188037
7340786,11,0.77880291218016
37082877,4,0.5098652917621148
33856026,11,0.43892038426302576
28293310,11,0.46775531558732114
22884370,1,0.41693420564938943
37806114,2,0.7723164477916581
30762203,10,0.3808863088761196
18610198,13,0.44543827615549414
8545870,7,0.23483907844244414
27420478,1,0.5188923084293964
11917547,13,0.649613916089848
26921035,1,0.8139795375390461
12282222,10,0.29756636212200477
21248245,13,0.8480677154856803
19841116,7,0.28972698178281625
25070051,0,0.2752722429976106
22702767,4,0.7918316208414502
29640856,13,0.3523908143267984
22444586,3,0.3644470298186985
17304123,1,0.4650572774093021
37008080,5,0.711435603392246
19542873,1,0.6093711196040081
24355290,1,0.33604081404539343
36638946,12,0.4289708019627903
16936009,13,0.43844011753101725
21043394,13,0.6217597340705204
23068426,10,0.525786593339948
12272529,5,0.40658497786911146
27403413,3,0.6035504945782534
2227469,11,0.5851942475857145
23741653,3,0.5208646470373343
39951230,10,0.22930511395881345
13120892,13,0.7606995108028575
34828885,13,0.7392900538374976
13736554,0,0.20851604219936676
32288755,5,0.33309735950895786
24318505,1,0.3690111053455479
30725700,1,0.44983686159084874
8660677,1,0.4548697721033683
37227887,13,0.7083122080866814
29424953,12,0.26018291889565964
25321702,6,0.41221862988308927
19201708,11,0.3450346763467037
29868660,6,0.9831131462055648
29004697,10,0.3197823651412514
13128860,5,0.6074550349365915
21767387,11,0.5705371103571328
33569383,5,0.7244219854138376
28077180,2,0.6381387020263821
31595704,8,0.18235408752946275
11207368,0,0.9362865735186324
5543989,11,0.288348509437466
37587028,1,0.36389726313865606
16430943,4,0.3617204639005443
16872210,7,0.44538793031492185
33281171,6,0.4498059584386002
38809840,12,0.5910005540321827
14679198,10,0.3025914564335602
28462627,2,0.7169653111120302
3680635,12,0.27912096324924573
37197517,13,0.3199618886757681
36038284,7,0.4457000220862744
3887336,1,0.9893165567870619
15191492,10,0.26131714292741115
10964982,7,0.5105026107416191
25104261,10,0.2875818743722373
28952118,4,0.4228719127058099
27129037,0,0.36565011115884305
18679511,5,0.39420929017177875
32189476,13,0.4234334771386723
18786128,5,0.2651134827391169
39915320,9,0.517450734948876
35735408,13,0.5069667512878971
29009647,7,0.5243182253781733
33287930,8,0.4874987559856406
20906948,10,0.43286896854921453
22910772,10,0.37721955316456746
29466404,7,0.4589029603557235
6633506,10,0.4434888970105007
40100626,9,0.3179630908000796
34738971,13,0.7089931916623394
2609719,12,0.2732068303172271
27003492,6,0.26896035545016367
39117843,9,0.5104450429352138
13910975,7,0.6495499089751707
36538556,4,0.5347066923474953
2685097,5,0.3733721423683547
32397895,8,0.869556398519079
25031298,12,0.36983112819111846
28100583,6,0.4428578904296106
1854718,11,0.7539592220034698
24243991,3,0.28985714258278134
40093816,11,0.4427657979684281
33413309,3,0.3261801676136821
39902092,2,0.5375740028968926
27030952,12,0.3624705111899765
22628076,5,0.47053957632434185
37252774,3,0.3138003681453081
25103457,11,0.5616293174590491
1713038,5,0.5537522294219024
10835266,12,0.2898565996593564
26153242,11,0.6091119248567043
39740498,2,0.282234824025868
39494046,6,0.32938689931976284
13351002,10,0.549391064548354
1894591,7,0.5095178998150413
37947765,2,0.6172436828175042
25075364,9,0.5246624695200374
25615853,9,0.30722851619230335
11209054,3,0.3660591795616159
37000231,4,0.7362715997841128
18290658,10,0.30097609692434635
36939681,8,0.8212336517399484
38601538,1,0.256624137452899
21866036,6,0.9604663663885424
33000104,5,0.2512133110554812
33332370,10,0.21872138493821963
14991203,5,0.22297475658892488
26021086,2,0.30140689514625246
22317436,7,0.2880862132452538
30715337,0,0.3251912989016384
22507707,8,0.8300571307851257
34738808,10,0.3290474442219427
38352345,0,0.22532586659273632
18334693,5,0.6850552363975053
27914065,8,0.2899839553819354
29539591,7,0.40758403962876383
16323139,13,0.43295865205652456
29166604,5,0.7457605850245586
3874613,7,0.5457951147332041
16715623,3,0.34445303724104315
29241261,5,0.24285001900877123
38559778,1,0.5819483367593975
31547652,5,0.4081505080898191
26050958,7,0.5282268569946088
15209446,3,0.4009560959078869
40074155,7,0.5319531155839711
35807817,0,0.5750613229644354
26323143,13,0.7759286038305474
12748291,11,0.6010769106847448
25663981,11,0.327868240033667
33076550,0,0.4301837508046092
10202078,7,0.30735925659572283
30107915,10,0.5507088249814036
39580495,4,0.2804078378805863
30114257,5,0.3386200205991606
1550134,7,0.6102688341882422
38743551,3,0.35084765030288584
22873043,6,0.767122206124208
13859811,3,0.59533632220789
36589666,4,0.6515042492014181
20195668,3,0.6983303871734118
18323696,7,0.25479841557530497
28924354,6,0.5076818262150853
28948898,13,0.5955035322548815
33534223,1,0.3535596581359814
32934360,0,0.30420521956064994
39553371,0,0.5005496869704569
10468165,2,0.5238739977158994
36821548,5,0.38099572284614935
15561230,9,0.45826306157745994
21309532,6,0.33507931729107604
39739644,13,0.7480002670003792
35279025,9,0.4378340076603577
29358872,8,0.4302558924535596
25987179,3,0.36530434985834287
39928463,12,0.385061978702964
9729818,11,0.19162164365143972
21799921,3,0.30615622630408473
38233504,4,0.5461260787246097
33989586,5,0.42680791709691457
34320925,11,0.7016939738043112
7536797,9,0.49284693836167504
19134175,13,0.5753690955812221
28889786,3,0.5068836169797046
23251505,1,0.6006674103269266
25549854,0,0.2988905565414356
19566555,2,0.5055409117976033
36772082,8,0.678440725492328
37936427,12,0.5420110034995423
30682342,0,0.2826095304013292
22084418,3,0.3210577533825022
36448002,3,0.40896343486540915
9613759,2,0.7144119297566057
9134778,10,0.8909696832775638
18935626,1,0.38360272350250946
31186256,0,0.8764305565541042
11221573,12,0.3457421659437472
24844121,6,0.465275565144632
39127002,5,0.32364933250135974
35485340,9,0.5724049397193582
3745606,12,0.1880295289843838
21463392,2,0.3589782465430409
1598331,10,0.7974841509676638
39416021,0,0.42852567056691826
37683558,9,0.46175973178024865
38138666,11,0.6488310212030289
34075111,3,0.38536351874726926
36983967,12,0.4456806190301352
38200293,3,0.4458602090578491
33642673,3,0.47389778989866344
6522580,6,0.6573412700919805
24156357,9,0.5197331144975833
6569313,5,0.6346648871696937
35721807,7,0.4462930658572244
27088893,4,0.6790127210082886
13045580,7,0.38534228595292286
39693354,1,0.2876135394151826
10679083,7,0.3403869624183652
27897382,2,0.7445812807393127
38944172,12,0.4069744621129677
18767142,6,0.7236255532904208
16961497,1,0.7343388487352562
38717058,3,0.29220958213048825
29194926,10,0.2632778729207319
23443079,7,0.4063490165104941
25838184,6,0.4041393488041523
21893430,10,0.8413034272952911
14573182,3,0.2651180834735134
27509612,10,0.6510030793866858
26711011,1,0.40244842453817203
27626783,0,0.5036024251632916
26673878,3,0.5773187190050514
2047459,7,0.433737487342684
31762188,8,0.40089121328357624
25883198,13,0.7241169781920276
33184240,1,0.43749785348646175
13966541,0,0.6182876208283397
33746097,3,0.27420117429626367
36624685,8,0.4910111824408135
9576562,9,0.6979727964208969
10442551,13,0.8113747748006402
21844710,7,0.2576017243645952
40126279,9,0.5488084499113434
38572534,13,0.4058263938750124
29152952,12,0.5686024525844365
10589766,5,0.33638519357555563
11939207,12,0.9936174992183626
28978068,5,0.42872138827771566
17368509,7,0.3586791153262042
26029889,3,0.4566158622749734
15356649,9,0.3912239032504978
38388590,11,0.2747591574566235
21804094,8,0.4456766687583045
39196355,7,0.23103657608894745
13504334,7,0.44156418477752074
11107017,10,0.4490581017993277
33661534,2,0.5435447232066785
21590275,7,0.42981083866144937
1905721,2,0.6039190745552242
38349652,2,0.43492134966385393
16999939,10,0.296771574643508
36627804,5,0.2899131585733214
30228366,11,0.2998865371519383
4893585,3,0.37603959949114507
20172103,10,0.4563739489936634
22360985,0,0.432071544830332
37933629,3,0.22351438291931286
22801146,0,0.8322796141358525
18850907,9,0.3858986578573153
8611651,13,0.661928655643871
30927413,5,0.49997094009476745
20042205,11,0.5958400368048581
7615505,2,0.5478555875432687
29183482,1,0.40374727396512183
3760615,3,0.4943421893767488
11069427,5,0.5616423547694116
29046442,0,0.43764308474750063
10106083,0,0.46948741768979313
31126179,4,0.49911113937232854
17748786,10,0.3138894747414649
26496388,6,0.4519108148823999
29150501,7,0.5812602125045504
37974475,4,0.533914433856214
32900346,3,0.3312197696581538
20808614,9,0.24268691731290812
12467471,2,0.4544387229132542
28866663,7,0.6900367200114988
35569833,13,0.8689810653541075
14574707,3,0.3839666536879253
37512737,6,0.6954626773646857
39599050,6,0.49498535036930424
3340756,6,0.26340603075159064
36076154,1,0.7945276989267714
832485,9,0.4066527614298883
38192651,4,0.2386395927634961
38509807,5,0.5192636389051465
39313762,7,0.23847280079985544
14663071,8,0.8341487801709212
25297778,3,0.42996504670027147
23658378,5,0.3399624652361279
38243547,0,0.4137126686636845
27343504,2,0.5018041010049673
39723570,3,0.5088561145074822
32344829,6,0.6249667751971999
23944651,9,0.5624851094973764
16062749,7,0.7771143868071717
18293096,9,0.8716092987022181
34491359,11,0.4287313194242219
32239234,12,0.28897366095346777
39403002,6,0.8047390573768629
17499806,11,0.2824690563339634
31923537,10,0.4908944669862495
3686256,3,0.5001923396429557
28953653,2,0.3608234966613579
34929261,12,0.4421191835736766
21557117,3,0.4259464418546961
17411132,6,0.4851086232739353
37434611,2,0.7956523157708768
27600893,7,0.42818697004745
22921804,11,0.3058991182586327
38996464,6,0.6148187454169556
13408711,0,0.6889958704614155
12642061,11,0.6496347070110542
31957564,0,0.256098392601891
29625470,6,0.5046587504506295
21995426,0,0.1775631781342077
25358368,10,0.8246885903028431
45500,6,0.21584735351123158
39584109,0,0.41593871014401457
35244546,8,0.4178327143020848
35802407,9,0.7920571609755972
35580460,5,0.22910915740395066
9903053,9,0.9888265162905255
24507182,9,0.528531759715473
17406470,10,0.27134375729837984
29400631,12,0.4629905390741619
25614246,1,0.3921841628491637
13572522,10,0.9431593038904077
3015967,10,0.25600299912035523
16371352,2,0.5459355010592372
35237814,1,0.6796415022739104
29138743,4,0.38416994581269304
31979081,7,0.2138356172526346
19699432,6,0.3780697127217662
23161913,11,0.24271416305586188
33766610,6,0.7336969875882695
32738824,12,0.4184083738013642
28382850,10,0.40886142691373095
39036109,13,0.34870739470119655
36158700,6,0.5225389235688406
39500513,2,0.3825763648892796
37042071,9,0.37820127556584576
34312258,6,0.2645702113568387
29975811,11,0.4342838749080153
34372102,3,0.5134891537848615
28248826,5,0.4306568663524149
26292114,8,0.5532979746329232
38171196,0,0.22665082136069942
10516387,5,0.3812729293798802
22681763,5,0.5572643078774858
27599654,0,0.8776263930732825
33216515,6,0.595722362713419
21639446,9,0.38438953333605363
24191062,0,0.2547783690713399
39195711,6,0.38139564911312085
10704292,9,0.2533122513223474
35768633,13,0.9094301536833067
21756204,3,0.30811251912606247
34499982,3,0.5105039068390379
35858146,11,0.8561707783647945
38238208,3,0.3272215947420065
33924263,11,0.6750978917912676
23699432,12,0.4879408286296253
16978755,0,0.440329401662644
21292974,3,0.4476573182624441
33858512,3,0.3922962081708464
26295136,2,0.5765845491377545
16951331,11,0.6456447320155414
24237335,11,0.6913708814098786
37571177,5,0.4195325329520159
33072604,7,0.2247381492741832
39880244,3,0.26382780354332
33066307,10,0.386732099310699
9332222,3,0.22411779768251633
21614065,8,0.387039902728839
33271926,9,0.39557722875171475
26899658,6,0.6511144191534668
19695494,6,0.5745379949214545
29924114,6,0.5078404362023385
27947419,4,0.24360720665676916
12018688,11,0.45179531112737903
7157768,4,0.24431597471966032
39726661,2,0.7198146463090458
33765029,12,0.4762493452885551
37743773,7,0.355774858473335
29921700,12,0.3738458740344902
17620646,11,0.37114551965494785
3238558,6,0.5892192187525036
37886917,1,0.34055157615630627
39642721,8,0.7714412619340714
9286474,13,0.9303116790836098
30087815,3,0.23500843421704284
22807436,4,0.5033948817751618
34832869,7,0.2771226383944051
24983938,5,0.3809005027697583
21341306,3,0.33672941428108427
31125029,8,0.49437148155044447
34240818,1,0.28823337808707167
38721265,9,0.5117354999770986
29917123,11,0.5072432675762094
11999374,12,0.6065423046980775
39969438,4,0.33414437166932254
36865257,5,0.3708522826427762
23553075,10,0.6129309242869138
38528759,3,0.2953455620927257
34586382,9,0.490263640727712
26594332,10,0.7341639880867705
20619851,9,0.5716940843151128
38255064,13,0.643295359813669
38836249,6,0.5947969317885302
23140529,1,0.34146295269609067
33703775,2,0.3878849963614706
36322986,7,0.5659276741759539
36588169,8,0.5085030332352325
35825967,12,0.3292573602227934
20250533,6,0.7747100251194925
35216788,9,0.5332741867881182
35449270,4,0.9674044233486192
257956,10,0.5493078727020977
13608745,12,0.34804669242272246
31511196,10,0.5541941603527026
844142,7,0.6432982210427257
35477571,3,0.5794212190091772
16935255,7,0.24453361652069533
26300077,9,0.9520683687824875
30421187,5,0.3207903496721884
39298928,11,0.40043448615865906
26286142,9,0.44245761143204226
33349303,10,0.36139302701759757
19614723,7,0.5067038537975056
34021273,4,0.6929461981432985
9417379,10,0.3965296358916405
30063913,5,0.44647380753638344
22447004,10,0.6120342065626436
11208645,10,0.5663664568924903
31749334,8,0.7852323113263436
12452017,3,0.28873376133311873
14793926,12,0.401997245633968
15034267,3,0.29685641757475195
29225750,2,0.5811907419405341
6196355,11,0.35850925466027544
39482140,0,0.38412050374922324
36571500,9,0.46246194986985084
27568106,10,0.19819309294293677
39980030,7,0.7124363090217447
24464418,2,0.3273347133353292
23655666,3,0.3262656498402405
36311534,4,0.956021845354158
27451612,8,0.49037056857468336
24640850,10,0.42861742269435343
29324346,7,0.28000093679626603
25422073,7,0.6168315080185018
35754302,0,0.3771264019478911
15284154,10,0.3361651751423665
9737786,10,0.5839228522432547
360368,7,0.8079966215993796
33328656,2,0.42549899329621693
32974756,9,0.4990514431078797
19599578,4,0.9999999999909097
28333760,13,0.667880556498055
11279804,12,0.5588141978310849
14115318,2,0.4763614645965941
40117702,4,0.5394318628898839
1634502,7,0.7006417765947284
33631216,6,0.31828793268068084
12709194,7,0.8113445359883347
27631702,13,0.5457126468574589
16711923,7,0.387673725522779
4036009,10,0.7155885522217134
24829880,7,0.6657524413805744
25368493,1,0.43962413003285516
7875643,8,0.621148513116262
36396004,3,0.5802794854132901
22937653,1,0.30343452233262286
34604660,2,0.508244517886205
37401838,4,0.7345215802284627
34227717,13,0.5575744472503
10918122,10,0.8016692345100616
20327621,6,0.6492996343823534
29103566,7,0.32103571308165496
23089179,8,0.5586935051604377
21765938,1,0.3890452785912698
26365544,5,0.3565838625004072
32617538,7,0.28571062285976123
25111752,5,0.2358365440863107
36983233,3,0.5905922532741074
37134589,8,0.4030630533127143
24274277,12,0.29917018917442223
12333004,5,0.5332199296870791
32708530,10,0.4874617478289135
28893314,3,0.44950561072967393
3131488,7,0.2225904683797489
22691249,9,0.5350105916908475
34078500,12,0.5774305554618402
36045059,9,0.76577601447646
20406771,2,0.3078541296155268
20296224,13,0.36855019499003067
8881993,13,0.24119462227145672
39369260,3,0.4041212570291286
37736531,2,0.3433100412715496
17715222,0,0.21754306864502418
39418477,5,0.38421062159495256
28950669,5,0.45753067183201707
37231325,6,0.4464737480339457
31893039,3,0.5019329724145786
8169249,9,0.4516709626730836
24551464,2,0.5383976769360682
16107884,13,0.3112768737255509
70797,11,0.7576622609308346
10056274,13,0.38933773505565716
10357193,11,0.3819025613209705
4307658,2,0.5064830093994573
35136244,8,0.31119655449833034
23251740,2,0.5097830157684506
29451686,3,0.557151436354499
26620997,4,0.3729380411440661
14129405,3,0.40178143988898146
30830776,4,0.2932853292944251
26645240,0,0.4353288449927031
14962646,2,0.43607272625282806
1571442,13,0.32594452858901957
1145662,6,0.35248340607673057
27717152,2,0.9240430661353606
7832264,10,0.2763928463923521
3387655,7,0.3914969633624281
21329871,11,0.2794789110899289
12100324,10,0.6497724589412306
21819649,6,0.6366527439953255
32408167,1,0.3816457486695916
4536556,2,0.3978218920206297
25918115,13,0.7162503202512017
32970938,3,0.35267620377800785
23254983,11,0.3907722562132555
30512962,2,0.544997244541631
19896616,3,0.40770876610036
27687867,10,0.25241830750222577
24535920,10,0.2746622471754574
6789927,6,0.4387119029663262
6782133,7,0.402019154017239
19957516,8,0.6756266682692389
33450285,0,0.3794960183330825
27437986,0,0.4086456338480035
38834243,11,0.39359929451136305
27972621,10,0.5116684058950188
38245701,10,0.34833806856455657
20462965,10,0.43979287198096667
35842767,2,0.4507302859603812
5020732,5,0.35210009496521666
38051602,7,0.5577438396469032
5660762,10,0.46156679632712294
31616840,10,0.34732702169118723
39180027,6,0.5615647796566107
3694177,10,0.5674138104761668
33977521,11,0.36798273036281764
14500373,6,0.5699907737683092
5349671,10,0.5326891207889828
30000023,13,0.30890859846594737
33787073,2,0.4941149136372576
5311711,6,0.5483092183825944
36805105,9,0.21822599138977003
35538828,0,0.338964165593928
8685994,8,0.8905594069482813
23836402,7,0.35684654642360325
35635154,10,0.33562367978159374
40111624,12,0.5130734780623087
25412943,10,0.2899319120810478
2824244,3,0.3614698298397411
25928425,0,0.8135391913042422
22026644,9,0.5018855291474604
15365940,12,0.34501574469562396
22108152,1,0.21692111255886598
19282767,11,0.489311495562236
33561005,6,0.32797074018256706
36414184,7,0.3045976835817581
28358260,10,0.4326710935233523
33273197,10,0.20293282059172715
10515891,2,0.6549242361162063
30899411,0,0.2071861929317284
24702807,13,0.24587992491291535
4956984,3,0.4375794704347569
4259039,2,0.5158529554678705
2946519,8,0.4628203837218998
19479758,3,0.43550810518622407
28640911,6,0.5321843882553721
1739969,10,0.4173642904820509
29686692,7,0.651164984466442
39860998,10,0.7303393380515294
17478165,13,0.6877069664957923
35470131,11,0.2871910569540318
27023229,5,0.30966663057435373
23940828,4,0.40554770865998513
19164286,13,0.7743714173609616
29982248,3,0.2600327829603388
39934721,0,0.2587636411053184
31555834,4,0.40464737997933364
9929689,7,0.28209753594983444
29624251,9,0.9154397883188811
14513418,12,0.3197666479393191
27614444,3,0.3072496161294954
10515992,13,0.6283754246277494
38161133,4,0.5252280762270093
21714400,1,0.6880431711757045
29010431,11,0.5220534719564944
13634800,10,0.43866550921197534
27079249,4,0.8734006327863679
14639936,3,0.7806099091670768
24631127,8,0.5838626862696357
16493553,10,0.4437475592286659
31503874,13,0.37886950604349007
35573825,10,0.4874487814106284
7168971,7,0.3746614986403168
27014924,7,0.36487552553816255
3079670,6,0.37416805140865156
10205969,12,0.7034365946464497
39635483,7,0.3145885088600773
3445006,7,0.544748570437064
34303426,1,0.4859756558387089
31043730,11,0.24513010326757362
14072600,13,0.27345258403675843
26445560,13,0.541297217112619
29183720,3,0.41766492415560136
37653945,5,0.3737244765512596
19604711,9,0.21652716639377106
19063941,7,0.44307644285941583
22831516,10,0.6131135598778709
35744351,13,0.5034757500398597
39353758,4,0.37374710111156373
19506105,12,0.282137464709752
9548268,9,0.5825274748960171
38172610,9,0.4221045114767795
18901470,11,0.6727835747821318
35739839,8,0.4855478894519017
15292072,10,0.5938058735434875
38737561,4,0.5085429786092192
9559601,6,0.6633589228132316
22239029,12,0.5074087294361775
33875249,3,0.28775764957240624
29265877,10,0.4739848278781836
12702879,6,0.7620451860751125
29492971,6,0.6582315000785421
22864042,5,0.30554431150533923
8659226,11,0.9999999999933635
38806095,10,0.8379632640424945
37263743,2,0.3091673356526106
24239780,7,0.6250505070559033
32668514,5,0.7208729582134443
16453644,4,0.581307586504021
31374442,9,0.6184099127742889
28709826,10,0.2660070746130173
40127436,2,0.39064458726222
28605255,6,0.2782813304946898
6921699,12,0.30318144824362525
23180384,5,0.460082556632697
37836550,5,0.543253179722402
39493153,6,0.6435506223146309
38963473,3,0.3774466073967177
9170501,6,0.3047739255136921
33483707,4,0.5718568914643727
28099526,6,0.5990577236144593
1970680,8,0.7032406409540793
2001940,6,0.36892911392661504
9909466,5,0.37456406430142686
12169258,0,0.30663912763399287
27096588,3,0.4209063459200905
22022621,7,0.4670032214872512
35302682,0,0.3892444851646118
30144554,5,0.28189243998499264
3918241,5,0.4195852932498251
34988040,4,0.5016706336751741
1765848,0,0.2117303159173937
33599156,4,0.6257406261582477
34329652,11,0.44503212564428607
34607393,2,0.22519281263001745
36193114,2,0.3946718984363651
4617987,10,0.6542894083418236
28264697,7,0.3977566420639321
39950416,1,0.4245541053734954
30769048,6,0.3374053183537233
32015435,12,0.30066741672603886
35897254,12,0.3735448397261355
30986381,0,0.4674287745833471
31596229,0,0.4595732575927792
29022624,5,0.28348611487789444
28138021,10,0.5053176071853575
19715162,4,0.7380536189787205
10568158,12,0.6822085974249777
16755312,2,0.71738502933148
36668692,13,0.6035501869096561
23634065,0,0.19538307548116465
22732449,4,0.5363416320023987
13241093,0,0.18826558921538875
21729054,10,0.3212120801900126
32082926,1,0.5541110037929782
16301013,6,0.3334410098011844
38151866,3,0.5275401033940715
20042423,10,0.3340637956381825
11086346,2,0.6649289407849497
16957226,1,0.7437641871184307
32059090,7,0.6296065846021522
24181001,12,0.28932375861962284
30489707,7,0.3512613815177845
16515078,0,0.23299380220221982
29578956,0,0.2800080886362455
36802411,7,0.8216194947172983
38208095,4,0.4483577855704953
19753136,0,0.39261803841832005
32150795,10,0.5768572403945651
31165644,5,0.3114144893051206
32028742,3,0.498377207022426
31521778,0,0.806277867809229
39313677,5,0.3764329970081762
32462448,2,0.5310763264532845
21666229,6,0.34053692546098996
22479219,11,0.4439631650767017
17181912,0,0.3118297040989714
10817360,8,0.5598624720875038
25744925,0,0.5978741337317918
3498263,6,0.7592052116870406
1594052,3,0.5622963097372682
16524214,0,0.5190994309287144
30224951,6,0.21185266268026728
13614877,10,0.7112758736812496
34458665,10,0.9185890259413291
27074322,6,0.22975914878791223
35810360,10,0.36859235095014686
39441925,4,0.9150704193494094
25603686,5,0.5410397708517091
5362097,7,0.31903703770242126
11619894,7,0.40365152151500716
25090752,3,0.3209133037612814
34101499,5,0.44674586107980924
29534908,4,0.5592669469472906
34920512,10,0.43590750054397054
15442037,3,0.24081755431705715
12844963,7,0.3274654194430698
3460650,12,0.5437801847249114
25142915,3,0.3296456819241135
34884567,7,0.3921551492916301
3316301,10,0.20821614537083172
13349856,1,0.6723409644865124
36000400,0,0.29648610597322655
34032522,11,0.4793353645104338
27759077,3,0.4301281318543703
21341771,7,0.2788537648493396
21222114,6,0.7726259061180248
32805264,7,0.3193761133053432
32819933,12,0.7440139426064644
35094611,0,0.42092783941423795
28024446,12,0.29209792485003433
26465349,10,0.4628903781579926
24399626,11,0.36980406612290845
27167381,13,0.9432985279799129
22595232,3,0.4714733795713409
9378824,9,0.35940453007551737
5529672,12,0.4396823391477646
20391329,13,0.252470920442456
35583702,4,0.2719124219192298
13850527,5,0.3476789581992916
10748075,10,0.22338991883053028
38884376,12,0.39619073106795477
18139362,10,0.33162834850963085
29555579,5,0.3763177962497161
22609272,7,0.5657655130337949
19491546,7,0.5281502933278835
30925695,9,0.6151175410105025
32213178,7,0.7031258104704918
33312950,9,0.25183690690449956
22080606,3,0.32284723630931916
25560537,7,0.8107593079959224
31325655,2,0.22533298231929752
17870872,7,0.27846548493939216
15941956,6,0.8096509827632982
3890726,10,0.3150819188379263
20632718,9,0.8243109133514614
12177541,5,0.4016356495466081
27137637,3,0.44168989581447277
11448412,6,0.5301496097610244
30253745,7,0.4461698753244336
14778167,10,0.19340119229170513
19081462,6,0.6428456665475484
25096639,10,0.53230999367749
33440929,10,0.4440350418775123
32614115,5,0.696974011299443
32853485,1,0.5294466085258558
22750851,0,0.41650042667119497
16260807,5,0.6858181883478308
34828545,13,0.6900044175228424
23300295,5,0.41744808729878363
26648724,8,0.6782054848594533
13277233,2,0.4106611559854614
11158988,13,0.858888777860365
9350129,0,0.3228457780924105
5871542,7,0.8973595244571643
23819654,6,0.2912665594274131
9756761,0,0.5569926880166479
21163113,9,0.25440723698935985
38998333,7,0.31990575217687617
974931,4,0.2741688535508581
21304272,0,0.24356826015821004
22354668,11,0.3063950817313043
26037390,2,0.3801521106902748
37248125,7,0.5681608020710152
22772619,4,0.5926017295364091
21255168,12,0.39425529579695784
12989576,2,0.46964788871783475
5318311,13,0.35171702709494673
32737627,13,0.7942961299032488
16076775,9,0.5197347943209105
12709945,0,0.2541892801683797
35358248,4,0.5665099584947034
36054382,0,0.623643002265238
30448762,4,0.4990992285899692
29310116,4,0.3886674072984639
5656798,13,0.6624139389474473
34014483,9,0.7649808845819627
16469018,5,0.37467903432668836
29680362,10,0.4092539114628461
6066797,3,0.6306948206024462
28875429,13,0.2737821260421231
26525137,7,0.5354093550419806
22860909,5,0.3637169851379284
4544154,0,0.6401974147619498
30399622,13,0.6073575579521682
38126159,3,0.4136107339036259
13998693,3,0.35093634808951113
18422131,7,0.7573943979024456
18819954,6,0.42514232437035593
28637928,9,0.6664660938902086
27502455,0,0.6365244347333331
17407691,9,0.48372362627292054
22141648,10,0.5903723485881931
35919807,13,0.9710782240001834
18554719,0,0.45380390982084345
38782004,6,0.9674911009477851
13109274,1,0.3929296067565215
12377473,9,0.3853079995944092
37383812,5,0.5052036217854756
19737432,0,0.30057484575759263
17619703,12,0.30129997438635964
23861468,9,0.5305197782302629
23930274,13,0.41129741481521087
23534060,5,0.25901967631156636
23552809,3,0.47655104041370416
23695414,6,0.3050597615486515
39938083,5,0.4044815022383563
21456729,2,0.7711841474043837
14457596,9,0.5278927970785313
8052002,6,0.5298146756361226
36767717,6,0.342606157878893
13881395,0,0.40805522610354217
33411053,0,0.3983362832633173
26828368,9,0.8303822745155744
9964118,10,0.715672989358919
18861877,11,0.6739347507566749
37229398,6,0.3315163319986773
32198096,1,0.3034447313036939
12838114,7,0.4527781693579617
22418336,9,0.8650471123672873
32199241,6,0.42843781633768224
12486778,0,0.37423683391094087
27925251,2,0.7932503196710833
32039888,5,0.4327697731898594
35272572,10,0.6440399423355394
32235617,1,0.35666551821765163
6175237,0,0.4419554941811463
4103031,0,0.3639204863770514
11047034,2,0.4957327477508623
13479286,2,0.5631188056072558
9540311,2,0.47633741366094273
9886575,1,0.5705792093577704
37266035,13,0.5986263060711596
40098058,4,0.6022903750872989
34751942,11,0.42937559312449614
4493844,9,0.40507505426093837
25703711,0,0.39695152332924044
4481644,10,0.8815074357961515
11668031,13,0.26940883326410026
24875797,2,0.294369285014007
26379420,2,0.4031393983456529
37404234,5,0.4696688098651596
3454437,9,0.3066483658883041
32744940,0,0.2666108791689161
6714723,2,0.46721901736695115
28436482,3,0.2402742827534688
28166439,0,0.4787231731769018
14423363,1,0.5570639170797131
27760421,7,0.6013633876869182
2911946,6,0.6381035649467218
25898086,9,0.6217463967963035
17538906,11,0.2868039955401361
38575332,2,0.5013445998596331
19301330,7,0.6084124134992138
17843298,7,0.36239322497392923
39356761,7,0.5273622804285408
31790284,5,0.37350925415848507
37273158,1,0.6613785257136019
23873240,11,0.3310253555664767
24120894,9,0.5329437110679653
11663452,12,0.3411031338694065
464010,2,0.4504171670151687
8789090,4,0.322137616205137
36694549,8,0.6439329424203579
13957624,1,0.6950461266816576
11469674,0,0.28377587646588626
32917436,10,0.5938643535080859
14028775,10,0.5688712098368099
25226759,3,0.46251649726090394
11630374,2,0.5858124052710877
20663898,4,0.3678919974874399
3022898,9,0.3377402711155639
36553615,13,0.636181798788279
14383474,2,0.3226218298521293
34647232,11,0.44467005016656425
26461800,10,0.5154176819650754
37024822,11,0.2810556447295885
34505129,10,0.2924864448313646
10527593,0,0.32139959263811024
14670388,3,0.511113915604977
1841730,10,0.9999999999825528
9762466,9,0.3198686186312453
31190332,1,0.44624681624909546
5483096,11,0.5514795127864548
25473736,3,0.5539357785671054
15184588,0,0.22810919156335624
24150894,7,0.5728403065937887
37424750,7,0.6485468163701636
33298258,13,0.6043564006210397
2255721,11,0.4415716671485635
37423185,9,0.6984841143345114
30757487,13,0.2939219840282175
14322641,10,0.6439512485023939
29449917,1,0.4509890018319755
36519495,12,0.5112879800439013
39369347,0,0.3652522088240257
38968723,5,0.3688256056950235
4850748,1,0.49693504802405164
5877353,7,0.49205932624874976
16043124,11,0.40522999679020527
34696100,5,0.39068718163878463
35729313,8,0.28997175277505965
38990723,13,0.2886973818607677
27364375,7,0.6861240539844548
23988736,8,0.36094764779230104
21456143,8,0.601748344152633
27883234,3,0.32888550436532293
35140860,10,0.5171252194337337
34861431,2,0.4701523164352899
17290936,6,0.41532343392571297
18270623,3,0.5005533832815059
30156498,2,0.5121042169093514
28255905,8,0.8078146909027087
37341766,1,0.7192994982007566
29872668,5,0.3270017632492517
17317595,3,0.34802826014516475
2845177,2,0.29498652331236924
37578876,13,0.4944993849742673
39860556,12,0.5082889931077266
24351695,10,0.2946215582085638
29529485,0,0.29597158315193767
13892730,10,0.4519067170252721
39199209,6,0.4100393614405346
34527319,5,0.3075634286455082
39424826,7,0.4307916109220064
14335284,2,0.586778449682856
36884286,12,0.5819247713486407
20422510,5,0.519265382194788
20281946,9,0.4423814622103971
19676564,0,0.4531587071737038
36554257,6,0.3063796978184742
12129986,2,0.3397056868476224
24687872,3,0.5285789031419579
11570326,10,0.39348057317408175
21414639,12,0.3298702887805393
22109275,7,0.31337336517560543
22111408,10,0.3110602933830558
37038056,8,0.4128604087773
27430045,4,0.8594525946232996
33511284,7,0.44161649243917805
13831451,12,0.6647915661253212
32759960,2,0.23368309135550175
31240376,10,0.6474936365730062
24186423,10,0.4059143131343696
24480009,10,0.404983357528356
24274799,12,0.3371261285047198
13187420,5,0.6299219050761133
36933016,9,0.2756727022152421
34400303,2,0.5508690971104284
29290874,1,0.36110178811253035
22920928,10,0.3319199676055186
33259710,10,0.9178123495283054
15328566,7,0.6695031918472618
27438498,2,0.29718653233551845
22679856,13,0.49198578147237937
36568371,13,0.5914130297097864
32938341,2,0.5528280766774785
26789123,8,0.3713414641401728
30102318,0,0.9028277545445258
29333208,12,0.3644478750307196
18493194,2,0.5823909276585285
13966603,1,0.5783676203472635
2847979,10,0.31588489091942995
13807623,10,0.48166428844015335
31998834,8,0.9110928298651569
16063928,10,0.25346843927413476
26897536,4,0.6702396644031591
11345765,8,0.4169658154849877
26005403,9,0.7321348952214979
34242919,7,0.7055111407947362
20469024,11,0.5039013395288582
33960570,11,0.4849081319938263
9451142,7,0.8471340188061589
1083402,7,0.32008242732793524
10751948,11,0.34351528644469076
2067710,10,0.2789631607002427
5154479,6,0.7171334229954365
6000205,10,0.45524159576605483
32059711,7,0.5836899950718536
21389741,10,0.3751669920127958
3224628,6,0.4540126065206906
35017332,8,0.5519174141470925
28326378,3,0.5632172407544401
37755080,3,0.4607748985257005
28722971,10,0.6314222283092926
16216102,3,0.7664486720949458
9265551,11,0.387820089186159
33070321,6,0.777459156468835
33349126,5,0.8991427017095864
19076977,7,0.3108444024263071
18213544,12,0.20014615884056328
23442696,10,0.36151856787257347
33138392,7,0.5764681695417597
27627440,5,0.267841894894718
25489418,5,0.3366544631732475
24986855,7,0.4587721273087058
38335811,2,0.3173361750298123
11677847,7,0.8710412890684628
34304189,9,0.25891696757215904
24533128,11,0.3281874952661253
27830672,0,0.448680413626065
38338177,13,0.56198943228288
33678351,7,0.24520979054550118
1726640,12,0.34450881930310073
19131147,0,0.18070148746971512
5300988,7,0.7440199086176206
27585670,2,0.6083395647573724
38937984,5,0.42728384909004763
16679560,0,0.22806564569107443
33692949,5,0.3135613428128674
28596608,5,0.4300722636992446
18632566,2,0.4407009764733128
29380739,7,0.584083986636608
20914655,11,0.32913205343019175
38442962,0,0.3586109006097229
36165262,0,0.6957859568006111
2858920,11,0.3970999385181862
12179892,6,0.5856617321533096
33542473,13,0.46797609399465256
30006169,3,0.4607552050165782
22771579,3,0.34656285044956625
13379631,10,0.5199502433022046
19796834,3,0.7628941080836052
2365126,2,0.3921933065587089
39461428,3,0.3479946136040485
8210161,12,0.32893007062836743
31422996,0,0.3847581029918173
16049355,11,0.429658065085559
19964747,4,0.5616744118483733
25852709,4,0.6470350611080812
12572040,13,0.36224410038678573
4121240,9,0.8857176657119187
31950331,13,0.253019958137283
4109848,7,0.556173314067406
36338250,0,0.602690899589092
20241303,7,0.48738868597890794
28640564,3,0.44393258936443203
12233208,0,0.4533967653338967
27951158,3,0.3907671483538738
15590100,1,0.39238246217635386
10834721,10,0.5716722270233402
20689760,13,0.5386313059467386
7581951,11,0.5927754872455532
3373188,7,0.9137242231527405
14278424,10,0.4791946823875146
30383989,1,0.3412451567028926
37292266,5,0.3962899972980199
14503434,10,0.36762998383867734
35611946,3,0.38098075163932116
17709240,12,0.5406575141380191
34003285,3,0.7109824110806867
37418200,12,0.2976403127353321
8958796,1,0.6088622800410192
16490869,9,0.19656969024622675
10100276,6,0.6999058435611639
37346050,8,0.3129778760812683
26201929,2,0.3861969753386324
2150108,1,0.5921876269163112
20035604,7,0.5310626858866059
19820600,6,0.25106602029008723
35343798,4,0.6210086396721436
37954489,4,0.40489255579628897
22067785,3,0.26737362211877147
3391920,11,0.5059383930372902
32883606,7,0.40000451229395134
6168727,9,0.5580834806426654
19749404,5,0.6498079654982406
34571161,7,0.310445191644211
25140826,13,0.550877048069406
39785661,13,0.5068693424474318
31683724,12,0.5835618204106938
25440750,3,0.42027078443181
38632687,12,0.4930307012629469
32507715,6,0.37095283910846416
5161037,2,0.21851178813608826
36608077,7,0.3257500690350815
32069347,7,0.4155485363913974
32814217,5,0.3721828360609948
37605555,6,0.3364671404777472
31619880,6,0.3642876494576731
14948711,13,0.5005549065249102
24689395,9,0.3287728494365525
39089397,9,0.34401768774618163
29577849,7,0.5272152736584409
37356638,3,0.37048048300481806
12996632,10,0.3234839018238777
28201090,3,0.41594823458024405
31237091,6,0.7038149014739844
30652387,2,0.7548271576943271
19412462,13,0.3475863440939488
31588148,4,0.5356514109308589
35921408,6,0.6933746836643988
32979715,10,0.42368903242025086
17527851,9,0.5248718101404712
27837662,12,0.5149693954694937
15526772,3,0.36889309832515915
30879608,1,0.4302388303242025
34316107,7,0.44582402748307637
31901171,1,0.5016345169141389
3617772,10,0.489930389088855
5434520,10,0.2839710958194529
6328267,7,0.7912509045578099
24900064,12,0.49076679452276734
35052362,1,0.4897039228773456
26044386,6,0.5834654966034688
30270765,6,0.79512444026678
24219446,13,0.5541087491778757
28122542,5,0.3935124056556954
36644063,2,0.257018485405763
39210127,4,0.7227532794993815
10118762,8,0.8459792691651701
36110242,5,0.3925061435242936
22975998,10,0.8621102533254305
25027198,5,0.33340690707339155
39907237,3,0.27202921651597367
7369247,12,0.5216570531653567
12879322,2,0.2947974073431424
37189968,7,0.4153493038014212
37438380,13,0.3009228261999859
25063919,0,0.2512361193210983
22209311,5,0.3463768170949509
16426387,2,0.6736039688159413
37236834,5,0.3591316877198668
29690484,6,0.44113586499774027
27920380,7,0.3830462983500129
19037703,5,0.3440567783938457
35693574,2,0.6111015965031161
17718895,5,0.4069129432300602
9750481,10,0.36285166618349524
30989051,7,0.5469781981516023
38271944,7,0.5968035578290637
13503409,3,0.6475830676209904
8626157,7,0.4457617865186762
19101864,13,0.5613997494314296
30076125,2,0.2875269200902912
24023105,3,0.530339549526141
7557098,13,0.8939907986092799
20551216,5,0.30227545826855035
3985453,13,0.24914219064298093
31208739,10,0.5243928851220304
8421337,8,0.6493939216334559
30210381,6,0.28702904989850075
32152740,2,0.6020072869897829
3175925,10,0.3929906385421194
7155152,9,0.9649679187818719
2099666,1,0.4350136317828384
959985,2,0.376762946779644
11501950,3,0.40036807236272465
35554982,8,0.4574762979847667
34900461,2,0.21459699984420885
8018870,9,0.2703778382360684
38524483,10,0.19274941182113864
28435032,10,0.3487161184902729
13409386,9,0.40341685677059036
26046256,5,0.4380503629303782
32715836,11,0.2831321744637321
7937994,7,0.7375465867324948
1823493,7,0.3925720474851148
18390874,3,0.6584584312951893
32982012,4,0.46933779172461143
5938011,11,0.37447631855573477
34865006,1,0.5376984522983782
20789434,7,0.35407596553302345
12829525,12,0.22256699251527998
36440533,7,0.4731337186440471
32943227,13,0.5048971529036753
27179016,10,0.33016941124414806
39576673,7,0.6224253211002972
31629994,7,0.6198093872246943
27159883,9,0.578878983612795
30386515,5,0.5906560436479298
17703956,11,0.28264185552103144
31226625,2,0.5670200171571804
18146149,9,0.33673265320319756
31302227,6,0.6930865447178798
34544047,11,0.20050044740190254
24745852,6,0.6953548822295221
8294842,3,0.530317363698896
35589968,6,0.24667244414266765
23543452,10,0.3003114919577129
29254077,3,0.5386620519587423
6909495,0,0.2687078139994706
38327803,1,0.4429785910620801
29571621,1,0.46706160306159816
3077557,10,0.5631749081636038
39660005,10,0.3258009924543711
14525736,2,0.31058829132323135
16782639,0,0.26209965333955226
13590192,3,0.35358476940669403
25189017,5,0.30274966613219284
32708323,5,0.32091644090899835
37356728,7,0.6187872948331355
19713141,11,0.31744116660947325
26211814,6,0.7306057709477404
22335677,3,0.5480102083929301
30646152,13,0.864307718912903
6296584,2,0.5617675176299461
22030696,2,0.7102590898103965
17596893,0,0.43205548711851643
39901135,3,0.4232313007663424
27848816,7,0.4537135536660515
32237794,4,0.6479518653851728
8455358,9,0.642848744020809
10510124,12,0.5821579524862744
35260519,1,0.30296259800271264
4765629,6,0.24816783516263877
34517270,5,0.5005986241173188
16962430,11,0.4971194073553422
32096777,7,0.2136941170518026
8911735,7,0.45372581616482793
16243955,8,0.7472743573115207
24011431,13,0.9168844780703381
5369383,2,0.5519908938675925
33776657,13,0.5985424197426281
34788559,6,0.3383227178542947
29334550,10,0.3053586740582004
25612920,7,0.32436978737119165
23504803,3,0.24736017390370593
23354508,6,0.8513193283667291
3718251,11,0.8448494498419676
17015307,1,0.37661174588520807
37272995,3,0.4839266865471407
27289142,7,0.18564402692203708
10877249,2,0.47104653613307695
24770369,2,0.5225464842429799
31252939,12,0.29598715880515997
12942159,10,0.45470547333764033
20476362,10,0.6608872219830821
4406102,10,0.5266566763181662
35225561,10,0.4667596053942631
17604316,7,0.9779029494123039
31926460,10,0.3472495099207282
15552486,5,0.450247045423907
34947935,3,0.38862982814617286
26324468,0,0.810099748305141
34503795,0,0.378761329573517
32201872,7,0.42670762983529514
39443814,13,0.3751361678359785
5649540,5,0.19490837460191443
3506498,7,0.5291916770020318
4286036,3,0.7604866987398521
26780347,10,0.38060672678850044
25394014,1,0.6520052419298877
4819300,13,0.6762043868713695
35291183,10,0.4663346384503061
29947654,10,0.8913279341640541
37973693,8,0.3678203012421325
34914142,0,0.5600346024805367
27551821,4,0.3322614107163005
31215837,12,0.38491953234384957
8239554,3,0.28448397856507895
16598777,10,0.3019964061582125
6720440,12,0.5228097534520378
31108312,2,0.5218836312573983
7442570,8,0.8103083068685804
20004307,11,0.5682002686174319
35007553,11,0.3266339810864571
19443431,12,0.6873852390338974
28410776,5,0.3911342083272006
34099351,3,0.3253782970930239
18236350,10,0.6328036063655929
37986834,4,0.3709323188383485
31502405,7,0.5333229498140213
302163,10,0.32478684000823854
26588923,2,0.28619567152414266
30604952,6,0.3593918294165883
24410900,1,0.3393653444782685
23394378,5,0.3345909349477402
22841888,1,0.381355965431254
25372677,7,0.35196210940940115
39835704,3,0.3191162109207812
8522390,11,0.2914759020150019
3001750,12,0.25578037048800895
28704145,9,0.2784470335002262
21901102,0,0.41835661409937663
12998908,5,0.3387562998270258
15467977,10,0.5329840615651936
38147839,13,0.17223694860219074
14876929,10,0.6769933730771059
16247157,11,0.35920506136185826
27534738,12,0.38454053203511307
14973217,10,0.2934595863307692
15959936,11,0.4763796775596427
35894511,6,0.4481178400874921
15598313,13,0.24078120190771723
32143149,2,0.3365385796709806
10782340,2,0.7787672616932925
32461057,13,0.35076919508174464
27302285,10,0.3085237227951392
22310604,11,0.38838604701467594
31618755,3,0.2398604967245925
30427445,10,0.30272291452594624
36534850,3,0.6130830625566575
16039463,2,0.3686037380293472
28166011,9,0.8647391181335884
38727035,6,0.384404703679093
26780348,12,0.7689853590310131
2484527,13,0.9638136244968534
14122272,10,0.49062727008995494
29506802,7,0.20394040965565843
19824805,1,0.3475148448992165
17454216,7,0.4532531445979298
32378475,2,0.5325942513881412
7218795,11,0.4145590857448759
33249350,1,0.8244787148010382
31109366,7,0.7409769325839544
18902102,7,0.49918898242637066
29212205,12,0.3451997180363924
27723909,2,0.4812875259195106
38110263,4,0.4953576756044941
34823688,2,0.3864822891176275
3916762,4,0.29266385390588745
29523772,1,0.5206450221042991
37433093,13,0.6848029812315487
31883505,2,0.4314455207450739
8905268,2,0.14875570212202252
20074620,6,0.9620121377274452
34494748,2,0.6028751699952025
3187964,3,0.5188885504871744
25984273,1,0.7025509011442985
2283704,2,0.5061650968917305
9151102,7,0.275363324943413
25041144,1,0.30340054995588184
7017330,3,0.5985462011039328
25973366,6,0.6214037677277251
7092000,7,0.33678842140539245
12052478,11,0.6607944811824151
27518112,3,0.4281394030408536
4387869,5,0.33428205314694176
38118721,4,0.7400511144982539
28595893,2,0.5927709222417472
33231938,5,0.33608874100345204
39354428,7,0.28638532958919394
12467607,2,0.40657094857734066
35377013,9,0.3429441035855623
33650960,4,0.640271927508976
26547421,7,0.4944854969602429
13498784,1,0.4655125091619172
33744765,4,0.7161707224428663
28062955,2,0.6544401684619899
37757747,4,0.3241348379137795
2792650,5,0.601097118165085
24298752,5,0.4130178998406992
24157535,5,0.5875699704842388
2189288,12,0.3484206029594958
18274671,6,0.3508895948925374
21364934,13,0.3529179856068309
31013472,10,0.8261995228824099
32211446,10,0.48099631138584115
37538925,9,0.606474647149803
7531310,2,0.18073176020511683
30678737,8,0.5841210706203536
27024986,0,0.44434452970914295
19750094,0,0.6954836568435365
27839195,9,0.5157360938871389
17839322,3,0.36052359495734054
13807320,13,0.32905323169455714
18413305,7,0.3599807003155462
18915920,3,0.4162294946396644
10149994,3,0.290879223294772
35645548,3,0.3785519381813831
27785855,0,0.22159987220056146
6315109,0,0.4436100284904646
25701196,13,0.6469905394819337
34737206,6,0.21396190237197363
22379520,5,0.7563985106239309
39609356,6,0.5516841908171549
19482844,3,0.42239045340212084
24049867,10,0.3366736185124075
2916245,0,0.3311320933919986
24494356,8,0.6437362157531961
26263458,3,0.3419517125850703
13514751,6,0.5847326308433981
16343034,12,0.29989862632595987
27655768,10,0.43319873428622735
3761391,7,0.32491099902534126
8859864,9,0.5891562869078201
38335249,13,0.6390293747631162
29214629,0,0.3704721288477725
34640779,8,0.5578226362472581
3484293,7,0.5372407984963723
6131620,10,0.7567463175965461
29246277,5,0.6335057454027663
36833442,11,0.6147806232147649
22206070,13,0.24469728943249963
15940389,7,0.5546060977961534
12254898,8,0.7122777438714272
34712547,0,0.3724461291710968
26478208,6,0.3617630005751303
4419595,12,0.3221018466496232
24619150,10,0.32556482251256896
31680482,10,0.41155969434310874
20367739,2,0.5567445565917364
37319967,0,0.30770086022711307
35349103,2,0.5607033420806922
19966759,10,0.3183241592677919
33747385,9,0.28600689502937815
39769196,1,0.34489189033175316
28955958,8,0.21386769699400268
39846705,5,0.5004781807999433
20275934,13,0.5727017732033866
10287169,2,0.7057886299791876
38681740,3,0.5767197707320549
33405556,9,0.5736482345711486
17844578,11,0.6260621655186637
36957520,8,0.4340501246676
30339413,13,0.35580016813829735
2485378,9,0.6966421735602953
29504692,13,0.4638738819015967
15319280,12,0.5984488805918967
22581301,5,0.33491504618691653
19722370,9,0.5218226686109627
17103215,2,0.7476791662677904
25964026,13,0.37796039673095994
24263020,2,0.7201600813810058
34821477,10,0.3038956738980436
11190471,6,0.35461680188076417
23841975,13,0.78658326000089
12676566,3,0.7016572631859773
28289187,3,0.41237028299253375
26005454,1,0.5264018215479149
24677659,2,0.24230741646041612
20283478,1,0.6476098570066842
14760751,11,0.2809027068314998
11748169,11,0.9877429844482101
33185147,6,0.8575032875913107
32235671,10,0.32592217987522765
11600196,0,0.24424809820537396
24109903,2,0.5063113240037456
37779884,10,0.41393274797202534
38464661,11,0.37699447829380817
26387986,4,0.45596210530979636
8146785,6,0.693385245054191
27761466,9,0.9999999999873033
36523313,4,0.4053079477444507
14231068,12,0.3662191925678754
35813212,5,0.4312568812042601
12970896,12,0.4536561872574958
38854276,13,0.41127693852004266
30644427,11,0.2715015224183189
29687436,3,0.38328738523628086
4771412,6,0.3732215238796302
13318206,11,0.6423933521857957
40099281,6,0.5733191540696221
22146370,13,0.6212209615545456
25144789,9,0.5098279638578567
20602077,12,0.21550326635698216
28006100,7,0.8378348700823122
28755771,0,0.3581977914435475
27437598,9,0.45921960463301115
39312470,3,0.6396293808395478
35685503,11,0.5320043671055737
10267620,7,0.7861205088912039
32190404,5,0.5459817682719246
18038167,7,0.5088404221484576
26103821,12,0.37326508693461263
39040174,11,0.46093996486230654
31958477,2,0.461043504676933
28158403,3,0.637578370731517
1042751,9,0.9409168146056706
38288881,12,0.3724760215744561
34242392,11,0.5325883084091062
12666990,13,0.9917549696940353
26529379,7,0.4232566949867833
14469145,1,0.7149782907509726
37343952,5,0.512216216200436
35164801,12,0.4177284868108334
36194091,7,0.6086913028601508
23226947,1,0.4646540220963481
18948788,13,0.4675470730350936
11069704,10,0.522695896976381
20966608,5,0.6644246170276829
40003839,5,0.42322660906545406
5266978,7,0.5117238573167858
39834321,8,0.27146385046996463
27459302,2,0.3888264676824308
32710729,2,0.5489861397842186
30782551,4,0.6133948470202792
5846807,10,0.9073382104556406
27116740,7,0.5291468416493833
12738919,1,0.46051256561943776
9388993,9,0.6490047000971866
11473930,10,0.8341589100684248
34827363,0,0.30763346795505986
30963292,6,0.33099728780455917
27442298,2,0.7459869872178905
10103296,5,0.2084339483261165
21140038,10,0.569818018095227
23864242,5,0.48914437466845473
39539606,1,0.4689580849675944
2280961,7,0.7150932936202499
32953280,0,0.48060248885085405
36144718,6,0.7269818242447624
33141595,9,0.9652383124371009
32424555,9,0.8068763063839451
23566946,1,0.34061115513251267
26522320,5,0.3806551099929682
16154623,11,0.2659923360922014
30989043,10,0.3928047153957754
39491327,6,0.3875947180765614
20909563,9,0.42848089504925285
14692753,7,0.42503297059519424
15408275,6,0.543755560657822
1728266,10,0.49669089687686496
12797658,12,0.3947937332579996
32910093,10,0.46782252688680653
31419666,7,0.25709256509622297
21801387,4,0.3528419389451797
38621672,10,0.3744435186649614
15784357,12,0.22538272491699657
36040996,7,0.8558372926732991
36145275,9,0.33542625621681604
27264026,7,0.417907886380588
24130044,13,0.6950173627901308
19663037,4,0.8251575219312723
4940791,0,0.22764829354457888
39971822,3,0.3424513889988385
28357779,5,0.45193019761825737
12779053,5,0.20208533160383732
38109221,2,0.6533905933132405
16619882,9,0.4651429258204283
33923032,8,0.25114050687652695
30373912,8,0.30234996068006
39602579,2,0.4502138520371709
33168284,10,0.436225305224606
8542725,11,0.722068362112284
35593238,12,0.8130278962795457
8506239,7,0.44277337301081743
28247778,4,0.5527928133003682
36636416,5,0.5418007180506629
31207528,0,0.30918958571259963
37759458,5,0.5063718275159117
24971830,8,0.264058099233118
34990016,9,0.3283048493362567
19758322,6,0.36723940699631286
21766905,4,0.6570831512625515
5383830,6,0.5385452945948589
31687379,6,0.35387058532769716
33787173,4,0.47942459288904177
38578685,6,0.5147313040140362
497765,9,0.3633524510613833
4214261,9,0.41808320382666825
21782655,9,0.39468601962557204
24514571,6,0.7292967106344789
20042478,13,0.4158027694711949
34084151,13,0.8284336585691066
37757839,10,0.39115836843965374
1951012,0,0.38805361194517096
27277623,1,0.5044019012983662
3634420,3,0.5289195624432438
8633365,11,0.37338791021780143
16322862,0,0.35781137078779146
37984214,8,0.7097944083031756
36599584,5,0.7002814587225685
29539245,13,0.4349380988662188
24166569,9,0.8633298043719873
31058993,7,0.40638947898953737
33451965,9,0.5816404074071645
28271655,7,0.6147525651864972
39957629,9,0.36929774772343643
18772706,9,0.6845705765313266
11463527,12,0.5966599640644801
26629789,1,0.7041788511481899
18833731,6,0.4199024002297746
23627331,1,0.4937118982627744
23606561,13,0.4518171319735609
37871418,6,0.5753117308513508
24235836,5,0.39809081882345826
39755553,7,0.2717861347391708
36734595,11,0.35598621649385465
29529852,13,0.39742126957394097
39088415,9,0.4917645050289074
10523242,7,0.4702175162657892
24764779,4,0.6279371896689342
37953055,7,0.3415964470006154
35340470,2,0.6242238145105555
20691097,10,0.3378134006488625
4121003,3,0.4634726139272863
14847243,9,0.5693536182687874
14115254,3,0.4394056863539882
7850908,6,0.4329975873052047
39668776,13,0.3778792538246646
35669130,7,0.21888715914285242
37084709,0,0.2663407886226193
15153497,9,0.5420126290400414
10546330,2,0.57035150245213
20982069,0,0.33966495852168294
17128105,7,0.49764531765956704
24595617,0,0.2910520590398948
39021114,0,0.30604322155527103
3225894,11,0.27447533267119706
30905636,10,0.30419728420730197
36135220,2,0.5284070623249749
4741223,9,0.6933480033311218
2262351,6,0.6835108926268392
27857842,4,0.8586754168947148
22097185,5,0.255842670461857
11343188,10,0.3394210132574594
19545064,1,0.5842682373741692
37911147,4,0.7696318805472666
3301139,12,0.3484725075689736
2242909,2,0.5174446516947891
8927624,10,0.4867119667397986
23589314,10,0.5346510393697096
37736744,7,0.33113344644735815
24850991,10,0.6069181238525537
40074315,5,0.6658196454219908
18132963,13,0.5988341530037844
2904542,12,0.5113905146373963
18838118,2,0.5118042265669412
15801524,3,0.35874462430772563
30385570,5,0.31590080907710005
35440549,3,0.5098156030780429
28998193,9,0.8890621584340497
5953297,0,0.5086104341708004
28799449,7,0.3353896068093313
22349767,7,0.4895969166696297
33506328,8,0.333572109465011
21322474,2,0.3820667584136332
12804977,11,0.35404040205734133
29214580,10,0.33409448082155635
26848198,9,0.328415356151227
5761208,2,0.5994892602578413
34063345,8,0.752893485864623
36043542,2,0.6970665962049426
27571494,7,0.22367479006657048
11541123,9,0.2688526180625182
20778398,0,0.30304239408909917
32955115,7,0.31186884059571723
12255031,3,0.26567519348440893
3155441,8,0.4679999114232745
23709154,0,0.4106435349951439
32158990,4,0.761355253164064
2869251,7,0.3551783369789425
33006721,13,0.6202138003669471
16161727,2,0.5210228089277271
18097479,2,0.42618062296701187
24720194,0,0.39414478282925614
25259947,8,0.5969417102239114
20960667,2,0.264590269052837
28183305,6,0.47587975536847965
17643674,7,0.36558673982912565
29375661,1,0.4178539426136646
19849651,9,0.6176880154949601
15081981,7,0.27009365102947586
20911147,8,0.4320424445022176
28969485,10,0.4078478886317087
22921617,10,0.4868628130563308
17923619,11,0.6856909757224448
24924909,4,0.2177531166138702
35077535,3,0.19177177489255126
18080556,10,0.6188690392163818
19311933,5,0.48620101964451773
21324828,0,0.4799053264744072
27299542,5,0.3855563761711688
22875270,6,0.636670132257735
11762197,10,0.47615181154320535
36591107,6,0.3874671776377225
215132,1,0.5322791906278023
6933535,5,0.421383576398766
37780246,0,0.7171146220408694
35391458,13,0.3102481166684968
11267853,10,0.43107805557138446
35723759,4,0.791324564294147
40048298,12,0.31293374449667777
29708990,9,0.4477445259023337
31281202,12,0.3855178703786369
28754971,5,0.5711188875340456
37677148,10,0.43818836675346295
25614165,4,0.6569922134157935
15797670,9,0.3039116347553862
31206079,11,0.41284771193579317
3731278,9,0.3704445100977463
8205789,2,0.5376398340262942
27508442,3,0.47992223285913427
37180112,3,0.28907626702952666
17283906,3,0.371550807411448
16762709,9,0.5735574892217697
20405887,12,0.7311091956775168
31126596,5,0.36784069304703515
25565919,2,0.3837594896655325
39726455,6,0.291020495445226
39478117,0,0.5505524938095786
23422449,2,0.5690216976059645
23319936,4,0.6483954934251264
36051581,7,0.3049233096692007
19915697,0,0.5904683812191911
22968915,5,0.5871025183497758
6680676,10,0.5586020233224878
28646167,13,0.5836528706053747
17515430,7,0.6322225316862627
17312176,11,0.6571922531193491
29597758,3,0.2652411973388791
37528925,0,0.5512132457662746
35408919,10,0.37984068202379395
20183423,0,0.2513755339954548
23456629,6,0.2479447839509714
19591301,3,0.18876269894107
20518782,12,0.27857475066170645
17773782,10,0.3814889538017591
26005781,10,0.3092702435390216
11683761,11,0.7955847616211087
19260253,3,0.3874133894167859
18792933,12,0.464099998899541
36814983,1,0.4920842575710663
17776417,6,0.2713344461501289
6671620,1,0.44667235734537425
10513076,1,0.282996323363602
17677203,0,0.519542862123434
22966655,3,0.2702740925704151
12830512,1,0.4007821686273071
20569675,3,0.46546161402881375
16959051,4,0.6855015539018001
36024163,3,0.2370435839007731
38790548,13,0.21000660952502215
24495695,4,0.5256042145694672
39252085,3,0.640023705326837
14897833,3,0.6653544287597792
2351008,6,0.34328171224995946
27261512,12,0.4838277134402593
31792671,9,0.5660717722331234
8461230,9,0.500454305289708
29667990,7,0.46299706338845376
8709975,12,0.25878116963770265
37445896,13,0.5815141956266966
39509491,0,0.33992731080335264
16341661,0,0.29525407121873
30257062,0,0.45964738796422866
434641,3,0.5894018660195064
27545182,5,0.4078905315232301
12165200,0,0.27323854366829226
8187461,11,0.49765344563131625
32743427,8,0.6002348837284028
6194736,9,0.26345060014177935
29855646,12,0.5299258206113175
10214105,6,0.4934412649734475
28863676,1,0.5202875403982817
31637263,7,0.5114145203163557
3505479,3,0.7256017702916598
37761161,11,0.29680730725182963
11557413,0,0.26195837028791225
17858891,7,0.26631781994058296
32945426,7,0.417912696161717
31220768,3,0.3508374135279045
34816130,13,0.5067277240475615
3284289,10,0.4178387043655195
18607392,9,0.20615103159911857
38987557,10,0.29606003286882016
6954108,10,0.6694451921786047
3871209,11,0.88754096661272
30565945,11,0.3850190541745729
27887825,1,0.5101774774962811
28304802,2,0.5729870676443328
25404688,5,0.35916111543109636
35543821,4,0.4511666687219259
40108890,11,0.47182408346280713
31468051,2,0.5126626603905184
23576603,9,0.6172163264272446
34912054,6,0.6446890573854352
35588158,3,0.6776287834544491
15477314,0,0.1932442863487234
38839590,0,0.5139690088537651
27916710,8,0.7293307027954236
21742740,2,0.7049609180322796
17749799,3,0.43641644177982036
38839402,4,0.3151896527375038
27800443,9,0.3026472071774114
4594895,11,0.19608100615405122
25344576,7,0.2986214059260446
30709539,13,0.35391850154384574
36413949,2,0.385009549818473
30538062,13,0.49474238586713454
19150818,4,0.4025491978060661
18444819,2,0.4476669075515412
6465549,6,0.4053680821840101
19082614,1,0.7058445504945802
35545624,2,0.6601989906793486
11202713,10,0.6349586495913601
27444493,7,0.2608367859228693
34238455,4,0.37058946859729125
37697942,2,0.23298655337313062
36879701,0,0.40349492170006607
39890659,6,0.3303969320842461
36758097,7,0.36841748306450306
1362997,0,0.6568033139941837
32364352,9,0.6199418523401623
36983733,6,0.27549206062596204
7268886,2,0.4325340421643366
39561622,3,0.5560293363305596
4362402,7,0.35949959076679733
35959542,4,0.3904008184127364
29987799,5,0.3167680948842499
32090776,5,0.5544126060281097
16872857,9,0.3467181752489641
11128686,8,0.30239730159285555
34209906,3,0.2086247547163391
19729531,2,0.2925073312404988
39239916,13,0.15311349439058342
11531741,7,0.3584754797456389
31324305,2,0.21140004561572961
33464064,4,0.5627522421333898
10011484,5,0.19848029395248754
26215286,6,0.9209210449042577
14922722,13,0.23679727360427563
28221985,9,0.6743499913130755
4081724,6,0.5347620234321803
26534002,2,0.5145418999392762
30533636,13,0.39078953723231563
38784970,3,0.5083590102606376
27429615,6,0.5482850700087627
21235816,12,0.35421102187477616
18028824,6,0.38483727493044423
7403966,8,0.3289574932489462
5773216,3,0.44968333659567805
33907127,8,0.32923138457292866
27886783,5,0.4181864053454594
26276632,3,0.44072518430528534
33271442,4,0.5180159164233106
35944522,1,0.8232859913860245
19918169,9,0.4062299589688247
19167181,8,0.6764736959116912
7832248,8,0.3652962854109494
20506116,10,0.37004978697776225
37756963,3,0.466244889692599
28861063,7,0.4533761876827306
23676543,5,0.22466496389565338
1148709,10,0.5171721535504373
38831874,12,0.31636935870936794
19495919,10,0.2866758611298779
31009284,3,0.604809448641852
31775468,9,0.3740335575146661
22077328,9,0.4137388645366138
28275352,13,0.7895631044211381
27320092,0,0.37972835674928046
37618263,2,0.3038536374924949
29415537,11,0.4243243095058002
31936573,13,0.5045106441512747
2627715,10,0.8478111716991604
17378480,3,0.3316532412299513
17301887,13,0.27621297407473994
29726919,12,0.6218845537256479
697594,6,0.3520778729955898
9130370,0,0.33316717708508437
1647112,9,0.6704888657490097
23387891,7,0.5346737226371049
21100368,0,0.9317547929110651
3326514,2,0.4160572075638787
21806814,10,0.9448295131680418
28089861,9,0.5782020122354544
29312763,1,0.6097013040519051
33379171,7,0.35033677269399466
27376572,0,0.3851271725648304
20694420,8,0.4015217101444585
36408096,7,0.48866919214919924
38059812,3,0.37264170005525654
35885981,2,0.364386403632556
39959713,5,0.5073938543388854
11773755,7,0.42520612044694617
35724250,6,0.531719569803302
37498562,6,0.2863968459366592
26065027,3,0.4109172800889398
31361377,12,0.520519373844334
9862655,11,0.3002401722248753
20801229,10,0.5739850867346707
31767593,2,0.43160358388970127
20486032,10,0.510166342710707
29817518,5,0.5147963042584665
40024952,13,0.30138787380971155
15951488,8,0.3523098564852061
37124944,10,0.3265981706951212
32225209,11,0.16716271295358293
30395720,5,0.27341187863549504
19945270,5,0.5997336371341973
34906380,4,0.698506680139302
25251913,11,0.37418902564701945
23185486,4,0.23409103514355525
30189013,9,0.4178516942790718
22138673,9,0.9093503722095431
15025695,8,0.6283073731718921
24420910,13,0.4601125291755895
13807860,11,0.6952456991627647
23235964,6,0.3170298175664981
36627895,9,0.3636827163314176
36051263,11,0.4504391065860436
19559191,5,0.3262898694136461
30945113,5,0.1897793290473151
5784870,1,0.7719428064362366
27556628,1,0.4846986440029645
37184776,4,0.4857230906209881
27076503,7,0.5642311179011652
36658202,2,0.3975612028061081
26070340,4,0.7675267944735924
5919452,0,0.7302916674682188
37977885,0,0.2740692467168926
25284060,1,0.29948477920936445
36340395,9,0.43242593448706157
24923806,5,0.4255371184627752
3182760,1,0.3196163475966411
27262353,1,0.4755741709710056
4324049,5,0.49635450648924617
31458426,9,0.248845990242184
30894353,7,0.25903182507985506
13696208,0,0.38644106371242193
28609758,10,0.46128214107232923
24707349,10,0.6104581090845294
28989262,1,0.7577154734776792
38978084,7,0.6936651964064938
25858046,8,0.8220820221772775
33726819,13,0.37574685899852983
5342504,10,0.3114559605356008
36377501,4,0.40719298526667186
29528597,5,0.4691550120474726
10067415,13,0.4486842680188067
34928725,4,0.42356492885873925
14389513,10,0.1934169555526701
35027685,7,0.40728697344131265
35913975,11,0.3632336076018216
19294898,2,0.6465843099751948
34439940,7,0.40048989309477884
33669281,7,0.7454532875609577
961263,0,0.32701644546058595
5616570,2,0.3647485201278128
7112657,0,0.6082243756034892
2950275,11,0.3537533066589474
19214785,0,0.3847782085217625
497704,10,0.35452762834856805
21883116,9,0.3141608827727834
31536071,6,0.24573788218240372
25113281,7,0.47371142447009135
37293307,9,0.4124792313099483
20103304,11,0.4076307343895385
24191466,1,0.38995568419005133
32154849,6,0.2947783475566352
32939452,5,0.39466637793593273
3835548,10,0.6723399687879809
11626793,9,0.4036177925262215
30188440,0,0.3544298474919505
27670416,2,0.43782638999992224
20570647,11,0.3740024067351137
2007195,10,0.3394810619891353
19841900,1,0.3551194547214343
26995818,2,0.43076786122026084
8859994,5,0.4870191158314451
39229207,5,0.38276027483094893
23151393,6,0.5249373203815559
7115392,8,0.37217545394811036
6982578,6,0.4605164290222454
38546693,0,0.26523008148299876
1714027,7,0.2738522799297465
28571614,9,0.42154614470963675
38303812,5,0.2898265199659144
17807808,12,0.4389722304429162
3519565,9,0.484585116544931
26494397,5,0.38970885286653323
12613888,8,0.7310089522508304
25949775,2,0.43400482888457914
24481790,3,0.6304444057026793
34980768,0,0.3558164814846956
9341880,2,0.41663667528713894
32538245,2,0.5656359535919538
38445975,1,0.31303891698365227
29605642,5,0.7563758603785096
26768773,13,0.6157157717003144
33852659,12,0.4630467731778244
19709893,12,0.2918922496719197
919104,13,0.6148554828555483
35726066,9,0.36058783167615555
28982305,9,0.5463028235556081
15079186,8,0.6032371111334731
31751210,13,0.6069945305983652
34122809,10,0.6034601201699565
28297973,11,0.31172467751279104
25065616,10,0.4543407869618285
29739253,3,0.23438448785518234
37573805,3,0.5070986416423267
23808327,8,0.5064436628903537
38354580,5,0.7265814622687528
38278157,4,0.5365001735346432
30311997,10,0.5528095359827606
26030515,13,0.5850086395203482
16716813,7,0.6777829007421848
33360370,10,0.6486319612787705
15159027,11,0.7149113389540515
25185638,9,0.49008528663273826
9290018,6,0.5720166443909553
32115900,8,0.4955697509300564
23800442,2,0.25777888323159664
25872711,3,0.45527763257136566
24661925,3,0.29200937669107274
31098412,2,0.3818154677816998
36723393,5,0.3699603560712777
37370745,5,0.5591221146755008
39725880,6,0.42225717300171833
32202957,13,0.7148293892970021
24705101,6,0.3006555652238456
30554047,3,0.28284626025240134
11443884,3,0.28850019428032647
15215644,10,0.23440075126816154
33787662,12,0.2305033273537715
31712145,12,0.7352027302095789
36325053,10,0.6193616227250991
38862349,9,0.6677239789506652
16676780,7,0.3804610687113375
32071339,12,0.4615262378047011
11912580,2,0.29798813098760424
27244736,9,0.38869694008652816
1585181,6,0.28986725467609076
24021831,10,0.5047065753932477
10670621,5,0.4391302453996594
35848046,0,0.36717919467040294
14570318,13,0.2566344464439039
25689111,10,0.5361965340758342
8654634,6,0.545475304978134
3915315,7,0.7048260159663046
33086536,0,0.552055268044648
33004159,13,0.305202563531803
39107647,11,0.8266641556662949
33209743,12,0.31474884453153296
25253728,13,0.2994547957234563
3990344,7,0.33191557299156477
20820830,2,0.5945499246780479
39796484,9,0.7432127663419893
2963302,6,0.5158459416930962
39396929,6,0.5062255845189875
4382875,2,0.3605705427815827
39669082,10,0.2974414243930249
39726124,12,0.3302192782851764
38792944,5,0.35789238161351855
35867650,8,0.5577310291878125
34065566,11,0.9999999999899214
2315151,10,0.8158737593462215
29114189,5,0.37427049795385897
30745001,5,0.5254484953495733
26596101,9,0.31543771342232296
4105376,12,0.9303546591606059
34790835,0,0.2594440736781033
6985783,0,0.49789612698289315
33116546,1,0.39673702497691576
17705736,6,0.8286958947209707
39736249,9,0.49882847136059144
39102563,4,0.6347246938755797
17379479,8,0.4484169038141419
27730044,0,0.4130939076696767
4150443,9,0.40387236644089514
18992373,3,0.44862005255625576
8898131,9,0.3365175156684135
5960249,0,0.5443832132176163
1419065,11,0.3159651905697056
27488573,2,0.36050937987768045
19041486,7,0.32341912716464244
30191881,5,0.28982136841904305
31929202,8,0.4209650616360988
24748925,10,0.610478272124183
33588745,3,0.41681290987945396
34181387,10,0.5565680546362802
26772053,6,0.34996683041299104
37600213,13,0.23100901295654386
34659063,3,0.4255017866861759
65076,6,0.3509477630609965
18949768,10,0.3426750923867385
6219446,7,0.6458997713508318
9645087,12,0.3031309442640878
12208989,10,0.28889692430693714
10237717,7,0.7071562656966539
12620570,2,0.45835220368566887
28992662,2,0.29059102816126964
11538483,7,0.8381057091213372
3384576,2,0.380501232737976
36991185,11,0.5927382242339256
24455581,10,0.3994078956371474
7453553,10,0.3797367071873738
37007318,6,0.38026086212715016
31371559,11,0.8452521762178231
5980042,11,0.2585650390454566
20062470,4,0.5419476132424171
30950474,1,0.37765015832214394
29754562,12,0.5084701791784819
17661136,4,0.47834825110036455
24985356,5,0.3086222106748193
977491,3,0.36237689393124745
16650426,13,0.680913700933196
33792332,4,0.783122965674116
9927699,5,0.5952651440783311
15964056,5,0.3963922363989408
27834477,3,0.22403909359603869
34365760,10,0.7387793017391171
26750855,0,0.9061753293626639
33074967,5,0.5047962791877518
11405673,8,0.32774182391608053
15283478,2,0.3809014110494999
5378616,1,0.38278278948179945
6431495,6,0.49424439101981316
34133309,9,0.36613567365120486
36799362,11,0.36952628431605283
39748867,13,0.8564059601281365
32254464,2,0.21706306511712725
25406691,3,0.8202364102897476
34160529,7,0.3928380789603839
13942686,10,0.4590290514213908
32072881,2,0.2509302809271282
13555174,1,0.3928140975763226
39686410,3,0.41788910355222103
33022444,10,0.5854726788155123
5632351,11,0.36730009443639433
15728613,9,0.22463290828418653
32626982,4,0.46848509453537734
2369492,13,0.9379322482505683
29647068,7,0.2297585295459939
28008622,0,0.35920102762441025
31879751,6,0.5207964012143351
16701416,11,0.635782161998816
35780960,7,0.23541219100460992
16189728,12,0.7498556673329501
23603419,2,0.47867670954145125
16610311,2,0.2915781257244115
8106900,7,0.7227116812588475
28653011,2,0.36600952411263543
5031196,12,0.250596419742603
33986145,10,0.25811402315777265
18926732,5,0.20754556679284225
8304203,7,0.382469582216196
19569556,7,0.8960948955396307
29683082,2,0.6520812094168429
23837498,5,0.4539904465241333
9420886,10,0.7355567109150057
26943638,13,0.5217225454817934
29280210,0,0.23842925062736745
29469459,3,0.46060359985627336
25724788,10,0.9429338357605084
21156519,7,0.3436481786749579
40106794,10,0.44123276688069984
33541956,3,0.4946520995600464
27271227,8,0.4262320860418659
21266199,9,0.7417578398891642
18664226,2,0.41838677011339154
2076260,10,0.28400324818060707
30713062,8,0.6270013744384619
19316074,9,0.9616251157974712
5839286,6,0.29579932670234765
13409460,5,0.5560617947651614
18342087,10,0.9410779038018237
3958750,3,0.29917270766547616
22953025,9,0.4181841435354731
35146415,7,0.5309510258201323
39022897,9,0.4813115710183227
10278608,12,0.621487404932493
34264828,0,0.3008930116124227
11399335,10,0.8721262309687646
24425864,5,0.4010128838890749
33017872,2,0.8253709929175368
9354087,7,0.7219903174807802
14174241,4,0.7681000618147895
38842022,9,0.4684138415564995
799767,11,0.7537379160258119
18227946,3,0.2590810273514178
31397595,6,0.5927785493966874
39912648,5,0.5504010953116123
16822996,4,0.8261904664636623
33786851,5,0.5739157481237639
31330324,5,0.6152557227794513
33440615,10,0.29365688539166407
25191505,2,0.31957802058900847
14946705,7,0.9026602729815351
9200252,13,0.5422967928895566
32304371,0,0.6129970815124693
17043317,7,0.3821146461047559
24984349,7,0.2846617744968087
27618733,0,0.23115838903999775
22801985,2,0.9142332118350925
36700879,7,0.21544487228892054
33437134,10,0.4443363418229072
11286506,7,0.5124070659085299
1879914,9,0.5035998191816277
37044652,9,0.3437639299691842
26896941,7,0.5975326600298294
2752809,11,0.3543150981480282
39040554,3,0.5217746307423585
18403885,12,0.35441703959964027
38225615,0,0.322462677767477
16782976,6,0.3557135913402559
14227419,3,0.25708609290327
37559255,1,0.3532073488389966
36988764,3,0.291651489915617
38695103,4,0.623815216026345
31833355,5,0.4163780488354174
16140684,9,0.6026333336521356
23924832,7,0.2769695911965824
21268941,1,0.8037925034482907
10566685,9,0.32481246408385467
33039751,3,0.33551444135782804
2365774,10,0.8619180546282932
36048769,3,0.2654496431434101
30150626,10,0.5445424817316226
37818218,7,0.3072687148012974
16310668,6,0.29991552649343
15366886,7,0.3162151198152365
34060332,13,0.2924215144656358
22138596,5,0.3295284641693009
23684381,0,0.3508086837331269
34770389,8,0.39342714594964356
21516883,5,0.44740634386749517
24357730,5,0.7036266395209366
13847687,3,0.4106305703096121
36561417,12,0.27586866048020703
11868964,1,0.7913965820951044
8268551,13,0.40449081014836225
13432995,1,0.2934267034425798
27435394,2,0.5539820281648791
18794873,7,0.5856082663228354
38330841,10,0.55649695322825
243865,12,0.5310646470015292
12584135,3,0.36865952215289716
32205982,13,0.7258299522946253
33929195,10,0.5424342718704273
28163137,1,0.42455008313009
22570602,2,0.4973159933666422
39146957,7,0.5253097281252268
35962263,0,0.45820954227040545
30258804,5,0.49728863942453794
3918306,10,0.44175828104121034
8143682,9,0.5206464045763535
13424700,2,0.4828120569641809
36554456,7,0.3247794353222263
35895383,12,0.35484383212486215
22122511,13,0.5333109405827762
21312584,0,0.3165122616660068
31544762,9,0.2892868239896861
14875450,7,0.2455521075146207
28429501,12,0.4002861033394175
28708752,3,0.44358697664433905
3730925,5,0.46448634756556023
36713215,11,0.2243086063037803
23185148,11,0.32433189614335217
30482350,11,0.43247537692699706
4083440,10,0.5898416467762196
26549118,13,0.27260184901999596
33614967,10,0.5174293225953963
31444232,2,0.5964113822537978
38116494,10,0.7602207040622551
7280033,1,0.4053495224291783
33718724,7,0.30781067676998075
21739815,7,0.5983510311656087
22614244,13,0.36653738147108594
38334293,4,0.6505564572461302
5397985,2,0.4797037754762016
39201783,8,0.8319065702160856
17341129,3,0.8205425114101694
17854468,3,0.5829202348184601
35269201,0,0.512388384292232
15798765,0,0.40436022414422107
304216,7,0.296982746451814
29622305,7,0.26688818560288247
7225906,1,0.35782206815627543
36818291,2,0.19763044961196768
5236855,10,0.30595454870207256
23183298,11,0.35788238823309065
30663433,6,0.44612355443580054
6680413,3,0.46050760697155685
34386667,2,0.47941591859154564
35915075,0,0.35963224339710825
34905616,11,0.5780858978825548
32185089,5,0.638834454207028
2892746,9,0.1617927920820589
12249150,10,0.4705834765415803
11811060,9,0.19596291160135448
26843598,10,0.17880339718378147
31560065,3,0.4416884068643965
18632703,9,0.35656467182675033
25046307,3,0.4068652694121176
33699529,9,0.3824039716826459
24951563,7,0.7177673140976177
4012841,13,0.6126432746371939
38453545,4,0.34742704283926873
16446357,12,0.33079523887113793
11732805,0,0.38633504330897334
37017377,0,0.6250935399526165
31684032,0,0.2945119814944516
12758430,10,0.2949026661612733
29325967,0,0.35169517199261285
21196441,10,0.35767724642171816
2557179,10,0.7591673686924846
34136717,3,0.5680500608727324
14794234,5,0.272715173958914
8586216,12,0.352129033705231
10509527,12,0.7434690402970059
27230705,4,0.5720742797013018
38264887,13,0.6265946294355079
37199342,12,0.32968243355344107
15783991,1,0.38486154085818025
36188632,11,0.5168534671045892
12746149,5,0.4178550837680525
113007,6,0.33987543909924095
24236852,5,0.45114555698724834
8563464,0,0.3077427087951969
14442951,12,0.5877798685882578
31497645,5,0.7219041597647988
38774805,13,0.8649416865942235
29033280,6,0.5830749078781523
35303596,0,0.38554688644486923
7456638,7,0.5762660822765843
34814606,4,0.44929578035576545
30453243,10,0.4562546732152499
15676333,3,0.5957387566767606
30752535,2,0.4251729885093679
25847411,7,0.19961549333262543
39813838,5,0.6168249426804595
22276750,1,0.31534098018008827
21667547,4,0.3105240237680591
10694204,11,0.2488511749494832
14306122,5,0.5459756361957129
2593496,1,0.47428862034300556
34858888,4,0.8766468376332851
27649503,8,0.6373845485369007
28639239,10,0.30623216781946244
39804399,6,0.5013274437174106
26058595,3,0.3515852119105042
31062448,3,0.43502901439322345
37960880,10,0.6118119197201494
39842674,5,0.17136588318995755
35596551,3,0.2423125824913281
26149844,3,0.396695840594061
33934702,2,0.33963523999154854
8271139,6,0.42353544850099006
11323334,5,0.30832197530338096
15556930,13,0.2537276554108709
3292488,3,0.531722479782819
36632776,5,0.48872996228809956
26178626,6,0.7238256752364455
19988465,7,0.3989857916687612
34134163,6,0.627634106497196
19770628,7,0.9439326194378254
25606118,2,0.4817480111634933
28300910,12,0.2181252036481007
16901279,9,0.3142952236600946
39778606,1,0.4198941048514977
21880348,6,0.5811031628453849
13286855,10,0.9003934409790884
37895568,1,0.5267868698458357
4955452,9,0.7007829293261776
20402109,8,0.5863430428803448
20267264,6,0.60397342475469
19460527,11,0.3973040636728761
14080790,6,0.44977339982587844
4615762,7,0.9462040163817159
23619989,0,0.5637679397828699
33306572,13,0.3268413128671723
36469715,7,0.3289774285215451
11274297,6,0.9685078143008825
28139948,7,0.3445772490185926
29933565,10,0.5723012205945845
31375656,13,0.5582150653627712
33132925,1,0.36143616942814805
38918342,4,0.22391692588396916
2865538,7,0.7476326655384218
15915570,10,0.5960724753710098
31465489,7,0.4849094782023089
26256787,6,0.5416540514146713
31482286,1,0.6057942054678995
1497038,10,0.652137368206852
1031851,12,0.7691371471375182
35358223,3,0.25565663652739673
8275573,0,0.4055623359627465
38187286,1,0.7544837595858526
34754900,7,0.5609002798041269
30934591,0,0.40450869336060646
25745729,8,0.8384843683252604
26824576,13,0.6920701209623317
19410585,10,0.6887407529973815
29689220,7,0.6176960739228258
2363602,0,0.3049736825262804
27824979,13,0.5408060895570251
1716117,10,0.8503389046438549
33622099,1,0.2438084455214263
20184765,1,0.5046557138246457
14423794,7,0.531008919668775
33400367,13,0.35752445934572347
26203698,1,0.3220393919294183
38816915,10,0.38119465374106354
39053286,5,0.44821898556468065
31929854,5,0.32419028302723785
33312046,0,0.21020415581882543
6397463,7,0.2188486394293235
22107524,0,0.8477159292789314
29024136,11,0.4090606625899939
21800753,2,0.6692404124353378
32384782,3,0.31744396171300604
36071578,3,0.403265726263132
9320463,7,0.19102244032339924
10167463,0,0.332902985966396
1440323,10,0.28865260508924034
12566065,11,0.28284477284974
22899109,2,0.3463279384151431
22966531,3,0.399792801529499
5964645,7,0.4093369033009839
22732384,12,0.3196299450312924
24542123,1,0.45103615629569516
6215311,10,0.3471844421515683
21136591,11,0.3401405626525531
27736588,10,0.4542919992148798
19765214,2,0.33027818019958455
22770640,6,0.4065508093430037
34709457,3,0.42071646518224
38776350,12,0.5974317206093788
34884432,6,0.39453412227330675
9361786,7,0.35451105282540196
29314424,4,0.4643764480917111
10253450,3,0.24078502853028763
18003178,2,0.5755802575301113
16905645,6,0.569083216594696
25462467,10,0.5388792612736676
1111317,9,0.6167581678598765
5399853,2,0.7200666824498178
30762378,10,0.4298611611056989
39666459,5,0.652042075500866
7175376,10,0.42894883902651043
13219546,3,0.36495978437081916
17278597,10,0.33093677370975116
18996444,0,0.9247246098672549
22177950,0,0.21106155474213872
39148579,3,0.25964670802050427
20601480,9,0.7219289401999862
18755043,7,0.7715960228385025
31832319,10,0.5725545766268636
35066809,10,0.21712097045685239
34104452,12,0.6248370379233867
21645318,7,0.21125498586149705
23640272,6,0.45524605296645826
16781444,5,0.5123224032499821
10757063,2,0.46455381522731215
11931530,6,0.7945334586130408
36036605,3,0.29333373858542855
21921812,2,0.3683916883591161
31211521,8,0.7491933942000315
32920532,5,0.43409494745169186
10875937,13,0.666306714685623
32049437,10,0.45853253285952483
3523174,11,0.2652546901941351
13513627,10,0.31108727330545527
34212390,5,0.5330438679293891
10540929,8,0.6308667209147539
30952385,8,0.518844874457478
26482397,7,0.34457925983665155
34846651,1,0.5902010515609547
13167907,10,0.4396201230931626
37236666,8,0.6432968306454696
16802902,1,0.38746051608811793
37369727,6,0.42411892676151824
6971819,1,0.32475940305165246
31445048,3,0.31356449743092046
13608636,3,0.3072227324794195
33337926,3,0.715683166564464
32981567,10,0.4092748289796312
36852532,2,0.3291566778318778
22697210,10,0.683740544696626
32958393,7,0.5884256198558174
21642959,5,0.30494132082615666
32553356,3,0.5884886226605142
38369629,7,0.29136794174555697
34339218,0,0.27503174356606724
906509,11,0.4303987804564644
4812555,8,0.45965778886276765
31210786,9,0.21347614359572512
10260350,4,0.22854831342957901
32970684,10,0.520398520445175
26269366,11,0.5054346073504409
7288686,7,0.2207920741822798
12652905,3,0.5704941908432226
6220274,6,0.9222164199788131
36599346,4,0.8409888880382174
8745130,1,0.5123659925169206
18196251,6,0.8099925877120056
7855534,7,0.5857791032265655
32813386,3,0.3690442783193362
32410981,1,0.3436278604309666
25107031,3,0.36929542135204085
33614932,10,0.3935703373692041
35947363,5,0.45237843405925315
30696978,4,0.6901105855365038
35973615,5,0.5459623682837531
37863967,13,0.8216369609846969
28517258,5,0.4220191509804115
6675556,6,0.2269144232440375
36965951,12,0.4276924157679898
20720287,0,0.2492977870581676
24757551,6,0.33365763586484065
17185238,6,0.46217988452806985
32469591,1,0.8970487678015038
14321515,2,0.5095638148572641
30760451,5,0.3568046718845615
11302648,13,0.5030432804870405
26921020,10,0.4783477900266192
37515461,8,0.4754316462695804
15870647,0,0.27902200050124565
22925285,12,0.6200707030426036
35835966,2,0.28016590218247167
17636160,7,0.44081156875063976
13658447,0,0.40284006047623644
30317740,0,0.39299354489925215
2507726,9,0.24357228722391294
24918930,7,0.2570537634679785
39689099,1,0.3889755614708809
4710094,7,0.5292900358012476
24493563,10,0.895031199797331
29708456,12,0.3612194212974222
25647871,1,0.5211151728938664
25360450,6,0.7226392369932012
20454118,7,0.4865423121157857
16185400,12,0.21016923056944256
11539632,7,0.4709896896245024
24963054,0,0.5406148293088842
3109951,7,0.4449190734090232
7299344,3,0.4079752559413482
3589214,12,0.35294398438711516
14824822,13,0.8850676176725002
11597345,6,0.29082366199319126
12448592,5,0.47026413653911286
38911202,2,0.7644807726607626
33939486,8,0.1538769435038422
26661420,5,0.3418466911446343
38620892,0,0.5720462595995702
22788135,5,0.5046852566191022
33200590,5,0.33273424932012524
39842332,7,0.8353940199106371
38810448,7,0.41048304279817605
17960311,2,0.5972342200121198
33330276,7,0.3102194445924324
26114518,6,0.3987876993434969
32360641,4,0.6430806528796864
24592132,1,0.25694585541325216
37309031,6,0.391733533433239
39285004,8,0.5115243110302711
36004227,2,0.4808487603339993
3493061,0,0.30524621209908315
39059631,4,0.3460681692424881
38895282,7,0.20965872226716117
39643601,4,0.6949976999268503
34994814,3,0.5286062732505091
20804629,12,0.41939727176643665
20454066,13,0.6918481851121834
17092138,1,0.5175893016843566
37049021,9,0.37161060353882025
21326245,3,0.31475252540638254
9359234,12,0.18932473267626082
22824829,8,0.7276980513738189
35691265,9,0.42509743415622253
30541311,12,0.3597608312649605
33427357,7,0.2536487608542573
13492764,3,0.47645523288511316
6769068,0,0.8150600117732277
21814379,2,0.5447546157412546
43315,10,0.3356697537062572
35167805,8,0.43482249453960164
39065074,12,0.5450789102293574
31577488,7,0.5545195215321669
26637692,3,0.2805713129495069
28250315,5,0.6283650267011769
20720327,9,0.7242745608800432
39548189,8,0.40422380183130696
25046076,8,0.5087334701433048
26283045,13,0.2674634840981046
33764488,6,0.7142419536226496
26479090,11,0.36958468986332077
33875497,7,0.5863086308897535
15374261,4,0.4466186252822996
1733004,7,0.6565740108839938
1516795,2,0.3955528279806137
26290431,5,0.539987171875164
16453067,7,0.3524607741650415
34506575,10,0.47196951073670484
16833449,5,0.3229236174022128
5575335,1,0.5513898103020028
21782642,4,0.6486461448968853
24050168,11,0.885452152577134
29227383,2,0.9536404040478662
36144060,3,0.45757191389259505
6281744,13,0.4766000784289195
27248226,13,0.3239033821010478
9162030,9,0.4805900797264351
35169828,10,0.3368766640468918
6273634,8,0.26232914719272965
16503394,2,0.497875342809441
21750126,9,0.24421048439840404
36496860,3,0.36889223741674476
32132540,9,0.5220756048828155
23857386,7,0.46932764553171435
36733181,9,0.310969534145979
13205133,0,0.37451917365174797
6655991,3,0.4015743819066895
28184919,7,0.6674117601604397
13282143,11,0.6812734900838303
15519615,9,0.3969933191832958
15786685,12,0.2804720025066876
37545479,3,0.6164683150195832
39059225,10,0.4779217450199753
25122152,8,0.2813589318111597
35684275,6,0.6630807880231898
33191513,5,0.39777650944085113
39671392,0,0.9169251186028254
29236584,0,0.43561378477074064
17527785,10,0.398078027768163
19530017,0,0.36782648136929186
26466328,10,0.44198634319154606
22384473,2,0.6311378136295935
8898352,6,0.6043111328335631
30535230,6,0.3655865055521234
19717236,10,0.8107077274887549
33851179,7,0.8327120130097186
37141213,7,0.5976304485144425
31812703,12,0.32676264470706357
29199766,3,0.7856860662063282
16542846,3,0.24827199194613017
27473156,10,0.295920669654102
39169563,5,0.3418538811255769
38071986,7,0.5414671378141127
21857523,10,0.6780397133513321
25597837,9,0.4042592130671293
35118386,7,0.4248900775683163
26312400,11,0.383696238592035
31868996,5,0.45745929604153357
34217288,5,0.6811655628042365
28398105,2,0.7925143978004486
27228704,5,0.31693025580673356
24923226,10,0.49320679813290064
21685019,8,0.434932655558552
3048902,5,0.6982456486250495
16387509,6,0.4020244294301356
23113840,11,0.5820613115019659
37767026,13,0.8517152859337652
31578300,0,0.2074844261648943
13608416,13,0.48656556464261735
33462154,10,0.49885831699184136
39031168,3,0.6056749603856023
25928806,4,0.7635285336632567
32305345,12,0.4791187794464052
35527313,9,0.46910864767527277
24574385,11,0.337098499045862
13917041,12,0.6113762613636136
14250664,10,0.30480028830109307
16404230,5,0.394791707639547
10060174,8,0.6644321891343958
6198009,10,0.5163330027778144
8190750,5,0.6449825116133182
32929927,4,0.9715252384574757
14531332,2,0.4254749120594188
9517536,2,0.36102188601582347
39897553,11,0.6587017978421434
32229882,7,0.22687705484417928
28516980,10,0.41075553880452137
2393238,12,0.2477585078469131
20132822,11,0.3864341571592449
28144052,5,0.4486210840723241
35709901,11,0.3428891686407173
16827622,9,0.39457118479903225
34494209,12,0.2519901778324414
6632197,9,0.5613470187619144
31653179,7,0.4938593501113755
6083090,7,0.6345107462660055
22108576,10,0.3550196112426072
19116880,12,0.6231199635645909
3376666,4,0.5713712434602881
39501774,7,0.9834789782292563
34641019,2,0.288070345703827
8844771,7,0.3019882586125039
35214490,1,0.6297717110184725
5466971,3,0.4464414625663104
29884168,9,0.4283575785730555
36044604,7,0.4326417933422427
26725227,10,0.34166700869391387
35332251,2,0.5468693144574656
32528940,7,0.3533229191622236
34440211,1,0.4647074373459895
8977679,11,0.48112746721648036
13628710,8,0.30413256401923566
9839735,7,0.5367616727591485
3384094,10,0.6134789667938028
13333212,5,0.28832057707768177
23171959,0,0.445333055519966
2490335,10,0.7408816348618442
13651952,2,0.5383066528212451
32886927,0,0.27318663496124695
6988779,7,0.731733610141313
22902640,0,0.4470767269745168
30315217,7,0.4043336598630527
2992458,0,0.3715571636418655
9407771,10,0.1778441685166025
27191621,5,0.4584730401303303
36322133,0,0.6510788095572814
13975845,7,0.3976385040843717
20128592,0,0.38361182601309884
26450021,3,0.6519547872882032
7372316,8,0.9672409261076587
9853227,3,0.45337362305067036
22609760,0,0.18456021771965925
11908017,7,0.6778147499804443
30810028,2,0.4171018678286541
22992073,7,0.33868429198520306
28798788,1,0.6112992600438818
4020027,11,0.45564983339444154
28462413,6,0.23420452740205513
27436584,9,0.503064987511874
19185764,9,0.4930531758857789
34396151,3,0.3753010780872975
13977970,7,0.3836266033373839
31349924,5,0.5004375534666434
27866164,6,0.38078379674448337
16520441,2,0.49528730548486505
40090710,4,0.4443918435940217
11974442,3,0.4249054982791666
17665330,6,0.41918469344579135
14735777,0,0.5249665375645372
32808383,9,0.3756535693206354
29127126,10,0.3017226716477363
4547096,0,0.43679915810126385
22533368,10,0.3592267244925114
30656857,9,0.5023576784221995
39146371,5,0.400475466376895
37229649,5,0.36839694414706203
9186138,5,0.28175442644564264
37557880,11,0.4496921388631042
24801359,1,0.2750485503240763
4414082,11,0.2676091571084317
24878083,7,0.33987288369494506
1412169,10,0.6060395349871367
17749629,1,0.430002236368329
15100566,10,0.26631835975493623
18924417,8,0.3280331433507936
29612228,10,0.32353210549954503
19485445,9,0.5063001320917476
12072181,10,0.39503828541953173
15302569,7,0.3068001543645145
10668585,12,0.5318745029696107
33907328,2,0.49086664427683063
39898887,1,0.21198377192546972
2527173,10,0.4073927839974974
14322078,2,0.4412989750987379
28325622,3,0.6622738935870921
29588645,5,0.2663865480736537
38818400,7,0.6597896872942673
35654493,9,0.5641771092759025
34868885,7,0.7482484851830871
31566219,5,0.8815157078371498
10772503,3,0.4411262168149182
30267236,4,0.29578601527355547
30781432,0,0.6053684350653906
29576655,10,0.9339554970022199
11282924,6,0.2293599473040388
35527720,7,0.45064340863592756
39383914,7,0.39082426753359045
19605652,13,0.41055637638121056
16457159,0,0.2864464767084564
21164262,6,0.6602113753228038
31549024,7,0.5410367933247947
27622834,13,0.3577138919077876
28670800,8,0.49101149020119905
9656390,2,0.5667084181505453
34932354,10,0.4009185537952371
31553534,3,0.35238253484868226
12803566,0,0.3864375723544649
35611901,5,0.37843951266950493
4232433,1,0.602212362723644
15837810,13,0.45070294411457024
10902340,3,0.562419080727137
15791330,2,0.5385948029499823
12939975,6,0.5219376803892144
37906775,6,0.3706270197135023
27189980,8,0.5513750926224023
33571976,7,0.3104314655014899
35517702,13,0.2946126945910839
35609196,6,0.6768747803936195
17975165,3,0.2639771245315606
7548328,11,0.40358107787798503
22130697,2,0.4430516701321582
26576778,5,0.7496107619428711
28100042,10,0.5679994778629016
23295811,5,0.6046271837561279
26088745,11,0.4410869876544958
7679970,9,0.5791165665279921
4411370,9,0.6146947406162183
28256067,9,0.6491132244569577
22014672,12,0.40372661236414603
39172450,8,0.36093007700900825
26482791,11,0.23910863619091857
39106666,0,0.758203283472481
29711547,2,0.38332994520927766
12725024,5,0.4440021566264464
39234553,8,0.7127980220142192
20180297,2,0.3888788382782755
29286038,7,0.3375997181714237
22793116,2,0.4617921715064259
15688744,9,0.5562334285100405
4756155,13,0.5748026474541763
32894611,3,0.4597415338249191
10792008,3,0.5262605895471499
30430014,2,0.5726431476971199
12693278,1,0.33199296427039565
14330705,0,0.38706903547313715
19748971,12,0.3739678777495652
33314082,3,0.2715788880962299
12887398,1,0.4357151843074377
12131739,0,0.2845980655026815
36212811,0,0.5673339206773771
31522887,2,0.3392496588628371
13650623,7,0.44510663843101994
3969777,6,0.35991338610903906
37532410,13,0.6993076136287671
4279560,7,0.6499341736376316
38987582,6,0.3423811275867704
38936854,4,0.8529693289811344
11545577,5,0.34138959085047577
26626360,1,0.33151803480071396
39457468,13,0.7588927187844167
2916955,6,0.3676691702132188
354124,9,0.38321561083641625
34916552,0,0.5515431681785837
17466847,10,0.7615611238617086
8127524,9,0.24716883492579114
27712919,7,0.3137674628029657
19613239,13,0.2360596424530232
4672300,10,0.48493252855278296
9959653,7,0.34426120538759836
24673436,2,0.6159261032909824
19626561,2,0.25469478952224334
19721334,1,0.3978426174831807
14949817,5,0.7688510568617389
21377305,0,0.3201645266816288
5174328,3,0.31222760419261175
18972044,9,0.4230349407663968
35975220,2,0.6887585496398508
33827279,7,0.3762537483582843
9773350,2,0.4573930263695345
23193633,12,0.2751499449160866
17985197,9,0.47319793786668507
34142373,10,0.3998903920655134
15386414,8,0.5066054674209507
37372739,10,0.3363750836913854
24149741,10,0.8042149677443964
27397990,10,0.45422282788339496
7084194,10,0.23883446545747258
30765738,12,0.4878567143856103
9779946,5,0.5265441498894674
38703468,2,0.37212667795274684
30271118,6,0.5416398770920317
12595394,10,0.5414154103594484
21823855,13,0.43540469031029566
11039063,3,0.3038792038683009
38123049,4,0.4280634384706928
39333854,3,0.5196071234630844
16517043,2,0.5337539860210686
28512271,13,0.5490117847002134
31074223,10,0.4456954717976193
36825740,10,0.47127017654349296
27372639,13,0.32849548209060947
35143956,12,0.21690675958696662
29897712,3,0.5324758898129995
8790038,6,0.5185321534953663
7165381,0,0.3380855174287226
37406445,3,0.3312980823722571
38330416,7,0.35470420500764377
38468364,13,0.8146053768375067
34702300,5,0.23488764393636608
22670505,13,0.7212939255676393
5141559,5,0.5311091604357342
39554637,0,0.37680811037463147
14290645,0,0.5086500175171627
25277807,6,0.45966297538724316
38122696,11,0.4543117527057313
26326421,8,0.6438838584150898
26609475,8,0.4156886424888508
33880999,3,0.36263127082725627
20613315,2,0.5582013555167918
18418838,13,0.23273130476341852
6422148,10,0.2891291998092407
36659453,11,0.4296128939965097
23601664,6,0.27209054111743886
2251505,10,0.6274428850595576
31980648,9,0.28693146360763017
6558765,11,0.33747069200214264
3354313,12,0.1708184999846172
9528421,12,0.460416712601946
13083765,1,0.7116742546306493
37020897,5,0.5431111697604477
34268705,8,0.4989042860287691
21714703,13,0.30407303595046203
32426522,3,0.42563471389111196
13155633,6,0.44666538619771506
6912241,7,0.3038520574052719
11148471,5,0.2339151926516658
32976987,4,0.5449989524834274
39993739,3,0.4838961153897634
7098435,5,0.3192941628426631
15888161,2,0.5467988563361617
28976912,7,0.38291981021745347
3481863,0,0.6488982780558651
36452127,10,0.35289651222183427
28486709,5,0.4526673298577758
14894456,10,0.2769683659314656
31348737,13,0.5044952905096953
32705353,9,0.3394739359772743
32301522,7,0.4031020482538538
29496025,4,0.5249849275149944
29595429,2,0.34314765867264513
19262197,12,0.6357198151173482
11888155,3,0.2692141189218505
26803882,1,0.5375918374550082
11926620,8,0.476940544951323
25706532,8,0.49988047785319106
10026207,13,0.2615753445696734
5911439,13,0.6006844807148833
4090997,3,0.5870459553845412
37989569,2,0.46806398441613317
27550458,7,0.24366893682209506
22023977,7,0.3869829027072684
4693740,10,0.6486944626608439
38671718,13,0.2593091994881379
31171665,10,0.6613290690540032
3559477,11,0.4471701867785689
35614041,5,0.8651549447949664
14419402,7,0.5629354865178703
34725169,6,0.6279872718763543
37467146,4,0.5368182263123473
16780109,13,0.4894545707486248
35485126,2,0.622217923459579
30937042,10,0.6584254710587512
27594837,2,0.3406803403377933
9132205,0,0.31287530802720054
10417000,3,0.35855263697670725
19010740,6,0.5992379376424748
905403,11,0.34148900703533636
16092012,10,0.6780732098454721
28446422,0,0.9532744544659768
1559709,10,0.2991383606292249
12321915,10,0.3955805437737787
19508393,5,0.28554240254810276
29735743,13,0.42669025913784897
34608916,8,0.589306287955133
8325142,10,0.7057587125246079
23647020,3,0.4456071890893628
14325022,5,0.1615726260038947
22556895,2,0.6382076955746196
29055213,12,0.6944148761936134
38125475,12,0.2676849767650152
33130635,7,0.5152205465765147
11614965,5,0.48993504478460154
37249091,11,0.7834594642126042
14085317,6,0.43258811175022094
7648878,1,0.8187985804455349
35836382,10,0.5452972490636131
39228928,10,0.48755758509009084
21862777,13,0.4397100236511075
31169309,3,0.4866339352395164
19867476,0,0.6888008679957837
17972552,11,0.32329596298826724
39981846,5,0.4599194916903838
4179804,6,0.3540369742467576
21315663,7,0.3583634426104276
5355120,7,0.23848445141605215
641985,3,0.46647248029853017
3745221,6,0.5398509888233083
38671630,5,0.2920535179005394
10713142,12,0.42690026421361055
25619807,6,0.6443220785924776
25214505,7,0.4707410648486137
24726452,13,0.41032934597772835
5662549,10,0.26169649921933136
2635964,1,0.5012159175812972
27760888,1,0.5809351918985547
26463020,3,0.423410591558501
24473063,0,0.37258829792466175
32540200,9,0.8293092403810967
20396497,8,0.5018465395497143
11544800,0,0.3787175312076825
24506502,6,0.6706165188372091
3690715,2,0.5188703015449472
1583595,2,0.4892799345961198
32727096,13,0.2553973880567722
32126091,5,0.5712968474336236
8942575,10,0.20015902338827324
6581190,12,0.37400766370533833
34167056,8,0.2923218132045541
35120528,0,0.3864499159685407
7961290,10,0.5061428863886126
14591435,4,0.5032633393300869
4783257,7,0.42026437275479456
37275033,11,0.47608585522409824
14722933,3,0.29277165547700357
24664250,11,0.2776871957324062
12783492,6,0.7870083588076175
24151591,12,0.28899083687889326
34608649,0,0.3078233592587874
31040076,10,0.3690001862974431
12097761,7,0.5641752666795986
35848787,7,0.7184774443066945
15034594,4,0.6830013137689233
179287,3,0.41422738744130394
9800895,2,0.34759881775152657
249388,6,0.6375097792080766
22457988,11,0.46082687013324136
7079224,10,0.3786567723212587
30705089,8,0.47423915887233625
11801549,9,0.2278341159663989
14903791,11,0.3291523878115054
35051573,1,0.41716693225831797
2864451,3,0.3990051390610059
17770727,5,0.34511146925268843
9858860,8,0.8283598082085627
11605832,2,0.44546355648453023
26349302,1,0.4769835423619498
27261996,3,0.5182528204056663
23565062,6,0.8094378348945528
39901240,0,0.3095279073074569
10261045,13,0.5439631444248892
25977022,7,0.38788502216513976
14314343,11,0.35721404381488264
35399897,7,0.36665659146732027
35817605,10,0.8904233919596624
36241635,8,0.29173985249713236
19544995,9,0.8617866714090847
30416948,7,0.4213903733477832
3160551,11,0.3702127763252401
27520135,13,0.33072093229497274
27321536,1,0.6288564826435875
37456421,1,0.513793167923325
29887174,12,0.3181190940757657
32236559,6,0.26320294280316187
29722704,4,0.5259142278468398
38617546,12,0.40164508855922937
12355190,5,0.22294347764615785
15406926,7,0.28582347150904913
33925999,3,0.7073469460703451
20351997,3,0.3073317146687299
33097709,12,0.47349125947208764
9231444,1,0.4287429530448781
7971618,12,0.8562922642953693
20974727,9,0.4176131012153312
31027905,4,0.37228325182399763
29554266,7,0.24185082436032407
21803468,9,0.6701144849807786
36508811,2,0.5754055338546797
27662707,7,0.2317377670577431
13078183,9,0.3257806640240362
34487117,6,0.2596018605129799
1966715,7,0.6858981714828429
5126021,10,0.5392690012012337
17920102,3,0.36242243826233667
35063331,8,0.811759382740221
8933716,10,0.47098390867056095
39006733,0,0.37932226095775945
34385606,6,0.7865357491864674
32144383,10,0.16577504134860863
8082803,13,0.4872552448661937
7001917,13,0.25028364500161077
21839468,7,0.5377504591610152
36045006,7,0.3436245474959443
27971782,7,0.46571122871338966
36220869,0,0.2659792976407305
24133613,6,0.35254522171977076
37055549,9,0.9996021385871207
32575992,11,0.33981573492454
34030609,12,0.24685081708606232
29767310,7,0.4899102399026632
23839982,0,0.3491925642218987
2155042,11,0.6370914361891377
23979071,3,0.32162796553898026
10865212,2,0.2952929006078206
37820146,6,0.5411811844720913
24947003,0,0.338022891910469
27681108,8,0.5587935252734728
23426483,0,0.3162934708527848
36921501,0,0.5268637351361649
32318643,13,0.4812156641945363
30867037,3,0.40524705236557457
36806922,2,0.615233745777843
17709686,1,0.847501882283147
9847253,0,0.44880574365560794
33288344,11,0.4061172301960981
35096711,10,0.5192980194980493
28467158,0,0.35568045955401206
29829422,13,0.855929840678076
39018055,7,0.40496282203047107
14909110,1,0.3143583527455334
31619005,6,0.9226654832766777
33816586,3,0.5478576412119733
22082025,7,0.3515369704635429
36061649,6,0.43271231242824065
12059792,13,0.20448937187035862
36365467,2,0.4376259342270714
13567833,1,0.4043236214893239
20691976,1,0.4819905618542679
39098761,9,0.6510694514679906
22186968,2,0.4816255679939829
36797112,10,0.3170463539566421
36362624,13,0.5691614613928708
36773492,10,0.5079611509611988
23531411,3,0.39374024744915215
25663939,9,0.24785196718757557
14361136,5,0.30978244563526225
22970854,3,0.3497295235220381
14724304,3,0.3525509508937229
13245470,1,0.6862645518001375
10739978,8,0.6940492515639555
32483772,8,0.8182720317959695
23299583,7,0.3567200589960127
40011877,13,0.5277664394416898
35484238,3,0.49434095525244703
24083935,1,0.46646278353030113
27845489,3,0.3657399396346179
30866980,9,0.15945844860834427
13856644,7,0.7523155197421905
15238101,9,0.6721996220134965
35724916,2,0.4873862923220408
30356619,13,0.24749414624787847
16825850,0,0.23623742350375412
30045086,4,0.6915294636730134
31816411,12,0.43809935140399703
2213325,1,0.48992006588227416
25253817,2,0.41394687690649373
20223962,8,0.42572874852786646
39906830,5,0.5045834574470256
17814314,13,0.921726610874056
9210976,5,0.2116285517836561
39363200,5,0.48506563015752346
11186853,7,0.4248255808808104
32989483,7,0.3829266996216694
19821137,0,0.21291551774058445
12492536,2,0.29911371075997745
33658384,1,0.7455983838384969
27254078,10,0.472359610346533
38285881,9,0.28158674363867026
20395463,5,0.39891330731257596
39213597,4,0.548271803179568
34167176,10,0.3684961498458679
2095848,7,0.21556407027011484
27473539,2,0.8206232179076834
14390624,7,0.4948536003096834
25073575,4,0.5743129917839792
30371147,5,0.3618966586154936
19182001,2,0.35185499374315493
33837290,7,0.483223252549565
24275542,13,0.2586603703397395
7417128,3,0.6541264482249922
8230638,13,0.8193046527676437
39084687,12,0.5507109880687048
26368194,8,0.5655961204318132
36808611,10,0.43409293674613764
29604198,12,0.5477863248162028
27726270,5,0.274326433392354
15753632,6,0.41446707127135973
126787,10,0.4954393631858287
15499397,3,0.39031222761791473
32824368,13,0.33030121898992265
8895925,6,0.5189807338723829
28646293,5,0.41868710664022113
28166623,10,0.6517348567990394
40062388,3,0.4469094084752195
29483604,3,0.3707600489181913
31753520,3,0.6508840936916525
34592040,7,0.36611732369731065
27952819,0,0.634482335109094
20078700,13,0.25040225894391205
31173379,4,0.5522769529234882
5737728,7,0.5093566651483322
25797213,1,0.4037488382235966
28397949,0,0.6767088191375508
27436748,9,0.6229920230278786
11492864,12,0.361213161588845
31656198,3,0.535281611856531
24139304,10,0.28877370359028415
8283359,10,0.520740274561243
38935623,0,0.27941569442445435
28887383,7,0.36403627958121226
14974222,9,0.6853957005867074
11869383,7,0.33147610489968493
24309121,7,0.19149064608972505
36851140,12,0.36611373745567993
19727066,6,0.2526391130115262
16775694,3,0.32564002237575346
22675968,11,0.28983418573298875
33682284,4,0.47221710616219403
30902317,1,0.3974013625325426
31211345,1,0.6197589077901342
37119448,10,0.37463675907608235
20487045,13,0.5882246587450334
26412193,4,0.38324888243812966
39320437,10,0.30346919475070944
24147099,10,0.6140795762791885
38095478,6,0.6252785354146243
24180766,11,0.7093446503622685
9539477,6,0.40269704255000616
31902356,6,0.3614227043300426
25956746,12,0.7433612583693057
5188792,9,0.8148843806644266
19722580,4,0.4437064211476083
22031653,7,0.33657259319937105
35882408,1,0.7318974902054394
20394751,7,0.3523092616342365
39577484,6,0.4010538569475484
30036941,0,0.5638316313362476
26926742,5,0.43691294874628783
9517388,5,0.6141135648130196
17469461,2,0.5476359952234215
13479513,1,0.3910827170545453
31328807,0,0.3466389970978154
34078201,3,0.5037137430730351
5742828,4,0.37649753788918505
35732465,3,0.35736217407784926
40009500,10,0.29329470437922994
22838527,10,0.449600785365143
14897756,7,0.3123745063206625
37436362,7,0.3253967966330762
1968343,3,0.3036036708294085
25773551,13,0.28744140649287786
1393849,7,0.31228866814028844
10988199,10,0.32798205189388124
20193606,7,0.5935286973303613
15862367,9,0.4665970475331913
30546334,3,0.4418740478378561
5069606,2,0.5228970094755873
35761306,0,0.2819037858147892
17428657,9,0.5810649397863294
22869156,4,0.7771514963263265
4241871,2,0.41185827163403693
7323782,9,0.4938858781603954
27276508,12,0.395885791158139
3747679,11,0.47200203993811307
13935929,6,0.23994803813205828
34895668,0,0.8125281693526021
1739913,9,0.8334983679016028
5707495,1,0.37372131256051627
18864810,5,0.31968110976256675
2028207,0,0.4853567196554008
25024919,3,0.37449317888459877
28107084,6,0.8538895589732207
24407834,11,0.490177894809029
2350249,10,0.3159811350116165
27971159,11,0.36359929809094066
23293612,8,0.7091276689124234
20719852,6,0.41255255550018477
16960070,9,0.39993015477367067
35930398,10,0.413177378097119
23372291,11,0.5391710247563629
24235241,6,0.41218698862788233
12703842,3,0.43456950077405476
38558221,8,0.398703400052536
18007862,3,0.7166858422929481
35181118,2,0.623714327367685
11450158,11,0.5218585332241241
38629338,11,0.2361691913053058
11895065,3,0.48950156896913627
29457904,6,0.3519397825875647
28206120,8,0.9258312802580038
36647736,3,0.2728849122769635
22862628,13,0.4921939487125797
22794533,8,0.7450285286137357
39478510,7,0.3392865365996004
34652915,7,0.5137062830915659
39962416,13,0.24045214738280066
32899621,6,0.20951300182277313
5342698,12,0.47275252839433884
29824217,0,0.2715475139093178
7529287,3,0.3686483593667617
2414917,13,0.19102069873203778
15630710,2,0.7865096089985124
35420427,5,0.48050670972114384
28149853,2,0.4434641960502479
30081982,0,0.20990145713129713
38083670,11,0.49819349602204027
19768957,10,0.2927528351539869
20389291,3,0.35277724385042086
14825899,0,0.49867759001872275
39383122,7,0.31814702382576115
4031288,6,0.2125002419059797
39822733,0,0.39874100578546623
35211704,4,0.5919023143234619
27657879,13,0.4058143298488011
14712004,3,0.22551873299909084
18708095,0,0.8516056422763227
39035233,10,0.33979059677838597
3979962,10,0.22347097962339404
15511400,0,0.4501698322120694
19224527,5,0.8290540229791109
20197045,13,0.3827416061961701
26766587,1,0.8330064642857067
37528183,2,0.391547433522019
29242055,8,0.4201866007571559
36013063,0,0.31196857330672023
6575599,9,0.32600788025193167
23663343,11,0.4632985769153459
21935641,2,0.635496154206208
12656611,2,0.4109853235347999
7888900,1,0.30426711110276156
16003682,0,0.6328610502350256
28975275,8,0.24585883633526806
1970185,2,0.79208227308496
9034624,2,0.49242358194721636
33966973,1,0.6799998262954048
36523574,6,0.6361062388923204
33018873,13,0.5757500399783266
31143376,6,0.484554600737884
32622238,5,0.39997420514848103
20252939,9,0.4219569247361434
35343440,7,0.46910373654971826
5329510,5,0.7441510571534016
17074330,7,0.5986722092705756
19649370,2,0.4707167548313435
12627118,12,0.3647198390743836
15677296,9,0.8936045599888262
14241729,7,0.36531237046193005
12987206,6,0.47359841746430864
6580635,2,0.2995701066234499
17760166,8,0.4623410086176932
22332674,7,0.6926868752023281
32965667,11,0.337411644101177
34853386,8,0.3236571700136075
28978838,9,0.3777575153670208
12034915,3,0.5224291094272188
22443378,1,0.6875311884855533
2090564,12,0.7742557740442899
29980209,2,0.7056385403412226
17657103,3,0.4669374438408636
21140630,4,0.7350058695540443
2191581,9,0.7441532791874282
36765122,13,0.5475035099424049
30910844,5,0.33332104402268153
10645189,1,0.47689913977391973
34647434,8,0.8451538037803149
26451667,3,0.5519773633359977
39749807,8,0.3266310065542195
23069908,12,0.6503130588370973
37600041,4,0.7652908963463781
37287980,8,0.5315734073587102
38459380,0,0.21597889086794847
23039705,7,0.600323396847245
39703021,10,0.5497942441098214
9882479,7,0.4969233409364428
38108887,2,0.47327661835431994
22750555,6,0.5132185706579893
35000636,13,0.1995046068148917
16708376,12,0.33653197765090165
38498960,4,0.7191327121571002
34001838,2,0.62306188470101
31077906,13,0.6398427898318686
37541311,4,0.2785847689019894
5621166,2,0.27037908617992057
14536384,8,0.35441309588487485
32678280,2,0.5804838812091165
12650429,10,0.31638502051554257
35942242,6,0.4309617125256262
28428882,7,0.3147951360044875
628903,0,0.3520278037798972
36805833,9,0.7130769033832703
11770793,9,0.36929162082275674
34390498,13,0.7868880114633154
19377437,13,0.40919804291974704
29959940,10,0.6161865163344936
39294036,7,0.8533557000790049
32093597,0,0.47997817070944876
4226105,2,0.2728191178980592
14765351,10,0.38930391231326306
1561831,3,0.3843423368174417
37564503,2,0.26680946027347235
36614795,7,0.30522285132170734
1924043,3,0.4139733602585936
1024411,7,0.18985461803720127
33350634,7,0.2775584672603843
25508080,11,0.33448505544864
20524673,10,0.7284670509061928
30942126,3,0.4582748027787083
8918026,11,0.2839985328330775
16192346,6,0.4560639792412673
33143511,11,0.41817685299494256
37229106,4,0.4032690035998719
37570768,2,0.5600017387764259
15269184,13,0.5624531600731152
6402311,7,0.3159714079297157
18608001,6,0.6212046822741968
25612539,10,0.43615297706082534
31145209,13,0.25932922979568945
34007760,1,0.46702918837501173
36841157,0,0.2495970792266676
13257748,3,0.4869580205708525
28777578,0,0.37498850319393723
34056194,5,0.40696582580133095
22065495,7,0.34889654218063565
29049865,13,0.5131358224853445
25832205,5,0.6439349979025903
30990389,4,0.854628410606658
18272572,4,0.39367583449017257
35150338,12,0.30736293796082303
35923911,13,0.6381249115064467
22128769,7,0.6038238393499393
26180523,4,0.5625639819803357
28955229,6,0.22681151753421072
29157643,9,0.3650546835578951
72393,9,0.5786164259321334
32073427,11,0.4339473156006931
14816081,2,0.33906810295625683
38194649,1,0.3756630493267514
11387424,2,0.5622027031622646
31080295,3,0.4815592034579922
23174512,7,0.48583356354314317
23574940,2,0.46731251894365855
10279055,6,0.43506626490297445
3239307,12,0.40435198636381264
18412858,10,0.4384005887330388
27557461,5,0.33091913765802683
24967469,10,0.3208151512873625
21190179,5,0.4652613979595915
26036983,2,0.6138266739289256
20167183,10,0.26800307235571513
20037607,3,0.5178954754310038
19079560,2,0.8684267974230321
18809524,3,0.5002655344832068
30649847,7,0.4013518846225411
12022082,9,0.31881334644952003
8770481,5,0.28468278094559474
24965540,2,0.9353083717501567
30964330,0,0.30354158751517935
23410458,2,0.436248964392854
18360607,6,0.5546950390247055
38366140,12,0.2972281877017469
31075829,4,0.6566124337995298
34710277,7,0.9494912544616969
28224554,7,0.7143928494471169
12656219,12,0.4860179893002437
30954123,10,0.4036911042413162
2199413,10,0.7540468342372111
37795060,1,0.6727744510247001
9440866,1,0.3750741797298243
3592436,10,0.740735409744353
3165200,0,0.44944193061873744
27132312,13,0.24319737850806522
28743647,0,0.4403589871477356
37638046,10,0.5243042676174221
40050999,10,0.6372433235723375
18327010,13,0.38389611581902394
20304453,0,0.27206469178490544
5925385,1,0.4220878207896777
30267686,5,0.4484552036893083
29932251,9,0.6095713948272914
10199226,7,0.5321666417307255
3374365,11,0.48857830658024576
19991772,3,0.5147638602210771
10613315,10,0.6741721861643082
8204373,10,0.29132475783025924
36377550,8,0.6998610597814442
24214636,12,0.35955847256806284
15352108,0,0.5883456981168343
39133505,3,0.4103511532268146
39130679,4,0.524327955813746
28521383,13,0.4020966810375061
32918534,3,0.23253187304882755
7970070,9,0.9431010171420412
34205853,4,0.4674260145188454
28868944,2,0.5244040182131219
33543475,5,0.3885623172106416
7799650,12,0.3174855984110228
30071618,8,0.4039403215055594
20968257,11,0.3735733285835827
36734463,0,0.4167669492321094
32262496,7,0.28099577811941057
19525996,0,0.4226232016899634
22486738,3,0.391438552892357
39059337,10,0.6333782127527134
28086895,3,0.29284242476091343
20414256,9,0.3783109817735965
32789062,6,0.4427772284447283
5063699,9,0.8140211486370558
32016991,7,0.5175979913783666
4960166,5,0.5168544948674936
27054550,2,0.3298631114454453
12763711,9,0.3799428360492186
7477162,0,0.36814888787658234
6754487,3,0.524979547771301
27839157,10,0.4586180979750419
17529670,3,0.45650787319746977
37800958,13,0.3942561304704631
32696774,9,0.4588339911494906
35088343,4,0.5418844607125307
16608119,9,0.5731838821694979
20751989,13,0.28887514045158597
20262673,4,0.2896926353066238
14145008,11,0.6924525872366569
32604887,7,0.6168599540123084
2694442,4,0.4458878075621145
18859705,3,0.38856461083357285
5426908,8,0.49168677059622673
14645466,7,0.5048573607698206
26998204,8,0.8375357741692955
18858348,11,0.18841626657954463
25690943,9,0.3321602508461775
1661210,10,0.3856763314886782
34509830,10,0.30368621667009466
3711184,3,0.36346078009627214
33946384,12,0.28843711683936685
8291778,3,0.5071340462471924
30291625,9,0.5239435940810936
27450854,6,0.2657201135602851
5176968,8,0.8237239582742808
17537563,11,0.38811109059622667
6775521,3,0.38191981586788715
25412954,13,0.6753038668790272
28813309,5,0.5388544859572656
34364891,2,0.6564673624953775
33294625,9,0.7193308039913167
33582315,0,0.27757994106969647
11605009,9,0.5273971556593496
38308071,7,0.7003400233380133
31105606,10,0.3433917876941211
16113500,12,0.2159248799268942
38145532,9,0.33404398802150387
27997887,5,0.3304314034839064
9658459,4,0.3551768295560445
8934156,13,0.741691459550067
3597610,13,0.38211644953142265
25590456,13,0.3750682168619163
17283194,6,0.34396255497392814
15135323,4,0.6435087466685345
21587916,12,0.548407811033174
13055718,10,0.4616223037736474
29325734,13,0.5377114096728968
21384887,10,0.39796999064277333
5509902,1,0.3663692748257488
9465047,0,0.6935690938016652
15980461,11,0.5752776972651402
21433070,12,0.5459257301096322
40044040,10,0.5914053510120768
39809487,11,0.3030705129468297
28043820,0,0.5542656712041946
12037818,10,0.3417680744828965
29134954,10,0.5680280035912552
31452968,3,0.31739759122047884
17817034,10,0.48249680616483187
35989644,0,0.3563600915755591
11353934,5,0.2819847621734505
35863822,13,0.23228653106223682
24243597,4,0.39242489786528356
37083836,11,0.36267116485806694
21894815,10,0.4612963679047494
37449475,5,0.4898066820170978
3575165,7,0.5023702638721561
26488444,5,0.34472500142007023
27733707,3,0.23115830148457794
23817491,9,0.6288493268470734
32341368,11,0.3479368467311803
21097355,2,0.36793611262940035
5244485,7,0.624098038723154
8661783,8,0.4304442934491236
19462148,11,0.5031127915429865
4664438,6,0.44110843100436775
32820466,4,0.7454047780838259
15050474,0,0.743612024855081
37854256,8,0.4439066258339887
19280325,10,0.6628385311605423
37215551,2,0.5379716690004995
4830368,0,0.33257300892290387
15422858,9,0.2366110234859861
37906757,10,0.5841082706300486
10908877,3,0.30863756920709845
35784926,2,0.643963757183628
27757279,2,0.38216387330184426
19010990,8,0.5957180754515807
3887381,5,0.693572670960211
4986906,9,0.6797803682394074
31910741,7,0.3335403587181904
17115271,0,0.39827127379680777
26314316,13,0.19850221267134058
6047243,8,0.5910726454869909
24621860,0,0.4406463005084177
26232864,1,0.5128530980608911
36122176,13,0.3037279449984393
20718469,2,0.5620487641444398
21383960,2,0.3839067471895147
23262455,7,0.23676986906607472
11020636,7,0.49234513645132605
32444889,10,0.6837091357516099
8479736,10,0.5019775962037191
19505454,13,0.8644565865419643
38672963,12,0.5160261260268235
32753449,13,0.3870856393918559
29332501,0,0.5436256961859465
34145893,1,0.21995783303479022
22178520,1,0.4152685996985636
2351694,7,0.24218354947203072
15368582,6,0.8182343768361575
36182950,0,0.6791026370355681
37626866,12,0.33783171240898746
21948149,0,0.4883075358624796
35816195,10,0.2762918418344745
32698099,3,0.45999290838337203
13521655,10,0.2754478731140335
30510715,5,0.38901986417683426
3500799,4,0.1564952742732735
23878445,0,0.5191061991086975
18009266,2,0.5944977856175132
26018362,11,0.31249183221936055
16266651,3,0.4300300298133567
6024003,0,0.666924999081669
23707530,5,0.22620607357256717
2431276,2,0.3545244994273501
25152882,5,0.6100738376685285
24104406,2,0.5539991332201643
39216942,2,0.7119564166772846
10555587,2,0.3671726668885632
39187519,8,0.549938826699895
13500897,9,0.7016134213470961
36011333,2,0.3998394609244142
36113242,0,0.7626116024369366
38522513,4,0.3972307548068299
23456641,0,0.7131715882354167
37391575,1,0.2190587498514442
25879794,8,0.3522847494490783
14254386,11,0.36315858241584
27552026,7,0.4911247472110417
39282464,9,0.3818188224656069
23695305,6,0.6791301128905511
17187281,10,0.3574753959602144
22496015,2,0.6392335648096956
19470099,13,0.6135265121152407
20456189,12,0.7268813451501223
31975921,9,0.4074320280818584
21790304,9,0.5208814767090064
32854733,5,0.6405330524337481
38008453,5,0.4113258378681577
23502867,0,0.26104350146850486
25340108,1,0.8655820259051198
10502492,7,0.5460149376218215
39311702,0,0.2175331393363261
36159202,6,0.6147403953764505
7050888,9,0.42554386977989767
6351028,11,0.37887880286461617
31156211,2,0.4392837170974939
10618955,7,0.4267578602401703
37841222,0,0.337640304783017
11636079,9,0.7513006033325269
23599480,11,0.39176396992370077
28877613,0,0.4022623061140586
36205245,3,0.26330523944354595
32451506,10,0.3210263723195632
33922929,0,0.7610658332243273
16888409,9,0.33958958789287413
12827969,13,0.5778210085957507
5158766,7,0.7872042492115767
29680083,7,0.37521073302063096
7518376,7,0.3502646412669983
8158647,8,0.8179396418663507
638048,1,0.6742621309714969
37737480,1,0.578021650872095
22585880,1,0.2866507568518127
4436401,3,0.37745009180171596
32991392,9,0.8361775783655815
2199552,9,0.3498004892390886
6587858,7,0.6557034569872532
20082060,13,0.6782156167623047
28051536,12,0.2832244415797808
19412912,0,0.30626715943025107
18135259,3,0.6507464029326084
14810060,4,0.24655636507122855
13280017,0,0.7549004693208333
10960477,3,0.6875560063576288
23089943,2,0.39244162408196676
34889668,9,0.5973058730570556
15449371,10,0.2946469835682513
36748829,0,0.2890229757988085
1544948,8,0.6757911107507637
28315997,3,0.3684694072331802
35072533,5,0.4163612566880344
7456050,2,0.5112474486260943
7319076,2,0.3458362312841218
16422171,11,0.4756282800426578
2587530,3,0.4756318570677689
38432799,11,0.35635515510656035
1398606,2,0.5509021383617083
33973476,7,0.37981287498731237
29056092,5,0.5836678001473182
19352888,5,0.44077654682506184
14969969,2,0.49211167912614495
38293639,6,0.7252468305620243
32434112,12,0.9774203503803781
8885227,0,0.3710480158560415
37747518,6,0.45079574578812165
17732695,9,0.39092413538051224
7391871,9,0.8845769515494017
39673658,2,0.3099886151039828
37323621,7,0.583418563460043
31093989,8,0.8604461167990923
34615743,10,0.4120557963919594
12652695,9,0.3832488590966928
29987461,5,0.40342605148703653
29597667,3,0.4755953496121148
13127962,10,0.26914305774082514
13887537,9,0.26883253012418085
3826236,5,0.5760776973875307
12143097,9,0.6673215419594426
38788319,9,0.8068780074786425
39508633,10,0.3043790859169964
33811662,3,0.40806905677382765
3238673,7,0.989117972702145
20361444,13,0.5366093808580513
4719836,6,0.24072025146148987
36515344,7,0.45892709084222394
19712840,7,0.5986060617020136
15959411,13,0.32789444722047734
2643953,5,0.571686021934974
33778099,7,0.4274510249851349
13947939,2,0.8248183740959026
37958897,0,0.15149993258185657
19975307,0,0.7843156333273696
32292848,6,0.7781051643387794
24218103,13,0.5054958629957502
14439477,10,0.4726840936747927
34032166,0,0.5100843346510558
34167537,0,0.38772315526318957
33963288,2,0.5072480949495491
25493591,9,0.7389472526040448
9814632,5,0.2419193681312073
27043599,7,0.8586007981426209
14368205,7,0.42962951457058923
12163158,13,0.5520927773145533
30238070,5,0.3065576288412708
36270821,9,0.7686648774712955
29359875,13,0.3287578321530791
35831241,3,0.27296334434711234
14986693,8,0.579313361672813
17749090,9,0.3877894061775542
8085422,2,0.46455516313097533
35796965,9,0.8584146714043325
30765606,11,0.3114665206800527
19405754,3,0.33623581036217304
23322674,9,0.4832457058240038
15335052,9,0.9674506588992315
23762674,8,0.43186302448699554
26460619,5,0.29261753338756386
20524567,8,0.7538626182111472
38465891,5,0.31450243713188114
25177500,2,0.49708775507105785
26943894,2,0.5774294986195746
16683549,5,0.24744122161991075
13767359,2,0.872997995563659
5783417,9,0.4872776779379001
13771674,7,0.5653915015678254
5446372,9,0.49172474076859846
34597102,5,0.2688249706508307
25583869,11,0.25123456179105225
30419756,6,0.3720108599765667
35240557,5,0.5455488080746501
31179171,13,0.6409720683397759
25490416,9,0.31044422449970943
21408407,5,0.7777080081387507
38743262,2,0.35906850518277045
30065323,9,0.6269458855318695
20207328,10,0.33031010454655124
27815829,5,0.4935648543751996
33902095,1,0.6976057470977252
20861546,6,0.7635127300211152
38056305,12,0.45635470730136557
11155367,7,0.43835471720797226
33189458,6,0.5638086254835166
6497882,2,0.7027631885854411
12157283,2,0.44999894308984484
31237651,6,0.6631258673735116
29708135,6,0.3227534929166071
40012445,3,0.4799138714442457
14852948,10,0.5236812823549721
4832868,10,0.3873592958997908
25250684,12,0.365726349841149
8119308,9,0.40043901985578684
12842717,8,0.7521734164322795
19407325,9,0.5422794190990355
10888969,13,0.9037268686622784
32411915,12,0.7428794373824044
9557004,0,0.3822134864246573
36515900,5,0.5571133755592532
24718439,7,0.4791900997687604
36310558,0,0.22537032783854652
15597738,6,0.4099018797762588
28805501,0,0.5571352319627195
34955796,0,0.4825284601644761
9150473,6,0.8137365973033932
5338228,0,0.29170802523819583
2295461,7,0.3473919667325077
24683429,9,0.49748017279719864
3479982,2,0.5004334889608559
37640912,3,0.503991498015078
11020257,13,0.25933809066509983
27047367,7,0.4459696651227994
1629611,3,0.31247684016044447
6321863,10,0.6579764831515524
25338817,0,0.35619320123679316
36026740,11,0.324711071003824
27532746,11,0.33345696721134077
27899922,7,0.4084572898434522
20750051,9,0.2160007931028284
17008731,1,0.6611558714254232
38964323,13,0.27316132314091734
36021430,5,0.8181160880498629
18972699,3,0.4843792029186061
31797432,8,0.417718339566701
17154417,13,0.4538894077777008
33690119,0,0.7244491470718475
11369842,2,0.34462442111125213
6210024,7,0.4937715938460928
28336157,11,0.3242518798698216
39624170,5,0.6805718427354933
11583043,11,0.42299760615643833
4440231,12,0.37103735727424114
34637145,12,0.29162354843646665
15383666,3,0.34554094175290734
16425910,12,0.3181073314022422
39965711,6,0.45641241253616616
33977121,0,0.3782671475702341
10035446,13,0.7685222843298817
29842702,9,0.8841980415318034
35148708,10,0.35862821168179015
24629130,3,0.6279278026033366
25040177,0,0.598177501378224
38775464,7,0.7021282688000382
21861662,10,0.46291383876982395
6189398,7,0.5158829782867379
27301853,2,0.46373102751220807
27355478,2,0.6002849557611663
1116725,4,0.2983945205068648
4940282,10,0.29250578399533916
26911973,13,0.8279925202240304
18791754,0,0.24667717195866715
16982453,4,0.598178169221886
24326772,12,0.585844509688045
7434095,12,0.5357565906086595
35658841,0,0.336825429104342
23838056,7,0.5468889614473019
33631577,13,0.3654010394003998
35276916,7,0.3799761968703747
37590955,6,0.5224071826468765
37053186,4,0.842532499058852
33474853,0,0.3286213896386036
37616990,2,0.5897488489107405
24652995,2,0.7626990018662839
30178808,3,0.3525822382462527
23992679,0,0.2702869457764083
7309256,3,0.33071373591076736
31641894,1,0.28401416427522064
34106425,11,0.6515737643099384
21030187,7,0.29511351173310146
16556481,1,0.36429984806093835
20538318,10,0.4102219272363817
34688235,9,0.8235599412556535
10061093,9,0.32693175561588006
13654168,5,0.4749179237627708
11882691,7,0.4628091764539975
17406201,7,0.3868703644119862
20035132,0,0.5103422144042359
14589234,5,0.35530740930780474
30856656,7,0.293550186658662
27937915,1,0.45947820022966185
30499545,5,0.3867307093659679
15213926,2,0.35814233478221424
39577365,5,0.31908594869309936
26721353,4,0.8709700229050501
11300979,3,0.37460154109424915
7923548,10,0.19614866362241146
25733471,13,0.2403020490159906
7321241,2,0.4288519594044479
39513353,0,0.27250557526934005
3349048,7,0.28447693159891213
5442825,7,0.6825190251286865
33837277,10,0.47239441833608165
7062094,11,0.3828149312966523
16989961,5,0.24736343432576977
38208555,8,0.634669598335438
25319970,13,0.576383305562642
39894476,6,0.7146406532709406
22196711,7,0.43880600215891563
826493,3,0.3734004779823654
37986329,11,0.3579372829110822
32057007,8,0.6837966810134439
15070063,6,0.5430609248819591
38246928,6,0.49245808864004514
35459065,7,0.4071489538204552
37858998,11,0.3506625891449117
13798132,5,0.3043030515369498
12565500,11,0.4507218332858458
27426764,11,0.44496694330108033
27901254,5,0.5807313093016482
20287019,11,0.5203228928406552
632958,3,0.46118654747103094
5601909,12,0.3349054645323342
11845569,5,0.36911170273204
5388576,0,0.22512679177636707
38538608,5,0.3852403512423838
27664571,10,0.434677082505675
33992360,3,0.3580722063187294
12268029,10,0.48579602469898736
12943081,11,0.4887861988976408
35310343,9,0.9080484140186572
19509059,5,0.2686625432221493
34408734,6,0.7787843676303057
36047722,2,0.6639096568192125
28045487,10,0.552695388731361
21027042,3,0.434722052948301
38620124,1,0.2305941135052284
38447503,3,0.49672640108810867
29633134,5,0.49793192988939183
7141414,6,0.40454682595618824
20365585,2,0.43108554686113476
3611139,9,0.888944067380903
25498035,3,0.4693497488607749
6387819,13,0.7919676818450323
37651525,2,0.6134029231464837
27607108,7,0.46482418158630645
31594090,10,0.40767118580845096
14483227,2,0.5449414494126007
34224896,7,0.9999999999883713
16048238,12,0.4466351984910642
38515921,2,0.710350676355393
4219868,0,0.4908799902480897
970545,13,0.2383802772103012
34613953,3,0.42981153767362945
18413963,5,0.2838117741183209
17605897,5,0.2647474389906347
36004553,3,0.30274945294550193
24604507,11,0.23287600326979474
20254401,6,0.8638504541361696
36894675,3,0.45952967525599153
25263934,10,0.5446197359082915
17354955,13,0.6008237073579512
29679743,13,0.49149181573660505
23807156,7,0.8537915183845023
7987196,2,0.38039344204368297
17499369,2,0.2935602112970298
13510193,5,0.6264490335064004
22897534,7,0.6012049881493138
31833460,10,0.45723192657587863
34179604,5,0.40339712310954573
33789989,0,0.3043796216099233
24861673,3,0.4555343271238856
35289476,12,0.29137479018280954
15719481,5,0.4957483265582575
32457971,9,0.3438090522797672
5056475,10,0.48519418146934606
20348801,0,0.2560360556685358
1393075,5,0.32263170456589857
37792901,12,0.9838189953035724
25566799,6,0.6789092968961915
11314940,11,0.37358112122015924
30030043,0,0.42431078006978373
33844777,13,0.4621557457585127
22580781,5,0.45332271906760196
28750063,1,0.6266547674871764
4084385,7,0.6148850616204147
12806501,1,0.6535314485120252
19888588,0,0.5474589184969105
35927236,1,0.815164182753656
6494102,8,0.5113569731207392
29441243,4,0.6619448913792301
34323265,10,0.49689042654770876
3534508,6,0.36837939128265274
30928431,7,0.48195608207020907
12815874,9,0.38949438433326705
23407618,12,0.764833387926251
24379275,2,0.3171938341838912
33015816,9,0.23290335789973404
29978740,13,0.5521531606999933
31103817,2,0.48525037871031346
6141154,12,0.5544368702295376
36393253,8,0.7536973312833138
35752495,2,0.49598497170681927
32568784,9,0.6928885132769856
35924565,11,0.5076055809232698
34425876,9,0.26712195868346106
39225244,0,0.5810852288828176
15435483,1,0.5709624696874261
8299303,3,0.3275139150709652
17887594,0,0.6615223075621073
7628187,10,0.7325707941190135
17356617,2,0.5037847568800532
11385829,7,0.49371475065508647
38723788,6,0.6627728179537689
33283249,3,0.6611672329594623
36776318,4,0.6255964064207027
21984674,0,0.5465614131929244
33641901,5,0.31895917153932984
31597474,13,0.5638313512536905
27685562,7,0.32336919112065926
32300716,5,0.3829165581615911
9036013,11,0.3160106224486914
20756935,9,0.5850177088414457
36795675,8,0.5299710513426554
13798536,0,0.31375895564104694
27159332,11,0.34848128663582595
11742638,5,0.5995511952171114
8640809,7,0.6619666341265896
13887458,9,0.5451555463502981
39476633,10,0.7966808037329329
17537041,0,0.33047880953389924
26924110,4,0.18011870439234032
8599937,13,0.47881577361090877
28315005,7,0.46993843705282856
14794303,10,0.6905727254462599
38554972,11,0.5446433451398627
5099012,10,0.3732807652328339
39985143,6,0.2570778589991628
30456958,11,0.3404800379856867
35820780,10,0.30313954123728515
14627334,10,0.4917910925066712
37590475,13,0.47056133666918865
15703520,1,0.7840906696647757
33905944,4,0.643720756084613
21585807,12,0.18538056362415165
38114956,3,0.4458905766319265
33607241,12,0.31491011445552164
18092380,3,0.485139579197888
21551718,2,0.6088852471607464
22593037,8,0.4129108340985932
12326504,10,0.42849345991830384
35226797,1,0.4313586517969538
24943742,5,0.3553332421791598
6142475,10,0.35349159812427133
21240653,6,0.5810452369689024
9421345,2,0.5161841018203512
32875080,0,0.731978788946471
11604983,1,0.5049802541455475
33879523,3,0.6507578670096176
10712886,3,0.3064052798618068
30236643,8,0.18780293655068672
1573671,4,0.3734951822764926
9233461,0,0.29202207093781096
26315179,11,0.2831803143098976
20319554,5,0.38509884937427846
17223964,3,0.27506723331212657
28997078,7,0.7245151979688295
30650763,12,0.48253247445303454
7155930,3,0.5372847532333824
30315273,2,0.7004367323935227
39220215,1,0.6017280865098396
9417163,11,0.848769809644501
17779540,0,0.4688948550186054
36235391,12,0.6562214230619522
33449890,7,0.4031900142642962
2859667,10,0.5645173564285159
7633274,9,0.5475175524029827
11000742,5,0.6305023034497793
39543876,0,0.5731238112669367
20996892,8,0.3009909389388653
33380554,11,0.7235810122671573
25100113,12,0.5555803386557453
33282658,11,0.398633289928911
35780264,9,0.5346774577790652
13915122,12,0.32818733014998
30274866,0,0.41311527866610787
28067574,0,0.47505459120732013
27000466,8,0.5116247242793108
13814569,13,0.7028022778660231
12941091,3,0.5153754192381605
15315536,10,0.40999699421019076
24313513,0,0.3837487169687683
18070843,11,0.2943716059674236
38576969,13,0.41789297913873347
1450957,12,0.41175687522812127
26320638,4,0.8875833565756842
31569549,4,0.9960387343463699
28732523,5,0.19942180497057116
10279850,5,0.6901624503780125
31684163,13,0.41005850231388713
38218274,6,0.40998855675767737
27447363,2,0.4294970635952242
6559656,6,0.38349602428755525
16350367,2,0.24141820778481585
35441590,12,0.483925022562643
16758617,5,0.4218355184983076
37008252,1,0.7712436259505234
36517311,4,0.8888104714251268
20069146,0,0.32177972682027844
33810776,3,0.5539189308251096
32000147,2,0.5425870087126525
18515926,6,0.4397622382761029
12921788,6,0.3302062184056229
20785802,0,0.2564946006631465
40040564,3,0.2649461733863301
25545726,13,0.7505181543638296
10959864,6,0.38551315985069734
33269392,3,0.3942973329884214
13390401,7,0.6215289327062337
34045572,4,0.9777327529603089
39011192,8,0.4402746729767227
39865207,2,0.2948719187848445
13824642,1,0.5226035049038174
32301565,13,0.6309696189176376
10725891,10,0.2984727242961164
4447426,5,0.2247324658982648
19701094,8,0.665672480267331
32925612,3,0.418467487190075
34516691,10,0.5733037623659268
30436194,2,0.3478001527046998
10003866,10,0.6232445593611328
24437146,10,0.6157575683100008
19819954,5,0.33151292443623065
33206594,13,0.435824260489614
3993793,9,0.6800534960678608
27793297,3,0.1830073396578075
16762879,10,0.5340182895342193
38620745,0,0.32546687563529764
2572564,9,0.5525852634327414
6792395,8,0.755312462388519
9830176,2,0.5709994299797998
10741922,9,0.5197034897425384
36670664,7,0.5458021000868889
13760232,12,0.3565692640551607
39740155,0,0.5152321729560827
13168943,8,0.5509667226097767
34071476,4,0.47348196749871907
19191043,9,0.42024242285188235
30987521,10,0.33115917075090034
38391649,7,0.2731760813239718
29595029,0,0.7435794231014128
2354696,4,0.41356495778326313
38941806,13,0.3156518883153281
39978085,3,0.6312980732221833
31985771,9,0.24377996930439622
7606582,7,0.4989033784112914
38755425,1,0.41522707890512434
38012915,5,0.4631646460748493
24032332,6,0.5001499091802839
4576622,2,0.5719235942818973
26616168,2,0.4321169249537433
15770537,0,0.6694364306059092
10428871,3,0.36896966701073297
12836517,2,0.8406799295039636
17603502,6,0.28998866162613335
13444053,8,0.25193802728684067
8070065,5,0.6143386928090363
22254576,9,0.5550035586404058
18271959,1,0.7071040498537902
33770711,1,0.6630007388038213
5978426,7,0.34093267018740336
25766460,8,0.3058607776203945
27669376,7,0.2961298829400969
9953268,12,0.9732345868452563
26597886,9,0.710000905859206
9162999,5,0.42660919945681147
12234211,1,0.22053300377343735
10763182,9,0.2368583592092852
32895858,12,0.5417052009849141
19743167,7,0.5381765539689001
1652304,6,0.45961208805346304
37311984,9,0.2327908426894023
37538737,5,0.4386358163956056
35248039,11,0.3554664127721188
28996477,11,0.42004196436134345
39508956,12,0.4950841542805956
19063238,7,0.31041404204713613
25422485,10,0.35555090939265266
14467043,5,0.30606669747775667
17691111,9,0.6096771678369342
35669642,1,0.27092900879735354
3444391,7,0.44339624772957875
32620907,5,0.39686304538763967
20865487,13,0.47356875303264123
22810373,11,0.6281523136642433
27063962,4,0.8899533592827675
8494988,7,0.8060412562430792
16684346,4,0.6220716951782532
34130806,9,0.8061316581394955
36878195,8,0.40580001513770037
37473219,1,0.42401595446580564
20514513,7,0.43204334380162124
26170659,6,0.8222374873335198
29997576,2,0.4273292625606658
2278662,6,0.2727402211957046
10111428,6,0.8728869329670791
19475729,8,0.38393353137610825
38067726,4,0.9999999999908847
2169623,1,0.7565220420207726
34402349,3,0.7245192683617743
28955568,1,0.48132489219064983
30637946,7,0.592093634837821
38543952,4,0.43432788700091157
19122118,7,0.3980145322129412
10918944,3,0.5491491322233752
20435604,13,0.5405941558123514
36200516,13,0.5209568869390679
35516376,7,0.31468874474153957
13343384,5,0.3492692777433233
17930878,12,0.3356853567709758
14945019,7,0.5178209615205301
35871996,9,0.5394180630267431
28108851,6,0.32293487749329197
27857475,4,0.7074038442462337
155029,10,0.6162940510219341
10212929,2,0.34062944166412173
1309355,0,0.4600619237838313
4413595,4,0.34369981907990377
37320035,2,0.5545028282758745
13575703,6,0.6813190509393393
25799693,7,0.20369234329277616
39238942,9,0.30963020033546845
12326370,5,0.39633977643077933
26064684,12,0.32616001656348825
6296831,7,0.3432859544478012
19019506,13,0.5012899797742305
38171222,3,0.4096160970254987
19554819,5,0.3959571455809385
37202501,4,0.46806946950991507
28309248,13,0.34736915546001806
31716122,6,0.6399913065914791
32948606,9,0.3128594611773569
39668988,11,0.5601507357251865
21917652,13,0.3520951132814815
21537191,5,0.39889795269677036
14101633,1,0.7964358975060862
8964005,3,0.5989736067996629
23044171,10,0.44677921091645256
30547820,6,0.5730075060739399
38085468,2,0.7962960829951828
19622656,12,0.6661307949692105
12715198,1,0.29373630764054437
29623171,4,0.40708699124108305
14666138,7,0.5552446974278947
11937746,10,0.3209064319233251
8445822,12,0.5389256972824823
35216025,12,0.6956987804150097
25044388,1,0.39733411802818136
19683145,2,0.41292195616154054
29564737,5,0.5108233858422084
39231900,10,0.8017925277864004
19438383,1,0.35115329169864273
11974531,0,0.4576238307786425
31642416,10,0.3386895495353752
9018308,7,0.36948625561849713
25537619,3,0.43409089724420563
32425030,7,0.47176128105962833
24357517,3,0.35339327302738127
28507958,0,0.21441510183982151
7396073,7,0.42430356176411005
40050761,8,0.282786422747937
6778840,3,0.4620943208612299
20274536,13,0.2532560832869802
1727429,10,0.4955419681383272
29244352,13,0.46180826190730834
33615414,1,0.3752176485685756
4350016,10,0.4512562695601409
36011271,3,0.34533511983171156
38174824,7,0.4512276817190862
33261743,9,0.5062096366244446
23707409,9,0.34792957199943353
39882822,2,0.3917422079195889
26779387,1,0.7715606946349336
34948918,5,0.5383814661093956
39103546,11,0.34797759612042223
20155965,1,0.3014581108461567
34500132,11,0.4649567469703681
32422778,7,0.620166638645178
26299889,10,0.32663424765344756
18312106,6,0.4692358868680195
25756915,2,0.991809441574921
10952507,12,0.25138641128397643
36594100,10,0.7910694980143308
23316425,6,0.40105676900506354
22217875,10,0.24727424479828347
39020746,3,0.31091151344423773
10175519,7,0.4918823360661456
15606138,1,0.7401094267103145
36985344,12,0.40080783345037696
37648930,6,0.44637727364447904
16686387,7,0.5076161465930381
7643579,9,0.8539465971629403
31750599,10,0.4615063226197845
7139764,0,0.36723290753159393
31133278,13,0.3778378054307555
2512538,10,0.3291049420187305
8904083,2,0.5832150709095927
39171087,1,0.4932485936113227
18097439,12,0.38625778819730283
26968854,12,0.5777633078214259
27999037,9,0.7987499787827035
30853438,7,0.4733526868873034
731759,13,0.3015141010640397
39787204,4,0.4988840198505451
39660927,7,0.9792979117034845
31796460,11,0.44517913912012086
8700920,11,0.6062115009973614
21100117,1,0.2869421052723376
34971788,2,0.24152056234814986
32645291,12,0.2917180602413696
19211116,0,0.4462359499309506
29965211,2,0.4514914500094111
37210655,7,0.3013059361647275
30056331,1,0.5435043352392424
23434842,7,0.2831774087631775
23460997,6,0.34633049977813024
19114411,7,0.5196798179444094
30094091,12,0.6955428230512871
11975020,12,0.5516176459550918
31818448,13,0.4833312798826676
32314215,4,0.5265019823250952
22148917,6,0.3478300043050204
13336623,12,0.34585317388236886
19765469,7,0.7601638277985371
9563666,2,0.6852373392763235
16682672,8,0.44051916637811434
30298426,7,0.3854977647243677
33844987,5,0.6818962391398071
36808290,3,0.4991191673748527
26907349,7,0.23458803626265212
11224554,1,0.43313771465945183
32923169,7,0.4571743423370472
3804149,9,0.8116053371847338
1417665,10,0.42596579857134
34946454,2,0.5237313632343882
34003592,6,0.613571152903851
14892543,7,0.4797835993300121
13069634,11,0.6618160267176968
11617816,12,0.45844363258995974
28508699,12,0.4434037188296574
38432468,2,0.4215119608209209
36425389,6,0.2898968951403284
31548712,7,0.5033351674216884
8202417,10,0.5335534123175956
1052931,0,0.3174452842713959
27481427,11,0.4984532756471517
36470440,8,0.9994812889156116
36247997,6,0.3372389778958365
11025197,11,0.6282546407347285
11329538,0,0.9999999999782598
6800861,3,0.4413154144519728
28518369,1,0.5421625896148184
14261053,3,0.5031426583758601
1630427,3,0.4221034081582358
37422665,11,0.5642992843321945
34929761,2,0.7487258980902931
11856219,11,0.29996074354240587
23455734,12,0.8132313564910654
18794457,10,0.7331839751768393
24426200,13,0.3165881333759128
35080428,12,0.3093872213972208
6947065,7,0.274220263952416
9963155,7,0.4429912514081904
33773661,9,0.2894919312542534
29708501,12,0.29430627997345754
14879960,7,0.6156797972630104
25349178,13,0.506571565447024
3851224,10,0.4029587731847766
26579036,13,0.2654955846808484
5439407,7,0.21165633973316406
27714981,8,0.32484864318527984
32553545,0,0.34946465596356824
24040640,3,0.31239018428706095
33938488,1,0.6136268588497141
20581017,2,0.4643163414463612
30511600,2,0.39002846756861065
19080943,7,0.36670056424168745
21707337,0,0.5452624938741489
23079554,6,0.5373373572968606
39961362,3,0.642403563837926
14538283,7,0.6800313402344091
29882722,3,0.6342542368383278
17069303,10,0.2572976646971424
34602356,4,0.35293816373107106
35495530,7,0.29678789456808613
15228500,6,0.24671816763236656
34841673,11,0.5072887481043816
35981489,7,0.9089741919947656
12224001,10,0.6565362892351487
27676954,0,0.43107485138559004
18066521,0,0.23354789292022318
24367790,1,0.2998956918918542
24659006,3,0.5466647833993697
1517259,0,0.22025581226119606
28364083,0,0.361630124344924
8046064,12,0.47543515647776285
26819637,13,0.9714669904319744
14714528,3,0.3886693090197405
22310142,5,0.3729249393670973
14369313,5,0.3136573762896289
26601746,7,0.4286946417878236
38463570,4,0.722659073723228
8968801,10,0.4750355426792372
11244514,13,0.7715386061241759
36469680,3,0.2552748805782088
32172957,10,0.7342711892362244
33849089,1,0.41200240404763877
37923506,6,0.7364565042109534
25373054,7,0.5618776188642004
2388423,3,0.3800337193552591
12836125,0,0.3877076834018261
36918588,7,0.9122968486383525
23535767,7,0.6979163686747906
2908895,2,0.6386924154193349
28764355,0,0.5703743787871852
29821308,9,0.6701175535568106
5215593,5,0.2737091477894859
15705491,3,0.4108628024716621
11450886,7,0.9986539628649105
27804729,4,0.44455433446107767
30293881,8,0.5162654410478446
16450683,10,0.37125484592404195
10540314,9,0.30118502860884755
7267977,10,0.3303886365414447
36807405,2,0.9603207450702972
39921273,2,0.5119952811116197
20249406,9,0.39379673859558983
4548082,10,0.7600125064863337
30603349,8,0.5961422567036722
26980743,3,0.3967257123841477
25950957,7,0.2124074155798092
29655219,11,0.2973498656606013
14970351,3,0.360626198836405
3600948,11,0.35276610481559506
34951134,10,0.3939511519678215
34002426,4,0.43049695426301593
30706429,10,0.22660077154904523
25320518,13,0.611617204913905
22920436,3,0.3160747190736028
33248866,1,0.8214878426099341
15450022,1,0.4170733701840168
32983622,3,0.554056330769259
38937776,9,0.6295615462874969
17832362,2,0.621493698821467
30702519,11,0.48498283579489415
28976106,13,0.8498197758656313
32131927,13,0.3724660100409249
15299822,0,0.3692400223082052
33683188,6,0.3431597782598382
33454712,13,0.29028263051887776
35992398,13,0.48336462469227315
26745617,5,0.31736655044099477
31888222,1,0.3615369568395605
39711473,2,0.42338845768857464
30533983,2,0.7141573223127042
13794971,13,0.4424519690278458
33080210,12,0.30533176506474796
29753876,7,0.3513520688037201
10112515,10,0.4806663557388072
39970288,12,0.40120918489524765
26937341,7,0.3912003368736095
32749399,5,0.29409893836327844
14363707,13,0.3042301190963789
37183549,11,0.24551946980037656
28943816,7,0.7136385414330151
38876805,9,0.618980098305798
35342803,7,0.4898136406420122
39949041,6,0.6385526424917085
7086368,7,0.5781353728403915
2535037,7,0.6693882528914226
38894576,13,0.30878548629447494
3723337,1,0.49699459938820123
27113978,4,0.4711033912872755
38050849,6,0.4226522966622484
34643463,5,0.3713738753658577
22618262,4,0.5860719565033359
38542543,7,0.7029951168672485
30643137,7,0.3927450707685875
22799096,0,0.2970389589671888
31772663,12,0.4530952932177537
2914585,6,0.48443422641630823
28853558,6,0.4853319888680526
39901053,10,0.6411823614624169
29889146,2,0.5697460367357504
26675498,12,0.7769123833647384
25917335,10,0.4702887903367899
31908982,13,0.7732052152377804
35999759,13,0.432431058824155
7478366,7,0.6160581635464937
28612776,5,0.39768638696088987
25714549,4,0.6805121832419466
28988627,4,0.7852750475004351
35957073,7,0.41791338181594695
8254860,10,0.30278029709863974
32814816,1,0.82134706009151
32751512,4,0.7655450497679684
31861196,7,0.726377314367037
15892100,1,0.4951440360143982
38579049,13,0.26495663174776585
21105317,1,0.4021243855821485
34619752,6,0.5212781524522292
33145856,11,0.2858776731426159
37528922,2,0.5430502795452555
34459465,10,0.1986489862049727
14441080,6,0.32909881778898475
27270547,0,0.4494664165835844
29768601,6,0.36813649437826884
18674064,4,0.9999999999879711
30938780,2,0.222866152241622
36987317,12,0.24234969739189088
28903915,10,0.5166356290201369
37901832,12,0.5869137481663335
37248298,12,0.34871201496210374
25311417,5,0.4146145407863827
6578258,11,0.7356990670429265
21211930,9,0.3982880748867626
15862761,6,0.3809845555412773
27843255,1,0.19700737805381072
31284719,0,0.5612749777485391
27201219,9,0.3101935940047465
29438730,5,0.45947751007961546
29972894,4,0.6563489908629112
2376798,11,0.6154328796014895
26290994,5,0.19031274528670317
22753160,0,0.23520757325170344
37198517,3,0.4315164226602367
13658287,9,0.9626363262774102
37223638,7,0.7726383498033678
4340322,9,0.21304466759911175
30832798,3,0.31833940912565817
1735722,9,0.5142268325785468
38131886,10,0.14912659857064117
33561376,2,0.5564702830560031
1451349,10,0.5565338058222695
37946342,1,0.41011552081297364
28303711,5,0.29651676362092066
11079644,2,0.6043237259253493
30983447,5,0.41404257506315084
38032855,6,0.3125086592692432
29480554,13,0.75505377274226
24212952,2,0.4811296527525967
11300745,0,0.4636528005237873
37892301,3,0.25058908530009644
27914657,1,0.40571092971217815
31462265,0,0.44313911781598053
40089134,7,0.4553389261485635
36182906,3,0.42039793549167165
29295965,6,0.29152580526397304
33590571,5,0.39985008820370155
9907616,3,0.29774192367996366
21812515,3,0.277849225905167
2136267,0,0.35742844083493264
21867523,10,0.3539348515944528
38535707,9,0.7535577549026908
32621960,7,0.6461023719008773
39839726,12,0.7346360386710113
34593929,5,0.3043614536426123
16527825,0,0.5135772508302928
37567837,12,0.49993831107944403
35164964,4,0.6342933804061797
9667253,3,0.27683950005587044
32790836,5,0.47308047415441007
19617108,9,0.5324947994337804
15932896,4,0.49262243927266924
20452742,12,0.31210738334472193
23030106,1,0.4705119853355849
23450138,0,0.6031173247199101
19884746,4,0.2990476776264202
14890107,6,0.27398452752935776
11509892,3,0.28718795246016393
30713756,4,0.2012569388913448
4600325,2,0.46831058558345684
39902029,2,0.7110314487480961
33210037,4,0.4966393732967216
28656660,5,0.33139503840509854
19720249,12,0.5057283709310794
21328509,12,0.2639695436702335
28205918,6,0.624907408599459
29158336,9,0.5026559761277574
33509052,0,0.5225339970360617
5440346,5,0.32471782549421363
11237685,6,0.7939570692913396
6950486,6,0.3594934352210051
35586794,13,0.3088334919062509
23622645,8,0.8028189673836896
31640127,10,0.4100631701055259
37195489,2,0.43811046620253913
5114313,2,0.5889886073789609
30554240,5,0.5498751362197299
22333034,0,0.2857891950362346
3559673,0,0.3277262389183953
37022881,12,0.36544087079521714
10355818,5,0.4541061255038762
33957110,12,0.230784260112687
9829331,7,0.2243612061841867
27645079,2,0.39418550131343294
39773780,3,0.3472509275725571
26220621,4,0.6669212211412134
30159449,5,0.8275968617119525
31773391,10,0.6819162719588165
38174211,12,0.44127175908824084
30193411,4,0.6011618105247923
20736754,7,0.3693173782100609
38379919,3,0.31113629722306924
39452842,9,0.30615221010517757
17465362,9,0.3336006589727576
31946018,3,0.33144150152178325
26022267,6,0.7582204862393032
30871674,7,0.4851217418635254
6438784,11,0.6308161850559125
23660092,9,0.5239824747850413
3966490,2,0.528354492319021
27630265,1,0.5079498439677064
31095898,13,0.34740266669726166
33587761,13,0.4201929559928212
12889202,13,0.5236679237125319
25851183,1,0.3219226692306182
39199781,5,0.5249538992261858
18359660,9,0.8751400254475394
28009390,1,0.16468644926283338
33830662,9,0.34528731549508956
27739381,9,0.49950329634207385
26484286,5,0.5344742842754092
8707515,10,0.338069822375337
39567577,3,0.598473003665784
31763039,4,0.5444552165338337
29565887,7,0.40201730423245624
15683168,10,0.3958764005326408
17760556,0,0.306225889737636
17883424,6,0.2940041690695737
30596834,13,0.5733984125728196
35466663,0,0.43853737138925547
11324519,5,0.5156293880837539
33976147,4,0.4151771151903673
17436569,0,0.2966915166704143
16490263,4,0.21115694973645763
7868215,11,0.5153618548437128
31024826,0,0.5021955874421823
24947866,10,0.7108345526675736
23246013,13,0.3422337210959105
23111516,6,0.41680694200879687
5556282,2,0.37458601442949047
21760215,10,0.9915136521932897
12043021,9,0.33810367019093185
38119808,11,0.29233161509803457
30596839,4,0.3501247132678402
39520186,7,0.2783844957459675
28007465,2,0.6181828010954452
19879612,3,0.29967776438249916
27644193,5,0.7358987713128502
14672360,7,0.42822403768517325
29796541,3,0.3102813031476009
31274945,10,0.4830022925043073
14037975,10,0.30935153355584916
13276957,3,0.5273308712796206
18074143,2,0.27922723776185526
10288488,0,0.3204552249166958
14295337,5,0.6406170299313091
29923855,0,0.25171554502296184
36633002,1,0.3029065936359009
32426250,7,0.305450772286908
35482079,0,0.22521586841663735
37497933,12,0.375840780007098
8869998,6,0.5019102104682858
24180879,1,0.7678730460141583
33541960,4,0.3394314261603156
39839832,0,0.8290007652878907
29326556,1,0.4613012144272112
24790548,10,0.4756466703428732
38918891,13,0.6310380048349751
14701532,7,0.6815014069055696
13501761,7,0.2736104711554977
34650573,11,0.4287458465424977
30697056,3,0.34731018707944933
1111356,10,0.3007175547819232
7366065,7,0.21147945075890773
17769009,4,0.42168940490121837
25860512,1,0.4427672954663553
23529172,1,0.4947426168750152
33944277,11,0.3336508539511214
26066112,9,0.4933730634479697
34184053,13,0.2458938870981529
13710991,13,0.4631550922173592
33681493,6,0.7344304314381731
36804197,2,0.5129558726519796
34161308,7,0.24527139651189275
38270861,5,0.37115933962939435
37522720,4,0.6813803393228208
4395499,0,0.22666635133715285
32734002,9,0.5168394771656379
9750330,9,0.27393433643942816
8116969,0,0.5409739349818081
36889821,2,0.5857324216616234
20659528,9,0.7865674352319177
38171687,9,0.4132114813811712
17050302,2,0.6924275328690271
28322842,6,0.7244190679278903
28885844,9,0.24355234039696988
18339745,3,0.39453600691719715
39485731,0,0.4622185428155679
32282274,6,0.3920233685597538
33390792,8,0.47157506947780853
30532340,0,0.44412278535345207
38104637,6,0.5886696909785317
18627382,0,0.44308112489213697
6837368,3,0.4273950459225253
30687178,4,0.437286838587827
23656777,7,0.29507187875163043
34012517,5,0.2787310992062149
34773960,7,0.31632742513461587
10921893,8,0.7117483902536328
10469548,5,0.6913603744029189
24736867,8,0.4609001379923709
21534685,10,0.658356490365097
11058199,8,0.3108625021545933
39277824,11,0.351118010108765
11835833,11,0.2959104795066931
10645383,9,0.7997374709803219
24324030,2,0.5744983969274142
28886508,7,0.6970809914987631
20271235,3,0.5643208639824683
27758933,9,0.40916271294482626
13667626,1,0.662814022057219
7074984,0,0.32120069952509056
33701450,12,0.34546198045687704
11032799,12,0.3977789854623082
35867158,5,0.4261440495514743
32208301,13,0.3334341962951686
31445124,13,0.4324524766876334
7180914,11,0.7451679868033869
21863227,5,0.34444093614127963
15789611,0,0.5330733420928128
12753312,3,0.38260428882001907
22508606,9,0.2682671493162202
36258797,3,0.6145647084782874
11312197,8,0.7953007800367459
33088963,13,0.3194613270808472
29941321,2,0.9210615343800233
23662257,12,0.19264510713958125
7982441,10,0.8174034771060207
12145056,13,0.3997863341534433
8384052,10,0.7830216478276797
12360732,12,0.37394926263620226
28324372,7,0.40613015662260077
14857719,2,0.6783125740950867
17821079,12,0.8579548170722819
19766757,8,0.8572146192275989
1281184,0,0.3387096676487946
31304131,13,0.6519569208423422
12138240,2,0.47225344884198966
31849152,13,0.27649834947499613
33856391,7,0.25282609338220935
37101553,13,0.3585983071998271
31406830,4,0.5430840428546175
5738901,1,0.5028515843094183
7770922,0,0.25369835523531165
10767809,3,0.7539465787698882
30960819,2,0.6291697832588523
38840305,2,0.3151347816748363
39132847,5,0.4923149176798634
3381036,9,0.2796467139267408
7591715,10,0.2815413816715262
32548563,0,0.34023606966230835
27247931,11,0.19358295709056547
24026256,3,0.2745283877983633
38888609,3,0.37003203133786666
35710060,4,0.5767266644722396
38468764,11,0.30841557664589436
27078899,2,0.4500063664811118
20249374,7,0.3845258469996298
21719063,4,0.6012251087945406
25876758,9,0.26020007895133906
38119861,9,0.3915477447144536
27573993,7,0.45649791183317123
13139517,13,0.6003942546381107
35768327,9,0.4395705790425346
20130926,2,0.7190574420474749
17073669,0,0.3400746171062138
23249269,9,0.5203298568656596
1095768,10,0.3679735069679499
18116383,4,0.3957021689143038
31015333,2,0.639196879960424
36635983,4,0.5243524694032101
16637765,2,0.3315427038410706
30156218,4,0.3234827910989328
39722984,8,0.2795922827924171
21664915,3,0.38161282188648693
32561651,7,0.38838876722472576
15473012,2,0.6135996730899665
24043069,10,0.31463511912970604
12148690,5,0.28826986645772285
38401814,0,0.424693025063028
10142066,12,0.6043959806872027
19413994,1,0.6375619037377829
20712520,9,0.453156385111512
559662,1,0.24657748518383774
36661087,2,0.5195479784705733
19823824,4,0.7305439557977246
37487406,1,0.662945970069245
38231035,10,0.33945456902436194
21058463,1,0.5844773829963723
15104090,13,0.28630239556330844
30844594,10,0.24031150826889675
39108621,12,0.3973892029366446
23855165,12,0.30238216145790053
5559284,8,0.2850680744767256
25956453,3,0.40929529335850995
33827788,0,0.750961461530339
38624730,4,0.3706581316861057
3462951,3,0.5299727035095848
21173503,10,0.36957802787786675
33106596,0,0.6249862325170891
17803254,10,0.30605356078807083
34932865,2,0.5712865150128968
36138201,7,0.3405062697546083
15484718,6,0.6965264799600562
26510038,1,0.5863630639649311
15131429,9,0.455292020032623
25839628,10,0.5141057642535481
34730897,5,0.35924200961144725
8061867,7,0.2989107706711297
31314713,1,0.5781186902328012
13096955,1,0.3500135711140438
27073424,0,0.3999408619279004
37006534,12,0.4764851561481174
7010949,10,0.5282699039982034
12143634,13,0.4043381119682806
4199081,9,0.4398457352426892
19048082,3,0.2966961373496647
13443246,8,0.7990165525507097
9399635,10,0.5407460576094673
30061557,0,0.4214134984351977
38944265,7,0.5148944312368532
541115,2,0.4410313377708577
21675532,5,0.3332561081199721
3587613,2,0.7302742780360356
12461724,10,0.6060363994990418
34834474,7,0.7119814041807697
15964119,3,0.45902539064584563
34779587,3,0.23727742800651652
19035075,11,0.41894755691637475
36251452,8,0.35093616202488254
27927062,6,0.9115736402554225
33998726,6,0.7296613871913118
23919781,9,0.40786496550821316
13421326,0,0.36378834181057434
25938617,13,0.5635855364663933
38575392,2,0.40499121254392867
36237810,11,0.3201275879521861
4331006,7,0.8935123943778408
33844632,10,0.5398110612434501
16735786,12,0.4543713236708317
27850744,0,0.4348178645382011
38914151,5,0.3583684361347084
29482275,3,0.28721316108684786
13534461,7,0.8187685759937878
24427363,2,0.7987975461937931
33100702,8,0.7137735300509399
36153442,6,0.6807523071448043
1366047,10,0.2416076767201894
34755710,1,0.4599566921961462
26921044,5,0.7416749939653053
19060821,7,0.5126115169496465
35881948,9,0.4932841838983931
37272635,3,0.4073081638147461
34124457,1,0.34285351976114603
4140466,10,0.3433616451699534
24896138,6,0.5616308416127334
21969686,6,0.3551044263934322
29292636,7,0.6112370485431393
39830235,0,0.3650420542109954
22388281,7,0.48787047415793305
8071586,2,0.42995294542636947
31454087,4,0.4819648007908879
38859593,6,0.6082043553184959
16585847,0,0.311116851470758
37479223,9,0.24502711681345818
27769202,6,0.627578000475014
13676092,8,0.47640360246491653
37857697,9,0.519340558980051
23212535,7,0.6345750138491264
34113521,6,0.23190334709418864
37405998,8,0.356985971105119
15115443,11,0.36677043156986244
21518249,9,0.3918047748767705
32618985,11,0.48227651213797484
16972229,3,0.44473568514833656
25318791,6,0.24424674182155995
15871081,6,0.7062593637967005
27322121,13,0.5974833735592952
16823964,8,0.8803197028917168
29051988,2,0.5462603658711016
14200512,0,0.33478567556880895
1395913,11,0.41149953546544393
13567507,5,0.344135496075399
38032782,5,0.41539499888200904
37669905,0,0.24608754452593784
24771384,12,0.4124164953345247
15294863,9,0.5288611657675255
29767898,9,0.30877503295889686
6005243,5,0.3968749895031912
23457844,11,0.39837635241916697
15651527,4,0.4470924283614759
19452797,13,0.7355288699341442
38440799,7,0.8002887176444827
18110475,9,0.35852668886100897
4004979,1,0.4586699542738613
32188922,12,0.75613301466773
39560902,0,0.261693191475839
28806369,5,0.4847464458162424
10462927,0,0.20233600962719833
26440761,12,0.43987247917033645
22439542,9,0.5309604479456447
5027148,12,0.34739577488143913
24589669,7,0.35594976886574703
21298833,6,0.5480595090903998
29837722,1,0.469795418518283
33311403,2,0.39622085531827794
16497547,3,0.2900935905601904
36518968,6,0.6787736100395902
21341325,7,0.2880392807123722
19437415,9,0.5605318478114313
35398270,8,0.4167144964513023
16006687,9,0.5736511194196737
21640794,11,0.3504760228893402
30527083,7,0.6180313131654841
33516530,0,0.5330649993789798
33611983,2,0.7705131267736305
34226122,10,0.43782310161172044
16485200,8,0.4170990635133892
2267568,10,0.7047946586151831
20440581,11,0.3555537366707514
33306001,7,0.7966768658932641
34469635,12,0.5580963121847293
24608774,9,0.9298462217430528
20534849,4,0.37683363590142455
3275252,7,0.33762928798837555
22069625,10,0.22329012054001915
22218601,12,0.24095673274635426
32226581,8,0.3767092308211878
25667259,3,0.33841676825227357
25818143,12,0.26329345926889575
33013611,9,0.29762795646240947
33020945,5,0.7900642234735281
2935616,8,0.38943734050695206
11926572,10,0.4889417413310619
874245,7,0.6880853649643044
19574674,8,0.5913820019780829
35125228,0,0.5566749920279405
24066589,8,0.7432174251776862
30664640,0,0.38015936759873437
17646853,12,0.22103936409069838
17763079,0,0.43042019964269096
30188158,6,0.3227818147656636
36844576,1,0.5025982744230659
20832740,6,0.2959192123722173
29761266,13,0.5791331708986622
9751080,6,0.2734611792374474
17588233,12,0.4116973233327111
24724098,9,0.7173787456248542
34156881,5,0.6664879306671766
21115556,7,0.23328073091697843
38726411,12,0.6023101114434234
24702069,13,0.6549896416551558
39457645,5,0.41641314319343103
31019092,3,0.30537701100453873
14888340,11,0.49370926540312227
31261853,2,0.564550283857164
33281487,7,0.32078033762394415
28620848,7,0.6801620647117147
33901474,10,0.4683714611049602
13051544,2,0.6065418854015505
26195453,7,0.5219818729237644
24437165,6,0.6181732437815455
38316020,6,0.758002036083366
18577325,7,0.5864087234935376
38751024,10,0.24392487100628701
24831330,0,0.4624068735180146
35951487,5,0.4256832410494591
15106946,12,0.3218591981965875
34711205,12,0.6170670327087852
28923231,5,0.7400795339516053
1472279,10,0.8054068371110832
15046962,12,0.3517585352151329
33125822,13,0.367085815122188
33756549,7,0.8323739377552284
22584261,11,0.445978588179059
32402747,9,0.9473636596711047
32773052,10,0.3178695469210014
6582404,10,0.3954470515332823
10063091,9,0.5770263419764224
30817721,12,0.89241734678614
1093805,9,0.5706072605914482
14637691,6,0.8882251679647831
34481055,7,0.8157178945507917
30684836,6,0.2886940517531909
28373299,10,0.3003271083911092
7776371,5,0.4799112140118015
20340613,1,0.36802457239808617
29615758,1,0.44450867973803065
21038905,9,0.6581233539356971
24847747,10,0.21504337097561316
25669803,1,0.3262320417393865
38640742,7,0.35662272963040065
39090359,0,0.3439532556250158
17778612,12,0.9005860811868994
26282882,3,0.3160346075085262
25120883,6,0.4759604083811909
38345127,13,0.7019851767235841
24082711,13,0.4161969733288759
4502314,1,0.5368958587314074
2742085,13,0.4292429273342031
18818608,7,0.780846291020258
26263323,2,0.43499948842086855
10180781,3,0.2773808125996132
19520469,11,0.2946134170010436
28611207,7,0.6965308268625643
31942960,3,0.33241127431352446
32147668,2,0.5962345303010583
6485059,5,0.2545196135675407
39985300,12,0.5859313683806551
36589702,4,0.7125350886509557
11636362,0,0.28079439866330125
23903094,3,0.6351738109492793
22624255,11,0.2971064288641758
30446197,10,0.8612676602670981
32805594,3,0.42620789328466985
14724624,13,0.3712277261135264
7974959,12,0.5437532061348807
33702527,2,0.45262306176837735
37347296,5,0.8448477357343872
39531007,12,0.3730168788466927
18387120,2,0.35548927024483246
25072334,12,0.2977388316858782
35354676,4,0.6995363450356284
19847786,11,0.7055169635323972
28485009,10,0.4635351902947264
35469546,6,0.478101417700712
25824804,1,0.29166967014577416
31827468,3,0.44186987374578124
28429760,3,0.36900900857163305
9352259,10,0.32825303861333593
20264414,2,0.6689449795225565
15424126,12,0.31187738763007794
35760133,0,0.30916363792041246
19865258,13,0.6528636736073262
33984151,13,0.45709644156875656
12960019,12,0.800282622593932
18302818,7,0.6226534610910084
16745387,12,0.29296225381826657
35366900,3,0.4796826968835569
1463306,0,0.9999999999694139
26193386,8,0.7113208812428552
38878543,5,0.3467065119532214
685869,6,0.5420085477126433
31545946,7,0.8281727760283729
20970732,6,0.3893069281301307
30721550,0,0.2885701551232415
20231291,8,0.4658227410863669
28522203,1,0.32984631289357036
15774979,5,0.3841669351502185
38339417,9,0.6250563311206868
6964489,8,0.4716925742291274
10295717,2,0.6476130520455755
37435255,4,0.45161454256023836
38139847,3,0.22934464577468122
30362475,6,0.4441647438242875
37785131,12,0.25374121855042
38550263,10,0.3257254672710183
12684001,7,0.24885025589833645
38799430,8,0.5512611836480268
31596582,2,0.5164741688848374
34528138,13,0.6636940950066356
30167692,6,0.3770137211785491
22571853,6,0.35886550612336876
1173184,10,0.7386487611717641
30180046,0,0.6159808148540832
16425660,3,0.3962001362049334
37501808,1,0.5634732307888198
30750843,5,0.35216402065988694
1236104,5,0.44381189696105966
38339815,2,0.6807308027382061
24757923,2,0.33607047197148876
34542000,11,0.21877863131174277
30191428,3,0.33564190912799313
11185873,5,0.42751093407476454
33524742,7,0.4354686150557569
39356509,13,0.293766518167407
39515096,5,0.7197020222303117
25740839,9,0.6229721900387574
22676319,3,0.6619045053042323
39916811,10,0.36752180196248524
7648607,2,0.3267058615892063
39436329,5,0.7137210789722316
39243905,5,0.3375168319534037
35258712,7,0.3687678299214656
37754398,2,0.45485817433781117
18327790,2,0.56128895287645
31923896,1,0.4919492433713802
15298830,7,0.32537365363683
31165900,6,0.45175658802391544
8688050,3,0.3555820852237384
11629734,0,0.6094007674992171
18438162,0,0.3944155806549103
33323553,6,0.2338136210797034
30029316,3,0.4742980338195697
27651862,2,0.4451891454978128
17279103,2,0.39470915670072476
38015537,10,0.5438010189410262
37605612,6,0.3800566872012108
13302403,1,0.6677541137434172
3919382,3,0.5056761732934812
11622652,4,0.5204468673117149
24216860,10,0.3897904713011853
20015213,11,0.1790052710499693
37277950,9,0.43733513094794463
33398908,6,0.48924366370598965
39004837,2,0.4386135260181461
26995700,13,0.44058382194409823
35722753,7,0.5807656979840795
17892451,1,0.6679418552771541
6246061,9,0.30259699915666466
37174167,6,0.7837745781545158
21202093,9,0.4634070096442213
21032981,6,0.766564903805259
28088323,2,0.3437623098674706
23091283,9,0.3541927848415652
20550351,7,0.23133074056193856
35165398,6,0.5798166692834699
12517997,10,0.3133805331673908
39259046,2,0.5810642332746898
36553386,8,0.6768253406322472
37167968,12,0.329230111572263
29630026,5,0.4530546122406614
1719279,10,0.20866701763896695
10941824,0,0.6862951358447419
20524888,5,0.4042493003144102
22445416,8,0.534353876622031
9220883,11,0.44019249018660794
13202507,3,0.4290966421738798
16529038,13,0.6944723343072361
10919379,7,0.6822436880838141
17923161,6,0.6412370400614376
15561173,11,0.3513137863294139
11898451,11,0.6278384226145358
20384743,10,0.7521424161615626
34855391,5,0.3333716484963652
35422578,0,0.25473770787017375
26077541,2,0.43576582269365527
8254309,0,0.39387692671143626
36091007,6,0.3214616263071891
32285927,12,0.28164473018045816
39061928,11,0.5354450781595251
5502014,2,0.2775711020053628
32546776,7,0.4637721696796725
853184,2,0.40175056532211284
11034539,6,0.6415593490077205
20152888,12,0.537039025524801
22534101,13,0.5956197525216012
38687974,9,0.2444430689332484
27525444,2,0.382185983771648
15722158,12,0.5846912046175644
5264829,5,0.5670525908958864
38447104,5,0.3871647219806747
24018577,9,0.6135026384355273
32783530,13,0.9865190732981926
23579989,7,0.6338637186758534
3083784,1,0.2941453831843856
15603240,10,0.44864878405145836
38262178,8,0.4992246883958748
27571884,5,0.38132963169419815
31753850,12,0.40145212436614713
32951123,8,0.6109818783721318
37081116,5,0.3938330359960851
10320194,5,0.2984489696184068
11488122,0,0.5718006381756976
6960470,6,0.2994058850622117
37225243,3,0.29628844048393926
772518,9,0.5050598916482131
14097061,11,0.666414489091321
4526498,2,0.32793758093446784
26160792,9,0.43051362306227275
4704913,13,0.3633046081861364
33990345,5,0.6327413079568782
28663508,8,0.8489383053521223
27960507,1,0.7308766094506179
31879459,3,0.366499736933501
30281274,6,0.3208591975644721
14671345,4,0.6771968558633803
17369534,13,0.4178617355290189
29056976,10,0.8622659524587204
12019618,9,0.30844771184624087
19845691,5,0.723824740688124
6151400,7,0.40865973297829594
38258343,11,0.3143325483083857
8757019,2,0.5720184305179269
24479281,6,0.2624997767487512
38435289,8,0.41365584756861773
22257665,3,0.3643737067856572
36411331,6,0.8552639711093782
31590858,7,0.7047597263213958
5178535,5,0.7782300414380787
20810630,7,0.21398009345597985
8808597,8,0.7823792201591205
18111488,5,0.23181632448141495
4377038,10,0.44666511993106617
26685007,3,0.4920074155334167
17884411,9,0.83952165332901
18781344,12,0.49164773503107706
26289759,9,0.49745874224192826
25881271,4,0.25339091516481693
8177261,9,0.33809945644344586
32936129,0,0.4016828286863736
22119586,1,0.2635466816990571
10461531,12,0.7905997828601733
36253931,3,0.35636641032752314
37652976,11,0.3273698116674297
12829125,7,0.30867485407665396
32215165,2,0.3910506650976671
37751173,11,0.3350454376621097
6349833,7,0.5259977585908139
31128435,6,0.803847922348567
36668447,11,0.39127387348469
32118749,6,0.2685842180941052
28686453,6,0.31419515242675045
24976474,3,0.28588802749234554
8620521,8,0.5611769345571982
27692883,8,0.28678860195676636
38523546,5,0.5265477708632654
28667126,0,0.3110318209714291
26710946,11,0.5619424591677354
6473753,3,0.39172622736750257
7141665,0,0.6773255420014628
36982015,7,0.377218054999172
16371626,8,0.5343026423125558
28771174,10,0.6522189173339399
22034878,1,0.28116086568085774
13039060,7,0.6852257641723366
24127601,10,0.7932896115003821
31635828,10,0.21976010679373237
31601713,9,0.5393488632092687
25246842,4,0.6610464565937074
30698466,5,0.2965172487178638
33814607,9,0.7532496440845963
30845469,7,0.2746481379899995
28568939,3,0.5105749334953776
28583565,5,0.7295845431355963
29381375,6,0.5279777642809796
10559465,1,0.8116786205238169
19556809,3,0.4384643842057192
27308698,2,0.5245492574967978
36803774,4,0.20999131834878879
34689540,12,0.6774809797608021
37918586,4,0.7884082481853231
18050933,1,0.40245714806524896
4809825,2,0.3453261616499353
28808626,1,0.5868172150717144
35868089,3,0.4748994569833294
8352736,7,0.4781163157631886
33539955,10,0.24335753854778408
37336899,7,0.7690086713573961
15636527,2,0.6530462271564198
31939503,5,0.4377049868692302
9938130,13,0.5184335652242078
7955602,13,0.8824790934366584
25799297,12,0.32920188608221207
15482097,3,0.322026197919441
16694671,13,0.48609636285385255
4800419,1,0.5080494422334834
13119791,7,0.41613149654178777
33009893,5,0.5448495972665814
23053365,13,0.4309044282980567
25593325,7,0.7659843481607596
39147407,2,0.36233426595659385
20450313,6,0.6065092368584856
29500012,2,0.645108609077444
19347009,6,0.5121988260677978
5128741,5,0.46717790885295396
7100514,9,0.39345926490167105
22359595,10,0.7916012743406777
17820699,3,0.2796583614560861
32339872,9,0.6665412772162963
24524740,9,0.5598236170768072
9134491,10,0.828383968729748
14926601,7,0.5818188897419695
34902352,6,0.4458236719404478
34010106,3,0.7456677330405361
3145897,11,0.6498692439090233
6763636,7,0.4467464671742436
16748891,0,0.20219942339939406
38976089,11,0.38792428677620655
26084620,1,0.4176310194470239
25147934,7,0.37365680957443137
21274619,11,0.7785053968847162
9272257,5,0.5438806463388025
26146837,11,0.553934067981148
37017786,7,0.5487139461071479
21714335,10,0.8545103360176891
7430108,3,0.3219522056492253
39428481,5,0.5779357093011886
1508906,0,0.3444587209119208
28311203,6,0.5588010499467859
9416934,8,0.3473596492177201
37863410,4,0.4675817478887165
6082501,3,0.25342045690576454
34335989,4,0.6071558580497273
4699605,7,0.23308156661873305
36023996,9,0.7565456226842516
6924706,2,0.6983985886420064
28293270,5,0.3813547087056324
30197052,5,0.5796638541657222
9162453,12,0.4193607390490515
15153876,11,0.3488557734909719
35352390,13,0.7392127048014687
14836425,13,0.5644762354247262
2154095,10,0.5221841997088247
38556217,2,0.8266446930276398
37272552,3,0.3995868082077653
20642504,11,0.4121925807711075
21104176,11,0.3860668015517652
37166188,2,0.5225425355679242
25085870,8,0.3381956839721221
26290620,2,0.40012166341338695
11714768,4,0.6798554015847648
16832266,5,0.6175614190542811
10851246,9,0.27378993451130107
39243929,11,0.4271951975317676
37452166,3,0.4555062790294594
18806424,0,0.47586550964996666
16871130,6,0.37587453616651184
790898,3,0.4631193372697723
36128685,11,0.41971616937367473
34420864,4,0.6331880723181972
37894912,5,0.3271966587032558
25150107,0,0.5641195279285262
12556977,10,0.670023085302013
29473306,3,0.31504200179205183
2349302,2,0.5467819919096951
22497852,9,0.643916374121851
34599421,8,0.25141019771539747
20346314,13,0.9814961465863616
10005343,5,0.564917015095233
35042587,10,0.463465543346131
20877106,6,0.4116870987090039
6399975,12,0.24478207577150082
28623521,3,0.30763130076130957
6282053,10,0.8294092186218736
9300491,7,0.6277268348864611
2020228,6,0.29785078438666895
32215992,11,0.4108895230818095
10982505,6,0.5280993905380694
31326420,10,0.5282373815775977
34673447,3,0.6652119604029197
38136016,0,0.3654980899864237
5154443,10,0.671321516319175
7772373,11,0.443181398607339
22587851,3,0.7609850051014411
27804239,11,0.36571454542322773
39929777,3,0.5044178548410876
33375581,3,0.5936809251842317
1494696,7,0.4949248755904778
14182780,5,0.4568717329456125
15193506,8,0.432625463952422
17644730,1,0.6380310714144983
36589367,5,0.5342758073384919
36878064,4,0.46827985035867276
39715183,8,0.28810140250838684
13376135,7,0.5372790125246504
19655086,10,0.37901653578590316
39579355,11,0.5999692704035333
13851410,13,0.9999999999919793
34570067,3,0.38370227488524683
12827349,12,0.39584821949581817
3142883,2,0.41252210929201616
38551278,12,0.3459860641229149
26241360,8,0.8022114532555488
34011006,4,0.3854348551919468
35496542,2,0.38213938758975696
31018413,7,0.4727053186107177
36635495,9,0.29036014620380085
16760517,2,0.3643215643877353
16994547,2,0.4327733147598608
18766960,0,0.4831671083923498
34303963,10,0.20348959916571038
25332777,2,0.6315984942115688
21487916,13,0.6523286787583427
17052480,2,0.46366616763055163
30416811,0,0.3142658005971633
38866162,13,0.9375194567919398
24610802,3,0.43728221329925415
37362971,10,0.467687453718551
7186928,3,0.5755665156480639
35419236,7,0.4524744889206598
23797691,0,0.48473724983259386
26989078,2,0.5517264349537918
9486871,7,0.3063121154060474
37925504,10,0.6933684153680156
24830804,1,0.7978010808335451
2046802,10,0.696072133187936
25442171,4,0.3534040893780446
2173425,6,0.2697288539098904
20047851,12,0.5258751699931333
29641869,10,0.5681092668706478
32820673,6,0.5607702753496036
16222178,13,0.2831600704013689
35887564,4,0.7086598966437221
24191668,2,0.29862176067096713
8525447,5,0.422740271272051
24282416,0,0.2641381250593469
16803951,3,0.3172630799202794
34349222,10,0.6314728105265737
28367810,10,0.2729233765046641
26935287,6,0.9419700892137809
5808819,10,0.3678969688975284
1829810,12,0.3831115277487316
32017943,10,0.377768511863531
22363061,8,0.5079591505941212
30359801,0,0.4695543552754766
39835536,1,0.43440817047046354
28741563,5,0.5766475393903987
38182463,7,0.4954266399850136
36986350,11,0.537691604503617
28091984,13,0.3216103322906778
3612785,6,0.44338778931230755
40031004,11,0.4849241849957939
29919757,3,0.5979819685651403
1994488,3,0.3547614541312867
28116945,3,0.4539860756528007
17376085,0,0.6702969404596575
38363994,4,0.6371334485773283
29671395,3,0.4829085347365512
17845350,0,0.5504594751533668
32887408,7,0.822220723648207
13926647,2,0.23398311670108168
36755891,8,0.34017898055894885
24537896,12,0.61549998266099
32428120,2,0.5724478829106421
21390612,5,0.7302396788097533
31492602,3,0.49780928916599804
35517196,5,0.4545268782957509
12110245,13,0.3728166511747955
21140853,13,0.5993828401150538
7217617,2,0.7624646805254427
33682692,3,0.27896380566652135
36321157,8,0.33118111073501144
29355120,11,0.3869534908099936
11027865,10,0.7797370030572986
37214297,5,0.5735938455551473
35251210,10,0.3053345214924062
8974457,2,0.5619304435963661
4220441,0,0.18608736249072969
35632009,0,0.20206220560037289
31633738,12,0.37861994335073895
27203090,5,0.41044485987161633
36712706,13,0.6381267515999608
39317373,4,0.4745398022753034
19303835,5,0.4575726565026428
20293369,13,0.3690333958061128
39305135,2,0.48485341142847627
25529070,3,0.3662855901950616
29592679,9,0.5594032351878687
18663772,13,0.4015430555374175
39494787,3,0.5687017236613818
18666920,13,0.4433804813428574
22668465,3,0.3541156816700207
38594515,4,0.2638696063319409
21411099,9,0.7111786105180304
6189047,0,0.43561313645763156
23117570,11,0.437713048850757
33794873,8,0.5190456657326356
18939133,10,0.25706031613422115
9630494,7,0.3232513485615103
33488351,11,0.3357443428741376
2568018,13,0.2494517757929075
22361802,3,0.37632900990215035
11388180,9,0.5815088850804349
33466635,3,0.6590453671786508
35679173,11,0.43362565892190613
36901124,11,0.3618828128865633
36808628,5,0.5644066056019857
28012791,11,0.5790940957543071
10547343,7,0.4016936159241961
33176297,7,0.6817139444089901
33218010,13,0.3070981847236514
23206528,12,0.7225463930899578
32320254,6,0.7655160578061144
10472620,7,0.3388498288167063
33295581,4,0.4198647636358633
16193578,1,0.38552622136842046
37206097,12,0.3352212875978115
36090648,7,0.5096785583360947
36100593,4,0.5064403484213625
32939731,0,0.3882899362648567
33120475,5,0.5303552295436295
37570762,5,0.33600661250968633
1915643,12,0.5786487780462569
31053602,7,0.24982193588079726
39196603,1,0.27775611557812324
34602461,1,0.3953091873000264
20629012,2,0.7862699468125705
19675760,9,0.8154176274723545
32596094,2,0.48411996953234004
2362541,12,0.3778256405859245
870520,9,0.6108802703220984
39741509,12,0.7031536860494915
26801490,3,0.43764160018803866
29017416,13,0.24720926930763046
777778,2,0.5323043424089559
30790518,7,0.4636580678678353
8533885,2,0.33798013786314235
37192297,9,0.5623091948434551
7752814,10,0.3090364737825919
16254513,5,0.40377947286697247
30692750,6,0.4987158995329387
36063800,5,0.40711376443179437
5958929,1,0.835831248219582
12644902,11,0.5078420141023283
33906183,0,0.4457126829454618
13176533,0,0.5649277655977788
26145724,6,0.808343684779982
23426759,10,0.7900506503073392
34777259,1,0.924985781292371
28191934,13,0.4523920540574766
37850357,11,0.39416734826256083
13371444,3,0.5757996020144447
14716981,8,0.48580128659924343
37353951,3,0.5849377697072845
27103849,5,0.32869223598256797
24432831,4,0.3744656977405124
34646262,8,0.44414030365778273
19446183,8,0.373963172264467
19627867,7,0.5000703514085658
23818041,9,0.693255635392057
31093459,10,0.460890479706008
35826487,10,0.4342877353898121
9856435,0,0.4792867731879197
17976695,7,0.25689375912223567
24315016,1,0.4086928750558333
26764634,7,0.4860055309998307
37443386,0,0.5593915851674276
15078246,0,0.46483172924289584
39459947,7,0.2799911688083592
16922293,5,0.3727511099024544
23666661,0,0.5468029312946818
6809067,7,0.9772489677999076
37017773,9,0.4973329516634717
33891918,11,0.4227408641192623
4479463,13,0.24587295574465326
33803806,2,0.2225559353518369
14864895,6,0.3051398938526449
13570344,13,0.48421209469241977
25411052,7,0.3964021369842278
10669897,10,0.7132693007598363
31048613,6,0.7605902846378477
16313224,10,0.44437331768230603
30477150,7,0.333766976794782
6109890,2,0.5077817666096007
23173340,9,0.5222587666866281
11745614,10,0.3859782130636954
33897848,9,0.2242152589684439
32158760,7,0.4347323068644836
9648896,11,0.565996848583673
19731665,5,0.44771707343432476
36796887,6,0.6924121551630446
8126139,11,0.6313311957612264
38285195,0,0.24957547558258208
26336108,8,0.2678586667547671
35893997,13,0.89491339411672
6222528,10,0.40805175824641093
24748781,2,0.6211594795008567
7569050,13,0.23000230348751885
17959955,3,0.3130866141295304
19073579,3,0.2984266198853138
39135208,11,0.37946352070268047
36114063,3,0.429633207923393
18570492,11,0.35069801972614467
24041935,7,0.37099368016188694
12770302,2,0.663518758926395
30011715,7,0.270325607875999
39233057,11,0.4109288287005176
15372949,1,0.3614634697095269
39925157,10,0.5593359548078766
33024954,0,0.2534348666898311
21208376,9,0.503545291465695
30998547,6,0.48267334995570893
10364201,13,0.638107044690274
18369726,3,0.5626792740487454
23416024,10,0.3079536362663542
10265115,10,0.37730587023292367
6832332,5,0.7600714869555218
34955200,9,0.6540028356446407
19188981,9,0.33680726663292093
25473948,5,0.37648199074092414
20904326,5,0.45866520531643645
30413207,10,0.5142883611642592
20602696,4,0.45418204704010684
23388509,0,0.24647747390413732
26935793,5,0.536902578059096
4135836,7,0.36883732720832113
4009251,9,0.7352222789899523
31032890,13,0.33340359224668176
25716316,5,0.4286166823715015
24350779,9,0.9219249687072681
17323824,0,0.5069958138392101
39187738,7,0.4041117783870966
21205472,3,0.4964396106018375
20620643,3,0.39021650206734837
38845176,3,0.4106410642388285
29066550,7,0.5551951124262278
35951786,4,0.6416917890883145
37155266,3,0.5528784572022734
10404792,13,0.6805633096407945
23397460,5,0.5865805863678271
36827888,12,0.3304412826898762
18661464,1,0.42229717177767595
28572289,0,0.1770860418075676
23827025,10,0.38315243559062023
4427623,6,0.6853602152258418
24965534,0,0.38444420341296087
33027713,4,0.4044770470301624
30188285,9,0.23735653916537444
7664803,6,0.7851088937296985
38341180,13,0.2859702581458519
18062443,7,0.5749284832957724
9531028,12,0.7312380986719653
8262072,2,0.3153362885884536
6394170,11,0.3593876640119338
12448583,7,0.4216997106848633
11280287,12,0.3263221972037019
18245718,9,0.6667151001502157
9510183,3,0.5748841976445414
34129354,10,0.3313109995220309
28943107,5,0.25905593836533025
4650639,3,0.26088463396361616
35389050,5,0.34910757797220054
30882145,5,0.651717925435864
37131820,2,0.5082775465878987
36924820,9,0.792623639681847
22927198,8,0.17427682421178609
11632388,0,0.43319023572820703
38592999,2,0.5582940608191478
30769856,11,0.4729303204839049
11527793,9,0.42277014082585423
36719891,4,0.36631883888766786
29748045,7,0.39260871881512355
27791307,13,0.5201157443631519
30617933,6,0.37944506546545387
21737487,11,0.5832742287769253
21252948,7,0.8406772257208991
13570644,10,0.4552083692185167
14495868,5,0.6119310393207834
23457493,10,0.6981226968501308
19577973,0,0.37529109004648825
5724701,4,0.4086139113106326
34968412,1,0.37918745716326824
39047630,7,0.5278840937822084
28515570,3,0.38144372794071846
39667089,8,0.5466921487820812
28059562,12,0.37449283508331294
33971484,11,0.4508791155759524
6043463,9,0.9191379800205867
36075147,12,0.5093389886590093
27846942,3,0.39421595651055324
29737715,5,0.37435601251751566
9526203,7,0.7063006571852196
14928820,9,0.8135134531034812
21409279,3,0.3460388640814969
8323728,10,0.4792242386462308
27131462,13,0.851735916790527
24967934,2,0.6391134746284028
27301022,2,0.37784053486700236
25161727,6,0.5807057464950016
2608645,7,0.6218430296422296
15120662,7,0.24198344402029803
40109555,11,0.7042855357871757
22268521,6,0.38786409171259534
22038762,2,0.22030763485474442
19171686,5,0.34863382705279455
8983150,1,0.6081038029304175
20460339,2,0.37999269290460447
27949024,5,0.4979469484215289
33417908,13,0.43720257070571567
250038,6,0.5046340279637568
38509137,0,0.5543931727867601
13895951,3,0.5018965712791688
4688943,7,0.5896349765353563
30012998,7,0.2935045088854493
10158060,4,0.5071933194667345
23000451,13,0.8088398535375465
19611822,12,0.7708987099237391
39069782,1,0.7837747418635568
1459080,3,0.5788069106505156
35090726,0,0.20214578375559858
11981810,13,0.31094058963849586
35158917,13,0.3699645875045376
25977673,9,0.7698607722625241
30944576,2,0.5163739908455667
23110542,13,0.35440172434359013
18553896,9,0.40767576338927686
32064061,6,0.6708231137978306
9328638,7,0.6483129554036167
19833298,10,0.50761265356415
12925615,0,0.4741923793234937
2104957,7,0.2344368517419846
5612123,5,0.7179461624056885
33679738,13,0.6803113503174857
38136516,4,0.8111012504800121
32329289,4,0.3357528144401097
36376135,5,0.45473332691255236
28272974,2,0.6848851523023868
9167390,7,0.3999926246505325
34489749,13,0.291981236723634
91205,9,0.41596601390572874
10073045,13,0.7752377937102166
37789543,13,0.686785192013487
39395530,0,0.6012524655654652
40118548,13,0.5451423294306652
23408284,2,0.463927799237875
38222962,10,0.47146444336742527
22062724,8,0.4000600476450191
36846260,6,0.6876299313833273
30674540,9,0.5449416476983475
6245108,1,0.26830386623906904
27949901,11,0.2948706802941333
22916937,9,0.6169105936965734
35953018,6,0.7810825058647827
18790206,6,0.5640769974784637
18868436,5,0.48670790369669703
28097462,10,0.8596537295165986
35384358,3,0.4189205012857808
6672525,0,0.5185178689018232
34760688,3,0.2481951659488072
25193482,12,0.3926964671148955
34671322,9,0.624308367821977
40065615,11,0.5208540891432258
38660931,11,0.4765256418865866
34163933,8,0.5575056014648347
39078772,2,0.8057493147982755
19319752,7,0.28153939067003547
32892174,5,0.5628072354134284
24121983,4,0.4173241599317961
21349528,13,0.5045231450479593
18536549,12,0.4063515326485752
22208051,11,0.45339482603818104
12193471,5,0.4438454738012275
39067321,13,0.8780158651306182
37291261,9,0.385703538794998
37891207,0,0.34139480132077776
22517827,13,0.4245336759985035
27179268,6,0.5356817961924001
39605067,13,0.4210460645494473
27800703,7,0.2407726687192147
21542700,3,0.49009623616499504
20655158,5,0.2906215796349983
23328555,5,0.2505036586670285
28330460,11,0.36754666984923795
38648355,7,0.6312769650986465
10021899,7,0.47649588138581644
39880938,8,0.6411513003818631
13099032,10,0.3643639009946334
38908500,13,0.3876805956700881
36101233,10,0.40126900555035
26901434,3,0.48696040617554004
28661218,13,0.45114078003801283
15297685,11,0.2824195158941363
8582766,10,0.47865171175084825
35905947,3,0.43374531937855004
2070377,2,0.5537075342667712
27227480,12,0.49214381462978474
39684415,8,0.5036025604127037
25291590,7,0.4006604252529869
28518684,8,0.7645659085855827
12318172,13,0.882841328186363
33947939,9,0.8624797810167734
37668267,13,0.31697713823500023
23577370,13,0.9700955574656506
30044697,10,0.714109110549824
24080856,0,0.2313520692883331
28596441,9,0.6298977323520717
5289189,9,0.2804594389406618
21117014,4,0.6411446284149116
39563183,10,0.5050001021218569
9755003,9,0.784074176241794
33846772,5,0.35589578852765713
22236592,10,0.721761011812423
7519135,11,0.31180533080826905
25030725,7,0.8435140925916852
17507018,7,0.6587044166879916
38206527,5,0.47577338727099105
11626201,3,0.3209898147235027
19128342,1,0.6353155231607642
12579163,0,0.40845457416614617
29751005,1,0.2950184800262666
20830455,7,0.3534309918187499
16672445,12,0.449396964221078
36832404,6,0.290857458733775
10718227,2,0.23705238859921643
11944385,9,0.5013192093913151
6806811,9,0.31114642098498324
24492924,5,0.35848815124606903
30946767,2,0.5610271850002205
7030463,9,0.3629251064480645
28924810,3,0.3084659389086671
38211773,9,0.6853630788305021
34149829,1,0.3573542400336314
24436013,1,0.4292717863612364
28554658,12,0.37365756431655217
38357632,13,0.46594743382804577
21511445,3,0.3330499041343446
31798645,4,0.8820631513725297
9768645,10,0.917108439666231
22001578,10,0.7042426270858839
33799390,0,0.21810629977463258
40070615,8,0.7598069069908117
5400833,6,0.727109423177956
29044312,10,0.2432337235815643
30797937,5,0.35786382665594346
10410135,8,0.6287286931131962
18167701,9,0.5478783438193648
13964152,2,0.3609749187362883
4305070,11,0.41353965149577304
36684870,1,0.3452697757831411
25488852,3,0.5250623894414015
21915708,11,0.26250805890628187
32740577,9,0.3676527655905276
7905954,10,0.43735237685924305
24432956,5,0.4020289772545089
34617422,13,0.7923031555709811
14897027,10,0.42659834635162575
21316262,9,0.4762674612289689
15125903,10,0.6935817808542757
4915202,3,0.31532382280056775
21279603,2,0.36179708037162156
34924953,7,0.34907627161645116
37155666,9,0.5737966493120987
24000654,5,0.34396830216962027
32940708,9,0.874706329594108
23667439,5,0.34186474096371033
2760351,11,0.402942041745955
18279865,10,0.2815664257228497
34889664,1,0.17103680526871462
6121431,1,0.2354469328425426
29579871,2,0.36137887086849846
39381004,0,0.4016644706336932
19848467,10,0.8611838956569312
10132632,11,0.3919250308853525
16055024,10,0.4039369045948538
33599536,9,0.5185419476910975
24943071,11,0.3238941063103744
16818884,2,0.38878245773781916
4700725,7,0.21579124171963474
23303525,4,0.3308859040655875
29864225,9,0.7399294871593719
14500831,5,0.2793387363195371
38062399,5,0.3703711019700792
25320322,11,0.6317694925944506
27573592,13,0.6739730200698213
12867178,4,0.6214721508194648
36708873,2,0.5053577091854454
15438332,0,0.2815862327311132
3840177,6,0.7378456240820479
13017397,9,0.19248189256075846
28387180,4,0.47484940211380144
39816564,6,0.33409856842783475
33637620,13,0.3284966813046885
22004466,0,0.23696776251969928
21584990,5,0.3339483565504043
2784977,7,0.5053756142571141
34347010,3,0.4899089880195991
17976063,9,0.693575254525356
28908167,3,0.3960296489944075
27135933,11,0.3017661664143779
39067978,1,0.3021493859922194
12225159,7,0.4653167607973334
18818721,5,0.5309407311059617
17923090,6,0.5199049211989447
25715627,4,0.3082696221334285
28680896,1,0.1902993590591486
16739894,10,0.4025961089584415
22818948,7,0.28346191701796974
10573688,3,0.2375719231760961
39455901,1,0.621154619477592
2917866,7,0.31147968844252
7923509,6,0.3950814684195027
30569889,8,0.39401034230466486
35857457,8,0.2752755168839229
39112761,5,0.3788151653005217
17897366,2,0.3961092912380276
9152116,6,0.7005126161359579
29048607,9,0.43484745523180035
10886841,11,0.23921069299256575
32257262,7,0.2768745410374187
3088497,11,0.5175249473690667
5916187,0,0.9241939755625951
39276874,2,0.287104140084056
38536999,7,0.553679332780916
20547421,10,0.5400663797332924
8128736,10,0.4452857118971115
25677214,4,0.4589839089633564
36531679,7,0.4970317034498585
17386936,0,0.2576001450048379
29521746,1,0.9368981311057403
7692983,7,0.639418390232186
33041756,10,0.36018925399658897
17091075,11,0.42945004714411056
17896767,7,0.696711018224349
15459615,10,0.16813744354225577
8888124,7,0.5049544032349479
18796397,5,0.48962202629638707
6212220,7,0.2839913522470937
26898720,13,0.5997829262549397
17505380,0,0.18517345674488978
28726303,10,0.4380058541408539
30942123,3,0.3527058402530672
34709933,1,0.4388648943214943
38017111,11,0.35332721461866295
28069953,7,0.23810098025340007
32614116,8,0.5388280990714761
29199083,3,0.38703814367664785
21649509,2,0.35794810687023004
2479690,11,0.339144682387776
22651764,3,0.4332364276839049
17964198,2,0.7284483894928389
19529502,4,0.3327996415152872
11823521,7,0.37176702824416225
26353195,13,0.5633551219396018
36297116,10,0.4177600509290483
7544112,13,0.8782138318505479
17688472,5,0.3400291956899873
33722444,0,0.6604327634932274
2685015,3,0.41755871573986447
16219358,6,0.2950288773924779
9245865,7,0.4526231915510276
4746121,2,0.6460652633777544
19051414,4,0.5948616574897492
34310225,6,0.26507154862417215
34697001,7,0.3803622838386201
9919604,9,0.5026154469337497
9820291,13,0.6707457165586492
14548020,8,0.3982754661842491
30105541,13,0.538982667749136
28537422,6,0.39104342377899515
2162115,10,0.6101450350555049
15452390,6,0.6613405641918891
35821904,13,0.5636265590186529
37337120,10,0.18821607088156547
33079110,10,0.6972681395647552
34921650,3,0.3300128082399539
17068128,6,0.455385345415908
16110230,0,0.300479007226058
11234843,12,0.387826087371535
28369418,2,0.3940143027791068
24175212,2,0.27677171727684924
12181185,0,0.4009820143684492
13437327,13,0.7440355199471111
6478931,3,0.40370346071663
33649949,8,0.2569042742019368
24255333,3,0.463263102881159
22547591,7,0.5255303730008583
16733821,9,0.6012053010334805
38124335,2,0.45339804798226896
8027158,10,0.5867694737083168
35447073,4,0.5409921329258195
4824683,6,0.6169597259834007
37746561,4,0.5407952120542442
1854,6,0.3931628350236321
3128821,2,0.48717407463260864
39948543,8,0.44708766543865913
29247960,4,0.644093153927831
35511296,13,0.15563531363604016
4980297,2,0.3916581363017163
31757747,11,0.26928416623425416
31820470,11,0.3673989789856084
26399877,2,0.5243329521483249
18287633,3,0.3998777393997501
10496168,3,0.4955216123943002
23691564,6,0.3964933705743983
29309133,12,0.2396269802429571
11646697,10,0.6073187432235077
15593775,9,0.5792526389879837
30273877,5,0.38034348391859163
1141504,8,0.4764065059438238
24069150,2,0.6334526547681141
32322090,13,0.40058709840523604
19712264,8,0.43569140642697135
24627928,5,0.5137466055675702
19932708,11,0.3515683278696764
1497258,12,0.3353056194723561
34883909,4,0.9227632281268475
24793385,2,0.6779647294892481
28939006,1,0.2708064929711857
32660583,4,0.4782598612462446
28408943,1,0.24805554535864496
24509737,7,0.44518679978522196
12702839,5,0.5213938858077386
16598393,1,0.23233395751029
12341588,3,0.34154603934107625
29010049,7,0.5612048829829904
36041797,3,0.46851529776071077
19342977,5,0.48996143274994164
32132999,6,0.6886333352639658
19590344,7,0.4314506014546814
21989035,4,0.41263780332286576
34869347,5,0.4958067458886467
15825201,0,0.4361776242300223
39958232,7,0.39810383618038314
28910157,6,0.36168851734139623
30340555,7,0.527724827476022
38780223,11,0.2883835658687295
24887337,4,0.9787409002925409
39434821,12,0.19699101122717894
34255749,8,0.37319412709826427
833062,10,0.4653121062501819
9423294,10,0.28564023775783814
30172944,13,0.586874162125118
31304499,13,0.2799733301643766
39813055,6,0.7029322891738208
9955785,2,0.6756171873168367
30844050,7,0.4627631720746863
30253425,11,0.34360281100161916
20517583,1,0.3370014805764181
19116509,5,0.35248977303697254
36746693,8,0.8085412101531511
38678377,3,0.3680932818625965
19253264,10,0.3315126172983578
14846147,4,0.6898872251491571
38358881,11,0.332892986323497
18732016,9,0.5098091997067589
15627908,3,0.4162403497974869
3153112,0,0.48321214621755265
27338553,1,0.48886056928187854
28508228,10,0.3238759672044817
37797227,6,0.5022519553240514
34367790,0,0.6492166296730354
16692777,9,0.981907911263746
22699040,9,0.7067977450553085
27821571,8,0.4001503808620261
12787452,5,0.4638795475083262
5968951,10,0.35703075403365747
26696650,7,0.3334976292018026
38565022,4,0.45042834138684285
24339875,2,0.6421328527614764
19737367,1,0.35017784231483096
3343076,10,0.37018180315211446
30063572,4,0.6125439147486619
38569350,1,0.4111890695432392
14232905,6,0.6858137017183922
37173450,3,0.3113348785224149
32855942,7,0.2609366804493832
11238277,1,0.7992510609738273
27559742,10,0.3734185088031923
34618256,11,0.44218858051356236
27447953,1,0.9448175915982855
26564336,10,0.48771651664912413
16846977,8,0.4104709182023141
22784372,9,0.2943624332888339
22018400,13,0.9924617929010702
22197096,1,0.4060603834804889
29395516,3,0.4290341955450491
19263704,6,0.49720274451351404
1649351,2,0.6716830986402894
21678058,2,0.5008405196853872
10688843,6,0.6148332610842683
31831242,7,0.6056303785066709
40048443,5,0.47432170349540376
34767400,10,0.3492401021764267
13398697,3,0.45608448902891263
23766054,4,0.575584310195093
34340458,5,0.6662185918530953
29153653,3,0.3392096182044164
8935228,2,0.23127735299722016
33612481,10,0.3428871706894381
28813775,3,0.32630077682349357
22159278,0,0.7480588941508446
22528752,0,0.3055951431642218
33658175,10,0.45012787593853554
20045894,5,0.5561393722243874
32343514,5,0.483539287444094
34403656,0,0.4145058538814746
34207641,6,0.9032587666046479
35964583,12,0.3519685117027027
14594324,11,0.6587746494072476
21913102,9,0.7818758050451105
18556688,11,0.37491396541429206
39522703,2,0.6906873015449216
27001249,9,0.3595401021084484
20779343,2,0.4920809617841035
12553598,2,0.3516855771386911
26720745,11,0.6772516764439509
26996126,3,0.21221198066956057
31700681,3,0.377256953278936
34535816,6,0.6152818714233093
36113663,5,0.3291834090450582
11663244,10,0.35602012274226624
16122228,10,0.17941603952463067
23399564,3,0.3676012485409504
38888628,2,0.44005952778735535
3822336,3,0.32786820158217134
31751674,9,0.3672888741840254
24915995,12,0.4727621583618871
11729662,0,0.4305230368859526
26181113,0,0.4395488258555306
39504872,1,0.8242118977976494
6839922,10,0.5136889303738814
23165736,13,0.39103948009350536
27077908,0,0.381544810514103
23648826,11,0.2499676775240348
20997863,2,0.6756445222773979
30060303,10,0.8354066615021257
4359085,7,0.6217007999115927
34772030,6,0.7306970787736133
36424454,5,0.33082489259073933
18228612,2,0.5582367669294174
17926273,4,0.7015804861134552
4801216,10,0.8647912866069613
26693852,11,0.8324096279817507
39379351,7,0.7306325907009095
1782843,7,0.6416008556052034
34902649,0,0.4437048685809902
37883072,4,0.4715284608680543
21567158,12,0.5717354351772358
14138858,11,0.38077190666881516
37487379,10,0.5378147834185021
11785720,11,0.4201963485945931
23230184,5,0.40441412824167206
20753807,13,0.35626243665853335
18729026,10,0.27963356580528936
30580462,7,0.3370402581741914
36780377,3,0.3537353948388468
22446362,9,0.8095217980949799
17933572,6,0.7056143252162627
28970771,1,0.48962137908788256
33359306,3,0.43594987201198715
17757306,10,0.3243168625239192
26716389,10,0.9999999999832954
32804499,11,0.7704529759966292
28747962,7,0.4627084052979277
10713579,7,0.5635731517212569
12526065,2,0.6748509682600708
35436399,3,0.43570922632706177
31641440,13,0.1697299827770325
29530594,10,0.24421803609915063
37091436,4,0.5996651101486044
30539789,7,0.36260761923271534
37153426,0,0.5191160694220199
22510934,10,0.42299698994102286
14440455,8,0.2513496326832744
38742207,11,0.6609671367373859
35462876,7,0.23735452989463154
30559507,5,0.88503924989579
2386418,7,0.43344846139799414
35314206,10,0.5953661618215204
6433646,5,0.4764414425562006
36099260,2,0.6354468604083918
25080463,9,0.3001328492353831
25596426,10,0.6132650826710019
9907352,2,0.5841467570285108
10212791,2,0.40263874516593645
13978556,11,0.2604799203364601
15564523,11,0.4231763705477784
18351291,7,0.2811922838320987
9332736,7,0.894699714733078
36515258,10,0.6972764495980488
11454356,1,0.4452323780422945
25952300,6,0.41333091163370794
28254910,12,0.5229152961845402
10867028,4,0.3622351714282555
39219302,9,0.3902870170771274
17287017,2,0.9921919464158375
772814,13,0.19027192421401815
18714724,9,0.3616476704853322
2203424,7,0.7407554050918744
27353947,8,0.26370296206972743
22860742,2,0.6624358220384227
31562726,9,0.3499391778838948
36101327,6,0.43560586200696366
38112650,5,0.39385018346747186
39936831,5,0.5660810368380533
22739701,2,0.7519635821259817
33105830,4,0.5817129664812564
22956785,7,0.6052137123160035
5799126,5,0.9129412300791298
27839797,6,0.6055352651464196
27935718,5,0.5169032719351632
3611827,2,0.5654208037498709
17938818,10,0.7153237185093956
38112806,5,0.6082703583959389
23060615,12,0.45641119798252733
39755464,1,0.6689555862800834
3907810,2,0.25835004001745593
31532290,9,0.38597554908595844
2803737,10,0.2887593813907452
35666067,0,0.3709140532945996
14267427,0,0.6974542796341361
22118704,0,0.4141749856332942
8348456,10,0.96006909119277
36453319,9,0.5020625162560676
20978757,8,0.5233851531812586
17405992,9,0.5865719714995408
4432208,0,0.8188343029943539
28256618,8,0.6082711241008141
21726553,13,0.5823738424265815
30490452,11,0.43387275977702716
32680184,5,0.8053385389248894
23122079,7,0.5489194624150423
29109802,5,0.7125043408252753
9687989,2,0.6007735406643471
6281670,7,0.3351926987752209
7068360,7,0.46947624263637006
35197779,2,0.3992547047432277
9874405,6,0.5842877526455852
13002132,11,0.5010466020669672
4811379,1,0.7157396920002167
34776877,1,0.38485092760592143
6368452,7,0.34340740373885387
39474896,10,0.3055078157681288
28523535,4,0.49893711471118035
36191351,1,0.29863590080482055
25371880,5,0.4426371377152557
28457312,7,0.8157986501507895
15123928,13,0.5875155289369758
37482733,4,0.4943056914091285
13944427,5,0.388078915496636
9103511,10,0.28968733736529423
29480288,1,0.7628289028253232
20480238,4,0.8775147361007983
36032280,1,0.22937645741486146
25331500,2,0.630587634532994
10775411,7,0.5280361310514823
34112729,1,0.3481664422548125
21476075,11,0.3161937764211591
35651895,4,0.3088896035602781
9790121,10,0.4169702121033472
38000290,9,0.629376727987661
27313970,3,0.4674015946142785
24031821,11,0.5872445375121114
15233601,5,0.5104625280095542
13512823,13,0.458315112615213
6942039,13,0.23239515304733424
34873614,0,0.33705268489745605
36402748,4,0.7800814219874318
19216135,9,0.6405442462189547
14867193,0,0.2777596229869958
8306171,7,0.25334176435823735
2119761,12,0.1733613095857137
33490163,9,0.22897363486051084
5558837,9,0.5705092482620848
25875465,9,0.33993465625295405
34927327,3,0.3438888096844791
25041420,0,0.2516517466962481
8710918,6,0.49079309055554604
25063167,8,0.7110253704023793
23765639,12,0.502859644070365
1734801,13,0.3994537431665643
35382203,2,0.4622358643892769
17534932,3,0.2932863226694196
33177824,4,0.811946505539852
11448005,11,0.42052905521322226
23048756,11,0.40514721239644014
32173856,11,0.19913111595202435
33209048,6,0.9276106713368503
25268696,7,0.32293418155762554
2995983,10,0.27609169773091247
34660528,12,0.759637043582047
34376896,4,0.4850646658220948
7141501,1,0.38818432559258725
31321210,2,0.7537833249337917
12189133,3,0.21789904597603563
35213559,11,0.4024416064631815
33619188,1,0.26755237853178926
39923814,12,0.3269903143211432
38946269,5,0.5298838360945906
10920035,0,0.29253417529267006
29869559,4,0.396632531212349
21843693,9,0.5825461220546861
15832451,10,0.2705404044971372
6745523,2,0.3282304855728058
27929669,11,0.46585658200103147
39334235,2,0.38586049007846773
34324025,12,0.49183971080558136
39353395,3,0.49962135947927655
31111032,4,0.3529099698199842
26659877,2,0.5370736020951714
34839105,5,0.30556702461932106
27293796,10,0.4361391306001132
32084545,5,0.44002984083590807
36368252,8,0.8774076066342689
34710633,12,0.29890278152409905
21752684,3,0.3412689298050942
38827949,5,0.6231644979993426
21394015,9,0.27375048721107514
22399888,1,0.3333464984742805
6204443,7,0.4995289093479925
33579522,8,0.6477970123629748
20107925,9,0.39512546782929286
15522310,4,0.7463886696297413
37006267,2,0.5373374198094423
32381416,13,0.4397194671841215
25822738,7,0.44932719728957626
29947162,3,0.5055505270470987
36139,1,0.6993234468828687
20926193,10,0.5744738425418788
23584709,13,0.3203019990603892
36292999,7,0.7809504361784936
35662828,3,0.36525936556230104
33489133,3,0.5239236066852024
29866162,11,0.2657407333085576
18637752,3,0.5421062472105789
17777219,0,0.48527924203965395
32339864,10,0.2536596836576734
15020911,9,0.2735131367817551
16341484,7,0.35821285744534054
21166771,7,0.5466781869124232
13770335,3,0.367625963536324
35546853,7,0.5556321374897331
16860792,9,0.42068434202181626
7524467,7,0.3975200497407952
27372782,11,0.7919259211806045
31379169,7,0.21006506758040533
35851209,11,0.8999874123290743
16315673,13,0.4515853167390238
11598204,6,0.38433121362812983
5506444,12,0.40161981709113076
23083195,5,0.38395396977983515
16744826,11,0.30738331593091106
16694298,5,0.6233655932741662
36515486,10,0.3082357888282067
36691704,2,0.29332602923287915
35281691,13,0.2894392051994551
39726805,9,0.7726133356215225
13805343,12,0.5295792716574594
25229511,3,0.3389840646398192
19645543,2,0.4923619316241008
31336084,5,0.2902650476569553
30589379,3,0.4545772796713554
26994963,5,0.3899690616677733
38826359,7,0.20196611724756697
33573239,7,0.28702044621235656
12939897,11,0.5331443705583568
394500,3,0.37278422251339927
17640919,3,0.3839507476894098
22715036,10,0.7236451199131219
39816374,0,0.47887967002195553
18478837,6,0.6796117515594016
24508033,13,0.6107206677498355
31551410,8,0.5347663706502654
17876492,3,0.284220884036275
25622764,6,0.35472328296559386
37750141,6,0.4556527004559903
16616563,3,0.3617720030351328
27524664,4,0.7010742577391919
34985735,1,0.29254446010269375
27433026,0,0.2988372317468841
28251453,7,0.38812562665810185
15112166,11,0.36104275586465095
39617488,10,0.6187566230569024
35101791,6,0.3772857203623469
39464748,10,0.9393252414768972
35624459,10,0.3390016256364422
3542881,7,0.31656545237684497
39644907,5,0.37390451697027915
8794506,0,0.5413376367779722
11376898,13,0.7516458228178454
24830163,1,0.3647280162365802
29224258,4,0.8543525614630744
18563717,11,0.2948408649145715
16670712,2,0.4375723589125831
38097531,8,0.4343525112795229
39634861,2,0.761109279418782
20661902,1,0.40558424819043276
11760436,5,0.21572872938841872
30217561,12,0.5888024219174071
35856708,9,0.41345280784374394
34706388,9,0.477792007371685
12446132,0,0.5146581612446793
2487475,5,0.30026271739153454
34942123,5,0.3945139512767916
24587480,1,0.4535890838739948
33978621,5,0.4464231638669629
8813226,12,0.6300145021127243
30675956,2,0.6197073446274889
26674790,0,0.28537891213475347
23704892,13,0.46692275193164173
24490115,7,0.5208388368206062
25691996,5,0.320020080689849
18040251,1,0.47839994652787277
26959176,13,0.7043385010793444
22876148,5,0.4644763225732212
32620254,7,0.5249330815402579
38129077,6,0.8154517041943974
10380065,9,0.7449618373364254
1522636,0,0.5786170077565784
11788115,10,0.5520706304546678
17127083,3,0.4321876010667098
29809524,10,0.47956234044455315
23119648,3,0.34296859552069675
25593973,11,0.257464504553983
39134580,5,0.374893359079925
28993219,10,0.380386144429825
4182419,6,0.7434552351665847
31000289,6,0.4462261781648629
36528692,10,0.4536383256430748
39299917,9,0.3181111347130276
8470539,13,0.5109425911386725
33482496,10,0.295969978130779
27071661,4,0.7277987529137019
33424001,4,0.774109334890981
24065099,10,0.4581322931261025
25826219,12,0.37251528482071844
26004787,11,0.4378150521785592
23175728,0,0.5469386185394041
35547002,12,0.4618753040854575
21747902,5,0.4339912912351753
26245449,6,0.5494963354026562
28595465,9,0.43814234815625874
23433842,9,0.9605139263557818
31637600,2,0.2677392882564634
15610749,10,0.6002643526844009
21558782,11,0.4846395436130109
9324389,10,0.2818097279185278
10883805,4,0.6072193214822673
34288230,7,0.40685996884871467
18899555,7,0.38731653029627294
27233585,12,0.6813588539198048
38266841,4,0.48373898693661666
39788860,0,0.45098909167492734
24872289,5,0.2474282027180697
29834729,4,0.6385492441256454
25826130,7,0.5059236303255253
39941213,7,0.4755762534265221
34029726,9,0.4876547569895031
33324535,6,0.37156264877445316
25559596,7,0.5603954420665489
13855020,5,0.5814581401626399
39413447,9,0.46745192578867134
33699718,10,0.27008745622291286
3711303,12,0.573499515873781
5767678,10,0.38621723956079623
15149075,5,0.33429317187557017
35602681,11,0.34061460823975637
1806608,1,0.28002308494943395
33315062,3,0.5720760639555813
25463013,1,0.46108512594901807
31210223,2,0.500922757581245
22540410,9,0.43656205129333325
36436283,3,0.3089000084659449
27884085,5,0.24202610841671243
32655055,5,0.3486918710931576
13094994,7,0.41602691570097833
18214937,5,0.5655359828570439
4806520,10,0.5209315220743426
21656843,6,0.3131953970214899
33953505,1,0.4085578234211324
35208553,8,0.6891505628611948
25973363,6,0.6554568022136825
19349503,6,0.38725563135760616
39474794,9,0.6727260888313893
14764294,6,0.192496173273812
3106893,6,0.685328634256533
3100739,9,0.7105865504434922
9715454,9,0.39136875435688595
23820144,1,0.5044698130793034
34696412,2,0.408407646923546
30946670,5,0.25911099894758605
1658722,7,0.8167721943072141
23091840,7,0.3898042512915576
40045899,6,0.5759328784699207
29822007,6,0.8540196304479523
37610533,11,0.5584142405841094
24963118,2,0.3850594438540621
200738,9,0.5691242969763822
15401376,7,0.5442698918333819
16409992,11,0.45789505306778244
24936107,11,0.858554153228552
10166956,12,0.4925081471591845
15582443,6,0.5367612329098488
33996037,4,0.4036198386918936
14652081,2,0.4140380296568829
12500069,9,0.5421029994275136
18833471,7,0.4034038697433984
16285889,0,0.4917524372314924
39177610,7,0.41673933472786084
22124914,2,0.3802591441508746
37512132,10,0.7210766747787243
22207625,2,0.5406173479314428
32239961,10,0.684868150948203
19291927,7,0.9615302894366777
38334497,6,0.578780880989105
22208821,2,0.3744537627393168
34608613,13,0.6638312759005013
4378464,3,0.34757773757704585
27924819,8,0.96819731492181
3783677,3,0.27758770908997044
38743403,7,0.4396466714002953
20827093,7,0.3088674046188771
11058250,6,0.7056543193765014
34467657,6,0.3242600602006219
28500275,5,0.2969568161937654
6573207,0,0.39975016834851074
34981307,0,0.49575453702200145
31607200,7,0.25986385214831204
33338375,10,0.3807043810597734
36535381,4,0.826956185987263
18394747,11,0.5983815049570224
27603093,7,0.2527600941880925
35611473,10,0.6186051020858331
39479445,7,0.9999999999904818
31773229,0,0.2728068738475298
38206587,2,0.5443121420214607
28477705,2,0.8033174426815176
14858000,11,0.27141203612312476
2631405,3,0.5198383099425202
27831173,10,0.5117334318617165
11301910,3,0.32609179319544357
600190,7,0.4941294299734683
21042624,5,0.4465135313205145
14780175,2,0.6031491242111919
17611947,3,0.4716650834949806
11557587,4,0.49306378533160516
37276018,0,0.36181730704159215
17386880,6,0.4782222743184966
29843433,9,0.7196473441490866
27300302,1,0.4258755366660321
15535927,12,0.3592114390416169
22258442,9,0.3829389380939666
32324619,0,0.3863195871148826
2425787,9,0.3558554411722918
25412508,9,0.512664017469619
903497,7,0.5267917807727223
25063938,1,0.4619983358777358
23540309,3,0.3373151681650193
29399659,5,0.33427465613128104
39662891,4,0.5201947197783657
35544574,13,0.3885839394059295
30418250,12,0.7091864168352332
40082844,4,0.8061011968858998
29776336,9,0.6761527080279416
33137269,10,0.24705118223206976
36157247,10,0.5071880896294794
22620266,12,0.5600617084039375
17121949,0,0.3116503689301508
8624507,2,0.5405741608755346
39381305,3,0.30820310250121263
28966457,12,0.3784145211162669
34780027,5,0.6021206435091118
34096997,3,0.7134026858212413
33464240,9,0.5305183868197598
37195684,11,0.21461163866392785
29083059,10,0.2291962793062024
38263995,0,0.325528278206718
19350346,9,0.41580904446827516
12453580,9,0.4932221158006888
26228747,12,0.49832951806693
39723437,11,0.6404937854101452
27051737,9,0.942224767356015
39817973,7,0.43262089983290847
7990321,7,0.38725811671784355
18866994,3,0.5400060519323406
11885651,6,0.45558691180099814
22775640,2,0.4796229884979163
7524213,2,0.5479008959262218
39873204,11,0.45753956905335247
21533706,4,0.4982940067564172
25004515,5,0.3663844259474708
27691937,0,0.46881298671197325
22512677,6,0.5452601565794019
21994472,3,0.6324744228427576
22586713,0,0.40273797540868767
31144356,8,0.7875582428187954
27640853,12,0.3251044158956115
31368770,5,0.48625136259149165
26616643,9,0.49004669979187654
20317456,1,0.26937443707327047
17056450,12,0.4443117204151322
6575825,6,0.5114984099281781
4653711,6,0.24997487812641175
38226607,12,0.31907347591836566
29461019,11,0.4703791386276319
32850657,1,0.48315121180752985
20196930,10,0.5409041498834795
15696547,7,0.7253533558822943
39252731,9,0.8452434632237
18261318,11,0.501815544542021
16888757,2,0.6262901265550225
21722563,10,0.4784264302270928
5486049,4,0.38176643944005395
31293460,9,0.4177116123524611
787739,5,0.39291044085644156
35516674,9,0.625378266138323
19467290,3,0.2879632268430798
28891985,5,0.5935643259469068
38385010,6,0.3665233222049831
7072505,11,0.4839564004456805
15401497,12,0.3673823598086463
36769231,0,0.3611696794967837
17569519,7,0.4811257999944161
17427252,10,0.27481309376977386
24422502,5,0.32984440801006704
38672675,2,0.7222543090691582
36455647,9,0.8152715180809593
23145928,4,0.7597875362718586
38703556,7,0.6405612692790073
417584,7,0.4627047502816801
31500189,13,0.660133859058214
20008173,10,0.5549673356209993
30955503,5,0.37357896220344017
13178225,10,0.34916992729489227
21294997,10,0.24381253374699136
31943941,9,0.467035118553986
28158278,5,0.6008073479075208
37877325,6,0.4766849123787235
25641980,10,0.16228749175611015
25024912,0,0.6025458732578086
10077644,13,0.4974279249877986
15722222,12,0.3561998098932513
39750041,13,0.4906405647552444
24707283,12,0.4393823699805023
8335548,7,0.7996755096540186
37220463,3,0.3015470513546355
27296602,1,0.5883081026146179
14013597,9,0.41944713474008183
36926906,6,0.476256669234695
37908556,11,0.4650030861903729
32383234,0,0.6094105575562778
24826092,6,0.4777996131978553
11905635,7,0.7415353642505786
33650606,9,0.9092517219174928
3778579,6,0.6348571512660315
30539412,11,0.4265436094727695
29158931,7,0.8261420622647812
36817549,10,0.8008585848848405
3609596,9,0.9967949836927444
6233563,0,0.35818571460930865
34214100,10,0.5823179057973944
861190,1,0.6696461833177466
37322690,7,0.6651183009741728
14567210,4,0.42824758353166004
25987662,3,0.4585304368647034
30082180,9,0.32690525632575723
19141073,1,0.27824299761756754
37840885,7,0.3856435290168016
27674145,12,0.5873821396264107
15562446,10,0.5937603571808222
33350147,8,0.9243522300051761
28727241,9,0.8192010793520956
7119755,7,0.5431130516190994
39950816,8,0.31329720382104514
24430620,5,0.22808207567627006
9822291,8,0.5828642355376825
34406382,5,0.41753327979949434
18908875,10,0.7166447344152888
32808856,2,0.6307917794129061
29940783,5,0.23775058771600668
22763675,4,0.912096582562055
30324464,6,0.6543824708666288
16065370,7,0.4548315179344239
26366588,10,0.6818689202506474
6240648,3,0.4708220498424603
37882975,2,0.2940654300265596
39576340,4,0.6210762251168204
31305213,11,0.3618448109551601
10906605,0,0.19013635472860435
657857,9,0.37734024874447625
21007783,2,0.3471035448784908
34713346,3,0.43831539746867804
25064228,11,0.39118776635790375
26060130,5,0.5216983618258485
5847679,13,0.7644573066809359
2786384,6,0.681648734210808
35320452,11,0.41974779642491766
5231627,0,0.47490416865706003
8910927,0,0.47917731748918313
40010317,4,0.4009066421239385
39628275,0,0.5918963516580161
3195738,2,0.32939028529100667
37567405,13,0.6893487892016052
30792422,0,0.5849180534224242
37175103,5,0.5074349215427258
32124687,6,0.3184891045867677
19460367,3,0.34308802718445175
7850207,2,0.5365818222077684
21266312,9,0.5608084228410912
33555332,2,0.8766709726104136
23085560,5,0.33686998120827516
36825925,5,0.2556515505850005
36488214,0,0.29203190427555004
38872755,2,0.7016138024023209
15823011,10,0.4386018219930379
34795531,5,0.6083960424847173
13818549,12,0.445186754194676
23975202,9,0.2693818616534394
31997811,13,0.2814088160835971
33683899,10,0.6569216418523557
7800693,10,0.612467121230611
27592603,13,0.3807591442612674
2656066,2,0.35118210117035537
28735974,4,0.7157608228829897
33165523,7,0.30282719597324464
30182677,10,0.3449026278570505
33689159,10,0.4147175387111589
29963173,6,0.20976412352782078
25087481,12,0.4833967139841292
27163479,3,0.8281254621286388
13398996,10,0.7653229776995298
20402430,4,0.4387922864386334
38839246,5,0.4097711595411482
39708133,4,0.5137855947443845
15851238,7,0.5738610014648625
37461798,6,0.9008827624029511
16453758,5,0.40479812973492735
1817064,9,0.7423980280391186
29350869,1,0.6933820877057026
27066370,10,0.5509970056580451
1588224,13,0.38349370416634965
28187242,5,0.40490023436713435
17453212,10,0.6667309292255833
37809681,2,0.42784321169862227
15272785,10,0.31216944780309397
23146819,10,0.4129874046686115
37783438,11,0.2741971826260763
2619446,0,0.44472243719469173
29676893,2,0.5284353760647837
30934414,0,0.6237163639761752
36317464,5,0.7747646034278302
10567845,2,0.637842636631879
18385530,8,0.32892187608322293
24832628,12,0.5525750303329743
19063162,0,0.4326570704449513
39578807,7,0.6621401714797653
22208065,0,0.3269712994984662
34398697,6,0.4800272481912088
20968774,3,0.4409336471865952
23524444,5,0.41027796953541934
33355268,0,0.4782260750134273
33920777,9,0.3127956490277572
4528831,9,0.3584218490320625
26147688,2,0.3956617058460747
35002160,10,0.27136905538550987
6142757,5,0.6595713970463011
31263153,13,0.39309801340310047
11638387,7,0.4017193851164509
23578018,7,0.3054973591076804
34287317,7,0.17294560410029075
38908575,7,0.38535398414712096
21209734,6,0.3616031820864675
18818307,2,0.6660723600423711
462933,13,0.6088565266633076
35294265,2,0.5667918758500728
30776447,5,0.3068788004989479
21510223,1,0.34818154020204456
27306343,0,0.3750686455386568
17798174,10,0.49765126928213405
23934922,2,0.5015633832073428
37631810,6,0.6731854915229728
17497819,9,0.33114031810011235
36108585,8,0.5057993371315611
35499348,0,0.2763097979045899
31792768,11,0.2919035389412489
24643704,1,0.4324955682729403
30612360,5,0.5086021116272262
31041736,5,0.43021511864149964
36665225,8,0.3107457727442804
19238307,1,0.5910903409504816
12827548,10,0.573946115874264
36270068,8,0.6331223589060746
13360387,10,0.7395681523932218
37653474,12,0.6290864167698869
26590089,3,0.2586524002582644
21026224,2,0.5870846275968542
24941642,10,0.23297151485387801
39649714,6,0.41906018367020326
23613715,13,0.5060293237022633
14644889,7,0.3746414494749867
35646121,0,0.2923457713002392
17911026,5,0.5339636068599767
5269304,7,0.3020577431084696
15956169,3,0.401388891867742
19314465,1,0.3264657651436285
14713757,12,0.33810187302792244
31977102,7,0.26773460112589786
13080591,5,0.33537351783277025
5422184,8,0.8398173146492309
16575153,7,0.4698495728545686
38626345,5,0.4268359416300914
38993266,12,0.623542104627931
32353974,5,0.30496683431615396
12997572,13,0.30876141704161414
31077688,12,0.9121563578530371
22768682,4,0.5581712739492758
13117477,2,0.5799593213842205
30079630,2,0.33593889418962175
39270653,13,0.18589323597226456
23922867,9,0.24599332016852737
7860534,3,0.7893243462896746
25045924,10,0.40844882645568015
19239154,2,0.7053540340116213
14442255,3,0.3257416813088785
38111769,10,0.22455666994729218
19605405,5,0.4795401862451985
35106112,8,0.25867792556111646
29120626,8,0.7177185971993144
15710592,6,0.365349388192397
10394243,7,0.297280463992886
19798597,3,0.2430660372177369
3075065,3,0.3578349619833505
12165691,0,0.2436610042368624
26405939,2,0.6060760817679077
16001959,0,0.41654260497851137
2495487,9,0.19957144556599096
13907315,5,0.34376889619847606
25953959,9,0.6048770003204069
4296041,5,0.5717386878991989
22076453,6,0.26916722120889164
29306092,8,0.5704783287367349
30540139,13,0.8832889077599184
14823363,11,0.4175003837225687
28144350,12,0.6018664841883032
12164734,4,0.5324277158128612
8343576,7,0.8070435622999597
35737788,7,0.6104324750426044
12531790,10,0.4984190187834386
28975274,6,0.3922167253312845
26180778,5,0.402800482239866
14887577,9,0.39553459295675697
8216729,9,0.2943101804455559
32138760,13,0.8173178639281925
21002166,7,0.8354676651975614
28649795,9,0.6925772198137017
37792813,6,0.7362740167801722
39593747,3,0.3881644215254041
22546836,6,0.4017683581995934
13536350,9,0.54295687406097
3303312,9,0.8388239624467587
36412921,12,0.6175175497887803
30093903,3,0.42199854636048256
34123891,10,0.30831144921291703
25442482,0,0.5219289627667492
22615196,2,0.4614653321685679
9285713,9,0.8132370175703075
36275522,4,0.4932119238079748
27033146,0,0.37080692536489424
11904603,10,0.5250873242829075
15210674,11,0.44904849007036957
23444658,2,0.7388347971075008
29832234,11,0.5786415820540545
1983332,2,0.6593277697447221
33269853,3,0.4684591863756716
12917294,6,0.43910643668424626
6107918,7,0.26717477691409675
28122488,8,0.5463285704363666
36247462,2,0.6517512204075758
37945057,10,0.5591056103501661
11276322,10,0.5612522787156635
15706339,8,0.5220756324166924
394770,7,0.998692458656376
30946654,7,0.4637645055770958
36606589,5,0.3818985025304323
9541790,11,0.3815939106402278
31055302,13,0.6011796411911795
17871588,12,0.4741838481459119
34748579,3,0.39496277190431145
36885642,10,0.3501040992267565
39415851,4,0.9680761350135897
24299988,1,0.319402778783334
39536878,10,0.4136439463299699
2753350,11,0.5043497682141685
38973433,0,0.19024096500295465
31757432,12,0.5002588842733332
21680020,1,0.6193981274048919
32464122,9,0.2161168711243239
38982807,10,0.789040461247139
23774440,0,0.3863993119191944
12755804,6,0.531539126503517
18772002,13,0.34120410385530064
28091129,13,0.3579400364958324
39018292,12,0.3676894036305453
36948680,11,0.21174999243489384
17278602,3,0.34048442204578
20971174,13,0.6965858808403516
27688183,3,0.38110816258924396
25277115,5,0.32664350203636766
33702523,9,0.3045475597817579
31307147,10,0.3783996900893701
14063687,0,0.4131282985073918
37587127,7,0.3799160090730729
33901521,3,0.2985768368237565
2383546,12,0.37586857937615137
38749120,7,0.36096310729647424
36986811,13,0.2981350477840936
39059338,5,0.39344211930237283
38187041,13,0.2486656698661852
38198137,9,0.29328418256762195
16984802,10,0.581048412062683
33040628,11,0.2515987259124074
37543975,3,0.5546648190031983
22225577,5,0.4569398483079289
886629,5,0.5900149350663488
9382941,11,0.4705760709469251
12474344,5,0.6681569156634458
18339384,2,0.4013683812757542
21997850,7,0.4692305528931453
32319726,4,0.3423610052021424
15939963,10,0.6617007593851966
37519550,2,0.9297964603363817
12692641,8,0.493875968757077
31687572,8,0.408597361003177
37713847,9,0.297385298270065
38319205,13,0.4020343492653755
39045544,4,0.2989543127036542
29978236,3,0.33727892730520176
11589275,10,0.41796026592795854
27473307,0,0.4000190969959219
27146262,12,0.45228148628724485
27702780,9,0.5175160550618303
35505583,7,0.506643298079612
38302523,8,0.4527438265026165
5563743,8,0.26168439754668243
17377867,3,0.4006555311035482
35818129,3,0.4756703514035373
15715152,8,0.2766397995958486
15718068,3,0.43508029708788865
19876993,6,0.5516743744301931
32959342,1,0.44517432405817764
33857914,5,0.3359743722842385
27906581,12,0.35485881036121997
23183478,7,0.18596377126410643
22561151,11,0.8354639560910325
25718075,4,0.48636858977621417
3013283,10,0.487249502427916
22787243,7,0.6716112152438083
36717715,7,0.4751246773722935
17485382,3,0.6342303697012772
6503929,3,0.35933319048819184
35415468,13,0.5154088552650078
5773607,9,0.2996371064102708
21111659,1,0.8915896618538656
5015749,10,0.45049596837930944
39347762,9,0.46050886898434895
26117548,7,0.7025527874777235
35829364,13,0.6167133064047405
15288824,7,0.6860070107577909
22638392,6,0.6453159807579909
30578705,12,0.5684436369195015
24106532,7,0.6926696332803625
31426757,3,0.4762998836353657
2980196,10,0.3102177110009746
38789013,7,0.4065085859564267
19303678,12,0.5686481203463442
39910941,7,0.5237394689238206
4833948,3,0.5356923944178478
11166632,2,0.652251237893695
6900595,3,0.6012678517423075
3450436,10,0.30412530841065843
36989435,6,0.700111836292475
14515313,10,0.28910320688624386
29911211,6,0.4299543867451558
27848037,6,0.21941867895555153
36042697,0,0.36193444688499704
23415251,7,0.3242743363536926
35857519,3,0.4977225452653521
38674805,4,0.8158473383497428
39187032,2,0.36508304315135404
4171866,13,0.47544210292109734
10155510,1,0.4793421004429481
7274478,9,0.4090985880501109
25278752,3,0.3809050053525566
32039862,6,0.607168908196999
14695559,11,0.7034523935829791
25333525,12,0.6345450204368313
28618010,9,0.3170002555973107
39574742,2,0.8788300918310173
29315898,1,0.28786476010768014
13441936,0,0.5052025668846795
2524853,5,0.3186265488421216
18337139,2,0.43614237500184866
29117524,0,0.23768810597087456
38353263,0,0.49297594276772366
18518376,1,0.49266456723338686
8068478,5,0.5406177807389432
12122006,12,0.4823022708764026
39355048,2,0.2384973508396846
23534867,11,0.3270990039601675
8073734,2,0.505250393602884
35073940,7,0.7196458528226306
15218465,11,0.5989007844316326
27925974,10,0.4830614900936731
31971302,11,0.3631834823560702
35948337,2,0.3419413575633192
32892964,10,0.32404603744833715
36430336,5,0.38907153816344603
29005004,5,0.5257417341854995
32234266,12,0.4878441728453527
31368358,2,0.8602409973186824
35882920,10,0.272329317675453
2161365,6,0.4443027155420769
34185425,3,0.451411804573525
11447624,5,0.26220596619366315
38815747,0,0.4072205592792261
22508136,10,0.3106265324305135
35297771,8,0.23539946669146647
37618695,11,0.4879763529327883
29810140,4,0.6011752974035915
3632919,3,0.37363034030086917
8592249,9,0.647768476685004
35390843,2,0.5882172545580834
33585928,4,0.7501814486592685
8895614,7,0.738824351324059
18330411,12,0.5202690180983902
3296893,12,0.5003776458843271
22031061,11,0.43168916122333867
9608859,10,0.257673819620051
24196421,11,0.5648681900184044
2722386,3,0.40054067880766053
30889444,13,0.7062815963591893
3061924,7,0.6796287755172224
39443478,7,0.7060659884463931
2880499,0,0.49495771278546913
13592192,6,0.3372472435054403
27090129,12,0.2863372322715406
15209113,7,0.7198975694710529
1540835,5,0.4272006161103083
27108835,10,0.44196102593633974
7224099,11,0.4313584356562548
3167106,10,0.2670473281302215
37018475,9,0.4115412460055862
31642226,8,0.3743967384589826
5983339,11,0.37201525027593485
27261350,3,0.39893889743081234
37219327,8,0.8680609038867112
22506504,11,0.32021302139532354
34524506,5,0.39037561219698785
5901779,5,0.6442142729581585
668226,0,0.1553354518797848
38102188,9,0.3094094878202361
12487731,11,0.693292001773977
1760245,10,0.2884899537773553
21731043,0,0.23486225691113885
35456976,0,0.39408287031784517
15318378,10,0.28049846785878774
16852898,7,0.22162172369414831
21567271,6,0.6900336199214145
19783529,6,0.48879597718302137
33274670,8,0.7533314461619214
25236614,12,0.3731942698255239
1665468,2,0.5994655106375825
12703678,5,0.4152754895242378
8008829,0,0.26042854530101056
16656199,0,0.5004278954307153
31728741,10,0.5518797907002189
27152673,5,0.33814845079927247
34725274,0,0.27771059459933156
35934220,10,0.5141893906849886
23161341,7,0.30517106306379665
36971077,13,0.3965372792099047
29285782,5,0.43178574111488977
8126654,7,0.42407817149418386
24906957,11,0.39801531899874665
22235784,9,0.7402985460645586
19198634,13,0.3102958513053937
36068887,10,0.26107872872942
33614378,8,0.40047243507094016
30296156,13,0.690159497654726
33540418,9,0.23482384683208377
19265597,6,0.7687571929694099
35666761,13,0.699302739832341
40010954,3,0.6137682526175926
12573741,10,0.3708587520569301
37316261,3,0.47644600641936347
29596204,0,0.5193591399186486
2532236,3,0.5176405981419582
11533939,7,0.6788684458048768
36039919,3,0.6748131549680703
3472884,3,0.439373812106327
37874284,13,0.3851051934568691
2203947,7,0.47862782552864147
29884543,9,0.580016963505897
28788335,0,0.3557636188120458
33511939,10,0.28905320128991474
33703229,11,0.31552080808269534
13133197,10,0.3714959662055344
31139336,4,0.24922863533407152
30882563,13,0.4594576629373524
10972086,9,0.579029342799154
28180360,1,0.6489435669389517
38779958,5,0.3082139163190501
16548581,8,0.36208525858702795
29655015,7,0.45353420087719076
16849727,7,0.3823374697565624
3220957,9,0.43144709606777054
17701074,12,0.49420655611164976
28602550,7,0.45445472298111783
34721879,3,0.17168316962767555
38463099,1,0.4215405848520615
33785186,2,0.5259020478367444
39662665,0,0.437468557925085
749070,1,0.41291652632915
38999203,2,0.28467552239717064
23404162,7,0.2402816479590173
24946061,11,0.622178982244909
19859609,13,0.8329067520615671
40001010,7,0.677168039611221
39936697,3,0.33788435435136444
15570526,10,0.5322948712945442
31398235,11,0.21188501732964846
39152390,6,0.5071320738783566
30505407,13,0.7543800286068421
21653433,3,0.5833241433049837
29042718,10,0.3275401996712712
3989967,3,0.41787817155695406
37663931,4,0.998998529736693
21483003,2,0.7058393666724374
35062368,1,0.7496245300172312
25027506,12,0.475416691348821
6190348,2,0.7029343186723988
30936082,10,0.351902488994318
28445912,2,0.5558254035765884
20167450,11,0.9164422349553916
38648441,2,0.41409375511041213
37672642,10,0.4336367170428712
32939190,8,0.396022597703887
17180738,11,0.6024733237478652
25900639,10,0.20596791330565145
24948099,8,0.7262683070515923
10188210,0,0.34951631016226387
24499349,9,0.3211073237078838
28957946,5,0.5042462606517499
120657,11,0.4372136476666426
31376961,11,0.43521305893205775
20332320,5,0.43834155386859275
37286768,3,0.3714469665539534
6726953,3,0.47927140803856316
39781344,0,0.612133305252192
14989749,13,0.4626123658490371
15920039,5,0.24627943453181422
29814060,0,0.4483674315616626
10728309,11,0.3228953859433026
10344481,10,0.8887621444866178
31787110,0,0.8446158505435157
40121562,4,0.36486679129312316
38564546,13,0.4800053227262923
23405610,2,0.4324693063861346
20224526,1,0.5022475295210864
29238964,1,0.5707132193323747
21120668,7,0.5274080940533677
25943850,10,0.43318477682136647
18346376,5,0.5842129830170034
33774805,9,0.5697309102122411
36417918,11,0.5549739176864542
39890879,9,0.2581779441423192
15761846,12,0.32919785042251154
33457731,13,0.6172972862183543
1633932,9,0.45412695704567074
35350808,0,0.33044324408669884
32677445,10,0.211942011636803
9717224,12,0.3052160242367677
32806808,9,0.6358319935948804
34896728,7,0.47509026293323625
308913,0,0.3066800984171951
31843830,13,0.24381212798437815
39803321,12,0.25754486254053394
11842979,2,0.7853261046395305
35495377,4,0.4459291285270272
19826477,10,0.4492267011640552
35432462,7,0.5324940581624714
34599159,5,0.4359402266596674
6593030,0,0.20158593237506917
22203332,12,0.4532383423192206
35253990,5,0.182726746631119
16857407,4,0.31610912858112356
38991025,5,0.46933966598762894
20518302,10,0.5059385600691594
34942955,7,0.754513541906958
30404890,11,0.5428689399009594
37803637,7,0.3410545863966079
34965276,9,0.2909417200636479
24454177,12,0.3155356867876067
13415660,0,0.3257692145527209
28255850,11,0.5552937823281241
23846113,0,0.2263772194290304
1531402,1,0.4554040316110419
3499242,3,0.2138777060745152
22266209,12,0.7891937425076655
24730520,2,0.38518761546301855
38810610,0,0.24278951036166654
29661297,12,0.3259021462698231
25684522,0,0.45556688673724777
39993714,2,0.6259413662897874
27886502,10,0.3749532196553504
19730157,5,0.4656180100779084
4674465,5,0.45838057153283485
14955487,11,0.3288561325833169
37175400,0,0.18227141578403078
524992,2,0.5611645893453289
33109498,3,0.2731574737908612
35213780,6,0.5104597788225543
27806167,5,0.44431862165050084
31661177,11,0.21917948890150987
27326403,12,0.37868153033803725
33057463,7,0.4760536434140166
34281442,13,0.3289579292966624
22409214,2,0.6662559984295722
3149496,11,0.6911517014556483
6498459,11,0.2084947766346379
35711091,0,0.8986760206926934
37245832,1,0.4056677429575874
18580920,7,0.3182771914606207
15416054,11,0.4074810501120131
36840903,13,0.35729411715077625
32467060,7,0.4361478756267879
37356288,2,0.5322845626042425
30974427,11,0.36145754404062974
4972079,6,0.6167290161048258
31269509,7,0.25026524428437774
11729594,10,0.4176491640972607
18513734,9,0.2457307669134428
20814173,6,0.5149499649148801
6407620,7,0.8216299084004138
28298709,5,0.2673266454465267
18221843,9,0.3231183669667022
39233277,3,0.4250763681769208
33586493,10,0.41379687126249715
38353644,11,0.5976012102316194
12872242,5,0.4927279086737777
35086560,3,0.4067130904540799
13665968,2,0.8671792376130005
29141727,1,0.768171893028892
32129387,3,0.4690062401599797
7191209,9,0.4352528051619374
33131477,6,0.42121835717453804
30533189,9,0.5734529286712746
16068703,9,0.5687605627309664
37853870,7,0.5403824000292199
29017058,0,0.42730510688449796
28631288,11,0.5583973400534836
27004815,10,0.7624580337560547
24458023,0,0.32966627809945276
13806609,2,0.31608324650363023
36142326,7,0.21062579258894137
40125189,10,0.37860625747861787
34296409,12,0.8259356072759577
11853141,2,0.39171590590040306
39085287,5,0.3426985382829172
35542764,7,0.2895797173662951
38992480,9,0.6386913331456014
6194533,10,0.32398609185194915
22849275,12,0.46336652769829056
9789410,10,0.7320092490358924
7916317,0,0.3153925496281826
6756132,1,0.4292472764940559
21313476,2,0.3679106836553013
37849499,13,0.538113207974501
10035010,2,0.771512791095751
17868597,6,0.97404944794615
31336664,7,0.4903060265084179
28215774,2,0.5229622540640938
35027945,0,0.9126227233400476
39088101,5,0.3398113913903866
30461015,9,0.86316599195709
26836188,5,0.6080903170441585
39133507,10,0.6045630308552394
38308003,4,0.5100904091570557
34584354,3,0.34753426028598344
33857132,4,0.4618747951461292
19808317,11,0.7106111991700345
21073857,2,0.44314571231630606
36532845,6,0.5851962551579434
18881472,9,0.24920254764632183
3950773,13,0.8090180929936508
32036119,3,0.4051313048682794
13484182,7,0.4108241209928566
10307794,12,0.2966300119627541
6953370,3,0.35438897599673996
37197780,10,0.48572969950765443
1602122,12,0.36038814302483374
18961548,9,0.6924791558996578
38817895,0,0.3306792924244265
21805453,2,0.2503298391015242
36463722,6,0.3989685626747797
37976477,0,0.5241824535212768
787015,6,0.6902475306849184
10203210,7,0.41346319593870007
27041646,5,0.527787230753009
31235971,1,0.5194527450900427
35289673,11,0.3826822232467376
38524821,4,0.46676501234725826
10827112,7,0.20918879161542617
28057646,1,0.6763735944053535
14354819,12,0.48415889581558047
4031814,11,0.2916272048060402
34645130,6,0.3124944141571255
12741957,2,0.48237877524698564
9440010,2,0.7611361998465163
24937011,7,0.6302443189785758
25739026,9,0.6660058914180913
20189314,3,0.3034119926325011
14417870,1,0.6349522614596922
32321408,9,0.3041757400780101
15214020,0,0.25134058181529445
37625075,6,0.30299914461348526
27090063,3,0.37560928850455544
12666319,2,0.5450302608300308
885103,7,0.5249852009244901
34264314,1,0.3711909917011342
34803982,0,0.2895159400936592
33612568,13,0.4713828050822905
36731323,6,0.2979928459507417
31516085,7,0.24759860770164313
8180959,11,0.6483118960382488
20131108,10,0.9153950280683216
22829309,10,0.3489243344667319
13584992,3,0.3817540532952173
8314569,3,0.5599527059246935
23841603,0,0.3473782545710893
9532703,6,0.8342446330406691
25437820,5,0.4022363442828948
9753658,12,0.4186059476886853
27876898,5,0.29073665512764724
30289872,13,0.28116226367501207
17852489,6,0.5217712137678857
39164524,10,0.2732877419386095
241250,7,0.40173110141271734
27649132,1,0.43868888987857024
15419617,2,0.49539899596198234
34315278,10,0.41274918055598386
37083168,9,0.19988287800486648
12541213,5,0.9999999999894017
25249838,13,0.32449267388192
35401094,8,0.7079908840347766
37864419,2,0.5634003529115525
37800054,13,0.5251182768341693
36847384,10,0.38160079620704807
36817413,4,0.5806409161730065
37706221,0,0.2010563656262502
35647330,3,0.4605337083190221
15468422,11,0.48334449492593756
40091456,10,0.633691685206905
22560698,2,0.4356147721799427
35699484,0,0.2890438857217333
37470469,5,0.5306063635749197
7274049,10,0.7103267441427964
26235782,2,0.7533983446138722
37917378,4,0.6114560027078652
23335766,4,0.3931293191549686
37240417,2,0.38047000708583967
24375909,4,0.8868591475560483
2248321,5,0.3435848030384352
38312494,12,0.7496481334323413
28956968,5,0.41030717319779736
21171290,6,0.25935144430094986
36583635,1,0.4216670194000976
34591505,13,0.4545505079241579
33801171,5,0.6121667081582747
31344201,7,0.48769153258578396
9665002,2,0.3449212970208926
32954728,2,0.4491434229399488
9751214,3,0.49777351468185693
20843922,9,0.3377181816802841
2207562,2,0.5181335886313788
14667146,13,0.45529974982576066
35958510,13,0.9091339121877001
34207062,12,0.6342724389004274
25204299,2,0.454538390010373
32031995,2,0.46482662004623654
32960877,9,0.5405660311898413
39087559,3,0.34216725843171936
15610574,5,0.43308225190832617
1401721,1,0.47505045328455275
29781828,3,0.41042976958100547
19329533,9,0.7126265921856816
15636601,8,0.4393583479814489
27133678,7,0.803129891673292
6423171,10,0.5606130942564422
16571908,5,0.40396607297632237
35307091,4,0.5225881990189652
27656401,10,0.5797245847880381
2585091,11,0.3028887061177599
13621533,7,0.7724307222278118
31483818,7,0.47060529659404715
23981601,4,0.7149130088934967
38096006,3,0.3925858954574019
12009616,2,0.39701784763187725
35776829,10,0.4354473082260565
2653516,5,0.6773775837225863
35616545,7,0.3812231810757087
36723595,11,0.2688975233332688
32945732,12,0.19463181395207932
33534976,5,0.6194686733589513
22854607,11,0.38423711053723353
31841751,11,0.9148775428963671
33200893,5,0.29041211314390913
8734091,3,0.30565114539209687
15913767,11,0.2486774757214728
13263122,6,0.6374944657938707
28252442,8,0.36718740501399905
8824826,10,0.8408949247854345
37045053,2,0.6730569885890507
26492636,7,0.6019351117297601
39381137,2,0.6345506726149412
20930006,7,0.5222473548776617
13688707,6,0.4359906439822769
23476331,5,0.41098982247897914
10259282,2,0.4121362952218059
22209145,11,0.6797682277209167
39147701,10,0.7329425779397483
15525416,0,0.5372395528467137
29035094,7,0.2513378352316849
36118077,13,0.297422574435368
37440855,4,0.35183714962787416
35001186,13,0.39201619109449387
9084228,3,0.5201899523249927
1552260,7,0.5404644472066719
40052616,11,0.321314235393755
10182487,10,0.3643112616786954
33935557,11,0.43212836622284434
19685002,0,0.5789852461404935
33692619,11,0.4236808106514951
26247960,5,0.4398166076548595
14987106,0,0.2891082936450163
32647939,1,0.2618301831295653
18281082,5,0.3925543775454802
3199363,3,0.419204950541146
6283481,9,0.8886329803927558
25062068,5,0.4389603189164826
13552907,7,0.44387729498919976
23125471,2,0.6439636999422648
30971615,6,0.5727928375445921
25980802,10,0.44911739788079996
24277313,7,0.47949160577893946
10290990,11,0.47686673302845434
15279429,13,0.17583822500064794
2876517,3,0.4803961352232171
14466713,8,0.28687216714922015
12924792,0,0.3194531008295516
29681457,0,0.30462759336575407
31090572,9,0.39498388112963906
38706655,10,0.7298625602874959
4463395,11,0.4026595655262296
31407900,4,0.8979235736711434
36773053,8,0.683927217441552
30140437,10,0.3255517906501146
31964930,9,0.4694564034835924
22207212,11,0.40297498450704794
33617120,11,0.5540579972831446
40036942,11,0.5119573156791887
23125671,2,0.5677353768438678
17056775,0,0.6996918550215864
27629797,3,0.28000032579225265
30811412,8,0.4674676587961871
18878663,0,0.3075006449849218
10032077,2,0.43051842771414117
33239147,11,0.4996412875984387
12907004,3,0.37913073466977165
11019036,0,0.7186742686102491
17302166,3,0.28632782431975207
29904851,2,0.4369724446104601
20229291,12,0.26237706875464223
23774619,8,0.3950035953960588
39307257,7,0.7532641380178463
25778004,7,0.7719975656917974
39281199,10,0.33226126475177764
30553824,0,0.4281014481459924
35675601,2,0.3389568490105843
18043537,9,0.9510064628764027
23819365,0,0.26221908861167526
7945730,7,0.4963003289787
1274869,6,0.3135858956896461
23032990,1,0.20831431967109146
30910270,8,0.5364498217847115
9311312,7,0.7697438979597645
39427492,2,0.36009123200845083
21562815,7,0.5630578259119531
38006968,3,0.5345632466491061
21184299,7,0.2589670272324831
5803290,10,0.1837997796546908
14719776,10,0.3032953499977301
30257408,10,0.5146490093760544
31260389,7,0.43848182094480387
24419525,0,0.691107244909785
24677595,5,0.4691147848613368
37837148,4,0.8296077720895799
21101557,13,0.4279137734495217
35925625,4,0.37039842878706797
29807201,7,0.2435228082524452
16637735,9,0.6167846039470037
33139896,9,0.23384159917823255
39115933,10,0.3105510236710878
25129881,5,0.6094393746385122
34374424,9,0.33468632433550854
15884038,13,0.6957346716122451
38534817,0,0.3521992575232422
8900768,2,0.31412012421505325
17982967,7,0.25217959891315317
16048056,6,0.6565842986607925
28478085,3,0.36489386236423854
34074049,10,0.30128634218790024
30403606,2,0.53808094253356
38226401,7,0.3913576610693752
26914462,7,0.6908165325394833
38884513,11,0.3729247221308707
34006847,0,0.40246725630210795
17758442,5,0.7681546708468959
6194865,9,0.31697197025065965
9050408,0,0.49068549949933626
30408098,13,0.3237178774621109
37127292,6,0.6972094236327774
32295879,10,0.6691488523519329
36400683,5,0.6026571777550701
17218151,13,0.47423978556628754
4917893,2,0.8176414555921149
9099523,9,0.5645000415287922
34718095,2,0.7262323103193229
35707214,6,0.4911006147425101
34878405,7,0.43189422939801897
37140933,7,0.5865918424525995
17432157,2,0.489890382905147
18039190,8,0.3120818398273136
13113726,5,0.4175620828184608
20445060,2,0.3369537368890531
27490714,5,0.721223960758283
31372778,7,0.35490570029460383
39956663,5,0.48853455409548396
38398029,0,0.4450276081271122
39684365,0,0.4857845217227288
1292817,10,0.5900671051901185
31187335,3,0.4764977189595108
31868441,5,0.42866500102555904
33153606,13,0.4242669213222985
2461964,11,0.7186510527295978
40062073,7,0.5196968498064923
13319442,1,0.5331388428605006
25069246,10,0.2678176745714761
33722336,5,0.23765508834798535
24210700,5,0.33827255437212406
39148477,6,0.795360968800928
38809858,2,0.9235080310086148
23402882,4,0.6023499284984197
34938686,12,0.38581594144927844
24757879,5,0.244749999632425
33739182,7,0.3812124384071783
19206459,2,0.24763287107537502
17076141,7,0.5064531758820795
7544258,8,0.4459476913176559
21221595,1,0.520895269677998
17600942,6,0.3177476877539002
18492273,3,0.47616381584231865
30550812,0,0.26556861400671966
39808573,10,0.585478985243837
20266163,1,0.8212277813407218
29289288,10,0.33250214110210047
1085852,11,0.46361361100562437
29478684,12,0.43533430358527764
19859827,0,0.43296998825316696
35113081,8,0.7605720888307824
17434399,8,0.3099550981438883
18478287,7,0.3677885770298445
27720034,10,0.5961546159955771
22781227,11,0.2670546310043195
26441492,5,0.5238854025388984
10069336,10,0.6355159108866164
34850315,11,0.4012671454195075
24187487,3,0.49084412128595106
33016142,9,0.6128374950763192
30662112,3,0.349748818715579
25594970,7,0.3489097428228811
28226308,5,0.43543192133114567
9149151,6,0.4610336761688358
20220990,10,0.352002295701541
27595349,7,0.3937952864739496
36963406,7,0.5645147189051397
10771163,9,0.5200704790065283
15471233,2,0.3153919358503089
30451190,10,0.32278689528398913
7465889,7,0.27665193975676805
5653088,13,0.1626196004139426
23175978,2,0.6558677433951786
36097275,0,0.7506685837895697
32566188,7,0.7417962507192954
23699870,7,0.4728838270385564
8916028,2,0.5650768956380221
7273841,9,0.5486717256237467
36446729,6,0.640702710238449
35569447,0,0.32421001434715885
10272612,2,0.44859620233022557
29458653,0,0.5198965239172938
25264279,0,0.47469058046751794
33391736,12,0.55661760108841
37173122,2,0.3140414958280166
21972020,13,0.6703620135077054
39541722,6,0.4736133808835588
38670267,3,0.4702328179554469
21797181,11,0.4714434496659027
16714617,10,0.6473747912520751
34386096,10,0.40463162876303854
9682328,12,0.5906659660734871
27664896,10,0.5095913907219101
37441218,11,0.35924617022024374
27369247,9,0.6067524502696046
21454299,6,0.49687100182675953
36707916,3,0.5683528855252061
18638499,5,0.6140110070486283
28037248,9,0.4922147262241013
3421290,0,0.323308895824558
31465161,5,0.39144098666439164
5704590,7,0.3052693965733784
32157517,8,0.24953404386881525
6471081,5,0.3524900893115058
21245219,0,0.4447733564694127
22905129,6,0.7030749350126602
35994465,9,0.8033005412711409
3026678,5,0.19584972096954598
13851757,10,0.7751650970228384
27350944,3,0.2754390906116493
24913505,6,0.5188552087830088
25163023,3,0.6351521778983101
37351733,10,0.5997879846376264
39214484,13,0.8888885710752225
14015152,7,0.40142874486615177
38535456,5,0.26157639921311676
36144981,12,0.29294700826799963
24406692,2,0.5494774449674279
33866352,2,0.4547106392570106
13098457,2,0.40850273631551987
38726250,1,0.26845146506559375
14281251,10,0.4436716176521924
18087720,0,0.261570057094831
26874346,3,0.31097871312463526
14149210,2,0.6079238607927542
23929778,6,0.6665471714646619
32081680,10,0.41329878044104706
10539373,7,0.8411977578442027
34481169,10,0.38827659899335815
14151021,10,0.6138301077017153
4393340,7,0.3991780421106713
5690888,7,0.9999999999905145
25752315,6,0.7238676834684766
25741655,13,0.35733173718645145
1075652,7,0.35813089110480484
33889584,11,0.3876388673634256
28833593,2,0.6361121017900294
33852378,11,0.3865065965141698
33443233,4,0.4960714515441433
12917792,9,0.29068580288288637
31508043,0,0.3944849642130338
39732495,10,0.41555486747186854
34923628,13,0.701660370505559
35665838,10,0.4217041858392984
33199172,12,0.4340644524635422
37583078,2,0.22384850360753084
30580301,9,0.647388729916695
33027992,3,0.5914469559330374
38569603,12,0.7403856102112669
23578396,11,0.37491869118518806
17935660,13,0.28591854494468105
5322027,0,0.4408452117259726
12554085,11,0.2505987631544619
19896733,10,0.6591692184492107
39550050,2,0.4913286901588946
29616749,6,0.42837926011822053
22703385,12,0.4531097926938176
27517425,4,0.5193983674500537
32876962,6,0.531737898523664
35959358,0,0.5286572122181941
980932,10,0.422699868239465
22356567,3,0.6169401322870414
30713927,11,0.516884926746903
639949,9,0.38035721722561433
29183653,5,0.27537572880287475
25328663,4,0.5822097540485999
28886558,9,0.6172562340226134
13003949,8,0.5689704325428736
28636741,3,0.6960588732393435
15736578,11,0.999999999988735
22913012,0,0.7440683074197785
4119813,13,0.284477704348146
28573545,1,0.551300848671258
27094838,9,0.7252078014353668
8990600,7,0.8111514632676371
36939522,5,0.34033957924733294
6889785,1,0.5139734531896523
39533452,10,0.6192263154463772
5143593,12,0.2672812687897115
30141853,7,0.5284904169035863
17921455,7,0.3867475405623995
23148216,2,0.6451815044686621
23006458,1,0.22785302264273896
37910443,9,0.40788882158983875
8579098,2,0.629418741989736
31708990,7,0.4082373232444841
5770944,13,0.3763398293882062
26759339,1,0.575807035515468
26720307,0,0.5779572706767391
14149613,5,0.33786141802951275
35954990,8,0.8004241620067213
27820713,13,0.7475091074079953
4449261,10,0.27133747513815
33001507,10,0.5504982892963052
33261630,3,0.5566054665283432
15604475,6,0.22865728099727223
23228276,7,0.3032906671669294
19298147,5,0.8256392298265334
19140431,10,0.5741378189591996
16096754,1,0.36603862165402967
27391006,7,0.2789029810658975
35196065,0,0.2683983698579291
28859183,5,0.44151832391186724
30522672,5,0.5041363274745286
2543672,2,0.5415783619874628
7987269,13,0.5213810446588737
11096134,7,0.3282470907503704
23310864,0,0.23103121955999742
26747692,9,0.2301782983546331
35841701,0,0.7061202009026621
33577192,10,0.7082586516768886
35046437,11,0.5667926957231185
4225927,5,0.5519607546839523
17124365,0,0.2648261525643137
37296209,2,0.5903770480588632
32704725,3,0.3795153228249156
35702936,0,0.3470332633405782
34803766,13,0.47892659365670576
27609865,0,0.3819059973052618
19037116,13,0.2831508405569603
36228516,1,0.6566469495303483
29487090,6,0.3497845190683752
2591845,12,0.5155492355781456
32006771,11,0.5326356373708186
34121294,9,0.6736369960362171
33322435,11,0.5116186447514133
11067916,8,0.40656560762442495
26223951,10,0.4744360217315574
25024203,0,0.3379825976333299
15790691,3,0.23976308620953168
19646716,0,0.36744065438944473
12657867,7,0.9128855916465931
22551408,1,0.740982732080137
38932722,7,0.3298843642465676
16485237,13,0.5670559674038415
11541824,8,0.3239934818831193
29832160,6,0.6468429093468302
10364818,7,0.6587944553628297
11856815,9,0.30651047003418114
30554114,0,0.4139186626476613
38902553,5,0.28631135038767586
16464015,0,0.6095124926521238
19204776,0,0.19128042823080546
21704646,8,0.6178102981538085
16929639,3,0.433755305354415
34272186,2,0.523178737593927
34016106,10,0.41541260609937186
32583125,3,0.38962185822385886
39007820,13,0.3449333691211228
23857535,10,0.35007795536987607
27212153,1,0.7234806959462629
34301581,6,0.5258345815347517
39509392,2,0.46984326697779005
10977114,12,0.6418314356388956
29651027,8,0.6918021065931594
36190751,6,0.5165261230963707
8346164,0,0.26940815377109795
15756285,7,0.27837409100242805
34405649,10,0.44122589412640617
23143513,5,0.40010281753032984
25750247,5,0.9732218904507771
1210118,5,0.4119725517490157
32617086,10,0.4544974516974894
1150581,4,0.256047932034144
13345284,13,0.3222852846086863
25266999,8,0.4015662478752609
1241893,13,0.32969788527841676
26488279,2,0.3408563159793702
29322824,10,0.4721715979398916
25025299,3,0.27272706479392855
3562441,0,0.3813665611031178
38702364,7,0.24951421889672848
31676473,8,0.6701700798339151
38641162,8,0.40091963136834124
35108617,7,0.39070434490937367
19129106,0,0.33598636881244953
33987864,7,0.3016920213146473
11154634,7,0.5105974936847021
37753671,0,0.7499137666847254
39120934,4,0.7237687745167892
30356069,3,0.2454210812690748
7749914,7,0.6019230875618481
31618733,1,0.3663227023002293
27954926,2,0.2926054872116321
12308028,11,0.4236758006775703
13295205,7,0.17731396662334065
34842697,8,0.33593438410003884
33582424,6,0.598702880797752
37827808,7,0.5132574273294792
28464886,7,0.4989846289813904
24618648,0,0.42542719611330265
39874047,1,0.38862426144763423
15825241,0,0.4823406124751212
12364981,1,0.5079572072275548
23679318,12,0.7167046256048712
31076197,9,0.28918864726878546
16591082,2,0.49953545610880634
11465158,1,0.9999999999899005
35183140,3,0.4607221622372496
397125,3,0.5010258995560403
8440824,0,0.2456676631931831
31565901,13,0.5031096667202105
3324733,2,0.4992542024570851
26575661,2,0.4553355773218449
22675840,2,0.4933921828752546
20409518,6,0.3963450049777398
14572999,7,0.6719909575933812
4665342,11,0.7337053448969189
35152137,5,0.8854842232167153
38213595,11,0.39927500474784916
3642748,7,0.9052194650170251
38625435,1,0.6422705899623032
39003982,1,0.33193596376045226
5230699,3,0.514257131224716
20432419,1,0.47194010996916474
37132594,7,0.4220903690070251
38256373,0,0.35629045560575356
29317526,1,0.43921708988644986
39256233,3,0.5877734129467174
22284018,10,0.5057410579416026
15272918,13,0.21873071450335918
5385959,7,0.49576256385851497
12796443,10,0.4796767987796144
9919342,12,0.8151907557064557
7010551,0,0.4080739929900544
34253933,10,0.3382332556886359
1383863,6,0.5811022665261159
36387302,9,0.19875318273522563
17202243,0,0.3783354004009746
15007867,7,0.6011615042088959
31453414,0,0.25227745621501907
34108502,6,0.379468471217438
28313984,7,0.6622514951311832
24914735,8,0.34751427237899674
4516358,11,0.461708589404572
26470476,2,0.5081100569082347
39205979,10,0.3952596534465672
30254023,3,0.5034224661480629
14344474,3,0.6438862878942289
22452512,4,0.27433180019495046
39662811,5,0.30712719738525074
24415638,0,0.38517830784359824
28354567,3,0.34985180067318694
28274133,10,0.22383962958130485
12353996,10,0.5237692640287362
15864846,6,0.5913199959522325
27957569,7,0.6101399035193176
39425284,3,0.31070005118998606
27046448,3,0.3206721257153615
13238566,7,0.4068289036157441
32378308,12,0.43796648177709996
219215,6,0.6954693814497429
39638324,8,0.638837259439377
27389165,12,0.5122788159735406
28730805,4,0.30320966785007064
9752017,7,0.6191919242578534
11195140,0,0.4564403956380952
28316119,9,0.45772135277191994
35510972,6,0.41120461596365016
38614156,8,0.6275634488743154
25506527,0,0.3221649712674111
19645527,6,0.348530580772899
33763621,11,0.23183451049385456
37034308,5,0.3349972126928903
33748040,9,0.859986300903016
33535386,0,0.23565815251487057
26869977,13,0.4001965227824042
33113031,13,0.9226185229798637
35896970,12,0.43245532907567724
34418667,2,0.2962709789109508
34241050,7,0.4575368524786362
34846503,10,0.8167237549672375
32328192,7,0.37209837619319835
31189199,3,0.7700578296352187
4095749,13,0.26186346856064224
29521027,12,0.6050137331945407
38658574,3,0.6362201754193263
20981691,13,0.42199261029438684
32378647,1,0.3993198433846036
40101329,12,0.37896058526417925
21110713,9,0.5475228943100539
19074645,3,0.3294748887737881
21665629,10,0.419467505260566
5084934,3,0.37142017726327065
32587183,4,0.5728317257113773
39144482,13,0.7325844650296908
6998366,2,0.5265372055539771
17042602,13,0.8972687958773405
21790459,1,0.5873358637363014
37730650,10,0.5183661207282669
18492000,1,0.2971455389010991
27377142,11,0.5388320590510105
17350774,3,0.33077220812138497
37450334,13,0.8391385516733386
1328041,7,0.42434744702004473
4107070,2,0.7010328433671953
29745032,3,0.43313681631705997
32936373,3,0.49941827055056526
14764873,10,0.2682468441705067
6689935,7,0.744229827261144
13633521,9,0.6720441703473601
33270673,0,0.9849813245526058
6315501,10,0.1903425268126081
30364958,9,0.7972324406799919
35797523,1,0.985490977243774
32742250,10,0.7130278451341568
20701484,8,0.900259304360286
10390537,6,0.2894935199049189
17128029,6,0.4321024889079108
15598867,8,0.4439138907233916
19996940,12,0.49493070383326837
19962300,10,0.9656271481140021
1621806,3,0.31026087539881403
30211966,9,0.7251843047866141
34481924,4,0.42062821710646525
33273792,4,0.5598185571192382
30583738,13,0.6787714244157842
21054359,1,0.8166254381807291
26885143,10,0.6378802920763702
37121222,1,0.35510765743105105
27025359,5,0.36868711559691986
7057450,0,0.22448260845495782
3080450,12,0.33136491806572815
29250319,6,0.6238272481832302
27830650,11,0.37819315798252157
26762740,9,0.26812794239602994
23483503,3,0.3999639294039083
11413657,3,0.5236609467329449
37206973,2,0.3109938095187083
34040241,1,0.46398416612897786
13278959,7,0.5145558276455466
19316985,1,0.2717251948795536
7954784,3,0.3052683479848195
5452648,10,0.581559952609957
25918393,6,0.4623854246371876
10925507,6,0.936003989248194
36980910,12,0.41203831114053635
36457040,13,0.4571178752994901
6515160,2,0.4546253042818729
5881615,7,0.7366052286397627
10953060,10,0.33106365040814095
5091914,12,0.34516047789116444
22333700,13,0.363986483616624
33619895,5,0.44454094169996383
10839836,8,0.5977532882614448
25583468,13,0.2398160978820094
38797281,7,0.25404596810836144
24447994,2,0.4611991436468127
38197722,12,0.7490643536824266
22458192,2,0.6064282379166951
7632589,0,0.21253580297880614
39447362,3,0.5826501435355166
12322065,1,0.43534830302464156
20941428,12,0.9617827586164087
17086289,3,0.4954063105348183
29443216,5,0.41049591856222745
16121425,4,0.6781114878057332
38450320,10,0.29548549421768155
38718190,2,0.6272930744079812
18174401,10,0.9148276765562754
21259988,2,0.5948856557781123
20110732,3,0.44182212665900683
25952922,3,0.5962999336760109
10447010,1,0.8825574395979185
22667298,12,0.4244254386965869
2170228,2,0.3412928799791289
40004639,6,0.33938842209587505
1959744,1,0.6187603879208903
5384632,3,0.292465719945952
35263440,12,0.5266433546218829
31751230,4,0.5815585823424491
22605344,5,0.3999590295140165
19165751,3,0.21718270134729897
38947658,3,0.3230140616287647
33194533,1,0.542556528105992
19439961,10,0.343125105307865
37462656,10,0.46133533667920645
13822642,12,0.6383129471954644
37735296,5,0.30038552300806376
35049873,12,0.37717095835997205
32285022,7,0.19309476249539173
23130008,5,0.19589290974837567
26558688,10,0.6719839455175485
15828312,12,0.3903148652315683
4063392,9,0.45219533679288065
12408414,2,0.37231646788916817
4537355,7,0.689446939983042
16359052,12,0.6092349255703194
33047762,8,0.37929866355730574
38133980,11,0.5095462534472516
7200606,3,0.5351947231292434
27624166,0,0.5621834164243465
39150996,10,0.28866230625043254
23265920,7,0.2812854827658462
35749955,6,0.3174129355127414
35350065,1,0.2577466655913768
40049320,10,0.575758005710854
28641210,9,0.39822537959891996
3833717,8,0.3579273826390003
28195586,4,0.8035018867308333
8724729,6,0.8025330565606139
21052946,3,0.25182412203396165
27735413,7,0.25390856991439553
31954983,6,0.5243793202841853
30429608,8,0.48158477018391044
5507156,5,0.31781700723731904
24012547,10,0.4132264931183108
27031629,8,0.4654143457542403
23689357,11,0.5111127585768991
32425153,11,0.5082091134564825
25829049,10,0.31059183899359916
35704722,4,0.49991096617622427
29860814,3,0.3995825746597093
4103085,11,0.44724173286709556
37346269,10,0.5478940294381334
38558171,10,0.8661959254970675
24881554,0,0.3096210104613775
9504937,1,0.3058214857316402
16745487,6,0.3347717348352307
32302687,6,0.53032630088526
35228982,4,0.5946310468790855
24411931,12,0.20745815861523462
29261917,1,0.5051283835546841
8495786,0,0.1818782882964939
34779058,6,0.21090779723123232
19622241,2,0.3419803433822649
17920147,1,0.2278334358734685
7778809,9,0.4644942937768193
36437397,5,0.2525053905787459
28746247,6,0.6809634307482929
39907708,13,0.4906896101539369
383760,2,0.4181137276403445
38242445,0,0.3352531791583749
13304136,13,0.274643227646503
27004888,0,0.32215781646536745
38729081,2,0.3882054324025898
33260651,10,0.2278376069596514
23290114,10,0.1757872061702894
9850973,6,0.6022110943599835
34846713,10,0.4139948727932477
17015490,6,0.5294863422590835
15993006,10,0.3736847215775839
8904318,11,0.3111228300766888
37502545,0,0.5138773505274656
37354022,8,0.34688688346298824
30660619,2,0.37990651823350285
9671530,11,0.560225466709296
33272162,1,0.8590991697569157
8686225,7,0.5254533771272756
18295751,4,0.5766019594419903
8327365,0,0.231042168270471
39905822,4,0.35689731114378104
39060386,10,0.2948174330237965
26449057,8,0.9125233347626818
14827983,10,0.35604576233138086
22244642,6,0.5793746296518834
33697530,0,0.2453853974983979
18431821,4,0.38999710293174594
31982284,7,0.4467208374692297
38733897,8,0.9164202850672539
40071165,11,0.7436642705010025
1596963,3,0.3742446797083343
21032497,5,0.4001498033477685
38928949,6,0.5209527414562481
2801154,10,0.36924713533498493
29454595,7,0.25369602907693384
17116718,2,0.3088546199655265
40098680,4,0.6876807147986546
9390536,9,0.43684946559355825
25766209,12,0.4673316860985913
28233766,7,0.3199601647565735
2940948,10,0.4001423909770602
24804527,13,0.3587906143584523
27027316,11,0.5598786718662481
34812542,7,0.39274206206499074
30009948,4,0.5453442006705357
27732965,1,0.3649451473102216
747781,0,0.6172838357211186
16030923,1,0.4725490436295216
22298050,8,0.5964230016586761
12934699,9,0.27472259560026013
21506864,7,0.4747820383005882
26489449,0,0.37260995912422323
30891094,6,0.4243640622295061
16719263,13,0.6302794675464991
6075974,3,0.5382589145608161
38562144,13,0.44742263558195616
14395115,3,0.3257366199356257
4947290,2,0.4476003978361909
39658549,10,0.70211617345861
34126448,9,0.7552894827245484
26513125,2,0.4507575546227924
30647997,6,0.6659065879274219
38130054,8,0.5338562035608679
6256183,12,0.3392040446228053
30486773,10,0.20682137471462175
28873486,10,0.29612877780533403
28011551,6,0.314422716917564
32280480,2,0.6243313283234325
12320143,11,0.3772553260405537
9091073,12,0.7757877495828844
25258755,2,0.4199307775002779
34544925,13,0.5671530113095247
14787461,7,0.4360014416253481
11068198,6,0.6042994371599218
32315491,6,0.578017907510702
15305787,7,0.43200270039773364
13127045,13,0.36985985474745436
24604983,2,0.19405369772068398
21677964,12,0.3774543880201814
13639461,10,0.25013753804786587
23636077,10,0.2734663699490327
40063317,2,0.38672690744224236
30674777,4,0.6710419566046733
40090673,1,0.40934990543693145
8281762,7,0.24858644589955872
31967010,10,0.23457606218043656
31381183,2,0.531604718919878
26858129,9,0.6097686419996022
11315259,8,0.4444111663297156
26652845,4,0.5079178619107624
35311269,7,0.6259274003963387
16505456,7,0.6103975653643419
22347357,1,0.460137468808954
16909779,13,0.19125544833693373
37590721,9,0.9891243385873119
28616679,2,0.6873217248751229
26342588,10,0.41876799360574957
39781172,6,0.3996048955342963
31121026,10,0.6155724554317922
19956622,7,0.35541154442004136
30900003,9,0.666382673148312
9292169,4,0.29649824731709323
16818338,2,0.5638823766322052
17913377,7,0.36926680151826496
3665414,12,0.642142935095147
36632745,2,0.540440223071895
18082319,3,0.506241945124598
33455463,9,0.24828995339614554
37883476,4,0.6984096902244681
23188991,0,0.3491340389944239
30133505,3,0.3652355604844831
23020520,7,0.2589559343798931
34857737,10,0.4212802246997867
11794466,7,0.373977234593519
38341323,13,0.6595277575415417
36427800,5,0.2968893003323247
38094679,3,0.4888936964316573
19182912,12,0.42611101899793524
22788770,10,0.5399805879611609
15791553,13,0.3460719390961611
2717282,2,0.4721788904969777
37087613,9,0.7381284157346519
9702933,11,0.5907008939032836
30397874,4,0.39623859005180784
22115831,10,0.317758475159742
1504729,10,0.492023451611125
20804956,3,0.45819182077692044
2942940,10,0.9863369976921793
4702274,9,0.48975564765387464
13068043,7,0.7133420505033621
17683701,10,0.4799600612421298
19349117,5,0.5256078695037206
7270022,7,0.6396730907375257
31421283,0,0.3541960189822503
38658041,9,0.5899927971277934
36684140,1,0.4959316374693092
32389221,10,0.2437278763968132
11035076,7,0.4386494063039658
17023170,0,0.22935873769581924
31714221,10,0.34111342007683415
8892831,6,0.26327105410045143
27178126,12,0.6067842901868497
36662624,3,0.40037577894887555
40007815,11,0.3843564591793084
18221294,2,0.6056350425003018
30695709,10,0.3626543539508067
35663130,0,0.4203500207549362
35990123,0,0.702707597906557
38470092,2,0.48694881319138467
36958314,4,0.3756949678358721
3824179,1,0.24389504538950757
13797624,13,0.2737592001118871
16957167,2,0.4711789938574034
39738285,10,0.763167165896002
14804291,13,0.39223652725701463
39188888,4,0.6807812227660301
31758913,7,0.46022066672462736
27434569,0,0.48590989151380537
11651553,3,0.3149814537527133
12715804,5,0.651698162819753
13774397,10,0.47420685091343523
5306756,0,0.5699424266385273
19371849,2,0.730031837096379
21870618,9,0.5462688857118629
29179670,5,0.595676280366159
15098431,3,0.355999927845231
36134850,4,0.6583282394191169
3606743,6,0.9307230040216852
12098559,11,0.5169931059019214
38919565,11,0.1985967325636868
27910855,0,0.5278816000821269
25771516,6,0.5858035018750385
32043124,7,0.6738932945695794
28988072,6,0.2345410927264076
11657614,7,0.49344762926441915
9372456,7,0.5530069931777084
9767585,3,0.48248444804576235
30961846,8,0.5822476181287781
15870443,10,0.5644070372344266
29043771,10,0.23330506210311538
34964426,2,0.6122490366653349
11302487,2,0.381496743948878
21448929,10,0.6489442387126073
30036303,0,0.39623700245500143
32762924,2,0.8505936103837234
39329309,11,0.8831503975993964
35330808,2,0.2980053788115208
3244876,10,0.2777234001079599
23439131,0,0.22736007372599504
38446908,7,0.38741028497328767
34846325,0,0.2560048944971501
28439394,2,0.6339503823093945
35614466,7,0.47063630942779905
34244191,0,0.5648084233757074
9946760,13,0.409657874931352
20470970,3,0.3591672291174837
11897597,7,0.4036840562985684
19349902,1,0.6391110581087267
2875767,0,0.6365034823083222
18609513,7,0.3658608950137564
21952175,6,0.5071071263397026
4894976,2,0.40721827014615236
25634624,2,0.5977890950332567
27286275,3,0.4049185020129034
2063412,10,0.2114640315515964
25513698,5,0.35113811303358017
33168099,2,0.3337945583003168
30682836,10,0.454934368857657
15266818,12,0.36289419434512626
32646389,11,0.35080314004752494
32548708,1,0.5500261748219997
30149776,9,0.5235537903150027
22069727,7,0.5473957280609458
10075065,13,0.5629042693220412
35748549,3,0.3447148590139335
8225460,13,0.8187188738010863
28818036,0,0.5826232212735405
11927604,10,0.38303394304500843
3976795,1,0.4953387878541928
39203384,12,0.2742339552531265
20360293,6,0.47006170612950954
10202306,0,0.2839877966916868
8858145,2,0.37959353031998744
1876131,10,0.5412757374104586
31898989,13,0.5118677424364918
19215847,3,0.3580373408648104
35752388,8,0.3450027443152702
33434990,13,0.6816701852718041
19865964,5,0.4374019943609378
36213883,3,0.5794529780584252
31219359,6,0.42485001940747263
16592420,3,0.4395309431343047
5764664,9,0.23257348020639088
16351436,13,0.8525837259148755
19264922,6,0.3772592118224001
19058985,2,0.7216113481687219
34596576,0,0.3968409204452083
39934802,10,0.7211490029172324
21860661,7,0.49174136557784714
13566747,12,0.6252585978742933
22565311,11,0.41032256383409355
5783516,3,0.315201313158796
30753390,8,0.45813416511687466
29015221,0,0.3683319412774037
38427958,7,0.5890689301965116
25318639,4,0.47009678583329345
26473885,5,0.8141500627887043
3375375,1,0.43472472673941576
17184225,5,0.4323709806173245
19242826,2,0.6443367222895967
20528081,12,0.37985894565255984
36487527,0,0.5947345031485192
30370110,1,0.3062880392712214
37886785,4,0.5485848184422516
18592785,7,0.44539210962514725
31119510,7,0.4648729271400566
30979092,13,0.4132169561302566
11641435,2,0.5874693406573761
21747260,11,0.3936645946343046
37372401,2,0.45531565697411686
34885107,5,0.40388696487208076
23009552,5,0.20850229180905508
19109158,5,0.3410354217558541
19289291,12,0.20173313661580972
19166126,3,0.341249712777824
20849316,7,0.4376681440716792
13674792,5,0.30460253062653647
36975738,10,0.3809062143818059
10400139,7,0.6946854680649839
25045483,13,0.5772321170019591
39379805,5,0.16412263212355077
23184263,9,0.29758046429770985
39969218,13,0.3776071345462493
19678342,6,0.3555876407993204
5481686,10,0.41510226614993684
21996288,4,0.24048852093538461
27645132,2,0.3438769007030811
38879220,3,0.4630054834933201
39499959,0,0.36959422810996745
33353855,7,0.44507835846015864
10850052,7,0.36290053558110746
16687433,11,0.47517913086408486
22076449,3,0.6744967810876522
33030056,2,0.17473801461310814
36028382,9,0.5231616034435271
18174883,9,0.8505676573342383
11618913,9,0.2679703408175095
32529073,11,0.5372495628256715
30655847,5,0.3987802768503896
19134404,2,0.3608906056896913
29343107,7,0.3614980970464182
6630645,10,0.40235300565416343
19440322,3,0.46834716857053066
18880625,5,0.6841202721810893
34108696,13,0.47602564938022446
37246630,8,0.4124088071868987
26243682,5,0.6147989719933876
38944814,2,0.45179211579029127
29064053,7,0.5065523857976719
7589238,12,0.4742992906992091
2768188,12,0.8205254681789572
38552285,7,0.4960554664777075
36046230,10,0.5063232922961065
35143596,3,0.38465411317766635
11130831,8,0.503602643593267
26430607,3,0.24527614021757763
27646065,13,0.41474502303390026
34781904,5,0.3154177186562294
35096360,9,0.51505196176282
17697170,10,0.2961775812510745
25417713,4,0.6158646969080201
10110083,2,0.2317465708152245
1521058,13,0.7958727303077321
30412340,7,0.2658751968286183
28619045,4,0.42281052651281026
32188352,3,0.5091842964179467
14222773,5,0.44033108181439673
38819570,10,0.4553311616204876
28668698,7,0.4592587259340295
11611849,10,0.556304741550723
855514,12,0.532245497873793
35948293,5,0.3196504842659894
18301980,1,0.40118747867523913
3907611,3,0.6489876838973175
8901996,9,0.3601206779439155
9252688,10,0.2802925315364003
35260742,13,0.26968755312001247
5136611,11,0.37471927910674374
32971485,3,0.459550426036156
26345196,2,0.4944584728243118
36068832,8,0.40447219374415716
37106475,13,0.43435024645907583
20461772,1,0.4464131330938021
18232150,12,0.3655860492333748
22387024,0,0.2469063926999557
40039457,4,0.925636248263046
17831211,10,0.32940002893236653
11982341,2,0.7109966970626685
38963822,2,0.432522358006155
7222382,0,0.42970578500891254
35502121,10,0.5316789241853365
32203982,7,0.2168210755282652
37341764,12,0.6371840669685406
36410373,5,0.8000613242820029
1448429,6,0.4507146868250078
39348496,6,0.6426288171241105
24440960,9,0.7776728797147732
35261588,4,0.5151459385396566
37885882,4,0.8908343318779056
33412974,6,0.9373777507775645
18236155,7,0.29003338565864917
25249259,7,0.3282887356565782
33681855,6,0.4008330940017537
34757803,3,0.4561152147610533
37335938,7,0.5333829042948611
39557313,4,0.49367068880719195
25726924,12,0.686686489328008
20579397,7,0.7078477942508715
24234034,4,0.3950563329415377
35397621,9,0.4642722545016858
30662570,8,0.34129822876060256
13025332,7,0.5581591058778513
20199962,0,0.5874194103848714
37528077,10,0.5140991281565468
30815468,7,0.4406062733108295
29929639,4,0.6164073638114872
24941765,1,0.4559695722668197
8060397,1,0.44194689787862207
30121441,1,0.3907251608243261
4707296,8,0.1914363589445056
38994930,3,0.4089878995801436
34485056,6,0.6336196634091805
33527030,11,0.5859800683253719
34445692,3,0.5026772449006811
1212108,11,0.33636916268255707
15486711,7,0.43259762052221207
26801068,13,0.6884681023966451
22806065,4,0.686788890648058
20551104,6,0.3275376650709233
7698716,10,0.457878472169814
38609421,1,0.2839947059384602
39257652,13,0.630269159080948
20870812,5,0.5133184185327727
26894144,11,0.6070569170553957
36794592,8,0.7017549206287874
31836695,4,0.338844658181781
9964911,3,0.5103402500253957
25770880,12,0.33908563537803477
27912764,6,0.32379496796720675
5498060,13,0.26598836706669954
29733476,7,0.3086153006486216
4605929,3,0.22718341968417852
34598298,7,0.7690503122656406
1491796,0,0.7015819799957755
39646631,4,0.19330276321840786
35090521,6,0.35506312100533033
37232387,4,0.7252639895868457
23023878,8,0.7184629978546571
28211280,11,0.4945575836854028
36723003,7,0.37561931136130655
29338190,13,0.5468477416229253
34369849,2,0.5326860157160009
5041682,3,0.23898177378543084
24028925,7,0.29609246122394606
702986,10,0.3619670535726585
21226708,5,0.3934059912392442
5156663,7,0.5519907717966107
12332195,7,0.33493227918475366
1189253,6,0.3089127917299502
30253198,8,0.40225184257244173
4733838,6,0.49286334545422744
11087553,10,0.4200491695475173
36786056,11,0.46371224152855894
20922979,5,0.48279609440677146
35659578,1,0.38052998139623073
23343370,2,0.2899616675038435
37095012,6,0.7303020513451131
21430900,7,0.41495663111762554
10570560,0,0.6132888131133378
35620823,7,0.6380153666581524
28327150,1,0.2475806498174099
36140143,9,0.2799959065490097
6462684,11,0.29527908005991993
10868473,9,0.29117716202603544
14176833,7,0.3671926423939692
23567674,6,0.6035581424177959
39304995,7,0.3246502899092823
17658399,1,0.8470067031635098
21705098,3,0.3287088601453634
14628486,7,0.6111385933908864
34386221,3,0.24554661346725784
24560173,10,0.5816423781140917
24865844,11,0.3431310196845449
36269546,4,0.3859568202820167
1053928,8,0.5511704456845873
37317496,4,0.3583383423688507
9533179,11,0.36794686661141296
13224920,11,0.6023489637183452
35515975,6,0.5461744295442753
6846829,7,0.9799123613457912
8806101,1,0.40527996029060276
13346021,0,0.31488356414152197
14178517,2,0.3670439005785842
25733955,12,0.7803371417791404
2825520,9,0.33618137169606627
27899293,1,0.6730041316616868
11025700,5,0.6363448529130505
38597378,12,0.2936337835654917
24892904,4,0.5845104550880239
20121664,9,0.33505011654865946
9635913,2,0.35976930294926873
18214743,7,0.7323185161229095
29478400,2,0.45435797976282377
16265602,10,0.4158901865658729
28489149,12,0.24595984755021225
10682806,7,0.22443144843414906
17639142,7,0.5316117844983611
24467748,11,0.7480348004789764
26658175,1,0.31835978003613674
5825653,8,0.8527944410623677
9458110,3,0.4632178039335499
30174526,6,0.47361520712732963
24597661,12,0.5070318745602854
28997445,7,0.34582336806660213
38050084,7,0.5545297018156023
18840174,0,0.39237736588725347
25395175,6,0.3829321923644943
29911230,3,0.3940674595330498
38576589,2,0.6599333528417766
39309227,1,0.2995967591794595
2672635,7,0.7062467546927436
35726924,7,0.27244018695285394
9097441,9,0.6714482838218613
15247628,4,0.5831987990946934
37112548,2,0.3086433676811124
2005540,10,0.8021828986235279
21298772,9,0.3287597052326195
15860074,6,0.35471260181037506
22794884,3,0.5584024389180143
3749512,9,0.3544719053287561
20285906,12,0.22307511762947058
3405626,2,0.4314607132014742
29983059,13,0.7147909650289808
8971074,10,0.3304913225458356
5690147,2,0.1855981340583188
36033021,3,0.35701270012350445
7857868,10,0.6812311057233431
12601316,11,0.4747309547489058
33848197,3,0.5534474896995575
16943988,7,0.5707644645713299
35725478,13,0.24907724763959474
23607525,7,0.6477604872663046
33969754,6,0.49762657540949007
34229641,7,0.3580223779123561
24488927,8,0.5446217920783024
11029014,12,0.6380043181665328
2171733,11,0.421571137795997
22862658,1,0.7016946238651441
30948997,7,0.195311214000293
16342777,10,0.4331689791659661
10985157,5,0.4220249274119774
20114653,3,0.3323781622464357
32037190,12,0.6041845807947845
34132663,1,0.711449054360029
18005861,10,0.3323344206084352
30922736,9,0.9507363783614701
35750140,10,0.4728744326967172
28335194,12,0.22136139326080387
4642423,10,0.6694403967099636
36631462,10,0.8758901803756346
10984471,8,0.4893615211640364
31033468,3,0.3623729728412608
34709927,10,0.4491807643317412
39628043,10,0.2372342589665415
28214895,1,0.6953883395640748
7017990,2,0.4915847783104871
27048702,7,0.3286392286758072
39987703,6,0.3334674272010754
27765166,7,0.4263140657392072
8781024,3,0.30420700490660535
34180674,13,0.3157708720054483
22657874,4,0.26377399306931676
21854364,10,0.5556062155408018
2401117,0,0.6076380447863546
1049070,0,0.48620845545387914
13901185,11,0.31441827353742674
29194082,7,0.3530828149554078
25196721,10,0.6206167955514749
34253425,3,0.33786452316275123
15231870,3,0.6886579709720294
19224300,13,0.4152096201976698
37346463,5,0.3941258083595742
12341496,0,0.2742221666003947
5504498,8,0.4163718796184369
36666353,5,0.3097022014530314
18295595,3,0.4419929684852745
27428008,1,0.5865327211565766
5360050,10,0.4902614234787102
9298820,2,0.3879252547357381
27425443,10,0.4407163518250139
39288354,11,0.3225521854703792
28255133,10,0.29635293014799297
30610579,0,0.5656942249279091
25291506,2,0.536633845262435
30125939,6,0.3924333045235973
34996508,10,0.4019123533215153
35847399,11,0.31690074729425044
4039354,7,0.6371038816506823
29474143,6,0.40795210147127703
37408133,10,0.4867326483382175
25678204,13,0.719256646879519
11488558,11,0.250758463367848
37199288,13,0.2735741917929694
31745159,12,0.48228705104204633
31317312,4,0.25566465418495554
22280167,5,0.30578363439213807
26593944,7,0.3351941540763379
8211386,6,0.496751922525401
22652762,0,0.7461365600695106
3252383,0,0.9245605120631031
30142149,2,0.5641335666776599
31740909,0,0.19448939672948629
6413891,7,0.5365293700944718
29729356,13,0.2856644451361526
26719449,6,0.3768364110032391
18722046,12,0.2753573878396084
9761116,2,0.85050152377688
32751576,0,0.7407922938043803
25051362,2,0.5117180959568441
28679718,10,0.30039402454205694
27578674,5,0.48530757195599644
30028841,13,0.1942448980118118
36277917,10,0.7582197540883389
28677657,7,0.6283388195239332
27339940,8,0.5634739604318986
16474171,10,0.6015735851639014
13303464,10,0.6777131428166667
14161331,13,0.5026069638226693
31649871,7,0.765853734940975
33167079,2,0.39512748562540784
28859300,4,0.7249828197895904
37280467,10,0.671019024632199
15856429,6,0.7807674044725001
28066142,12,0.6306541099041089
37698554,7,0.7272993631017709
14942343,10,0.5821365792309224
14268056,10,0.5269982901241598
39690258,4,0.6389801050475044
15980196,13,0.1687426403293646
25337092,2,0.22130149023619447
21870807,12,0.4292400447005616
23067585,6,0.28593972134734674
5540510,7,0.3374929910135297
11731392,13,0.6963346567710587
3610084,10,0.28117674858713493
39130288,8,0.4831598449438215
168559,3,0.5477918422789716
30150817,5,0.3752818527535284
24525421,4,0.8056713708731055
32940613,0,0.35195052183557823
36676594,4,0.2864539788110866
21756477,7,0.726690737271111
3040356,2,0.43978483001423957
21617249,3,0.4724501878797537
39527176,1,0.5777013176541005
5768656,13,0.33444933941247473
37303345,3,0.3116331556768401
16747459,9,0.4471943509400183
20023986,7,0.6364951771793569
37516409,10,0.7373339351827046
13493477,9,0.36873381806306493
27912930,8,0.5412947556933861
19742385,10,0.3968607802012048
26549542,10,0.4341928745234503
39700636,4,0.4084666567387195
39261819,10,0.3149310437951649
16455934,10,0.3385248666472831
3601210,10,0.4836095041363741
29060281,11,0.2933688902694692
30801715,3,0.5550079245981732
13019203,10,0.3770849376562464
15405460,9,0.39656602067509555
24428211,7,0.39070455063367
39564909,6,0.2959115787436932
28246938,12,0.4574029068887392
31259868,3,0.4619074976207122
3647771,3,0.30298104567988937
18146905,2,0.26749376850143286
39965297,10,0.23888254556639654
5325908,6,0.28301501021547315
21947762,5,0.5930259374394531
12332611,6,0.29911951748870313
35537895,13,0.8003301870685083
9278858,5,0.3991185680472842
34701974,4,0.5521798697803545
34915544,6,0.6391067590266987
12071295,11,0.8151030879011795
1329115,2,0.699081137218353
27271516,10,0.31870274736766385
19429393,6,0.4426366384943988
25012575,9,0.8504403943085113
28748092,7,0.21035023784844162
12933895,3,0.5177275274412352
10000441,10,0.6882467490231876
10823008,2,0.43100065771580803
13588516,12,0.29034360576567525
33052429,6,0.2496535172903138
27925358,13,0.22449571140927554
3430372,3,0.5685466924570562
20889242,2,0.5799338169727235
39457792,12,0.5335375344977322
5385344,2,0.514380933428529
36690737,10,0.33038850012191334
11565313,10,0.45995955163760993
28957894,5,0.5426049564321705
24401311,2,0.6745035522849542
34415182,6,0.5956254885372713
26901600,7,0.5859333915906676
33687249,6,0.6826257335696683
16908655,3,0.5781190307874573
34087082,5,0.24608902694786072
22494116,5,0.2527380679504034
25976804,2,0.5731668479407063
31202918,2,0.37938624477538535
15323480,12,0.7658133560035026
27262728,5,0.34395676805172726
25803822,2,0.3870536877914465
17373473,6,0.468233596608121
30449035,0,0.29699817188842564
31622013,9,0.9851452905040742
26694381,1,0.3617070825768176
16339550,1,0.27524956390478345
37170313,7,0.4901634586405789
10164351,11,0.35678239869692074
7741878,8,0.6397317964556705
15239418,2,0.6445003534221436
25182083,10,0.3604306410834395
24780600,6,0.7036563149038394
13041180,4,0.685135101825904
39671786,2,0.5281846725449292
15176764,1,0.5232951378512809
13858158,7,0.3750407977017096
21810272,5,0.4016513072376912
38107344,4,0.8185419522495899
24065793,5,0.32136747492869905
12607241,6,0.9581126799576729
25813037,3,0.404065482535467
13312498,8,0.3944373217328947
19173937,1,0.2868083737289689
11684354,5,0.4884586707705037
10109848,10,0.3922734722342973
19379968,4,0.8065425262740104
29467489,6,0.3356149014663753
13844158,1,0.9652970163151029
32118266,5,0.7214580425527549
20260228,2,0.419121217978019
16102358,8,0.577743012827039
9844014,7,0.5180821450318965
19694090,1,0.27943804459967253
25219326,0,0.23670129843521903
23519862,12,0.4411847606300537
38818846,10,0.231873743120942
6726521,11,0.3378616667670689
19342084,0,0.2665370233001092
25200622,10,0.4077018762763004
16893713,3,0.33311435193391536
24718209,0,0.5478159009680312
36044972,2,0.5062576020678924
36329412,1,0.42943184127127676
14187253,11,0.3044042968700421
33674665,10,0.5443212975092753
32804410,6,0.8222685840505953
27266187,3,0.6510445221718434
26743793,4,0.5827133054266385
2364945,13,0.5719519734053012
29382049,12,0.4568289226350239
24906313,7,0.4269083533049408
29737279,9,0.6092776456956491
34022501,9,0.3720696173159041
21641649,2,0.5587378816651006
17095359,8,0.39433142883220973
34386802,3,0.4172384682776109
37880196,5,0.3178368251558178
19615944,12,0.306355394639262
27163432,13,0.7124090384499487
26818572,7,0.2943455104382741
3909639,13,0.9108067151511294
11570455,3,0.3902330078982839
32613452,0,0.3940231420370372
23155642,9,0.331874919471154
30285039,6,0.2438950801627583
38132019,12,0.5134632689655857
38233245,2,0.35598204060421795
17033094,5,0.28065254264713047
26233100,9,0.35474966787737716
32402665,0,0.3989286804317076
29240510,3,0.5766853764315049
34903082,4,0.600578974778168
19873141,9,0.19019762984218525
34063192,0,0.274351970389495
33350996,0,0.34785515079309276
26383634,8,0.4551520544885476
39448079,2,0.4510578388164557
28273344,10,0.24338546375720846
4718520,7,0.6254771837673265
21211572,9,0.5444991473390767
27340913,10,0.33357828920327
11313568,12,0.8100798253170529
23067686,3,0.501082578991504
38977550,4,0.4711418462618875
38008389,13,0.25360770754496925
8554282,13,0.3762591773142907
17261551,10,0.23837093421139413
33145191,10,0.514207917720598
11851819,12,0.2980478912854801
8539628,9,0.8686781855738482
37391472,10,0.8339679182391383
20916800,6,0.6350562851125734
33699680,4,0.482198424793882
22312852,10,0.5560563663913141
34771090,4,0.6814435316013454
16759035,7,0.37195327467011147
27756552,2,0.4981139627792701
14134783,0,0.9999999999734877
12050460,5,0.4612436626631254
14284492,13,0.5174667797008803
7087395,10,0.39001115555652105
29837715,1,0.5422527840698673
28502508,1,0.472444802868361
32609158,8,0.4610187560194334
20844602,12,0.36769178165348704
8514017,2,0.23096137489750784
20836081,13,0.37329709253987675
33908570,9,0.3242147090512807
33486224,13,0.3627158378109212
39555782,2,0.5175860293918753
21972690,3,0.48726460990850057
35607270,5,0.2861050279052836
19464813,7,0.299755398633929
25778723,3,0.5484031759836666
28225600,13,0.6365567507827824
6769565,11,0.7950173748867843
24198753,2,0.3544877149267428
2956076,6,0.6056003571301897
31480011,5,0.26868838342851287
22845247,8,0.4761074236272547
30623995,6,0.8436805540565916
11863759,4,0.39142843455324494
29111801,3,0.35000111741144463
36994851,4,0.9560165856011074
33120123,8,0.3827866477881493
7186961,10,0.6588977677211652
24346903,8,0.8452532981068488
37913921,3,0.43120230286624905
37056533,10,0.5529768677014784
16990812,3,0.275859737033691
5436540,11,0.20027948433615125
22682543,6,0.5867480524543458
27914827,6,0.6724957024541055
36579629,5,0.44817324197303465
26385984,9,0.5371971998550167
28097661,12,0.615924707110555
32130954,4,0.648408316983012
12665971,0,0.20444388985895715
19379345,4,0.16607318916444075
36972402,7,0.36585622534385
7346342,2,0.44691865182915946
30542997,10,0.48132446300817444
12984205,13,0.7717428291163465
38349387,10,0.44219688942295826
36461901,4,0.448523064887677
39948448,10,0.8737996620119255
34537335,12,0.2925541229719784
22423626,7,0.3079471224854009
19031299,12,0.32066098887385297
35368418,7,0.4610539118753396
20324103,13,0.30203960556576565
14049048,6,0.2664979179096527
29209007,5,0.3657151685680566
2330278,10,0.3587813754191554
35470446,0,0.3466718015618241
18809962,0,0.3206962887523472
21471672,7,0.3662843285941927
31111650,10,0.6560945103799554
10682719,0,0.640337217233238
29550776,7,0.23544084198217086
10121861,0,0.25832555662522594
14124311,5,0.35044501524739824
29175581,1,0.3783960628865726
38166313,4,0.30163453706107834
26199354,5,0.43372534444056476
39057333,5,0.305749098412091
7438666,13,0.3824361347552789
32764536,5,0.3897533779364497
17324517,8,0.5574141770531597
15841969,3,0.47880141047180247
13757734,11,0.346082715161075
31593811,6,0.8141507645839842
12225392,6,0.6100739092349835
31279843,3,0.34804430394623453
33662222,6,0.3575670956873571
19655407,1,0.5681084288359627
13089022,3,0.5000335197893083
24228420,7,0.6796057719357176
32720873,4,0.5753884216001983
27365402,7,0.9938524440761473
18514719,13,0.3203737022943091
34079680,12,0.9225921499379697
8014343,2,0.3499102662278407
37259543,12,0.28002673876440537
36672021,2,0.8313783357289749
33235135,8,0.6698723616902819
31432013,7,0.3079723949318453
37143235,0,0.9933123998253233
18482786,6,0.38309924943698576
35566678,6,0.6694965260226531
29794126,7,0.32279278791207877
13277004,11,0.2758045645360129
10671841,12,0.29129092186798816
22932324,11,0.28516666546615366
39673720,7,0.5093984105601411
17118714,9,0.4830877893279094
36327618,11,0.7518548774882231
11352047,13,0.4894520199965146
17941083,13,0.6476513374133042
39888821,6,0.8055172779399015
37851014,10,0.38611929276511825
21896685,2,0.5961233013372531
19666772,1,0.5796371757355344
37094707,5,0.7230499557254161
23390033,8,0.5492912395096333
38768129,11,0.5202730848367331
35102838,7,0.38280752753278974
37014652,7,0.3604268528285759
9405399,2,0.5414123304133821
25859496,0,0.5434418625721353
30154970,7,0.38965251949860785
33808135,2,0.3889206246623935
31517534,7,0.2940522952901026
19561587,11,0.41347056221448864
22473370,2,0.37152173447859493
12880158,2,0.50099419989124
35436129,11,0.5079356087860808
39969896,5,0.7665113755664728
25429445,2,0.6184334398291346
21192230,0,0.6948675888536245
22315678,9,0.3550056364021443
34049790,5,0.4392237300355457
37643520,12,0.6224707895104314
34656477,3,0.2970331329234631
31601820,10,0.5282525465143463
32606743,13,0.331021628420783
33712530,5,0.227127701254784
34260259,12,0.3538741909118439
35336132,12,0.5455488978370097
29670110,9,0.31347023247994477
12613787,10,0.4634761915304217
26106358,10,0.7443666189604846
38232834,6,0.19299938342370926
38687935,1,0.7812294077787804
35908786,11,0.6508450492747571
22815822,5,0.25119095758265175
19152355,3,0.5207864625729457
35298554,7,0.7727491757934742
33158219,7,0.8953172488887455
22619681,11,0.3665857438140313
30872748,7,0.21188996399188945
20482381,5,0.5539428376938893
35032571,11,0.39885831363978685
3351963,13,0.5119570578795317
7766445,11,0.4830288730975565
22205954,8,0.37164874973214046
3635073,2,0.4814591009315648
39421500,6,0.3380163606413372
32227824,2,0.49275355690927053
10792736,11,0.2795385549962989
31719831,6,0.2326654624460241
20295134,1,0.5662683391974418
37795044,12,0.48532542136918566
30986106,3,0.6763743222269725
12150491,1,0.30801247390071934
12954969,10,0.5326320628038873
34382149,12,0.3202944166206501
24361505,11,0.5509310490017457
19939189,9,0.2089424644612815
24273517,7,0.3154928824453132
31210056,10,0.2600066108405795
2882060,0,0.3856217024329544
28615264,6,0.4627310344179488
18549236,9,0.6121282876331255
34102891,7,0.26782195414941967
24231285,8,0.35796858202778
36619359,10,0.47619677585222364
22106425,7,0.3228189190603867
36547260,8,0.6673990200861614
32914033,4,0.6054202699819906
18123325,11,0.3297813163635573
37145734,3,0.37569941141921254
35958446,1,0.5054797430317399
9547460,2,0.40375874327542205
5315537,0,0.25425565309501014
9900137,3,0.6661030232002244
22349741,7,0.29422695952527705
14037882,9,0.38138620322919564
21629727,12,0.2959737636507061
27582796,11,0.5003391849560729
27543458,5,0.7537061737287232
1400537,12,0.42062126555202495
18396172,9,0.2555867178358522
40111822,13,0.9972756684177935
29062319,11,0.4259482582999763
31211832,6,0.4069946172707911
34132332,3,0.8042904924653751
39284989,4,0.5864995748897838
8380046,11,0.3746452058447619
33336080,7,0.4471869791546365
9727429,2,0.41873662670715583
21424463,3,0.39264848411724584
15852436,12,0.5515014677266266
35565250,11,0.3496395012125244
25772750,0,0.6902115830361596
34495762,5,0.3084732149075747
33824764,10,0.30674347429263527
22738922,7,0.3688555420828772
22806226,7,0.39169661782642057
7693273,0,0.46788655708391835
37297266,10,0.3342642494834992
25444198,0,0.1896940343293411
24468741,12,0.5024295962704152
39784483,9,0.30998306709019835
37131947,11,0.45402615029120935
30918710,5,0.46510368766907084
39548099,0,0.4523889693844988
11155342,10,0.3181453045848486
32350485,2,0.6444419315796215
35756562,0,0.2970153593664281
23123759,6,0.41202786211097475
28698419,6,0.5845230363840893
24849655,12,0.4631106355992585
22605575,10,0.3518275897033103
16146966,2,0.4529898319840664
16128128,2,0.42361083499874447
37296866,8,0.3927641012771399
20103730,2,0.2577695563361876
7186134,12,0.6857830414292249
37077154,5,0.4391323153414758
20921889,7,0.5317588287839881
30722467,5,0.4118883215285044
13248569,2,0.7241968381916277
33341394,9,0.608357639657144
38061876,4,0.7077709874579899
26049459,11,0.6669419366163448
6301249,7,0.4538418423918566
28059054,2,0.4661080998471634
29823687,8,0.2559161366515108
4495223,10,0.2966535835326228
30643194,10,0.29396799761624287
38976411,8,0.5451467784449097
25798071,0,0.6093483960849763
6961212,5,0.3654650925099718
37146322,2,0.44252333650927417
25866765,11,0.6420390057546312
5436122,5,0.7796702484473343
4106546,13,0.8051603464236625
21023423,5,0.22573049144541987
17290854,7,0.5898380527288121
27456185,13,0.605915754569893
5472818,2,0.5388079626876192
2690324,1,0.34267740789503004
26922088,7,0.3504010284970761
32018172,0,0.6103497843713124
4882377,2,0.5545719480342536
36925982,12,0.2972391941635614
28433036,4,0.5508016444741127
32622935,13,0.5859697979747777
19451544,12,0.3488736582290202
27819713,1,0.4881752162993789
38100729,3,0.3491564789588713
31635140,6,0.5329220414494222
19873620,12,0.6783844673679633
37671720,11,0.2846167977949913
11387001,10,0.3496618650855994
23215177,0,0.5862200550946142
21677347,5,0.4805797867134771
13331419,1,0.5585057850587815
38372560,11,0.3121353361964411
24680216,7,0.4532174856457136
7258931,12,0.348675146136903
26197292,9,0.6884529517046534
21922015,6,0.3835652998728098
14538887,9,0.4416383277616279
10544928,0,0.4091180101008528
5129794,2,0.41175553277546456
30847903,3,0.3050749724607904
36365542,10,0.1732349450526182
14335832,2,0.6761338505570214
38310086,8,0.48278934906412496
23787043,1,0.41644674527306386
7760837,12,0.6175335393563197
8318766,10,0.3416096724015334
28612607,2,0.8907853499278656
39008407,9,0.688580492950975
13955319,11,0.544115298140164
30979817,2,0.4203103898863044
25625100,3,0.4681314548271614
16491781,7,0.3217773750482691
33833291,9,0.3859302456739888
3800530,0,0.3947521170390094
12644826,5,0.37408588692746997
36871638,6,0.2666332310372775
25733694,13,0.6913464365756657
13341780,10,0.372231533364985
35765341,10,0.43098708906440275
35832475,4,0.73465539748226
19401749,7,0.41567395809028546
37789409,6,0.70426064727137
26592540,11,0.2097471381510775
3853703,6,0.33093231876383866
21881749,2,0.46731242563223374
17782744,9,0.4341780636330701
23256340,3,0.44575633759968913
18795352,10,0.22294842127304523
25435540,9,0.3697941241926436
22871350,10,0.7439435547085423
35278217,10,0.28090041917067193
16953251,6,0.24736767458000325
22155626,2,0.39757124154171797
19426759,5,0.4605968586268066
33345995,10,0.4801161040339705
9358749,1,0.4309941184650697
33727205,3,0.37760031250695286
9986340,1,0.29393489847942317
23546656,10,0.4036824533584946
32317241,0,0.8505975329765122
12804239,3,0.5545713501827714
27162395,3,0.48957051215099884
36576063,4,0.38094531038982216
7003821,12,0.39195129151440294
11665411,2,0.44887082066692113
14004457,6,0.6567479619810409
3345199,11,0.560746557023252
33114155,10,0.32432648225236593
26948405,6,0.33862494493807294
2894668,0,0.3581508902728292
30144020,9,0.549821191802147
21556115,11,0.36122300205822144
10846061,3,0.38879836404126483
20935675,3,0.7046277358129095
4371004,5,0.6590002457865063
28134919,11,0.5663083103468719
12620748,12,0.384794754343185
21997347,3,0.5428651375284107
15169663,9,0.676013999059024
10042578,12,0.5601663808159493
28562966,1,0.4302268013891803
28616143,8,0.33288647496980894
21152430,9,0.5711171197204935
29332424,13,0.5309312731214612
33383573,1,0.43365544430317304
34649399,7,0.34303798581394795
21936588,0,0.5451919786319946
31012799,2,0.7107173580333627
38236351,13,0.3611977886291553
26442394,6,0.738656065614191
39848610,6,0.2675393775667014
22438238,12,0.233359630781313
10165756,10,0.20847821667054406
33279287,5,0.38298047831191
78799,7,0.8347378181587856
11531531,13,0.2739957273753802
12043522,2,0.23599176396473243
5027352,6,0.5961920365611639
11788565,1,0.8174065656622744
27452754,0,0.36876231355793065
17602455,0,0.417009576422613
14043431,2,0.4746067232179056
28825116,12,0.5762717122882635
39323666,9,0.5700827720587079
34075491,2,0.3331798692571341
13937176,0,0.4343738099931743
24003450,8,0.2701447871545758
35223118,6,0.2920593725252748
28666995,4,0.20985510324754736
14320396,6,0.9862062559691147
7538587,10,0.36740646761376833
6254713,8,0.7225106125721735
16220263,4,0.39597564557471776
15930291,13,0.8293304297380834
15178640,0,0.3124847182675956
23921090,12,0.44928777363334277
14217466,2,0.6206201368030373
21189346,6,0.6790534918511126
16551998,6,0.9451813983898323
18166417,9,0.37661612955742374
29030529,12,0.30883324402908574
32553661,2,0.47751829856480965
37718683,3,0.30255155278506196
36893767,13,0.6229855599834849
31657017,3,0.7031696689237322
26594163,11,0.3450039952109345
5614992,2,0.3056720082159516
4827303,7,0.3746207446558192
3949772,6,0.6178950855035567
25559202,4,0.9718604185383508
26867730,0,0.3362201981696255
17085021,12,0.3311100712162691
5159238,7,0.3731518291220679
21459349,10,0.634178768745568
29592042,4,0.47786256627995305
23090151,6,0.34477307712119437
39001152,13,0.7922965389750989
14949090,9,0.7081703769816583
2375956,10,0.2542206648441401
29850602,3,0.4099429875166675
23411836,12,0.47886430173763556
15771424,12,0.34369139584315056
22444607,3,0.3130655110182258
9566592,8,0.6549129276410549
29395105,3,0.23995003814597568
3271639,0,0.4146141231401082
3835083,8,0.2845918823605479
1752902,10,0.6458304675268971
17508544,12,0.6876717491333795
32895729,7,0.5675113776849902
33391624,12,0.48358392054895744
36461054,6,0.4530827207196311
16882965,8,0.7375072373572771
24190137,9,0.48047838574753815
28519444,12,0.5685687870007387
21067462,8,0.45693927409834084
32911481,12,0.6910123724305166
7410182,0,0.30436395018317575
34348113,4,0.5282898534048059
32725823,4,0.6657264290979482
32368888,10,0.264788350848416
22393783,13,0.3099308199517161
34771564,1,0.3357595114005429
37170927,7,0.6177692899805584
3274114,12,0.8643997525915631
36534351,9,0.5846403616291828
39752819,5,0.46544461368956924
22857889,10,0.5092172885420279
32653137,2,0.30876402682293813
15481914,12,0.6175232906733293
5941622,7,0.2608702051442793
30685462,12,0.5968152765002587
22098932,12,0.28399889540795176
26907640,9,0.4756650498252143
34740768,4,0.6799482349437853
35305162,4,0.3680755014718988
16351654,10,0.5569146225251825
39821177,6,0.5332034399075174
8955274,7,0.5735740291109916
35736250,5,0.4827692177444822
25611832,10,0.3695474280151337
29043138,10,0.2263761126433816
10322653,6,0.2685842082729729
15054095,4,0.7087870099882321
16762637,2,0.40463249199459095
30993445,8,0.8667165365841425
30166105,10,0.4764096071386205
29616487,8,0.6275248952570674
29810464,9,0.680776459241095
29702424,13,0.8181703925694477
21707330,4,0.6868576544553728
8706631,6,0.44493114082389634
27836146,7,0.4419177193735276
10101540,6,0.43698642886528377
13409239,11,0.5880520799674109
30276499,7,0.4998749990765244
9523603,2,0.30703266081671954
39144325,4,0.4495963092018956
39228698,10,0.3707663604724002
22413568,6,0.23996438019122945
35872981,9,0.46804355709632506
10877734,10,0.2857731096676222
32989059,2,0.8610222372244865
20339390,0,0.5127593571564968
37280435,11,0.5172739511359575
30041679,7,0.4065383802145837
1469614,2,0.4738963596093628
26966221,3,0.6314534312922595
39864184,6,0.6892932296963061
10232465,12,0.31984567018168847
31846335,2,0.6719304346766239
15147189,7,0.9999999999898763
2971381,7,0.22745597141738044
739289,2,0.32711167575011574
38117131,10,0.24788096848060237
18838994,13,0.5797533245767892
33416398,0,0.2767459761786726
30055267,9,0.3505975772046439
26089518,5,0.8704062520916196
8130905,12,0.45010095213026635
40099711,10,0.4021015075095757
7829768,10,0.18494560577587504
10844331,7,0.30113959104163396
24261973,7,0.2963301491039855
33444061,5,0.5459730586349895
7051756,10,0.2671883478747525
18696231,3,0.40067520152176367
21615158,4,0.7449091610324726
11890781,9,0.839979415763209
28667479,10,0.49073921762005973
20797700,10,0.3849065708712324
15893153,9,0.5390674678774414
35910253,2,0.4880646217841643
22567373,12,0.4768916464053472
21263766,1,0.5226905038544039
343204,7,0.34222666992154915
30861156,0,0.5392368007708294
23094616,10,0.5755837681476278
4771754,3,0.3092122831868211
38297292,4,0.4830487778827201
27666008,1,0.6764891898005179
30142863,0,0.5826470675867328
6115066,11,0.39588667142295647
31630260,3,0.210857881166975
13131139,3,0.33292635700881235
31708737,11,0.5466796426930259
38309707,2,0.1763767929078357
29216804,13,0.5064864271703444
35018628,3,0.5335949507598933
14781895,13,0.5381331466214773
35160710,1,0.4908854861933814
8467683,7,0.33249538262106354
17015610,10,0.31274675837893323
38845012,8,0.41748778182154767
29695657,11,0.530349422318181
24411180,9,0.2779855685180682
2057921,7,0.2948686583064469
13194542,9,0.5082277417479001
18340528,5,0.48793049242613257
14278370,2,0.3303338168056612
14522757,7,0.3345368240293551
29941757,3,0.639587109634046
38975770,8,0.5562706844282043
38318011,13,0.7688847226700946
34044266,9,0.3719557236787488
36880860,3,0.44383259077805554
27700625,13,0.6453428921905738
32581569,12,0.34620052780043997
24327313,7,0.7359601226806252
37416978,8,0.4271050038809792
9492355,0,0.28334270057903194
3000646,2,0.25555086323168313
36670851,13,0.2367494590738767
33266577,1,0.40459362359364176
33049814,1,0.35023266005393816
16727171,6,0.6462836456950578
31626035,11,0.4927809484231948
10569846,6,0.8942500737732052
28960249,9,0.644143571001173
27754231,10,0.3097081491839671
38836591,2,0.45435108248923306
34886005,6,0.6013695005986307
4208390,10,0.32746559204581666
21038210,5,0.7348414991792012
21649841,9,0.43557300289204604
23583840,2,0.8410973628687947
33420068,9,0.8014842977032284
11884635,3,0.27439631229209127
18753341,5,0.5759680542820413
39106532,13,0.3676249749116049
1576784,11,0.4657972639100815
36017135,3,0.5844855667041453
18759765,2,0.4238337015220519
11541454,10,0.3449071728682554
15312732,2,0.38229584335820854
14470504,10,0.2905232923245819
1482308,13,0.35580084631013276
7081567,12,0.6620449651126276
18552242,3,0.4815822408215608
37773719,2,0.7223562044854129
34539959,4,0.9832585147150666
33182632,10,0.44005599081985664
10074325,7,0.2830021212110443
22969817,8,0.5406997396814432
26135386,3,0.30576821344531874
15157502,10,0.29539376832948777
36789677,2,0.9364484504107617
6493876,3,0.7788859870111947
2527992,7,0.43281306373146694
11914083,11,0.43600411932687766
33987624,5,0.29616280039277965
40096197,2,0.8642552997418351
20487981,7,0.3123497036987624
32983085,5,0.3567741945795593
39969021,0,0.21620286619688417
24754016,10,0.6716484069474581
21544372,2,0.5961182576043096
11352199,7,0.47441569580324267
20636036,5,0.5200680936663625
20065164,7,0.5612260351023073
27791255,13,0.687598367655112
18269786,10,0.3323047129653579
20638206,3,0.28140373684115544
3893599,0,0.3080239935722425
8292948,2,0.8352262374082658
20012920,6,0.6571175902618883
35643306,7,0.5041308848159668
36043951,3,0.868582366023121
18506586,8,0.8852040373451148
35214455,2,0.5451272305049705
30677288,0,0.36065474419971694
7314942,0,0.2747047768070775
37121110,13,0.3517994914004113
613246,3,0.5141678922514001
6143952,2,0.5614155452532879
28526827,5,0.49312724371457883
21791957,7,0.4851074278337659
16315645,8,0.3773551196554084
16538883,3,0.4739001456917705
4277243,2,0.4040161655640923
12217462,3,0.4057940754900119
3887944,13,0.47280001398432914
37150345,7,0.5086215195246019
7396071,3,0.5090622134618166
13696883,6,0.5566148146511155
36485098,12,0.372467568554866
36573764,8,0.4907290895613283
36288746,4,0.22900253848692248
508183,7,0.4991024190530696
21083924,8,0.8034683828520566
3996904,9,0.29473442524248683
3348594,12,0.5137912488838748
20575347,0,0.30603123533145876
23056805,13,0.23458923923763775
4610717,2,0.3387145659421431
39438335,3,0.377790767585832
24057943,5,0.8063771095909147
30621772,9,0.5120294335985641
25865975,13,0.6095679360061881
20154766,2,0.2262818749984922
19421538,10,0.4527232710284177
893984,0,0.4652208098905447
656155,7,0.4777561980583318
39875322,3,0.3495270155321804
14527671,9,0.3772030596373473
31115016,12,0.6061205827799426
18393543,1,0.25626475104795016
36293801,12,0.3492732792289064
16783597,1,0.36522969401554045
34507234,7,0.31079006162021466
14145371,4,0.28523556476869266
25422733,4,0.5118228569363011
24341701,13,0.42780227907304647
21500737,6,0.6309192812853553
37414213,6,0.6383014042058561
37584942,5,0.3698163183939424
39972261,6,0.547463603666625
6510333,6,0.7454768956314471
31928942,12,0.4570967829274649
37361069,5,0.4687489004459456
35393379,7,0.462559859872833
28483471,11,0.3650838490389133
20997957,1,0.33575715253420074
38230117,4,0.5319842201867842
38665093,11,0.7563876271559846
15661465,2,0.3673376736154374
12517649,3,0.7726523333463208
28113433,4,0.9575564150973106
34785467,6,0.4482614043650258
8535997,5,0.5065062845534177
18229875,2,0.4171592388256726
31288144,2,0.4261006087017051
33642846,0,0.2628849536727283
30124608,9,0.5422460077491628
34265102,7,0.43618404821434
38238,7,0.7749679979447901
976506,5,0.36317071939312423
24983212,9,0.5999437835599739
26626815,2,0.31773511901908186
7378427,10,0.3687646134580092
39418419,11,0.29533856122972474
36112600,10,0.8389455092581778
21381096,2,0.6926350614097277
27262473,7,0.37966047228089267
34123173,12,0.6160301578177215
8728854,3,0.5370904307629432
30910443,3,0.530719141282103
10919823,5,0.3118711340034152
19034210,10,0.40421762002739026
4289937,11,0.41305456675523405
27482976,2,0.42634067088911465
35531105,2,0.4884661071429057
12083158,6,0.7506764545958752
29888002,12,0.3621003745835237
19782975,13,0.4024761231110126
25813789,10,0.5592762542394335
29645055,1,0.41139117237537887
37281200,12,0.36101063024745467
7848573,4,0.41766894432619556
33704780,1,0.3230439994892962
38708775,4,0.1966423439218309
35256779,6,0.4277770427793659
10962922,10,0.6112680659680741
27461677,1,0.6474612097147019
1952379,7,0.5350897050324568
35596501,10,0.38945212016506475
34444681,9,0.5712611694417569
29884453,3,0.6168535311814431
27443143,0,0.38754897105992614
37794648,0,0.43885677564997805
32254920,0,0.6378278594384795
17688155,4,0.24044485081275668
28179026,2,0.1730588185467742
29711531,6,0.9312889379821429
25716808,7,0.42853707135912894
6179617,6,0.3958942436134536
29972842,3,0.5193133394402847
39032103,0,0.2612914328365538
22946719,6,0.6231631633344517
34821534,13,0.42772254175983077
28762951,13,0.5244392430501381
10091271,10,0.8039566157143685
2905987,10,0.5417214208996883
27062908,4,0.9065972608328022
2219316,6,0.5122585728670243
24210256,2,0.4421908160243451
34838946,0,0.4604938336926984
17781448,5,0.3485459845998184
20616705,2,0.45357326516052743
13588024,11,0.5642452428365015
19782336,1,0.5387554210440086
5058830,7,0.2754887734047666
27833489,0,0.72631053782547
37719889,8,0.49750957613162256
38346542,0,0.2595903404793136
29261991,0,0.41354370140908203
14184105,1,0.23575776681800484
3692697,10,0.4834438114533952
12353608,7,0.3995567415604139
31183788,13,0.5803345429155872
10157678,6,0.3420091248541843
8094760,10,0.36027904638420355
15987690,11,0.42527397426321945
14845789,3,0.40741528939040544
30301011,2,0.43124363442038527
1483024,6,0.6237176437028539
32972422,4,0.4147844986356945
7833106,11,0.4568626789951062
8654869,7,0.19311943261818101
25299497,1,0.3512515867885538
30769867,7,0.2874849933229313
1686292,2,0.6988943106218803
24192984,7,0.311975228369053
13793270,3,0.4774902032806816
10822486,10,0.5913774616571569
12814667,1,0.9999999999900713
12022105,2,0.34510697184292716
28799952,10,0.49127320925617474
30353804,7,0.335085368994731
25199291,7,0.4549393794408484
4835611,7,0.4073221589783896
17606149,6,0.63016577378365
20949204,8,0.5857686514443892
28968690,8,0.6334004756861703
21052973,7,0.34977882109672104
37766612,4,0.36437626474935575
25284292,7,0.7570869186359745
34278043,4,0.6264187443081289
5259161,13,0.30684499662048714
26145678,7,0.5887868456290952
38363262,5,0.49249629044621185
32622219,3,0.5841247628949477
35512199,6,0.43689721760453093
30871384,9,0.9847643661708451
34081037,7,0.5134830969463051
10134253,3,0.22230119933555484
37865177,4,0.36227266116142925
23701148,13,0.8649469986187441
32218520,4,0.29924431083750974
28576540,4,0.7282123526548188
24409698,7,0.2995379368100766
31597203,7,0.5381845622219437
37749759,4,0.6130229929619717
39939716,4,0.6923428102751665
9208867,0,0.28470128415845297
25072115,12,0.40412027771419445
29226021,11,0.49642191950823583
30294712,10,0.3459292124749352
11475885,9,0.6669873340563773
23199578,2,0.36436962269058504
33447680,11,0.6885541458048017
32878574,9,0.7635394713381374
33401428,1,0.43312267726450093
16684595,1,0.6733258736903666
16017034,4,0.6915553085200168
39379616,3,0.525824229890929
38309109,13,0.6692753450159025
37088933,7,0.5676226629970783
21341702,2,0.5695769254388217
36150434,11,0.5363001376445706
30327595,4,0.48093374303898556
26162613,7,0.39404510783635444
38645607,7,0.22851344435669246
19966557,11,0.3697179143593262
22335894,12,0.44694880090836975
14777066,13,0.47393734035078583
14559101,10,0.3786006893318616
16931536,11,0.4801062659079792
19127704,6,0.2127088382165668
17349928,13,0.4602695527786079
36847447,11,0.605721011101841
9093059,6,0.3482797137077867
22546431,13,0.7658822986921332
6765886,12,0.35726944412785294
2632199,11,0.43958446163613646
33312584,3,0.5651247962047141
29149466,11,0.299362801465228
13321398,7,0.6901777857491885
31396062,6,0.745455816041471
989276,5,0.4852961517679867
36956477,10,0.40562820311288167
38261366,6,0.732416462807101
10706231,7,0.5865941575407373
29160503,1,0.6724380962453823
31190802,1,0.4627894186381614
35369096,6,0.43654306179190977
39058034,4,0.6191594121874932
32851393,1,0.6254512058747883
23079208,13,0.5813854814776993
15192637,8,0.4700548496768039
3903432,8,0.6303037593325127
10860920,0,0.49380682829300254
33826441,0,0.3142096965547585
9814577,10,0.37596854541212904
31192007,1,0.3536622430969745
919927,2,0.33399572437931424
28166784,2,0.41466446027854853
755777,10,0.6581102770512389
20317170,3,0.5013762451584476
37522105,7,0.40315196575718215
35867326,13,0.250130998751561
27018426,3,0.5431001751976923
38454207,6,0.543842682111217
34484986,12,0.4092426175752364
32059419,3,0.46825293777222177
35007818,13,0.42896356202675695
10134690,2,0.44317969217521197
31440201,3,0.8364918358990372
18706701,3,0.3782301586248036
24970265,6,0.26878287975126974
28432987,2,0.3309689731810658
18683097,7,0.9633049963542581
39435820,13,0.424803970013788
29078645,0,0.5369311854356161
25386012,1,0.41077433737621205
26032287,3,0.5100741744964657
16426712,12,0.2612123308878044
21064299,13,0.7136134292603593
28641553,6,0.5524209670592621
16114391,6,0.4579955348436263
11022201,3,0.5564006183105799
14359730,0,0.5247696376141039
31589409,12,0.30611687061010934
13635000,1,0.5359622281064711
5583596,2,0.5560810177851322
20121390,7,0.5225612911286122
7110604,6,0.4162586750340268
1293828,10,0.276573133953068
24297042,7,0.32741536011902067
24637763,10,0.5983528052779514
38288914,11,0.37367229112001404
27806825,4,0.612434527357965
13017101,10,0.5027178349981986
36243916,4,0.4626079975208417
15404256,7,0.3116948111448097
15420752,5,0.30038259514596893
32707261,12,0.4926726445534385
31764970,2,0.4403481651833553
1351209,5,0.30047304990295454
33977077,2,0.5660901848636403
8361019,7,0.5803080863571232
38131287,4,0.614008650941593
38932835,10,0.288011908547037
18688908,1,0.665483719694982
21273602,9,0.40958352956051813
25247364,7,0.8599518364743032
12352674,5,0.3362692294828034
811306,10,0.5187341754483321
31930789,3,0.5037924126547084
13519774,13,0.40504806729798537
37058567,10,0.9321379167752415
26736220,10,0.540994720358323
1993243,10,0.5573875441408116
32641480,3,0.6278182917647301
31941532,8,0.6410932676776206
32042775,3,0.3426632335251131
37610140,4,0.6495302877853494
28372127,13,0.630192505620579
10460088,3,0.3753232584215269
38806453,6,0.6955304154670715
36529788,12,0.42987992389110846
7951804,9,0.27271911642016244
7856853,9,0.767063821794829
6769782,2,0.6353448676350538
34976671,10,0.30537983381655603
27138039,1,0.5464568996645647
7058494,13,0.5758003910002898
28999591,2,0.25057271780404344
18481531,2,0.42995299564787665
24149597,11,0.2794349025484652
14320068,6,0.49600042765328306
1268899,0,0.4840083119597111
17338309,4,0.2762894314099439
17794241,9,0.8420939404150782
3924414,10,0.5267918891611052
31222249,11,0.27774658202853236
38540208,3,0.19855616805344622
690688,2,0.5463471463594405
36497579,11,0.4304000571393239
22189227,7,0.36123760847034364
15116899,6,0.35590495517608667
36958031,7,0.24267273191529615
29309116,13,0.30288784287952736
25791176,2,0.524322358047218
29433243,13,0.5996087643668621
39877278,3,0.3671427532806404
36185081,8,0.837457973729011
8741997,1,0.5956188098130073
36426910,11,0.6703287803744337
36722578,9,0.28649732319087806
13992785,7,0.4213766570049379
14773980,6,0.29539714558021757
21769271,4,0.5489031732117337
37032262,3,0.4564488178187682
21592313,3,0.28548304793504603
23328908,12,0.35674961166076447
29686331,7,0.33477539837904263
39026418,0,0.486408290405947
17070822,1,0.29181777189922575
23263599,13,0.44370799336201966
37595414,9,0.4028419580982099
31374835,4,0.9348234370206233
20725699,7,0.6030259553701643
13962529,12,0.22347222011832402
27987298,3,0.6434979478892735
8000490,3,0.4559895661111451
29765311,12,0.3264008778779474
32027997,0,0.41850091802120937
10038731,2,0.3207294273266726
18163301,2,0.4502986288460374
9860680,0,0.7387129358625084
26184977,5,0.30671710185917844
26948809,6,0.47456550831156147
20483223,12,0.3680185461005658
32978233,11,0.6127618433185269
17425505,10,0.4071059790379562
28599883,13,0.2749332287774465
21369137,6,0.5420419074542169
32884319,4,0.27511364452653614
36585811,13,0.5214157154671331
24045429,12,0.3505325042759819
33458613,0,0.42807698545100886
18432380,3,0.447621537082628
13369384,6,0.3695043274473105
21946174,11,0.34626166972513084
32063363,2,0.46629507525679503
35350200,10,0.4122649870562304
12321178,5,0.397693480398719
24964081,0,0.9343846316938431
30961640,13,0.3421141891263048
4291880,11,0.5580103889753004
13327213,4,0.22230306818524959
24149496,0,0.4453841541331886
22387883,11,0.5079402790068279
19890626,0,0.626007191731469
21485318,9,0.7243619000757587
18531483,12,0.49633497379934155
4372129,7,0.5990419277387573
33101465,1,0.6632037328595217
21769390,4,0.6158168628875296
36988859,4,0.6489333146784452
16812858,1,0.589344403129087
14017015,3,0.36521411236300805
17877870,0,0.5065180340538729
15039211,10,0.2583120605034856
18935037,13,0.3929125103342332
13122615,11,0.5170226099474582
19719413,10,0.37883104932917133
35620206,5,0.4491100552847045
39551658,10,0.43421246321915846
31247313,0,0.4242259540304248
3184128,6,0.662209457201964
28203126,9,0.38293733391702955
26863537,8,0.33066026923675834
38689205,11,0.40932663570678457
33248223,0,0.6101921202508251
13948176,11,0.603537270209182
5228972,8,0.755456216607431
12843909,9,0.660748202960855
36750580,6,0.27098809159183107
23689183,8,0.30232875214227195
35137320,8,0.47121645942042034
38066785,12,0.30181234467512624
34916062,12,0.24256390886883628
4048789,0,0.31030592708352445
21693593,1,0.2353310238029493
13238433,2,0.29478684090568236
23412912,0,0.44322926256756634
39998262,4,0.7670152128717909
2959109,3,0.3271026945877615
34474411,10,0.3926211241079628
33763133,8,0.6484948268250459
4473531,7,0.4781893744460722
17285163,13,0.49003957859240294
10003751,1,0.441784191709726
30990654,9,0.2734642916962926
21453284,0,0.24072463841750652
29960982,10,0.6207096704073289
30514599,2,0.743487459583546
29160422,8,0.46551978142579087
29991041,5,0.44192942985303624
22856169,8,0.6190439348349578
10915691,10,0.3839776308482806
8826099,10,0.6693620157612226
31335415,9,0.5273725792797926
19963352,12,0.43229496844831516
36850866,7,0.5907269359116565
8794085,10,0.5874295533699814
38044103,3,0.501949509432109
31032507,3,0.392272594107813
9062917,9,0.8101803994171123
14996264,10,0.47879129976191
26163470,9,0.6162902040887595
4138522,1,0.41666948593245073
39340339,10,0.5595259535817715
7349678,6,0.4491152848903867
36098619,11,0.5943737435284165
10609683,2,0.7821090640014102
19743512,0,0.39404352304820295
40070216,9,0.28060881743527094
30545655,12,0.36995069612963005
14296531,5,0.6035986746141307
39650869,0,0.5582283775460437
4241632,11,0.5864764705525625
39065129,12,0.28308142198895875
39858802,5,0.5069812129895012
35634286,11,0.46805709497729764
5663508,6,0.7366232250849509
36404051,8,0.3776082350409286
27753538,2,0.6407006038715242
39965946,4,0.42746347477265634
37437869,4,0.5053574611798178
24410469,8,0.2820427307607683
19713411,13,0.6024681827517389
5503820,7,0.2793749199265727
2613105,10,0.28485127395348747
35738854,8,0.268374443148252
23005080,6,0.5255599772729289
9868792,11,0.5303016266527227
33382766,11,0.555902393548329
992169,10,0.40424413604026516
15750711,10,0.3707507101955125
29805186,7,0.7296473994961626
5448257,7,0.3450210278398856
33733880,2,0.6334846191455621
4206393,1,0.5430774243177197
2940858,11,0.589255781716045
39454770,6,0.9543123135192417
33621399,8,0.6225520888801576
6318347,7,0.36402600121401457
34764065,2,0.4761773305926605
1247284,5,0.2952973571089398
38470929,2,0.6359678430708542
37301682,4,0.466486099990722
16651859,6,0.5027273150723491
9782865,7,0.5203996736413182
15786525,8,0.4123475386397469
22362010,4,0.6037931908192463
28268878,0,0.5643774115642191
14450645,2,0.7678055208762774
18253401,5,0.5668190339033204
20362993,6,0.24451852227123624
34786935,5,0.7694542248381839
13462587,9,0.6926728840230644
26857515,1,0.6185462663979193
25160171,6,0.28573337969775986
2005956,7,0.4304025298677999
8215419,0,0.31322359684492773
3359614,9,0.7760295496196075
34030438,9,0.5250192555147258
34981727,10,0.2210324262998498
25755504,8,0.816621593902014
21902861,7,0.25841764158067193
15555135,5,0.7905571074723926
9630569,6,0.22578520214075487
18751352,0,0.40910206740187205
11802036,8,0.45040117875378877
26713799,10,0.6171038853977515
2304712,10,0.5682765778711685
28704274,9,0.3607025473351149
1826761,13,0.7519054646146177
35413618,5,0.6932185568655941
24493773,5,0.36256089757896454
4999233,12,0.5763669818109313
31166943,1,0.3694871874603106
25230754,10,0.39635533892446856
30736627,5,0.44013489709775433
17794998,5,0.24966114004695028
29021532,0,0.392373868229691
27110140,10,0.4564835445062749
39704362,13,0.48890335179413924
24643338,9,0.34185613927019254
26647535,2,0.4399260521269595
34209203,0,0.3766842335527336
4082533,0,0.29427732586275535
35731855,3,0.3767748775812474
10302986,13,0.8137961467881556
7660542,13,0.4893216858330121
22994423,8,0.8051498200056542
34293879,12,0.448421150696232
11412290,11,0.2814265146869699
21362489,5,0.5227948827489567
33896776,6,0.7103928577036569
15105098,1,0.9525881139444304
14913153,6,0.3365050276792696
36875978,4,0.42134114057597266
8139721,11,0.4696239727919745
17949475,13,0.8104153243684086
27473526,11,0.648309890190082
33394238,4,0.39488410732736356
27088991,3,0.5106667204262796
22854756,11,0.495835910875122
14793687,10,0.30838246906615324
29893688,0,0.6509975940354387
8044737,13,0.687731130158503
36563878,0,0.6604471528734288
31683721,8,0.5391378843465799
17277002,7,0.2789867982345819
30885351,11,0.5381790068440477
13532531,3,0.49815148978936763
23170764,3,0.4553941265133238
26928672,6,0.5399403786742348
10525903,7,0.5132958295490426
8615256,0,0.33676501786019597
34846130,8,0.2605613440436188
24546073,4,0.7824958496956822
27928704,10,0.22971746892460163
39128713,7,0.2821763084363476
17405682,0,0.5228230083199735
39623506,1,0.4562028199646229
9249151,1,0.6226881630139535
39125370,7,0.6718008684247452
14292636,11,0.3047996927024181
27276135,0,0.3122453670956269
31233040,4,0.6183479720269602
14303376,1,0.4582832216956154
32022158,4,0.403684107607475
32916313,12,0.3022633474426999
34580878,13,0.5966915362020274
1096912,9,0.532389903651168
29036924,1,0.321975618094833
27669791,6,0.6501144702604013
24483050,5,0.27503765705611627
7400601,3,0.49495926982392496
26568207,9,0.40158407402388235
35958075,6,0.5271187369069203
19620736,3,0.40695094258868386
25230392,7,0.42870410648284785
34009393,3,0.30377773921116846
33020520,5,0.33784387067618316
28680636,3,0.5466059593544393
24709023,13,0.8553115584500844
21310559,0,0.6307485477648528
7427898,11,0.9150610022284236
9636617,11,0.28229878708755113
6620471,12,0.3504244403118181
35317410,3,0.5232057658140005
24416500,2,0.7439872446541322
15768483,0,0.21072246143704776
33855901,2,0.5856482157780217
21009439,5,0.2932649673855304
37510761,12,0.6279561836036405
9365928,5,0.32458843156695283
26029436,0,0.33905101974880236
38150251,4,0.7903793312475428
30009896,1,0.6239259205702566
31056070,13,0.8571035635436975
6661005,5,0.5341890922054143
40118638,13,0.5432160161380376
28884140,6,0.3728010295149708
14840524,6,0.25333993745799155
28023996,3,0.4820930389504277
18242617,13,0.6776161954691934
34994083,10,0.6269288239022484
34504970,6,0.27194597194000936
14589642,13,0.8730189353056408
20244774,2,0.6025856425529611
8903730,11,0.5275862621293329
32917290,7,0.7053018983438202
33449775,0,0.7191308922835046
21746750,3,0.7218022396385813
3077740,5,0.3117606932675585
3776627,9,0.6659703492763225
12698834,6,0.5962475339459252
38414292,7,0.6429058944696617
26188677,0,0.5590475414345897
31692262,0,0.3079482123627303
35220342,13,0.6142021362023804
9224895,11,0.45837521600009845
35759806,9,0.4638961413327684
26049590,9,0.5847080960382444
33582653,13,0.7263834751357587
28902308,4,0.31122398744818636
33545642,0,0.5131039834740492
18926102,0,0.23776643489660843
14591568,6,0.47432854513147493
32245625,4,0.9999999999932075
3005632,11,0.31749330799810727
20835977,11,0.5059962211715081
19532402,1,0.17824642798086132
34838140,10,0.5078955794032194
35000152,10,0.4183222784126628
15468709,3,0.3362837577135468
29439183,2,0.5793956325667876
25357667,3,0.41229482192052547
8646496,3,0.550475287408364
21307944,10,0.35735853454156397
34705880,7,0.5027546997265254
21529266,10,0.5649195706658585
13093951,2,0.4193260533830464
13540144,3,0.4962073988453531
31041670,2,0.45632251923018474
29963144,3,0.35935831643342175
24176012,9,0.47842957244169876
39135330,13,0.5266314405588233
12395796,13,0.46057559962486894
4340607,4,0.5325295146635551
19783631,5,0.26776267103038565
24550084,6,0.46356343310295867
36297617,5,0.605330526431279
39419932,3,0.2974051317890162
26859795,7,0.3743732768022552
18168978,3,0.7237463664665119
25085908,11,0.47092829717498813
26614724,10,0.612743599105476
38532522,13,0.44132155836592546
39062891,10,0.3939999328007057
34470501,10,0.28787385353104916
17689806,9,0.9509109684132632
18170128,5,0.37469924164579105
2793641,13,0.8421382119930851
37562391,2,0.46128039581133184
39080153,13,0.9257886731791508
20388759,4,0.7011910458199629
34683427,7,0.4532933745530216
34009322,10,0.6126241706045249
31791501,0,0.2944460637763827
11269862,10,0.4579085498778298
22212893,9,0.641416851672743
35488997,8,0.28388391188984186
37542700,3,0.25496279792276555
30068807,6,0.42786174338577976
21463062,13,0.7046850167322919
23523398,7,0.3539222946826063
38079916,10,0.5204115564345652
21758560,8,0.40653527931675754
21976154,3,0.3201689817612621
19570800,0,0.33921170628476083
8669123,2,0.32220832958682966
27578027,2,0.7294216902839282
39378552,4,0.5436391068061435
38876816,4,0.6957673023404254
39526716,12,0.24495250003444036
2677545,7,0.7938297674143956
6639247,2,0.4153321189799181
2461320,7,0.48912217592980717
33203366,4,0.40517788390719933
39455997,3,0.3760328686333482
28420441,0,0.2722400706107965
16301318,12,0.979842576645777
17735077,9,0.40985992246443137
176213,10,0.5439715510921334
34093098,3,0.7591134900393536
24027277,2,0.6280863124846827
1517959,13,0.3393932666362997
36364346,12,0.6096097369028017
39629393,9,0.5197779797263464
28208298,10,0.8937804498077594
38352565,10,0.5093699327026979
20171117,3,0.538523426813889
9365396,0,0.21107581952300045
6877326,10,0.2418251398987012
38531078,2,0.28500704100216856
9651940,0,0.3303270356166179
38069516,5,0.36893267092727927
30542984,1,0.6946712628757368
33794115,3,0.44246785838116576
39290901,11,0.6164033788333825
37871296,0,0.8607237981389095
1970495,2,0.5364843273050842
4140634,2,0.38548611051086074
10407790,7,0.412645283236565
16241708,13,0.7154390437000825
36303761,10,0.6770063777272156
31695693,13,0.2970554683654667
38491318,12,0.7800502727570178
6009862,10,0.7911783386869329
31417156,3,0.37248406632047437
28641721,3,0.4215014594214176
18967965,10,0.5263162266534335
17722989,1,0.4374527154290984
3497578,13,0.8499314427005152
7873400,7,0.6000535630320055
36511052,3,0.5608049966698814
19324733,3,0.34887790495069143
39375878,4,0.5969409397649126
31375045,4,0.842951663257618
33580750,0,0.58011585882783
39635698,10,0.25395918103172815
31251445,7,0.30976756604546274
23319340,1,0.5283625636009975
22692295,7,0.3248332682488285
11218928,1,0.6744992662466289
22162152,10,0.5711439375978088
23767690,13,0.4739351877621456
32818056,9,0.7388369764417279
33856103,5,0.33267528688588327
12877534,7,0.3908547945124501
20021441,1,0.23761636862044655
14204303,7,0.4318701232072539
16235514,7,0.27952368351198026
20622583,6,0.45478458397706556
13619752,1,0.38175949684403415
25754855,9,0.5370218527367102
27131294,13,0.34350453453358487
32424670,13,0.787453109925417
9338157,7,0.3987575083473726
28914578,9,0.5421473826562933
28072387,8,0.7242004424231815
39839026,4,0.555804510882593
39032830,11,0.6004080214963925
7715501,13,0.44553458191932116
18732942,11,0.35172979851502145
34394900,2,0.5394248578506469
40079837,5,0.32527741704904095
21323878,10,0.23115888793150907
13342802,10,0.35633275047225177
6712984,3,0.7268599722031335
36846761,10,0.5208782269396272
24207916,11,0.6670026380583908
39926952,0,0.8121146964844791
39545906,7,0.21703749787696047
3745724,2,0.3987706482443264
17814913,12,0.4516342722087007
23558111,8,0.4306086264039558
24352116,13,0.49859324657769755
9813862,5,0.3716010365831868
26578316,7,0.5579891600829808
8352513,6,0.29171913293897417
23723869,11,0.23079120492765906
14483768,7,0.2856413986171799
11312872,8,0.41707481819370973
32873268,1,0.4358808364081091
2209125,2,0.5400689344678562
22392692,8,0.2555292662445968
7180857,3,0.40686346630388764
38591436,12,0.24720468107905355
35828760,6,0.5498653059928923
30116396,11,0.4265191939357963
6719484,2,0.5609044622624695
1781554,9,0.8458657165040454
5079094,1,0.5039810607957435
19987323,6,0.4674865287692042
268930,1,0.3370931377997841
23943379,8,0.9103955233416046
2018058,5,0.471944163532077
28724610,7,0.43343712445430044
10982705,9,0.22297394473812265
16230984,13,0.6335190390173995
18779313,13,0.4706161171596588
14838061,3,0.3692082876901244
26539279,9,0.4730101421223888
19719616,9,0.46047371053635433
36943197,6,0.6523626075245703
37402550,0,0.3025666547224151
13479337,10,0.5431374937947588
2335384,10,0.412679120699261
17223852,7,0.6331714605760697
31465199,7,0.3355365130344009
35673914,5,0.339862452401165
25229272,7,0.3265791995394954
1507082,7,0.5505149874280472
10109700,13,0.6732086926360102
27100961,7,0.3114214460474909
27639037,1,0.4469719982260203
15052142,2,0.545796036137526
24876329,2,0.270613276349813
1425414,7,0.8136429587077951
32938487,4,0.5069398237266515
38720527,3,0.38765831360899167
32589475,5,0.5590517117137312
3435589,9,0.523671911590371
7408865,12,0.5803448998384308
27751072,8,0.48904097737072494
19353484,13,0.4788080387415509
37325888,11,0.30700977036030946
27644360,9,0.5655346946274971
14991002,2,0.542109435508429
13418172,2,0.6438286490535928
18162709,3,0.45844792399663237
8933877,7,0.7664306924860848
13019617,3,0.6243573322734913
35074011,10,0.8644998625781737
21112129,0,0.3451813984374777
32436723,10,0.31519640348023487
30422726,10,0.8450138921896112
31684873,0,0.39286727543508315
3929646,3,0.3400763688118679
13332872,12,0.4060415200716083
12133144,11,0.3318128468349321
36104412,5,0.33075565924700995
38740215,5,0.3164723434914499
767881,6,0.5029500737262054
14167352,3,0.20238289425553163
37155730,13,0.2925390723365328
8217583,2,0.29016429415228207
27073552,12,0.3890479214902322
1228722,10,0.5824617777033845
34937807,6,0.5970448465835387
35369711,10,0.38382359982268216
32719324,6,0.5106592882005129
23350328,2,0.269483742190964
39926937,7,0.2686854253678431
39661198,4,0.4769777965242274
37647771,10,0.22179340424567245
29267284,2,0.4606109655065197
36429647,6,0.5155535391601178
14600619,5,0.23776285187115506
6307296,11,0.31155295738395267
30963913,8,0.45475228257964484
28506885,2,0.6140918544793614
30174906,0,0.17445145110039748
9200389,7,0.5624172636623405
1321828,10,0.36550172296454825
33177324,7,0.3380312826097267
29936695,2,0.5662832333099368
8668793,13,0.5514067946493886
35235088,4,0.6237046619749963
15263102,2,0.446511039715667
2571450,10,0.520538077781404
38327807,0,0.6237368227978856
19621726,1,0.38489778422512055
34232269,3,0.30441776060568354
14140756,9,0.33129885405527393
38248866,6,0.5016041104301471
1848371,3,0.6398997286102499
7962304,9,0.3946410976798447
12023135,5,0.4652432880099691
39529616,6,0.7047153409566942
16252574,0,0.2797260764390435
39846780,3,0.5225614016104313
33503176,11,0.561622114634022
6500262,2,0.6426442854788005
26276371,5,0.5510622222923749
35356714,4,0.4701239672570337
37619002,12,0.24500521994819616
39093250,13,0.5596249177952426
19573716,13,0.6905712077761578
34382376,10,0.48789129341423587
34316553,1,0.4981623791756271
39989384,5,0.4355578396009503
24581098,10,0.3391234801777308
1059253,10,0.34791972911528307
9578465,2,0.5976368845571943
33240295,7,0.5520207430073788
36924654,1,0.30877648551925785
24447287,0,0.48163372281513145
20352157,12,0.43109782944028124
39832493,10,0.25254616556732806
34866575,2,0.6699232253504964
37097366,4,0.4477286598384803
26018420,9,0.5446577036098598
13635348,2,0.4392223161830059
37549771,3,0.34609328833944897
1423345,11,0.9575049568204095
7686704,11,0.3083416228396985
24985507,0,0.26280784103768773
28905112,1,0.4107274874094293
21467374,6,0.7629082381338593
24846049,9,0.33701712220225255
34540919,7,0.4579079650081203
35373245,2,0.30266921776200995
37979749,2,0.530971719144341
3116401,2,0.4559195825600873
20189051,7,0.2731165272117972
15757461,5,0.513309682819299
942902,12,0.5451785959105913
8938442,13,0.6085309576263316
26042559,12,0.3283610388210322
8746883,5,0.35750468917854844
37716415,5,0.33538041564433074
33775255,10,0.3410971924287854
15725653,1,0.35542854193299384
29743329,4,0.7398869165812764
2306115,10,0.5849867508491977
26057115,1,0.6042241147159428
11801025,3,0.35752535395770113
37394390,5,0.4773376847076405
23467014,6,0.6572321817260152
15629098,5,0.6788176680737205
26459760,3,0.4455280661085804
18368057,13,0.5256462978767964
40040427,10,0.2910032004533361
24959164,1,0.6376091671307338
29644569,13,0.4069525736163386
1194963,2,0.313082369160924
10287021,12,0.23089730025224203
21006124,7,0.3684522381658592
25667722,12,0.7176931768673767
13650214,1,0.3651833156077538
24944627,6,0.7569563177104335
24792462,10,0.3603718392728715
34103338,3,0.40422450771651985
11864673,3,0.35961529873683357
12948964,9,0.39814295473822614
10234999,7,0.34805913696028107
32384312,1,0.6359978226225473
25617039,0,0.3297078225828024
21851502,2,0.38506096403475654
14153210,9,0.7579249668514596
15957484,8,0.5923504876003703
17960441,8,0.9989315522016442
24940797,6,0.6841939836636178
17030445,7,0.5366451496880839
23203947,3,0.48299515001571064
32400719,5,0.41287196802270754
24455553,3,0.30802918938934365
17030238,6,0.2981351407580308
31213869,1,0.44435960976926264
15953983,8,0.7477939464362601
26213710,0,0.30565579084692085
24646461,9,0.8086131867948443
3275324,9,0.749582867516286
21603353,11,0.3836081122861811
10466207,12,0.33941225819649856
34851614,1,0.4270068987987245
28013560,12,0.7879619046433983
15072736,13,0.8191011086524893
4006854,10,0.7019742941181476
24755006,10,0.5743100684795307
10650089,13,0.7798489865247648
13032183,6,0.46256831681339033
21855359,12,0.36907975082826083
21466351,7,0.34153428590896107
21791164,2,0.4208646927995259
31560850,8,0.45223248813950867
20859954,11,0.3423567502562533
21387655,6,0.72268861957098
10150041,0,0.46481985197300285
34434302,5,0.686824121859377
20023867,12,0.6884541830064131
35858347,6,0.3177479675344901
36020644,7,0.5313469694668286
27538818,0,0.3999872485089644
26835407,1,0.5670286597994615
37175279,13,0.3595144135684424
38174116,12,0.5393868325577676
19985560,1,0.4365157312379615
7816363,7,0.34840145428849634
1422880,7,0.3081091726156324
23836903,0,0.7153288027778553
25127701,10,0.4456963427501452
12977174,12,0.26805212440236154
17742673,6,0.35405840084633977
9762157,11,0.23400329830466396
29039643,7,0.8866615640339348
15136435,3,0.40611308421591474
31639336,0,0.3860751822054517
24828629,2,0.571691217372876
36289389,10,0.5138246300801266
34259746,13,0.7255517483294318
38440700,9,0.7959807354431656
10115022,1,0.34367000085619726
31633091,5,0.5510805034212095
26222641,8,0.5808916665117534
35999535,5,0.7244056385970086
13105915,13,0.4880888510573987
29047600,9,0.46802598543183255
26848795,7,0.41809071758475214
3336087,3,0.3122436828518401
34358808,6,0.3107288259125559
17389932,2,0.5384227780505633
6517793,12,0.8979337666572826
4304837,2,0.5522154427466276
39862281,10,0.42366334310083886
35248068,12,0.35551435392283287
11461044,7,0.35639614808543657
11620697,8,0.6920837393784081
9930232,5,0.39566077399825816
32213955,6,0.48796733293276195
32590746,7,0.3882433892253215
26949273,10,0.5445150435185758
26422594,0,0.583358511432301
9378772,9,0.31405607540440544
37952055,11,0.7220860567752625
28111696,2,0.4416842484195906
4647037,9,0.4222163521510081
23658776,13,0.4209419584026486
35392217,6,0.53481548082432
29292076,8,0.7904228034507377
39729787,6,0.5944270233196287
18150043,10,0.29523475529088067
11386562,10,0.4073509943454177
11346002,8,0.6816985466737997
32117949,6,0.45830465205159404
16112688,11,0.29410753363865355
38923478,6,0.25158634129771573
22203635,5,0.2519623059474795
7880180,2,0.2982237098895284
11360479,12,0.7137496871189608
919056,9,0.8741455587050798
31922961,6,0.5963074641722905
39238400,0,0.23879135101321403
11329035,13,0.4138396589579374
13259617,5,0.3127765228402191
7458963,0,0.33512102911636155
32767394,9,0.2705222715872417
25017859,2,0.5624093898174908
28442068,9,0.38590655366415655
39864134,3,0.3134624061165416
1313362,2,0.5899169774457249
35204676,11,0.3456349309545262
17986923,12,0.5849376911101026
38365804,6,0.5651353859576991
16308137,3,0.3449175226121168
33432532,8,0.4080360455166861
14168835,0,0.4035570739556471
29069252,7,0.2869684634083527
20914828,0,0.3339399050826669
15225252,12,0.3764465908540079
38137480,5,0.9215373576881706
30644006,6,0.6471618331266161
32685907,1,0.2707822446554627
2418172,10,0.5621804482563211
13940269,1,0.6189456795697799
7785831,10,0.1940098116413036
5743291,7,0.5407089522166711
36988699,0,0.3004422164732443
3000612,6,0.3540181816534743
11375605,9,0.6324440671494143
34870270,7,0.4073196801769916
20345385,6,0.8507004348185749
25822029,9,0.3609580505356913
14608973,9,0.47958539691742796
40095632,4,0.346972945409553
37691169,0,0.34855580342496617
16995108,7,0.48654463524372227
33878095,11,0.48022854561164324
40001700,2,0.48025562756411105
31844342,11,0.307401285649952
30195729,7,0.5792712236975921
21970970,3,0.3932569910713885
23659275,11,0.4134295516997098
5579154,7,0.4645017632574096
16338558,0,0.24592743536526804
20882048,6,0.6224356355658911
39053681,13,0.42731343268667016
26380306,1,0.5041225605313399
17348649,12,0.35728945059858674
30125544,6,0.2812864972559761
3877454,12,0.5530228716928293
28990576,3,0.4469173344923432
17870242,12,0.616510548544467
29349228,4,0.47045664401739923
34159495,2,0.5683135080245045
12282418,4,0.2191845393853106
19524129,0,0.5560600971853651
24461135,11,0.4804319349187967
17627389,10,0.7270751705156135
39803746,10,0.6228914689478182
13001000,10,0.6141683919745565
32313415,12,0.385526249067453
5367875,10,0.9999999999876236
35371811,13,0.18291288233279956
32774160,3,0.4890528746039523
17734946,10,0.324148420810629
2901633,12,0.3219718663367728
20832171,7,0.6829794332630035
28092806,9,0.6366126651743123
31052706,10,0.32885905077311167
36628948,1,0.35699676391405316
29322580,7,0.3130983602253201
20925137,7,0.6629289815277273
36636255,13,0.7023710249751782
31584288,4,0.7520384137697612
11954561,1,0.4485465817867487
27406557,8,0.3084888134263556
2917898,13,0.4093928942631677
38967833,10,0.40690361628054333
29847305,7,0.4227569932433534
4246377,0,0.47479831440441755
16594246,5,0.4526121578886242
34244451,2,0.44788584912394447
12846507,0,0.3438110041602496
18122309,0,0.36083161692822535
15515920,7,0.5159282285583157
16069906,7,0.2653021342071414
14289910,5,0.43712474533360485
19738465,9,0.30834644688267554
14513936,5,0.43896835959238034
16417324,1,0.4388605571332741
20858336,6,0.24997761269229413
12409862,0,0.415145527601395
37843926,11,0.3726106279232202
4996376,0,0.6148942715730331
33176051,6,0.690959230570558
36902418,6,0.6650241016343185
31255764,13,0.3894684734946528
27353978,12,0.2782250967186929
2853483,1,0.47097312459620744
31778213,8,0.4242465750529583
10200824,7,0.5008982491124135
10171343,2,0.38063236117648236
5367582,1,0.28161846451777434
33515478,2,0.38190926801089536
24747544,8,0.2847196355378602
29041438,3,0.5186055294154397
9982235,7,0.5088156731132913
14678270,7,0.2565232730325416
26428904,13,0.228104699240521
31927036,9,0.582440568890406
37532647,12,0.5077200143547245
28860660,11,0.7666871268790161
17789071,7,0.37215114537534094
10432432,3,0.34396222513408425
30867061,10,0.3695465450094667
15467950,0,0.3808314443736683
23935840,13,0.7379347690732132
19712318,4,0.2448102112006763
38780181,4,0.5155633306453334
33554977,6,0.4969726804250355
13201532,10,0.642001223115292
14400463,2,0.5338620004157288
30148587,6,0.36048429619434624
37585147,10,0.40795131662985556
33153558,0,0.3006129220547266
23988853,0,0.24284771098250454
18721066,11,0.6009623709657896
18437284,3,0.6615210273249709
4170031,2,0.9999999999894317
23548328,13,0.5044274386979382
35919814,13,0.7217710489226188
32054329,6,0.6267618407460492
23784271,12,0.4802982275254117
25697459,5,0.6596859450253632
32337026,6,0.5754920111696867
17569512,12,0.3176417431501834
29517513,11,0.3945796479074481
23072544,8,0.3535136571877291
9243434,2,0.39466114268586805
33103115,10,0.2574086719394861
19188784,2,0.5768667339440603
21062892,2,0.470060137858336
28247807,11,0.3659916599345397
39172575,4,0.5984441301895682
17822135,13,0.6140294408614217
29330485,9,0.5034390653643833
1150144,9,0.2237055362473956
14742382,10,0.6616481199654708
7719419,0,0.21967352030570045
18489180,7,0.955333235035015
16701517,1,0.6388502370420847
9612484,12,0.37453059682582596
29469704,5,0.4036216668931892
25923532,6,0.6218727197745637
38564912,10,0.36060457735512624
37570913,11,0.23192506740281182
24635394,7,0.38849413319236076
39230230,4,0.34039736682983046
2833531,9,0.5392069117276772
30773953,0,0.7216544578992629
16136979,7,0.45882194156654976
39339743,12,0.40687690826903794
14955100,7,0.34478480831634173
4937163,13,0.7082891439987317
22865642,13,0.4076624033239613
10904521,7,0.8356371550857881
7051791,9,0.36240181994896375
17793194,12,0.24199291444912086
29091640,0,0.31924062020791893
12587915,4,0.2557564933755867
8485678,10,0.6741633163019015
38344264,7,0.2525588973043223
35149889,0,0.46937995822619405
13823275,13,0.2890954334732347
33244249,5,0.49434613848997355
6798312,7,0.3926114815043073
31339001,9,0.3312146766582735
16396859,5,0.6770957819545198
34225839,13,0.42921956246427156
7655784,10,0.2750374044941485
23406215,9,0.4278695817048286
26071034,5,0.5381924931346167
8758666,2,0.3796929934184366
25597958,11,0.3249781462896302
16489292,1,0.40399299573963837
28571741,8,0.3945404484079537
19008260,10,0.2168985164974248
22139333,5,0.24303754024343857
9390310,10,0.5399436903264876
1096476,13,0.5636630994318237
25943870,12,0.49438987414420027
21169031,10,0.6130587848149868
18783962,1,0.591925292597039
23305250,5,0.37061963412048526
19204716,12,0.361476533489221
29694843,6,0.6668152644099491
26673342,9,0.24741195222232312
36169566,3,0.4071146234014375
37184039,10,0.37046493130475117
19136347,8,0.334277425962193
10775817,13,0.6997036648607184
19583217,7,0.27516193344853573
13395610,9,0.42391639094362044
39836011,10,0.5006458904399029
22597684,7,0.2854247923522493
1985856,13,0.6655705750617489
37391177,3,0.41835181641593533
27471109,0,0.8667216692331264
37212155,8,0.7519222921478238
39493229,13,0.31300997374502454
27190492,1,0.8395139065576163
13545839,3,0.46261496348929443
40115154,11,0.29895523552340003
22551461,6,0.6155181018891308
29671704,13,0.6948037752208088
13105729,9,0.3987701565999481
5887387,5,0.48110083764843337
36032623,7,0.4923972673553546
33981799,5,0.4088347497724172
2515814,0,0.2706724690582421
28627191,2,0.5406983552365704
23110550,9,0.24926155847509252
37028655,5,0.37934289204229577
13893117,6,0.5302038482797732
35066413,13,0.8376233597278819
39889635,4,0.33868778215593487
31146283,10,0.4576997417887689
32370047,6,0.8102975546797718
22456765,8,0.560645736348687
27744307,13,0.580852078012872
30643505,2,0.29449094088450684
5614144,7,0.7807252618527402
37442852,13,0.2994929235328356
1133371,7,0.3392516931473789
6157367,10,0.44105344207088976
4272970,7,0.42792720391842215
38589183,11,0.6484661183426123
7979714,7,0.35737716084032745
19555680,13,0.8806461395389483
39344371,12,0.6490200081785688
33799132,13,0.6260995142355257
20104999,5,0.24421739330383105
3790848,1,0.7505456982731747
38426303,4,0.904640787493455
35118216,10,0.8151665072396589
5480354,5,0.3429176263399698
34163770,9,0.2668881332984748
35625498,12,0.2771023359677915
32100314,7,0.7778364992255027
8362510,6,0.5972359736824014
10873368,10,0.3597982123958386
13663591,11,0.3498691147356766
394465,10,0.2854019433471835
23910150,0,0.3325078273134193
6260777,9,0.539764136914856
7285746,6,0.9653524732438993
9068625,1,0.7313169401691291
7397969,10,0.3066274104422345
33982167,13,0.39101821208938253
16776721,6,0.7183956189619145
8716801,3,0.357996876471503
28575070,5,0.6067132255066562
22130602,3,0.49639481016620235
16344076,0,0.38125347532809967
31442693,4,0.49719874187356955
29466630,5,0.44604008369198017
4918458,11,0.4922640887516007
17884862,0,0.5073453813176527
15494574,11,0.26582751010854466
38241517,11,0.3646690988408766
21738882,4,0.6551476135757185
24364666,2,0.4542332985349608
16172810,7,0.8144909539006048
15282614,11,0.5590005047322046
38218091,6,0.45034892542985805
30071849,4,0.4641752882034935
29940869,2,0.2746547816998205
30432228,3,0.29978523011866165
5703456,6,0.7007491248853495
19356736,5,0.6318816608842878
37694908,5,0.21841793561106337
35503922,1,0.6869911745342492
3267081,2,0.33393467385288894
21842885,9,0.5844549409471523
3893576,10,0.2412643955863701
39775055,5,0.3623449618842828
12341468,7,0.6207544433121349
34336511,5,0.5251775538519694
25233749,13,0.3965971806840055
31273995,8,0.607443902228642
32640029,2,0.46551148927784836
11109458,7,0.3429925172050632
24382417,7,0.3615060485780563
34386971,0,0.4125730203715776
12616074,9,0.48361123235195835
3576071,7,0.46594500351281365
18675471,3,0.5048507287947861
28890220,13,0.4627733527637192
9480436,9,0.6315029614203771
4352244,7,0.5556487326758353
18562350,10,0.3680656597663964
26930593,13,0.8578554484724339
39030037,12,0.47829979558757907
15456475,12,0.5799730384327798
11976498,11,0.3264476114336533
21337090,2,0.6059192033285555
39870912,8,0.9179503657447393
31544489,13,0.6432506671144723
37886596,3,0.46200214036539183
5022237,7,0.2949547134548069
30442794,3,0.5356584693517402
24159654,0,0.6307087021191122
20301338,2,0.3143281967267044
39580066,4,0.8405811287200706
31775295,5,0.33678562059150435
39168281,2,0.4630053161482841
18544396,8,0.9695872467961046
15072405,1,0.6475669743234911
36312767,5,0.6026440251608711
39373397,5,0.5151430147111797
34671217,10,0.2804196015467915
38644532,4,0.26347269208210533
14593515,4,0.32346651368987567
18671938,6,0.2926489658057804
38876353,13,0.6885328220369074
28503770,9,0.34460865198413737
22785484,10,0.6787075951270977
776120,10,0.7271604589945346
26978095,8,0.5047690902451599
14701608,5,0.5437828977109667
4909398,2,0.3670116613634083
26193999,2,0.7562649386236964
23668043,1,0.49465549188668995
10947972,2,0.4587407922174847
32232708,2,0.6977815635774223
2945594,5,0.29961502398548634
32791687,3,0.31019895726642255
33991705,6,0.5544773101616741
16413414,4,0.6113528339985708
22796294,10,0.3208325811808946
16044801,12,0.3417040327767968
21708369,9,0.4837693870150945
19701789,2,0.32407356841608786
39377195,7,0.3145948045721326
37624798,8,0.7651838972095312
27709348,8,0.610095221898654
28347722,7,0.4439499860741841
5426723,10,0.24902130060826388
9247582,6,0.2541733175091359
16621351,3,0.3220163674307638
24540326,6,0.5278675926155822
32643009,10,0.5847379268922858
30525413,12,0.33246803937059627
36707541,3,0.38517630215308524
8258734,0,0.5045454690712922
17389057,3,0.7627950120226444
14453068,11,0.2547484935188421
32843082,5,0.2220773484585145
34909369,6,0.5809046878341426
10129959,11,0.41678079962447095
37976551,10,0.4377395967041701
17350168,8,0.29513111141261805
23017625,4,0.8987785530060017
26288380,6,0.483914648927588
36297912,13,0.5601465093332906
30960177,13,0.36944801889636386
39118308,4,0.7691838845738239
30514853,0,0.3015037163620643
2918454,2,0.18134356274577523
991926,2,0.9541722885178089
2270345,6,0.47305904597533543
24251959,5,0.41918172781672186
4287019,10,0.628862344960122
25104372,9,0.6441373905243906
29065318,11,0.40185139794264113
32021975,2,0.27635209783478437
39760579,1,0.20132372128679168
18446522,0,0.23841185584017155
26150337,3,0.3858822450936482
26609824,2,0.5239988869036174
21233089,7,0.8252254931559436
11012981,4,0.5424316639981218
34657183,4,0.9525370111629807
26243592,0,0.3242224863076222
38060292,7,0.440878364592474
12138691,5,0.5026841343158172
18682965,9,0.23871197514583498
9015248,11,0.2925978653996544
39509696,6,0.4459604767014503
19639939,6,0.9109418858101999
35874743,10,0.8163058521195913
9249717,5,0.46279816799619256
34939609,9,0.2931562270390568
26761734,12,0.3971000169891197
1155566,4,0.24773979636685553
14151657,10,0.4586547831995221
13976836,10,0.29174576332247404
35140147,0,0.5794877866171242
32496906,7,0.6306201139714718
33704925,1,0.46199759307836447
38592324,8,0.6228162466657152
33810617,6,0.6127247297631979
14292271,6,0.3547494004083846
1447422,6,0.6756022712819633
13592166,1,0.6254482614051657
7416170,8,0.862798321769526
24505638,7,0.4507633370316564
24350967,8,0.4593331434261166
25254093,9,0.4184684001681822
33858344,0,0.7526943561644017
35130192,4,0.6626214051292987
33596363,7,0.4612495864952334
36635607,5,0.30224898031578956
26141287,0,0.2927423282973133
21303510,9,0.6004806243457536
25121535,2,0.5053016459571832
4620009,2,0.5724679665537477
34930305,11,0.4869586491953468
3188925,12,0.4237816133715751
34880843,13,0.3691872581003176
7295639,4,0.2833900766626176
34972485,5,0.3636307655416836
26449835,6,0.48454416854082155
25926384,10,0.3622700666280243
24357358,6,0.8711254258582859
25566781,8,0.6024519252284992
28875296,10,0.5929575861217792
16198539,11,0.36139835502365275
33363622,7,0.4894466624085248
20092850,12,0.8244963318823074
34100440,11,0.38655569326694106
13068551,4,0.5507849126068189
23377182,7,0.2678583882753853
11144819,6,0.3795378008092722
29829728,7,0.4913655093130417
21999810,6,0.721616307048894
30777897,0,0.29647144344457776
34473682,3,0.7183031112093855
31778444,11,0.4187194300811608
9959769,11,0.5368583360864172
21597071,3,0.534146482965245
32848603,12,0.3766213802665339
32595980,2,0.40592690746986093
31692269,3,0.4313236654249891
37896509,7,0.39385375653711496
23119031,3,0.4112997098627994
37592168,8,0.37301747664394064
6445508,9,0.5079808255465499
36675489,8,0.9480775844273855
25228175,4,0.5553286446021943
31867543,2,0.44252732686972973
24685790,2,0.3816499121495914
37480487,2,0.36070470848640296
33583757,5,0.3358875017354997
35124724,6,0.3203349807756566
1713078,0,0.4365168807992983
38454914,5,0.33970275310302256
21833348,13,0.7724324237833112
25955833,0,0.3433467342277206
17527869,12,0.19268490410762193
13021743,11,0.4445768762842135
6401167,11,0.49500975225259325
11322250,7,0.28792899843715203
21614941,2,0.6902509830056134
38669125,0,0.3367991873571714
29740808,11,0.458401221139727
39525993,1,0.5218198523519398
36473744,10,0.24793345548419074
32022971,0,0.24475260321286413
38077925,10,0.560818798192652
39862663,7,0.4193752127974775
21240195,13,0.9492218798377763
25656715,10,0.23450483385430618
30732102,11,0.5837539662781782
19551589,5,0.5256883474170901
25603555,10,0.30615442196868786
32519153,10,0.29832348851282514
7381089,0,0.21584826083177114
1048831,3,0.35762840918404754
2938405,6,0.2481339705513523
30101979,8,0.5484369069299311
26812617,5,0.7235801972740389
16920504,5,0.45232006843833283
26686002,2,0.6744524004407992
26502641,0,0.38136010923438973
844110,13,0.657990185557456
37507943,10,0.36774426299363244
7744471,6,0.5765340940404396
14801778,2,0.33014423896993444
2539599,0,0.3384457459539174
29526088,6,0.5665490812243332
19391849,11,0.4548759652120358
37901929,2,0.3428266420955496
30577796,3,0.2883304136799759
11822879,5,0.4124494422358007
37369923,7,0.5660279179441371
11579930,12,0.502471543046076
31426106,3,0.33180272446371983
22148724,1,0.8610407192311963
33085258,9,0.4275071255137979
39630188,6,0.8309277290379716
23388749,4,0.338922606091485
5461814,10,0.3836245370949038
19199540,7,0.4671196282647404
23301256,13,0.5564656614289382
36736348,0,0.2141856618475915
31851353,0,0.5321021115079355
14589625,10,0.6808535750744683
27832423,2,0.33827091107658974
25693930,9,0.603068217301252
38839174,8,0.47583144639569225
39662918,2,0.2847871933366406
1024529,11,0.5388557332305113
10344854,9,0.7544303260841125
13307120,2,0.6632194415823653
17534435,1,0.5557017284852553
21210451,12,0.3278662461260363
34758779,6,0.6579306388706517
19847465,7,0.5295288958718812
24313201,2,0.6334802079348455
22894140,6,0.47214984400636745
30873981,0,0.41401645196797576
15537745,13,0.2336824447898408
26423034,5,0.3984024704539781
39990133,7,0.4285388908183313
4845913,7,0.36023715030401926
34402713,6,0.25377345687609165
23490643,8,0.40469123065372603
1939228,8,0.8263484834667708
2597827,7,0.8630153135011135
36653465,0,0.43859344508758585
38961709,13,0.5619081928083307
34045568,9,0.35218546568908377
18469715,5,0.5906216446436698
32774981,2,0.5389697554241797
13269936,0,0.29034433740005877
28282997,9,0.5795099080610779
35917953,4,0.7163015304464068
39827247,4,0.7824782098992604
37062466,7,0.9094736448404976
6298940,0,0.3329323689727187
1913613,5,0.8092219582789189
36963076,9,0.31940717622259546
138029,7,0.678305384194691
1044473,6,0.4984693139072607
39645125,4,0.626372677811737
22747235,10,0.3600767699550086
27790801,1,0.5319055885755564
24899772,0,0.4212807019409283
9501894,6,0.9101430770680525
30009171,6,0.5096739045599696
1185775,9,0.8536555384420209
37962113,3,0.18077619293577707
15092537,10,0.6270295506808582
38212118,0,0.3894899541083649
2574080,1,0.5367013471668997
12036146,10,0.1697507683502982
29493591,13,0.9745895922720405
19644702,1,0.4438339502379696
33626444,13,0.8343453419204986
26600753,7,0.25782118254093295
22846098,4,0.4255637908869625
20069835,5,0.38971469868016406
33678423,0,0.41522592719947427
18477414,4,0.417410000361644
19621955,0,0.9180749933439625
32980633,13,0.7475944973242094
1871549,11,0.6295477569767908
31267366,10,0.24129930003909678
35101770,10,0.6929253594191913
39923023,0,0.4064997897640243
34131285,12,0.5541722623734019
18979658,11,0.3324500866647407
25449946,2,0.3898058570301968
17339827,2,0.5789966114210856
17225638,5,0.49941886056785023
13420988,12,0.34779119717582585
34427964,2,0.45081268298555033
34171491,4,0.5798573786572679
31161500,12,0.31995306215396385
25334334,13,0.30274588681627607
11362692,5,0.2573240483485877
26861897,6,0.48454802796398255
18557407,2,0.7294235235477519
4466489,10,0.38557144076470734
2596069,5,0.3605893084759099
37396527,7,0.6103889884002092
30495979,2,0.516457438109089
39586613,10,0.39321934925364205
1845681,0,0.2893187544707369
15864353,13,0.6790874631864214
14148210,7,0.5710308230411674
4579908,6,0.41713012103732205
7191337,10,0.5290990547276495
17433910,1,0.3316017736112076
12453279,11,0.5235759322102111
34526854,8,0.522806221751563
16040469,12,0.3234105109267048
34292007,7,0.7036774446296283
18894808,11,0.38284890084625606
3435900,9,0.572482493432896
7366528,2,0.3839741355811404
24628959,6,0.5256426965591287
25451348,13,0.5894337249239769
30244246,3,0.29187101385733805
17155055,11,0.44800964310322894
30353714,3,0.22851872375563498
34435503,7,0.5238699647602191
32108070,6,0.4744624695485257
29986194,3,0.2997740682007346
21578785,10,0.2437959366733589
20271383,2,0.36118955035851724
17386487,10,0.3833955706386093
26716140,12,0.36340921639976154
39819858,13,0.3041894281049169
38962479,8,0.6814928149873786
3886667,6,0.7521174985180591
36825151,3,0.28741299756748984
8069451,2,0.33050387588095165
36422107,3,0.22316949384223117
24196875,0,0.28092079101119016
3056830,10,0.4450516800353383
35191690,12,0.477351581655055
15605379,1,0.4585322493328888
11638158,5,0.48014745476828935
25573056,9,0.7464394951571971
33316051,6,0.47114685704816284
28308648,11,0.2075679132741915
39613065,7,0.19841869035277804
32546786,5,0.46323186589359416
3956181,9,0.6949179923982263
31651906,5,0.4038934257814035
36043095,12,0.8799774051363011
29236813,0,0.41070713684481247
20276508,7,0.2846090847620177
25273690,1,0.35490498435403295
19833393,2,0.4882541819033808
30957509,9,0.740974415229623
1279032,2,0.47765250251089103
2504907,11,0.4081077291174592
5593636,11,0.5371596687292758
18389618,3,0.5146268599898317
24619629,2,0.42865614810809455
36169142,4,0.6347302502731359
29621275,10,0.17644328187359273
30461969,10,0.33457968224456364
38288412,1,0.5971858055914104
33055718,4,0.4479359658196086
30929411,6,0.6548485142553966
25789302,7,0.6375875822262675
11391700,10,0.4768155862756398
13207678,11,0.4418996494976909
4118409,3,0.6561537524616384
14825910,2,0.5507612319617271
36926140,8,0.6886474987808923
15487848,6,0.6694622779400854
23642478,10,0.7604203763190068
30409140,0,0.35240487207375304
17844905,3,0.6313350567173501
8805290,9,0.5990995645252818
38622681,6,0.4739312914314332
39408090,13,0.33560321236367446
11326748,2,0.4937119501831781
34292116,12,0.3218293460800522
17518827,4,0.6905456600926112
18093619,1,0.47636713187871893
26854678,2,0.18690322566166906
25604949,9,0.555564461192057
8412665,10,0.7115131253877791
6116345,7,0.42065787763505286
24648045,8,0.3228593584987109
30515773,10,0.32085062520843205
33790854,7,0.3530578724685534
23154242,0,0.5919515282629099
23876588,13,0.943383763175664
18308786,3,0.4962389993219336
22975308,9,0.7209419942400596
21802708,5,0.6249516497233276
38666744,9,0.4861358943297039
39924168,0,0.40652427044205824
31297859,7,0.3501329624508834
1781617,8,0.4130082014102412
37632845,1,0.3666700201765298
25436589,7,0.4602648836158179
21319384,6,0.2300419424463826
36973331,6,0.5299146177447466
37510460,7,0.5142805998402432
6090275,10,0.5142688781818278
28766248,9,0.6475794981680335
36568646,11,0.374782719436705
28394666,5,0.29632055152354486
18881929,5,0.5459132157299778
18634650,1,0.2866586776368262
34621952,6,0.4942161940070982
7629541,7,0.5654188199842445
37148487,9,0.7675275240920977
8274724,2,0.35292988820353777
11263420,1,0.5043238057712554
26680590,0,0.3632110397468152
21564357,3,0.3254849537641156
39508166,9,0.2948884298157006
16968080,10,0.3788917506705377
12092518,0,0.4273626576678165
34123018,6,0.7032564870652954
27862402,0,0.40831309784564607
34954149,13,0.5626684533882222
19403772,1,0.5154532547144077
27391977,11,0.4824242354368361
9765718,12,0.47568737189389027
29324236,5,0.43691385063759364
30911872,3,0.39156743951166223
13460463,0,0.23184854821777573
10997254,8,0.7279870191095708
7720828,10,0.5770677755700774
25705141,11,0.6582159314723658
35657681,7,0.543304869107251
35609318,4,0.6142236383010365
38915997,4,0.23795026730414864
29343051,2,0.4806193750494736
26395491,3,0.24832246104513836
25898403,13,0.6835395071199316
18540563,4,0.903990414034566
4712929,11,0.4309757961653542
16960638,11,0.5994336281675108
13256991,5,0.37168690864814896
13530998,0,0.5069648521629084
22370287,7,0.35536700984453
31115347,8,0.651083090585079
8092695,10,0.46387958622758635
24068412,11,0.6612328035684921
9667546,6,0.23855172402694652
37335408,13,0.2013065400036273
9522627,9,0.41820278995348437
28065526,5,0.31920847991557805
12334925,5,0.28270928844607335
13595674,3,0.8185702624332084
28265410,0,0.5492879278453084
30386392,2,0.4519666726648071
7943385,10,0.5111603746795671
13366058,2,0.5014083940311895
20258986,2,0.3245188141737131
19961428,10,0.46628159260615987
34960516,2,0.6308822749613973
37572745,6,0.33773399465750603
6089078,6,0.8272383621628683
39416667,1,0.42844164485112896
9543287,1,0.5986817302929847
18388670,11,0.40221421981811034
15282424,10,0.3438532671517223
3522739,13,0.32670520835506056
35477813,12,0.44058787354044743
13854347,7,0.3124217037772286
16554999,12,0.4167579047625986
24563761,5,0.2418002723207192
25590762,13,0.2149267328433065
31039111,5,0.3216654205593164
2674437,8,0.8622938149361742
22599657,11,0.6276437611992913
28905584,2,0.5929512517048832
21948376,3,0.2379008695874174
40050201,4,0.6086529707330349
4239205,8,0.37861382242863584
22135780,9,0.9687485630136173
38377047,10,0.4171305543743795
31718742,2,0.5978763619698886
34612569,0,0.2502301980930293
302651,2,0.47956114801839994
27872594,9,0.3266522498512643
38156661,12,0.5801857242314596
36452533,2,0.3624792731342228
23053626,1,0.756113489328627
35655569,8,0.46822802545955633
19811064,8,0.4722397433247862
8230315,12,0.3754572493115163
27345237,9,0.3583658424946045
14078207,6,0.38674426318565414
36907965,5,0.5396403341631084
14063387,1,0.25167210399156037
29573986,13,0.24242383831471298
33993149,1,0.4104286361138818
11025222,1,0.33627359095920484
34337107,12,0.3782967915564137
22665380,2,0.8927166569474209
31265043,4,0.22266873210512692
13618483,1,0.6601908324281476
34529417,4,0.7582419262467865
10184591,10,0.8209888821014835
6714151,6,0.25361548161122155
27065652,3,0.5878311053649009
33833224,2,0.5762328550485663
28333629,0,0.21034808986888828
2400504,12,0.6194095902017516
14804029,6,0.6693394011671003
8661166,2,0.3339059539289376
24639437,10,0.4049414920346047
20004428,3,0.32849221342099943
37402372,6,0.6388502141854807
34732872,0,0.2706727058734817
37955423,4,0.3526191142456272
34564057,11,0.4029209220446009
34011723,0,0.3344955866115739
35061261,4,0.7817290301373022
16598551,11,0.6110240117530672
13067910,5,0.3593377872913134
25145847,3,0.43545537679950375
29380403,8,0.6069386775826788
25334845,8,0.4866225667473399
29852233,8,0.35399156422755507
28348866,13,0.6819648174707842
20134387,4,0.8215631998280204
5790761,7,0.21510985995856127
34148280,3,0.25112913925003777
4170238,9,0.5407418546811069
32577059,10,0.5919836183650661
28403675,13,0.5173049729547216
30444019,5,0.5438197080659765
26067692,6,0.26388238410921366
7577410,7,0.7930163696026106
19320203,7,0.7624159033618562
21660981,9,0.5757289161127112
22981402,2,0.4532843471177348
15805619,1,0.26860769003409657
14070197,5,0.627518238279487
7161856,7,0.5829805625703328
6602390,4,0.3236261533450753
30371752,6,0.3862989106013079
9039897,9,0.57373886467586
31516951,6,0.6153077735529104
38881305,4,0.5094748017799835
37604437,6,0.7922711368552365
2986258,2,0.3898876725338337
9773817,12,0.38910875902997394
27677232,4,0.5103269776700378
38258257,6,0.4143861853711994
32419535,0,0.28593102144834814
37195112,11,0.29252643813319407
34806837,2,0.6237651465181475
5283506,10,0.5156898150856327
4992968,5,0.308489724495042
39143817,0,0.3022996697339429
7530207,2,0.5168087031760835
34226403,3,0.3095405354514978
4433324,3,0.342685463187135
34394228,4,0.7128941871365639
22211981,13,0.5724471944418971
35106426,2,0.37009634358030846
11678180,5,0.27753811198861184
33234089,8,0.5603848913196198
26289424,1,0.5817106175349668
38104602,0,0.3349431061643641
16389460,11,0.3430116131256096
28111392,9,0.59918984593127
2204914,9,0.5460266923695783
26405239,1,0.36693182837033217
30146532,4,0.5934555310924146
35459362,13,0.4842551121822681
10954544,7,0.6455152828539363
11491251,8,0.29794799303257524
12494181,5,0.48616366229392594
28532973,7,0.7113270103705541
28684511,2,0.38008152968186365
28792202,7,0.9999999999865854
39865416,5,0.3120090946859859
34935100,0,0.687236392855207
22569579,6,0.6163592711049051
35082895,3,0.44175043783188883
10567642,13,0.32485512767230595
24111681,10,0.24893491811869414
34364449,6,0.8885981818142602
20428890,5,0.7295533278243191
17909600,2,0.5886166550804248
28307566,0,0.34260711956284323
34397613,5,0.22784654990727723
12454096,9,0.8836993700453999
19802624,1,0.7366770023603937
5576005,2,0.4162518517465752
39981340,13,0.4557419588111908
18240964,0,0.35634751804702586
15531687,5,0.6204677072247384
30447779,8,0.7607853542135792
7230462,3,0.6314431731669746
29832301,3,0.3731616694530241
14972773,11,0.3151058368519487
5015269,2,0.5229063355173889
14916403,7,0.2801813532772488
32733241,5,0.6777557102607115
17270007,12,0.7725937291894989
37159153,4,0.353438532424157
17960207,13,0.45065735788828765
24788061,0,0.40798677443849035
20208929,4,0.25758123109959713
32129419,7,0.3694740888529506
28675435,3,0.4247464592878875
33687486,7,0.6386300563740389
31033688,11,0.3854406316246769
32303213,3,0.46770083551386626
38461638,13,0.6792277086086975
36228334,3,0.2509563142654233
30967765,9,0.5755936440035544
34287296,4,0.7324253641151636
8594549,7,0.8200394879197027
36058524,6,0.31346004273291134
28289025,4,0.4028020938256035
5251808,9,0.6309841871585672
28910285,13,0.4414174228627088
18261850,0,0.43822935230433574
29158838,9,0.6964708325827119
36420994,0,0.31579560998872547
30072367,13,0.7360501149705215
25691780,3,0.6495140699490277
30407543,9,0.33539189427057575
26127280,0,0.17593299688963887
21471512,13,0.5135839818161265
23401303,11,0.2085358348667709
33715362,10,0.32338313218311415
15754878,10,0.3866148999114468
32718180,5,0.31521121696865556
21221257,5,0.6892047596918774
17681547,11,0.6565705069394633
10893340,6,0.6900183661772132
33338174,0,0.3530726888632481
20055613,7,0.6182784678295251
9526358,5,0.4318927587763556
29377133,1,0.43829331511183667
30263087,2,0.28972044504089806
27836705,6,0.26722383844434583
38818981,10,0.1925645069865135
23284653,6,0.6068290365437192
25669981,8,0.42920814388227885
21060097,3,0.5234585511320339
33733326,0,0.5694128110069797
37473108,2,0.20569014144841294
9886494,10,0.24247036338764436
26384129,8,0.4414024595460883
38040300,10,0.48314834429635795
31356535,2,0.6055055700659824
39986053,4,0.6319133771375867
884650,11,0.4689462763609155
16927288,9,0.1771169144446635
21556126,12,0.583940066952216
39555057,8,0.685861600142307
28520825,1,0.24351158566087977
13749252,10,0.3647003893496996
31716211,0,0.5266423637515812
26825058,7,0.39396509897431786
16307326,1,0.5018956748690825
14258984,1,0.3950846241980438
36223325,6,0.3568188266091109
214852,6,0.725261468812255
31501557,4,0.4384476624426331
37735245,3,0.36509875679124004
40063930,3,0.46813404964811195
21002633,1,0.3777821999650593
39197011,2,0.4626762260470207
28581948,5,0.4225875412527253
2383645,8,0.634812840651056
15998653,12,0.33186464302841506
10738560,9,0.33667848500643244
18704206,10,0.5692026751349369
9715171,7,0.5306832834279576
17960296,5,0.29136651702460303
21018411,10,0.7739306505781286
20101524,11,0.46391939263103515
24267747,9,0.6531699523007674
28094392,9,0.7833179240583938
34844633,0,0.4758483640880221
1978586,8,0.2937094556054679
3904389,0,0.3187681047311488
8195915,2,0.4971766643860504
9458870,11,0.37510445927482206
34130186,10,0.4832801335544464
26637415,5,0.29488502533994043
38125231,4,0.80218716681148
18257400,11,0.4024880481523672
27681823,5,0.5980385104464244
36650561,5,0.4687111123860834
20962497,10,0.30300531728049096
26447915,13,0.6076422129756982
2577252,2,0.6147646297179382
34948928,7,0.3997959086054454
20813231,12,0.36550468233053135
33075778,5,0.3464740372815128
18216372,2,0.465774300478137
37592721,3,0.4477381445659841
34706274,7,0.6278315161821433
16333213,13,0.8339004793830757
37975672,11,0.5369008677695619
27781812,11,0.2734483899646498
39697145,12,0.8062689427997066
21679388,0,0.35599937527628955
34448867,11,0.4566552969557377
4938723,10,0.3674185741804855
12416394,7,0.7360788709026211
24797311,8,0.8456995205699104
14951676,8,0.5346143374003008
22756645,3,0.51305227356759
25954395,0,0.20090076536804882
28260465,0,0.4449880655900658
17138762,6,0.45195755907889756
275541,2,0.5730223007677835
11013911,12,0.3790242087771113
13572383,5,0.2255582270944757
30413361,10,0.5094055589352803
32838874,0,0.5302316618545463
35180764,13,0.7798254825294244
22598334,2,0.2634377550486988
33550048,5,0.3002695250545398
4838305,2,0.6842486487926083
26776824,4,0.764086089592993
7668204,3,0.3569229013485828
18263136,9,0.2741056542128393
30514396,3,0.6093688226996027
24499609,9,0.43229542245927843
35440188,11,0.3786679088784925
27004842,4,0.5574144307620947
32040422,10,0.34438184093044855
24212789,3,0.4237816016757169
38385360,0,0.3594432476395592
18156139,3,0.350939280726253
16553405,11,0.301488975677635
19441591,3,0.368442275881836
39003704,12,0.35236503581875595
27810981,11,0.2720689434006923
38490811,0,0.3967565518946879
39249169,11,0.5455820136351173
37901679,3,0.3107803679650946
35085809,6,0.6434719622986562
31676713,13,0.4506073381692133
33115343,8,0.39037711137112585
30495337,3,0.5123516744905118
23119782,1,0.48342867690979774
31283429,6,0.39685101502920256
27625363,6,0.26135312275034633
11130339,6,0.47772053408934495
11009691,13,0.40548704241102407
28619838,4,0.37810343219390813
21406887,11,0.3798375801989879
27735478,0,0.4399923421698014
39544553,5,0.6054271514608348
35512132,10,0.3545215554435072
9628489,0,0.45182951972728286
32848546,5,0.6295416646193742
32001927,6,0.5360310917012691
2445823,2,0.8407498528664239
34818832,11,0.3552185009020211
17530308,3,0.361623901623359
19747369,11,0.37370116382515955
25771916,8,0.3910164737165869
19956141,1,0.37034822161156616
29845531,13,0.3225395302034129
39074285,2,0.5189613794253636
31060614,12,0.4237978566915751
33336813,9,0.2050575218697426
36709684,13,0.4571237419638893
19624035,2,0.44068629569975676
22569789,6,0.6208487775651472
36634795,1,0.643645744272587
24310242,6,0.42937093576995466
18840949,6,0.9967563942651265
34296617,13,0.3311273808822296
34992439,11,0.3424321479184388
25561186,11,0.4933192541033904
38490937,8,0.8062851438145476
24021065,1,0.33908121546113645
36642691,2,0.44963503330363247
3168096,5,0.19920940727778533
11603845,9,0.2827470345754819
24233477,3,0.35232373276133067
16098394,11,0.3832998239617155
13591170,2,0.5483311488113469
33913886,9,0.4794253157424612
32932591,1,0.6793118895661696
32918757,0,0.5797789524555322
7240382,10,0.3869092117018972
22074536,12,0.5201494789824392
2613527,1,0.22481064396918665
19575943,8,0.7528003065993659
37408129,9,0.4531187057476357
37150067,0,0.5019138780511803
10112680,7,0.45847367138938744
21465445,7,0.4524743726601468
30894616,10,0.44462659956051526
17414040,8,0.5266941102626189
34467962,2,0.42007488523604203
39743507,2,0.4887258818338125
6467651,0,0.286260461664057
8444354,11,0.4091711238080725
17980967,6,0.5377820884930392
34759585,3,0.4726500159574026
21670747,10,0.2880548977462113
30433960,7,0.25710030092795516
32170059,0,0.2709840847044849
6211110,11,0.5204005835881234
18280988,1,0.4942571745050486
7887785,10,0.3451620253394489
5122372,13,0.26270411638812635
12805370,11,0.3106486090929954
32175329,2,0.3430405353778835
9810217,11,0.40502429322908035
33928830,2,0.7751504021469978
9151464,0,0.36693322936713485
33333778,13,0.44145332923334035
35269374,12,0.46447322320208584
38755111,3,0.3704165344130922
8317951,9,0.44439387773504463
19225347,0,0.39372808159649647
20322465,11,0.24436354737808552
35168870,13,0.2413223777754666
35674651,8,0.22874057036723103
35764509,2,0.6857654895134536
24186569,5,0.4535612214838159
35842598,8,0.661701103999025
34441624,1,0.4732327611093581
31959379,13,0.5024278149788165
38123480,11,0.42492888071487483
25740582,11,0.3730136791907542
8495367,10,0.45762162675948026
15690016,6,0.247354418267207
5771376,6,0.263078238276035
28486832,7,0.5865216872427504
31257955,2,0.7085539157116407
20456860,9,0.6614403986788538
33071046,12,0.39342357190848715
39487769,7,0.4110289673898148
1408277,0,0.3485543110010206
6564004,0,0.7785456421514362
1643265,13,0.3953175535835268
7700545,1,0.7472307386883704
28904750,3,0.17923247962573893
37645965,0,0.27208838943193653
38455492,4,0.5374338533434513
17187564,2,0.5236156760519387
7489390,0,0.28487325496423394
26959189,7,0.5269872186118091
24984545,7,0.5901948864945895
30647460,7,0.4214141332138271
14183533,8,0.620184675647685
28975667,11,0.3153277911088413
27444181,2,0.39574801111284164
18536349,5,0.31956909510551057
17603678,13,0.49309039526336707
18237343,12,0.49964197482756273
31527844,2,0.25118699477607676
11803121,7,0.2704022933864203
28874556,4,0.754556518206818
24541083,10,0.44828768290004306
38946492,4,0.6157428943859715
39334586,3,0.3486217530136811
9700396,12,0.28224417155455367
14008494,13,0.2570116478904346
20461790,6,0.6450265502983996
16779411,10,0.6251533848279037
34312193,12,0.3611938453781645
19185762,1,0.4488127045070259
13892929,10,0.3625542363458505
21515771,7,0.45291920324621626
20172475,6,0.41598873253916335
497654,2,0.5318221927727999
5480716,2,0.45594502495264966
7470609,7,0.3441797863290834
18177354,11,0.6797340502158641
35990732,5,0.43909132378978766
31464555,12,0.3796989128770362
28566731,0,0.46738930080110064
34001149,9,0.5019823964436101
37193487,4,0.5707867139434892
38846874,6,0.7177202121932513
7395542,3,0.6813376608616892
34954461,1,0.5628786135699753
457207,3,0.44523833550175396
23324690,11,0.3491831439231167
33384406,13,0.32304940498961104
34953853,12,0.5852941033477922
17763862,7,0.5309579704138473
39492524,3,0.537883220068192
32022401,0,0.3832217629282915
28457805,2,0.39644890955505185
23546312,11,0.3430586558830524
22022820,0,0.9999999999755017
19968065,8,0.5486778567604812
24253977,1,0.6439704179107107
15801883,7,0.3496306568063349
26859291,11,0.454167644716073
28513604,9,0.41157125284923496
24923536,1,0.45573481578846736
30023913,9,0.41046863160437036
12980500,9,0.357000209189396
18947938,2,0.5057617150015336
32873021,3,0.31477182951192767
34381370,3,0.26841141298513294
793341,6,0.5637972362512161
33089459,3,0.501664632939817
11986196,2,0.41722476497213207
16990684,3,0.28557368843374037
35195719,5,0.38701135061945324
28870163,11,0.26160313981958677
18827170,9,0.9692548385305683
14157624,13,0.6480640148556404
30158811,4,0.5056272846749725
30177884,3,0.30401129047642916
34144034,12,0.7247728772173014
36466954,10,0.5808499779226362
14568528,3,0.5351659394820547
26242482,12,0.7682199434764295
23594465,5,0.30124896340126484
33149967,4,0.4306214089932731
1817780,11,0.33487004112826513
33231494,2,0.4673813023806504
32693114,2,0.5036682958921629
27461479,12,0.3693461979321914
35481540,4,0.152172758293607
13735422,12,0.413624054054601
37052727,8,0.3849003933079943
39715909,7,0.4427563277538322
14222543,0,0.49403809267722737
10351645,0,0.34905159036800865
34207321,10,0.4710299672815175
30421325,2,0.4254094996046597
32405620,7,0.6668746566603138
30415205,10,0.4140804909139167
21077503,6,0.4758834081299018
39639342,13,0.2893157346083278
33371349,10,0.4349611338149362
15114616,3,0.32694668181890313
39742893,0,0.3803935591144637
8947977,4,0.48159968381232326
8751438,9,0.3260877710412468
21199497,8,0.4220780079569631
37560786,0,0.4324716107189127
21463344,7,0.3102070976781251
20650074,11,0.41639157957202816
38595400,3,0.5452642449881019
28845428,0,0.3813552893002847
15614676,2,0.21467992379607856
12714760,13,0.26553850144265767
17846613,8,0.5380585978588212
17037300,11,0.19075563783916533
28967592,10,0.510452054923561
31016654,7,0.43200647516099366
27813466,10,0.6724225914448506
22339166,2,0.5489298799584442
27128290,13,0.27920132472851283
19409606,7,0.556842810064558
37658127,13,0.5779486919200075
33870862,8,0.744878362049501
7544424,6,0.76914171816901
15009332,10,0.3047612688684259
11998613,9,0.9999999999898297
11047105,12,0.3506921098503813
36508616,13,0.5192054006693545
16070535,9,0.41856715628342134
20956671,4,0.5709563858559761
25417911,1,0.5485531695261849
36358204,2,0.5001054633478833
13808428,1,0.5795090530598934
2497525,0,0.8349405723416221
10081942,9,0.4431351730803632
27698386,5,0.48548861891588013
28314173,2,0.45673046463689365
4504470,3,0.5039754352752416
13675440,10,0.5144753698524025
22394864,12,0.32917259001056304
31890061,3,0.6040064771509709
3294349,10,0.25645429244845047
14078588,10,0.5614826347672937
12134341,10,0.4196819657623359
18510790,7,0.5157500047556742
38730487,11,0.3663020333220539
33018028,2,0.46163483993945426
36472681,3,0.3780077330251476
15357800,3,0.37327299703699396
3582737,3,0.36642984896559044
4355762,10,0.29661393349245635
22119244,5,0.4391332082572072
19870735,0,0.43261381647527514
33914978,0,0.31756177735717717
17401944,7,0.4793659691801805
10836276,2,0.4436585737176102
12867263,0,0.3637395870234891
14825988,7,0.4033079012662304
3268198,9,0.4752448941065832
35526867,6,0.6463999637365184
13906343,6,0.626501166907241
27051188,9,0.39787216764434163
24363130,8,0.514245220633157
11792629,11,0.380344504455414
7056204,10,0.7801426740165073
1950781,0,0.4201863452911049
32648010,0,0.5232217204057646
33572130,7,0.49975205819436685
5957211,5,0.6123730366414629
30627923,7,0.3277489566628261
21034367,4,0.6168107406518855
20572303,7,0.506978993359455
11454264,5,0.5284914104747259
33293518,7,0.6084310510446096
18309140,9,0.43796596672454996
20845778,0,0.424018300227667
38579190,6,0.48550945661911515
37669256,11,0.22828169878406687
29852498,13,0.6441976223543241
14133098,1,0.38298863635693914
28676374,11,0.45990857476531577
32407613,13,0.6843846022184517
22640898,10,0.26516617676442517
38444110,6,0.5360117781714921
24769117,6,0.5190486251405219
16310803,10,0.2052854096997421
27927103,7,0.43546990601162106
38003626,4,0.5694090111549723
1596440,10,0.36822330391539915
37045347,1,0.6761912284273154
27369538,1,0.532388691634857
39737026,8,0.24735303852271032
19363736,3,0.27345593276685
38209719,4,0.39748578766104437
31678327,6,0.2655756048574721
33656724,12,0.4319040135789923
4528667,2,0.4001039396116207
19485768,7,0.47570368683478376
17099458,4,0.2647923400610826
26365369,12,0.5584775903216873
34646042,10,0.3148248195543187
38508564,7,0.34495936541323996
21017652,5,0.41624201721608345
34744863,7,0.3351728626814035
12453595,3,0.6662547111581821
18927786,5,0.6182665988978215
6022450,10,0.33652660771617204
19649788,11,0.29218848380475715
35736217,4,0.7462067866798318
28702673,10,0.663545326425644
23420669,13,0.46018411211382215
19713844,2,0.4747562546375927
31954507,7,0.24122012241049287
36680695,0,0.6051593056790446
25477528,9,0.5495387289547095
16875404,9,0.40988116500128996
20957949,2,0.4158309104414854
22392823,0,0.31730633818873916
36690433,2,0.8317778932047484
31625792,11,0.45580588691286394
9941766,10,0.6322588870593299
28452361,0,0.3023408628449077
6328530,2,0.8492729043054101
298782,3,0.4714727293365551
33724611,8,0.590163492557504
22290508,2,0.712240326008204
2105508,6,0.4184263218144895
27654433,1,0.36502474708508587
14324069,7,0.4693738431965632
9718054,2,0.7906199615705881
30647866,2,0.5887129562339041
35328941,8,0.4210366447336097
26046023,9,0.6052629768175573
39833902,1,0.3202028466395901
31095811,10,0.6071365620974076
30339847,0,0.6242644335209809
17200385,3,0.3894744314999365
34689852,0,0.3738981644564201
31229728,10,0.42421509409068153
28962403,12,0.30018792310045134
28369852,12,0.3360485958574686
31862169,3,0.2588660742707318
38336938,12,0.31330976460117504
34418881,3,0.3776209370835818
4424283,1,0.6511468455784787
32652485,9,0.5246442809108832
35329135,5,0.4612117411163487
25984025,7,0.4476792975114969
30987118,6,0.740169195398329
34990179,13,0.8297927035053483
29808355,4,0.6752711318821326
22277318,0,0.8248996641167338
19219017,3,0.5027959031348712
22576312,5,0.5882531039966896
38080070,4,0.7254974294634322
36939157,5,0.43585678948968837
4881312,11,0.44414310209634766
2846416,11,0.4148578967152599
33137686,9,0.46409155232558846
36222823,0,0.44075718885449017
39013431,5,0.822201808308264
32795354,2,0.28976536924198426
28664221,8,0.5288479895206463
26233925,1,0.3408241130496511
16989736,11,0.3102375331668561
31508846,12,0.4322616193488624
27305221,3,0.42007684495536673
37982004,3,0.23680634992970956
36724955,3,0.552718514199115
1590474,11,0.6949231108291359
17800897,2,0.22920935928059288
39580473,0,0.57088902634975
1290515,7,0.6473238715610146
31375022,10,0.3129176094904196
18974810,9,0.35663600710836374
31937190,6,0.4449627846275725
35631923,11,0.458557782463804
11437350,13,0.38503854251270303
37898559,2,0.4723833107779962
2121036,3,0.3255893505437284
23157481,12,0.3507386802052989
25928390,10,0.46310381889449687
2276768,2,0.5260025003188131
5567922,5,0.29038444131414315
14757054,10,0.4365221373416589
11819188,11,0.3571917828412867
19862948,4,0.44880332070269663
837256,0,0.3330290650868184
36763438,5,0.27625689653929186
33454243,2,0.3736103643448123
29357326,7,0.32721064777179404
19900279,11,0.6399287123640354
33321545,9,0.381878459169853
39498729,4,0.8435104780207907
29773480,4,0.6110943980254198
24871914,4,0.22846339445603137
12632323,6,0.3356340297745337
6645661,2,0.45899167700711013
36612832,5,0.6414098222344304
30465013,4,0.40697118656631537
31793746,9,0.33642042589780735
39538873,7,0.32782325938411155
33282823,11,0.2673435236489783
15880644,5,0.470596812660676
524714,7,0.4551684316748535
21912859,13,0.5525553633496534
28678351,13,0.31440537219002995
20676849,0,0.3961209786057842
22598561,7,0.32393976786027323
21150761,9,0.7824439696418583
15958917,5,0.6127550727420156
7217715,0,0.303504080276981
28892261,6,0.6023342285829443
27715515,10,0.5281056668924382
441397,3,0.31796900960508495
11752371,6,0.4039259495046355
38919877,11,0.36478942862161334
28884265,2,0.6922832206060451
6731345,3,0.4611836719723311
37563363,6,0.8256252924214865
8065913,8,0.596846924071492
31481689,13,0.6046430421406737
36169473,12,0.3904892978640963
3302020,7,0.4365805700821595
11473206,7,0.26454880509782713
38900235,1,0.7405750627792844
18391977,1,0.4233253974619387
33956029,4,0.34688292040311175
17313970,7,0.6035304589825531
19059360,9,0.4029083197438741
16898086,7,0.43138935076670365
23124248,10,0.6073049981127918
15190228,2,0.6348216637848101
4019639,12,0.8895982743652657
18288757,7,0.2767317656944534
38129624,2,0.5757661129232665
39312553,7,0.5173431568929765
25515288,11,0.4769912981210645
18440526,1,0.3565429335161241
33860317,2,0.37243895191582443
26866493,2,0.5008461167383542
24085711,8,0.4605461137243549
23395354,10,0.2520931183385055
14517343,11,0.5131592875208518
38975664,12,0.6119468980982483
11143827,3,0.42962874643255894
29964585,12,0.3729666215444536
35822251,0,0.2881037698101039
8158937,7,0.3760229425933081
17472124,6,0.8852203108265297
9667742,10,0.8924068456133745
21455021,12,0.22096330997447916
7859775,2,0.54744971830383
22336460,5,0.31771697711111246
13542276,7,0.2859091775969583
6802877,1,0.5596204010944577
9074230,9,0.4425443646551107
2081281,9,0.28159385763472644
2576715,10,0.7882260604053278
39548864,7,0.6932875022476508
19078325,4,0.712754091844967
36377396,3,0.48696986457285163
35949412,4,0.5123270093838077
37577127,0,0.38917306699971177
23404222,9,0.3551161802909021
25518023,7,0.5820816422069072
34830738,2,0.7938148751850683
39422242,5,0.3947943329998142
16469758,7,0.7032719609773482
21799191,6,0.5820546199346548
25691951,11,0.4783455838675215
23444858,4,0.7878383908905736
2002357,2,0.4797190934568483
13423216,1,0.37375016662699334
36393450,3,0.3070583860528138
28366550,10,0.3941062884233403
38542419,4,0.6934705204721355
36619631,4,0.7678349466015778
17665809,12,0.8581404273099792
2196693,8,0.3629867176994338
28669288,2,0.2193602235678173
38886251,5,0.4544061665556423
31988553,13,0.6425382201901597
22043498,1,0.4796157267056661
28263073,4,0.5741844888241091
24768802,1,0.6600956814296788
34291543,13,0.722229484708616
25430789,7,0.42361688895574834
28335638,13,0.5488382410998837
15177705,13,0.7063336506333306
7751132,7,0.4521394730384657
33139230,10,0.6474608612984621
16750493,7,0.4438300130137272
36342078,10,0.2926317491419366
38175765,0,0.6606414280515244
12739111,5,0.3645850606016248
34833138,5,0.5110051014703131
23955382,3,0.33868156947796824
37351357,13,0.3627628537862581
35615971,12,0.5200543800304016
30201431,5,0.3353840585949281
35698927,2,0.49577878216881804
40074004,7,0.544512184082524
34888742,3,0.3359331560828745
9931998,12,0.256267948066591
17377452,6,0.35350614916063106
39616931,4,0.43658955325836435
38043658,9,0.48987497229107557
1554362,6,0.36613160946322826
36271449,10,0.47142901370901447
26165180,13,0.6496677895801692
4901861,2,0.5545933603750856
24265971,1,0.25737325460652627
5568926,7,0.5172662299622679
37535037,13,0.49246202474594236
38225583,7,0.4811378780894187
18995063,9,0.39790551642656335
16984061,1,0.4304657195385249
23392820,4,0.7796555809873772
27584206,10,0.22346435827367675
39600006,11,0.4952594637523923
23747592,10,0.46491972834275425
2181708,10,0.377317973811225
30576628,13,0.8794999844141271
24106209,3,0.3373092996840686
36640174,9,0.21003390922898083
33740811,9,0.26612336405013104
10445666,6,0.872494760170339
39969219,4,0.5331245743072944
20156053,6,0.3863627608013843
31939916,0,0.9151547472832606
31541758,3,0.3642446422524157
4519736,11,0.4846747054786588
10392921,7,0.4381978838587034
39479732,4,0.6903187658186926
39811720,9,0.49312506717959764
38113711,10,0.19401481051287794
21141858,3,0.48772813047021485
37515847,13,0.5604815197009244
21233233,4,0.44779178503382394
27409727,2,0.4428286323447951
19783404,7,0.5273313673353924
36522120,5,0.7334703371129294
3862129,10,0.74148669011488
21805472,4,0.15699136684541917
20530921,7,0.7470266796265951
35821271,13,0.9525001889045402
22723022,3,0.3065624277579574
36188226,9,0.45331408379390165
7911098,7,0.4290785112176833
36525020,4,0.7177152205416971
23469008,9,0.2925595980745393
24039132,5,0.4546943684354784
29295654,3,0.7355298408192343
33726160,12,0.538447093402359
31830429,3,0.3183043277160104
32858537,6,0.3868381599687845
21996710,0,0.5169314613014642
25633995,5,0.3537935508568824
24930018,4,0.35155775454125693
22014220,3,0.374258397158514
33341320,2,0.7518486431501622
2482926,11,0.37761323912216593
2938519,2,0.22508826869482745
29330283,2,0.46748136400121565
31816058,5,0.46007733257783184
25598093,4,0.5598761862479934
21743057,11,0.2895122660225015
37400140,9,0.34478678444408084
33713201,0,0.5423587900002638
38912563,12,0.3457680385007448
21215421,6,0.4330406542745159
2398299,2,0.8528548162078287
28798781,7,0.5679988242507109
28719127,0,0.25343414659105207
1547856,11,0.34685327436802765
19104580,3,0.2971960462750906
32492518,8,0.760955318793148
10320096,1,0.3527551911868152
23696705,3,0.2880257178932541
3207177,6,0.5408679658951313
16617136,7,0.43626455305766587
20691359,7,0.26848273130637496
25575579,6,0.6869930834081697
35387280,13,0.3895098341296149
2525233,12,0.46519577138178686
32754496,1,0.49155723529133805
22024456,12,0.27158245303671474
30870072,4,0.5813993305817599
31855048,6,0.34294153917452913
16968226,13,0.5683030929702959
19613750,7,0.45880517023919704
31793540,3,0.7189997883312665
13287459,0,0.6490061429234808
9949974,12,0.3541453013859445
7720728,6,0.47332415192813665
14519082,5,0.495843258695853
14531396,10,0.4034095559983904
15477857,12,0.3400572018481344
1893867,9,0.4951773372461349
39600379,0,0.37949188393321726
12241499,7,0.76196893829613
6557959,7,0.8073430998205623
28706967,0,0.29543045361319487
5311669,12,0.4502733798129958
34483081,11,0.4560500842113207
26498337,9,0.43124785732599785
13961930,3,0.6840410549427004
28989191,4,0.45357736896269485
38782072,5,0.4433719300277
5684471,6,0.4108494877195469
23819310,0,0.2366008449020271
35344985,9,0.6899759534896546
23959889,5,0.2612968761790006
3553088,12,0.20103145387999583
26752933,0,0.6609472855409856
11041405,12,0.8528924200314572
37386499,1,0.35131705983731987
33672751,4,0.5367191392499037
18309258,0,0.5623680046688814
38484277,4,0.5248434444945832
29356076,5,0.35488973816778135
7215320,6,0.31572162595619774
39571245,2,0.760251897902266
6816989,7,0.29250867784787354
30503613,4,0.45626042978136844
18745743,7,0.41932367621560385
1908653,10,0.835883817718332
6698554,10,0.3008163075431467
26189847,10,0.9999999999892112
19684434,7,0.5020865475230244
30997347,5,0.529726217830417
24642156,4,0.9475708994650944
37313690,7,0.43667341493268347
27555590,13,0.8801540498739828
3052534,11,0.5653122385214758
7427984,6,0.6049624426905587
10324015,1,0.47537518662556383
19869123,0,0.4470874563427253
33604725,0,0.26108209172070845
39307190,0,0.38085402838833005
16662104,13,0.5302135055610987
19612209,5,0.38485524524746667
37576006,13,0.715360263026097
20848222,7,0.2667038562509087
25041319,9,0.36687964148074215
39647480,7,0.5422603123218923
7958031,11,0.24062180594120988
39023504,12,0.40071774273659205
25030037,8,0.3713545119881073
39151545,4,0.6174306013431322
31610677,10,0.7460662694085576
32618304,10,0.2711770643876341
37517873,2,0.36842105240090717
34583471,13,0.7761558368929999
30457162,10,0.21951886060154807
40088902,2,0.6309786348872232
35611874,4,0.8596899163627761
11005072,10,0.48918339459785265
38255066,4,0.5892277758544778
37522919,12,0.3936777493441957
20403968,6,0.6548014107829542
32511131,9,0.6759391166255452
501626,6,0.3856457753159151
35860839,10,0.5229205424905848
22784890,9,0.41946636751299293
20546321,2,0.6769183513663368
23181442,7,0.7346250637537434
2336423,12,0.4401477405523435
19465847,7,0.3438095740794221
25346036,8,0.31402121348648177
15539260,1,0.4248290536269131
35592406,11,0.41223538321968406
33976504,13,0.2893980683806504
31617562,10,0.22973953351342444
34817416,4,0.7941480628214894
31504591,2,0.5659909135306703
34623846,12,0.7428363685278326
26306975,7,0.43675840196530885
25623295,9,0.2504824551835143
10054880,5,0.5771461164515402
36448960,2,0.40305830470783477
22138648,4,0.25804375994216483
9111730,11,0.47550389865949483
19664587,3,0.2993205584850401
30282504,6,0.4131164423816086
31863076,7,0.8299913509682921
30992316,13,0.607527865069832
21822592,13,0.7203945924949974
27183036,3,0.3329761139085527
29529074,10,0.3644216749578912
31819393,10,0.41151421055410115
17915850,6,0.42225684955435483
34983043,10,0.33290186832933466
36294317,3,0.47574603090153733
31121547,0,0.2706454935505558
27080100,0,0.7925860836207547
15898817,1,0.4683954754875471
34967236,10,0.9652574412074134
15136392,0,0.2549330038704844
26974838,11,0.6374129979217138
34971201,12,0.5258012185540777
19382013,13,0.6187973261952765
33959124,13,0.5780777374551
4946596,1,0.41705908101139766
39095435,9,0.20239561322730923
35414834,3,0.8245707455652042
29917232,10,0.47352639923053474
27081877,2,0.30775214405174717
13781563,2,0.644250090984113
12311310,0,0.4664785811022885
13639444,1,0.41114173410418187
28073132,5,0.295403225749599
21396414,1,0.36977569427046153
12705527,5,0.3755692924095728
3848954,1,0.3742294380863174
24126240,1,0.348410696184681
14618100,1,0.2640118525948157
14147175,1,0.4232775648560671
9282149,8,0.4955758038680122
36500348,4,0.6356572027309738
40138085,9,0.34969496722912224
31867193,10,0.27128067571485515
29662590,2,0.8180901183863519
7856843,5,0.871944523047857
1550707,4,0.2991654380206407
27878137,0,0.4861055732506362
36064812,11,0.32780226999229156
37711337,2,0.401211506823373
21597469,2,0.5324525702281587
32919383,4,0.532690121657315
20187219,5,0.6105940679752356
30180445,5,0.3821326325772394
5414241,6,0.39816935344884524
38543898,13,0.8288684420923912
5579407,3,0.3245845662074057
17312276,10,0.4505832953610764
29377730,11,0.6715184079295776
17874297,6,0.6735807744176692
29361314,3,0.5354152804762146
23771759,6,0.5066740495671082
24235921,12,0.24045701420836443
14469329,1,0.6263012979965368
21449763,10,0.30335323707236356
24233385,3,0.4100073562520383
39083524,0,0.42262088414143784
19818927,8,0.24396780474628763
34393141,7,0.4110381655663828
38400028,7,0.7018106893347448
22234428,1,0.8146693190131352
39523665,1,0.3052383491807474
37667765,6,0.6613391901263905
3153427,11,0.2091474348505679
25172341,9,0.6129680347048125
11594100,11,0.5414636915389924
9643268,0,0.27594931331496064
20132108,9,0.45166904661017554
28457469,7,0.281970616418981
20979261,5,0.4564235436364422
34343132,1,0.43442181696404775
11104180,1,0.3352998717593999
11615878,11,0.2510482367969493
35923958,10,0.32737497294441664
8436373,1,0.6010187665585756
34145556,12,0.5014463661401263
6589225,10,0.3767786501482517
24399772,10,0.42775010395067253
33600230,10,0.5056266961001697
21642748,8,0.6837124062679942
39149117,9,0.4209819117957547
5472501,5,0.2505640024494846
24602117,2,0.6721806910292908
2664944,6,0.2920635289696892
32641051,2,0.3816367007433547
34358173,3,0.30520018225480455
38040071,0,0.36462501158419564
22329224,10,0.3161204857828508
13536118,3,0.39967059675304456
37443169,13,0.475835369012647
34030215,6,0.5018294198787298
29227351,6,0.3019665760248041
25826979,7,0.24876785034628573
18080746,12,0.2995893451318029
16890899,2,0.7379397605727505
27587250,4,0.5997325959813083
12381785,12,0.3340814835192346
32977809,7,0.5366420083786926
18500998,7,0.17963797508696502
8402800,10,0.41921796952938145
38672638,10,0.41607120704278383
8376270,11,0.5604392040095153
26059821,1,0.6597821398657198
33571348,1,0.8457712053054256
8492443,0,0.31532653870072846
35827853,11,0.34086625712831453
3458830,5,0.5691424152442319
19671082,3,0.3751257724387181
35330850,11,0.21885651008058432
30051051,12,0.28415874533239505
35484250,4,0.6270482762527422
37354574,12,0.39084005853921955
8168858,13,0.3621295276542185
13122656,2,0.555044621531456
823030,9,0.4844579610928485
23183105,7,0.3350221607258933
6773584,0,0.2875461501398965
25100531,7,0.5910830696793767
38489075,7,0.5948459784885103
26811694,5,0.38608812600701414
20043897,10,0.4333749323674205
9566060,4,0.35318844729998133
17605962,10,0.3076296637383803
3964378,11,0.34771633988856737
17687019,8,0.41664757163602734
24958806,1,0.3514277561882585
25796130,4,0.1980691649647582
34030196,1,0.5727700461843018
13855617,5,0.38889994313465975
32335800,10,0.3924269122058269
15745457,11,0.37590651215432114
18462785,7,0.3801873359782556
22775392,6,0.558533841638003
29632784,4,0.5077307857651406
20685797,6,0.7302218656728328
23913962,13,0.864977263221317
29428894,7,0.41373211744513455
33103802,13,0.37764840840179714
10208814,13,0.7537301967524899
24167933,6,0.5274129178609591
4965114,6,0.42424503683396375
25647546,4,0.425784036155534
872119,5,0.6023477472995401
1264472,3,0.42231185648818126
6880096,3,0.419336856004128
36577025,6,0.6053473821989137
37988388,3,0.42515235164653403
39476732,0,0.3493525837719561
23542526,1,0.5049225758188856
29049621,6,0.9244368785114454
33991527,11,0.3715943846085107
20363927,13,0.590182226463343
23767772,3,0.2937214274421601
29267597,11,0.3063064297319678
26974120,6,0.2328675528436075
27758491,1,0.6216298901679213
28145024,1,0.413932594483061
34745609,6,0.5926719590413128
27926220,3,0.2926253687550785
8380376,0,0.3126253462208062
28508208,11,0.3297589671766011
36432098,7,0.32784749300406185
13861532,1,0.47192299285589706
17199113,11,0.6168590102419645
20538305,6,0.7908542394389819
9742428,2,0.4959801893697404
22517080,1,0.24202438443557248
14637768,10,0.9954725243710938
14904012,0,0.38546741111191724
37404043,5,0.5162635452842032
7949986,5,0.4646287353307956
22893460,1,0.34808219999708023
14024855,10,0.7221469630608736
1383239,7,0.30848483705607505
14351779,4,0.9129598152509466
4868139,2,0.2751119951472329
12095898,13,0.7850765664079138
3375217,7,0.8602084581093675
38085624,4,0.6077365057301768
33823557,10,0.39312453416147036
14229187,10,0.34360531381898374
29928477,10,0.49027462810903366
39876280,10,0.32678112279467414
13330028,11,0.4568596035625992
24307454,7,0.2563187727170999
30513814,2,0.5282696012812546
26186577,10,0.32546631906473505
32326771,1,0.6530219973559149
6649096,9,0.9891430407406961
12204287,7,0.373582624727565
39504728,3,0.22992882934929196
38550392,3,0.5722159582962331
37085708,0,0.5348818745294825
18712318,10,0.6347272295240464
30616211,2,0.685803497262874
29364189,13,0.6249349069916609
30838232,10,0.5860614146253942
33605493,13,0.5726621476375328
7459248,6,0.5784518541884791
26434718,9,0.49553737357043964
7943971,10,0.46211873479737314
6479214,11,0.4642835543883873
14172700,12,0.32032826826197114
23431015,10,0.4444587724120679
30878697,6,0.4740925951300114
18259697,10,0.39649589719457556
1916663,1,0.6401737737054555
14648793,9,0.7468141834516121
32177669,10,0.2021180111223879
10889506,7,0.5285945477508789
21148655,0,0.2750274834319322
36044210,5,0.5563626851135414
1416646,1,0.5240469621258582
9574379,3,0.4552092130538265
14601570,5,0.20760508439959516
18590658,11,0.5866587512019984
5559147,7,0.46615934329430847
12964547,10,0.50242006265365
5218805,1,0.3803995209351166
6880691,3,0.5703521685582401
9949246,3,0.40055817560206675
24123659,13,0.9999999999914605
32768331,9,0.5002628618833946
33907369,5,0.3985784509182489
38910958,3,0.34425807585329476
31411357,5,0.6119938244211239
8539100,0,0.19951460843489685
38162539,4,0.3379843308228697
14422340,6,0.5100430698352024
17433453,0,0.2309367152153643
37060639,4,0.4308410229653544
472977,9,0.30783830418837455
24982793,7,0.5429193270505697
19313966,7,0.47385916377414583
28065523,8,0.8588673970342315
29834213,4,0.5159984630044511
18940735,11,0.5042476262515843
20352794,9,0.2590051441278266
12068121,11,0.8145391112689169
8796655,12,0.356204347888892
8826965,13,0.2447082174024772
34205310,6,0.6388264680798298
20926076,1,0.34031533931309327
40138350,12,0.5215012823181187
36630135,7,0.31824906987056484
13055727,0,0.5673871878267988
11554145,3,0.425292337452712
16552738,2,0.6503550256012584
26210417,9,0.6392629326022771
29275353,10,0.2516413458168923
18720207,13,0.2673249504078738
30371987,3,0.3633725256558372
6391388,10,0.5550762145531141
38380336,10,0.5845129965925006
25798730,9,0.6673332660165912
29871243,11,0.5965027217312624
24789269,0,0.4393359173796529
11527290,3,0.4705467897485129
14080041,11,0.3969400963748321
34057783,6,0.5331889022452133
23398445,3,0.40457677706567785
39778235,12,0.4365813328133064
23250726,9,0.2770442745101172
30529055,8,0.5237574170241399
244750,10,0.5633893309664781
23108356,6,0.3150543744201091
21943393,7,0.4554823477173873
28044332,6,0.7231090770658407
35330872,13,0.48813393511717185
17489178,9,0.20484518531720503
30918905,1,0.4423811622541688
37387726,13,0.17583933285931488
29447188,13,0.34739400549518096
31631052,7,0.26249392402959254
20361235,2,0.7056127875414874
10656831,3,0.22704258042707137
21938272,6,0.979462486843796
17737703,1,0.27194470160973616
35819129,6,0.43641692512743707
7488649,6,0.7100120708224456
31617827,5,0.4564019553900354
23133573,9,0.531306920413758
38791527,11,0.39235542309207333
17958667,0,0.5231175561044954
35441534,0,0.33753826274974696
18945450,4,0.17932034144066938
8991433,2,0.6766893258841171
18704215,0,0.4502100373728205
23062926,3,0.4615449661063177
19670153,6,0.47164212020061935
35281360,3,0.4086118466124337
36285966,11,0.3657393222432537
20039200,7,0.3218593725283551
6019473,13,0.999999999991397
14398791,3,0.2568021061261093
32238896,10,0.31243431553501727
15316428,5,0.785162160463224
23841011,7,0.9631603302563279
6839116,10,0.41308900001347465
9098441,10,0.6108747814557646
20642284,10,0.4949178203065474
5517314,2,0.5148700483145902
33859025,7,0.5156276772615692
39535756,7,0.4172231414631177
9303301,6,0.6327967833573419
23126498,7,0.7008872839033757
37297367,4,0.6278830131169322
28310657,5,0.28999017370603386
38255340,0,0.9423713358583705
11469228,3,0.46016588819708004
6587516,3,0.5860229450605727
31317642,9,0.6528294299759855
19290674,9,0.2485451879333661
23274357,8,0.8688730624171267
40072838,0,0.8733031820611031
32995170,1,0.46278885423260047
6451229,2,0.3872980695173256
37810281,2,0.33609072511889077
22234443,2,0.46159582754324324
2656900,13,0.380630063992995
6879991,2,0.45442282836763925
39071093,2,0.5094670534271082
5094697,10,0.5037615661472006
34306443,11,0.3477192938206196
2900084,1,0.7337333779933571
9793631,3,0.3619348282349475
4574296,7,0.9837696915723648
14504887,6,0.6435432326401154
15166186,13,0.7225629957240906
36456766,7,0.6369802627945984
888550,2,0.6969349234492078
32185442,11,0.48740372163812434
12557794,9,0.7297610312303338
17451473,3,0.3052956297881842
9294530,0,0.9006163537986182
15794038,11,0.2795229566616455
10924339,3,0.47977045231628473
7117443,9,0.4590143389700135
38150311,5,0.2966851133073517
20932840,5,0.5725898307330602
35098258,4,0.4274284597777846
36526319,4,0.2317583617966643
8387546,3,0.3768146843032734
29757126,12,0.4565991994794445
35921527,10,0.73710574447667
18518038,10,0.38214339964637317
31198020,13,0.46847436536454434
39402445,2,0.7893243923565686
19354708,6,0.4977394654203281
19763848,8,0.4572869911853151
34886973,7,0.8771334175640788
20925224,0,0.4298145016375013
25365633,7,0.7158983067877277
2744687,7,0.7123639803537104
30203964,1,0.42864484397887026
19527463,3,0.43246820690330956
5570981,0,0.30850313007920416
1466732,2,0.5378319476135516
4644025,1,0.5548570832703431
24248970,6,0.34330841249122096
21849878,6,0.6462273278582005
19490542,3,0.49707088525451915
35374660,4,0.4993847749774414
30916782,7,0.24457738699130138
33989262,10,0.3156113298813527
24991795,3,0.3421397356556522
24695878,10,0.5250498100146295
38007131,3,0.48406632989145415
30236122,7,0.34720537878343516
1654922,10,0.4917481216201172
23154105,11,0.2748132036414646
7278588,10,0.31729352459716437
12003010,6,0.37993589963453306
7365531,13,0.3657275073733383
27953895,7,0.583167529326949
35509525,6,0.5193605760351253
21003069,11,0.3317206610900164
33382672,3,0.4113820593047425
33651043,7,0.4351436225017042
2878493,0,0.36577183199151925
31225489,7,0.3733418070720839
26977618,5,0.36215636994237754
16183401,0,0.2773952196751891
26945199,0,0.4657624782376902
26851328,7,0.4628635268332286
35641281,11,0.5834055819836619
18112036,0,0.25562815565031927
25302172,0,0.27160244959907454
24028749,11,0.4787681094671032
29741887,3,0.621370539926975
24196876,1,0.28846080513499794
35774902,4,0.6461804780195454
12990199,7,0.7903734656925577
4047735,10,0.36359525342445753
34174416,11,0.7717438355008486
4216489,9,0.6322542121342862
29019628,1,0.36296656272357036
21029492,0,0.30199661055003546
35685496,3,0.5044369574424977
19195903,0,0.6032518052300091
37593961,13,0.46700520177802163
35380166,10,0.27740196713983734
19717108,10,0.8683203461356108
20976550,7,0.6768786682522631
25999821,4,0.3377841012933009
31864684,10,0.42091197996105967
3071462,10,0.592483015446807
8456389,6,0.6125703952883589
31175451,12,0.25158541332254447
10725642,11,0.3163505677606183
1457757,11,0.6302248140231935
39116123,10,0.39794558321101525
30794080,3,0.42806144935623847
26827391,13,0.47962250104227877
13409559,9,0.5502470720333963
25058767,0,0.5047801584148166
31328580,12,0.5269426362825254
39241346,4,0.4855482275568669
32836815,10,0.3869670289353344
17427966,7,0.3128663094314642
35074387,13,0.6595644177614547
9843741,1,0.42114156185570134
35842022,13,0.5028057220462412
30952474,1,0.23138279772243486
7197199,3,0.4794928398331478
34767215,1,0.4115636367887763
35911736,13,0.332003793119485
13715876,7,0.21213731238124045
38024104,7,0.5978342498774657
1183643,11,0.20058896804721088
12566151,7,0.8023213463775857
36353016,7,0.7065335764150005
30720760,6,0.9177545196032936
19086314,0,0.3793096638085576
10922319,10,0.46218146678701444
17046073,12,0.35306194584063794
39708136,6,0.45303375840113647
14528379,11,0.3148548628070536
30429321,6,0.5882167924208678
1166503,6,0.33459108233024504
12658870,10,0.6073269741152555
8734673,2,0.6540320706636622
19554900,4,0.41299376555726036
31306519,4,0.6719322397744267
29606432,7,0.26120995773076283
28843083,6,0.4663044983383395
21497126,11,0.535059261502468
30525160,9,0.5062903757603328
19477264,8,0.6383553888390844
1517418,0,0.5063030568755176
36042508,8,0.3005391343598089
3379032,6,0.5763245649081021
3169099,13,0.6119401910942515
27201271,10,0.45017688111732085
38725032,4,0.6184880662219909
8348255,0,0.7445703535539532
10819192,9,0.37293259267531575
19069701,10,0.5298179762260111
22921751,0,0.2818318939079959
31538288,2,0.3972729267352505
25354904,6,0.4585811091695392
8071523,2,0.29256594646849654
33313401,11,0.5201455454061173
26051185,2,0.37668438846428937
20856893,2,0.5370054785447367
37427069,0,0.41889043738093734
18969358,6,0.4832611527031182
17692948,4,0.4718631318149244
17323218,1,0.3736860550744445
4987383,13,0.3871920626462071
6621870,10,0.33963382480932985
4638693,2,0.48609510070877504
33840492,3,0.32338717521641325
37747886,12,0.2898987821776111
31381789,7,0.5184233777781804
26549455,11,0.44481971767616607
24788711,3,0.4461860933166682
33474341,2,0.5394353356896148
2962571,0,0.4126817038159224
26381888,5,0.5220026031445993
1316068,8,0.6615257134632897
29104107,10,0.4855102707093408
29478997,13,0.5474761993495183
27648476,7,0.653591665321488
20858991,7,0.3891816253527123
11854142,11,0.3826597922168799
15440115,6,0.3500535114592189
30620681,10,0.5983251672115625
21277064,6,0.29348932783648474
37475963,4,0.40761115408993864
39875609,10,0.363599121889243
31826814,5,0.46330779802868954
5120071,2,0.43661466852086905
39874309,5,0.43916584552695925
33883242,6,0.4780471268366778
6199666,10,0.2199675764308487
11385050,9,0.7534018398901249
12444942,5,0.398389245022747
34701693,5,0.4593099224800486
13355778,10,0.27100159546787306
22363566,1,0.33420115307441034
27095692,5,0.3316968601732079
27086004,10,0.3333659781960766
31034691,9,0.4923439195334766
33775269,10,0.8722846240100812
36356685,2,0.5288456004101199
20091484,9,0.5969551964417549
24590405,0,0.3045595806360893
8754145,6,0.4789218076408949
22527108,5,0.6343835707314586
38943800,3,0.22367196672416095
2433616,9,0.5377789617956756
14595302,7,0.3145894468675283
30700150,5,0.35411752677566605
34009116,11,0.5574583699983204
18889658,12,0.45527787706303025
32918762,8,0.28772910192554324
35889238,10,0.5736302916552731
8370966,1,0.7336422395406704
29525047,9,0.16760141553963423
39770863,8,0.8396496384577058
31301863,2,0.3895411877239294
27659490,7,0.2467825322362991
28479968,11,0.4088274930526292
31045908,12,0.271685132731473
32448939,13,0.5294145175686424
29621532,10,0.37973060999882047
19902998,8,0.2300643616614032
26916827,9,0.9408919885759837
37007465,6,0.576757814492806
34168775,0,0.4440131210925066
38833362,4,0.47141935568338955
4918425,1,0.40901099776914507
35155897,0,0.621557629932516
31955603,9,0.3117573759073883
28356518,7,0.43632589088762813
18825178,9,0.8766510585829123
4652893,3,0.292751931962647
37082554,0,0.2657663046181742
39542635,0,0.36278850196705015
4239896,11,0.2934588485820839
28804450,0,0.9640489276914859
17743083,3,0.3883640442100333
19600545,6,0.3468515045022005
19485969,3,0.32090173976065095
30559865,6,0.7520114234508664
3012783,13,0.8552690394902477
16201655,4,0.37365355483204926
20308588,0,0.3823514569939402
19381932,3,0.2888945520840161
16350653,5,0.31216453721803133
28360182,0,0.6009974630856187
14265539,5,0.47924743170369966
28753396,5,0.28628292479852646
34449473,2,0.304698700710999
33396256,2,0.31317328532469696
26103113,8,0.5803664609231983
12080957,12,0.866941215079478
34816098,13,0.5743165142246885
28511175,9,0.6375833685871057
28619452,7,0.8326319058624864
16824581,0,0.5576439503279469
22025260,5,0.45851964442859694
6117868,3,0.5447809142418681
11350249,2,0.6664841935006889
36717603,5,0.5023944494741764
16839630,12,0.8581946784267206
33205437,11,0.3815481432595403
36171867,10,0.46991211095382496
32792008,9,0.6393023749560378
26522997,0,0.5860755100108828
27939697,5,0.5127601519819455
5424942,3,0.3566510315912534
21621463,6,0.658976175491681
38048098,2,0.4435142505640556
27371972,11,0.47095291705702286
19622408,0,0.7245006969970034
16771391,2,0.4599441603250164
23678466,11,0.35230337316132027
22678143,9,0.4844378056172728
34168415,0,0.40801422437724044
37624186,13,0.34931868739356203
20014302,2,0.5177649673559266
35349920,10,0.3710956190976956
39248753,13,0.4900730109622106
34966059,12,0.266580083508814
21614181,5,0.5039709650257037
30679192,8,0.4871078872507209
36783700,10,0.5300794608001743
38526289,13,0.9630146658715336
30037941,4,0.8156065671264167
30464454,4,0.5429340021301797
34132368,1,0.3660704237831294
18090731,2,0.5501845157776458
38989667,13,0.9999999999928599
34597093,8,0.648274886444912
26037977,3,0.3681692748998593
33443748,0,0.39883239797414055
38662656,4,0.21741143226354906
29120431,3,0.5870630604279722
30252693,2,0.5293407430905661
4467193,0,0.19404488348124949
27334949,0,0.1799005503728782
33306510,13,0.23005095303442777
21697867,3,0.4646436818000723
1739566,7,0.29335716786162386
30642950,11,0.5262890444286124
26111370,2,0.4652824892283296
16122128,2,0.7124879351523296
2083504,12,0.6214023730681718
36932491,3,0.3525819922770116
15535897,1,0.1804241700219713
18452707,13,0.28193013732739564
11078916,10,0.6012764841397363
35032417,13,0.6454676505522264
34572330,10,0.5831586618385456
31873553,3,0.46864210292379693
5073903,2,0.3736292025813841
38644013,7,0.41297008045217126
30120924,10,0.5388649578452733
296270,6,0.6730620430838316
7983099,3,0.7199363360666443
6783826,6,0.8751814226055437
2780904,9,0.8659149572220722
34489301,1,0.2536867955876881
9322284,5,0.4553591300447561
32539611,7,0.46243287320538257
22927288,7,0.27357165988000504
22895618,0,0.3782646231641874
21875967,6,0.28422235661607675
9216829,9,0.5218548631124035
11602579,0,0.5343191539859474
36731874,0,0.45757491597020844
30366142,13,0.4868108379987281
27477940,0,0.2402805663044331
9047349,3,0.23109034916854823
28642871,9,0.29500291267789414
14351854,10,0.255908795519355
40064853,7,0.30829288125951976
29751403,4,0.42371091189792975
25761701,5,0.2808325401109897
9739407,0,0.5136168265981341
37686060,5,0.5684858248384617
15957071,6,0.5504478471171786
30280206,2,0.36292294108440587
38208137,3,0.5935811696017232
10885984,13,0.6025901372771357
24651723,7,0.623857836542031
31883073,6,0.6911594921306233
26442790,4,0.49919390122806345
21443690,10,0.3040566203761842
39939627,8,0.6813289970570129
27770300,12,0.4028228795919685
17529541,3,0.3704445023235453
8809881,0,0.41080243224964125
25968752,2,0.5946548033695046
30176184,3,0.37303783374579624
18895110,10,0.3377723704478869
4499129,2,0.2582227544390564
16301356,6,0.7099567420491286
36007937,10,0.41033819514239944
21781782,11,0.3641333736401086
33525073,0,0.5514448061589472
25171995,0,0.4885718759513964
33124464,2,0.4941534622062626
38043717,1,0.22650429127301128
15749591,9,0.9664113996903404
31444374,9,0.36481927333209124
13832562,13,0.4700357746203407
38069160,6,0.38436993169282196
32616182,5,0.7402901209504574
10747873,1,0.6797763851416326
15240357,1,0.5977056812735285
3680262,8,0.6289653078783214
16903368,7,0.535266461738694
16312822,13,0.5242149737041896
37557052,6,0.7723091638516024
9818688,6,0.698135189164349
28429745,12,0.4162189714928397
33832370,0,0.2908885073693046
4641877,13,0.2669476913659129
7477864,9,0.40768019751514445
7985696,9,0.2666677299385271
30643987,6,0.5466980267108051
36062041,0,0.24875692327985635
24846671,7,0.29144805583824335
20228227,7,0.34331583971537843
30573618,0,0.560943725401509
18383970,7,0.7422419182569511
15878012,8,0.41861314035285
35769095,3,0.2315116042649058
36428505,6,0.23463873086086204
5050110,10,0.4866109346259972
6838130,3,0.3781190328542264
28838129,4,0.4880487339027201
24041885,1,0.5610180540816195
30645276,4,0.4919240334699343
30941350,13,0.6813603634739847
21526351,7,0.5228405113672687
21551154,1,0.1991245783093566
15037690,3,0.3422747494029429
33537917,5,0.6148630769037841
21440816,10,0.3135468430390297
36287701,1,0.3422369031748895
15417415,11,0.3877622605743463
19485728,11,0.4679874723504262
39453015,7,0.6287454332959008
33381807,7,0.5137776664952143
4341746,0,0.29928022641170515
39936200,3,0.33759120225596145
23751870,10,0.9757431203812825
35215754,5,0.5007024068421976
32106500,7,0.313787438814896
17393343,10,0.30333918117496467
2083353,7,0.758502961620528
35839043,7,0.2559708380647062
26375381,1,0.31274391661686846
23163508,4,0.5826532619780858
34366763,3,0.3614324333888084
18908204,4,0.3910351210665286
15055029,10,0.41876199360572713
31152301,5,0.2548896528462844
33879279,12,0.4112577480819924
30628442,7,0.5300181696132443
36572960,4,0.4966736372028487
33302984,11,0.3419656250554222
19514353,13,0.3850214480921134
8069859,2,0.3464499626603
5395853,10,0.4989644961074798
23634356,1,0.3322291001858325
28507637,2,0.5593852635752701
19060144,12,0.2720876537052104
26388226,0,0.4686514647558362
17583247,2,0.3440377695791992
39792591,11,0.5703811088644598
20063844,2,0.4229439978571788
26618333,5,0.3600944488156247
30752198,6,0.60298798012462
13416294,3,0.40126162162922197
34417154,4,0.4283225796257171
26752020,10,0.7405224814450359
2753022,5,0.2822456522509144
29359564,7,0.6040448916545834
17473938,3,0.3453782024532901
8409306,12,0.21501234529557803
1325518,8,0.2804420688368159
17768515,11,0.19551915343578358
30224991,10,0.4846770779575578
35993647,10,0.4965445074151612
24088825,2,0.4704898246685118
21223898,7,0.2679946779197955
33683184,0,0.4114802383446247
20316299,1,0.3663963535188309
15154658,13,0.24950104828347816
33136727,5,0.40440835127658226
29290277,7,0.24823803528465302
10709144,6,0.4382828790788953
31303026,1,0.8086914415919608
25332555,11,0.3519996085351437
24285325,1,0.4846083482705037
29372643,9,0.40701001276838944
30614996,3,0.5472292136283108
15484443,12,0.38688665535339317
29378090,10,0.8211284439838407
6716934,3,0.38075078138409324
18281767,5,0.25751575282117184
31836211,1,0.6452394527451243
29487282,7,0.4399677064140548
14400993,6,0.40044842382119433
20910616,10,0.6365770407765539
18047232,1,0.5017291126044934
34178840,1,0.4647835034144069
13649316,7,0.9697840427395008
33068690,5,0.39739249099904367
24646139,12,0.42727361717839435
30070358,1,0.5550696970185688
14855014,4,0.19572134578671768
40060461,9,0.2747254121219251
34839146,0,0.3663540755641527
3852190,12,0.2371848563634533
27439431,7,0.48867170115932096
39131559,5,0.5167977006965453
15623738,3,0.3208961350305028
17625431,2,0.5488166119868395
5312487,3,0.4795277566509638
11360744,13,0.8550286213910905
7380629,9,0.44615312749649105
38786936,9,0.5668202061690603
18749121,12,0.3692339128575848
35388647,5,0.36722340730652747
7138076,6,0.5158804354355987
3194018,11,0.43804507117477604
21714285,12,0.33015455213765876
37859823,12,0.24847558520378416
38040946,1,0.5451600034809605
21474964,8,0.3674678057183633
32578083,7,0.3287028048409676
31165588,11,0.5855842166240115
32909787,4,0.479077189595553
24932245,11,0.3511269687129045
37608830,10,0.5523412382393934
39358958,13,0.29507590656995636
26146512,12,0.9412654470606325
22362736,9,0.5116707267883217
9071438,2,0.5684272523573484
36530293,4,0.6553554092872269
22165610,3,0.5434410823816229
1585439,12,0.35506109598294483
19336385,1,0.4762489978019269
14194997,12,0.5345228611852899
5094351,3,0.431708538598977
39785543,1,0.36924957074895093
30450646,10,0.19571734142184793
36233330,1,0.9381052260118945
30419488,13,0.19082168837495017
17147446,12,0.4184938150895964
22854904,2,0.424229151649085
30852243,7,0.3445596967618078
27180336,0,0.17328858483037532
1397799,12,0.46327595528073634
21212287,3,0.37548630747346257
31032509,5,0.49949300657637563
27029725,9,0.5327311733522717
26823026,3,0.3610707808727267
25598942,1,0.7833151354869017
37808567,9,0.7723154344056055
39804652,6,0.4695713586178291
2450593,2,0.2563705710689831
22730956,9,0.5141902209728966
29615870,13,0.38864940897851047
23180879,7,0.35159896000251334
27638005,7,0.4316900269531591
26047801,0,0.9697534713495108
636485,9,0.6811190379418978
21573941,13,0.5300492819641246
9882447,6,0.5632346585199034
31134191,0,0.3273160656222016
18476715,7,0.34511064903764027
37316356,6,0.948169138104015
10251391,11,0.39061884631319216
39296927,7,0.7154854723156346
22885022,5,0.6084866510250045
27380644,9,0.5084145743605558
2522255,10,0.579390995587271
19827792,13,0.8374597644960071
18354534,10,0.9531989908908062
16034940,7,0.44944527767697895
36412006,8,0.6939073040624376
35978211,3,0.25547820395855303
36365026,6,0.7036714809337717
27456890,3,0.4960832952413033
39128380,6,0.34030972057318726
2799491,8,0.6314135532660973
11159289,7,0.5123553548415551
33534879,5,0.7496952404927701
31424202,4,0.4575009544039615
39784326,7,0.6810731007733554
2358896,3,0.2573166588979805
13956055,7,0.5855302297711709
4065061,6,0.3183128386953121
21571693,10,0.7750201812817121
19611387,2,0.5905258074514209
30854465,0,0.20225164858577685
39318232,8,0.568909333028806
23395065,2,0.5655956684155337
15401526,0,0.8031362597678322
17455302,13,0.3139682980671216
33856436,5,0.441556221228127
14371331,8,0.6325050953359208
32792263,4,0.7828252918909098
27184015,10,0.5833919749619396
30605890,3,0.40382216576788765
36114619,4,0.3220021291074891
24417149,3,0.3998814734610903
3441358,7,0.5370011428174771
22501006,0,0.8155013417515613
39529655,6,0.4950108601814866
6087388,0,0.3672859156107998
33099588,13,0.509582627105332
27368950,2,0.5328276085613776
37058388,3,0.548081328605069
29105310,10,0.37886333418513846
15889335,0,0.48613063968027137
24290219,2,0.6596756784694768
2951123,2,0.4185088372848181
31947756,9,0.39460588869098684
3183617,11,0.6030954286907402
39832861,10,0.6082920681112862
39127388,1,0.5008500757908279
37454785,12,0.5692004831833786
23790415,4,0.8705563766743778
8707457,13,0.402095839314805
39975898,13,0.4239371329460144
36526789,6,0.5258884345407278
19138609,12,0.5098856481922005
35276340,5,0.5509276591134666
31841151,5,0.3455944300932942
21339448,13,0.4145536132991207
3964926,0,0.3697692463781174
36462828,4,0.7725758632447587
12234998,10,0.5562487534911914
33321207,0,0.7809676693247134
34532993,12,0.5832764999080687
29357442,13,0.8703071762533434
29934246,13,0.6421633185116801
37205243,11,0.6744643306268145
12719205,9,0.6888239826628269
39335766,12,0.484593691450178
15304308,5,0.4723151112768216
17844405,9,0.5954392779030128
37512271,4,0.7032389204803804
2808832,0,0.40603334135574526
40118041,0,0.3613748344635097
18622798,0,0.3279139988602776
36826156,0,0.5414576267267861
37397867,7,0.38155408616251124
30953104,5,0.36554240283903155
25080418,12,0.4221270129749368
27577590,10,0.47631085864491407
28006960,7,0.6765938052199154
31325707,4,0.3974031149529865
17824607,5,0.597865505593344
35964324,4,0.22852785498144082
34062266,2,0.4549300223210312
10943589,0,0.2639788798620282
8646293,1,0.7006423881569296
33103014,9,0.8235591962003461
39047695,8,0.3012474636787159
25798843,7,0.4033924044412237
29450567,3,0.4206623727881563
20394667,10,0.4492890510657553
34849328,2,0.31371804205426035
37531032,9,0.6588360345185584
25483349,5,0.329104681612229
11802436,1,0.7397014892798082
33977673,4,0.557145630696719
39666392,13,0.8758759603899666
5297937,0,0.2551266599858675
28522106,5,0.5799054243483536
31943169,13,0.4888352621671168
22426374,0,0.5980631253339472
18570619,10,0.41801496067332494
24842305,3,0.5239632781381816
15340781,8,0.5776371535892485
25282661,11,0.3843374901614974
39906837,1,0.6824322865930432
27063289,0,0.7169933459075718
8783307,3,0.4779515519773278
24142119,3,0.37273327000311657
38517765,3,0.20259627665760255
28701256,9,0.38590948415529086
34411061,7,0.3286654574629101
16344974,2,0.46165923648173873
27695892,0,0.2614384878735197
27895503,4,0.5440498171421517
10590840,6,0.5845282908542323
13752070,11,0.30736491435946245
39514004,0,0.39358071176896064
31623005,0,0.9072473639071454
32922239,2,0.4573592292329146
12680006,8,0.65946660071628
16892486,3,0.23811006707700258
38659842,0,0.8213982508851879
31003968,6,0.2799023031476311
21607025,10,0.23131322221586853
37235310,3,0.5804410122751738
3918700,10,0.8369553039284223
9433573,1,0.4589463932980835
39378363,8,0.4522269280659309
38626017,2,0.42804882464308025
38021656,12,0.679135194665593
32731140,5,0.599921087979532
1265665,9,0.7659636590030771
36002457,7,0.5490489238029688
32386268,4,0.9086409564738165
33777703,6,0.2524307155217015
20394613,6,0.7579341747554561
5000752,12,0.5385949846750732
28514801,9,0.414819416147461
25360700,9,0.5592044548774036
4621938,9,0.46307164669159584
29214770,4,0.4669002735452762
35380641,3,0.729482834016424
25005616,10,0.4426546570800683
2017261,0,0.31215413368940037
6402753,3,0.6026068315001869
39209863,0,0.27824857744699844
29333020,10,0.41033972664619667
6080477,3,0.5038879564518012
32030387,8,0.32579826129741685
25962692,2,0.4308869882272487
5543920,6,0.4116255506826069
34567764,12,0.2993405930990447
36292959,4,0.5601275308133762
18172257,0,0.35164973650476133
20503373,7,0.2758269283691046
8762339,13,0.8707764119533392
13781519,12,0.38470613753949595
24920350,12,0.5874723593567398
30832536,10,0.5455574664073335
2143291,11,0.6133120528911027
18935877,11,0.4995546939255356
21020644,10,0.26928625866523215
37195921,8,0.3564569593672003
5268850,3,0.34550756654226694
38005555,2,0.41067441186834514
7551268,12,0.19788988876165095
21001041,4,0.4577245615009245
20278109,13,0.4096051635352209
36461324,13,0.2543661625281294
40049371,6,0.5910716985884018
12335358,7,0.5615035068103457
17792712,7,0.41140871524941147
35647421,2,0.5759570074422626
38234003,4,0.9181936017575172
38068669,7,0.22773551377932627
32723061,3,0.5971753334011172
7096138,3,0.6450272750181834
30554687,9,0.24682970217829003
35532844,4,0.5801700552105111
39289050,0,0.3263815575326199
21976024,9,0.5158020445791145
27434855,9,0.42654630450855907
30488061,12,0.45809128366597157
10650016,10,0.5306301501333197
35811031,3,0.43605353417973897
12186994,4,0.3987338763375219
2651874,11,0.8914850830486045
28788166,1,0.3991537364639516
28013170,9,0.7877734492514943
12301800,10,0.7686487778750871
27767672,0,0.6618675855284841
16446443,13,0.5779448045378833
26326474,12,0.3715389299400914
2462725,13,0.3202737481806388
32428836,0,0.5530416765712324
37784414,9,0.33159132388315915
19434302,0,0.6350189452971339
38318340,9,0.6247323261970613
35323072,6,0.6270447379736527
4371744,9,0.2981447662387563
4685253,5,0.17832614094778665
25589135,3,0.42339177984608317
24863787,7,0.923480855742981
11241523,0,0.4136579480987625
25896629,5,0.5333164804106673
27531563,9,0.5374913701161014
32799541,13,0.529929822575655
37195717,11,0.6519387635318331
26904007,2,0.5363874419406254
34481448,7,0.3717240675906645
38394751,0,0.49781384126099226
12163967,11,0.26083791114701804
19646042,0,0.4820011679182061
32896387,4,0.34970407182180463
28254733,6,0.3632295876426477
39231282,13,0.38338494816750046
27744210,9,0.2889497867869346
15166212,1,0.4019697178702878
22158871,11,0.39077950190317484
22598816,0,0.42032198581543556
19718146,11,0.39076247745780407
28405010,3,0.5836746408793984
1682567,1,0.6764599945150912
19491295,7,0.6268946364844403
27911306,6,0.4075084019785192
16467844,10,0.5182126029323626
8960676,1,0.5409923373683758
37287299,9,0.47128406771013776
14985133,7,0.5726653656706334
8177402,5,0.35629462992188055
34955318,7,0.21309384406595028
95642,7,0.38690071421069616
33366221,7,0.2920018341631004
22000086,9,0.6686467749586549
34188248,13,0.7900265604493372
29994589,3,0.34026499362670637
35156353,3,0.4111959148638441
21490504,1,0.6471105457459252
35830675,5,0.6561782871356822
39433191,12,0.38511254427047326
27607366,3,0.3135978880681578
5878830,7,0.37552190947171665
28289978,6,0.5069024813089704
25675640,3,0.2973080972711764
35853661,12,0.7717156056213804
13636458,6,0.7649905067728862
3428014,8,0.6996190604894589
28014735,8,0.36676926412110894
31400769,8,0.6829040955015141
16248104,0,0.5516418765928102
25064353,13,0.28726773829650026
37400078,7,0.43414347666819497
32585153,2,0.31387744917580845
33463635,4,0.6371569776270737
21486261,5,0.4861570412949901
10279778,13,0.8307520340472496
33465118,6,0.3347789387563411
31373019,11,0.5661032724919495
37389174,11,0.3469235825497217
37266065,10,0.33426808040754985
35782251,13,0.5240285489348808
31117393,5,0.6710824840989272
18700661,6,0.7780014476991416
20845835,4,0.26198676293333006
37132810,5,0.2263772433770292
38687134,11,0.609536560126312
18024962,3,0.2129639735318243
11559062,9,0.5975788529624126
35172692,3,0.572103660093858
12598988,9,0.7740920819654348
20810705,1,0.403808416717932
25828492,11,0.41450132354977826
11412132,0,0.5664409962840898
27489463,11,0.5834160930140926
22348229,13,0.887923828845468
9480419,1,0.31506524550422377
22550304,0,0.15474128965832162
38153772,2,0.806315765183098
38793579,6,0.52312377500919
5787471,0,0.24581622096114425
18572601,1,0.4754867872064628
23633605,7,0.62879977439233
32032426,4,0.48864051789515117
23424515,5,0.6402866075913747
34262734,9,0.6974311157598837
38068880,7,0.581400263647853
36598728,3,0.4483191544133272
24792499,12,0.294424920052767
15395610,7,0.5167006301741645
34094468,12,0.41327245500327037
18998568,10,0.47653687433331443
1332853,11,0.39017488549001994
38174216,2,0.43423390036904486
16124630,11,0.5094690410403557
28075472,2,0.6935026039847986
34124388,8,0.9493320178275177
7173872,11,0.25587088072306113
39087245,1,0.5411642283669137
8015867,1,0.6917003355366543
26476218,1,0.8051082761633006
12188648,0,0.3373838979393713
7361078,7,0.5381036562149838
18467244,7,0.3039313966859472
3034014,1,0.5699321210377915
2467013,7,0.4449821146555392
7727087,1,0.41107441080508456
13092807,8,0.5601216324650536
38019688,4,0.4021534022663175
38256369,4,0.701713780249773
19524383,0,0.36302269132241055
9886150,9,0.45100988546469223
19625101,3,0.5495875734231153
28778340,9,0.8558307569571395
16474522,4,0.23919617512307728
564460,10,0.5488712414827666
28661207,6,0.3606822266372598
38410777,6,0.594052799555028
35606088,1,0.5399455199950101
18238610,9,0.3178460373116969
38188359,3,0.7943564625386433
31487034,9,0.4620200880834161
35259305,5,0.48940968092089165
36339679,4,0.5662441669492992
2036392,7,0.43739725289695813
13658806,9,0.46103599575260795
36944089,11,0.2480725667675264
36421919,9,0.5318184807076111
22561458,12,0.5552003203825071
20382946,5,0.4226644572832106
34682174,1,0.27440570765991307
34262083,7,0.25916549696332464
37206015,2,0.5155917765242128
21535376,11,0.7471815348811219
30069564,10,0.4064005697023285
28532913,0,0.4240703864729536
31117431,6,0.2325125952771423
15059007,1,0.33072684327095564
21346725,0,0.4319523765627407
33745936,4,0.5462281619550392
35922844,6,0.31851359366164045
23460652,7,0.6583768203312406
21767552,5,0.45053940253889563
37400738,3,0.44834796667336807
32417242,0,0.36072782555136246
19365513,4,0.6931440076256241
22674922,12,0.2846906861828104
2956904,2,0.42498442517784984
31223529,10,0.3267529026434682
38066515,10,0.6797554452604168
18298044,10,0.30313477909543973
20503183,5,0.4902826062902661
4002015,3,0.41672047746388424
37351418,1,0.2889883693870529
22371375,1,0.5678158078698162
36854067,1,0.5869108701678369
6713430,9,0.40954515312413203
20730950,9,0.5692677066680928
21865900,10,0.30106798466977946
35184151,8,0.45683321727342896
1800508,5,0.38344380508797693
19351045,9,0.30260362969717586
15819362,9,0.34826384171531366
37845617,4,0.539315800252313
38256609,7,0.5885398834871594
33543259,7,0.5975177677498188
5886987,7,0.34260953171254527
36530007,0,0.7213540996232602
31291611,2,0.6016989422146725
3830530,12,0.7113639579386881
10860685,0,0.16154565355369704
32217017,3,0.4406651303239629
24079645,2,0.5445706572099146
3134245,12,0.19962315593183033
25989806,13,0.5100114364413965
35978815,13,0.5976408663335471
39905256,6,0.5119527635339003
32539645,11,0.4330055877729492
14104713,9,0.6894174112740667
15101740,10,0.28009293868594176
30903522,13,0.3477148307181574
15841910,5,0.6250930226956817
28855928,13,0.24278946668666931
39709197,1,0.5698186043544684
15855168,11,0.3854424080191831
2610421,6,0.329146999427191
22232932,5,0.5638436158121177
37051574,2,0.4512950654179075
26123416,2,0.426715125336497
32171448,12,0.7999826681980283
31266687,0,0.33696060373919356
25494668,13,0.6667648514495457
30482517,9,0.34446225781723544
20555610,10,0.22469860198885036
3173320,10,0.35490404535716336
22309315,1,0.9259399947043755
19502503,3,0.5207775651215193
13333348,7,0.5430412005295375
29640517,3,0.515320667297327
20715978,9,0.4157838775908953
25832568,5,0.5738165178435809
39627787,8,0.49918194260738663
39875057,2,0.3684816106144229
30743314,5,0.6329189840851128
37253657,5,0.4693331975247438
22199099,1,0.743406888210186
10113270,1,0.523705549052633
6791159,8,0.44179986453686854
3892218,7,0.560990609230267
28064747,1,0.581377961537093
30272591,0,0.5684101375439843
17452065,12,0.2839874737266401
36087488,11,0.5036665833084659
29462260,7,0.3604171755746248
1030070,0,0.42165259096669183
33698318,6,0.5412552072724323
14059969,9,0.3098244084105874
27517940,0,0.541424794890454
10312204,13,0.3974431923648884
33445750,6,0.753560417978336
36289418,10,0.5056126799174895
9685423,12,0.6457606056524721
9810116,10,0.5236373186123692
21992176,10,0.33315216560570565
16698811,8,0.5350903793722255
24843768,9,0.5169469205794455
30790193,8,0.9289220742813872
9519036,0,0.3181368641776154
37730843,4,0.7949373980099605
27080942,10,0.4920103832280912
25762760,11,0.459392737847966
34231018,2,0.6588821030101579
26688775,2,0.519709690888768
38925115,5,0.6918634033991733
35000251,13,0.6484638171038097
9135447,3,0.44414564103363857
37745600,10,0.40725515965279535
4792847,6,0.20781018273978916
30154647,11,0.4907818694727656
11282134,2,0.8004019357460062
20932810,10,0.32566767450350415
26896722,10,0.5281665378478413
30024243,3,0.6532417279886515
26005126,3,0.31168679960655754
35374333,13,0.7323932417749487
25101489,13,0.6562114206147366
33945863,0,0.6571438512307204
30636199,2,0.6558162430484833
30724071,9,0.8076330759964483
26101633,0,0.48729323333018487
15053160,7,0.5730533880808566
29579912,5,0.4432806525072006
11859234,3,0.47441772642954616
11336056,1,0.4246963366877125
29800675,6,0.4197482831994405
25232022,10,0.5455360442333346
10524871,2,0.35961317685607397
37265278,12,0.47225744120254065
29100380,4,0.478095581579897
22332571,3,0.3302060494192253
18695533,13,0.4297987395793827
23867136,2,0.5997940575465246
39238847,2,0.2271224507124532
36285654,12,0.3001008312998536
36941954,12,0.520601261906187
28444511,4,0.7040916004160093
33904713,3,0.3766123532386112
22348756,13,0.5714825014006999
32470568,1,0.35824498232148205
36335968,8,0.8111112423378183
4817200,6,0.4675709145884206
40126979,4,0.44733079181626184
7688182,13,0.705760193494512
9549084,9,0.2551594276188655
22846719,13,0.2705585101662633
10825734,6,0.4680253760477982
12316575,2,0.5980144588719222
10554699,6,0.48424235413100675
21301684,6,0.4547713930039127
30633143,7,0.7547381754722027
26923752,7,0.46774105449995945
17135275,0,0.2728449229167704
6687660,11,0.3883071295891614
20749730,1,0.3357119698389266
40136945,11,0.3163517919439023
3772495,10,0.6931028115581299
38876721,10,0.8321707003451666
36627868,1,0.6305868110529388
23358240,9,0.34493859852314984
2204252,10,0.38411461791819407
6199657,8,0.4382646312604507
18429547,1,0.3144948473000666
28269123,0,0.413602667820273
36315309,7,0.45664221700451385
38557760,2,0.25061688507353624
40024294,4,0.6246530587664167
24611217,0,0.24723402951101495
4422389,11,0.45118371174015215
24877905,10,0.4560736075281029
26402614,2,0.5157981495129378
35069283,11,0.5456097185734666
9172263,0,0.6014163057328241
14557597,3,0.3109142690631901
34517331,6,0.3777715578321313
6722162,12,0.7898717235042793
39471954,13,0.6013295834243328
32531150,13,0.6657501075110036
23513209,3,0.6531877099141669
33470771,3,0.35912840703117654
19914293,2,0.4682389536373019
35637516,2,0.3258356777531195
32638677,2,0.6193521992973422
35747769,10,0.4433425849443092
33832184,3,0.6488769467508637
28049092,12,0.7181217779371035
22438579,3,0.22251606787642245
2712514,6,0.5719359199721559
28422819,7,0.23329876109945097
18751945,0,0.7222812447066089
35634193,2,0.4185585745156894
22166414,3,0.33040312807376704
35388467,3,0.3450441479213516
14554178,12,0.8736989726136286
11561258,6,0.5895653091498712
22947689,2,0.5897670292364735
29595508,4,0.6177915809198478
27882920,1,0.5249529554309019
32076636,4,0.31772136753945057
38999713,12,0.2981019684059402
24266273,6,0.47286231534893297
18155972,8,0.7076727285674245
14562112,7,0.3580967562073349
38884644,13,0.6375765294202993
21322568,3,0.4436331727204875
29042949,0,0.2629448713973871
28857520,7,0.3222738074088574
17232246,13,0.7507336404156374
34865765,8,0.4897594202920585
862173,3,0.36974156252906054
35423750,3,0.2905139836933156
32273587,9,0.34139214621166736
20395691,1,0.4521274933821898
28311358,5,0.8177051168336638
15603755,10,0.4510055337914942
36074091,2,0.373647521820489
3839426,0,0.3063324717994694
39409170,5,0.602522129818662
23122362,5,0.4608376437446519
3936957,9,0.6536008408752735
17241211,7,0.3320865370480345
17936384,6,0.35305057145442276
11106483,5,0.2747506061216181
21028819,4,0.7988182835521875
10758668,3,0.21075513550783836
21404885,6,0.6767958263649293
33728792,5,0.37594974919375473
15798209,4,0.6724227439978878
25289887,6,0.9164637615644721
15419912,7,0.2175500191186204
37426055,6,0.9747343559888142
3292752,5,0.49311628872639046
32335210,3,0.4019588685378259
16072548,12,0.4779259035682659
35575055,7,0.44238713381711586
18409760,11,0.588435604885302
18196811,4,0.19952694767903442
25095920,6,0.5302985961078416
32938494,7,0.46309345034569926
32724828,7,0.2554732235918699
3345530,3,0.5485776993612722
5470985,12,0.25606598090957894
14947165,9,0.3819151718515741
13752988,5,0.3565067248477118
29452228,9,0.5376288028792154
36678063,0,0.3250273374069313
7963316,11,0.3382403078973239
10894532,5,0.5547261347871973
32751193,7,0.40287949036852755
23834390,11,0.46625816970562917
30669337,3,0.46242171255588016
11842490,10,0.6978897604698027
38363640,12,0.3793886392641886
29908066,0,0.4760662497643727
29172029,6,0.8018138932073969
39885520,8,0.3747563340806964
34930745,1,0.5211412272367192
16779648,3,0.5546958584388008
36130820,9,0.5739915259333274
23172293,9,0.3251409068541141
38892192,12,0.31040696027601394
37598507,2,0.5331951147346569
26061814,0,0.23047203591783164
9084455,10,0.4148004944184251
12366607,8,0.658197864053065
14804908,9,0.7977555454510672
37946458,10,0.19387415940416927
38400732,3,0.23868310649083138
1916009,10,0.4846920465963027
7990235,1,0.385041563279808
33334606,10,0.640825483225158
21127880,12,0.4066616204677597
38600173,10,0.5282282564503723
8945370,3,0.3770615645936895
26216773,9,0.30107971762156494
36607540,10,0.38773195462203364
28692542,1,0.23778415824959812
21338635,2,0.4594413496216295
33767122,0,0.6189609290660415
17156911,13,0.373189422344225
32929725,8,0.4126362731268021
2920793,3,0.40316011126268636
7046842,5,0.4819016525255039
33017452,4,0.5819820174793707
35125752,5,0.5020942707626247
19643993,7,0.2541645062492808
13246694,5,0.5384456444348236
35546994,0,0.484672150517525
31364140,0,0.3510540439446123
38387733,10,0.31029961033990233
16086821,8,0.3902219365863096
8472282,10,0.42802792813827784
28801216,10,0.4161782890048472
13057742,10,0.33035424786509915
12884638,2,0.6984395634453375
11550435,7,0.48308175975430273
30155345,0,0.20823032412584946
31774230,7,0.5294772905311254
12783422,8,0.29139329042525197
37228319,11,0.3061044295906963
34531416,4,0.4644075897411398
37217773,7,0.5187894931385446
28847824,3,0.49280825463900696
9343180,10,0.48146238854882367
20936693,5,0.8541713398573001
29368331,1,0.6545519503206344
10394659,8,0.6564148822589793
36713290,6,0.5415980894775624
26019085,0,0.24078693890767128
33742583,7,0.34436899824116857
37667046,10,0.5881878043143671
39982981,11,0.33882036536371235
32471390,5,0.5231498816885254
7919544,12,0.580445622230819
34116081,12,0.7315954591080658
26842899,2,0.5218978171966245
33843812,13,0.5861115091975058
39357863,3,0.6493414039248965
35630305,13,0.7479668462175006
36972714,8,0.5494983532582866
24897906,1,0.3601972571729395
39186169,13,0.5862342440543155
35950231,2,0.4383119795868693
32725922,9,0.3802894086708526
9685068,3,0.3213237011395306
30726029,9,0.7219999949859555
38643131,7,0.5248988190741845
22338927,7,0.6536158865325259
11483509,9,0.3762571205403686
38943625,3,0.49051161067349675
24337416,2,0.5142330758034415
8030721,3,0.4970490062680746
12764463,2,0.2689151707742749
18512981,7,0.640246671515007
32509815,2,0.5827122074674297
39701507,2,0.40860574208231804
27568663,5,0.33725904054086736
16613751,3,0.602912558581394
33765191,11,0.34135555424383923
27194933,3,0.5308404170700054
36095910,6,0.336128153539426
30255112,3,0.34234338570073924
37538116,1,0.42096651512185684
39391007,1,0.5548601941142465
30248469,6,0.3742398857013617
14941097,4,0.9417890431361601
7592592,12,0.9504899555514477
11267446,13,0.43127577476057866
35090103,10,0.5107239087534671
10640759,8,0.7032810166126534
27311199,2,0.6019123918936355
27025389,10,0.30663953481144457
22499057,5,0.39824662287628815
20843135,5,0.41513361899831325
27055218,3,0.3251434444958022
9433283,9,0.49954238066680845
34479794,5,0.6733090676374178
21448794,5,0.6510794653652314
14816700,7,0.31252259109748365
5251066,13,0.35081792197360573
27027247,12,0.36495693671550283
34793998,3,0.20450343804637333
5559349,9,0.9908782784239415
32296887,12,0.5308678857541591
10184048,1,0.5068322225028904
39865329,10,0.5205299579902158
16039940,7,0.23871084691124234
32104462,10,0.5643526823793866
37866575,3,0.5260547196722822
32266039,6,0.4579092570822375
36894986,12,0.5420187722580487
17680544,10,0.33132218563805016
17429159,7,0.5563092799403596
9738518,3,0.2442679267544537
7527413,10,0.40527503756022576
34687313,9,0.29170099544201744
22150395,11,0.6921567143857283
27872058,0,0.8993634574163362
9381612,10,0.4181591716566993
16733109,4,0.40281303884660086
39372340,13,0.3920230441192751
34976515,3,0.670952527820992
39073067,9,0.4913032627016252
18755466,6,0.8770444350150879
12402982,9,0.8705925754356337
27019740,9,0.31428826197429277
29062616,9,0.3568545042849518
34401121,0,0.29113030334789886
31606420,5,0.45382812581559034
3625897,5,0.2072884076430124
36535673,8,0.5884430085610973
20726367,10,0.6215919271538758
28004974,5,0.3271355922149933
14789930,0,0.45347536041375464
35215095,10,0.3817515848434959
27129880,10,0.6452724614879782
652291,12,0.6541515770606214
21472772,7,0.3464821498171594
1609775,2,0.562125303230551
15980548,1,0.33265587954083364
18066269,12,0.5220524221222504
12250475,4,0.6545664044983993
38025003,9,0.48757484194835554
9781944,5,0.3152755760205347
38647250,3,0.3474891647586504
39478853,4,0.4237013639671442
28810066,10,0.482050098405542
3525952,9,0.3720529393871355
22894897,2,0.42289826087744076
16010992,6,0.32581489056611573
19694920,2,0.301926760439785
23999524,8,0.9217074287393101
28192838,9,0.38698876506792745
31893638,3,0.5927045927155998
23142719,0,0.3674058796628982
22234190,1,0.377653375246256
16515314,12,0.6125955873009006
32521007,2,0.643913042816565
36573019,9,0.5125831813978079
18753091,10,0.2782011369243043
19413332,5,0.36548313095858015
26658130,10,0.7851799884953528
21954603,13,0.5678233678889186
36662181,7,0.6238303270575446
23684323,11,0.43886107744887237
34261244,12,0.5373779393792545
18108462,5,0.37110474052263415
27925447,4,0.7341536736777292
35070840,0,0.25978476380466925
38754163,9,0.2447427234716874
24638507,1,0.37299964551629683
30116105,10,0.27845407131777816
7698217,7,0.3987134483240743
10964721,7,0.4790024608156948
18612741,7,0.5133608005935838
36344853,13,0.6016563665471769
30677413,10,0.8028136682792213
9950939,1,0.46893583239264836
34622353,7,0.4198075441731164
36255642,0,0.7193314958146984
29489892,4,0.5778295643778358
36701711,3,0.41666020419784383
34822373,5,0.4519140369357898
5162130,1,0.6135678985219698
37284158,1,0.5886828561481241
990016,7,0.6283103304349352
2770810,2,0.7340210196846683
39962277,0,0.34152239790640604
34659109,0,0.7656825555817516
16203874,9,0.6201654933983705
22633139,3,0.2098053615478106
19436365,4,0.8204205461448885
18164415,9,0.49222986738975577
5744977,10,0.2825051061343164
35048921,0,0.20938500954470343
18967518,1,0.4115173074084022
6931880,9,0.6285507100738923
28816496,12,0.3716544421694078
16534246,7,0.38696165852360537
12698843,10,0.3505729570821323
12876172,10,0.27823918251291485
35990541,10,0.2176502259001039
29248280,4,0.4190369133182173
23925766,12,0.6766036438721408
16455636,11,0.5250059901967186
4965342,1,0.2811193135879109
11853725,5,0.4734991154770369
33203620,7,0.2158044033714134
18807743,0,0.19684223946539076
17427565,13,0.47616481544416045
30965974,2,0.38157652931359776
22447572,13,0.24958051347253313
24354311,10,0.5323823959267134
35686058,0,0.7988331232584931
18172653,13,0.5294087932048103
27581683,8,0.59819621796644
16800375,2,0.6197215944886919
11162798,9,0.18471879928539375
33399106,8,0.48518167423253195
12357043,2,0.3228243536097412
3848829,7,0.42905988795872024
20561778,10,0.42613926500915555
30068995,9,0.2869253630972548
27128688,8,0.24363213233793288
4907924,2,0.5576410243785088
37307421,13,0.19131045307753475
912526,7,0.3173445843977509
9520873,11,0.9976653355651912
31017823,4,0.5299525979034831
27769722,5,0.6391049233495114
39604672,8,0.43597357305455176
36634602,5,0.6389204633909098
38615761,7,0.4944419641309552
27542447,10,0.4289891339327685
38284177,12,0.40458691583487577
15796734,7,0.7560386022442771
25792989,8,0.3961947023860305
34107339,10,0.5133831020228242
29837876,8,0.5642905784015464
34571623,13,0.6371593803313437
27731380,1,0.3859748622689004
7629403,10,0.22326895692291657
11911164,10,0.3252504956212815
35015828,10,0.43845176560194143
40136283,5,0.31646793901430986
27378883,3,0.5243693076595936
12151306,12,0.36904604048518685
39275552,8,0.8484477840496911
24486995,0,0.34107458173655936
26436961,7,0.37140245654088644
32996230,3,0.44338431867055766
35101297,7,0.33426020394766137
26788807,12,0.6749648463117254
36959262,13,0.30141394729589194
32191030,7,0.26569300408765184
6860294,10,0.7666739980733264
4239346,9,0.9534228291107603
7940441,7,0.33881308212102873
19339341,7,0.3353154301090493
11043282,10,0.1998986676964872
25195426,5,0.20599341426673393
19935408,9,0.4114182421013099
31118164,0,0.5340216730539593
10158684,0,0.29600180714251145
32724914,12,0.26519551620165616
34348307,2,0.6249553655082842
11563100,13,0.8163503454631578
36520561,0,0.8889652697985857
39559384,10,0.3458327003141331
39277477,0,0.37131170139405006
35485362,3,0.33316883680361264
3098337,9,0.3830141457243103
36779023,4,0.6984542709002304
36076679,2,0.3727848779454779
7114866,3,0.24145225202080317
33635081,13,0.6505263765202258
11892084,1,0.40783207929416143
13050225,13,0.5148381415779961
2362729,2,0.44760421157597224
1145334,2,0.805897316632482
36399357,5,0.417331357611735
39129223,3,0.5975373585711089
36649295,7,0.30925820348899274
31073119,6,0.4476715152546438
25293954,9,0.48784119585646507
31555116,10,0.23708514477180914
3271478,9,0.5250937272728932
27951419,9,0.41375750538376743
24417401,2,0.2838309796649402
12571073,0,0.4599007372071606
32957525,1,0.48230986786560737
29881965,0,0.5751520070940014
6864106,3,0.3342276069731376
37890972,10,0.24147837271346514
19151516,8,0.7573936763718468
26061610,6,0.6355526793424323
27815008,7,0.24696920258481528
19613716,3,0.4223283159217355
33017847,11,0.5541109262706058
33323661,13,0.4528725590352005
26961052,2,0.4683536094141214
15041834,1,0.5480979997564833
38724411,2,0.4441427582097999
39674681,5,0.4004598686265134
13334044,13,0.20387113211532237
34931486,0,0.7233814700075587
17507325,2,0.7268398727882391
15411252,5,0.3342241910758703
1635827,7,0.5209149046175187
4035195,2,0.658265124948861
1903209,8,0.43058792034246257
35434092,4,0.7119290302564296
29033245,8,0.6612840504742805
36696404,9,0.49085312783356877
13480031,12,0.7200823125066212
26783719,8,0.3633493292751002
85577,11,0.4900788790264086
35418410,13,0.2924158827595629
37683026,10,0.5113507799841425
15153900,5,0.2647598004383716
16093247,7,0.7596725089764823
38458115,9,0.4476892043615956
14900546,2,0.45920770124387117
3823659,6,0.49063015073265726
27477970,12,0.7413378125269169
33050788,5,0.35885719836888835
36338693,12,0.3286479424290045
10368281,5,0.4692038171510563
15965309,9,0.25463239741337373
36129386,9,0.6280926739112491
12738781,1,0.4545152866986906
3653717,6,0.49048090446513604
35658529,9,0.7581242780465908
925716,3,0.4671032737963912
27317564,7,0.2769927752188485
37331282,9,0.8043123037754205
20085929,13,0.4756156522147732
9059921,10,0.6060162138118746
31187407,5,0.3586075018465636
19604389,7,0.2925464696293835
34418406,7,0.36440200508898096
13412913,12,0.4221189517497094
28858204,10,0.4547457828054253
37665330,4,0.6953762110102286
28310627,7,0.35972608367826187
28136626,9,0.920091081076429
20171216,8,0.6361446527794246
35524207,10,0.5014371244515365
37602106,8,0.5096983790448005
32010322,0,0.40368674371813806
32688335,12,0.49544513116118377
36556547,3,0.25884831726336155
39374599,13,0.5471810327871178
2250385,7,0.4923123067899452
38701400,4,0.6459696125660038
10861427,8,0.5338216352696136
26044977,3,0.23040335523748925
31112523,13,0.35660977583840514
27952759,5,0.505686413483564
26800052,2,0.48348770687706655
12592916,0,0.3550227413945214
24566119,1,0.4228576776346154
40121765,6,0.28744509965567655
29576822,11,0.27960453464753254
39297480,11,0.6127786731867231
17131962,11,0.6243843024823343
4300979,7,0.4564734926143931
11847992,3,0.6478394175295132
39390927,2,0.2774254874444876
27713282,7,0.4200072202137476
16993486,10,0.33154600043881777
31446465,2,0.5686277765791812
27498316,4,0.7881122549362964
33656696,5,0.46476017489287313
14675732,7,0.25695516610975727
35557828,13,0.5688895176112708
21973008,0,0.4866887518754635
37626614,12,0.7877331568880864
34193862,4,0.30773560517461956
37245782,1,0.33676872053302787
39257455,10,0.49356263836034775
28171130,13,0.842056975951171
24358715,2,0.36812170156267787
31270635,4,0.5299192945900351
7624840,7,0.5660785668367573
18130165,1,0.7807446855097583
18473217,6,0.49377309376371886
9245900,12,0.395808613090337
29034301,13,0.5879815360990781
32827419,3,0.4377249233862021
26064115,2,0.4755779480821719
5450067,8,0.5873314809251317
38381803,2,0.506235953721764
38520210,6,0.5279142364889523
15722118,5,0.5245918056127036
30879964,7,0.9505606845562414
5891045,2,0.4086222415474688
20246702,3,0.3809212661408411
6518154,9,0.8051170094903198
39488216,6,0.2924119338511148
5356263,6,0.2581475550601761
35973820,12,0.25264266640827054
37265411,5,0.6832203429904491
5661485,6,0.2548599398701011
32789692,2,0.27149196731557823
3418339,2,0.6396833535441813
25691403,2,0.7761228621531404
19555472,9,0.5417996403475795
35453596,8,0.776565061939647
14273049,7,0.3225841567777287
37383332,7,0.5814910050492778
39695857,5,0.32992385685411146
36406737,9,0.2624099606269164
338103,11,0.28670262784422296
19394227,7,0.438913955420302
34137007,5,0.539796269152057
2035599,11,0.2574305520239572
21609961,0,0.32033668943171456
14448310,9,0.4972965495593394
24316900,13,0.29982278186964806
39328197,10,0.523392968890815
38956950,3,0.5835202859196784
23284531,3,0.28093047932948917
16879928,8,0.3699179828894792
22025675,13,0.33317071667162057
8932410,7,0.2430189605252696
12139624,10,0.15785192199587636
31861017,0,0.29805417322225186
21255525,10,0.40898251399699104
4472458,9,0.4714699001721792
32621089,3,0.5001560185162155
34257472,7,0.5383774838784481
32752250,7,0.8466228222215213
37311699,4,0.3597145678556937
21856559,4,0.21990209306558134
32138140,7,0.3573873964162004
23930695,11,0.43491329470476553
38533642,2,0.2774424581099773
19991033,7,0.2776768950826159
37211765,13,0.39377720931939714
26429322,4,0.43173582492126344
38462666,5,0.34701843127067067
9969406,0,0.37142556675877186
34904465,4,0.6098591300182549
30657223,9,0.7222399882294441
10827393,0,0.42611713896519976
38808248,6,0.24378773183641245
16382493,0,0.3696658832156691
11570942,8,0.5091205266426526
21575749,12,0.45246945944900824
27894738,12,0.7013030461873617
25749252,3,0.378254494521372
16793501,10,0.3586903841725723
31714453,1,0.40466609876833093
28990440,0,0.4150531860368745
8609147,10,0.3845750109774072
20316100,11,0.38248440318814136
37659782,12,0.34592214613447103
8709453,2,0.282672913227732
39569128,5,0.38782861947058395
33003536,1,0.8368092633421156
32894184,3,0.5553964293630247
26775558,3,0.7031765595226409
34010974,0,0.7622338906281244
18427775,6,0.27362045214599934
11433810,2,0.7150217676726908
21407985,10,0.8923687397704791
33106871,3,0.4551984820489903
16567249,12,0.6789837433399336
6359734,3,0.38394895526262923
17736731,5,0.4437861212792374
33791555,7,0.6931335231309286
30223073,5,0.26418527839391015
21445515,11,0.4987324274948004
22726498,8,0.7516250906354219
17476989,2,0.43549885275500566
25407258,7,0.3297629657073546
10549634,13,0.2572344251901878
2911867,13,0.2682348905262324
4770164,11,0.31497012752234743
3254560,6,0.43015153977126475
14940338,7,0.897106179409435
19421835,10,0.6934065996279416
38410843,7,0.3042662298747549
28073916,12,0.21894931699898465
10368371,13,0.9160682615873436
15387354,2,0.5941582401490214
31106363,7,0.40710681945531796
16351286,10,0.4539218574933669
30290028,9,0.4249320677784254
10797189,0,0.5009495336240024
17959644,10,0.44010554015045394
20229817,7,0.31390649949042093
32279887,5,0.4477820421688349
18561519,10,0.6087151344349621
2991557,3,0.30407011656474187
38656786,13,0.6805772503904288
23353887,2,0.3956199301003197
38160518,9,0.8017431447928349
36871756,0,0.5515529028401528
39156809,7,0.5060589257046239
33137165,2,0.4622773192299162
33478942,5,0.4043428403658686
20669085,6,0.6464446412887688
11424808,12,0.2922739031631924
39482504,6,0.5003050564329782
18112393,1,0.4348587276271765
25862513,0,0.36709214174317945
5128807,10,0.4241705390655215
29118729,6,0.6555820911898993
19666462,2,0.6472195206579358
19621625,0,0.6720599573533578
39920252,13,0.9554336003122942
17737914,0,0.31049618203642665
3408494,10,0.28970537626260146
34431833,11,0.21602971902597104
38715570,9,0.27332707015766117
39441880,11,0.417932069739753
9154023,3,0.5609617823705797
37417765,7,0.3998329359944154
11476886,6,0.6275056358332551
38191114,5,0.49203455682676517
27516059,11,0.7350640316841304
6591890,2,0.636094700551211
37632766,4,0.7284958562529407
24154465,5,0.41642265499471526
37516570,5,0.6045400552593817
29039434,13,0.6244793679976985
30605090,4,0.49186419725909497
19377427,9,0.2654750288200113
18620199,4,0.6170213172787546
21916146,1,0.44857944864952004
36401400,6,0.6986834924510733
15461511,1,0.5795602177174367
39033106,10,0.48513216280516236
36362027,2,0.6183927059540589
35296244,3,0.462172575881509
20400671,3,0.4069040799453419
33576537,6,0.661822311054314
1022649,0,0.3324778062080183
7109149,3,0.38529737897197
39949841,13,0.7340446432156871
12593366,0,0.5829262193530452
37376798,2,0.6666894254059196
36279649,3,0.4921047546621395
18006023,7,0.4213397811738285
12550843,13,0.8024136229717174
8474394,7,0.2620619960588102
10411359,3,0.23042478698838612
38921364,3,0.47572985097427584
31660951,6,0.924655225681707
5331275,8,0.5743758269117314
36442023,13,0.7067746656166771
24790655,10,0.5814216277982568
36390290,7,0.46772849708556946
35319652,7,0.39458286827031097
37006187,4,0.4291391436939115
23914730,0,0.4021923806788266
27782511,3,0.41140467233220795
18793888,10,0.42232974660625094
31973169,4,0.7180817822825686
17760769,2,0.38444254372728115
24379456,7,0.27261766654573094
15075792,0,0.4324454605240176
33883840,3,0.2784257642288254
1547944,7,0.43582541469104985
16107658,6,0.37280736434471873
30452395,3,0.2716048936433802
24012327,1,0.4490098289189447
20448664,0,0.3914883785783739
15911674,5,0.6781858908490366
17694732,12,0.3765733165156273
13158452,8,0.6046290900144682
34973763,7,0.18283519405933532
34296436,0,0.28055837437719416
7039200,10,0.49166701897707166
17183122,3,0.3529557022736437
4244855,6,0.4296517635322021
17837078,0,0.44417377651462353
27938954,3,0.35295077675248643
10086412,7,0.6274293745744287
38469632,11,0.2887602169362472
39594002,10,0.47633048487069546
30363174,6,0.5542501920293417
14043719,11,0.28339748128364645
34189397,5,0.7769198902737435
30968256,5,0.2802877541657483
23367218,1,0.3300401540194681
7651220,9,0.5724167745629641
28904793,5,0.6055531656350327
33188104,5,0.34687875683514446
138045,1,0.3982812242683455
32038881,9,0.496281903350036
31421322,2,0.8568171488603687
30559068,5,0.4078074261161782
8655938,6,0.33483996934779664
36626833,13,0.3930671131863991
33629440,3,0.28867966521153104
26920092,2,0.26451909111438
35796802,6,0.5250662194597422
7911986,6,0.4380802286776372
23929165,12,0.5154043038073157
12906351,6,0.7634488290451725
33877577,13,0.23782230208076213
15846389,7,0.5140948592202337
38285737,7,0.3675235212822149
32125812,5,0.29775043028197695
28790883,9,0.4723647032581419
37368078,2,0.46119795713503786
23863852,10,0.42065615986069216
1945812,11,0.6118680449239406
8859760,10,0.666918714330997
7733180,9,0.3493561220952896
27925736,3,0.3082993920278198
28096351,3,0.634599136663747
36576366,9,0.44579977274299826
30268270,4,0.8434764428932774
25584160,0,0.47879390505864333
33894841,12,0.5720888042395913
24730189,2,0.49070403015525965
34853390,7,0.5249922771354066
24627620,0,0.5558136189349739
32255001,8,0.46876729518935
10117885,5,0.3306095594291997
3408272,6,0.3790393137899591
1859438,3,0.27152127377697527
2969481,10,0.6160216465973286
11151572,9,0.5458617853071365
8676682,6,0.35785796046351587
38175199,2,0.5789838457711171
26364156,2,0.6968216785272741
32103224,0,0.5665556714388083
904746,9,0.8348200271467653
35311585,5,0.47137065154339813
26342132,7,0.35879557019750025
30347090,10,0.33905191913378374
24703315,9,0.8223900642415942
4445109,8,0.8527468957266658
35305124,3,0.40716658437144465
34537922,2,0.6090520130216582
7761659,0,0.2570451975146947
27825206,5,0.32425943657518913
9778389,1,0.5076776386421383
267628,11,0.26335153191216665
35141438,6,0.42472223820626925
11801658,3,0.2966887574871438
38081866,11,0.4133315350333727
27612958,2,0.47090413350938876
37098471,3,0.4239033660196351
24000394,6,0.2706715108888637
34725405,3,0.5333126187963909
19145645,0,0.5620435322603239
28564566,9,0.38515250471131185
22055454,0,0.22231543922456287
39289217,5,0.2824816753722468
27304900,3,0.32646079022833896
23983476,3,0.5638929499266857
5422464,2,0.5263420532940566
37043534,7,0.561629334519699
39402154,4,0.4715741433152437
23710572,4,0.4290236903484414
35695015,0,0.4254377197141918
36493966,0,0.5194658529379226
19912866,8,0.736242190312722
18300322,10,0.5496131511400809
36095421,2,0.4552979099409581
21770014,2,0.35606285433977597
14845336,13,0.7181527845507133
29825571,0,0.4916010641635531
30392099,0,0.4321482534714415
26976025,1,0.9695414565083404
36652786,9,0.5814258734492626
25137484,12,0.555116784287362
14260601,2,0.6491139108079643
17595590,8,0.3706081824818014
11970820,4,0.436838074886268
26791615,10,0.41540057975112016
31675798,8,0.4125621130647649
4474690,7,0.3767965702364779
34978483,3,0.45920930878703237
22405239,12,0.4585382430418364
18808363,9,0.9614007655235037
3349147,10,0.6726263086621178
33489267,1,0.38140888411968393
38313288,3,0.56815020802397
29929540,9,0.577291001132666
26477603,5,0.4039692904005379
16088666,9,0.37729978992346286
18392341,5,0.43367117047288833
28282671,6,0.9166098020546012
25327148,7,0.39517767234160706
34596082,9,0.32447838915571914
33404850,4,0.2331220969634014
19925256,0,0.2602106731728032
8845435,7,0.2611197505912454
36489711,4,0.6239620968588875
38293878,4,0.335656459778958
10970639,7,0.5963002250636377
32944377,8,0.999924852487291
17136015,4,0.29229026996453034
30270373,5,0.27603367705663023
21595936,10,0.34372162356496866
17300370,9,0.325065475557722
4503257,10,0.3227863332347891
16493500,0,0.38845159582369665
20072030,8,0.6857108980500798
20208681,8,0.3124656615948773
12416278,13,0.9075866120804558
22927336,7,0.3717755137327021
17556929,3,0.3258984006005647
24237185,10,0.5013062463591755
7330718,3,0.5978937712141077
23421778,0,0.3508893302875995
34093547,6,0.2193959430263955
8917548,7,0.5473758603081161
20410501,13,0.46851021837973883
21964452,5,0.270605594107268
32407913,0,0.3404753534793103
24907337,6,0.3828171832618189
40065760,8,0.5877761383503999
37162381,9,0.4271917748598257
940822,9,0.6312219484627257
14424408,5,0.40814059906146494
36905267,6,0.7547113571499273
28489560,2,0.5150385619467952
32386768,0,0.2734512462066284
37502848,5,0.40452474983658265
27349184,7,0.31869133473931
39919405,11,0.6360730047901539
19016224,9,0.5501899246323534
16930657,8,0.29080783672700156
37053314,8,0.3328950343360302
22278993,5,0.6673111518467101
31039249,5,0.4359367496468205
38411903,3,0.5613402371627353
1348510,12,0.32213701511806114
21331077,2,0.3338098563226148
12152487,9,0.41185985922367463
38082699,3,0.4602367943983391
33350570,5,0.25062159047539545
8354078,4,0.27962104651734426
21094536,6,0.2872300347450585
35748384,12,0.6362880529189713
12544086,7,0.4076691350526283
38061344,3,0.4859529585382448
18830651,1,0.4829116976412785
26617865,2,0.7067612243695155
37525576,9,0.3837613211621042
14035522,7,0.35436439726013824
5204640,6,0.38615832153799723
1346297,6,0.32247746708157415
16013330,6,0.6829385387650942
27136481,12,0.17312690733882602
27377223,9,0.5225069409374156
25045292,1,0.3436419071153316
22263745,13,0.9222417674198975
21079995,6,0.42831026631844415
26074523,3,0.34949398118723074
16369685,10,0.7700125165771712
30471943,12,0.7417113451807796
23773577,10,0.24033724104824256
24018309,7,0.4692771881337528
40042071,11,0.36205470265522494
12733840,6,0.8039711500252804
28231738,6,0.3434035547713011
4333094,1,0.184677912031767
37953143,11,0.4924217067512717
25410336,8,0.6044686912892974
36946844,7,0.5033384854267919
24703675,5,0.5254103758522896
12602032,11,0.23861126213658732
17415354,10,0.286001652477883
20535605,0,0.34401934058055056
37645504,5,0.5489044014734933
13090505,2,0.5350001479185782
20319813,1,0.629895379592407
29447503,5,0.37941107313288747
1684197,10,0.2944181161243618
31300131,7,0.3459187169852716
39664963,6,0.40384261945282046
31200648,10,0.4677671188847362
33650426,7,0.3326337239110844
28370598,13,0.7277312542176505
35410041,10,0.3853895796680818
11504104,3,0.5335046409631918
866208,12,0.363048380278179
32920007,8,0.8581782733787572
29594936,8,0.5479513479049661
33925015,13,0.5394463683714585
16720286,10,0.2866760270663277
17406252,11,0.652429657854502
19374707,3,0.4302674356240965
21742587,11,0.2626759637710714
4780791,8,0.6726372633891218
19915116,2,0.35010770968097576
6341823,12,0.7264523111382885
25444267,0,0.28439863097993406
20112760,12,0.4989123257426073
29401707,6,0.9999999999902021
13160139,3,0.4131685256480558
38467716,12,0.6155524013044087
23430900,6,0.48007354161214244
39186906,7,0.4123275006034361
37094448,3,0.22689617499146222
15816884,1,0.5014018806368965
30745056,9,0.611365423559889
30227883,4,0.4264188983212408
38664732,5,0.4139735972278452
34505579,4,0.45163793366817123
23538140,0,0.5529430804427453
35565262,2,0.44495421376197064
19705229,2,0.20284963403391046
36902682,2,0.30915941895995463
6715944,10,0.2680752810620517
29145897,3,0.43252369822824793
4758968,2,0.4022668207293428
14568141,12,0.2819570962308531
34601782,2,0.5001535445213111
14029883,12,0.6080527910219207
17169927,3,0.20276921181387708
36851561,12,0.3864208298398969
24948660,12,0.6255502412713955
10341847,2,0.37815420059839616
37661712,12,0.5066684369799846
10958248,7,0.5696711889907089
18603407,10,0.46723958869406046
28420448,10,0.6156632852169223
17781906,3,0.6130907219345374
8685842,8,0.6142116031993949
24723525,0,0.33700956836050683
1355710,0,0.39564718431201307
18335432,3,0.46961632897971295
6705521,10,0.33403778152677716
12867075,0,0.45757660631045544
26455408,4,0.6299703718785978
40141660,0,0.5277781056271087
36332167,7,0.6911560606178494
20001045,12,0.6451217364853725
5878689,2,0.7232318818345372
29667892,12,0.4870263953958779
22440589,6,0.24673868816185618
23600582,4,0.623808201934419
5725065,2,0.4504088973978836
4976613,9,0.3365283683243265
25067998,13,0.8547123081450821
39303157,5,0.5021623634504236
25673848,0,0.3152315901935799
12630594,3,0.25682003289650446
39607566,7,0.19461124042308522
31408445,4,0.5167323496769596
16013692,6,0.31376423232316575
39898068,12,0.27984558989595687
32969491,8,0.6075236786542053
11942919,1,0.4504529510704238
38498654,8,0.87859076068907
18676859,3,0.348852579927002
25080922,1,0.4772618871615317
38405454,6,0.655724674891919
36944943,3,0.3472705321652818
6728719,7,0.4978645643631333
23264037,7,0.5794576899345965
33252802,9,0.47940823788266335
24395155,9,0.5367581261905202
24944676,0,0.34825592304251246
22416886,4,0.7886395355125463
28102769,10,0.4419199518980179
29375200,12,0.4863684836496492
27999762,9,0.5692947602086492
10425414,12,0.34687052473469476
5888771,0,0.37668044079150864
28800272,13,0.6697188823364317
34418982,4,0.5396231552589783
13293902,12,0.4559672660233037
35330420,10,0.4036829952762323
29292526,12,0.5697647629608389
35212716,12,0.6779794597071821
37796601,1,0.6115252885035302
11661121,11,0.6923937425125963
1264300,10,0.35898281634007057
9482859,7,0.3613215620613629
35245185,12,0.23221687331947968
30801340,3,0.26752736842079766
29344964,12,0.42043110631813124
35682804,2,0.5290327600310438
20568743,0,0.44503187254481247
4657001,10,0.4886699469169785
14264682,5,0.36897480073242267
2045968,11,0.35220895569610833
34320067,4,0.709300849466415
26855746,0,0.22713764826328456
35003277,5,0.45639830008686705
13273727,3,0.3840340489171378
35719653,4,0.5499780708866282
24563790,11,0.5461461989463973
25883898,6,0.49459362403954804
22442839,13,0.26642286177947266
972267,7,0.40013319738206077
27781881,3,0.2757024204373426
25560879,5,0.43789757299483933
26115889,10,0.32831578870082023
8425304,13,0.44894787211528664
14933771,9,0.6607761377327134
28118236,7,0.3845013054494497
10716916,0,0.31320428258186866
15406882,5,0.44535189182527013
16010898,0,0.41782302433660923
38744353,8,0.7404303265207192
29962525,11,0.5033446878004658
37644156,5,0.3122585971024402
5037432,12,0.409206587498699
7738272,3,0.2281713644611183
27270829,4,0.2647975966841946
32928328,10,0.9256760846171789
30823730,5,0.37570759985313024
38354163,5,0.5074205571080833
8730946,5,0.31002185037031527
21923964,7,0.3886473079183602
39659469,7,0.47228527981365076
1704085,11,0.3230186543715411
7474976,3,0.4240640383500805
19036477,13,0.4988376158316667
21781233,9,0.541552770857386
35902694,9,0.3982395042971109
37152940,10,0.3275365558895871
27664609,0,0.31724873352188165
31320657,9,0.5915252017582062
21770419,7,0.30908947946772186
38277002,12,0.19623894395367703
4122504,10,0.5234610789329247
28211333,1,0.41220284554467923
7419787,13,0.901532183815308
27503961,6,0.5380897592330873
11277432,12,0.8315709192981102
27908424,7,0.41424976220358595
7685087,3,0.4851502245324352
25791196,10,0.3030665970892246
30327523,12,0.2874710497013153
12890100,6,0.6025624898285981
17663862,7,0.5246434774209024
28032395,3,0.35234188156498003
16214190,9,0.5344764097250964
31103161,2,0.6563977209647022
1157725,2,0.41176486130527845
25923565,11,0.28998280353192296
28780493,7,0.3192672143544885
15318800,9,0.6503316316927673
21162535,2,0.5321921821711367
26274037,12,0.2437928894977045
8556398,7,0.4154817019776189
24160626,7,0.4351995696177484
23237628,2,0.781327175488695
35988808,10,0.8680625652910938
35464976,12,0.32945329817883046
32697252,7,0.2406115957508619
33271060,11,0.3581891778102011
38761142,4,0.6666708489296715
34672408,7,0.4181173607115201
31254758,13,0.48605116452296276
20160622,1,0.27182938456124134
25920049,10,0.7398539377514405
34334927,6,0.8968995439463567
25271459,10,0.8930977849510264
37015852,0,0.3409795131247073
17000732,11,0.3369470393502212
14603104,0,0.3345445454167806
19950823,9,0.41694655605261727
32616111,3,0.5739211929972876
17132659,10,0.8530580917630123
18009979,1,0.3713053779600409
1641470,7,0.6633942775767232
27791014,2,0.8254136028547818
27273499,11,0.2035610440149201
3371795,10,0.24030621689664788
27288730,3,0.23868523016152215
6276170,7,0.3958413719432404
7403585,10,0.4082784015676078
24741690,0,0.24323928516787893
36698082,0,0.38823918095977744
22015803,10,0.5071212990972125
26182916,9,0.5081283179780247
14847703,0,0.5521984961944092
37373196,8,0.6331531151134548
21125674,11,0.3408799704786036
11289670,6,0.39395250794498293
18455576,10,0.2372105562594288
35456290,8,0.6427278035207774
35305688,3,0.4214133537596209
36846007,4,0.3341742158820915
9970005,0,0.40025426606435005
32501869,7,0.4299107638950793
39929934,5,0.2661820686104184
17210425,0,0.2538153405310688
26792615,2,0.5680795938117278
17477583,13,0.37477456152834854
24279706,10,0.32390206631586915
33433863,10,0.35228231341911226
29127196,11,0.47880281385589296
23582393,7,0.19479566390069566
23303221,1,0.5108499855847503
34693939,12,0.48261691180427674
14706225,11,0.2725376297873821
39256611,12,0.5794103180268022
2805595,10,0.7323738547345794
35566034,11,0.36050484173610264
23064280,10,0.4541957710362178
32986366,7,0.6766892051210018
13991248,1,0.4795333809613087
21443381,6,0.4287254465532063
21536555,8,0.4831229415513675
8284890,7,0.30980666208282864
11034388,7,0.5697824111090694
16269376,4,0.690124879185627
19967862,6,0.38195885306045413
38283475,12,0.21677849997197385
14443595,7,0.5047740337167894
14496193,11,0.32832857996790804
37903818,1,0.3397901722341172
21527610,7,0.5574618385062783
35060732,7,0.8731980268772294
35383195,7,0.7286407975038873
25557311,2,0.5412083926988958
27328116,0,0.534961411983867
29586096,9,0.7765113644927538
33745964,4,0.495741570785815
4002286,10,0.45956018202714105
13513244,13,0.46571717309815874
33632932,1,0.3856311957350316
27828184,5,0.4461127870780232
38938306,0,0.49553574446149534
30570659,11,0.5199770525008214
20435405,6,0.49570611331776304
27188983,7,0.16849076808373226
39537757,5,0.2947787491908627
16451849,8,0.2641928715651915
3726338,8,0.7146249647429694
20516178,3,0.27167229137759175
32029892,6,0.9386510905621966
32847800,4,0.42592209513122475
15686658,7,0.3450826518069505
33116305,9,0.5888793424981567
9314149,5,0.41524543188727636
3979658,10,0.34966666649283185
15535683,2,0.3622407682452445
24017650,7,0.4914334834485463
4833646,10,0.27962130035072574
35596031,2,0.3739994007584445
33355265,10,0.33902469268028584
33527596,3,0.4861579400271599
20395913,12,0.3954107457702613
38233515,5,0.39988527864856566
23389450,0,0.6378570329443871
18347352,12,0.22024797644281532
29937830,3,0.4533511837613131
16773583,7,0.19352801316898927
14063877,5,0.3685510639511429
4436240,7,0.1945710501568839
14626613,1,0.26388212599236766
33283235,9,0.9363580937910433
17874609,13,0.4464993485455974
30127355,9,0.32865609572496307
20767639,11,0.41237510375991276
25654453,12,0.5792216804310537
32567100,2,0.5339729713773462
35709639,0,0.2427037170696394
35227154,5,0.5879811348062974
4525147,2,0.34346278155816307
14363655,0,0.3502635195843618
4806237,10,0.651963618121465
9771562,5,0.3595405829694447
28721397,12,0.5784478826311594
9955548,3,0.4283163530634113
26813499,0,0.539383074354505
39064725,9,0.7140449089633427
30675501,13,0.5025296280826085
10097477,8,0.40494802466873364
11730952,8,0.7618845544909268
23042963,7,0.5675124833432204
20438594,11,0.6143604148478881
25936696,12,0.2562124912912682
19591467,11,0.7012429558615607
12162021,5,0.2957287686916064
24045265,10,0.48734411639956216
29042787,2,0.30586238834087426
12073957,3,0.3340111315279665
35236880,4,0.7632453282975344
5202721,3,0.48377257594202117
35005574,3,0.30580064615222546
37710542,10,0.2457739122283223
32317330,4,0.47646880119504464
36435012,10,0.5587846714662007
36050887,12,0.2652483505388644
2509260,1,0.457574446522187
21876482,11,0.4626586228309246
24785928,13,0.4857042429734527
30935583,2,0.666462011451552
22534854,2,0.46744700227112806
32963088,13,0.6374027181224113
18179606,3,0.3960147800948568
28873113,10,0.42423725073524676
23203332,12,0.6634821987666599
21147075,3,0.6161471333384926
16232244,7,0.7966610670110937
27218543,4,0.7472025724706923
31282297,5,0.8705014782332139
20437976,5,0.5018594028787339
37614550,10,0.474274358053207
21614739,6,0.6674774343151365
38666329,11,0.2557302193268217
33868598,4,0.30935077205753936
28997364,7,0.3839416189407424
32993775,10,0.6006208088899803
8638534,6,0.49226096746257
38335685,5,0.34269215555057236
21453137,2,0.3983798847423622
21307835,13,0.1901038023063236
4414375,10,0.5248272884762476
30189749,13,0.4266185514426554
2327989,5,0.44936504595589893
34582419,8,0.3197539994069718
4988301,1,0.7053777736407605
5595658,11,0.46101550922055
37912206,1,0.6084708357978548
29157808,9,0.2532422653191883
25550874,0,0.3603849215969189
34731954,10,0.2830461494189971
26656151,0,0.36753973945205226
28207805,5,0.37251432750393404
36422775,6,0.3208967216240206
28200686,10,0.42932929490680916
37114683,4,0.6090192156006042
40050625,4,0.5202217668209033
33664163,13,0.2547274626409658
39681616,8,0.44599655352845646
8577055,6,0.5518763519587414
10985565,0,0.406567388637694
20062179,10,0.26749308324740484
38093965,4,0.4543176495434564
16745740,5,0.563816037483625
13337870,3,0.317897362725093
11122418,3,0.6639437435310669
31085768,2,0.31734206613812915
10705360,7,0.313166728473208
11488555,10,0.8550193962764678
21762720,9,0.47540414278933285
33563572,12,0.3300594071174432
38255065,5,0.4221000360194194
20539069,8,0.771040865883016
19609041,6,0.9171923972112704
27737091,13,0.38146700880793877
34747543,7,0.5626853035526002
29649147,3,0.25694044862828447
38310392,1,0.5578521391453822
31884965,3,0.5167949313701259
35996569,10,0.46296009552388623
12350907,5,0.3793896331275131
30420841,1,0.5590895931392893
39825307,5,0.3980201150355551
28076561,3,0.44078358288932074
32874273,4,0.5814874849385913
33121433,10,0.23120510005745584
30682918,12,0.28003892458871465
33514317,1,0.5523473458184955
18208287,7,0.484242083148463
15525493,8,0.3489394015230377
26427340,1,0.44416594285192346
38079222,10,0.2903190808419552
8914642,10,0.4961818117575968
9444242,0,0.4827657373778642
27207971,3,0.5871046643618348
39746035,7,0.3282514581227761
33271600,6,0.31695126280072355
22323054,3,0.4776516054377826
33712418,0,0.27889676832992477
31524210,11,0.4791396172352553
36227945,1,0.3938034232952185
555344,9,0.6751010030964444
14035775,6,0.8208967836317401
11804589,7,0.47808968837186394
1303105,13,0.24340061658785583
26763900,1,0.44032317523972525
34449674,3,0.40208460807812313
35475103,10,0.42477892631657854
21852662,3,0.34654131497387874
34598898,4,0.46529777200014744
39217888,6,0.746895901908324
36989625,9,0.6084925134617502
36063632,0,0.581263511293862
33338327,5,0.5979263277619563
22147773,10,0.3103706813897664
28745759,2,0.5056648883131115
27312139,2,0.6839660474611552
34890051,5,0.38944702378296003
20171906,10,0.2874597787598257
3389817,6,0.6097018617661494
19942970,0,0.6763018721348085
32250200,4,0.5338716173307709
24838715,6,0.4370819438341431
28301031,2,0.6165906395122428
17147156,0,0.7092227747166083
7113218,0,0.32219109799167356
36718214,8,0.44982302340172303
24287483,11,0.4301780773191051
24576181,6,0.4769456338291424
15476971,6,0.31845870971668916
1455602,9,0.7615398440151333
13298633,4,0.7245825907754593
27756962,3,0.30450824436708934
27999138,1,0.5360181265322835
21944249,1,0.3010909529570035
39734360,12,0.4075392982943918
4358001,2,0.5577262522519922
30111973,1,0.37726777340161716
22620303,13,0.8747993990136816
35307546,5,0.5113602064342261
21455789,9,0.2866292939991493
25727687,2,0.546244467110149
24743349,7,0.5876626275730088
20144725,7,0.276632440602183
39276998,0,0.4830180472811794
24481178,4,0.4077313338000187
37350758,0,0.3556048128590117
26516193,13,0.7260313823259696
37445466,4,0.4393834214923567
39995094,5,0.4325779324084129
22162267,1,0.6665609923826395
36855792,10,0.5018031061102384
31943339,8,0.28533107666272045
36636053,4,0.3374822983197314
31291493,3,0.46366168497259347
14110121,11,0.4884030090342351
33608365,3,0.5190431785074199
3209362,13,0.6221606242825947
18158382,13,0.5270004986392465
27029426,2,0.4884136204375136
39845833,4,0.4780250916534191
30422535,10,0.19958868296809937
9289427,5,0.6635621381863976
38729873,10,0.3733009727343176
17728820,2,0.3472102386810706
13225201,4,0.2653907180675904
31362680,8,0.3503846525394641
37265501,5,0.42603962520775324
5354061,2,0.2739409142082263
36068113,10,0.29965724710496583
10253279,2,0.3976450597548487
8094032,9,0.7503765913166933
36816302,10,0.38655675876493
16924319,9,0.42162291515413675
26313660,7,0.5455849374416741
13613635,10,0.3192198282645908
2406959,12,0.5182954294148574
28726742,7,0.3276425435103971
35253849,12,0.4997774502118306
22252235,10,0.4696685561219409
20807579,6,0.32676673614777474
17955970,2,0.35122766278882056
22147084,7,0.2648010224792958
2296803,0,0.2935712326459484
17907109,5,0.5939451092760247
22671396,11,0.25264724612759054
16269649,9,0.6426294370859916
1821399,10,0.22430917101749193
27955947,10,0.5043103624742414
26759784,10,0.2358148227385813
25036699,13,0.6384088005541697
34035731,0,0.5311502518650271
35079438,6,0.9999766439071313
34487862,9,0.24132519120976967
19646520,13,0.5116516082946791
27720647,10,0.34610665756721953
33712135,0,0.5485035382552644
25779070,1,0.4150288432017249
39847547,7,0.36395266505774465
20494783,9,0.5599663429129068
12323085,13,0.5881224742857308
14323831,13,0.31006184670040027
30856866,6,0.4637415509435192
23803255,2,0.44791726901278467
3997887,2,0.581011613033737
39021513,2,0.5377829038341942
24476058,7,0.5049981181994446
11076377,10,0.4977829386123767
19930998,4,0.5022852636072738
681565,6,0.3798848192884596
33381305,1,0.9227530846262132
12574275,11,0.32773152534551325
6319915,10,0.22240899240945766
19416008,1,0.31149037169106936
34763139,5,0.36752879073153394
36260599,10,0.2621412483929641
20904447,0,0.37849203003237253
27853002,10,0.7096334115134304
5730407,10,0.7455966127770697
1977022,11,0.27837098274362937
9588331,4,0.5467477580101664
39547056,9,0.5916875509774823
12970567,1,0.5631762299900651
37653995,7,0.42397167046543227
29608581,2,0.5645316597823865
6225843,6,0.5454724268525492
38448321,8,0.4637864163613938
27990419,12,0.3171185012297449
23511569,10,0.30120539772032956
19466460,10,0.4716438964418332
32671668,11,0.41132464799215107
34031410,9,0.5445928958930166
16143226,2,0.4090820697696565
29744062,7,0.4011495451228154
31821780,12,0.301723185131135
3025031,11,0.40143079356396827
9072227,9,0.6274082588527081
38184969,7,0.32075121133046
31650897,3,0.750899402832068
37090869,5,0.458644869098675
23901291,13,0.47847052950376484
37020712,13,0.24220800123420025
15145222,9,0.412146373409515
2888598,7,0.5821573822518517
4695609,0,0.17226763975563053
35510666,7,0.6021842436961123
19835923,5,0.47761676923794666
20484366,2,0.3131981221735419
36724202,6,0.7156271172216007
22825693,9,0.4637548910461341
6010011,13,0.4139425779868068
28684187,3,0.29568213372289437
35708920,4,0.5830931378568204
6217351,7,0.40729837990229184
33661115,10,0.3834590159236139
17752460,9,0.6417796698973512
27184204,8,0.7399478351108955
27631241,10,0.35741645811847395
25516805,5,0.3910821787109328
22316489,3,0.429011985753419
31334629,2,0.5113291319111426
5698175,6,0.45924725132291694
33824334,12,0.6209643997592854
36237853,3,0.47178250486651446
31926470,0,0.25555827587103164
3149370,6,0.4401829608906177
12468823,0,0.25892836666333946
12076092,5,0.35057366013350977
12419875,7,0.6881610899318525
35422392,3,0.4375833963391099
11888635,4,0.4465235524131772
15170450,5,0.6297964919511494
39601218,9,0.4414902086325215
34763208,1,0.5326934342618076
37710662,6,0.573938908492175
39916655,8,0.4203209102597467
35964994,6,0.6022156284893834
33836647,13,0.46788662133227266
5321186,2,0.6709620023312269
31454438,3,0.4824886443874506
36667061,3,0.3934514500067101
32740048,8,0.4544187219028672
1959188,6,0.48393359870184205
7449395,11,0.5820359190266406
28629911,10,0.7800870267973318
23455341,7,0.5247748243708861
5910703,7,0.9999999999874624
15042945,5,0.6184252271593014
22210251,0,0.46512853874036364
14865572,10,0.3079912746761561
36420970,6,0.4242429960416856
28357582,5,0.9999999999858604
5106358,8,0.2953661036972173
13464759,0,0.3877040890802972
34946062,13,0.5635177794535927
24288780,12,0.30803495108503215
29820370,7,0.48201704187517147
34200551,11,0.40824127174226466
34079787,5,0.47130253724348464
36472879,10,0.4896881528114042
13752507,1,0.4432177378079669
15049333,7,0.8172388255221409
1002072,5,0.3747195036329393
32559406,10,0.7104759879818431
19572248,9,0.4637074490565194
33135354,3,0.40306015796596745
13834472,3,0.4870122834744627
2278150,0,0.23382046049754374
29670109,2,0.6733435781324729
19684765,4,0.679027424878272
31537305,7,0.3713945826040117
15312170,13,0.4222326674054878
35923078,11,0.3849521999207137
27219849,2,0.2922339664184777
30636014,1,0.5357702338600426
39681631,11,0.47097515090722564
23387488,7,0.691537484501288
24693024,7,0.25429172554680096
18663956,3,0.2963278668901366
20498469,11,0.27935694959891105
30408127,6,0.2875802173366174
26374648,3,0.3606947572892159
6244272,13,0.525175189114168
19532344,5,0.33235254697147004
35463419,0,0.3133939417084795
37778176,7,0.3390431308556974
18020849,7,0.3808321589348772
29865518,10,0.254494633209641
33547061,7,0.4867326432783853
7482959,11,0.6087728010223847
7417701,10,0.3321079228585217
23619426,7,0.5206052189609262
30821951,10,0.3373730193006531
23687011,7,0.31698045293919047
19199944,1,0.3292822881130368
13241200,0,0.2249460097819939
37358499,3,0.45265401562849894
16733716,9,0.5239490540138869
12927060,6,0.45569696401194426
17309356,10,0.3640141639720362
26175761,3,0.38058477557648274
35663109,13,0.3161969688568502
11226252,11,0.48927804517165885
39444808,4,0.5973749386186127
25320719,12,0.36801786302996775
19848965,12,0.3052838288023339
12431826,0,0.43705676873409044
34883086,6,0.48496221656159666
39160750,9,0.5276821015477141
3548937,7,0.7162523547163787
35355657,5,0.27103232466990146
31528600,7,0.3097131752799627
25151108,13,0.5850016287926003
34710482,4,0.5331321184522139
36453888,7,0.38891377309483266
29088467,3,0.6645117427071858
19458344,9,0.7574268934014801
37669177,9,0.2983197313695121
22660581,3,0.5032167241668695
32201138,6,0.41051368375272823
37166827,13,0.6038547790397414
38205540,4,0.6258232726945219
28427651,3,0.5018221219941245
8002282,3,0.3522372622709422
32414960,8,0.6896421138957125
2139823,3,0.42512770623757706
22733642,3,0.2724625681194317
39585179,12,0.7339386988726294
32427110,7,0.5249135011943629
25432139,3,0.5989595187475514
16494560,0,0.22208819209930264
8925293,7,0.5127247859081155
3626619,3,0.3948295100484171
20014811,7,0.5503230811438407
25071242,5,0.37711405263199116
18057029,10,0.42658233809512286
30253141,11,0.39866615359390334
35455991,0,0.4843067875944111
31459439,11,0.26998053782368353
34801132,11,0.6417111270961224
15578416,7,0.4717611495288889
37324106,3,0.4010997192437562
18344996,2,0.1888494625155313
36069211,8,0.5050554610712135
7555335,9,0.5963601564505386
3370996,10,0.5720613334767892
6796722,5,0.20531698150044167
24694887,2,0.615425558037846
38296748,7,0.3878212627512898
25892181,11,0.5012740677505619
17028562,6,0.3118000376717546
32509261,11,0.6189676769588001
22994881,7,0.4035237934263101
26470151,13,0.7029242447068038
28621908,4,0.32789454481296026
39574813,6,0.7307913074278091
14071096,2,0.8380133446861365
36702120,9,0.4801352297136798
6582183,2,0.8372253256333095
34650978,3,0.5300489261852023
28455413,13,0.5691171522512337
22039057,9,0.2372652992994551
16453746,9,0.5814435232466436
35906395,2,0.5160585246776409
35202289,7,0.7767469835265077
31935514,1,0.5737357658245664
24654209,10,0.3553381281945114
22868900,10,0.4538496499154036
14536167,2,0.26872579487617065
37579374,5,0.32420965920805705
28164874,13,0.7453754977161849
5602265,1,0.5015809786570669
28997120,4,0.7610642450772541
25127899,7,0.47251826473681563
27020950,6,0.23489624536063167
27164129,2,0.4684385723651238
18029074,9,0.3624504688346017
29732282,7,0.355225421977215
32803223,1,0.5441602233225883
21679401,5,0.23949044916597073
35983172,5,0.3389913767980034
28973150,5,0.5248344317712034
1645962,2,0.4107107479192608
33363613,10,0.5382922350098085
29871460,8,0.3068774655868286
38848471,11,0.4335871649614079
24492345,3,0.3660737479183172
16678006,0,0.4041485944864677
37009788,4,0.7045878558628795
35572308,0,0.3164412709432998
39973360,1,0.698973862010392
31298298,12,0.2747569192146141
32933480,6,0.5739198736503054
21597078,2,0.29673606360524934
37285708,1,0.3036201577219047
1473625,7,0.5481168093848168
39247527,4,0.6399547111581716
34752521,3,0.37654524969770276
27011143,2,0.4240393150009925
2781186,6,0.2487831932608447
3233674,6,0.5424466400227201
36183763,2,0.3930904564558391
19291738,0,0.5615463815185876
9313999,3,0.5915302127417171
22962474,9,0.5812917856330269
14171719,6,0.4445945292352688
23447411,4,0.5964853767030397
25161449,13,0.7998772442276526
19770147,13,0.23535034956437947
26435738,13,0.5362325349532173
24597761,0,0.41197082082840536
14432020,9,0.799639869965434
4024972,6,0.2895661038575201
10640623,0,0.4193996096088766
16319878,9,0.5048340568864986
32152166,6,0.3464612103338523
32156071,10,0.48855210067628735
9758513,12,0.5952353959502985
14872061,2,0.3918453402234601
39507592,8,0.34438029856068925
5720233,10,0.6386940049590761
33476561,10,0.282073062828549
16000228,12,0.4917728730273628
27696154,2,0.45641524626691027
22840985,0,0.2782580147095804
31137414,3,0.32650609455325014
33105045,7,0.22508175212284554
21516322,7,0.7303268792612932
9815077,7,0.4969700192303402
31576270,5,0.5502714481237031
38456295,9,0.28630949188148713
22130727,6,0.5380955521384067
37989239,7,0.5342431338274111
20944212,9,0.4153445304016447
19750890,13,0.3412241975453417
23903848,10,0.7745909292774454
34984174,6,0.8031831010136828
15715597,11,0.4431845972756339
15709933,5,0.3552421745357234
25143621,10,0.3465177038591707
32656758,11,0.9702560875303663
1060745,6,0.4171771330392604
23189610,4,0.3602556938150693
23040727,7,0.46929022935539605
30564792,10,0.33513545465077027
27560764,3,0.45809799595557216
603595,2,0.36488919473694337
35725265,10,0.9950505008697492
13169535,1,0.9160998728915343
31690038,10,0.4247066845014069
26261190,7,0.44474416662274086
30164528,6,0.5237160991887766
3453757,0,0.5587711256812137
33094758,11,0.43977710141199217
13475567,2,0.40143249593778524
19364051,3,0.5398811836239494
15204225,1,0.3501385329019699
17113970,3,0.3701194835042407
23028255,3,0.3580726168968239
36902899,12,0.40762239672100437
35348346,5,0.3707710712297662
29868741,11,0.30026159947328734
24921545,2,0.5892965386248806
22134712,0,0.45329530364158666
37233669,10,0.5762346060519016
32966108,10,0.5804829175084848
19410377,2,0.7180665948963121
14159318,12,0.5998517752107883
38949402,10,0.6579523799536621
33084068,6,0.4893503025695799
34107775,6,0.5432579678939724
24011117,3,0.4353677623267731
4291704,12,0.6174583981903797
39524220,8,0.34471383872495337
33667862,6,0.5189220461805595
28715192,6,0.43443039341584483
15998188,4,0.46353114905790455
13860738,0,0.28960119297694525
36146551,2,0.5226822991147692
7456181,3,0.5835891617997883
33639344,10,0.4226772443984011
18390092,2,0.49041339269017475
26880611,7,0.17500705096769456
37897851,7,0.4584596752309044
14158947,7,0.5432453539272253
15876307,10,0.3866537098912407
28529852,11,0.6088178284519047
13232935,6,0.7052877555396053
23974147,10,0.5474524919316576
15597439,0,0.7303584432749921
32800168,9,0.6157463025917295
33790105,6,0.5627931862665274
22059989,0,0.36663175858498875
11100244,4,0.3253185225814363
4873679,1,0.5213963946612447
2540043,7,0.18089268401454456
8437792,7,0.7470184246300324
24633664,13,0.3174510240362685
32546804,5,0.4762414457709498
9182462,0,0.799417538811442
1158108,6,0.4005758713998269
22183205,13,0.21607854024764445
27261662,8,0.34911004713226196
25729867,11,0.7772448143680254
4211454,10,0.6259989564137992
27843361,2,0.35303452588876777
37742895,1,0.3391098118834176
10267817,1,0.7369046082544877
33681546,0,0.4758246827754958
35391579,2,0.4100467239729009
29972682,3,0.31384617027244427
32936215,5,0.4058423280386471
34563522,13,0.3309000587754614
25106498,9,0.37219664715239875
39734786,7,0.3825100256728021
39263563,0,0.31533628052372537
26698044,6,0.3927765816562795
38237460,0,0.4502722284069278
22486663,2,0.19422697446459306
40075008,0,0.4022699070920792
11480589,11,0.6911848917342825
17143015,12,0.5703839116321905
19412835,5,0.4387136107937993
24259329,0,0.5195363910650909
38857855,11,0.4531627352059106
6896589,13,0.22603206426324385
6725771,2,0.30539437778095246
4403289,3,0.32228648882058436
15580869,0,0.29203395802093873
9143506,9,0.45290126920345225
30754693,10,0.4132700983466212
37396046,0,0.4730534182860298
35026040,3,0.28551156094873587
9850261,2,0.5822471514468399
9816816,1,0.4331792887650299
15214386,7,0.8144068840840293
15456804,9,0.964364411999585
25796309,8,0.7114397608234274
32041223,12,0.46358998794140627
38448638,10,0.2689562693515162
8795698,8,0.36397893952923527
31276585,7,0.4176628285975007
19096808,6,0.6567746174037626
21330829,3,0.5453125055083887
5554100,11,0.2970072097087508
14541182,3,0.2977477844057392
23379357,7,0.2894226251515341
30278454,9,0.9185938136042222
19644391,5,0.2032246048283532
30229119,9,0.5774617740145916
38138143,1,0.5100714956656497
13033060,7,0.2337720483997909
22795148,2,0.531046233482805
5228717,2,0.4367622056005397
18195758,13,0.8567076926741106
9142264,0,0.48486552100458474
20154390,12,0.3115475543281443
8844073,2,0.7953713715391151
8234723,10,0.33071640808769037
20886565,0,0.29172270040887255
29914293,2,0.5234761679824221
33251246,11,0.2667568934036686
39131424,13,0.41746897974810715
20780419,5,0.7539363023790269
32975871,5,0.5967724814497123
30822124,5,0.4769133220662485
27537530,0,0.3339962903218814
23734899,8,0.46342172222558187
12368485,7,0.5886481017347084
5708352,12,0.1743998627534231
24210405,6,0.35003693777098666
33735914,1,0.5681125320174607
36045610,2,0.7718898427503137
16535995,6,0.6994755308062569
25076058,9,0.36877506214164096
25474562,2,0.5105457832448504
28495905,4,0.5065733653237414
32788991,13,0.25062305925772416
33678995,3,0.6068893050416383
23392041,0,0.5687391672753105
29847145,5,0.4106549626627502
38458288,3,0.30239404117790236
39495994,3,0.6973714833619524
36481763,1,0.3978929894383978
33934948,4,0.7205210269133082
32090714,4,0.83289902936549
20928787,6,0.7557594299374777
25123127,13,0.48206236260719443
9795431,9,0.7684341866142814
16803835,9,0.6980997095087788
38084537,6,0.22007766996976158
32049122,13,0.6070896284742847
13077638,1,0.2927708008649094
34415398,2,0.6767714753027108
37482313,4,0.4333557713262722
19498063,9,0.6193302835462734
20584889,6,0.47486779989799904
25387251,8,0.44607194393494265
19403532,6,0.683414311861503
39639806,8,0.6520347762402592
32980559,12,0.1646995023031064
18038003,0,0.3042146252044302
27350599,0,0.577848641212814
35794897,7,0.5707137088823218
32311048,2,0.3809065431896479
29922108,3,0.37970542037488964
12899431,10,0.6344777300010035
886238,3,0.5169318583328704
33191477,13,0.45082935110852285
28302556,9,0.9762169065909645
24456314,0,0.3918778887773757
17334993,11,0.4394767569716006
31617858,0,0.3491526531536376
25998282,12,0.26859501883802667
2768038,9,0.7307652603860638
13305767,2,0.5241547561307043
8983019,6,0.69360800291688
6940257,10,0.5511296869406286
19276731,9,0.676699194406316
10756383,11,0.21407490068940363
33449279,6,0.5995539637508756
30301112,10,0.4269377730296342
17671733,2,0.38413012617558495
26581666,12,0.39386181905833395
33068747,3,0.30786163522675386
35468907,11,0.3469680804376032
38740631,2,0.28707525592849453
25503926,2,0.4157522729806313
30715650,0,0.6630813659158352
38858982,2,0.7556118499406647
5500563,10,0.7055071853310253
30068578,5,0.4950129073516189
20183020,3,0.35677602323912144
17520927,9,0.27933667625449776
15208543,3,0.5322468647740287
6359881,0,0.44352978645881164
11249941,9,0.9999999999903617
27967298,10,0.5953715980532389
28258873,11,0.506474641181905
19962495,8,0.24589267697632758
21465903,13,0.400056715244378
27048746,10,0.3285554187887373
26188666,7,0.4014661560079908
30352394,9,0.36055901516386085
38744747,0,0.2476576159376374
17110379,12,0.2665429167337711
22843336,5,0.8255510010030573
31148251,5,0.6511208256427646
38213819,5,0.5603721981828114
32999363,7,0.25276189446295677
30176479,2,0.3006738281169816
33200025,6,0.5876728913892784
29207107,3,0.4582187551236643
24231994,6,0.3479265448027889
11351110,0,0.3504684946591666
37620761,9,0.5748382745838307
38491963,7,0.702484455080196
20665895,6,0.7142189648195162
32671247,3,0.463274650711793
5577425,11,0.33156029760526723
37081085,12,0.39020976518791967
24663332,4,0.26981434540828525
11076018,10,0.2648185029627317
19254974,9,0.6644959747507176
20067316,11,0.4418855712521417
26796316,0,0.8801008443169265
4882674,6,0.43518467771980684
29180739,3,0.3482643697363858
10689273,12,0.3517409192717904
20277394,11,0.4294317601974858
37368152,3,0.32084492941826026
9529428,1,0.5789803263967741
35328487,8,0.2839223112719304
36969724,0,0.8645387967915088
2201867,9,0.47657420142933316
5764449,7,0.7360179423512491
29519051,4,0.6531576582383747
22571800,4,0.9313874955907514
36608834,3,0.5932467727639303
36945410,10,0.3364336628634696
34913005,13,0.49801675392781525
8556724,6,0.6029224950920234
37014153,1,0.5662217726903297
7060534,0,0.30667875174001025
34377278,7,0.5125621629106927
34106696,0,0.3486020249915392
23393687,10,0.33250168729025936
38425775,12,0.5363120553517696
32443901,8,0.29167839183135424
34179675,5,0.2776098681956051
5441961,3,0.43156573098394896
8918847,2,0.5577446265379595
26879942,10,0.5231157397774521
14423896,7,0.4690503439483456
22273985,3,0.2968189915670819
19274503,8,0.3997521596222433
3419202,0,0.624012164151802
210629,9,0.19732447654677052
26626238,2,0.43977336199722805
37529333,8,0.5003066548640634
3452489,13,0.5471685788260585
25257932,11,0.6017569376714792
3467723,12,0.24949180257876394
38000237,12,0.29073706650772996
5617322,10,0.7829435574510143
36834574,6,0.9008844965000126
9832622,6,0.7459683574226902
37750899,11,0.8340967707345512
9307836,3,0.5034417874737458
25212804,12,0.3274001561283161
11807955,2,0.45212228215673117
328964,9,0.7345568695355188
36243708,10,0.6739005062482779
24075340,6,0.7678288952065047
32620164,6,0.34954395031932345
19694360,2,0.5092880985763613
38427570,10,0.3516807372236879
29069306,2,0.471885238783679
2233422,6,0.5351124898746097
28774824,5,0.8060454829697625
12935407,2,0.5615306333432751
34090316,11,0.17111210088505527
3899593,1,0.8809950909639543
22177059,10,0.5470705330746147
34483142,6,0.18346674433249735
11125690,0,0.3337459584566164
883520,11,0.3519479833939747
32039423,2,0.8371732010679149
31100948,5,0.36653364666921845
2526589,0,0.394539754106771
8356907,1,0.2547272161716383
33843860,5,0.6761383746158567
39964728,4,0.3698360834419763
30802158,11,0.7365040009623863
34429375,10,0.3002809730912339
18263285,1,0.23638687866205949
22572768,11,0.30729119324222265
13714790,8,0.903311812439969
19712395,7,0.4536703770551208
37055664,3,0.19242479567601065
39952592,13,0.37777112355556675
39995912,0,0.3961781192610528
17386151,13,0.8913889517839723
11601243,5,0.30731468949352114
21923120,8,0.9999999999949842
2619129,2,0.4688317474741691
7362770,9,0.20450785551061482
21352925,0,0.40905336355223787
6963302,13,0.26606495841786404
28099106,5,0.4521457747382367
9644784,9,0.6169922331303781
6450228,7,0.5107510922333093
1386093,12,0.2458558585414884
3497223,1,0.7099495450077675
28489598,7,0.4335288918733209
19898403,8,0.6139530190448604
33113135,3,0.2454599064750868
13094829,0,0.6327228945647329
39227706,12,0.3793783724244164
13993492,3,0.3163277505401695
6855984,10,0.4999593239003858
36841861,11,0.2271626759555542
8074850,13,0.6433664026295323
15296126,6,0.5106404283988387
33831289,1,0.5943273463552831
33536525,8,0.48269352459757464
302867,6,0.6926935099753863
35702535,3,0.32628872182139035
29835163,10,0.28719720881659055
36023521,4,0.7401999603554015
37134281,10,0.42275784007743844
11574850,10,0.5508898095783983
39998184,4,0.7058361626459803
38839828,7,0.2533398940359907
38977929,6,0.2161546383222347
26410206,11,0.22881853665908547
35559678,8,0.3255471150382751
8689825,13,0.3662696268321541
13982442,2,0.3953244793698705
14026851,2,0.6471348404618166
807863,3,0.30191674249153366
33228369,0,0.7386618027818135
7772253,13,0.6434627838902721
11861704,0,0.3218988099380355
22995375,2,0.4652842385104247
22553679,3,0.3801475608259193
29437675,8,0.40720552168780483
20553596,13,0.4994280718996751
11563816,6,0.6582983660665332
32902832,13,0.3221474956914262
34789658,5,0.5066915715928691
19630737,1,0.7058349790152014
11518252,2,0.4169625271002881
30387793,0,0.25077000529844884
23184410,11,0.31240579117274436
17862520,7,0.5135481856971932
32193211,5,0.33105715603807795
29880154,2,0.6115889529725358
24665536,2,0.3594179835002064
38602884,4,0.45513544052182053
15515218,1,0.26939726886471627
27993036,5,0.33568646831238474
30024717,10,0.7342797951068573
19393677,3,0.4036576297799678
39946601,7,0.3697201787693173
19704067,10,0.272233713435652
3690380,11,0.44160770728220144
15004838,3,0.3175952326893479
18117806,6,0.6482481454154781
27181990,9,0.7246873306198099
39043417,6,0.29137601058724855
15341762,8,0.9411453891738306
34798558,7,0.45086862311522136
29957968,12,0.3753226918350743
21512305,13,0.8413147445052694
36815187,0,0.7269727799416404
330383,9,0.7327233466189577
21222458,6,0.4471241284697326
12086724,3,0.47922656398986424
21961037,10,0.53286097123158
3687702,8,0.6590327389550363
32540422,9,0.3348801059626247
2301458,3,0.6905339443248143
8814383,0,0.38166686879617207
32160439,6,0.6060965055726923
6807459,13,0.3227447352983132
30337602,12,0.41472861302650943
30539564,5,0.6066127398191705
12521575,9,0.7259841941455011
26404893,0,0.374640329849813
30094682,0,0.4953886732894623
32655778,4,0.310709549607771
36343197,11,0.537766587902701
37283514,10,0.527742631444529
26083293,4,0.9409199598230775
29347626,12,0.3568519966735002
35880249,10,0.2822486476069293
17066451,11,0.40935586002938124
23232463,4,0.6137905026749474
38026431,7,0.5207746486346609
1918270,1,0.29030275470603906
30684872,2,0.570099367853113
10888373,3,0.4077981304695618
24932730,3,0.7137387588022048
34740102,5,0.32543429675684793
2085592,10,0.3269423455453349
11062417,6,0.3797509029306222
34143988,4,0.4228655624665771
12855534,2,0.5684299740504136
27887393,2,0.2976696188696521
11371415,12,0.500765848243017
27421282,10,0.38022643655269445
36006248,4,0.4423228587459382
5848184,3,0.45430643483915645
33969479,5,0.3201498670339402
1776290,6,0.4437949078359402
35765317,4,0.15461067053181768
31237499,7,0.31214731771303605
17535127,7,0.6576910312335569
23156116,3,0.5642588000184775
16971396,9,0.34680931138298915
16396599,7,0.5027518227512048
16267450,9,0.40739021809746345
19645908,12,0.2079584807670096
10459041,6,0.5971204343298353
13111899,0,0.26462369762996724
18249177,3,0.3030568866703732
28489031,9,0.7359761635484676
20098238,3,0.566832551169061
39580427,7,0.33780457597352426
35210564,5,0.3791648540510921
2419416,7,0.49722470526632356
6734487,7,0.7120369091669418
32071337,10,0.5149541608004702
14396178,9,0.2269145727353538
30222389,12,0.39811942240503856
33593485,9,0.390862687803652
32216391,6,0.4506789675112796
8186828,0,0.38684919193017314
26578264,7,0.3982940315803702
24884756,2,0.6139944022627525
37276888,0,0.2969976219153935
29219386,11,0.4001800359790705
32612026,4,0.615420472533838
37634370,13,0.5108368523946044
16720033,5,0.58397697911016
19227798,0,0.2314679666915693
478655,7,0.7770277144199051
36250928,2,0.47084502416026724
7585617,10,0.321724695157835
31459325,6,0.6278372067089851
39963452,0,0.352634949650824
8280533,3,0.7551209921263335
29190966,0,0.3832771356936932
33821264,5,0.43624268056932336
35643326,3,0.6146127807718994
22133694,12,0.7978950608777126
7614869,10,0.36553475982202405
35603454,13,0.4388165693648717
38529246,12,0.30626658254931105
16514138,1,0.31775296584837887
6101902,13,0.43110552733809787
1122691,1,0.2469732188241779
20434470,1,0.401669195683122
32699740,12,0.4900171050330992
36002197,7,0.6354641158590261
37917208,10,0.2900434766892813
34357439,10,0.5101134209144629
33760441,6,0.6437186685577183
30251145,2,0.5946115481427182
24621808,3,0.2479910405134493
37559279,0,0.485888252419089
10055045,7,0.3618846386631168
13070759,11,0.4406968032915816
24017943,2,0.5687970038413768
25796140,7,0.6325186939182116
37623036,12,0.6152957574004048
6541771,10,0.2316868791274149
30133278,3,0.3786503324062158
12564043,7,0.33277358624784037
11732792,0,0.34168014751760095
1052613,0,0.4114164525151056
17065009,11,0.28768152391170654
33611969,3,0.5337516646380426
32354312,13,0.9281716967513293
2773164,6,0.5041697328316123
28246304,2,0.7377085299926598
8328493,3,0.33083259650448105
31592791,4,0.6959765830169584
24101426,4,0.3056205468116149
1734001,6,0.2654210829157032
39926533,7,0.3111884218727611
22095074,2,0.5541054080149818
36600293,2,0.6845165956814115
12010140,7,0.5422670501871298
6356041,1,0.6162509057727122
27221223,7,0.4289447404112177
38243055,13,0.7461890998303299
37124512,8,0.5786662018706266
36364357,3,0.44677598377389255
22968652,10,0.26391035923994294
30372907,6,0.5288513503248627
19710362,2,0.6262432826309126
10146959,2,0.2595753059241476
27735999,2,0.3261605765613125
29307448,9,0.4627433010555003
6320954,6,0.750148771038114
27818607,13,0.23950305983436604
37037751,13,0.45031222838613283
4064464,3,0.5185102026246692
16327107,2,0.1807282296005278
2541254,6,0.7264222393814934
33077395,2,0.49307068684703853
26207392,7,0.5319674360426262
27208413,4,0.46049687152056484
23056739,7,0.4409482015554089
34046626,12,0.5020674470940937
24371304,0,0.25093877407254933
39165078,8,0.5108717054969351
17046421,3,0.3079420037906893
6824062,10,0.7191293367902122
26198847,7,0.3927370030243141
35963509,3,0.2612349842407224
23062193,2,0.2686838104272305
26588154,7,0.7194338731115226
36242349,1,0.5437246012260285
19821525,4,0.35042910358695045
32881905,4,0.3837705369150228
2581217,7,0.4546683619838586
14992675,3,0.42022316438091906
33153821,9,0.8641208120160249
4088731,7,0.5803020962841722
26080808,2,0.6648587676956402
35454093,7,0.32644960457653704
10566382,7,0.35259824210976776
13323929,0,0.3956457330169461
12056115,13,0.5663712168064085
39642663,0,0.5752045092866863
12432130,10,0.2691735800443046
27098762,12,0.4044503949256024
38602963,7,0.7663123672778792
6834388,0,0.30913848132877353
37354691,13,0.27172858668377875
12124959,6,0.29658040668980146
27333915,8,0.5498745832039592
29517825,7,0.41332388177384244
35153942,10,0.37576747600333477
15603356,9,0.31014230030729223
20182748,12,0.9347596999377984
13055776,1,0.37885530856192356
2207875,2,0.3498279564478607
24739533,6,0.32259961375512014
36308320,7,0.2391909366060686
29861653,7,0.6320718877498696
24511046,1,0.44023478953498263
17633734,2,0.5073463585947376
34030573,12,0.5694785594869666
33426715,5,0.40388353997891585
23378076,13,0.5691105894377069
25898282,5,0.562853353677639
28003189,13,0.5079552534526577
24414647,3,0.30289455444070795
24060728,9,0.404151036906805
27670396,7,0.4077455872995313
35425476,12,0.4113259660041061
901704,4,0.2518133768567766
26428941,3,0.6231233246700462
6321795,12,0.8733423818588271
12785133,10,0.276034783271318
15649257,2,0.5474710278244213
35735064,9,0.32773134318707503
37174909,13,0.6160636818947273
19200608,9,0.3643883698892791
14905866,9,0.47961216201080326
23599650,1,0.35594959941991094
19657301,4,0.29388669757777136
19394099,3,0.36009039551548383
8247151,1,0.20690726216392094
22648641,3,0.5500193128172667
3460867,3,0.3402268273817122
3936798,0,0.31577411685701895
36442900,9,0.3274413399807187
18700929,2,0.5388834057479905
34434353,3,0.5212202700631723
23066149,6,0.7388705765629274
13854472,9,0.8160607781666526
30492556,4,0.743557554929453
13820954,5,0.5363416219710831
36766355,7,0.30691443183293815
34020508,0,0.7574505688184503
30990342,7,0.3516697350638882
16078366,10,0.4122493292307137
21393454,0,0.37838394637285394
19160571,10,0.6927102058968961
18129860,5,0.3728605457327558
16797459,9,0.803117279117046
34323570,13,0.6977227988029435
6678266,7,0.5764715475464478
23229649,7,0.4485478927691629
16746609,1,0.9143327648987704
32697958,4,0.36337337465357505
36590898,3,0.4395448227233381
28551122,11,0.5305261658272903
36076136,9,0.9944900562763399
3762199,13,0.29431761999961853
34004922,3,0.36399956722022975
35620938,5,0.3068349104388363
24212450,2,0.6016186038994684
6031007,11,0.6408614177953516
12623571,13,0.7871821474704823
8193965,12,0.391739972038172
38599261,4,0.6320171490911889
18657935,9,0.4636390158977941
32099273,13,0.6324189699153758
30082300,3,0.8019558510243411
9108238,7,0.5845632339036178
2939070,10,0.43151701581011437
14003924,11,0.34864655652433907
24806069,13,0.5277335613545849
35281989,0,0.5270821443587352
13324439,13,0.6724875179186989
39400302,11,0.41189601503644147
29382145,12,0.5972453205056734
16042773,12,0.31782049684377384
37733892,13,0.6942161049795047
35437458,2,0.5734837750393583
15898798,5,0.36742115195718345
35483111,9,0.41087734164886036
12925227,10,0.43999076816859845
17995668,0,0.36284779852086324
34187515,2,0.41735999944023666
24481169,0,0.3643652832098801
30654895,1,0.607208086303317
11943831,7,0.5843980502802043
1315425,11,0.34295945806740247
3096953,9,0.26624932348339464
7501557,2,0.5458266547039996
27554036,3,0.3360882542115414
33461115,7,0.3044427451960313
4525735,1,0.4264869405029364
14783714,1,0.35790859000452224
6243276,10,0.23623580100467315
30227503,11,0.5350883412542055
26271715,9,0.21384430527645182
27241726,2,0.396503745050972
3112469,7,0.2216084012305978
27872305,12,0.4040477199732578
33373465,13,0.2762383263248843
5966852,2,0.30125999095659467
15933588,13,0.7294378732027176
3137685,12,0.28336418994299944
14660541,7,0.37638237361498406
38057096,1,0.4174186260211944
23255308,0,0.27719468104055955
31308318,10,0.4379537697837268
26313520,7,0.4675496441514819
29933701,0,0.38491317127916247
25397971,1,0.2372100112780128
28155383,12,0.38206778281279313
21682086,4,0.6740714282926132
10499258,2,0.3440658611266302
8543730,7,0.4260314052626091
28733625,6,0.7542689192410065
23737316,0,0.2298709067594935
27531010,10,0.6294928522110171
29931461,10,0.628528739340299
9223579,3,0.5440636858162579
30732569,5,0.4403348120421871
15118741,1,0.7257672621999062
37480466,7,0.6474649240098028
22402599,5,0.5764559870052487
29871621,4,0.6969363345079069
10513235,9,0.4079991167415227
27900812,10,0.3011948467226734
30449763,8,0.30713518145643126
5853948,2,0.23956090456930013
8718878,1,0.4103118418681157
12995925,11,0.285487722983372
3139922,12,0.22401601505357813
39946750,1,0.3730039974492229
1224585,6,0.25098266643877687
34146628,5,0.3757650666262281
12014042,13,0.32009947124905946
28209329,0,0.40212971668074593
29612259,10,0.6133773883334968
31124329,2,0.777343714422255
31130450,6,0.5231683588764572
16307640,5,0.4950382938568092
36702370,12,0.5929922750230429
35402874,5,0.5008313139106956
29682133,13,0.5322849885329523
8275746,8,0.3987063622555257
28664813,11,0.38433384377078245
31728810,0,0.5297095084741069
4616272,2,0.6242380572539279
10545041,7,0.4706976979570968
38985598,0,0.25831161829393023
11487036,7,0.6862582032715637
35678215,7,0.3391374524186386
5249917,11,0.5997984635495133
12651618,4,0.54227812191326
32550269,2,0.5020066557133699
8749505,2,0.6013326271830709
5263712,6,0.649433002557162
30771652,13,0.5180112239755034
31328367,8,0.8384453266187206
618827,10,0.5858152333475842
23846973,7,0.34677389951747345
27468051,9,0.3199243408572499
10693808,2,0.4845716956943921
34544588,12,0.555400140308572
31621154,10,0.2701752416756789
25311754,11,0.3190548393639924
12885860,8,0.5149216350341156
31393322,10,0.39264321650793155
29030682,6,0.323145877430969
37840809,6,0.4519508601259832
25455462,1,0.4030478601950006
9933920,0,0.2853149076754583
16903409,5,0.41703907029594744
35963592,5,0.3642284739040482
1059594,6,0.9818729243035427
7769419,9,0.6407280015938553
118467,12,0.28764202616366047
39879746,2,0.6757250134364895
17737638,11,0.38871746376099875
28038453,2,0.6853331338833316
36186554,4,0.4036162441354206
18647236,2,0.3317937337965678
22874513,0,0.30698333184199056
27767662,3,0.4462560868440732
5791766,11,0.3221290312386556
10340439,2,0.37060255971886985
8647735,7,0.47487382842166526
39734304,4,0.8126022220657493
22002726,5,0.36854482256832677
14896982,2,0.29995081248568134
18899648,13,0.5902762148360581
11062773,5,0.2981253121754399
31436881,1,0.36633653669458865
16198789,6,0.8287126055063937
28074495,9,0.5681134569786188
36693486,11,0.30523726474576135
36907242,10,0.5334203720545856
14694834,9,0.5966215779529338
28440708,3,0.443288841744682
24705646,2,0.3376400053848054
6094171,2,0.2579782958993182
16953149,10,0.5393253361240371
12864911,7,0.22665257635161937
29321077,7,0.32541881395331046
33176278,3,0.29639281006426993
36212494,11,0.6746213070450755
6474549,5,0.5596036074794437
21659375,0,0.5457706024183094
8402176,0,0.4157077490552132
29590988,3,0.5307845098534278
30233109,0,0.7386465149124366
36377688,0,0.36603828311619846
1998261,9,0.7121406054743216
32608199,13,0.5454110229359674
16774889,7,0.41704184429553026
32930452,0,0.5085859365352129
23784905,7,0.32357428593236887
295670,7,0.7402572407110412
35439244,9,0.5905491967682975
16517303,6,0.26129803019012326
28694021,9,0.41093632304736744
35945362,5,0.7682890777746615
35104067,12,0.5504891669842599
33493723,13,0.3028677739275928
16332861,0,0.48992929092981
5638334,3,0.34436314498995246
36795745,9,0.7856274131842419
28228218,1,0.5962643834578615
37959724,12,0.572160253948936
35838690,9,0.8764484298849258
7117318,6,0.6977339276971667
26558617,3,0.27469767123364525
36757965,0,0.7856638756792438
