Id,dominant_topic,topic_weight
28086865,0,0.4270219790447284
39663117,4,0.9227560428151673
37259168,8,0.779927236094404
22412231,8,0.48451429823232156
25090735,11,0.518315804654255
25279059,1,0.504252039198467
22719224,9,0.3440786322611807
7549662,3,0.4899352082491255
28233633,2,0.2775653599300343
40091963,4,0.8275304821286603
1366274,7,0.38309115367545693
1751959,1,0.4690444082946498
11596423,6,0.4467337276629395
23042962,9,0.6322271538376267
4638806,10,0.2451969754175528
4585692,6,0.39760518404008843
39397720,6,0.267410317236951
35880247,6,0.5538432820311573
32969757,2,0.5146231156852136
2323080,7,0.33058797522531447
32535816,9,0.42126768566429024
20383151,3,0.6310392764835352
3610071,6,0.42429985881084126
13596408,6,0.758463507200349
39970303,6,0.4450122582618758
38164587,6,0.5309650778390259
19094441,5,0.8294512545696205
26077231,4,0.4158048895526303
39066567,4,0.3492065334923914
27462337,11,0.303124080446791
22865573,1,0.4874032471132874
22739592,5,0.4548166629762902
23785155,6,0.44214254111396917
39231607,1,0.5102074227876678
39518350,1,0.4269037428152668
25571861,3,0.46833574736482475
31614866,0,0.9387258648497789
15745418,6,0.36170426539857875
15900883,7,0.5039280920256397
32023183,1,0.6229359345531057
39549494,1,0.7055273283599024
38895185,2,0.8721505635274772
35792905,6,0.8841848030481765
17717282,6,0.4381767795475053
11040626,4,0.862471644859527
36747114,2,0.3238026058785934
3695202,8,0.24601642170624544
29552575,5,0.6953505430666708
21058514,9,0.32911110365734164
33769143,9,0.2633078607455813
6239042,7,0.5732697702271577
13144158,6,0.864738475934419
34278866,8,0.3995638762198146
26080958,6,0.47479178499309754
5834054,9,0.33926454476481555
25705544,9,0.41700374643342003
27542341,9,0.7833160431307566
38316294,5,0.4176636933053668
20110006,9,0.43389374471996034
33127008,8,0.3366673193564688
18596189,0,0.39225970301485963
2483840,6,0.6313260336675494
20803932,3,0.24027779484535555
4848965,3,0.3461248795361371
27056575,0,0.7924635499704229
8701419,10,0.5729348228501099
4690155,3,0.4013396488348783
26673267,2,0.5460185522418328
32463870,0,0.642030634453235
36908926,9,0.7422967440558719
19472499,6,0.34789694501203805
38780122,1,0.4856236762265066
37015876,9,0.29149286402893915
12030085,6,0.4319456755206987
29859761,9,0.37677898623026895
33753832,6,0.7425973954655211
4676973,10,0.8444894500938745
39111903,0,0.41801061076848095
27177212,7,0.7796096341681658
22108306,0,0.4765563815577114
38792077,11,0.39524433774303674
32589767,6,0.28080892729210927
3402694,1,0.3570878754848255
35942081,6,0.35675646692654717
26753268,5,0.7483699970832126
26487648,6,0.47571383974742154
19338748,3,0.6434463399115469
19111047,6,0.6579651433646495
13980656,0,0.48482048771172287
30849351,0,0.5949859899321162
33655933,2,0.28115020318420936
13163895,7,0.36637145079859923
13356680,0,0.37706068121112735
16991754,8,0.5307314666805539
18380766,10,0.815447878270553
5522524,8,0.6777179683681982
39521924,11,0.4689982457033498
36795424,3,0.5074959209221811
19665125,9,0.4473840796302873
33792478,1,0.5704900366509139
4054254,6,0.4804125254380085
25109001,9,0.5761805117937264
2631311,6,0.4825680633229706
843277,0,0.3454161736097392
38879470,9,0.8725064322071195
32906669,6,0.9936522661186564
23873048,9,0.3472327401315125
31350589,8,0.5017624406479211
37730751,9,0.8525849846000538
11816236,8,0.357849307536088
11376381,5,0.36282066480533615
36053881,7,0.8323446973076253
13336798,6,0.5533830832469591
20298058,9,0.39135481876712547
3068408,3,0.2798254172793682
21465348,4,0.9801168564800894
37066402,11,0.8113377237075775
34394344,11,0.6139168729501864
36447378,6,0.3072354962736034
5075335,6,0.9545756275106704
36507334,11,0.6143365071189524
25709818,5,0.8303918592540583
35046142,9,0.7216304083167028
38591938,0,0.7447247248628407
37390827,1,0.9048778194516187
32683412,9,0.4178611531332179
34880137,9,0.5360887952677738
27434689,6,0.29498708499626314
34708972,9,0.3926042720580699
7765113,11,0.5908365367422086
37864425,9,0.37395070183945084
6107905,6,0.8552425676600803
39978375,6,0.4131488594180846
4968210,7,0.2708602455048208
25462305,0,0.4342965815863548
35641116,0,0.44930810288764905
36816386,8,0.583260494913056
34683400,0,0.7890709467743681
36820171,6,0.42947134151235405
26005274,9,0.7081151321750002
38477881,9,0.3048989583511847
10639333,0,0.531151307188851
25387745,10,0.8783155204337546
40113343,9,0.5694055352272317
29080279,10,0.3062602101849768
26615756,7,0.7212047676051448
6655724,3,0.4300145177279969
38876562,10,0.36526651386581155
33592626,6,0.7958011313748027
29144956,8,0.40432292968151556
23970227,6,0.40245801373942586
5531249,4,0.4124304517740067
35224978,3,0.5073124404938973
6650906,3,0.6798155507382099
24037441,6,0.22221415602193306
12311196,6,0.6046546721803693
1056675,1,0.5581461310386222
24020720,0,0.41020953604102445
14319771,7,0.7066257551654179
5289680,11,0.7300716732022264
19919987,3,0.363802307877943
22127346,7,0.5831894570127591
22983523,4,0.758209429276944
10587826,6,0.36228160076067123
29581718,9,0.2763779137801097
21897420,1,0.6657661248444581
24419845,6,0.7352010565904766
28624489,11,0.9148029612864855
1693945,9,0.5163640261834086
17124199,8,0.5195705003176695
21397455,3,0.905999761861207
16494824,7,0.27938743119711357
21436163,7,0.7020905145872424
18896682,1,0.6621367348247592
17621531,3,0.5262939140715949
36534795,9,0.8221003608416763
34381588,0,0.49507519594640953
31538738,6,0.4676747678523282
36813851,5,0.3135974698014023
17173743,5,0.48388931956343867
17327389,6,0.267213441209936
39341571,10,0.5499829671689312
18968660,5,0.8624395699970848
12485148,6,0.5078419922330414
32705146,4,0.48834476634561236
9584565,0,0.2950848971705633
39331369,11,0.5601101663364563
16059073,6,0.37595455436162306
31253866,6,0.9427199938011076
24743446,6,0.6758291738452856
2465675,2,0.45169411474511945
4713589,8,0.6459896339487785
19216046,9,0.4528906662203253
13369009,5,0.5231417536800442
37541248,3,0.24988322178279454
36518512,2,0.8522339816442718
29408529,8,0.3660379623832094
23617898,1,0.8095290136978263
40006924,5,0.6267635502355443
39394936,7,0.32630373546458463
34352419,3,0.6921012508417098
22731782,0,0.9177486292237979
19484161,11,0.46550934877390976
18352815,7,0.9781974773649864
4255854,11,0.45931502789887946
4717238,8,0.3529409670672039
38704586,6,0.7569445788696517
33572928,9,0.508671162772009
35846053,0,0.616172182037221
38343972,4,0.490227355077689
39396222,2,0.465261734094097
3842927,8,0.40609044072990985
15966537,3,0.5003579551302899
23154821,9,0.7857273694505164
23580176,6,0.8201492274913779
3489451,10,0.5355931112849157
34052977,9,0.4409419463378676
8358781,7,0.7369625085392727
5566160,9,0.4523525047457347
9952655,9,0.16250161980363267
5258402,6,0.6762295481522556
35822563,11,0.7899090279020762
11601629,0,0.5188567484655953
7184454,8,0.4587675936801565
23779995,11,0.4815076930135786
18767257,1,0.3713558658604459
10292057,1,0.3237808717705212
9193773,6,0.9716390847447751
15194061,0,0.4490737202276693
33452601,0,0.5017053056602472
13664861,9,0.3783159958118833
29922373,1,0.49624618701013185
28410763,9,0.26229864457562974
35006204,4,0.4606193606599774
11017984,5,0.4984595750578447
10459673,9,0.5303423392449917
36854690,8,0.3116117957088921
20129259,6,0.634666450474703
21434728,8,0.25698915271738004
18667053,7,0.5863822387957244
39448604,7,0.4409738104018411
9852226,9,0.43981018982345194
34452680,8,0.396050744128378
18821795,5,0.4375510861400879
10903748,5,0.5797336686020949
25375057,9,0.26821487157291635
32723802,5,0.7285247567580828
16044668,2,0.7369844018396423
26770121,11,0.6342170219213219
15661231,9,0.28604939695296705
21403044,2,0.6463832146184044
18946286,1,0.46511518845667554
35625488,1,0.747654996062371
36301179,6,0.5723119736741518
23963369,9,0.4868586219864172
21047921,9,0.46626515260872636
28677597,9,0.9574618084552844
16597396,7,0.44951035119024524
19430190,9,0.6460304329087796
28085788,5,0.6819680651205587
16664360,11,0.24071414242805853
8973238,1,0.43886435702747256
38343213,1,0.4109476303051657
16329869,4,0.4579495681987635
14621310,8,0.4502153372504986
27524817,1,0.4763581008182845
29029077,6,0.2802516195352054
8573464,6,0.6009631753465092
28930706,6,0.30432808961893554
18486244,9,0.4097268770475335
28384690,3,0.4500163199782194
3905548,6,0.5005881237882064
18689026,9,0.27761214593998845
36689898,11,0.39973667920386785
5513615,9,0.5951845059181451
14902299,7,0.5374214960556006
38579256,9,0.8532919385056261
6871686,3,0.6764181635117221
10424987,9,0.5117632813779578
33492593,0,0.3038728741860918
27440989,10,0.3452349797923491
2193009,3,0.6373310457923125
31419145,6,0.6714876334287004
30025502,0,0.8006537820445646
15265319,6,0.5086811231040459
38289432,9,0.44259953791601025
36697521,4,0.7410138307282926
38038700,0,0.35090709966729344
35440222,6,0.5417351880420713
31400143,4,0.5741628260631464
9014056,0,0.3727321573097536
27118886,11,0.5657539179954213
40027392,9,0.6238611124466835
32078763,8,0.46502827156057747
25064271,2,0.7709991483908146
19833315,3,0.42978883304419185
17202946,3,0.38810909029255397
1258199,4,0.40472849613735706
21705101,9,0.28574886713450787
29832659,5,0.7627965054859672
16816379,8,0.3539443586782867
20202639,6,0.26595879709141956
822195,6,0.4090419731188752
37467812,5,0.34432292597900627
39847007,1,0.5803297340102108
11268039,7,0.5829097659371226
29621334,9,0.7613802638020348
17459700,7,0.2950922480602775
3165213,0,0.3180612676913665
31473998,1,0.6624094412207328
22301531,9,0.48413747124378387
22787091,6,0.28259982107036147
25903242,0,0.6060376908283176
30699806,9,0.43899305017435064
34071495,3,0.5376986334452813
39128412,3,0.8311696575066758
37749111,2,0.49999733732422863
14734492,1,0.44855882841545464
13167852,8,0.7852233529861438
39721813,2,0.5442143067365648
30444863,2,0.34249229928605446
28228720,0,0.21933130647915317
30016119,5,0.6169075130101501
20109487,6,0.5147322319860355
35461213,4,0.4865598133229927
17528842,9,0.6210855963496603
34133667,5,0.6252496932715247
13446989,6,0.5653461229642679
16435697,4,0.5405872538296421
12612229,8,0.5288066130085337
17412087,6,0.6185701207526777
35505498,6,0.6494808830455363
34422238,0,0.7260449042001899
27810898,7,0.40869900309199925
17229045,1,0.5635653121224911
22254151,8,0.6365683102006978
25319851,5,0.5681273425614701
20966102,6,0.4491054046005431
38117824,8,0.4063469649539805
17384485,8,0.3812115497443773
8320106,8,0.5945435055935033
39151443,4,0.7562576843757448
992136,6,0.9892711087411534
26984555,11,0.4025316905333224
24422724,6,0.6065063551668562
19693782,10,0.7551248321482389
12139428,11,0.6074415167101095
24286544,0,0.6796103551538702
14863576,0,0.4908440206101835
26214245,0,0.48612886842631153
25379098,6,0.4104164607330844
9526873,1,0.5571663414531652
7385374,6,0.40084414881969743
928806,3,0.5103918552057578
3861148,10,0.44826633342610933
39533524,9,0.5269521611692995
31946790,3,0.39232821957051434
32689758,5,0.8405481960458646
22946117,7,0.4467706680067324
15555589,0,0.3509169186121511
3134850,11,0.3517503966565402
10831075,6,0.8665837122151534
20629113,6,0.5817945453644254
28917968,7,0.5742331854865744
28999332,6,0.5035277528396213
21739518,6,0.7704322798781172
18241359,5,0.5711778070465938
13010551,4,0.30112780677436307
11651188,8,0.4709131984711649
9100431,6,0.246723711897281
34657480,1,0.2834202243364437
15898829,2,0.24404687443192238
13729394,11,0.5255851527798958
6603448,8,0.3496165930127868
4293408,9,0.34907400810283984
28862412,4,0.580112453604397
35590796,3,0.3920152442283293
21735827,0,0.3786865066074041
23111625,8,0.3440502400568641
13093806,8,0.6473444640306314
33426634,7,0.48183438935699524
30032701,2,0.3252889241590689
15622082,11,0.4993513656668133
17819311,3,0.30015598891030515
7381998,10,0.49628966256720475
36169342,7,0.5349013403756944
22120887,4,0.29418175180753997
11850762,8,0.3787328963639335
25726289,6,0.46235720463464464
13792798,5,0.5303887958274961
31657423,8,0.6701570243049709
19655688,8,0.5495056537695842
23409982,8,0.43065758205743593
23704826,4,0.4815055431466485
8535913,9,0.44078167766001436
24540431,5,0.8530574222586804
23021976,7,0.3500183693170729
7199405,1,0.370459397765077
36447597,3,0.45005232393804734
22386064,5,0.395710183739969
32660596,3,0.30547917924497836
34662357,8,0.41019114636286286
37166891,2,0.40906851043181713
22411463,6,0.7199336957316045
8953035,9,0.560251572738087
1905396,11,0.58609791029588
27208757,10,0.6586193391561341
9645924,1,0.5900378772027051
39509080,9,0.4680397026619541
11366294,6,0.38297721977177007
36385992,6,0.6935518010145787
7969552,9,0.5878266384653927
29418117,1,0.6830119236839731
9486345,2,0.31014352158794134
10773372,0,0.21241939450125732
13936169,9,0.3975411591929267
33680750,5,0.9385616637231861
29471617,2,0.4474174173384596
33971496,2,0.8027057027260881
35585362,7,0.3468072784653398
32177449,3,0.28744373646690924
11388632,11,0.325841684807201
1111173,11,0.6312228831442818
30036443,3,0.5236886965752717
17320133,8,0.7887158415956993
12853628,8,0.392981903015677
23159019,0,0.48625522296530577
1956249,9,0.3235285217713139
35722096,5,0.3171049067785398
18799033,6,0.5080925107615039
6438260,1,0.5878433810776149
19782309,9,0.4191880711053289
13018266,11,0.6882296348458082
34336273,9,0.34728395405061124
12851374,6,0.4797124961822587
15821830,6,0.1670373267223214
17060930,7,0.9194860748330612
28267756,9,0.7478728192055818
38778676,1,0.4123031843779309
32358269,8,0.6510866409843545
21886526,10,0.6402203669810475
14413661,10,0.6763134955544045
4113014,11,0.4552423870435184
26897759,4,0.35868735429060306
38618888,9,0.2863856915504455
3442920,6,0.467920483307938
23800972,6,0.27108830255660293
31063601,6,0.459267930788456
28705834,5,0.6563869816640727
27607638,4,0.5091141653001696
6931039,9,0.5177078741173359
35761561,0,0.7393382434218395
28288395,6,0.5637343019704879
32874900,9,0.8769030579802309
38071436,4,0.5246081750232636
27219759,7,0.32542031732306553
21158731,10,0.2818368143178176
26361113,11,0.37407722098760343
27034416,9,0.47299058604191047
22253695,2,0.44519343364343134
11622692,5,0.8902433761345964
16837642,6,0.5190149831113791
3894923,8,0.4821188094882433
17438943,7,0.30180320485104195
37732552,6,0.36927548360024604
23809636,2,0.9999999999940309
39143465,6,0.5477906139001837
10866990,2,0.9232504299686362
17197406,7,0.9001082081697852
2470121,6,0.4960046635688927
34005479,5,0.47678479520979006
32079691,9,0.6345337931872377
28477877,3,0.6275674102724594
10497342,3,0.43179325499357707
22534552,7,0.2436170672111415
14922533,1,0.6940049789083892
35593961,6,0.8139104334837337
32141623,3,0.2574184299234494
35583510,10,0.6060606894675853
12170262,8,0.4273169311919504
28022998,0,0.9106132908018114
25775965,7,0.3651357248334463
22891586,10,0.5102849228656915
7973002,6,0.3969480833090081
11798323,7,0.420633177691146
35330733,9,0.4534460515958502
14429724,8,0.44414305264334303
18598238,5,0.9529288439492195
14195544,11,0.40233258470285355
17005775,3,0.4273622305892152
33325603,3,0.3985853667390473
16787725,7,0.2494837695367718
38960196,0,0.8144855249354654
39829846,6,0.28959667279902435
26278348,6,0.7441538144604782
6203653,6,0.4989207656120577
37865763,4,0.4954904543857499
36491375,9,0.3711437446876597
23833324,6,0.5431544383309135
30585679,5,0.9886494473265601
34462682,9,0.7252689203154097
18456841,2,0.6996092971947874
7070693,6,0.4572986446263438
16387597,9,0.5020389150425634
23295868,2,0.47058150644176494
21045437,3,0.4212770359599232
32334346,9,0.8686320788467361
12810499,5,0.9614335293552791
24109713,3,0.3186919360284989
23891486,1,0.38433215532517245
36362175,4,0.5655636961937265
29701951,6,0.45177410093575887
5315873,9,0.609392037757136
40140412,7,0.631681641389655
22436864,9,0.5505019896732721
14236633,11,0.37565424422271976
38881888,9,0.29094082591300696
38807067,6,0.23110778741655658
22848533,6,0.5226195735061703
23711762,6,0.36658399745692516
5164307,11,0.6295472277768808
3898572,6,0.6977294943166172
4360636,6,0.5568398567012106
31402734,5,0.34414495158126035
23872285,8,0.4633154735622159
1431936,6,0.8552208654408053
39407747,7,0.3095184783831443
27883769,5,0.4403025804949981
4888440,6,0.44570996258501683
37022787,10,0.3906651491089337
24624809,1,0.771391689471666
19610240,11,0.6672422439621039
19617959,8,0.7563192660899328
34714863,1,0.6252210473291933
818942,6,0.4706228680308253
29244434,2,0.607394144718152
33333980,3,0.38869271262269334
1229414,9,0.4214317752889409
23506306,9,0.7663525426579462
22603750,6,0.9182528062501676
38723055,11,0.307531774306444
39836449,4,0.2523064678903747
34411047,3,0.6644453698055849
33979709,10,0.4108549427687921
34525893,9,0.642888625110526
12328678,6,0.6187411707870042
31111493,1,0.9215540758968952
38367206,8,0.5854834463834161
22665833,4,0.6119462809640034
8779497,7,0.8236658272040415
28722677,8,0.5011249845714486
38384829,6,0.5190209601795671
13824973,4,0.7577185535196357
9770133,3,0.4993815047689071
29566846,10,0.48857973893715645
14579231,3,0.738535386685611
33658216,8,0.2762544211102057
22561495,4,0.8446810485918026
5918633,6,0.6457431567239346
34383951,6,0.6708023110990605
27575354,9,0.9501378050238551
11228153,6,0.35159740315602184
3407414,0,0.647607653493151
16813088,9,0.5878693052718409
2038247,6,0.6170146673892412
33713149,4,0.3957058351462799
5445462,9,0.8037015488440133
31872863,9,0.40624678588280677
3486372,7,0.6194147919165873
17492923,4,0.5056689666079495
24058127,7,0.49602044129336775
22787826,7,0.5567701430828257
24404729,10,0.7572555442085429
7768633,7,0.45260383831860607
8930370,5,0.32129386943503385
34584484,0,0.3972572900320583
17370820,5,0.5094872066882398
28658918,10,0.5099324501184382
25285665,9,0.2773240901315785
14588682,6,0.320307804265241
23205147,5,0.7788245303411385
11897028,6,0.4550661447787985
28078327,6,0.4978106189986381
26698401,9,0.5452670871972003
33720318,1,0.787366866822498
553019,6,0.35396794426208306
40121221,4,0.33808061995401134
31960214,10,0.6153547879796655
24981505,5,0.5767813318155781
24607358,8,0.6756868609586586
37302934,11,0.5747513075424988
23839662,9,0.8383774005523547
29901471,8,0.4466337154518617
24834926,7,0.3471243988538198
24087593,6,0.36179628345735915
36258215,0,0.8085668190024692
28119877,3,0.49181132942104194
3730616,1,0.6624964562749066
32991977,10,0.4753135581943759
2828962,6,0.38926133855364825
32040304,5,0.7057889238622822
26805232,11,0.2972452359053497
24056286,8,0.635389373573434
21039589,6,0.5138341055609666
15807611,10,0.42082999054455356
9870182,1,0.5427529520324637
21922382,9,0.6540053887592528
16500443,3,0.3736026185307709
22156574,6,0.42367630075848994
7829007,9,0.4511860984217262
33751388,4,0.457617639126965
7629288,8,0.39883209899281175
22133696,10,0.6111119697196634
32121236,0,0.47270335619387155
2828059,5,0.8212743597925486
2041978,7,0.34344108897237513
22251169,1,0.4700378593993086
15258017,6,0.3210513398059324
26187054,4,0.45621070843406775
14258702,7,0.5984787250216373
31949339,7,0.3264383111654922
38679516,8,0.34679643118994
27194710,5,0.6484987959420216
29847082,9,0.5115059122631515
27959962,3,0.24078457790535762
25914854,8,0.36273409552298796
19261392,5,0.7740789015663272
25490432,6,0.39273054824670756
21640880,6,0.6318181042067442
25455067,4,0.8475461719258498
27790357,5,0.7041118570305125
8449454,0,0.6979323971594561
19169352,8,0.5424267017501174
29743523,10,0.3153771270458481
33657182,0,0.35704310920656057
4295799,3,0.41364703903446776
39084519,5,0.6395352163506509
25720742,6,0.5835116184933758
35540265,3,0.3390727231191639
15947517,10,0.8077330525611409
10475448,6,0.5354094027699722
22878113,9,0.5283179626839535
16022579,2,0.7621042076450596
35984404,4,0.36485768809504676
26876438,6,0.42047909266269334
10018679,0,0.8864546272764406
34257693,1,0.7353718336848795
31795092,0,0.3615185228451076
9445835,8,0.4140598151834022
19527097,9,0.410197548895429
14658945,5,0.9356248204779811
762764,10,0.27055828822759936
24591917,9,0.7602141817529877
38237598,6,0.7271203745205861
1842389,11,0.520721950568
23618728,1,0.4386557741518338
29545601,10,0.4556860154808838
31307014,4,0.6324643251338138
38447314,8,0.39258851975528164
14621224,1,0.5563759959176233
2415842,3,0.4449045631884756
20502312,3,0.607198032137769
21113773,8,0.35430557281548053
31487381,9,0.3624988538625863
16700779,9,0.36389888411931964
14533936,9,0.44296908807653523
32485542,1,0.722511261427965
32813162,0,0.22261701471090878
30834395,7,0.4232414719831159
33405490,2,0.40059260871750846
28882496,0,0.43759698318125123
7556499,5,0.7117078582879288
32740320,6,0.5558521793914402
11481618,0,0.9240557117819472
24376574,5,0.3528825462561018
38219558,0,0.41797263067646223
28520450,6,0.7867118560579479
36131003,10,0.526228763038837
8299270,6,0.46222124814301685
23234436,9,0.3166181823073129
37830512,5,0.3516985875133588
5403138,9,0.5900612352610743
37662869,6,0.5424105089150925
3586295,7,0.7694723471033612
35258750,4,0.6477462987606986
33713501,6,0.3318698839564111
24057239,1,0.4503862798656948
18478240,5,0.5304569613204959
35696980,11,0.6029509019532185
16022245,0,0.8324902348091391
2524998,5,0.3038858222448832
35332978,10,0.514131371320359
16981303,8,0.8433605604490472
34662173,4,0.2507330643516398
37471079,8,0.5128508470672839
6162823,0,0.8116110821608447
36163949,7,0.8068365237430131
15378537,2,0.32459430317373117
38708729,11,0.6738365580934556
16110968,11,0.9021170090649393
27772934,7,0.27594586212836025
21784116,11,0.47390849089609566
11824137,11,0.6001879643715045
22899536,9,0.9237917149098526
34322896,7,0.34483540512282995
20444155,0,0.5220031117218379
15541418,9,0.6454967804034213
39776675,7,0.6423189125867541
37019240,5,0.4100374731935541
12559778,1,0.514587013865034
12658224,7,0.3560667052534191
30380551,6,0.2954809093685678
39214277,3,0.6285355635321713
29973598,6,0.713106900499395
26642433,9,0.8791965025981202
36152287,9,0.5667373671015478
4098197,7,0.24037287414329753
36894878,7,0.45463346299032315
11059203,3,0.3447516960230586
39792641,7,0.4717441206907609
1364583,3,0.5731547351229477
6912867,7,0.6323720376395673
12289861,11,0.5247949541184805
2743070,11,0.4634667433623843
19715854,9,0.34565153912194885
26352833,8,0.5958825364113356
15638468,11,0.33431755271043295
18117748,10,0.6704823884106316
18324753,2,0.20873224646568833
26762053,2,0.8025490878437112
18915481,6,0.400404156923619
21285022,7,0.4436030633046618
1720743,6,0.6145916544169117
37579590,4,0.8057688618196889
6322158,6,0.5839864759690089
36091759,1,0.3710387884633203
36764709,3,0.3918044243493632
8590813,8,0.5323071795071587
8904271,0,0.749003324973204
13209539,9,0.3492863003183201
32877873,9,0.8856872755717586
1325568,6,0.49949878010111687
35287254,6,0.48553741200631845
34957004,8,0.6407126095358034
34064104,4,0.21289650945584748
38808452,7,0.5015242387663147
14006028,11,0.47257804216393745
26683509,9,0.8981454474467712
34755256,7,0.4901446087864885
20136274,11,0.44938641956268677
13111025,4,0.43693676990330116
18838328,8,0.49366535715286536
27284196,6,0.4078791171485734
27990497,4,0.5047187465949678
18581174,6,0.31831505662328263
33929929,10,0.6211833871029686
37289559,6,0.3348907863612405
18883222,5,0.4048134096425356
19441031,6,0.585161672061315
30293680,0,0.30582633476779
29300175,6,0.5941557457035376
550804,8,0.2811833973812403
19228711,6,0.2997732931738673
38361224,8,0.2737396918087677
4476354,1,0.42584362030194595
19961071,9,0.40309385713563056
39408038,4,0.8419445270852864
25663653,1,0.5582928789454285
23378498,11,0.46149670071056226
33442872,1,0.6985239931106518
5772148,0,0.4983074735575703
29641616,10,0.6388486055487486
17039151,10,0.3064209021069447
32239077,9,0.8784312365642691
17088224,9,0.4727121123607242
10011302,9,0.2930233911987626
34576409,3,0.6671404858113011
8934530,0,0.9015975179158718
5234944,1,0.49697172848891785
19545979,0,0.4377240811869561
15881439,7,0.34884007622333224
30746167,5,0.6942085795927163
25429219,11,0.32572959736948864
27827503,6,0.5108640687442988
16820635,9,0.39743255344001355
8674426,0,0.2852313974900993
20602488,9,0.9590422049841962
35825289,2,0.7355442414138474
36034926,1,0.6981035755255718
28594000,6,0.44242187965941066
31577926,2,0.5114620027553376
33303952,6,0.6949848396362719
21366021,1,0.4738474482133869
25028105,7,0.4975219080999447
27973941,7,0.3184902929259561
30492313,5,0.8133162110243929
6335906,7,0.4483042156897761
14779216,6,0.5110487738201347
10599347,7,0.34746925869737
19915264,6,0.3696227491537984
20341650,3,0.5533011040709304
22244837,9,0.5633146277427148
36612981,11,0.40571050670107484
29997186,0,0.999999999979974
4782028,0,0.6478260330384593
36068943,0,0.3673602753215891
34856717,8,0.3551875602140191
7389109,9,0.3181123025669045
29591313,7,0.526601166249413
10860774,3,0.7035537286857365
25543741,9,0.3551987573959848
35997393,8,0.41519968286962944
35871625,8,0.29797372760918617
32731554,9,0.4218888231138749
32821143,4,0.374254188195019
16705670,0,0.43559979371837887
28128514,6,0.5382682839267443
17887503,3,0.5153759912855331
35692719,6,0.5345519529208753
21282039,8,0.28629324767567094
38528332,4,0.37999485647779885
36725130,4,0.4941523674456933
35998123,7,0.2146087315820272
4065085,6,0.3800696219500809
14355642,3,0.7961194002023736
33067867,5,0.7597400984141733
26741204,4,0.6723344009393034
8158536,1,0.5786759026595981
39580929,1,0.7644441728743487
26711396,5,0.8406145150190659
26936345,7,0.497949727779654
26295092,8,0.4050337503509123
14924795,1,0.6748683579914885
23355661,7,0.3072993485400441
17398040,6,0.7143695713119036
35423366,5,0.6814846729752699
8764895,6,0.8930149329490905
20600527,5,0.34529810287054397
14609467,1,0.516140034400906
34574351,5,0.3112737092083688
21309172,3,0.9000844860295978
21713148,1,0.5329275448519188
28522671,5,0.7500379954488531
13440956,6,0.48543472679528
34216141,8,0.795357829687418
29363697,8,0.40812331045782235
31806428,1,0.48957265120035715
35407893,11,0.6098914592325577
21370722,6,0.33267791597917384
36923265,6,0.717302703865399
37242036,3,0.3177356204404327
35628640,4,0.5693161398389478
11387439,3,0.9562294893478517
11580789,8,0.4345299794037167
9937781,9,0.3831756632593419
36425234,4,0.6627671988990753
23103370,5,0.7561369687853455
13703295,3,0.8192804033976272
29796140,9,0.3058692240754846
13711187,9,0.4834504331016187
31468597,0,0.7207605729694698
26949091,9,0.798500758821324
18064914,10,0.4511750910658228
32033557,0,0.3804766596274668
38877102,5,0.589561143714764
17220997,7,0.5737533614174899
37661073,4,0.7336201942255746
11280464,6,0.6715207758905567
34315152,1,0.8474186482338182
11298909,5,0.7844787216499731
29489717,1,0.40547351961371464
14898089,1,0.5505389764353803
26321618,4,0.4963422674416659
39029632,5,0.3178507578137681
22557758,1,0.43137847476720576
6165819,10,0.6308306042405748
5891359,6,0.5674346798036579
30264461,1,0.6487283961671032
23420021,6,0.5617047622354985
5812318,0,0.5207179431325732
902039,1,0.3751358887631333
14532634,6,0.24736693066697288
21392956,0,0.43924827261003047
21699022,6,0.32199586754640414
20262687,8,0.5363164835871176
14184623,3,0.4293754436144812
10110295,8,0.7787588038636624
39366291,9,0.33282977714746687
18245975,5,0.7022775532103535
22876655,0,0.5320200438839497
25856475,6,0.35308106578965603
21175922,9,0.3880728169820336
8063012,11,0.40148070017742205
36738309,6,0.483896658570384
31388828,6,0.5662491172173952
39626338,6,0.2951428854111482
30405420,4,0.5051016127391199
30067180,1,0.6882376202301624
9914393,6,0.5605942368501667
15442717,11,0.38952900457804895
1181233,7,0.553745543048077
29775539,8,0.564280500068722
6649990,11,0.49315701629488906
29794853,0,0.6016828864219997
14850960,0,0.7558897178945249
33665542,10,0.714364768097542
26527493,1,0.5956679061429218
28759361,5,0.5163594002553252
36386761,1,0.722950501067227
144218,6,0.5660200749983058
33335937,3,0.3377431595908588
12894154,2,0.8345149896701748
18131839,0,0.4503500546415702
2591580,7,0.610007785175352
35356198,0,0.33217363223725677
26106833,6,0.3509959556005563
22331396,1,0.670828527538676
29590189,3,0.8038732703886192
38906797,7,0.8567700643602743
23935029,6,0.7211992497570734
26822873,6,0.7721908915923981
31348238,2,0.5909543363858423
1554673,7,0.29729234675540767
17252024,4,0.33191437846906013
32325075,6,0.4567488281037274
10368153,7,0.8926285647911929
37432161,0,0.5258290791007623
30636248,0,0.7842607458532548
21153407,6,0.99999999998455
39355483,4,0.281374205548627
22135108,9,0.7321269038969591
22179718,8,0.7528318339558117
1672113,9,0.34793497226639897
32705280,2,0.43137213979695654
23210644,1,0.5595393507405706
14199168,4,0.6575834887846521
29972991,9,0.2945244083885288
31878409,6,0.6849640756842249
26166248,7,0.9390983341527699
19604825,9,0.5316409122151454
19544545,0,0.9712427253047318
26441236,6,0.6037656928513168
21528899,3,0.4846064742824936
18692818,11,0.3129243588685567
25407738,1,0.5292677919389108
31644677,9,0.8066423333032329
27651993,11,0.5868921911307494
12182744,4,0.4747989016690138
33914593,6,0.25285876987421574
30754926,4,0.784814245611983
18428457,3,0.6452764879793709
36210157,0,0.5751343776405241
34706485,4,0.5815465586558138
36163147,2,0.5732302601854857
28951256,11,0.4432139950206419
18472826,11,0.521664428786456
10818445,3,0.4456413570159482
13143218,9,0.49958365725301024
26887558,7,0.38455353866517156
20456759,1,0.3420603850199745
30354380,7,0.447212024652756
33314704,9,0.44820838790485634
4106332,6,0.37102497213740004
39450903,4,0.6499744590773714
37659066,7,0.49710832684996215
18615022,2,0.6205968217491745
36014646,7,0.7004447004183929
19376994,3,0.44372839849561235
27000754,1,0.47755116393250596
37454726,2,0.6509521600086516
13754880,9,0.5429498141917596
34005062,2,0.5301300144202807
39976348,4,0.5210249884324287
9515559,3,0.4216539297105631
26188763,10,0.26915874366044545
39050676,0,0.5123970011795447
19132927,5,0.35098327000617935
23531110,1,0.6699014505247611
24785657,6,0.5227673043635885
18502197,0,0.5538284208157184
32868911,11,0.6642328263043532
22263679,9,0.4092168923221508
5415199,2,0.7149010436409059
19414060,9,0.4360458158338834
2680619,0,0.4576923905690135
22816409,9,0.622850309663429
27981595,7,0.23693628552844745
31436023,5,0.664164158126389
31605888,7,0.5199160869573006
38903443,9,0.4421481421068823
26440574,6,0.451839201826932
13179917,7,0.6676065855976661
27715429,7,0.403475662714379
31911465,11,0.39671258769278844
36789493,9,0.6289078627142641
21367320,3,0.3425808294035304
26002936,7,0.8739726793751403
28082017,6,0.22978150676733322
29467807,4,0.28837344313115537
7680343,6,0.4839686295962256
12945387,9,0.47035834119964637
30270899,9,0.37978602973317604
27999685,3,0.23723682226945486
22488693,11,0.7181205550387074
35685146,9,0.6648121424662684
30331943,10,0.7029786883977359
37232804,6,0.67450776085053
19012948,7,0.5846998079169796
22716035,2,0.3871628236036001
11959434,6,0.39884155929944315
37644773,9,0.3358132844570036
31655788,9,0.5653714502665877
18166360,0,0.6150019847740174
4698755,0,0.37911928414116575
38164191,0,0.4835996937899701
28599012,4,0.6120215190095228
31693683,1,0.25100171388440373
11462235,0,0.5357935758622252
28634422,10,0.5370477835825577
19791208,8,0.5064153630684628
36967011,8,0.4004125856215672
13703724,11,0.9278691377713282
14633290,11,0.528484209592564
23055860,9,0.6623015792586201
21848033,1,0.49484038814856013
30202445,1,0.4860496071427675
37058194,2,0.44063795344926354
29836948,8,0.26290480798528065
12868559,9,0.45360522548396764
23199042,8,0.49209568128375186
33804118,5,0.6630114762186381
14398868,5,0.5118469710800772
37530500,2,0.7369990789479123
28975467,2,0.4581797577913833
18312886,6,0.37601145778883366
35228991,1,0.4781574813368853
14828945,9,0.28341023127485543
4163740,2,0.3579292684563335
33597066,8,0.3878828031088254
37310695,8,0.40323909362884075
21649113,6,0.7506360857960719
29597831,0,0.9274232559864797
34818228,9,0.44001316479506475
36289259,6,0.28688242367329586
35922675,6,0.5956061757374577
32855029,8,0.589173547939944
19670697,6,0.2541528462793355
8979031,10,0.47614565870690384
1151207,6,0.6082060137335256
38358521,7,0.673045131243644
24062013,6,0.45430192497051486
21310797,7,0.41307622931617527
40063530,7,0.4870994491810895
7074051,0,0.6307781599162483
31353423,1,0.5991564793317348
30998543,1,0.6413587771779997
36607953,5,0.5946796175869696
33984132,11,0.31176370882246673
5972506,6,0.506070669799372
11636162,9,0.8561509641396433
35135979,6,0.364835038737824
16575250,9,0.4186159155939836
21189294,0,0.9894595305529443
27851087,5,0.751115396756448
31501806,6,0.3738116286061779
26941785,7,0.3540849702446038
19295832,8,0.5493163442636184
4922623,11,0.3776113783899612
22752467,9,0.40880542630044536
26328818,6,0.5501232196313367
17858553,11,0.7694823969865698
38876429,10,0.2817307889177505
29070176,9,0.41667474482588224
23343709,0,0.9999999999823834
26224484,7,0.23057582140734065
9270931,0,0.40363460941382207
33335291,0,0.578276282497066
32894378,4,0.8412851698229119
27885855,6,0.42031609582537044
22869719,8,0.290004508535563
22522330,1,0.7285463265231017
28614911,6,0.6869541914948526
34936193,0,0.42018536523806665
34447789,4,0.35826133807290494
32422279,5,0.46914096716449893
34897280,7,0.2394364032945506
32838397,3,0.283313727626109
10455538,4,0.315959601346279
32170913,1,0.6532264076992244
23759873,3,0.2564335427143871
7274521,9,0.3143828294503361
7881110,9,0.4546433859107935
27789298,5,0.3621962042168455
30289289,10,0.23909216989876214
21542301,9,0.6514830088948154
5903501,8,0.3956453030174699
25469869,6,0.9327942646629666
22699808,3,0.7791066251132974
3651339,3,0.5296837867679082
32427207,10,0.45256611564136817
36504073,10,0.4353227794284107
28178477,4,0.39520772352349437
37550934,8,0.40587328712543147
36066054,9,0.7789712376017216
4513937,6,0.4445149459247745
37493102,11,0.836721350142616
23716734,7,0.5668366478371358
29965571,9,0.272318817996573
16883360,8,0.3768602521475233
23006023,1,0.8803589128922983
25839183,6,0.3522628196715415
28646271,1,0.5351878609880316
24509307,1,0.8921659827428229
9375878,5,0.4008315290720912
20098319,3,0.43182703921563115
34525277,2,0.42067718730278053
31231115,9,0.5179113621800884
39346549,10,0.387055019451991
4131546,3,0.3310932934972311
28521142,1,0.6347902812263617
27434153,3,0.3453475508903159
20391489,6,0.5966621206938988
35550913,3,0.6718757840930413
25492346,3,0.5963854014579175
20441762,11,0.801989330494363
31449291,5,0.3596306905345505
26923433,2,0.9206257950740768
27000546,7,0.627022671665924
32376579,6,0.6893741674102071
27289344,11,0.30261772384620406
29704164,6,0.3822908755882163
21607965,9,0.41817299598194885
39297328,7,0.5340348387085964
34687818,1,0.3870129611740447
20462833,9,0.5874292799593438
39843230,6,0.48551053536377464
16500798,8,0.4337144213377294
12065019,9,0.5756644248625659
35179953,3,0.36046776018139653
32231896,6,0.3163592200483121
4785918,6,0.4983489079202225
32975638,7,0.7166759077119412
29222034,8,0.5543239739998982
23311483,11,0.7476436996128695
19121894,6,0.42444219658049703
34601505,4,0.8805335309245379
12880324,9,0.6245913260504291
35353771,6,0.5176296177834295
18157259,3,0.5548311141505253
26921854,9,0.7592218032537011
6854662,1,0.7330376578227396
37913101,3,0.529866404440309
40038519,6,0.43706490173586887
16121686,3,0.3624112758148599
37111118,11,0.3676994048022455
27195594,6,0.5029613552718133
37521814,7,0.4651452626533203
6895205,8,0.31997949243911805
27414913,9,0.30914694819862587
6849582,6,0.3697135675901399
37685459,1,0.514257277694426
5046845,1,0.3587397534568885
31268914,8,0.35183435348118763
21512572,7,0.8236181645036418
21721545,4,0.3003866472300233
17571349,9,0.6521328429653552
22676327,6,0.4486476020998872
22488553,9,0.2595522793096756
1490429,6,0.5131024810655278
27391292,10,0.5237002458736297
19646627,4,0.5981093926295483
16678500,1,0.6255359830914936
35944841,4,0.5900831472771371
23140799,11,0.546601866505309
31088263,8,0.3738520272341882
29785941,10,0.5385749253552142
28399233,7,0.6349135926232818
26246233,3,0.40177829873668464
9174234,9,0.3803556134154988
6466628,2,0.8101708568005552
30703988,7,0.3802716719249209
27237072,3,0.8143393600919687
23160476,10,0.36763622911833543
23522539,6,0.7648999971695492
34180827,9,0.6534433558477648
27915151,0,0.695589373012148
39314024,3,0.5512458801187683
38988705,10,0.4224497076010731
900420,9,0.4101850641373983
27587108,6,0.7183339924275757
38685620,7,0.49469696584684986
37560990,6,0.7180261100587977
27957831,11,0.6459871463749027
36892829,6,0.563113133869389
6713463,0,0.34346236879638825
5180521,10,0.32752117427635774
35374933,6,0.5849301479327379
23288447,6,0.27758928941580063
4226824,6,0.45305951552444196
3247183,6,0.31325351100139115
32905668,1,0.6520584079552718
9312082,9,0.35908241563586457
20018092,7,0.5075618486400943
35141092,3,0.6888309218757044
39370510,11,0.7407589464884495
31192752,0,0.47481882602164704
36582696,4,0.40237500491309014
34015615,9,0.36588151805693137
39018998,6,0.3820902918226973
34048210,3,0.6273171883342181
2900362,9,0.24452885911650143
1999412,6,0.6279704382739669
1080920,6,0.3139850270808025
2863406,7,0.46790973617187265
18439316,3,0.4555968706781992
20887555,9,0.37775077050989214
15398865,10,0.49052230603527025
15169015,6,0.6829867053079519
28814603,0,0.3990590660670133
35630020,1,0.8852531583402811
29545547,11,0.6400311519059552
11380380,11,0.5041264767003678
23640624,7,0.2956823219427128
39491918,6,0.37069824556949194
28015865,11,0.5639075680285632
34427715,5,0.7699582167559947
28256804,7,0.49789608066671354
5068100,3,0.584975624574569
36802811,1,0.46283089483477596
36661682,10,0.6250108153886116
30610885,0,0.54938045828271
39987071,5,0.5572219846702895
37956517,6,0.28125498011853056
35795089,9,0.5547141309966467
16746685,7,0.5085947225350451
26954694,2,0.40846909900716577
30668106,6,0.31903879538453844
36164170,6,0.39723126347825827
28277137,4,0.6762795821788377
14888843,11,0.5563993441583505
32872828,9,0.4129191233466954
6681243,8,0.5456499750001975
4735732,9,0.31442818059237787
32852208,7,0.3026111898624747
28513480,9,0.8763852922277531
17944235,9,0.4971560771065536
29096898,4,0.7921822378348023
35351203,4,0.4992496041570466
20638999,1,0.428149650529743
24764431,6,0.46307849212281454
37200386,9,0.719832608511938
10773010,5,0.7212466227247893
20012919,8,0.5375263776220868
37646631,0,0.481317307193096
38013618,4,0.9472882139528094
10044903,6,0.8706743626611833
9283606,3,0.5019040186460275
33384112,6,0.3361712297658916
27038061,6,0.5934095704302673
2102294,11,0.38431288639610894
37231619,1,0.6486281095564598
4717751,9,0.306728440128256
29061751,6,0.42893205669719303
19002235,5,0.22548229462891659
36655901,4,0.5883332856068424
12888655,6,0.5342492295773105
3746672,6,0.433909234004368
25317270,6,0.5779404337879317
31108850,5,0.39348617212354325
19256155,7,0.1795143503120908
35324657,3,0.5925198103795318
35778136,5,0.5624620531234537
5551286,5,0.6783772721784982
38073332,4,0.39582092620453124
2102216,6,0.3988891480559779
19236833,8,0.5942208708351789
4560554,5,0.22867732580065425
15761528,9,0.28665747575224243
29690535,8,0.6664249962986074
37901186,5,0.5374344531116667
9484232,6,0.5217818151114466
34117072,9,0.445347308927144
4919681,8,0.8146107378520887
1489041,2,0.5479741937743212
23641871,11,0.5948633878632708
35032792,8,0.7814005893317251
35261895,6,0.4048896067791181
11216894,6,0.376366596835976
38895856,4,0.7026325657395002
19804129,3,0.29953813909633953
24811286,11,0.4055552315161446
39901860,3,0.6812957907550843
31924543,6,0.21095507009014716
39663469,7,0.5757420745013158
37045399,8,0.41201162044281614
20710532,6,0.9180769916025261
11251257,3,0.6570185596300044
32350505,5,0.6723445222107123
15374291,10,0.3252685491120378
28267870,1,0.8872803712081994
19728908,5,0.4649623919251899
22466821,3,0.4647601699253127
31984914,6,0.5933245798860911
39086029,5,0.8749076534077053
21586655,8,0.451422348286739
38622500,8,0.31008516320620855
11715227,3,0.43232463905344154
32577351,6,0.3648406997146236
8957429,1,0.29753981367760607
17309453,0,0.3504660394523911
21527770,5,0.6377476074098696
20365878,0,0.8236425916657248
18240549,11,0.5244851113799147
36286333,3,0.6423674437553626
34674558,4,0.4328625849149469
25927578,11,0.35851527915115594
22041231,6,0.6560976638256917
38269658,7,0.3992075289072427
31385175,11,0.350109478381756
39964995,5,0.39023569846627376
8820451,6,0.522380973287775
10526847,2,0.7034674021236158
4695337,5,0.3802163066647493
5474624,3,0.5650045220420714
33944914,6,0.5028123169869285
33795241,3,0.8545008316810622
12391092,3,0.6088490186605411
27291870,4,0.5022468040849878
22796024,0,0.8931879391160242
34367353,0,0.2796817804166617
60680,6,0.3326970795582586
31917430,3,0.6877420748146396
24330068,11,0.5510681056167637
13077939,7,0.3668286120409436
38509208,11,0.8494661789125569
33060192,5,0.7109666839726445
9917334,8,0.47820503128875874
5097005,6,0.3415989656154793
25705707,8,0.6788239862556273
29171937,8,0.4812484616824425
10554276,2,0.582142426217663
20329927,5,0.8555443155430287
37355662,6,0.7683227923471492
32217242,6,0.3956196320804279
30751547,10,0.5565226633669536
30838820,6,0.45408028298664854
39406836,1,0.5654041612109661
1071277,2,0.3106766836213764
39003251,8,0.6373482546193707
30107606,9,0.4837579460863779
2345331,6,0.31529348560308285
8223137,6,0.6699710742312585
4922926,3,0.5281322955263968
13900946,9,0.478857082028152
11124121,6,0.39804697419693535
2553672,7,0.5825534395523179
21731133,3,0.2651962366357202
37266221,6,0.49950039441008565
28640971,9,0.4944702624065325
5824859,8,0.38403873281898326
11726866,5,0.5190748013885247
9041958,10,0.6401856613702283
15724672,1,0.8050148602032916
29687761,3,0.6948746615909284
34197936,6,0.2667272632001205
5452931,11,0.4062255113749004
10095299,3,0.33036585468556795
37837311,3,0.3997552081372892
3068839,6,0.3991487789761299
39313273,6,0.29322724230648795
15409132,7,0.5665616783276328
25277433,10,0.6416249881125595
18135547,0,0.4666588345158114
38385558,1,0.44624120143751744
21478132,7,0.34735570533605264
16451509,6,0.26755942409629996
34059399,5,0.5166658974397252
30634243,3,0.4850927602469475
35087630,9,0.49038295849508545
14283086,3,0.49917186755396964
2405936,6,0.44097494414521093
21147095,9,0.6733375652378503
10121485,2,0.4074142029704199
17596250,7,0.42271222474023645
35661474,4,0.7792264255456798
38686206,7,0.8390390162332262
15555968,9,0.5077662508537826
4010507,11,0.49703798347383443
23451359,9,0.26402545623155105
3463698,11,0.8211781949820464
9118322,9,0.3376279992798085
27518446,9,0.5562496133717993
37783991,7,0.43674295206653946
11005233,9,0.31651015213475137
1423214,8,0.5579903228971744
37681840,6,0.6351645917727787
24727929,7,0.8274059520526713
2397324,11,0.4075358079449152
21188579,9,0.34114871252321116
32554641,6,0.6563950951639321
31236247,6,0.8367906523577717
7258245,8,0.2419784924218234
39121709,4,0.8072872229275566
30897250,3,0.7873804646514182
37773037,2,0.33059761189121845
1049320,6,0.3689089106509305
13504424,9,0.3810100172011639
29847535,6,0.4383903033601691
24621792,0,0.41214375296719546
1042451,7,0.3284911322119219
28948385,11,0.5400186732136103
36265049,9,0.8911690189730346
24947418,4,0.35201398416454965
31264735,8,0.2872244938604602
20037426,7,0.4549116186533942
15272637,2,0.5817100969587081
40024017,11,0.49835463742508135
39174657,2,0.4587474547534833
35919242,11,0.33521879711155833
19550326,0,0.38568559940077807
33476755,8,0.5459035843028682
38788066,7,0.7430712181267762
28354550,9,0.9178637484718096
25619945,6,0.4026074727327806
35570319,3,0.6401759724735371
23894138,11,0.3552659816654994
4877924,6,0.46979871107043514
28630249,9,0.3168247309876064
29928457,10,0.7696932647932161
38648328,7,0.929883542755524
18438934,9,0.4578954152453738
38790368,4,0.5263218373771701
33807424,1,0.3881672047828943
12448426,6,0.3342488669053412
23834765,4,0.9545397105172317
24801534,2,0.6910724140179673
10942236,6,0.9999999999821987
26853262,8,0.4006604651332111
22811382,4,0.4395792759123848
5409308,9,0.22348545899006544
23808918,6,0.38776919565035795
15635972,3,0.7061930961933635
36409596,5,0.7252166609637223
24428091,4,0.7896202612258679
29406767,8,0.6389852901289518
352079,11,0.5492241507377289
14469685,6,0.4148033236410833
34789938,0,0.633381936158062
30759381,2,0.24273758693338127
24370721,6,0.3659825718883307
37677496,2,0.5052367539124379
12062715,8,0.5686641154502616
27302424,6,0.7088681352907342
13658930,1,0.6320689714732295
33928553,9,0.5916472557695788
11606091,7,0.46494611589067786
24099620,6,0.3695558995566666
30595908,6,0.3651954778204267
16491594,6,0.5420091691361171
8288133,7,0.5281405027523823
35360816,3,0.32139454624171027
8695422,1,0.40870833670255907
23047450,9,0.8362983459250378
39400957,4,0.3453166897759634
34554347,10,0.9862234679273398
18858676,6,0.6397457725247909
9428419,3,0.2874005963096467
1098118,8,0.3044734225318049
7279355,3,0.49241153887435907
25299624,7,0.5437234664103058
28679154,6,0.8148543767884187
12326117,9,0.4928485869749213
20302196,6,0.27164896437220165
18844894,6,0.5005910935543338
16821674,6,0.5117399290326118
34367078,7,0.37510242985669745
4924273,1,0.6825785985602104
28125565,10,0.6933442632982484
12108913,3,0.24685113392101857
1824735,3,0.3666629572518293
23144164,11,0.7478774335440336
36527407,9,0.4132736082138665
32802334,0,0.6386718934731042
18881741,5,0.9378054400447006
7834907,8,0.4607039268472287
26745536,7,0.4925234050243913
27042627,6,0.4488158731302429
17978073,9,0.6738384361653038
32213251,9,0.4267793725586383
7276232,3,0.5318419518877299
34063514,7,0.3658287590048564
15841024,3,0.317812152015773
39652954,11,0.5544517189621108
5407647,2,0.4240927989370333
25917528,6,0.2527231219475885
23640588,7,0.25563439514112185
19216630,3,0.664936796148746
2733660,6,0.6274307867114348
5127991,5,0.5172217664826962
39837732,9,0.7942340956411396
7660231,2,0.49336854618245213
22043658,7,0.40593876769609516
18905392,6,0.47603043293097297
32580489,0,0.5847371321072121
37768058,0,0.32062841003847614
39323817,1,0.5755434962573465
32394655,6,0.3662651657072914
34550005,9,0.6698233278934492
8027065,6,0.37554080767665443
6889640,6,0.33897469342943837
33135942,11,0.4853136604029204
3265232,6,0.7136904606405514
3448505,8,0.7801493118450866
38309025,6,0.40410679062629895
23529312,8,0.6855473064608744
20112500,9,0.3823796656421096
18653004,9,0.2903096516401975
24809425,3,0.6817131031973995
19315030,6,0.5204005670463967
21047524,6,0.43974904911957086
27662072,9,0.3836011544680206
36870792,5,0.3498281519432928
14225513,6,0.593143709465588
28206600,7,0.3051206275901407
20741435,11,0.5002883959804789
32974691,9,0.6856204096261057
37716326,8,0.37657393488592195
13531247,0,0.293741444406248
31192256,4,0.3823735546334612
32239228,3,0.6133684958719899
33027687,7,0.41127875910482103
21542753,3,0.38421514353817804
5866475,3,0.3356568979781964
16976405,10,0.5687468776161781
34011154,0,0.4154114675196667
28622414,7,0.5220946989759278
37413144,9,0.3114896800735415
33245685,10,0.8344488294243606
863234,11,0.20309957057763697
23221747,1,0.4316594495610454
20037687,9,0.46025153130359314
33371664,6,0.2544369416609698
18695990,6,0.6436062147980048
39131755,8,0.43648355780124987
10068419,7,0.7433850408736387
34344025,6,0.6000720057007604
39372150,6,0.3511356989812778
35282826,7,0.7665106154822628
25435656,8,0.567402274037138
24366775,8,0.32047375344223694
16728695,8,0.4413046711721444
34481205,4,0.23293306968834057
28066146,4,0.40301100268010737
6134933,6,0.545315152819566
25839070,11,0.504445493682171
11056821,9,0.4051508099668089
17875037,8,0.5008221948101304
21703142,1,0.3886091912207077
6978331,3,0.7922402288014315
37191442,9,0.6395113702507453
2378110,6,0.6433218510593082
34788422,3,0.6014548895278902
35407514,6,0.7953022163669444
11832824,9,0.4619823229859911
26989736,0,0.3638810518282808
38860185,6,0.304783735864803
15110685,0,0.9925731864511478
27100278,8,0.339178614259514
37471934,2,0.6832665336034046
35101847,8,0.4939415157274809
29839397,0,0.5483648863717295
30064894,5,0.6186702862711794
30681997,5,0.6353500496869097
791098,6,0.5716363905918331
17437025,0,0.292225205992025
27558559,5,0.4088457976714904
34543830,6,0.7012374098259123
10446440,6,0.5864253266011799
9567326,3,0.38776103387852523
26598064,7,0.588939828431997
19889821,1,0.47437574275447547
32879491,0,0.8809182591196055
37788567,3,0.6294205577371297
12406827,6,0.6569052030939201
28794015,11,0.339750365347759
26914900,8,0.4752111992468451
24650612,4,0.7482000644045451
5012560,6,0.4398827943535931
33959632,3,0.5602557290345486
39971597,2,0.33913530887201465
19373759,4,0.7721534705424906
5550145,6,0.2917943255566685
13936170,3,0.4085244081584032
22801307,2,0.36898687082539056
5882006,4,0.37126859741774737
18353203,5,0.7181592552372816
31518664,7,0.5819115193430916
38600982,6,0.944518315141987
19648648,0,0.5775867266714526
9384918,3,0.5090314572365752
22489425,3,0.8403246289507609
29463075,5,0.5745976657062083
33496350,6,0.9818080391077006
33772547,6,0.40121651194245617
31397170,11,0.48865751928521267
29322753,1,0.5662703343125449
7900488,6,0.4330465138976364
22098390,3,0.6563858737825263
33190668,3,0.3484141415759152
36972604,9,0.5672109605220099
35464931,6,0.43044488217169785
22367854,9,0.6450769157901467
34451403,7,0.26547101884170204
19507010,8,0.4256799714013621
24024510,5,0.36375640369134055
35736598,6,0.5928831921860516
33242629,9,0.5852859061709629
33761087,7,0.26777172498368784
36574494,6,0.6622536304700498
23945949,9,0.5418513386442155
10428399,3,0.5838588500934663
27930732,4,0.8976954431859633
35006623,2,0.44077799796427375
31467421,4,0.8566306784832494
19922370,3,0.653884615903463
92928,9,0.47873197630961617
24557707,6,0.5706406224166222
26326663,1,0.3477897472288627
24617100,7,0.24958256909806
20990538,0,0.5669134771088129
33641756,0,0.7322117014566358
26933761,1,0.7455478869284217
22976596,11,0.6479160021970995
5756427,9,0.4285102304401084
3332494,7,0.4231523404752444
36388632,7,0.47525097038603653
26797025,5,0.9208219646533283
17968100,6,0.6911323737518862
34157247,10,0.49261549649969416
34071433,9,0.6877331252545549
33071152,10,0.5948643876509359
37379492,7,0.43593488177188106
7339685,3,0.5437838291410775
14968560,3,0.6720944126316959
26757412,5,0.3308345607857367
37150065,1,0.43481951153016013
37851443,6,0.44967364548916827
25468014,11,0.6321267837073986
19513761,6,0.3136692935530843
14292349,0,0.4779965627992748
931699,0,0.4736825524671039
38983743,11,0.684730914305571
33694940,5,0.5772599322989697
7065761,2,0.47620326991635625
8497428,10,0.26338149519711074
17584973,11,0.3950297984673942
25779274,9,0.5465688945945077
12838111,2,0.7196681363133441
26620076,1,0.4936413636149299
28673564,11,0.3590811620657505
32970960,4,0.8046979684113893
13168374,0,0.791910500853728
38405158,8,0.5783484436072025
21071264,6,0.6094072749017772
34463263,8,0.6377786796341973
25585151,6,0.27966394325124094
35342769,5,0.39426808694964155
34896705,6,0.409936769338907
35981030,11,0.7732567650092532
36546998,11,0.27453498392322967
19250247,8,0.523083924555137
23360801,3,0.29309543294901746
34322778,2,0.5342061341038113
32084646,11,0.3925562556731198
37140143,8,0.30224171466137956
35228855,5,0.5151087964126245
32869518,0,0.9814158201452587
4239825,8,0.3844883400885528
1195911,2,0.8998419700118994
24524576,9,0.36519880421487577
35946442,10,0.24921374722712472
37422982,9,0.24149373908569444
5629745,10,0.9083629693858091
2825364,3,0.25749654072148165
40122639,7,0.34071205121093123
7076349,4,0.36599825259059077
21124976,9,0.7553176245062029
29443497,1,0.2994174148518417
17492512,8,0.3653431833578486
12527525,9,0.4131866143326584
36873924,5,0.6364850530263382
30921986,6,0.5710822304217581
8612391,2,0.614920883742069
17931579,6,0.5895178733737494
4883270,7,0.37216085673863647
26544888,6,0.5298565570140014
32974976,1,0.5584189995843059
31269974,3,0.8784616477270172
34597243,0,0.3187102102877518
27743043,3,0.4570408482814658
39143671,3,0.5340405015903311
39798306,2,0.8339564159854191
31341622,4,0.5911774287377778
14218992,1,0.6919724827020062
36827182,9,0.5276293552636604
12076259,0,0.4567853662147221
36707741,0,0.5174311945183526
39792325,6,0.6097352981295973
14673547,2,0.7381786232148643
25458468,1,0.3799933842961891
37006542,5,0.6850176871072785
18222933,1,0.8443991703272195
37403816,8,0.3744763160855952
37329448,5,0.2468860787085192
27317045,8,0.5670903310412594
10011035,9,0.4308666679685183
37213139,6,0.4633813286520723
32365395,7,0.5679964501923963
32462757,7,0.48156797955373204
34377408,3,0.48794399674014854
25991081,11,0.9599657091120491
40028975,9,0.6028463451532696
34417577,10,0.6662481184536804
5322860,9,0.2623730424197783
27449670,7,0.410976751865952
17210650,8,0.29511376582206506
122327,1,0.9594036287517591
36949105,6,0.3465479398997488
30224418,10,0.5332355427641057
22665215,5,0.6043777227855585
15533680,2,0.3447245357480131
7864519,6,0.364385679250857
22284430,11,0.26390185908244596
21119726,11,0.5754278399866113
17943523,7,0.33258574132430413
35456478,0,0.7660517283353719
24171075,5,0.4683002519733266
9304983,8,0.5362781286749745
11647805,2,0.3079498626426792
7778215,9,0.6853846647914857
29757848,0,0.4518576748329522
37516575,6,0.5439080018608721
30376266,5,0.6287073115508869
20749599,6,0.4340257511843437
26728001,11,0.35963741967517326
13351341,1,0.6242983442643169
11917944,1,0.47633317093896693
34925849,6,0.8848977477045213
28456089,3,0.7077717372646009
13014297,4,0.36024299082192707
16130154,7,0.630003397200307
28271185,3,0.23808019632136534
33629782,3,0.9647580223685657
2360291,10,0.2848090435407998
36870722,6,0.297156741024066
38187330,6,0.7524073505139707
37040867,5,0.35365087622782143
39054328,7,0.41425676160377106
18040752,10,0.2649830659733579
25926957,5,0.49148184043749316
33106298,11,0.49535844390649114
27951295,8,0.4698245608918764
25702118,5,0.2658909669135159
35121538,6,0.5115892674196258
35304024,0,0.4559684869722002
34571352,6,0.5490594422391407
35833520,6,0.5811918488453008
19877306,1,0.5322120426548056
29391630,1,0.7463551348370822
15732491,5,0.5405424981659223
20228649,10,0.7613703902148117
16749659,3,0.5063166865624686
9637892,6,0.49763143732207704
21059929,9,0.8986353165335019
32171909,9,0.9467385651338699
31108022,3,0.6616733766009648
22054978,4,0.937870865587314
14056723,8,0.40303015385911195
33093213,10,0.4793199511285979
11922857,6,0.5479483689216231
24554376,6,0.5857455757614097
38437189,4,0.48882079034609505
26744155,10,0.4306171629122321
25747362,8,0.4367123907882223
13502623,9,0.33998241323108863
21987701,0,0.4079122314612312
25241970,6,0.4841989596586265
814227,3,0.5837847158215037
36867567,3,0.6139703662593502
23679431,1,0.4408303252108338
1163113,2,0.7487765121748986
25519354,9,0.5451249938796516
29292831,5,0.363918665049389
30643229,6,0.7472477564899324
24125945,8,0.4882590467064047
36783579,6,0.25586477977300937
22991226,5,0.9171286719639307
21436618,11,0.3254041591658623
16396686,9,0.33010624196294147
39128086,8,0.4731418890175992
6795330,10,0.3165168435131565
18238184,6,0.5754930085218636
34258650,3,0.6167232014473357
38712462,9,0.2992274302583079
33571511,8,0.4013755296254109
30356812,0,0.5280526089981626
18557390,8,0.3662586249891242
24314801,6,0.2657177689831101
29784774,3,0.5666153955355027
40010438,5,0.6771178357059207
21899416,3,0.44939675297088183
31395766,11,0.38918200513338136
24815943,3,0.46150967368536666
32157306,9,0.5429489197795406
34471068,8,0.46416850013960065
16192502,1,0.6359243851910062
40129428,4,0.6689648369290879
33616747,9,0.4268194497443286
39322708,11,0.5706345021354776
25021271,4,0.4373834758430739
25018102,7,0.5141849729836282
18679108,7,0.4026380817664833
20329628,9,0.670928747082318
39407674,9,0.549225819622745
37102408,9,0.4063283438788526
18118622,3,0.43637938332433407
14219058,6,0.5951519283147736
33683603,7,0.4380150588114686
34275053,7,0.7716415935174941
31547932,6,0.5604113343007996
5832143,0,0.41725089047741104
20473137,1,0.6808538227133222
3309878,6,0.5324055404963833
33770844,8,0.49138592875778225
10647165,1,0.49826642334961807
16070160,6,0.3826401243860913
24283958,2,0.7197947688905307
25128994,7,0.2771793827035207
39615520,4,0.6229858092410081
34128777,4,0.7793433655137915
22850140,7,0.5217895887228859
3737900,0,0.7524353065071235
30082330,6,0.6875112912397058
33007626,10,0.3505978182283227
6154409,6,0.563221826788679
39892605,1,0.6441859791347567
15737245,11,0.3636593169289488
33621935,8,0.4639678417150498
17985774,9,0.39026595537440933
16901130,6,0.6766984449936657
9251040,9,0.17727084827907652
21924275,5,0.5408338114619273
22912351,8,0.6164519781919093
35663705,5,0.594580196206062
32054046,6,0.3535977369696584
30041484,9,0.28687190363404536
6048576,4,0.23338395214347119
37771263,10,0.5013956166975571
8083263,6,0.45975151086596555
39698432,6,0.4518001665446114
319426,0,0.777429646403775
38052930,10,0.5269878645679729
33986784,8,0.3381995498776635
39598606,6,0.42444303826195073
34229140,9,0.30978687129796983
31670575,6,0.5140681887721774
17389011,9,0.2947706456548178
30669492,1,0.458884933750048
22785193,4,0.7558741731392109
24044330,2,0.370659207528504
38182258,1,0.6480945028645522
24590022,7,0.6344075398633982
4263001,11,0.35959863320995494
30175285,11,0.48325939655855993
26255530,1,0.8044010181106723
21456078,1,0.38977764592781355
8870261,0,0.4919323740344352
33072866,11,0.8165623069468497
15951448,6,0.3598176085627277
36455382,7,0.3245891937585381
35830915,11,0.3022641784712652
24434690,0,0.3881025139827921
34730452,3,0.6049146016444076
23685092,1,0.36207513392177226
33193180,9,0.2922140541552885
18989291,3,0.5850030567141191
31999669,8,0.378100032286542
14743127,8,0.5874983045905159
20431640,0,0.4173234222139881
36359869,6,0.38798698776692325
24960814,8,0.7129043955148
7063743,10,0.2942021370389388
32025676,11,0.3269897622624975
39018232,5,0.8394072337740776
29659497,8,0.3407009317192569
20931571,2,0.9128749957115314
26266464,8,0.2337143252608761
31304007,10,0.8405536757047962
34006658,10,0.5078191683804288
38554640,10,0.43567185604101233
29975588,8,0.7484047359090042
22018652,3,0.4924796351837613
28992000,9,0.5386082299720898
37967949,7,0.40161683236342166
10979534,2,0.6339689885269448
37317140,6,0.5501913415848054
26695506,9,0.71649725568605
4007289,6,0.38367206156558764
31663578,6,0.4998418069766151
959479,6,0.8114167403377194
32596431,8,0.5245951237918226
3274334,8,0.43284018912791444
33345482,11,0.38540888317125566
19566419,3,0.9024170743167738
15889817,6,0.4219214923669558
28628836,1,0.7091203510185169
18920010,5,0.4440995119678207
36959580,2,0.2633495552608667
30828030,8,0.35285849277993037
16616728,6,0.8078397956529881
26761963,8,0.5026869102726483
26433682,9,0.4101520939526466
32758479,5,0.35643546930594244
30025824,3,0.6003031508580586
37664850,0,0.52566688379659
28045238,5,0.49978635839439695
17757350,5,0.7952998037454255
36564059,6,0.5264544173117183
37732180,7,0.37858105504544154
39002849,5,0.5642619487564959
7619109,5,0.6189885882164804
33707300,6,0.8222256050425728
16234975,3,0.7843724156006425
38223910,9,0.42606533266085106
11667171,11,0.5985250084975043
24789782,7,0.3881009240701926
33203655,5,0.741828585479282
32807745,9,0.6821706326374898
25182685,9,0.5100084870759009
37761173,9,0.6524752796935455
19479934,9,0.37836492158340135
34610959,11,0.31834573354858825
6194659,3,0.44121646096706424
38836312,9,0.5824059585968312
20561808,3,0.4584899717322542
30100016,4,0.8181913467296139
29936563,4,0.736079187586775
2352018,9,0.45278421932382623
33700328,1,0.5611809034361758
7553306,1,0.7058823804261946
22396761,5,0.3867825458064964
752308,0,0.7592416055486549
9762301,6,0.33207494016198447
8583136,8,0.46657977619758967
39140679,1,0.4965968363591386
15033409,3,0.8522706674986367
2671668,8,0.29836091644722673
33206356,9,0.7207969503642168
20905350,1,0.7277660933690895
35847419,2,0.6526422970863218
15978571,4,0.26788683906293737
17894168,9,0.6246705343516918
19865347,5,0.4917165014739955
29066411,8,0.34974454442926184
36850514,1,0.3505101443057822
23004729,6,0.623512474680987
36894678,9,0.5172687118030209
22785929,9,0.506355178871972
36605866,11,0.26032700434522316
2090424,6,0.34686040095398357
37089933,1,0.728781426958494
4651693,6,0.7124495636319371
20892096,2,0.7432323399488866
20649282,8,0.3807023975122986
30252258,2,0.5588088450829405
22939059,5,0.9562290745098471
32117340,5,0.8508293424526857
28725367,9,0.6973085418862183
28411806,9,0.4936524049938821
24588543,11,0.5078943505152033
7101126,3,0.7297166353507175
39028908,7,0.8789972465362468
20579740,9,0.40757437288983217
37043151,5,0.6944155949292534
36645668,1,0.5736319122556836
27182350,1,0.41881689221603896
14186260,8,0.5092298975304498
3616721,0,0.8280041951330231
35073718,6,0.29883368197865606
37026745,3,0.43981690435161624
40079435,7,0.6462881599741518
18788878,3,0.7447554891564087
1659380,7,0.5888136666106337
8946810,6,0.48096922714987955
22254253,8,0.3205112626739665
32895660,7,0.6625537816722952
15761059,11,0.26440468868857914
1203639,5,0.7037977835387434
17129393,5,0.5341576178240104
35084454,3,0.425326598429681
31079649,8,0.46192407522272205
25157090,2,0.3458904811240298
15754208,9,0.3332061961719605
26793625,9,0.41819494016872405
15322171,0,0.30910751398171055
10539823,8,0.8464133843991799
31387113,4,0.7440765239538005
40120122,8,0.5293453683882656
30064191,9,0.5505895130562036
7960982,8,0.5678741611974119
34051702,7,0.7430105723395704
27243170,11,0.753477184646089
21827818,8,0.5169600036137629
9100909,6,0.852991876974346
3343768,0,0.35124951030182555
3976772,6,0.46410038646486856
4222595,6,0.6810089310113464
39715354,9,0.5011925425660249
4686241,3,0.6770549999197322
17754152,1,0.866037544761353
16620391,6,0.3436794219517263
32929952,9,0.8461394936626266
790960,5,0.6171936320243643
29039488,4,0.6806129257624348
34768129,11,0.5377441662278812
32860263,6,0.3909678054710479
4923509,1,0.6696222466668958
29419316,9,0.3955480827889594
26665799,0,0.7791891433809166
14982912,8,0.5062985130198459
22925096,1,0.49319302709369195
34849733,9,0.3363496053485516
17389388,6,0.5450576207880785
16039092,5,0.29298439668890164
39634736,6,0.5231845503240752
32929318,4,0.39317890615878154
28405899,8,0.34906482027916963
5174770,7,0.5446311008803595
18181322,7,0.23557160623633555
26666511,7,0.34275604704111745
7829188,0,0.7118339558404375
1043382,0,0.6638279234946731
23012623,5,0.5081500364103765
7894261,1,0.2847380574016922
18504753,3,0.35111871848417175
37902450,9,0.5952694827622477
35704716,5,0.503139776358157
2402694,11,0.5475902012707659
33826600,7,0.46492244876204086
9120765,10,0.31794887658708193
34316403,5,0.646356793451811
36772434,5,0.5619268426655775
25465264,0,0.4785251691290328
38041609,8,0.5383396154683906
20042717,6,0.5792066079911529
33725345,3,0.4342065370059635
39753281,6,0.35474228939959934
29149805,1,0.5552848042645122
38070435,9,0.8624035790330262
17797489,9,0.41677208101958124
15450661,6,0.6502554260928051
3676628,7,0.3802322390668168
12825140,0,0.3813211903518569
39829578,10,0.2035406712106105
26445760,9,0.8633231647333718
11856013,11,0.6411696301710653
33133964,0,0.3876117643743851
3177057,6,0.6164832907662198
37693497,0,0.6545123849864545
24381482,6,0.596898959762506
35082076,2,0.5531058886164153
36731365,4,0.4037406927348366
27434593,2,0.8407022570634989
26327189,9,0.4397547239888342
35852579,7,0.6600778443203342
29094291,4,0.9930537848803492
27531620,4,0.3103758229000214
14448447,9,0.8940302166092202
23713434,1,0.4099952017777889
12265695,3,0.28191966919990785
20073240,2,0.4471454646541639
13151785,0,0.8871609237022442
18137614,9,0.8396818262856592
17117912,0,0.6192391095551425
34626618,6,0.36666152065140484
32808410,10,0.5813657285698896
27407430,8,0.5510701489597226
17625438,3,0.8511566465272606
16561754,9,0.7769947357527988
26284205,3,0.5509304051508893
542596,8,0.48934914655977524
33363207,8,0.6115768868052437
28552998,9,0.8815551001198577
23591507,8,0.4646555268428214
32865597,6,0.4704772777874539
4795772,6,0.3326019767296512
5081610,7,0.38859354806680235
26441740,2,0.3288844640266344
35311343,11,0.48030762743662647
24122568,1,0.3573537633001521
36513625,6,0.27420905905016574
31950550,7,0.6661468534519178
258296,2,0.9999999999939416
25991666,5,0.39218621902229356
29489107,11,0.47773590083467826
27352907,5,0.5019872708191752
18842779,6,0.5582240756793705
28161862,9,0.5302568653951344
23637219,5,0.6052983048051495
15660297,5,0.4271512412876367
29458228,9,0.5050692045196055
29012685,6,0.654808007878486
32868944,0,0.6066867804804944
27734776,7,0.40407682748453183
21126625,8,0.333834587446293
11359538,9,0.4477597688208967
40008407,7,0.5534598503169603
30539575,0,0.4679856429143363
7960600,10,0.5391177531428135
18511962,1,0.8131952203737329
12866132,6,0.5410681097447052
19772023,11,0.5622074000750079
35713739,2,0.48479549861547844
11766287,9,0.563952299963059
6140439,3,0.48403929790804034
26598559,3,0.6479816703974428
20021725,6,0.5030630834713794
37518337,1,0.4800156860268777
25888357,7,0.6639468923910136
31477714,7,0.466892099390003
20843549,9,0.44329658099727776
15511349,8,0.7182770468965087
22717179,3,0.2545029978453638
29335486,8,0.6061794116058918
6592054,7,0.4517741153727046
33077804,7,0.3827761233386717
26627553,1,0.35108451239528393
25150939,8,0.4709461078120302
3297028,3,0.40226992892859437
39960942,11,0.5194705271646943
35108639,5,0.8107398285553832
8234923,1,0.5051566512554254
35527349,2,0.42338999357927554
2897590,1,0.4398195669353935
26446973,7,0.6840205128721002
33727000,11,0.3837978068588559
38648176,6,0.49797207895595863
10921162,6,0.5873980673865185
13327615,7,0.5606008740694982
1986152,6,0.4749379727476889
35192519,6,0.3878716922932049
22163045,3,0.390460366931644
36837385,7,0.3192409243196628
2435764,3,0.6183188483256914
12975769,7,0.6194164618736907
6875944,7,0.29282708307916633
27866796,11,0.45038243334730976
9519346,6,0.7915849817092334
33092732,7,0.9600632923792012
37221480,6,0.8232348421772497
37366418,9,0.34372349019628073
39435518,6,0.7688073017960977
11181519,9,0.46688829424789174
30017614,6,0.43198120763793874
33457258,0,0.3179754670500272
12586734,9,0.37008281079666816
18974728,8,0.5020436630961383
29197248,11,0.7913632426463406
31360386,3,0.47199144303562246
38770681,5,0.5729493788239409
23728949,9,0.7256681065223634
34664700,2,0.2743786534278412
28456347,6,0.49443282061543653
2554758,3,0.3104990491139626
18166734,4,0.5149000442854402
38255422,7,0.308822844101736
35849994,4,0.3602653634217344
39482836,9,0.8633172255295287
36150868,10,0.836235588407151
9153844,1,0.5581195009759552
33984470,6,0.7050405634143554
3866520,5,0.8844616853543732
27364923,6,0.6853921095495106
32641895,8,0.6054832732888367
34519831,6,0.5068324146825349
36747280,8,0.5574073719447727
11971667,5,0.30156524263129253
32140096,6,0.3689912682637554
28675310,11,0.34223220797691795
27917054,3,0.3604760856985717
36991830,8,0.385979571960669
36323608,0,0.48174381264655836
27209071,7,0.48424866060645827
6811549,6,0.669057438445039
19469963,3,0.488408517622285
28702293,4,0.3616904800831767
17646023,5,0.7713985517921326
14174395,1,0.5869259892228719
21977987,6,0.8058447473810194
2922072,0,0.5839919147690914
19819821,3,0.5210074793914833
13881621,8,0.6539331807369493
24673036,11,0.5925612028058345
11221728,6,0.5642668101191533
37104100,0,0.6112429142239663
31837310,6,0.4551680011180714
20649595,0,0.35524046955454175
35810416,5,0.7402054937901251
37978225,0,0.34854915556586036
21317284,6,0.4130942090749241
35091623,8,0.33274172404714336
27406293,1,0.7193328699794342
36918953,1,0.502610348707489
32615697,4,0.4889667598530001
31264321,8,0.5437169621123292
27372479,6,0.3808563195267505
15229202,8,0.6821891817485656
28929139,6,0.4605314799503424
31066930,11,0.4936011210901968
30020930,9,0.26095432473010877
2025964,6,0.41048267884991263
3985305,10,0.42251248137228087
29104323,9,0.6373381972870059
38530407,4,0.6945842555248455
28421540,0,0.2706943993247307
27691147,7,0.5704531305421676
21847312,0,0.24073379586441482
9787815,10,0.46910851008015814
14021987,7,0.47489541018399867
11501843,5,0.42890772915523884
38303797,9,0.54322060901368
37776748,3,0.3557266031401015
29975111,6,0.5199029192481741
34042123,10,0.5591690024401993
18768093,11,0.7043535758997581
33429487,1,0.47054129679762585
21497591,1,0.6800497714400786
24045554,3,0.5864984385852998
37306741,9,0.6453252284840643
905005,6,0.7409714392100152
21274526,6,0.5748807523646727
33780334,11,0.348677177807703
30627899,0,0.5268146120668111
12645782,0,0.6698464788845893
5768406,6,0.5932502271073451
18696303,9,0.41138889049118965
26702689,7,0.30369002035862547
3843188,0,0.8045411708440877
39821339,6,0.5142705384759281
5431958,6,0.5547335497407491
9817292,1,0.5492804774388501
23837877,1,0.7645074137898215
4870771,5,0.31415451993013116
30343156,0,0.7972340245657872
9314824,8,0.6295056191325923
10318351,8,0.3847935782734971
7348144,5,0.4381949477365077
33288798,9,0.2884950814309894
15756007,1,0.32190323952871147
36584425,0,0.734541936585639
31561965,3,0.50077376977302
16755042,6,0.29003265388986205
24573354,0,0.47527161299363024
34081424,0,0.26602957233976643
30691347,7,0.7096620413917072
30418181,4,0.32480818701634506
25836358,8,0.7834023985762861
2278665,7,0.3807496567846539
31123308,5,0.8088093661434952
36204534,10,0.48191731585080205
23707644,3,0.6664721128428839
36592907,5,0.4941988200922808
24640154,8,0.37043856844259276
21145909,9,0.6480788753150248
34775833,2,0.6263097855414856
30022017,6,0.9677317031316505
27062652,4,0.8428640668852255
20111254,6,0.7709215686547483
21802519,6,0.9284375532996114
13242221,10,0.502311397710334
4872183,11,0.48018354335193175
18626533,9,0.28160948093847754
15709227,9,0.43579017858380825
25303839,10,0.27987974826038065
16276268,5,0.7522447065658123
21647054,4,0.5613513964923947
9148782,3,0.4900529153197539
19123269,9,0.7990136855278288
15828294,6,0.8941222912091943
31577280,4,0.6003095712190699
32919316,4,0.6022919946918951
39616631,0,0.6391093677736093
8439042,0,0.7964782074548885
7037938,5,0.6514306243863195
20160983,1,0.7487273557343708
29729956,8,0.3830390035249978
36001620,10,0.6187429280491314
35433166,11,0.40040336217709693
37127556,2,0.8483321795966896
38806295,6,0.38243321374112843
30564818,0,0.42906570744750955
18346894,9,0.49301167129899504
31584379,11,0.4023859176416612
40056887,5,0.7247614895105525
31500173,9,0.40124064335046133
32728212,5,0.377679548917084
3238150,3,0.8056484651647341
33395903,9,0.6844601112447921
25253618,10,0.852711408450068
33313048,8,0.6152626032242084
23282945,6,0.6202120333556933
22109712,11,0.3753462318884261
36297610,0,0.5070881994431641
31185130,5,0.6188827639582068
22649379,1,0.5925923187740143
14332114,3,0.4697607584890456
28488492,6,0.46455674866487423
25459285,10,0.40889597004722544
38594352,1,0.5744457665490679
16927428,6,0.4682395441953873
7884712,10,0.40462201946274373
33319060,6,0.4336956323046541
3503861,6,0.2545231587176035
17568481,4,0.8158065185359868
10492548,8,0.4584346831969888
17408825,6,0.3114224232479375
7016509,10,0.47321004614975376
28032722,10,0.3029971622789932
33802391,6,0.323195329921119
16989842,11,0.3341630477931152
28259366,9,0.42894579644632475
40120596,3,0.42000307702691353
26104434,6,0.2743369939596592
24432209,5,0.7731673901202607
32873396,7,0.6002301401284743
8865878,0,0.5384232968380296
39642258,6,0.3152352701018237
38646500,5,0.44097896837444345
25724318,2,0.535728856717681
37911091,9,0.5086056894818405
36332976,3,0.214798190114613
23660424,3,0.731316312419279
4538962,10,0.7048766639465502
10181035,6,0.29430826059020193
25718961,9,0.30843717731626713
39295996,10,0.6077699117489398
30898365,1,0.8802714578957737
25234921,0,0.613630979616246
7600235,9,0.5805452512687789
37628372,7,0.24579517059120812
29562943,0,0.4368262151015612
13596407,1,0.6284629456764179
3889038,0,0.5447082884421118
34876656,6,0.42707061990330814
35244913,0,0.596544117375659
4467230,9,0.22410765709079272
28206826,5,0.5261670344790382
12594239,10,0.4884178644258207
4208659,6,0.680293715717254
22335171,3,0.4321569712785364
28333732,8,0.44221531853641477
33590599,4,0.6069391183120043
18385524,9,0.5272348525955118
29159680,2,0.3641237255523525
19678641,5,0.5320643487783966
29433259,8,0.3342789326984
34004042,10,0.3109394491699572
12013813,6,0.6132338768204627
3300406,2,0.2537269028305112
39665712,5,0.8128385465285373
34358550,4,0.38957424591775347
33994158,3,0.8608665282434702
3340528,0,0.2938694625895046
7948510,5,0.6901930537160902
37230696,4,0.5911421516734388
26195181,7,0.6088592046007885
25429410,6,0.913623815521924
22370117,11,0.5679745914757234
15418093,6,0.27297094073428846
34984015,0,0.8106292878192691
24533951,8,0.5171129696207226
37811767,6,0.3281881430722004
28693433,6,0.5002094370517637
11881900,11,0.3622617825630904
37605531,8,0.46593069816972965
35193688,4,0.8467455764345044
7542651,8,0.2946107196270408
4996085,9,0.6175223326952206
8194489,6,0.5963922766767441
21798501,3,0.3475993836426811
33713472,5,0.6251847090720168
37838023,8,0.7038163627799263
33841523,0,0.8204584765091608
31650997,7,0.23383048626224354
39488380,7,0.28798694500912986
36305573,1,0.8164785346458722
28940535,1,0.6253595390699013
15005240,6,0.5714252320784826
13037462,6,0.5957151524522634
11025777,6,0.33169746103374714
25713022,6,0.44654540510475876
23618231,9,0.410535139578923
4261129,7,0.3997104625580392
36338020,9,0.44782001361748
31477393,7,0.3892137748311193
22649703,7,0.51269052816624
12112172,2,0.5519863091918227
29277831,0,0.4252307434250443
25675998,7,0.6522088297085825
15321993,5,0.8731974803166848
29445943,5,0.4620269133209689
9187579,8,0.36849486973827184
14551484,5,0.4252356769207252
28687087,5,0.3992243077785477
2137539,3,0.21168564639207196
29800157,10,0.3453139948154351
39526134,4,0.8282420811769647
3945028,8,0.46793658994573434
14986129,6,0.3980644081164863
9854869,2,0.5822001732519525
26932870,10,0.560284437136411
13753213,4,0.4609532660769692
29870209,0,0.8264189975040466
7931382,5,0.35893480766150343
29590365,5,0.6851067758739733
24621889,6,0.40162809370890107
20485141,6,0.3381634695375195
31865990,5,0.6037987062406174
31446640,9,0.3711611914140175
30981249,1,0.6287299668121402
35680848,1,0.6079561405427848
38890265,4,0.36408744148369515
15868424,6,0.3923414488888935
6665577,3,0.39729105230977807
39231865,8,0.31587852695762764
35906266,3,0.3233067896301335
16527834,9,0.4780026009363278
29035533,8,0.7943008256726127
16682563,0,0.7752667962593867
11039209,11,0.46479260358348085
20313002,4,0.5922944371906932
34045618,6,0.8192202630530101
2140219,6,0.4160073897071432
33089019,3,0.39472464937113627
16121545,0,0.4366080208586611
5415679,3,0.42969477431346303
7683116,10,0.4253179106468083
17668633,6,0.2395792848995003
19827368,7,0.40979148597551646
31577163,7,0.4878725655811457
17588699,1,0.3303923969378094
23172265,11,0.43728906848165267
20616307,2,0.9162525978052661
13895526,6,0.5281147738324218
35641414,1,0.6423106295422855
27894253,5,0.504935343671809
25803567,1,0.3712063464174828
18676293,3,0.4869382304619709
29175519,4,0.5513404476443404
6012604,8,0.34557763235076716
13829666,6,0.7893099151851148
37906835,10,0.7461846397539103
13325954,7,0.5912030965180476
26720106,8,0.2778545293303629
39236601,9,0.31276096688952126
4235004,0,0.5015574598297855
11661822,9,0.2715744005305625
2773416,8,0.5170694458445683
1640054,6,0.5158608420451086
8313705,0,0.4771600743481425
20366031,9,0.4299969107636392
37726207,4,0.37229062458095136
4775875,1,0.4726515839150049
36523912,8,0.4179844774131571
20715408,1,0.374504944647281
21911853,7,0.37784829260552055
20177899,7,0.3521700802281912
3520672,5,0.2836767688925163
22241343,8,0.329028410929675
11327736,9,0.9270305350385843
18796117,0,0.48149270930713617
33467537,11,0.33211401698317006
9606364,3,0.9253753946602192
35053507,3,0.30149907005109056
19099756,9,0.2674469938880603
38866526,6,0.3263717377045673
37863458,5,0.4603204339813447
7781448,10,0.5768467506827595
2381241,6,0.3542898590970636
39299548,1,0.968453095571882
27758999,11,0.5366135416535032
21843143,7,0.30047451553055904
32417520,1,0.35245925995323674
8856523,9,0.41143312312625385
13343577,9,0.6207785698735834
33868862,3,0.5504476446395186
39969717,2,0.3751063860789989
15424895,0,0.3518606800034545
14580787,6,0.4258452041509539
15174162,9,0.2413760092273689
27119700,0,0.7946975799891473
32642785,3,0.7407832060409332
36020079,10,0.5127947011315143
883679,9,0.332576920208289
18267314,7,0.33917824646165395
3288250,9,0.7518466890019919
18856646,6,0.49581573149927005
34406169,3,0.7731301772339114
13801557,10,0.6890971160473075
37766683,5,0.5217289098564596
24373965,4,0.5574062606200142
3818881,5,0.5287293636158457
15807317,11,0.6030932468890098
26705027,10,0.5465834928588775
16434405,11,0.3720428553013218
3018036,6,0.8617457214011266
23680976,0,0.5451759262161439
36247394,5,0.7285741495734428
33502170,11,0.32237471302927156
24134085,11,0.30352092321702345
20928661,5,0.604630924858861
29637150,5,0.8242195314220148
33011551,8,0.44431578092231067
40114549,6,0.28558959195060796
11492138,7,0.3062705298100333
35540360,10,0.8521844865875701
33823776,6,0.7065524635089214
3261693,6,0.6931329555568017
37683741,9,0.260983990883373
12549319,11,0.278759180753988
33678959,9,0.2972575645386116
23849295,9,0.5383008226627433
34288969,7,0.4014446747646348
4819437,6,0.9798884246823076
38215686,9,0.39460531957721545
38816302,7,0.3914668289156653
17273685,8,0.46302958450580417
7961216,3,0.4910673393665594
28212280,9,0.5500272292689092
26473859,7,0.448919352412539
13559696,8,0.5337482312273498
24709342,6,0.5693565237967159
9391546,6,0.6813466025773345
23314553,9,0.43141264017213493
38556188,5,0.47669524116519335
29248537,3,0.5596554102356183
34637757,0,0.5717212687348899
28195660,10,0.7055678884677599
37813859,6,0.22451910554013346
3823599,0,0.5463522603962052
24414204,6,0.5541367076671416
31234308,7,0.2817976152337248
13349573,0,0.48406989324436533
38129746,5,0.5739792191124551
39538576,8,0.2863184979599635
37634899,8,0.6289304756968486
26328623,0,0.22854078093979266
16405242,10,0.5734697085560432
33066034,0,0.6095539986334848
25090714,9,0.7662358961653367
33728416,2,0.7077482016793551
25480639,6,0.3100548381600441
11205571,6,0.3058649690436451
20438686,3,0.6194815573291116
37932966,7,0.20960548355619593
21393107,6,0.3329751984384163
21317567,5,0.437183587788769
2413144,6,0.3324402036387409
29221502,4,0.6760655998879651
17557756,1,0.9600243617036512
15817577,9,0.5237926796410775
15479902,1,0.4789329786157119
26712080,7,0.35319347800791034
34670670,3,0.2937808990146415
456867,1,0.4886392032138944
30550918,0,0.24666170360664175
18014580,6,0.9999999999850755
35332852,4,0.20577701510544788
39861280,8,0.5079520631967156
38906513,4,0.7264964049793065
38195089,6,0.3538030545928778
31169990,4,0.8711588632524244
604453,5,0.537360704045647
28511343,8,0.5162358343229536
26533379,8,0.5004352444085688
28756816,6,0.5237456657192651
35026716,0,0.3120987807069111
33577657,9,0.7718461187127905
21706570,6,0.38727787752495496
29349801,11,0.5953750509943283
35373236,7,0.5047880109293222
16654743,6,0.46696657542936193
38033570,1,0.37459165533430633
9784422,11,0.37243384303557164
31035934,9,0.4767438069393801
14691865,7,0.5665664744144019
2549616,2,0.6568214794177872
39456283,0,0.4755082731034028
31842651,11,0.525426598284007
22978023,8,0.6987708279186244
24792480,11,0.7065004979894315
31365592,1,0.5612752913594592
26465546,6,0.44161092612944175
39271424,5,0.5808353409565923
28507913,1,0.30243006494183794
18287315,6,0.4148758970659933
26876921,3,0.6075337854487596
30252960,7,0.35346779591330196
13537300,2,0.6546029402863909
1711483,6,0.7194809806763698
36463979,0,0.6760206162922209
26962973,9,0.7601159616771475
13787258,6,0.7924903492915366
26621993,1,0.49396053489837005
14861843,2,0.4571348290398139
9344252,2,0.4951893749515538
878143,6,0.30393941311886125
27546500,8,0.7014805536291181
26325233,6,0.5680524695977632
34833307,5,0.5122561274172139
25652379,6,0.20611793956298965
39121577,6,0.3344500989877398
27462227,4,0.7343354773049299
10078564,3,0.46874023697756534
34323908,9,0.7489450890315539
11565492,11,0.3796121185796178
12939791,3,0.5573938862793045
34725704,1,0.38303641836123925
34206696,5,0.5225468589628632
15609348,7,0.3587341642150304
40033979,6,0.45806570275935005
25839946,11,0.6073796388892093
15452996,6,0.3729067450687345
577467,6,0.5516127730146906
24498306,3,0.6164188937188453
32518358,6,0.34755489402327105
39843491,9,0.5148232899523096
34013932,6,0.677786728183766
2863270,6,0.6275025498034079
37090291,0,0.35189780855213204
26676249,11,0.39537937488333585
17166351,5,0.21118541112742253
40114836,6,0.3654199371231676
25087072,1,0.5038338967236343
8568242,0,0.6152072439498801
35629694,4,0.7642951969646401
36133447,6,0.4976217591884166
2082474,9,0.41283004540130164
8326192,9,0.6119023990397212
11872270,7,0.630598754132889
13188711,6,0.26751335355458844
39013564,6,0.685331903919357
27518863,2,0.42212218731877543
30434323,11,0.6182085379505905
40030481,5,0.44351539559829867
4010218,9,0.4408246720932167
20026325,11,0.4097371751008809
8563394,6,0.3860530987258294
37791386,4,0.701012493988594
29390384,6,0.9319347632299776
29268915,0,0.44901557929614266
38646886,3,0.3468630646408672
2752008,6,0.27015263074771817
6826495,0,0.7798385397659846
18617854,4,0.9253397201475282
34865335,9,0.5093217423236017
34260687,7,0.28606961903766487
38214420,8,0.6583275937702509
29442774,9,0.7708954596945797
36236960,0,0.40215909174752557
27770826,9,0.7009817060801131
37504245,0,0.32472526956324094
29577571,1,0.33208614175981954
19554261,1,0.6611492503924532
39536288,5,0.8462705627365831
35049772,9,0.7037861427872804
30650583,6,0.7703761265359597
1765757,2,0.6670155247883606
31091954,8,0.5888378208221361
35400056,7,0.3181625829189184
26249367,5,0.37196423688677616
36876035,1,0.43463284323351414
37818978,8,0.6096939832476497
12055601,0,0.9999999999690354
1638751,9,0.25486483740695604
39608282,4,0.3727784136447974
25799264,6,0.20438063569052295
32323030,3,0.6508626775237458
547829,3,0.38868668564835307
36326246,9,0.4078870518242332
19480449,8,0.29219811070042323
14804173,9,0.5267466405709272
32506956,6,0.36391189726269246
15006622,8,0.3748261605693845
38444010,6,0.606361568174325
31378804,7,0.3363086490604622
9041681,10,0.37319727765155924
37955929,1,0.7073890362112577
27319439,9,0.3515977468339814
29828786,3,0.5451417534280716
4910203,11,0.4019557901446424
21842950,4,0.6526530816392261
22253658,9,0.5170965871111984
9745909,3,0.528844415262175
29387060,3,0.9495724247858427
15706911,9,0.6155241107768189
21470039,0,0.3548235486958938
32922535,6,0.4881060264564868
7908295,3,0.532164015307713
39841276,7,0.427720819699634
23334022,11,0.39573057047011073
14990376,6,0.5439482735970277
31100251,11,0.38021398592968136
5321767,4,0.3361986185244402
38187781,7,0.25827532431326594
4593695,0,0.47664987911370754
25044549,5,0.5149995299584603
37132000,7,0.30773345341663283
10650146,3,0.2998664739797459
4637420,6,0.8953803516127605
29755656,8,0.43080350942211754
39246374,1,0.7834322625572364
24548279,4,0.3595636307683935
33681858,5,0.21581656028784427
29708564,3,0.2978893800036976
31593772,1,0.5606286781668196
29804422,8,0.4022780642427278
32868211,0,0.4457643777364655
32417338,9,0.7881496455647161
24250515,7,0.39999411482889813
23763300,0,0.8707385935193861
28973277,1,0.4387299533231048
15896493,0,0.31036051601109915
29560630,9,0.4625253998476403
27118511,9,0.5878667334518918
8071254,1,0.6386915670355168
39047784,7,0.5082110313094425
3182153,6,0.48467546723906185
26300442,3,0.3598631840943969
3319632,11,0.2130733942534186
38677022,11,0.4248622332442551
24562175,3,0.33811653075720854
10941830,6,0.36820715660247244
3077490,6,0.45584269109843795
37416600,3,0.6622970102915788
3340015,8,0.3912894627119975
37056981,1,0.2694316356527405
20052885,11,0.4979648987308915
37736021,2,0.9372946679584772
6555573,6,0.66620922491138
5958793,6,0.5413135829560243
15150275,3,0.3321803876334185
24707811,11,0.6337023642079216
16773857,1,0.5110080634557403
10761769,9,0.5803677959694343
39761444,9,0.5957014418531162
39252170,4,0.676092426619152
38496831,4,0.25623629498863826
31928897,6,0.7524323633009792
22530081,3,0.5300601470286298
14006482,3,0.29427496449510576
16376732,7,0.23331467855897145
37521454,2,0.8802979107717226
25470428,0,0.4917989364567082
7085512,9,0.580650671879656
32489601,9,0.36848387015212347
29549149,9,0.6731144217251163
31689133,10,0.7259541364200667
26483054,8,0.2761200298199775
39716433,6,0.4928341149896215
15929676,6,0.46663323711712473
32152233,9,0.3188971449788603
28328890,7,0.8926057398203843
21856383,8,0.5880620972366883
12374176,3,0.6754040274524423
1017388,7,0.2560690250022284
10868530,9,0.3128540341202594
16238462,11,0.41070091792598196
38704037,7,0.6151429116083178
37000346,6,0.5505764986340135
19108182,6,0.5264773029771092
6174369,4,0.4144237244000362
31648992,11,0.6442580576180208
24768455,10,0.8199760109948688
7896462,7,0.37238387096302633
38741395,5,0.561318530625104
22862105,5,0.6765815216856683
20356215,7,0.39191305239949753
10304467,5,0.3233912999663649
10176037,0,0.5534566507461729
7881133,10,0.2823777246688118
14760703,2,0.9453796903334637
17839922,8,0.7883706424458529
38037873,1,0.7380293679252365
13851041,7,0.5903023362104997
20298407,5,0.5192834476998139
38305946,5,0.8968136286413027
32106805,9,0.3013598544625835
39146027,1,0.7645601279161698
14819098,6,0.20820166921176358
9870221,0,0.6921246808793234
39252323,6,0.35552056143431676
40040726,11,0.6165254356193278
38273916,10,0.7680874390496621
31961688,6,0.6953219363907763
3339562,8,0.5514099422790745
28922374,7,0.2662334747310967
40141134,4,0.5964996007421085
32597668,1,0.23183015691773498
27753350,3,0.3964426823472868
20137321,8,0.3193526124746931
28774852,6,0.26693633841025005
1716554,6,0.5477515134526112
28335202,2,0.23247825781510842
29113461,9,0.5153251982671498
8652140,6,0.5133327885167912
24070082,7,0.40068930925723967
32177308,9,0.5297406999376957
18915941,4,0.48413956162558786
35272985,1,0.31281555650631293
3293194,6,0.720851809848656
35341399,5,0.8260218023927377
13927576,2,0.5525941193938243
29393646,7,0.5996273417619428
35265632,9,0.512630627627242
2643244,6,0.6837652048039444
20746505,5,0.42239657045555834
14735469,9,0.46703333322309803
28008807,11,0.5176887457203616
33866503,11,0.6256529944265128
17138952,0,0.2678448802471781
4979150,6,0.6825654005559242
29455660,3,0.7202983308324604
24740104,2,0.5151267168035262
635200,6,0.5710630802424298
14418264,5,0.5565349105140225
36810785,1,0.642353938275433
12608747,0,0.3845562178181744
19389083,11,0.3740121395228887
5522471,6,0.20552260129957484
9753680,9,0.7231188326278056
31684878,8,0.3897091927905719
35274840,5,0.9534334196024974
33190298,9,0.7721790561937927
26828226,10,0.7951269946434525
20931295,6,0.31620101870355705
38403141,5,0.5654510084175093
293482,11,0.25389169811450285
38293647,2,0.8742944499375854
32871467,4,0.34245260353269974
35895466,4,0.47625415752827255
10990895,7,0.34769244548664924
7459204,10,0.3470188815366537
35457358,8,0.5688355478032767
31569216,0,0.5466588676248658
35262753,7,0.49182089192590095
5056152,10,0.5699075907435052
38106808,8,0.45984727514441315
25697684,6,0.5802068130240693
3209529,9,0.46942494519787925
34957620,4,0.7038332755573216
38791898,9,0.5233330689291716
36000668,5,0.7636645844833919
35581490,0,0.2680753479855652
38803150,1,0.49152192609707357
11764203,6,0.7643419729767532
37789747,10,0.376193745738556
15513618,7,0.37526859579322125
19658703,1,0.49689319009619126
24358611,6,0.7238265138116045
12154579,7,0.37022397616316527
30902050,8,0.43346006906787676
9763675,8,0.6462104934643922
6532065,0,0.46267737307702905
38242677,6,0.7720175365222662
20969744,1,0.40359273037928883
31473184,4,0.541413527769675
32234863,8,0.5093663637363043
30558116,6,0.29058140530310766
36954453,11,0.48840162047362995
40066680,5,0.4473513461072742
28180301,4,0.5479840193165045
3164086,6,0.6372990577675395
12763505,9,0.7826715008863935
37883325,5,0.28583026582962
7194701,1,0.40490663360743223
17613250,6,0.3203151312454642
36809368,6,0.5724374715555943
37287922,9,0.2837549671126929
18004030,3,0.6671755172872014
34800915,3,0.28242204488646866
7196427,11,0.4021517133326157
10158269,5,0.39967986078269097
39662975,2,0.706006512934599
25905752,9,0.667064849323287
20724856,3,0.37768452703830474
5440098,7,0.5748800788811211
28916554,5,0.6143801220843041
27240287,0,0.8693121291441173
34710842,4,0.298161492568753
32167758,9,0.579934690220484
27918091,5,0.2969898799245419
10621324,5,0.5976139639731296
17161420,8,0.651105705955336
627772,11,0.508845484065338
39664995,7,0.3855618473180392
21818783,3,0.3752741967597918
39817834,7,0.3606462130741676
28209436,6,0.6402017036433951
2761678,6,0.5285075103756541
38168949,9,0.7833571749844231
24274023,8,0.5651081601691451
2799731,6,0.4202607494574723
4981963,6,0.7163338362881053
35301624,1,0.5967921726865655
21576252,6,0.3265271708318753
39587863,4,0.6093930138206652
23475610,7,0.4214283115438305
10221704,7,0.3098660534462506
33745052,6,0.36017136457147764
3465568,1,0.7189964952492705
22703859,3,0.40823971694124445
5366928,11,0.39118405551180224
15725458,0,0.490578819347216
36895627,2,0.2163927006140289
27952608,11,0.5586326207403156
1003247,2,0.4362104898330756
39086664,8,0.37323883550255077
22415643,0,0.5044841062732577
38499625,5,0.5102875529621151
37709164,1,0.8633727506994013
31387880,5,0.3581912694728123
36736445,1,0.5080164147977138
14819849,0,0.4729303235558252
2243895,6,0.48526463889595867
8020408,0,0.999999999983695
31861042,3,0.7518656395456311
37098313,6,0.3072889260771642
4588889,6,0.75222989828158
12266208,0,0.3407437601210056
28505987,0,0.6053972601159647
24418368,8,0.41817198042246273
21367792,5,0.49355966262888773
22512462,0,0.7096398411679342
28376538,8,0.5325836444631274
24576044,11,0.5616047177710612
31489523,5,0.501735943985174
23725294,11,0.35490860808771035
29171896,1,0.4427341262539038
28026470,7,0.335915281486148
13355290,6,0.5697041403080788
7963595,11,0.4540500109676172
36202770,9,0.32072489401231297
32123528,9,0.3546946317470895
38340414,3,0.6749466368331604
8691419,5,0.2435978470621952
4094933,7,0.713750998979046
22719650,3,0.48997056024533325
11134539,2,0.3585188982271948
36704286,9,0.5923093968089104
33910982,7,0.30198896659106145
14036344,8,0.5964548622400917
26938110,6,0.478193147732908
9600474,6,0.787677658752173
34909446,5,0.7021988032113279
14320836,3,0.5187493494320518
18159874,5,0.7522583770836352
10423385,8,0.423773735486864
23705290,1,0.49050507807437654
3330933,1,0.6197620628513634
29722071,6,0.4300837022468272
3161827,3,0.49955480376913597
14874965,8,0.5036221363841175
39461414,7,0.35662432628913826
12019661,6,0.47867914709066084
22493293,8,0.2994128571979403
23227680,6,0.42456676250188885
5011077,2,0.42332213607552693
31207250,11,0.4236146679399864
36120184,2,0.6406917403304792
31794127,6,0.3998845645579119
29124000,0,0.7912976343309399
1188944,6,0.42938287099604516
33790792,5,0.44830595476484614
38821726,7,0.2788952691515915
19597575,4,0.8202327285331087
5406393,11,0.6820848071628827
9193323,3,0.5306115252587642
17823629,0,0.3791784576627569
16049395,10,0.40825904815477343
26630245,9,0.5056238921955963
33555048,6,0.42372673244044795
19718233,11,0.7816506706679641
29773991,8,0.48321913938645894
20741952,2,0.6081167194842377
26618666,3,0.42783512227172527
34255517,1,0.7905984263727702
21612779,9,0.2962769288823071
22220856,6,0.8078581357903468
20974252,5,0.856135793339287
10559018,0,0.9415227483074203
30298144,4,0.5866473813314387
32465143,4,0.7160722987093519
19869090,8,0.6176150661070462
6410062,0,0.896783847921942
11790775,2,0.6608742425778382
23577505,5,0.564355579497646
14515239,4,0.6635393328211892
8519647,6,0.5093176766166588
29200348,6,0.6696636213861797
35004097,5,0.7757358459387214
21079579,9,0.7407768295536028
36562052,9,0.25508699304149407
23037479,3,0.715749476738779
36123877,2,0.7111749989463498
9335768,6,0.6640690643721655
25019153,11,0.45577445297086716
15864522,5,0.7600860783536817
24837040,1,0.4329729004242171
15545952,11,0.7286345558036078
37870407,3,0.4320004145286862
24065052,7,0.46327289188293297
16847157,6,0.7419905239285632
32313946,9,0.34457279268909285
6616270,10,0.37762273764839155
38306904,8,0.81149519235306
10152290,7,0.6603374462365823
38683881,6,0.49852659966631274
28473660,5,0.4260500236954737
2824612,9,0.37593441505634345
20661733,3,0.4607707659824557
26870873,6,0.46152331815116604
9753730,1,0.6247993077641674
33864661,9,0.6167884911315702
38129681,7,0.9957212483127108
12208427,9,0.7142656181427137
2985678,9,0.43524218473781284
38516110,3,0.4894308408241767
32590591,7,0.3587769977804228
40064411,11,0.7658609247228351
26607303,6,0.5418396640373943
25050504,9,0.6343917877656412
6336911,0,0.44683887761810587
31417661,6,0.37153308417658903
20616540,3,0.6210057571757869
20104874,4,0.9602703039448329
18224468,6,0.424843273278372
20586328,2,0.5294852275324722
19936033,5,0.6605103315602664
25301466,5,0.6264835207894727
16675039,7,0.5486100576130327
8848294,0,0.46718403574388107
4117038,3,0.698536189240839
1829340,5,0.6790672620645978
4419532,0,0.3554783296563125
28881140,9,0.32444251294050014
11813548,9,0.5377189593732908
38644263,8,0.5292318043647198
16574573,6,0.4844933437034
18784615,3,0.9191962919415839
38806208,7,0.7996003274681729
28930477,9,0.39456680956863915
20037341,6,0.5495428902239567
34538762,5,0.8198116086212749
20731983,9,0.39591467174800327
3217715,5,0.8937409023594409
26850164,11,0.5056585109678956
30044142,9,0.7067344403158096
24168812,0,0.6243618533085045
10319699,3,0.36304986329525274
35644481,7,0.4623517484572077
30722305,6,0.6182716311873615
38797177,8,0.3811755470297803
11666537,7,0.514352878153233
26957437,0,0.302673976214063
37266282,0,0.2806515994989487
18356185,1,0.6785624993842828
24106575,0,0.36705237596660156
35688703,9,0.4856373122861323
35230959,9,0.5866893358718455
6878303,0,0.4149243814440131
17576448,8,0.4235339276157406
3158098,3,0.3184493473746688
12332392,5,0.7060295402341904
29760118,0,0.6597542268888302
37870148,5,0.6818918978354712
32026365,0,0.6565521626302082
36863081,4,0.8328992358279973
8300364,6,0.3292431828765815
16236157,5,0.6413119470399228
39804301,8,0.6566353547083116
21438890,7,0.6062610153517938
11045510,7,0.48494236809036495
21221813,6,0.62904377524961
3680022,6,0.4331548511940206
25293881,11,0.6209449444671717
24173250,5,0.8354673843554926
31349356,6,0.4554767416131794
3803386,6,0.3322859849921698
16952462,0,0.3051998196529417
20675534,4,0.7621977071305515
4203417,11,0.7894625228703712
33418838,7,0.47654881964213947
14885002,9,0.38905879022262274
7962094,3,0.40199965351424827
15878501,3,0.6389488377406463
18768967,6,0.7073054516908178
28220146,11,0.7447353985513829
25816506,11,0.8877740419562918
10901247,2,0.5684272999636448
15487106,7,0.5063119611913769
14803780,6,0.47187765130347575
8721040,9,0.33746229325980087
7616998,9,0.3721218262469234
31848877,4,0.5982585551599218
34929650,3,0.40823859205605534
1226091,6,0.6711221425112179
31250542,6,0.7769088039058706
23102041,1,0.5502696122766427
37204323,8,0.28722287595907076
34793047,6,0.4698968740819824
21110915,0,0.3488148483520666
14386822,5,0.6881835124137553
24140497,8,0.3390408687930493
22534598,2,0.49299431908715297
36342098,7,0.8757839178563342
12840340,11,0.37323672170818395
40087681,6,0.4495266808558224
7208096,11,0.3978676421200878
1823588,11,0.7314980843321583
7020313,2,0.7942160122735161
37528782,3,0.5440822195496683
21717671,8,0.3697986656258531
38278578,6,0.26854406757242183
25372877,4,0.4870597794702951
27904399,6,0.6947020556742762
18968607,4,0.4925501577321399
24872225,6,0.5108446939403786
3867718,3,0.4930175870022999
25212660,6,0.6573465067600378
16091689,3,0.5415402371553117
19942399,8,0.6083714082140236
26851151,1,0.6964310423558171
24663564,3,0.4764807292945217
34954102,2,0.3159054378500724
18578265,3,0.3586958674353885
20462542,5,0.9185912042900962
23267750,9,0.7189323802261305
13328121,0,0.48330260217201787
22951775,0,0.5901700937603876
27526431,3,0.46715359430374337
9310360,11,0.3259220356509754
10971033,8,0.4990835368716708
23965767,10,0.6169668598431783
37339367,9,0.9003268977765805
9629532,6,0.45896164470919576
37471436,8,0.5621315218981131
3014631,6,0.39638607878009907
33048636,1,0.5397971898452324
29181220,0,0.4260335139672465
22304231,9,0.37130118883610574
22450116,9,0.8805105593369238
16741435,9,0.34693466408143325
14319525,6,0.6870376874540394
26427644,10,0.5656500538034537
20423598,5,0.6413141878482861
26697843,6,0.5555930224160357
39359693,5,0.720967166793177
22303408,8,0.691550474862504
14777488,6,0.8960705563940253
17544424,0,0.6281746132437629
22831375,8,0.47380258078365695
33573807,3,0.4211384061773444
28509551,5,0.47860142343475853
15843419,5,0.3404270388346217
37053169,4,0.35041856150845446
25491786,3,0.3321296585681728
23358787,6,0.29334839651099737
9048947,10,0.9789130241599464
13721289,4,0.327547088468118
9691346,7,0.30854324196314553
15926358,9,0.5232340301907817
38733247,7,0.3579332663123339
5307991,11,0.5496360732748514
23173220,3,0.5560136932225037
3715323,6,0.6577824243946293
4788748,5,0.5045616400613036
10618144,7,0.7525479845754524
11039500,9,0.2636725276708254
10224287,7,0.796258575711722
29250011,11,0.6177459315637917
5426637,9,0.24979161070093378
21437666,9,0.4655865716034179
22378876,7,0.37438849204764985
15437320,4,0.2344088490883664
7654729,3,0.3655528872839959
18705373,6,0.5723030497449721
23553102,6,0.7266455456243073
38667728,5,0.704020590394345
11059801,8,0.40704200506719773
22144324,0,0.4360802080970714
22913490,6,0.5123510870932897
37705016,8,0.35312971686180067
38167388,1,0.5865768352984966
35520251,3,0.5169018009585015
35761682,3,0.42961784397397407
21081438,0,0.6935693130096301
38271772,6,0.40463003090022986
15109425,10,0.5957353515191952
18331129,4,0.4045078443349944
39917313,5,0.4874115182336438
14690398,0,0.24067490420549015
14030935,1,0.908185431407287
29586949,6,0.537664713261117
9125997,6,0.47242185521912244
29055634,8,0.4842129595634443
24291941,3,0.5657384819371564
16862501,5,0.9278462493688284
31006311,8,0.3156965450234998
24613347,3,0.47907840859258277
15890892,8,0.2616446061727202
17130935,0,0.3268323757732871
26056316,8,0.458208363780651
22793465,2,0.9866439273297756
8730499,1,0.30179940420623474
34085607,9,0.4064375322009106
38170566,10,0.6500197448751097
18782241,11,0.610324517631374
34844961,8,0.4481447694854171
31435071,5,0.5061752216466604
29049771,10,0.39824808917541166
28154976,1,0.5896895151255241
37023166,6,0.34968160435177864
22779650,8,0.5007561653982676
11672513,7,0.6226115994237821
27302795,1,0.6686120118104946
36794701,5,0.5866633880973442
39282848,1,0.9256319735193593
26874829,8,0.48339422970218837
25814675,8,0.3170768436702115
16110777,8,0.4403292331178142
25194557,9,0.40027843272995883
30748378,4,0.6234876397964171
14225361,6,0.6586841349770867
28924553,9,0.492054628165801
23905703,5,0.6180947794790506
29055439,3,0.44740046356989993
36792222,4,0.512431099304789
33356753,8,0.6920794818529559
31295352,6,0.29559528608140756
24715229,5,0.6289792166377058
23263071,6,0.30136043131863505
32929910,9,0.4775672733320421
5715217,6,0.45877576148223
24316906,9,0.26356877621560704
35536670,8,0.34348989289432036
22766366,11,0.46159652805122986
20394025,7,0.5563138360033514
30675236,8,0.5278616614038162
7611510,3,0.5961182160872394
29323850,6,0.5400545220360532
29053122,7,0.6453656784795454
33248875,6,0.3900916736133388
33995477,8,0.72336374164593
13111410,0,0.2843749078180791
31991806,8,0.48609000535091407
10694150,3,0.5409090655871694
31568441,9,0.5527614358628492
6535062,2,0.48410142235880427
24693714,1,0.49210527202303084
28516906,0,0.4203375622467368
33253657,1,0.41089222823176924
3123796,2,0.42585346618978015
7384066,9,0.44875775394006673
2380031,6,0.513495025097584
31194718,10,0.9143859076291697
22179800,9,0.3313673943645215
2990945,1,0.486306270055555
38333259,6,0.6141248560724399
35818975,3,0.521483292911518
22935732,9,0.42500144197398954
30276185,3,0.5026487671677096
1645384,8,0.46272918312295663
36315314,11,0.5334198301018913
17577821,7,0.5021583288271037
29403784,0,0.5326400734488982
26744920,9,0.3129260390750455
17662887,4,0.8586419332422562
28392937,8,0.5729830295171606
4110511,6,0.3949557110714329
33916150,2,0.8430308347263432
15840661,2,0.5049697820042294
38808959,3,0.6610170409712657
13404368,2,0.6767116265826131
33294758,11,0.4928050807556227
22688854,3,0.5079030155118284
14821297,6,0.6401515659283192
25234137,9,0.6765551035167076
30310885,6,0.8165506816410472
21039786,6,0.5646172868457571
24269795,8,0.575449332160418
21953121,0,0.8502229504249077
19466343,0,0.372306936115536
31668444,1,0.30343076293427723
27178055,9,0.919594064913928
21509858,6,0.2797966475826878
12533119,6,0.23781431255276028
31215172,5,0.5570872862620262
34113548,11,0.23779074757896848
37218887,7,0.5184568271946154
13845608,8,0.2208138785210856
23068872,5,0.7731861200361876
17180560,3,0.48754507406697933
27135635,4,0.3557327177315284
35784095,8,0.5320443940597495
14668475,0,0.348799182146908
29184871,11,0.5314931058725131
9907778,2,0.31530431363025946
20115578,6,0.7803670408739901
36049580,0,0.521936215114044
21890792,5,0.6194033132631082
17610275,3,0.4490234435161229
38897091,5,0.7822350935611064
31177029,9,0.3414729086805337
31978948,2,0.44686206007645235
39132439,7,0.4543508624232411
19907865,0,0.3223631744906233
31039043,6,0.5151428997857723
1872016,0,0.6117448919436328
36278041,1,0.6463577824982109
18501867,5,0.3940217435651755
17535318,1,0.3105965339668286
17146816,7,0.8177969467443673
20481027,3,0.5917089614757853
9674065,7,0.5303076020040827
33634310,5,0.4822725381974596
33178216,1,0.24023039113831268
9488945,6,0.429797733574319
39762772,6,0.2863295798471656
12444770,11,0.673276044691734
25145384,10,0.39320996439171185
17896936,0,0.5157084982421501
24830952,4,0.9999999999889146
30483977,9,0.41407357602304834
15035409,5,0.65997681650983
13052282,10,0.8490900040169602
23172325,3,0.6086375631631862
30607428,7,0.5508661388987247
29334505,0,0.7642229988284905
16294174,6,0.5762086221677222
33506372,9,0.9689355646345208
11164286,6,0.3631478845340963
1120139,11,0.7931770221146868
40041902,10,0.7014762925542617
7251414,6,0.3845989842247509
20249397,0,0.736506190165862
14410453,7,0.7544066691467399
19544589,9,0.43478256469808774
28978491,9,0.5107980047176963
15030011,9,0.44346336256065316
27388403,4,0.7424320959568587
30839297,6,0.5891714480771288
3449039,0,0.3253000389119233
16668639,2,0.3753723261672855
38647525,10,0.7354603720001489
32569722,0,0.643012852713405
35820782,7,0.38722093504188587
13939677,10,0.4452811866695076
5237485,4,0.3254389458034952
23902645,6,0.3292084065174866
36333737,6,0.45845815991258143
11020663,11,0.8642252076854104
35633421,5,0.5526214594155795
29745593,0,0.5198111244387831
21412318,9,0.4898133603562085
10962448,3,0.68373212141524
25273365,5,0.48368221480152446
34793989,4,0.5939898736218678
37644632,9,0.9314688979881091
26881631,1,0.5890425967671081
7486189,7,0.36990870841621565
33595230,7,0.3068339581955957
28831539,3,0.31049659245260214
37360343,0,0.32665251685411323
38777654,8,0.3119408761358987
9316697,11,0.8066690289141134
22773905,10,0.4472330852980311
19733666,0,0.8450694443992589
10511654,3,0.8488438525503788
32473192,7,0.6865372203504824
34884408,6,0.4352762435277287
38540394,9,0.792723568257906
34333594,9,0.5478536689443549
30969513,0,0.5873873388950316
6273191,0,0.6504914150439614
6808798,3,0.5573766535065943
39541791,11,0.5844753626706292
21803956,10,0.5697490539763428
22881585,11,0.41142133804507114
34164137,1,0.3070391401774937
40101925,4,0.7504989613272287
35242940,10,0.46118286802707087
24119708,9,0.5841880280239214
32704870,1,0.5183090117773181
37619571,6,0.8260029080597477
38947967,4,0.3520311086785792
23619945,5,0.40817758007547866
30271882,7,0.3368659149732841
19883026,10,0.46228385501395663
37078919,1,0.5951828474174463
23285743,9,0.5450609569810589
23002438,1,0.6051574450998427
21757544,1,0.5567132098452843
15582956,5,0.7011938956217662
30850829,8,0.49755004962903016
28933739,3,0.38462538091023657
37192937,7,0.364451865299018
14069890,0,0.5831412079970845
36526140,4,0.6223747254592467
2763432,9,0.9461140633307272
22044220,0,0.7052209190465725
35337250,9,0.40702818676229036
11280388,0,0.6044398568429751
24367930,9,0.29056719896326977
28242902,4,0.2468645970058645
5097092,0,0.40995175652245003
31019573,9,0.7760868478188157
15371505,7,0.48615001068787933
31100433,6,0.5976351098983557
29317262,5,0.5048245357150838
18427711,4,0.6405454422013697
19337952,10,0.3540302448227413
39529662,8,0.3019945251153238
26292906,5,0.6166681151866433
21362224,7,0.3360525268683048
7502566,1,0.6820496723941332
13202649,7,0.38323478376904724
33737126,11,0.5958626252930933
35808754,3,0.802292364407321
20248760,9,0.3581865266457532
17592581,6,0.3589371935326034
39618814,7,0.7188489801367497
39196788,6,0.34089242234349754
14313025,1,0.7675123128593047
39914160,9,0.5840406390664632
30242328,4,0.7582458153643823
29452735,0,0.9485253585742689
27032991,7,0.6803399948529094
28789986,2,0.33939779810596443
34436091,6,0.2712171798226947
33137277,0,0.34561384799464834
19688078,0,0.4885613263270243
22403897,3,0.453990408955431
22859493,1,0.25300848400115616
35992600,0,0.6304647017600743
8031636,1,0.40001151752428593
17156769,9,0.4272487741408245
36702421,9,0.24188039405027234
36953452,9,0.30378421295376734
6197580,7,0.3271566469340605
13918652,9,0.3470718139305916
749000,2,0.5715247173249489
24627919,2,0.4708085219482559
12799772,11,0.28597486684528406
14794296,3,0.3589203893067015
34130717,11,0.3467426130569223
19803039,1,0.5668984991241734
23460357,8,0.5757222570044305
19084223,9,0.4243062088109058
37032174,0,0.27767463549640214
37247111,9,0.7320755887632533
9224284,0,0.35436281032022376
38405122,3,0.5054469301140211
34833473,9,0.7232494712702555
32661495,6,0.2735750411082598
31523241,1,0.272520958231577
29349522,8,0.3672185995267175
39454471,4,0.6945283144544915
11622700,6,0.5962305542711783
38691009,8,0.5090560233529663
33344809,9,0.7292296799587795
21929716,7,0.6141838014342501
39384922,3,0.7852147744380428
27390751,9,0.31614375368055403
27618651,5,0.7752866668307066
35754837,7,0.4454901450674043
35362707,5,0.278112875967959
7259316,11,0.5887514080234522
34988748,9,0.4686768607065301
25183798,11,0.46115480576824525
39584544,4,0.5673476650268727
7433232,8,0.35688730514947703
31905949,1,0.5651779462695967
26661177,0,0.5292850136945014
1780763,0,0.6049977322469934
31216574,0,0.3810906715690569
12886902,9,0.4561260501208136
7092821,0,0.3030451796325747
32636307,2,0.7937151157010632
7995202,6,0.8424323269379181
31094044,10,0.5603464143535564
28712167,1,0.7070285638628018
37981890,3,0.7022192094233098
13309255,3,0.6478123598083354
34739151,2,0.42691106506505777
32918014,11,0.46116405123996473
7668551,1,0.3642145645914297
35933201,4,0.49743456971178335
13872174,8,0.3942168164236177
39071050,1,0.4854859565126527
37852994,5,0.41768499642516416
30625881,9,0.3342195033773854
14929304,1,0.509263280160516
16484167,6,0.2558465293818487
17403175,1,0.5218487789769887
11394820,0,0.5668523846869887
30006740,7,0.49519025877119166
31254278,0,0.6891999399920262
37176167,6,0.3057968540118383
39864563,9,0.6830827962598152
37472336,6,0.3112099094266758
31548586,6,0.6015422924352004
34145566,8,0.5236033132057774
26392752,7,0.5002250109888752
39396610,2,0.42196686935569044
31923003,10,0.37475774342569534
21963929,11,0.3014567590944453
28949303,7,0.36265326408352294
36494860,7,0.36904599604032357
28976249,1,0.22509634558565086
38725187,7,0.2699958502665428
30272269,7,0.5941515479202134
1053344,2,0.5685068665896283
885625,0,0.3105544985441038
13167990,0,0.689822724133131
39518534,1,0.5323565609258247
19573477,7,0.540458856776982
31437660,9,0.7495660213026583
31057009,1,0.5166878127893918
19494449,0,0.2336716422971422
30362023,5,0.42852534265916215
34269772,9,0.4230701179636956
34012417,6,0.4198060474848513
2924781,6,0.4326121720535258
37441698,3,0.315482796427361
35894570,4,0.6189723201213604
8537375,3,0.6909256695020785
9006093,10,0.49032117494242855
33795535,3,0.47003956023133003
20720108,2,0.7882094604374443
32152613,6,0.6135587051405206
32514077,8,0.6706882302220983
24265375,6,0.7963337346405018
38315475,6,0.3473079593038543
1610781,7,0.4522424067776783
8682848,3,0.8300364361393434
29882322,6,0.22152618630920837
18835525,9,0.32866478612077576
34023927,8,0.7293150059879634
3494780,9,0.6497760490625307
21830650,0,0.9999999999826866
20801032,11,0.2743705852452391
37528718,3,0.2912691052091746
8367609,2,0.7743707974864678
30719986,8,0.4093796425739586
17819152,1,0.48802866572726006
19508028,6,0.48538351707707195
4642589,7,0.2835080303387012
16786633,3,0.6411075102408558
14505086,3,0.3430047713310079
39302594,6,0.5511376411388056
14294353,7,0.3673778239005511
15182284,0,0.43245205850960744
28500422,5,0.4611427416410705
10914416,7,0.6942534153818156
39507711,8,0.31189294095784326
30676333,0,0.6097252937378068
31504353,8,0.7069991822992552
36839212,7,0.4711090676851089
6479676,0,0.4577167359101289
34132279,1,0.4005810665708193
4494532,10,0.32572458199920074
22186207,6,0.3588063167300747
30210677,0,0.1798458336745
30633320,10,0.46409074949002715
12241550,3,0.5958238966531948
6014428,3,0.5134055234636619
17755621,6,0.4172950714804359
37279357,6,0.5158259958134531
27489781,8,0.5614723810163683
40076534,4,0.976719667299034
9876838,6,0.5495621519534944
30710144,6,0.7007593510718135
8394680,6,0.41426709451362326
30357527,9,0.9308523655788765
28099784,6,0.3384653840383139
18213789,5,0.750917644456836
22072112,9,0.5497358102978848
4903413,1,0.5052935406839804
14220505,1,0.37238722403877494
29988241,5,0.7703280522572146
26785354,0,0.5673260214252397
601874,10,0.4203232356822862
39090875,9,0.5460694320252459
28097247,2,0.5259412927828349
12975456,6,0.33870836392389686
35216526,9,0.37854753210447867
30607364,6,0.7403837199212067
38952059,1,0.5779956386668549
29040609,3,0.5914992123919789
40127794,9,0.3958395780304147
40018083,8,0.43296854903566623
34955321,4,0.562205656749023
33629033,8,0.4618959530404618
16892696,10,0.3607030560795037
4413912,9,0.8868113432011792
29268012,3,0.6575685680289222
14755946,6,0.32003644457942204
35291232,6,0.5850105878689271
12550379,9,0.4066622612574246
26302575,4,0.3950505582444599
954823,8,0.6324266365934892
39652788,3,0.8022159102569453
30194277,1,0.6341195729214768
40061520,8,0.4199200788915541
26283259,0,0.44438943969086325
39839968,1,0.6285279414764429
39036229,3,0.4005139749612728
27112708,6,0.3470607612253079
34892420,1,0.5085852846445039
38573769,8,0.38103465097494094
36252310,5,0.32278238915391294
39427540,6,0.49754790125088244
25944968,2,0.6384781822227804
5396447,0,0.4901198008453791
28950020,5,0.6764620167559945
18522273,8,0.44792954104767346
17827758,3,0.6072956222248436
38214721,3,0.7306819905829314
27921902,5,0.5950353795565569
19530375,7,0.40884710221572046
34053223,7,0.4256089517997985
5250183,7,0.753997922207748
2049849,3,0.4657896873050531
27341801,1,0.4717133102223459
14497022,11,0.5274536894758518
15951228,6,0.38587731664824876
36018851,4,0.6434678902904584
8375329,9,0.5824906602300738
25404179,6,0.7884898124025291
2443383,9,0.41445239565472375
31608133,9,0.466664172328135
27645172,7,0.6253674413297299
21514517,9,0.8408403426400521
12959615,9,0.8447783352154193
24746582,1,0.23012942173386006
16731557,0,0.2526397232280888
27984840,11,0.380975059559366
26902034,10,0.8246130250273641
33665467,6,0.5940451468626324
6036129,8,0.4747830267336586
34375363,5,0.7087009450581016
33170862,7,0.5816208018129545
36486079,5,0.652375306198823
29460274,7,0.581326626331841
31225140,6,0.440403378433736
23618769,11,0.5593051236098792
29372745,9,0.41035821970228575
3411469,1,0.2680574754665063
29420870,6,0.4802231586129673
23403190,2,0.2921113714604081
22846048,11,0.537823209824395
22972720,3,0.8060935922404345
23281782,6,0.36227967188973403
38165636,8,0.5612725287983475
6354260,8,0.5498402384114889
28879485,1,0.43154380869730413
25904090,2,0.5798097016384898
21758760,5,0.41817624514286383
15080672,7,0.5164115543521284
2266503,8,0.3717724987495476
13871769,3,0.7309078999229925
26518730,6,0.33606998714996356
12179271,6,0.3998025038112379
20858516,8,0.7543193775437739
30294905,4,0.42469839557773886
7493459,9,0.21072593136504372
31145163,6,0.6873552107986328
28035995,9,0.9323140002858425
22048996,8,0.5970467966265883
11219770,0,0.8885410075388513
18348634,6,0.5287389674931797
10388411,9,0.3022968944459673
26472114,10,0.6724796463155621
19945963,9,0.49917838630852124
16861013,10,0.6647715060231569
22308945,11,0.7058036667750424
21716368,9,0.46456125999289083
1057638,8,0.3511784603694867
35809398,6,0.6176631881367229
8286015,10,0.48258246963582285
28384680,5,0.46570501165743416
35087283,9,0.6356724151001312
20860846,4,0.5503515449033098
26747122,6,0.9542288688424002
39306811,7,0.47673197384507743
1512600,6,0.5871277632976084
35329655,8,0.32687429603694523
23446565,6,0.4401334540933229
26288294,9,0.6110294225138194
28856605,5,0.9445044494970386
28460881,3,0.6218575341043584
24077760,10,0.4161875103764796
2501431,7,0.35171981016956927
24947814,10,0.5525753308364174
30881858,1,0.7653882917768047
28316815,11,0.5902535118041637
3443157,11,0.43081901875790696
21383115,0,0.6082259148014078
33544897,5,0.5541322379825093
33476590,11,0.40999612105358585
32776762,7,0.41437332664305027
32667423,9,0.2655334278461559
16951602,0,0.6195432793602764
5363856,2,0.9531844930195638
32402536,9,0.4788770890486737
5656564,2,0.5462468709016047
35644599,0,0.8500889473427586
25849696,11,0.30741981029278576
35196753,7,0.4462931296835265
27930334,11,0.4680215188235276
33093117,3,0.8582013068263257
14099308,3,0.6118965714598873
30174143,8,0.2796915956890479
5321789,11,0.5161041568584577
24162379,4,0.4543519542553978
20528152,10,0.3685558453506585
34005494,5,0.6775421372468534
25212696,7,0.40150547240005896
33653724,9,0.8249584708801867
4330723,3,0.6773044678739846
38419554,6,0.7033918976505432
25642134,2,0.654430869952628
20019516,0,0.9999999999819162
25235833,10,0.43264221103562017
35447865,6,0.5383498834385867
5928959,7,0.3017861753596859
11357851,0,0.32900848636167124
29612925,9,0.4339422790348268
32210270,9,0.49584399900330534
18518326,0,0.31144843147323575
12902134,9,0.37426734384914073
28094766,6,0.7187903367558904
31105931,5,0.7248256818340404
32237379,7,0.37231279084635466
27925113,7,0.27423031048352897
9617001,6,0.3248019344106342
16730559,3,0.6950277131343859
37152307,7,0.40252349526343434
26330342,4,0.6148317224162135
12023488,3,0.7186024279925829
34414111,5,0.6886550483259247
34191340,9,0.5302044765595966
10653422,6,0.8305621509402086
37324606,1,0.44773096420958436
24313055,5,0.5518276676903183
33525279,5,0.6803138940306065
29401025,1,0.8356173979276359
28427236,5,0.4848806370251328
31128622,9,0.7394571643789832
12577179,5,0.5819761188664564
23351876,9,0.44675685877313115
35176862,6,0.6918215921837655
17788030,6,0.7839830964456371
32705272,2,0.710189960482702
22938101,11,0.455203764392146
15836692,6,0.8792243896027528
29019340,0,0.35485247721495117
5933313,9,0.5395714184363668
23927803,6,0.7210397011431708
35504329,5,0.6178203108443016
19447456,6,0.5578838800289937
5465010,6,0.769370192142035
22239909,3,0.2571298904271476
4828598,11,0.7481763122248484
35471471,1,0.6987093787563601
17262540,6,0.4471228324663114
22686339,6,0.7914044964860023
39070030,5,0.3991563795804116
33768386,6,0.4060277908268161
28830953,2,0.63038876897641
39733655,7,0.4103286539912566
24216729,2,0.43617919912183345
37455933,7,0.4041980440882851
24334431,11,0.7421384618687744
22084163,5,0.9968012564112104
39617894,9,0.36967969416628155
25415479,5,0.658270705854434
7976684,10,0.41543183739027295
21447174,0,0.6788588377016773
27657018,4,0.5580602049350558
15096306,1,0.5269762692984374
3500997,6,0.29752472427124105
17065413,6,0.26229417463190297
31941685,6,0.9511140129255461
13023073,8,0.4579583802145074
34565895,6,0.6967151065049313
19270960,5,0.6327313247801809
23125243,11,0.40803641536450797
9219313,10,0.8343494824010369
6284413,11,0.4253696668322688
39352371,7,0.5981607468063936
26624193,0,0.790668121873128
33518554,9,0.47982011453620765
29522874,8,0.4041880709102484
12355740,11,0.33987448103251977
38209343,6,0.7016818496411582
15675667,4,0.394847274827068
12393044,11,0.46707284023775814
12104005,6,0.4914923051667091
39100425,7,0.48837471752794126
38083667,3,0.6900894721656943
38762247,11,0.5028928101122708
5080756,10,0.32124161434416176
30506160,3,0.16550062553401124
33297814,3,0.33613511872713914
26752252,9,0.5440302276601324
26445403,6,0.261622984044132
7192390,5,0.31583319389334125
21877327,2,0.5762464478985461
35364084,6,0.4229192787938262
16223787,3,0.31729554954307226
34879508,5,0.5259321906018994
22575050,5,0.7371994036332313
24669497,6,0.6925515052381975
10303248,6,0.2615587726284211
6540502,7,0.5680630166101222
24707143,4,0.8676165876382875
31153536,9,0.5257360400183831
2922628,3,0.7797980847881886
24877912,6,0.5622170798198862
10889930,6,0.6244764518162335
14839366,6,0.30755828143361197
39702803,7,0.6209035376015533
25965332,6,0.38709952930184005
26592415,8,0.34254786577088103
21197304,9,0.3906763553790255
5643358,11,0.8754119275816179
39275533,4,0.686215494803247
5160965,8,0.395839962681251
18963819,6,0.40410831849670553
22650393,3,0.770255008451995
36782588,5,0.7223713434495989
26514865,9,0.38524712399372746
13249341,6,0.5679511260416111
19017324,9,0.7865583438312268
36762199,4,0.41837281240043744
24001123,9,0.5708821370315785
39683521,9,0.650063951828053
14360006,6,0.4526983042335741
30786933,2,0.8332356094089651
24211537,1,0.7457732017308428
33675624,5,0.48431244208483537
35538388,8,0.3291348960377673
32223894,7,0.431188259729132
27697939,3,0.33526812432767567
38995640,6,0.7536130383217182
359498,6,0.8747897677058264
34028293,3,0.5483771000570314
11687302,8,0.5030441310468161
37980812,7,0.7592946182175654
39184071,2,0.2706961182189452
29872349,3,0.2927625175342644
31172220,5,0.673906073978759
20785987,11,0.7744505202416807
39682342,0,0.49963229208774934
31588232,6,0.4329263133896414
29165171,10,0.6075164654720268
10417108,6,0.6929696937022479
1894846,0,0.4713721956553336
17250477,6,0.5815342889659902
33791608,11,0.8873078600176506
22395185,2,0.46004705955256914
29149744,7,0.3273155127016286
32142150,9,0.5877645892863108
9747059,9,0.35149671937622906
18488287,6,0.3155075786660023
13884328,9,0.5276761555088112
27112286,11,0.3790546275828724
30895093,5,0.6781588621709385
35877208,6,0.47973197553694424
21276576,9,0.4498163273659861
12698102,6,0.49121188872574845
22873511,4,0.3356967512671636
10131811,9,0.33527147360976056
26924193,6,0.3798898749573975
7827196,6,0.5284283957835283
2838707,7,0.4568147758958999
34580796,5,0.5672138453575577
24988809,4,0.6658969463545844
26479280,6,0.923435820648761
33458277,6,0.32109515979570313
3112456,3,0.5712216691288786
34970948,8,0.4709660184270951
16056104,3,0.3735057518076287
30956362,7,0.5658447739903626
29332163,9,0.36651456958017575
13466341,6,0.5292262480288338
34577792,10,0.34460758174290174
37973589,5,0.8648832991030838
30317213,8,0.3980626331687181
38933789,6,0.3884165876876427
2082145,10,0.4755827053259539
35068300,1,0.4714985480199628
38578378,6,0.3143497383449592
30704214,6,0.46396506051114683
37691973,7,0.46655786687136824
39321678,7,0.2442713374384166
20929790,9,0.3680647094955168
36503178,5,0.4238277084277126
13798344,3,0.6512354693488616
37191893,4,0.7941741799933473
8456401,3,0.548274184060136
394895,7,0.4341987545634964
39258087,6,0.6562335310856372
27647871,2,0.49485785222083845
39490657,3,0.4914583879076735
22212336,4,0.6908452971569633
1445989,11,0.2885881626750274
36454339,4,0.7069309832022203
31270373,6,0.25091274260784346
23166772,9,0.382963517888202
21622988,8,0.42548824199430846
17203935,7,0.32338256518785347
27167133,9,0.37011624048958486
27571512,5,0.3743314964323614
3419624,8,0.4190714868051
18542107,9,0.9039262398627067
17203253,9,0.5819248425523306
24981565,5,0.7298793927609202
6737846,0,0.4116749802179827
27133165,5,0.6877612953201512
33469327,9,0.8776541424256171
22269429,9,0.6396469850180274
20669665,7,0.6899996561886157
20677686,3,0.5957366575855815
38488923,8,0.3649560156530407
21346498,3,0.5814445472827591
27137266,5,0.4875378506116996
33971230,1,0.7704923920502098
22847765,5,0.6012460219274197
32640047,6,0.9250788757020095
1347727,6,0.4956284460283049
39922316,6,0.7134032460859209
12189943,8,0.5159728344155351
35189203,1,0.47013306506706304
1249165,6,0.9135643697756739
1836633,6,0.3686767419820614
22493605,9,0.9020897245263702
36603513,9,0.4569959403208627
24254945,11,0.48707655895481944
16100204,3,0.47474799935932543
20160902,6,0.6283576673304339
33259191,6,0.40017834705403854
38491602,8,0.2932758756297933
28672271,9,0.5910658480922976
21495032,5,0.6070390302671764
25372911,1,0.8944093522200467
35633017,8,0.45503339388421743
39644202,0,0.5212954858574174
32114215,5,0.8743813949503882
37640606,3,0.4436941536487941
12180822,5,0.40465671986982055
12915668,0,0.46485221090466106
26097916,4,0.831909792388475
31720272,7,0.4613246013654091
11763448,0,0.7808451611568168
27989674,0,0.3034353604891718
20883189,1,0.4055962284384791
32801417,6,0.8258956385419801
35805573,9,0.4404312156954529
11010445,0,0.3948670822797693
24126266,1,0.6433181160095093
24045816,9,0.5164096109371794
34596411,9,0.42042755255727543
12784624,0,0.4612850722425821
1861836,6,0.5257332811999761
28931142,6,0.43257640555443744
31805681,9,0.7676614541366285
10035167,2,0.7908385276524917
26297698,10,0.6701092372713213
25261582,6,0.7437171772296143
35587850,9,0.5254753386133303
1351227,6,0.4067883359177241
26878540,8,0.6453715709713217
10555671,6,0.5811055604243771
37832228,3,0.9630346197207175
18340576,9,0.5425866317539482
35247108,3,0.4169075657600653
36899831,9,0.5339687138967403
36313934,6,0.42166678783597916
17135979,10,0.4455061820179818
5673304,8,0.576714017459634
13113168,1,0.6614279045501611
36428064,9,0.24993379685515973
19017283,9,0.5292500805603638
35522430,4,0.7010307841833482
11722950,11,0.6315099235723454
9319430,2,0.4550247314186417
12992316,10,0.5659663195931443
33117704,9,0.29385141032355455
4427543,9,0.362222364387106
738301,2,0.5162816742691104
2119682,11,0.8751133602493556
39069841,2,0.921129772021912
14531544,5,0.395939527329475
5207305,6,0.3764927010580857
30842119,3,0.5630695167631461
20028202,1,0.4851669149136586
34917828,11,0.48944565035557897
22222662,7,0.5783633610422182
34013142,3,0.5386196888213344
36924748,2,0.27235760826589256
32522750,2,0.5628693972640685
36998498,6,0.43710438206800556
29074509,7,0.6529994515944751
7561969,6,0.6542124542256355
25435908,3,0.23454299189428376
40118266,1,0.49661843651595766
37501075,5,0.5470749330423124
37800639,3,0.6222937221516667
20855090,3,0.5403847311636165
27680024,5,0.5742879371647497
17134024,8,0.3482679602444594
28868693,6,0.3123357028287282
36784908,4,0.5946945390854586
27159558,7,0.4443525426168983
12988780,3,0.729686884521644
11239567,7,0.3936544352386778
14615847,11,0.37678477476061784
17156943,7,0.5578519226318409
7273215,2,0.30141870472843624
18263475,11,0.3522599549758062
5728248,8,0.5758873720880345
17634940,3,0.3369630178006714
27010588,8,0.43797034628725723
34773838,6,0.6436627145590872
31604446,8,0.5398666999136443
23198665,6,0.4313631823888526
10627221,9,0.2517551721257296
30986482,9,0.9197532092232819
39886063,3,0.5627845157257452
28988814,2,0.4024506623247997
31825633,6,0.6875972550562467
5895588,11,0.6676147154159472
19624038,9,0.8995372969607839
34602999,0,0.24030366575162715
3286607,2,0.2827254516044332
18194440,7,0.8503751807237646
1417902,7,0.693394678947096
40073003,5,0.7694238892610072
16880252,5,0.3658985506197224
31160197,9,0.36258703420273336
9057497,9,0.49995207106607537
15685894,5,0.27911608276976707
26075841,7,0.3597416181970354
854906,6,0.3169479222020475
27434643,8,0.41726214903095193
21115449,0,0.6993685363282
28533354,11,0.3426187625674306
13592734,6,0.3875988294248774
39650828,4,0.6451245090458233
38951194,6,0.5548501601471829
11773516,1,0.6368531394453302
18678117,3,0.5677094099544104
32403893,9,0.7858188119776883
33707609,2,0.3453837032177981
19560838,11,0.2574509573049155
34822324,4,0.46056467675031604
4611410,11,0.7659507755269621
29803949,1,0.6275820686537531
22979141,6,0.7120560426898734
28939470,9,0.3130167375219687
34560607,2,0.34804482496689104
38369188,5,0.9081283474727593
10586787,3,0.7061393129044139
35227147,2,0.3498015330374948
29309302,4,0.43728645850162995
30907851,10,0.818606193800657
23208368,4,0.7865117251220995
22546969,3,0.7007232052774328
35946816,10,0.32483502934737396
23511679,5,0.3396219802850248
16981926,2,0.684108079947267
24421993,2,0.4646403768709589
26112049,11,0.5683966252802217
39856709,6,0.4832507361101084
6024622,5,0.5890483334898919
14664753,9,0.5552558177343856
20727780,8,0.30476363373480947
31162657,7,0.9165792826753334
37154201,4,0.48339785704696314
28400961,6,0.7831999910173582
5786653,0,0.5430584369918203
1902813,2,0.8360417587581549
29294646,4,0.7516727134700777
27317442,5,0.8819975247784119
5781043,0,0.4555222131532972
33979392,4,0.9001462468654436
23121942,2,0.34697772632888724
4148974,9,0.6142806288350348
26818513,8,0.6629863362951088
39297793,1,0.894204625160835
38602060,4,0.5447210183550576
32900735,9,0.474674532520938
2829919,7,0.40642746156200726
17593972,9,0.945739986987279
11505558,3,0.5449849660475893
38156023,4,0.677395464935039
30360659,9,0.4556796299305582
13676141,9,0.4507267776916179
39922084,7,0.49806896120296684
36228723,9,0.30511472910892573
10079163,6,0.5678108873959862
14131338,6,0.6410094819094209
38796217,11,0.5147946166750993
9219318,6,0.5371019984121644
7340786,3,0.8503575229352008
37082877,4,0.8269577779650868
33856026,6,0.7075202978869038
28293310,10,0.613800872093981
22884370,9,0.7805298383699584
37806114,2,0.513565081858743
30762203,7,0.44741943897102787
18610198,5,0.5381753032004783
8545870,4,0.6081576618594858
27420478,4,0.999847679040551
11917547,5,0.7711348583726614
26921035,0,0.9999999999775839
12282222,3,0.2989276622261916
21248245,10,0.4346989372963273
19841116,9,0.36232585986413396
25070051,10,0.26129557149071453
22702767,4,0.6691285028540458
29640856,1,0.42788247608917496
22444586,6,0.33861186234253277
17304123,0,0.4005950218484461
37008080,1,0.512255782165514
19542873,9,0.4932412920852888
24355290,9,0.48735759965623415
36638946,0,0.46459328337872674
16936009,10,0.4429172332459319
21043394,9,0.2918916004980746
23068426,6,0.3862862991304188
12272529,7,0.2746840691654104
27403413,8,0.5088196840380965
2227469,6,0.8438668784802906
23741653,8,0.4109826677190377
39951230,2,0.2773336108058984
13120892,5,0.9972328436392054
34828885,5,0.9999999999925255
13736554,7,0.42950336135926614
32288755,1,0.34884951124170865
24318505,9,0.27077438727293796
30725700,9,0.5386989864821395
8660677,0,0.5451184996574936
37227887,5,0.45122054375673637
29424953,6,0.2865139144520811
25321702,11,0.5384314938442367
19201708,6,0.4838948635836599
29868660,1,0.9067789771120469
29004697,7,0.3142898123178001
13128860,3,0.49737747621314987
21767387,6,0.4520929851532042
33569383,1,0.42885741545571465
28077180,2,0.8518420405199948
31595704,5,0.2885725069888246
11207368,10,0.48906194731757496
5543989,1,0.48470861971923823
37587028,1,0.6504792887378738
16430943,4,0.43577771308023705
16872210,3,0.4802481539623695
33281171,2,0.6268410312347278
38809840,10,0.5570317696290216
14679198,6,0.46872042050184837
28462627,11,0.7438027307067088
3680635,8,0.32053154695765446
37197517,8,0.35679358338194617
36038284,6,0.3500771841421056
3887336,0,0.8395409271349018
15191492,7,0.4970198313020797
10964982,2,0.6963386005622977
25104261,9,0.30215228991957477
28952118,4,0.4675309350796736
27129037,7,0.47363215787148766
18679511,6,0.6712914858369172
32189476,10,0.49231620850830443
18786128,8,0.3560280832729999
39915320,9,0.46057102776521647
35735408,10,0.7222450081777108
29009647,9,0.5716141593419339
33287930,3,0.5582671829461907
20906948,11,0.27336388929171224
22910772,7,0.3068123453226646
29466404,2,0.8190791693206948
6633506,7,0.9999999999886012
40100626,2,0.5328423925216418
34738971,5,0.5616232174895229
2609719,3,0.35964754076101385
27003492,6,0.4012755921534806
39117843,4,0.5583858875390854
13910975,3,0.7822411618942244
36538556,4,0.5956634662518431
2685097,1,0.2742169430749674
32397895,5,0.9139253289557586
25031298,0,0.5699676361168845
28100583,6,0.8112474211567726
1854718,6,0.8305785547029326
24243991,6,0.34945233269196285
40093816,8,0.4920423976617971
33413309,8,0.48403203049143834
39902092,11,0.7361375738260374
27030952,0,0.3482830520666972
22628076,3,0.5190332950541521
37252774,8,0.5434597996544885
25103457,6,0.8980736155437418
1713038,3,0.5060476069601467
10835266,11,0.22258923887128793
26153242,6,0.5206678343336466
39740498,4,0.28039401078071524
39494046,3,0.38049041431335123
13351002,3,0.37158960842359817
1894591,3,0.6193689172035733
37947765,11,0.7102147951124534
25075364,10,0.4283083113242872
25615853,9,0.36981705092814643
11209054,8,0.502611859951417
37000231,4,0.5772792019196024
18290658,8,0.43559481167634534
36939681,5,0.8961741420058312
38601538,3,0.2365020566805737
21866036,8,0.6264666572819549
33000104,7,0.2723654143736567
33332370,7,0.3432441359275236
14991203,1,0.4728250738050177
26021086,11,0.22494978905106794
22317436,3,0.5053034538698116
30715337,3,0.31817011005575296
22507707,5,0.9118520912022827
34738808,6,0.4340095730617306
38352345,6,0.2623904142169545
18334693,7,0.40362058827203506
27914065,5,0.44844413147869217
29539591,9,0.43542265981963457
16323139,5,0.8658113256868557
29166604,5,0.45763775273197904
3874613,8,0.5685165624497193
16715623,8,0.47004135376714656
29241261,7,0.36094487117811724
38559778,10,0.6070343520964213
31547652,9,0.43970058073064855
26050958,6,0.47325366197879093
15209446,6,0.3646680986928244
40074155,9,0.6700684416433634
35807817,10,0.6636451973451942
26323143,5,0.48213522774005974
12748291,6,0.9160304628015781
25663981,6,0.4185684418204994
33076550,9,0.7785438765568988
10202078,6,0.46618554606852425
30107915,7,0.7864991014522168
39580495,10,0.21268760279281407
30114257,1,0.4637364889108037
1550134,9,0.3868070616513465
38743551,4,0.33868544104150405
22873043,1,0.588361772945645
13859811,8,0.49982300991197315
36589666,4,0.7981591742198499
20195668,8,0.6813549134710248
18323696,6,0.39968672752588574
28924354,1,0.7896342056596107
28948898,5,0.8427080597413618
33534223,6,0.7023850195451399
32934360,9,0.6525830943346367
39553371,3,0.32273199227421123
10468165,2,0.7391332192372843
36821548,3,0.5133616507847701
15561230,9,0.9526785035647409
21309532,6,0.5549886252389061
39739644,5,0.4825762472480468
35279025,2,0.4070450333592276
29358872,9,0.41903945879667476
25987179,8,0.4627579792338788
39928463,7,0.3163074081292587
9729818,6,0.38510221149210916
21799921,4,0.4738833753256907
38233504,4,0.5900304488165791
33989586,7,0.3132547278849506
34320925,6,0.7035754566337724
7536797,0,0.2196790923062587
19134175,5,0.5322324712755894
28889786,8,0.4384971334303854
23251505,9,0.7623535363431813
25549854,6,0.3218340361486707
19566555,11,0.4751405052624226
36772082,5,0.8456230572549517
37936427,10,0.3770331783104039
30682342,6,0.41695627505810684
22084418,8,0.4253365291774763
36448002,8,0.6886638163884529
9613759,11,0.7003892627153343
9134778,11,0.4950304247758217
18935626,8,0.5548128658274306
31186256,9,0.9582212635304594
11221573,0,0.4916504217729672
24844121,1,0.9011840284762062
39127002,1,0.8590319570530047
35485340,7,0.41907818186637275
3745606,2,0.2618696501647455
21463392,11,0.31197829711368147
1598331,7,0.7273988781893582
39416021,10,0.9978377831647705
37683558,4,0.6106014026931474
38138666,5,0.4316055571774517
34075111,9,0.3495588737231955
36983967,0,0.6762892981655856
38200293,8,0.47579465361788503
33642673,4,0.6147518596041028
6522580,1,0.5798347767555174
24156357,3,0.466346559984978
6569313,3,0.4506211720439048
35721807,3,0.7077628753470535
27088893,4,0.7339032407363716
13045580,9,0.3886652469592095
39693354,0,0.292881268966759
10679083,10,0.3334772414110916
27897382,2,0.5200021375224521
38944172,6,0.41325889788371867
18767142,6,0.6392989927877758
16961497,0,0.9999999999794817
38717058,10,0.52585370696493
29194926,11,0.7040525487450633
23443079,8,0.324738136410072
25838184,6,0.4309680826571116
21893430,6,0.5899083189758971
14573182,9,0.3301530961264351
27509612,7,0.45873365015806405
26711011,9,0.43264158428395433
27626783,6,0.4368479216941044
26673878,8,0.7157115229955091
2047459,8,0.35946075949385997
31762188,5,0.31205855705301944
25883198,5,0.6649574799625864
33184240,0,0.4957713214985676
13966541,9,0.7676069843910865
33746097,6,0.6469123842434626
36624685,9,0.7224578126001352
9576562,0,0.36156595401902153
10442551,5,0.39768064694512023
21844710,9,0.36938890124744644
40126279,8,0.683634461466921
38572534,4,0.7149286816993196
29152952,1,0.5999540340230721
10589766,1,0.4923032229308165
11939207,0,0.6364252468757163
28978068,7,0.34033252324346913
17368509,8,0.4305805657403128
26029889,8,0.3274103433705269
15356649,6,0.4054389030907064
38388590,6,0.5713689132716633
21804094,0,0.49620299068149065
39196355,7,0.46118585545283897
13504334,11,0.5993276223816567
11107017,7,0.32811730242381254
33661534,11,0.5257777588634873
21590275,3,0.378124813825557
1905721,11,0.4821350571827467
38349652,11,0.6017973951925771
16999939,0,0.39120223087998207
36627804,2,0.40624223188511704
30228366,6,0.7710075451433505
4893585,6,0.3149083598403926
20172103,11,0.426250522177105
22360985,9,0.6794395525545622
37933629,10,0.46335843055100534
22801146,9,0.9168006766043338
18850907,5,0.43182833388119946
8611651,7,0.3808850153927992
30927413,1,0.289767910595315
20042205,6,0.7133905244057019
7615505,11,0.4591325257543415
29183482,9,0.6664321508813372
3760615,8,0.382413278315909
11069427,1,0.6395774008437812
29046442,9,0.719300868693028
10106083,9,0.8372513474085869
31126179,4,0.9136509013510863
17748786,7,0.7865621631916601
26496388,6,0.5538370302740707
29150501,9,0.2843997736561058
37974475,5,0.5206774734338566
32900346,2,0.48261151768522875
20808614,8,0.3408684469936913
12467471,11,0.42143636553191033
28866663,6,0.455097245326913
35569833,5,0.8899211243003953
14574707,6,0.3317346485403301
37512737,6,0.8730273503170934
39599050,6,0.7187165156897508
3340756,6,0.44898788554969027
36076154,0,0.9999999999694763
832485,0,0.44093235574401474
38192651,1,0.4830253040292004
38509807,3,0.6780254120763264
39313762,6,0.3641414749798681
14663071,5,0.8893104456496583
25297778,8,0.42324713791671176
23658378,10,0.3432021289357599
38243547,10,0.9318493557569772
27343504,11,0.5561575530597961
39723570,9,0.3888520190901162
32344829,6,0.38538229604342833
23944651,9,0.6748506084665294
16062749,3,0.5660125650857825
18293096,0,0.6036224975604507
34491359,1,0.5270292111784525
32239234,1,0.27422644272147934
39403002,6,0.7400732646738545
17499806,7,0.2379732347294739
31923537,1,0.6204209136763565
3686256,8,0.33264988191647094
28953653,2,0.41382398884545213
34929261,4,0.7635194886350996
21557117,7,0.4503528837589447
17411132,1,0.5115205245417378
37434611,2,0.4549214966817618
27600893,5,0.3606781341981724
22921804,3,0.43680332669070937
38996464,1,0.70763619050276
13408711,9,0.8737498017424719
12642061,9,0.7899817526673198
31957564,9,0.269389085521545
29625470,6,0.6906305144175318
21995426,9,0.5213994345300247
25358368,7,0.5161900057629336
45500,6,0.6765993838917845
39584109,9,0.4393716744982502
35244546,5,0.6376386678853199
35802407,0,0.6236386557638186
35580460,5,0.301977106283447
9903053,0,0.5174794159709877
24507182,0,0.571213020874909
17406470,7,0.4638012246358
29400631,8,0.41058115435582593
25614246,9,0.5974440087124998
13572522,7,0.6207706353585936
3015967,7,0.3369154575050566
16371352,11,0.6210690153113926
35237814,0,0.577790547627751
29138743,1,0.38854952415101185
31979081,6,0.4147078599648939
19699432,3,0.24811338250206702
23161913,9,0.35109406249115827
33766610,6,0.5811917172366171
32738824,4,0.46072579766719834
28382850,7,0.4021676052135292
39036109,10,0.31128387703926447
36158700,5,0.3836434483140422
39500513,6,0.5326724395178251
37042071,10,0.5055762994503443
34312258,6,0.600058956757605
29975811,6,0.3887892966592167
34372102,7,0.5461032724452275
28248826,1,0.38816895004077384
26292114,5,0.6602324541704635
38171196,1,0.49569166722365526
10516387,1,0.3277175933045654
22681763,9,0.29669034272407396
27599654,3,0.3299659199798698
33216515,6,0.7795251478995258
21639446,0,0.18002335165274835
24191062,6,0.4495433902037941
39195711,10,0.8599732968127676
10704292,4,0.3824448729416638
35768633,5,0.5112982699012886
21756204,6,0.3505143176551255
34499982,8,0.479426778068752
35858146,6,0.7435591296476445
38238208,10,0.2780729277511516
33924263,9,0.27686665387040693
23699432,0,0.42375852104912537
16978755,9,0.6084394535751152
21292974,8,0.6058362035901171
33858512,8,0.756374359270474
26295136,11,0.8217873875687682
16951331,6,0.49499356227802205
24237335,6,0.8317002304448362
37571177,1,0.7567296550641599
33072604,5,0.7635157633652884
39880244,6,0.25610627751237086
33066307,7,0.6646725429132528
9332222,6,0.383934788408958
21614065,5,0.6077800527291223
33271926,7,0.6482811442037085
26899658,6,0.9267800181032857
19695494,6,0.5469181332219712
29924114,6,0.48347166383964235
27947419,9,0.31195636293526136
12018688,3,0.43003341069687484
7157768,4,0.29616807165396847
39726661,11,0.3869391355156581
33765029,5,0.5148046388132304
37743773,6,0.47458173458845715
29921700,8,0.4592196712486785
17620646,6,0.5576138618223078
3238558,6,0.9999999999665715
37886917,0,0.2376424799148568
39642721,5,0.938514765876243
9286474,10,0.8971400364453205
30087815,8,0.41705611061795617
22807436,10,0.26581556988541133
34832869,9,0.5604510462303459
24983938,1,0.8081533657179998
21341306,8,0.3368087643315923
31125029,5,0.40523432642463586
34240818,10,0.4479977179721213
38721265,9,0.3477004151393953
29917123,3,0.511730454533151
11999374,9,0.4353960093226171
39969438,7,0.24498629375474534
36865257,9,0.657350429174889
23553075,9,0.4278363316303854
38528759,6,0.5454209130412375
34586382,8,0.5371349473591598
26594332,1,0.3166933677583173
20619851,4,0.6389857173072289
38255064,10,0.7659035224294797
38836249,1,0.5429469170500557
23140529,0,0.513051445955696
33703775,11,0.46919066934474035
36322986,3,0.8179198829920358
36588169,5,0.7350422731871232
35825967,5,0.5595606385959145
20250533,6,0.6377477871032993
35216788,7,0.2191758529636536
35449270,4,0.9999999999896699
257956,6,0.9596641188211842
13608745,7,0.6151849075674722
31511196,7,0.5746576030705266
844142,3,0.43063498872741657
35477571,8,0.7526934498853003
16935255,9,0.4126979176048922
26300077,0,0.7413917858726861
30421187,1,0.831148180306017
39298928,6,0.5690036928077872
26286142,9,0.3792455947214073
33349303,9,0.2691907940770661
19614723,3,0.437439138075455
34021273,4,0.7696553464043896
9417379,7,0.5407012410324326
30063913,10,0.7448540407114234
22447004,7,0.44673768063972535
11208645,1,0.8671183256282768
31749334,5,0.9223806994072038
12452017,3,0.24050488664122424
14793926,1,0.4623931617381662
15034267,8,0.3956678343993224
29225750,11,0.5375382655906678
6196355,6,0.6229947530950869
39482140,7,0.4648813314818221
36571500,6,0.42935177133505303
27568106,1,0.43352587048589075
39980030,3,0.359866935760778
24464418,3,0.4612573472772162
23655666,8,0.2918125219496432
36311534,4,0.672094543516502
27451612,5,0.35320115957272746
24640850,2,0.4040213531241024
29324346,3,0.3663447751890514
25422073,5,0.3879030925208235
35754302,7,0.5239531468348568
15284154,6,0.5133151911370687
9737786,9,0.3450200926855572
360368,3,0.7536381821550866
33328656,11,0.5207082842264699
32974756,9,0.26083856914498726
19599578,4,0.9956020566390735
28333760,5,0.5465608058131438
11279804,9,0.46884358083979416
14115318,2,0.7751049051613658
40117702,4,0.5126549952278947
1634502,3,0.5823821287990952
33631216,6,0.35149925798186793
12709194,3,0.6245825826164254
27631702,5,0.674810391846679
16711923,3,0.4771445200397888
4036009,6,0.6070190190917485
24829880,10,0.44591134940239385
25368493,0,0.47363403216758615
7875643,5,0.5730106473421189
36396004,8,0.9427286312747712
22937653,9,0.2667319081235571
34604660,11,0.5751827337078648
37401838,4,0.7768739026941163
34227717,5,0.974594741615681
10918122,3,0.36828807954780246
20327621,6,0.8919026549402166
29103566,6,0.5240777612277191
23089179,5,0.5787773245097015
21765938,7,0.31828082536304536
26365544,7,0.4723522152418579
32617538,7,0.4344124395446996
25111752,7,0.7981419347859738
36983233,4,0.5061756495863824
37134589,5,0.5381772083931622
24274277,9,0.3314447959272467
12333004,7,0.6196067083997588
32708530,6,0.5922322834922678
28893314,8,0.3980756286434994
3131488,3,0.8178328669010062
22691249,9,0.44505224050008074
34078500,7,0.5837810338934668
36045059,9,0.608963122657785
20406771,2,0.7302269971210765
20296224,5,0.25679911762227503
8881993,8,0.4016230839521193
39369260,11,0.259835184783338
37736531,2,0.3864432760788242
17715222,1,0.7139890548832327
39418477,8,0.4355268182170748
28950669,6,0.33051025667546374
37231325,6,0.41439839591833294
31893039,4,0.37985341168319187
8169249,9,0.4201942573407407
24551464,2,0.8295558474228738
16107884,1,0.6328985609117437
70797,6,0.5235209597691941
10056274,9,0.4404324579985325
10357193,6,0.45535603680288067
4307658,2,0.4359577732939512
35136244,5,0.5368137071848618
23251740,11,0.46442936262986895
29451686,8,0.7435152933278162
26620997,4,0.41277524622819173
14129405,8,0.43403342433747094
30830776,4,0.4869256356992288
26645240,9,0.5157111653798108
14962646,1,0.5747366851670461
1571442,10,0.4207640751989645
1145662,6,0.7624559906437262
27717152,11,0.9888725832476337
7832264,6,0.42949698748121884
3387655,9,0.4593462527075393
21329871,6,0.647297491605112
12100324,7,0.7067354866028036
21819649,1,0.4910511122530178
32408167,0,0.641803457701324
4536556,11,0.5581954071128148
25918115,10,0.5745282011958863
32970938,8,0.4921426087797655
23254983,8,0.3239046117155269
30512962,11,0.5208286225548888
19896616,7,0.39142445591296104
27687867,6,0.46530444477492333
24535920,7,0.6254793340893338
6789927,6,0.7346246927372649
6782133,2,0.45598005059061286
19957516,5,0.7133313281632173
33450285,6,0.5996530582342957
27437986,10,0.5960344701647107
38834243,6,0.6746432052618995
27972621,7,0.28934307933306236
38245701,3,0.478471474370484
20462965,7,0.4663798352778287
35842767,2,0.8057301164568655
5020732,9,0.5314517729994722
38051602,3,0.779031149680999
5660762,11,0.3857712239440283
31616840,6,0.4396283501608824
39180027,6,0.5896831745773804
3694177,6,0.2808137043860865
33977521,7,0.658407123663924
14500373,6,0.5321428761724873
5349671,11,0.25614773091858256
30000023,8,0.3300784971063913
33787073,11,0.6229048863893751
5311711,6,0.4581373657323482
36805105,7,0.5539393897244789
35538828,3,0.4673050153101208
8685994,5,0.7449101280254226
23836402,9,0.3323036883806488
35635154,6,0.43197436516859145
40111624,4,0.37815616443756184
25412943,7,0.6053779817964436
2824244,6,0.4083733150671269
25928425,9,0.4822201558474604
22026644,9,0.5542007626117801
15365940,9,0.35443507759005516
22108152,2,0.3929332770505637
19282767,8,0.501718354962054
33561005,1,0.2600381136211905
36414184,9,0.38037042159986917
28358260,7,0.4091324904210596
33273197,7,0.9389827131765905
10515891,2,0.8778567461968142
30899411,9,0.2852264231078437
24702807,5,0.7382819417529378
4956984,8,0.5250041353448209
4259039,2,0.45236254671908005
2946519,9,0.4152204814092502
19479758,7,0.49488182175577616
28640911,1,0.4337559439250186
1739969,6,0.9301819952519458
29686692,3,0.822140796895009
39860998,7,0.454578720420025
17478165,5,0.9925378087149903
35470131,1,0.3392566601639265
27023229,11,0.3856305177646257
23940828,4,0.6219734000388042
19164286,5,0.8409117123749643
29982248,1,0.44608863395190984
39934721,9,0.3682853314287559
31555834,4,0.644028499897385
9929689,6,0.3387787140233547
29624251,9,0.42585227913136864
14513418,9,0.324162508908111
27614444,9,0.4501287694792587
10515992,6,0.32651010958527227
38161133,5,0.5338799882167727
21714400,0,0.9154739584721623
29010431,6,0.6074127556781043
13634800,7,0.2761704616314286
27079249,4,0.6275136135609348
14639936,8,0.8077499906438017
24631127,9,0.6588162647090076
16493553,7,0.3047152709946504
31503874,5,0.35110115532652586
35573825,1,0.4417936629571632
7168971,4,0.3527990425371717
27014924,7,0.601327104292832
3079670,6,0.3707866326868135
10205969,0,0.726223960187832
39635483,6,0.27750196485949996
3445006,7,0.30681876643287415
34303426,0,0.4130815832586493
31043730,9,0.2938179344993521
14072600,5,0.6804156785896217
26445560,5,0.28346218093313974
29183720,8,0.39699881450898394
37653945,3,0.5272797212312051
19604711,0,0.4055738892981161
19063941,6,0.23324740584342535
22831516,6,0.27642473248111926
35744351,6,0.3070365673480649
39353758,4,0.40013934082858865
19506105,2,0.4116882587524291
9548268,0,0.43674672850178825
38172610,7,0.4959089379212829
18901470,6,0.5004613274432618
35739839,5,0.6474066082655034
15292072,3,0.5569215926211243
38737561,4,0.4553399531604124
9559601,1,0.6349077437685255
22239029,0,0.9999999999800878
33875249,9,0.29732422594071267
29265877,6,0.6332585167843837
12702879,6,0.6025978529160068
29492971,6,0.4984612470238523
22864042,4,0.30615869657408323
8659226,6,0.9999999999849379
38806095,7,0.4709365279763405
37263743,1,0.3090180065096807
24239780,3,0.5018994090185354
32668514,9,0.6491088470152715
16453644,1,0.3450391149561096
31374442,9,0.17887787965904067
28709826,3,0.2990365786972915
40127436,11,0.40354373968823476
28605255,6,0.4617277528463493
6921699,8,0.27080485059682363
23180384,1,0.44394365328374485
37836550,1,0.4828908572379588
39493153,1,0.7420615347200391
38963473,6,0.5610040330346177
9170501,6,0.38089558879986096
33483707,4,0.5823428735377447
28099526,5,0.4507676496687327
1970680,5,0.8909760952060808
2001940,6,0.25410837473207826
9909466,1,0.26875319154147703
12169258,10,0.5466054768304239
27096588,8,0.44658513298092545
22022621,3,0.29797217765883455
35302682,9,0.5110673499597084
30144554,0,0.260121644434031
3918241,6,0.35986952625728447
34988040,4,0.8188970265743335
1765848,7,0.7584063997056775
33599156,4,0.4996051937540933
34329652,6,0.33508416765835347
34607393,4,0.44127900129196884
36193114,11,0.32143625510585355
4617987,3,0.276445636285579
28264697,3,0.5599734081161066
39950416,9,0.49521990193224896
30769048,1,0.3903859194628025
32015435,7,0.29947556424879423
35897254,2,0.6167837590770339
30986381,10,0.5500753584184139
31596229,9,0.40642945585976076
29022624,6,0.7417450736554794
28138021,5,0.3830477061504964
19715162,4,0.7995138998943457
10568158,0,0.44452184842599174
16755312,2,0.9999999999941985
36668692,10,0.40201820094505447
23634065,2,0.4643238032641786
22732449,4,0.622982941896027
13241093,8,0.21529497292939137
21729054,7,0.31595830578847806
32082926,0,0.5289725080317816
16301013,6,0.5020365838799743
38151866,8,0.6269815719035986
20042423,7,0.25702784099016146
11086346,11,0.476781623386835
16957226,0,0.8655586080017055
32059090,7,0.23851769783983162
24181001,6,0.3503253027874571
30489707,3,0.4364505554200967
16515078,6,0.46766493209033394
29578956,8,0.35179565023180065
36802411,3,0.4620863481933903
38208095,4,0.44803666729066877
19753136,3,0.5705624694889194
32150795,11,0.4818429877078677
31165644,6,0.2458609430297006
32028742,8,0.3228529479689694
31521778,10,0.5608383436444744
39313677,9,0.41191419457492945
32462448,2,0.9089722857795888
21666229,6,0.630953648827576
22479219,6,0.6535100826198578
17181912,9,0.4417202920891857
10817360,5,0.6283351845682593
25744925,9,0.5274877410591743
3498263,6,0.39265093275569524
1594052,7,0.35703614879890927
16524214,10,0.40492778809838825
30224951,6,0.48861208316122845
13614877,11,0.6273170443836191
34458665,7,0.39989343259963345
27074322,9,0.36064734664812503
35810360,6,0.5112583858742341
39441925,4,0.9999999999889085
25603686,1,0.9079105980869894
5362097,6,0.2771448429796174
11619894,10,0.8983439368864417
25090752,8,0.5147237644750661
34101499,6,0.34880413480165584
29534908,4,0.7851702419136016
34920512,8,0.4343479055223034
15442037,10,0.2965131227000508
12844963,11,0.1697398683607048
3460650,0,0.6729186529529008
25142915,9,0.2855688260309485
34884567,3,0.999999999994025
3316301,2,0.4258242894236663
13349856,0,0.7909364781605539
36000400,6,0.2720565726160314
34032522,7,0.32434807754481654
27759077,8,0.4605261266936968
21341771,7,0.34589742819224856
21222114,6,0.8115389520251983
32805264,1,0.4906072395029114
32819933,0,0.327982484530893
35094611,7,0.580295863369119
28024446,9,0.4337017730402218
26465349,7,0.7254853795210842
24399626,8,0.8937071481222465
27167381,5,0.62448575710883
22595232,8,0.6607884534401852
9378824,6,0.30328565536151586
5529672,0,0.7733231559080703
20391329,3,0.445366273256216
35583702,0,0.2636377088952633
13850527,9,0.47460071898496614
10748075,7,0.26745162991282245
38884376,8,0.519513397135537
18139362,6,0.5946047987326011
29555579,7,0.4563700323208575
22609272,3,0.463287174283554
19491546,3,0.5108685082248938
30925695,0,0.5200356881811539
32213178,4,0.4073185071465255
33312950,9,0.9156838107343765
22080606,7,0.659194177934509
25560537,3,0.782801384452117
31325655,11,0.4312068261796948
17870872,11,0.384075496288459
15941956,6,0.9999999999857253
3890726,6,0.506135051472805
20632718,0,0.4242811686229436
12177541,1,0.4404644518982063
27137637,7,0.45092432308992436
11448412,1,0.7670977701222862
30253745,3,0.5644188268403512
14778167,11,0.2906289935848892
19081462,1,0.4659093692256983
25096639,7,0.7153791390972349
33440929,11,0.23645784010414203
32614115,9,0.9294775129983832
32853485,9,0.5779821013267336
22750851,5,0.6869802643808556
16260807,9,0.6265237542025384
34828545,6,0.5243469058938415
23300295,1,0.444601076159358
26648724,5,0.6486395019762484
13277233,11,0.5285861611123962
11158988,5,0.4332672082492504
9350129,7,0.4574366282118615
5871542,3,0.7749426062611876
23819654,6,0.3060311462855117
9756761,9,0.5693128382984279
21163113,7,0.47948616459407634
38998333,3,0.60322314786966
974931,4,0.32757664889925747
21304272,6,0.45060007223319487
22354668,4,0.2932880542554944
26037390,2,0.7434127042502896
37248125,0,0.32656331202907046
22772619,4,0.8738575066357712
21255168,9,0.43203312336676397
12989576,11,0.3606402705514486
5318311,6,0.2953876157293071
32737627,10,0.4375441220985804
16076775,9,0.4974793151477827
12709945,10,0.440853468163631
35358248,4,0.45530077998157714
36054382,9,0.8290181983274236
30448762,4,0.6048399530991254
29310116,4,0.5564077300547104
5656798,5,0.4890055359735734
34014483,9,0.4431895262737652
16469018,3,0.3764429795179141
29680362,7,0.8454708866049085
6066797,8,0.5626666767242988
28875429,0,0.2676613551501266
26525137,9,0.3542709615659387
22860909,8,0.3382021102801951
4544154,9,0.5848791506075045
30399622,5,0.4968513341841394
38126159,8,0.5661442065616011
13998693,8,0.5788567290770767
18422131,3,0.41503217096251055
18819954,6,0.5090583251150789
28637928,0,0.5639506981799703
27502455,7,0.6229860544393191
17407691,7,0.612197293311951
22141648,7,0.42904648130793827
35919807,5,0.9510403482277183
18554719,9,0.7451910626738445
38782004,6,0.5030092548145796
13109274,9,0.5096245735195086
12377473,9,0.29771699798955054
37383812,1,0.6317018853949925
19737432,3,0.4641238514061906
17619703,0,0.27069050873448647
23861468,0,0.8314817581160088
23930274,0,0.3428903012532597
23534060,7,0.4145364451927107
23552809,8,0.5137948481751117
23695414,6,0.34912042952486116
39938083,7,0.5704322507940439
21456729,11,0.9133329133345904
14457596,7,0.5673495507141906
8052002,6,0.4775586681568044
36767717,6,0.6954393322302066
13881395,6,0.5281499404288686
33411053,10,0.3866829554750965
26828368,0,0.5068684020779777
9964118,6,0.33993501494049605
18861877,6,0.21370489779910334
37229398,6,0.43691822006512815
32198096,7,0.349336994814255
12838114,3,0.5160757946307853
22418336,7,0.4499320649712521
32199241,8,0.45943221401345996
12486778,5,0.42165807940520983
27925251,11,0.7950373287682746
32039888,1,0.3875346127937944
35272572,6,0.34586955517166507
32235617,9,0.7893282840781859
6175237,9,0.8081643153614362
4103031,6,0.3671421334206105
11047034,11,0.5813357372720719
13479286,11,0.46862033612030346
9540311,2,0.8528096343207453
9886575,0,0.8324375504036475
37266035,5,0.2868305748216657
40098058,4,0.593193938115513
34751942,6,0.3576209185408167
4493844,6,0.38096334985691355
25703711,3,0.5124815873941059
4481644,7,0.45555761864929667
11668031,5,0.7768907434210085
24875797,11,0.3922375057458336
26379420,8,0.492857068719475
37404234,1,0.41721160875796093
3454437,6,0.32974347146582683
32744940,6,0.23502682912113887
6714723,11,0.55325331027214
28436482,7,0.4981306384952897
28166439,10,0.6397289061676493
14423363,9,0.5184267851760038
27760421,9,0.6268583805508251
2911946,6,0.8139479514087794
25898086,0,0.37933036009152493
17538906,6,0.3315802829614197
38575332,11,0.5728563526646627
19301330,3,0.9186669307940878
17843298,10,0.7288433180666242
39356761,0,0.31252692743337673
31790284,2,0.4285117557824292
37273158,0,0.8335352212954013
23873240,6,0.5079856993807061
24120894,9,0.7117348096867551
11663452,9,0.3060031090946019
464010,11,0.47863168671870265
8789090,3,0.39005977968019523
36694549,5,0.8471535761559376
13957624,0,0.9999999999703093
11469674,10,0.40478149951040454
32917436,7,0.3120633610278281
14028775,7,0.42268429277726016
25226759,8,0.4753314911387632
11630374,3,0.4232989457377718
20663898,7,0.3070686618553879
3022898,3,0.37942267124157764
36553615,5,0.4745494169750145
14383474,8,0.3201261153575566
34647232,8,0.5672985353451944
26461800,6,0.6108756045924516
37024822,6,0.5562379160911427
34505129,7,0.28825112841051714
10527593,9,0.7689725466693075
14670388,11,0.41790370050798764
1841730,7,0.9345480526384341
9762466,9,0.7023001156982882
31190332,0,0.36812002690369233
5483096,6,0.8112991413880178
25473736,8,0.4937234838229713
15184588,6,0.31199189157984825
24150894,3,0.5301853775437371
37424750,6,0.47040373665402735
33298258,5,0.310278909920723
2255721,7,0.6581104161035045
37423185,0,0.34413421868355576
30757487,6,0.30429577389262974
14322641,2,0.4562271060757062
29449917,0,0.6466319072758017
36519495,7,0.3247021005994957
39369347,9,0.8945388093358079
38968723,1,0.7305329148233086
4850748,11,0.5379741195483746
5877353,1,0.4573399547943062
16043124,6,0.46423993795144836
34696100,6,0.47063375598204343
35729313,9,0.5924169645951934
38990723,6,0.36368752515351205
27364375,3,0.6868240901572197
23988736,5,0.5768759827721305
21456143,5,0.7619709367557328
27883234,4,0.3859786500994942
35140860,6,0.3345604618956249
34861431,11,0.542710028604978
17290936,6,0.3906647809511458
18270623,3,0.3972683991174448
30156498,11,0.9103251592556565
28255905,5,0.7607881883810077
37341766,9,0.608926089949009
29872668,9,0.5537146988226206
17317595,8,0.3422978956165612
2845177,6,0.4447261402211248
37578876,5,0.25739481033759676
39860556,3,0.9484592528246057
24351695,7,0.47815287738138273
29529485,6,0.37302166478406823
13892730,1,0.44201337959238524
39199209,1,0.7279236400686977
34527319,9,0.6626347754664863
39424826,3,0.46652939607636446
14335284,11,0.6642312531442144
36884286,8,0.2939765967766049
20422510,8,0.5159012942883375
20281946,6,0.39093987943533404
19676564,10,0.7182800404451587
36554257,1,0.7350875799813354
12129986,9,0.25548681564851344
24687872,8,0.6283150544898993
11570326,6,0.34757505050274934
21414639,0,0.21400569470667907
22109275,8,0.5045382527159519
22111408,6,0.6941549477022729
37038056,5,0.8121712329572535
27430045,4,0.8479526390959198
33511284,9,0.4113992541368863
13831451,0,0.6026196204074682
32759960,2,0.35900977174281173
31240376,6,0.5495581616376519
24186423,11,0.3388607612283384
24480009,7,0.30670875549949533
24274799,10,0.5466346568808492
13187420,6,0.41330872419991477
36933016,0,0.33402238039405935
34400303,2,0.5830128788023791
29290874,0,0.3916297408581174
22920928,6,0.4827070889186781
33259710,7,0.48051438331043017
15328566,3,0.42217235691026517
27438498,11,0.5432316418084564
22679856,5,0.3305654258671589
36568371,5,0.9286310247510681
32938341,2,0.4839894740111526
26789123,5,0.5005527032091776
30102318,9,0.942371300930084
29333208,0,0.5652083363733074
18493194,11,0.6621210007809452
13966603,9,0.4355761593813137
2847979,6,0.36815168974022006
13807623,6,0.6280816078422471
31998834,5,0.7435062629576432
16063928,6,0.5821351991494554
26897536,4,0.7518380540298196
11345765,5,0.4522271958730223
26005403,0,0.49111398822175606
34242919,3,0.6295641573415472
20469024,6,0.6054103835465182
33960570,10,0.30662216678511156
9451142,3,0.8635534950989994
1083402,9,0.3280643574606268
10751948,9,0.4226614568684543
2067710,7,0.6906544143450961
5154479,6,0.40305728109022443
6000205,11,0.5490765880376905
32059711,5,0.36156821976556336
21389741,11,0.5252025472290628
3224628,1,0.6958567756149414
35017332,5,0.5440477507018275
28326378,8,0.4476085260612655
37755080,4,0.5643615384028539
28722971,11,0.27109262537707357
16216102,8,0.6600670547807133
9265551,6,0.6498273968960298
33070321,1,0.6102027502310233
33349126,9,0.7381476339288456
19076977,10,0.8159779537981208
18213544,7,0.35874831993005096
23442696,7,0.4477367891071974
33138392,6,0.37438859570336064
27627440,6,0.468010208177479
25489418,6,0.2162898278778196
24986855,3,0.49947558169831313
38335811,11,0.4832431666587861
11677847,3,0.8269330370091669
34304189,5,0.42515289693765457
24533128,6,0.6113465880433987
27830672,3,0.5592406754164992
38338177,5,0.7590431928000615
33678351,3,0.5550475329656885
1726640,11,0.377943128838082
19131147,9,0.28894326512319485
5300988,3,0.4283259412899499
27585670,2,0.787720502105268
38937984,6,0.27438360970271364
16679560,7,0.6057690633807273
33692949,6,0.3034154427858686
28596608,6,0.5230492253034589
18632566,7,0.3914242282456998
29380739,3,0.42162039631049314
20914655,6,0.5567485102124766
38442962,8,0.36281960917105777
36165262,10,0.6186647335347917
2858920,1,0.7004620649768959
12179892,6,0.8474773877846351
33542473,5,0.5296197654251205
30006169,6,0.5318385271470901
22771579,7,0.3210346260728761
13379631,7,0.3043485038012213
19796834,8,0.4494140464017614
2365126,6,0.6221488847113721
39461428,3,0.29073529367980505
8210161,8,0.3737064976672905
31422996,6,0.5876409848348335
16049355,8,0.40826073733648505
19964747,4,0.5615517466809927
25852709,4,0.6242079484309275
12572040,10,0.22969865371611153
4121240,8,0.45626617612553155
31950331,4,0.8015491073352699
4109848,8,0.3486011571930265
36338250,10,0.5928253034155897
20241303,9,0.3337863336302295
28640564,8,0.40532426711720143
12233208,9,0.6512334323940606
27951158,10,0.7388980447665847
15590100,0,0.35853858267733896
10834721,6,0.45437642003158274
20689760,10,0.9423986788826647
7581951,6,0.4494168325305079
3373188,3,0.9107902184617048
14278424,11,0.42810982561946637
30383989,8,0.4476858017313916
37292266,6,0.5570416321098561
14503434,11,0.266847334303113
35611946,11,0.6454852043273945
17709240,0,0.5127477910497102
34003285,8,0.7308037582974166
37418200,7,0.30522678747657633
8958796,1,0.4368270790763391
16490869,8,0.3977366941050071
10100276,6,0.7470389481231048
37346050,5,0.41867068278020897
26201929,11,0.45977535791576746
2150108,0,0.7887405964110766
20035604,6,0.3922431922292779
19820600,9,0.5130708580630375
35343798,4,0.9881248523858711
37954489,4,0.7677296765037155
22067785,8,0.29549267954550634
3391920,8,0.476208290333336
32883606,10,0.7013189585473512
6168727,8,0.6084646294590519
19749404,1,0.614089343525718
34571161,10,0.5894444045754238
25140826,11,0.23446779407756915
39785661,5,0.3173610476865902
31683724,0,0.37894514489746073
25440750,8,0.5189265381232241
38632687,0,0.4853338652587664
32507715,6,0.6830738375353541
5161037,10,0.28008362235233947
36608077,8,0.38960142555243354
32069347,2,0.44618990009905085
32814217,7,0.33662134662051985
37605555,6,0.36265805458904316
31619880,5,0.5057168492536266
14948711,10,0.5523059176371821
24689395,9,0.7565871386297279
39089397,9,0.42985320615248185
29577849,5,0.4746434398708614
37356638,8,0.5676128533658924
12996632,7,0.5774871191979878
28201090,8,0.26177117441835585
31237091,6,0.41934093395285327
30652387,11,0.7313079190651458
19412462,9,0.45850664690757176
31588148,4,0.58930891634341
35921408,1,0.7605774492489888
32979715,6,0.6020566305435813
17527851,8,0.7052843158211645
27837662,0,0.5291735447172746
15526772,8,0.5748720414608551
30879608,0,0.5530581544667568
34316107,3,0.308104996472426
31901171,9,0.7430119595881529
3617772,3,0.4406188817072699
5434520,7,0.43234860459968194
6328267,3,0.5257055826061071
24900064,7,0.4012160007789492
35052362,9,0.6974790132933869
26044386,6,0.5854387450820885
30270765,6,0.4503728566474571
24219446,11,0.772984496245949
28122542,9,0.9047560967733701
36644063,6,0.33541386492089587
39210127,4,0.4024703692600306
10118762,5,0.8737739771123578
36110242,1,0.4492098045089573
22975998,7,0.4316588921341835
25027198,7,0.24413194365744942
39907237,6,0.4599105317207765
7369247,0,0.3265985716357894
12879322,6,0.3707079436687063
37189968,3,0.47067924756874147
37438380,2,0.33551915171937957
25063919,8,0.3889529889094496
22209311,9,0.40068417512855425
16426387,2,0.336370485338479
37236834,10,0.5217949065247595
29690484,10,0.6688421314712393
27920380,9,0.47981137672756397
19037703,7,0.4274419562126676
35693574,2,0.7107384426315182
17718895,9,0.4988797736899611
9750481,7,0.5661533114780909
30989051,3,0.6474496008603102
38271944,3,0.735958945473577
13503409,8,0.739323631373917
8626157,6,0.3936220027243812
19101864,5,0.7240401486360095
30076125,2,0.20599961200544056
24023105,8,0.7627486600651044
7557098,5,0.5124669686375888
20551216,7,0.33984046313458216
3985453,10,0.3506257130279082
31208739,6,0.4444578163722157
8421337,5,0.44459241018966217
30210381,3,0.5425620774725869
32152740,11,0.5603141588538187
3175925,7,0.2841418368300012
7155152,0,0.5298767757341172
2099666,0,0.3880005197682665
959985,11,0.30314836496200775
11501950,11,0.43215606596458306
35554982,9,0.6231256555986637
34900461,11,0.39619165273886775
8018870,7,0.3379644775823807
38524483,3,0.33082878163529783
28435032,6,0.7392436853782363
13409386,0,0.2682631758278106
26046256,9,0.6451730901320105
32715836,6,0.26418393131706314
7937994,3,0.41673925341124285
1823493,3,0.39944539136469503
18390874,8,0.645629393684122
32982012,4,0.8780367363584419
5938011,6,0.8488786801653484
34865006,0,0.5284850292419132
20789434,6,0.3305598104966801
12829525,0,0.6380234766523527
36440533,6,0.5718669538306606
32943227,10,0.41790568548957635
27179016,7,0.3235843818835509
39576673,3,0.41502800672517715
31629994,3,0.4395354347544065
27159883,9,0.6277703496321657
30386515,1,0.7235788408865355
17703956,8,0.35258176980715666
31226625,1,0.4951125723780069
18146149,7,0.39122840755636623
31302227,8,0.442121140350113
34544047,6,0.6661371172777902
24745852,1,0.6505748453732058
8294842,8,0.6423423223422909
35589968,6,0.3837779854351215
23543452,6,0.5805648627192399
29254077,8,0.5707447061396461
6909495,6,0.4091611400662209
38327803,0,0.42081864460922874
29571621,0,0.7065073851113175
3077557,6,0.8337076001119929
39660005,7,0.22175803226156884
14525736,1,0.4116722447246459
16782639,9,0.8701109519930765
13590192,7,0.29842224967295927
25189017,2,0.6151848811781606
32708323,11,0.5710811833794478
37356728,3,0.4119634341217224
19713141,6,0.7224860394944125
26211814,1,0.6433233628258804
22335677,8,0.4842338997866423
30646152,5,0.4876934000999661
6296584,2,0.6490758055320436
22030696,11,0.5513443591060138
17596893,9,0.6348075644260804
39901135,8,0.3765071997417105
27848816,6,0.2790112052170018
32237794,4,0.6480806807614161
8455358,9,0.43664623635561284
10510124,0,0.34111516367875455
35260519,2,0.833747149182764
4765629,6,0.4234853001594071
34517270,5,0.42763640189863283
16962430,6,0.4670012966542038
32096777,6,0.3660758643769312
8911735,9,0.47790955189769496
16243955,5,0.7480252962289797
24011431,10,0.4728702514050347
5369383,11,0.3192486850574978
33776657,4,0.5421755329671111
34788559,6,0.3119306495566422
29334550,3,0.27576348903206976
25612920,3,0.6356220458491125
23504803,8,0.44812924355634554
23354508,6,0.6575186042727033
3718251,6,0.7040198918992394
17015307,9,0.35728891698730614
37272995,4,0.4614870458355676
27289142,6,0.28443583512180554
10877249,11,0.641655513189435
24770369,2,0.7409289602202732
31252939,9,0.29139527750839644
12942159,6,0.659389502160941
20476362,7,0.5008577478127947
4406102,11,0.5436193936390484
35225561,7,0.49959146029093277
17604316,3,0.6594603659445388
31926460,7,0.6235953367450001
15552486,10,0.5997474028678593
34947935,1,0.764705435320136
26324468,9,0.8425771010958519
34503795,9,0.5480533817452953
32201872,9,0.42082773937941287
39443814,5,0.33342040406656454
5649540,6,0.3550822664611928
3506498,3,0.3976799943222631
4286036,8,0.7748302436915498
26780347,9,0.49197649015896033
25394014,0,0.9044286444876556
4819300,5,0.9999999999914463
35291183,7,0.5820393505618828
29947654,6,0.586893545466474
37973693,5,0.5493935377710826
34914142,10,0.616158804832603
27551821,10,0.30134883155948444
31215837,9,0.5256421368469314
8239554,6,0.33546413939329484
16598777,10,0.45501881675014816
6720440,0,0.3683478119390786
31108312,11,0.8406443235535468
7442570,5,0.7644552506504592
20004307,1,0.3913074744621975
35007553,8,0.522778834295127
19443431,0,0.4510435377694215
28410776,6,0.30218388404376484
34099351,6,0.5266933994711251
18236350,7,0.980000015540035
37986834,1,0.4684567740969939
31502405,6,0.5932591039696076
302163,6,0.7986141645604924
26588923,6,0.43961794436041396
30604952,1,0.6288168848939376
24410900,8,0.4178206272473172
23394378,7,0.277793958021318
22841888,0,0.517040466082878
25372677,11,0.36124118258327953
39835704,11,0.3468964300632884
8522390,7,0.7452610607991774
3001750,6,0.403110980051952
28704145,8,0.3784489056926021
21901102,9,0.6799470830527077
12998908,9,0.38805423092209146
15467977,7,0.28490123992490085
38147839,6,0.4445489042265918
14876929,7,0.3126471045659709
16247157,6,0.46120307992183046
27534738,9,0.5278546193751698
14973217,6,0.18773863810804747
15959936,6,0.4655405159833564
35894511,1,0.7687170364527838
15598313,10,0.4173882709443771
32143149,2,0.5955663568320856
10782340,3,0.43332294526027776
32461057,9,0.41044441540186394
27302285,6,0.40463933320509643
22310604,6,0.7035511347814587
31618755,4,0.1742296400856425
30427445,7,0.33825945826986764
36534850,8,0.5728754411604357
16039463,3,0.5553644254823455
28166011,9,0.8329957206821328
38727035,6,0.5958462657948477
26780348,0,0.9623577430142803
2484527,5,0.7537312978802677
14122272,3,0.572738874671812
29506802,9,0.4214767453465194
19824805,0,0.333934671693802
17454216,3,0.45514590655931614
32378475,2,0.9340215773334158
7218795,3,0.5627508628882961
33249350,0,0.5177440698719138
31109366,6,0.3036093393321014
18902102,6,0.510585456347603
29212205,1,0.612662776113462
27723909,11,0.8299211350819635
38110263,4,0.7734536559098629
34823688,11,0.5162190363795495
3916762,10,0.6649036396418374
29523772,9,0.6937824741683937
37433093,9,0.24131801281041224
31883505,11,0.40336405258759434
8905268,11,0.19051246993418222
20074620,6,0.48762204718868046
34494748,11,0.6126902984046632
3187964,8,0.5379612643148871
25984273,4,0.2463155695458594
2283704,1,0.6373737279034012
9151102,8,0.3541981616833403
25041144,3,0.3267838655899936
7017330,8,0.44879268968692704
25973366,1,0.5168678619687075
7092000,9,0.37599318711385826
12052478,6,0.7723710914051622
27518112,6,0.525559949911383
4387869,6,0.47328302566020225
38118721,4,0.7090872240035371
28595893,11,0.8033285591162144
33231938,8,0.6086476930064376
39354428,5,0.455443082286428
12467607,11,0.5037934829103893
35377013,9,0.6251714816247722
33650960,4,0.8990036197656922
26547421,3,0.7860083004641506
13498784,9,0.5320104640820029
33744765,4,0.5506188614135918
28062955,2,0.7137845597826117
37757747,4,0.2147162229433172
2792650,7,0.787646391327871
24298752,7,0.3032902728281621
24157535,1,0.7846118746622316
2189288,0,0.2541965079700138
18274671,3,0.4168102633351116
21364934,6,0.38717182674112816
31013472,7,0.39067476835295917
32211446,11,0.6101248175825624
37538925,6,0.3710398163853667
7531310,2,0.3529138709353973
30678737,5,0.8940196906252832
27024986,10,0.8741382026650664
19750094,9,0.5486113676657536
27839195,10,0.47880257953413696
17839322,3,0.39371189677401347
13807320,0,0.32843429958313525
18413305,0,0.3013256795201485
18915920,8,0.2985059915519025
10149994,8,0.5124406674265902
35645548,7,0.39499590752707703
27785855,9,0.3286807431592087
6315109,9,0.6263612684685218
25701196,10,0.29497013594713506
34737206,6,0.5354925713238399
22379520,9,0.33206058984046455
39609356,1,0.6141048489737935
19482844,8,0.7543458807024945
24049867,6,0.3528252553779751
2916245,10,0.5193742581195935
24494356,5,0.8020118565232854
26263458,7,0.3349387198324765
13514751,6,0.9048368706840283
16343034,3,0.4301112520480437
27655768,7,0.5714847101147055
3761391,3,0.25856879121265414
8859864,0,0.6560207145765975
38335249,10,0.41154869747187534
29214629,9,0.5553859585137457
34640779,5,0.5267081422431713
3484293,6,0.3231816248383983
6131620,6,0.5672462108821095
29246277,7,0.5172878901447866
36833442,1,0.644775771479922
22206070,7,0.3084409568538366
15940389,3,0.65583791059979
12254898,5,0.7882068124638149
34712547,6,0.41224881741027125
26478208,6,0.6801243433103437
4419595,10,0.6193013768668846
24619150,7,0.6282847600076367
31680482,11,0.4619196837934843
20367739,11,0.7755657229098915
37319967,3,0.4194055231848284
35349103,11,0.7742392379695844
19966759,1,0.49345862273108926
33747385,9,0.25641104317865454
39769196,0,0.45078844246013755
28955958,9,0.3335341954988715
39846705,5,0.39521639978302303
20275934,5,0.592397204992799
10287169,2,0.4825832508078681
38681740,8,0.5339354539045192
33405556,6,0.3736379771113301
17844578,6,0.47307018447551885
36957520,5,0.5888865708102964
30339413,5,0.5675935003501266
2485378,9,0.43768598960452376
29504692,6,0.2981422988857546
15319280,0,0.4771244470443826
22581301,11,0.4303257865197436
19722370,9,0.618606715530172
17103215,2,0.39109753374470174
25964026,3,0.6200601834098304
24263020,11,0.579211991396584
34821477,7,0.5781321173594457
11190471,1,0.8275556435176633
23841975,5,0.5893061244185199
12676566,8,0.7439835169269203
28289187,4,0.39247586087958003
26005454,0,0.4769480732871906
24677659,4,0.31208393632354936
20283478,0,0.7532347489527652
14760751,6,0.5874378174851648
11748169,1,0.7624768422710161
33185147,1,0.8562656539495823
32235671,7,0.5344745315125168
11600196,6,0.41883442947148225
24109903,2,0.3420953098382992
37779884,7,0.5033209531770667
38464661,10,0.7294728848013717
26387986,4,0.5452851927304447
8146785,1,0.74398814006297
27761466,9,0.585932264888912
36523313,8,0.5330756417997927
14231068,2,0.3921521927595435
35813212,7,0.5725389117062418
12970896,7,0.45064465931915715
38854276,4,0.5909386638193935
30644427,6,0.3430570425633338
29687436,8,0.34480971202828786
4771412,6,0.9999999999678713
13318206,6,0.8747246642759455
40099281,6,0.45133606062013815
22146370,5,0.5568132537898901
25144789,8,0.30865452804453514
20602077,2,0.26505703648621726
28006100,3,0.45533768557097926
28755771,9,0.6983313116881943
27437598,8,0.3636600904968749
39312470,8,0.753710778178659
35685503,7,0.3418312376160772
10267620,3,0.42218983112825903
32190404,7,0.49642393651739164
18038167,3,0.6151836594663557
26103821,7,0.35040773509667655
39040174,8,0.47507154772272864
31958477,2,0.5455886026348444
28158403,8,0.5323508899609495
1042751,4,0.6344478905719261
38288881,0,0.33957107443644197
34242392,6,0.6133572239812163
12666990,5,0.39048771957856515
26529379,3,0.43947299553134567
14469145,0,0.6765410051330681
37343952,10,0.3835331569098487
35164801,5,0.4853449250670732
36194091,10,0.45010648898695776
23226947,0,0.5551390907394955
18948788,5,0.6456638234284009
11069704,6,0.3347971952008198
20966608,9,0.9623767141213677
40003839,9,0.5509476004954362
5266978,3,0.42348515175574053
39834321,5,0.5947727788709182
27459302,11,0.6325464418387398
32710729,11,0.4605434330452096
30782551,4,0.690052533061618
5846807,6,0.3246822975569753
27116740,3,0.5669047911679317
12738919,9,0.4200171185787666
9388993,0,0.5513310779028656
11473930,7,0.4978051015501695
34827363,9,0.4311343880976626
30963292,6,0.4323347519496378
27442298,11,0.6985717484432037
10103296,6,0.3840243484480666
21140038,7,0.59133187443515
23864242,7,0.7777116940475992
39539606,0,0.2765015882125324
2280961,3,0.44377942142415994
32953280,9,0.24266748051686868
36144718,6,0.671918069026703
33141595,0,0.7681173224286866
32424555,0,0.44883352377196883
23566946,9,0.8565852146715658
26522320,9,0.308572605212755
16154623,7,0.5010880778656976
30989043,6,0.3951213608711462
39491327,4,0.36906505952570456
20909563,0,0.6394182766515321
14692753,2,0.6054248107225285
15408275,1,0.45800291259055603
1728266,6,0.5649935429146657
12797658,4,0.3563467660427021
32910093,7,0.48132696790436835
31419666,0,0.6090170984332114
21801387,9,0.5896181407896965
38621672,3,0.5343984491312782
15784357,7,0.23526754751814632
36040996,3,0.6749610839793065
36145275,0,0.28395584640017896
27264026,6,0.45420764768286265
24130044,5,0.5594694392680665
19663037,4,0.5359405030927857
4940791,6,0.5494101409161762
39971822,10,0.6527720109758441
28357779,7,0.30317782870899107
12779053,6,0.41519453158795905
38109221,11,0.3493256461919297
16619882,0,0.43962052419448494
33923032,9,0.34992126760243614
30373912,5,0.5207389955272652
39602579,2,0.5044902496223524
33168284,6,0.7686141111116572
8542725,8,0.4803095778394581
35593238,0,0.5751109908155504
8506239,3,0.6383779424346325
28247778,4,0.8957820168043263
36636416,3,0.34972152141919727
31207528,7,0.7249114664704529
37759458,7,0.2880005397588481
24971830,5,0.3260359877291204
34990016,3,0.4546889838378616
19758322,6,0.3148330813176248
21766905,4,0.6272246297723102
5383830,6,0.5286475024641125
31687379,8,0.5534531276323512
33787173,4,0.5182875587362593
38578685,1,0.599165626581296
497765,3,0.31906528255509575
4214261,8,0.34906372507722094
21782655,8,0.3417368448060952
24514571,6,0.7261982357133969
20042478,1,0.528774321531971
34084151,5,0.505576175542365
37757839,7,0.7409964899990377
1951012,8,0.5212630048064163
27277623,9,0.5808538534984937
3634420,8,0.4806901147086442
8633365,6,0.624319875320886
16322862,7,0.8841776704519536
37984214,5,0.858379665905938
36599584,9,0.4398230512208928
29539245,5,0.47476581681758406
24166569,0,0.5697702533339063
31058993,9,0.560412456949441
33451965,9,0.8235449597095131
28271655,3,0.507713199843389
39957629,8,0.40746040856577204
18772706,0,0.6267865594651812
11463527,0,0.36995364182359475
26629789,0,0.9999999999761333
18833731,6,0.3926889452986012
23627331,9,0.6564613896690503
23606561,1,0.32555784600016635
37871418,6,0.7532585523506444
24235836,1,0.8064149559061949
39755553,0,0.40344276022113434
36734595,6,0.5057128956106981
29529852,8,0.41857565906625355
39088415,9,0.30497631687666266
10523242,0,0.4025265146366991
24764779,4,0.7476043602749293
37953055,3,0.5644167654178044
35340470,11,0.7545845836888642
20691097,1,0.5599930739093262
4121003,9,0.4237642834814753
14847243,10,0.7145749248360223
14115254,8,0.5083921719194691
7850908,6,0.8251101662633017
39668776,7,0.3285407146376943
35669130,8,0.4094326318322465
37084709,6,0.4327130407134584
15153497,0,0.3983431829062325
10546330,11,0.5649697677146347
20982069,6,0.32389652827913834
17128105,3,0.44206465336482115
24595617,6,0.4237031046623918
39021114,7,0.4325860481039285
3225894,8,0.4772175074861636
30905636,7,0.7769504039444372
36135220,11,0.6253638514282676
4741223,0,0.6005436502104191
2262351,1,0.4334477092975399
27857842,4,0.7052688803817113
22097185,5,0.3547361222247716
11343188,7,0.5956542917511572
19545064,0,0.9999999999763508
37911147,4,0.9295705593918097
3301139,2,0.3949165980091792
2242909,11,0.5312049955881356
8927624,7,0.7752093159318488
23589314,7,0.6918905274603524
37736744,3,0.3766761678482938
24850991,11,0.34491801972114683
40074315,9,0.3613978167038227
18132963,10,0.5885752810561102
2904542,7,0.6046580682078703
18838118,2,0.634840804680016
15801524,8,0.5250348291210375
30385570,2,0.29333049601192523
35440549,8,0.30457690092926
28998193,0,0.7845437203308882
5953297,9,0.7826762630140874
28799449,9,0.38381517198331355
22349767,3,0.5257280610642323
33506328,10,0.7596809005320138
21322474,1,0.6934444497907328
12804977,10,0.4791653175912959
29214580,7,0.31434866097361813
26848198,7,0.6488056975245987
5761208,3,0.3197346976789246
34063345,5,0.8735577292166302
36043542,2,0.9171901421269333
27571494,3,0.4231338148805851
11541123,5,0.9060447888327238
20778398,1,0.6007749785098947
32955115,3,0.3398589260712617
12255031,8,0.41191027766531224
3155441,5,0.32963438142302787
23709154,10,0.9769967933887302
32158990,4,0.9228318612089556
2869251,6,0.39597416250312084
33006721,10,0.37780819550961936
16161727,2,0.4127932791843517
18097479,11,0.484873938483658
24720194,10,0.7101412072606226
25259947,5,0.4160033872408196
20960667,6,0.34309988589271617
28183305,1,0.8329053299851764
17643674,6,0.33133543790344916
29375661,0,0.4320917209109508
19849651,9,0.5605549870709727
15081981,6,0.37023698933590327
20911147,5,0.5756804134638671
28969485,7,0.5946971441397879
22921617,7,0.41500358727853415
17923619,6,0.7434079979970982
24924909,7,0.36125073174921446
35077535,7,0.42509183591776417
18080556,7,0.5584511517415474
19311933,1,0.9999999999940972
21324828,3,0.3557887396976276
27299542,3,0.46630778871873246
22875270,1,0.6921122255161632
11762197,7,0.6240005638688203
36591107,6,0.42527763650761813
215132,3,0.4435634771173329
6933535,6,0.4781606711226833
37780246,8,0.3389927036984124
35391458,10,0.48915293785553127
11267853,8,0.3015262722562718
35723759,4,0.9999999999885633
40048298,4,0.39105811875716834
29708990,9,0.45939663744555487
31281202,0,0.39141750757861055
28754971,1,0.40991254134960087
37677148,3,0.3802265581594922
25614165,4,0.8254881460303835
15797670,9,0.27325943444428025
31206079,10,0.3276805335221613
3731278,1,0.3641096554201592
8205789,2,0.7533574485800802
27508442,8,0.5345452583813383
37180112,6,0.4581656791105638
17283906,3,0.4224473238744119
16762709,0,0.41626581650476985
20405887,9,0.4716625298425342
31126596,8,0.5131409224847686
25565919,11,0.3154744960984712
39726455,6,0.35054818637061447
39478117,10,0.6566125190424943
23422449,11,0.7146986945063152
23319936,4,0.6584136722460233
36051581,6,0.5726946490372221
19915697,9,0.3494118908216278
22968915,1,0.6366536788544415
6680676,6,0.45608216400160256
28646167,5,0.5009792245007639
17515430,3,0.6133534189489233
17312176,6,0.4571961600599065
29597758,6,0.3806130696153916
37528925,1,0.813184678958825
35408919,7,0.47691859244757084
20183423,6,0.26110329512630426
23456629,8,0.3577398413004817
19591301,9,0.4304120801160111
20518782,9,0.47658763069564025
17773782,6,0.6854063892013827
26005781,6,0.24840062209613573
11683761,6,0.8381795167935507
19260253,6,0.3475673473106207
18792933,1,0.2716957913943407
36814983,9,0.3661656841054026
17776417,6,0.46845974806883334
6671620,0,0.38598718564043527
10513076,0,0.29366215721407246
17677203,9,0.6912259496642692
22966655,8,0.5427811984203346
12830512,0,0.5293803838233639
20569675,9,0.368618751302547
16959051,4,0.8056259671769249
36024163,7,0.3248299059540225
38790548,7,0.8380952827512049
24495695,4,0.7897822136748007
39252085,10,0.4207217910844039
14897833,8,0.49853428898019103
2351008,6,0.9947740108388039
27261512,10,0.716945368033276
31792671,4,0.5337872073913059
8461230,4,0.4058010094108374
29667990,9,0.4326333720126187
8709975,3,0.5743659343591094
37445896,3,0.5863263056665912
39509491,7,0.27047306422811324
16341661,8,0.3866521283827627
30257062,9,0.7764867612823607
434641,8,0.615638522196676
27545182,1,0.8037657406736034
12165200,6,0.49867254285245677
8187461,6,0.6574964359323915
32743427,5,0.5197506543619654
6194736,7,0.8711022896052508
29855646,0,0.3411893443267368
10214105,1,0.3093834223264644
28863676,0,0.6024219663574034
31637263,3,0.49621581241570567
3505479,8,0.7068907985294788
37761161,6,0.32172645305068853
11557413,1,0.271312090971794
17858891,3,0.49326794673036767
32945426,10,0.9773879696496693
31220768,6,0.4656726795650352
34816130,3,0.6243608284461089
3284289,6,0.3928693197560887
18607392,6,0.3981986613607341
38987557,7,0.4895025587995508
6954108,6,0.5507885930022535
3871209,6,0.8974226392582298
30565945,6,0.5787794496935138
27887825,0,0.8935934589216246
28304802,11,0.5495316203693079
25404688,4,0.44822820772348704
35543821,4,0.2805131552135324
40108890,1,0.8302885632453091
31468051,11,0.3430071260422478
23576603,0,0.4520951207971188
34912054,1,0.8566920650423403
35588158,8,0.6040571255230738
15477314,9,0.3317905897810288
38839590,9,0.5012904208394406
27916710,5,0.9628807208973639
21742740,11,0.8406999073739293
17749799,6,0.4289133887604891
38839402,4,0.4578441449477547
27800443,6,0.3802388228560056
4594895,6,0.48810429055153154
25344576,4,0.39221300915738266
30709539,5,0.6111773200070861
36413949,3,0.4437199175887442
30538062,5,0.7095752839039263
19150818,0,0.21664819093389792
18444819,11,0.5038903592584074
6465549,6,0.5076560773467564
19082614,0,0.9542925868380675
35545624,2,0.9127334496007627
11202713,6,0.36118505869981016
27444493,6,0.38495141109594866
34238455,5,0.3839368681390007
37697942,1,0.3031369478939563
36879701,9,0.38271577497140363
39890659,6,0.8253201550749503
36758097,3,0.3976570843693133
1362997,9,0.3581609232405362
32364352,9,0.28120492587775353
36983733,6,0.3716205626379976
7268886,7,0.7535255469076138
39561622,8,0.5259056625400343
4362402,3,0.3375228438355078
35959542,4,0.5911838369700171
29987799,1,0.5038201616946842
32090776,3,0.2771860687571727
16872857,9,0.26270811640885283
11128686,4,0.360971619459697
34209906,4,0.27555898017316494
19729531,0,0.3125755420572528
39239916,6,0.29433479672688084
11531741,3,0.4314900569831116
31324305,10,0.2956162520451725
33464064,4,0.35971582862365936
10011484,6,0.3808647790765822
26215286,6,0.9058744823129206
14922722,6,0.36602622338140484
28221985,0,0.5437091585477173
4081724,7,0.4685753875134593
26534002,11,0.5444271478102982
30533636,5,0.6877802570285039
38784970,8,0.7385285445666928
27429615,6,0.5685640040553148
21235816,4,0.39396553468032586
18028824,1,0.41265517510263805
7403966,6,0.26642513452750693
5773216,3,0.4574364758062367
33907127,6,0.36271750794157986
27886783,3,0.4253942010253649
26276632,8,0.45707155916462366
33271442,4,0.5571796751968319
35944522,0,0.8602230892000522
19918169,8,0.3646241140787623
19167181,5,0.6354882146292241
7832248,2,0.6183966200121049
20506116,7,0.48385786287123467
37756963,8,0.4979527327358449
28861063,3,0.688691606772656
23676543,9,0.32403797528800693
1148709,7,0.3200713607707503
38831874,0,0.4301994745537523
19495919,7,0.41592223884538615
31009284,8,0.7187428445688094
31775468,5,0.5535367242919694
22077328,9,0.4018062010654369
28275352,10,0.47898271705312007
27320092,9,0.5331587094989895
37618263,11,0.37654306964236794
29415537,6,0.6795731859149465
31936573,5,0.38433718666764133
2627715,6,0.5889735038006209
17378480,8,0.36525991680303616
17301887,0,0.32266051061885437
29726919,9,0.4646831412891811
697594,6,0.9260703456151472
9130370,6,0.3466521604737255
1647112,0,0.6547314301672562
23387891,3,0.48446837682783356
21100368,10,0.6775348463977182
3326514,11,0.4550426140530573
21806814,7,0.46385488083505166
28089861,9,0.2604110798678094
29312763,10,0.5515962321741824
33379171,6,0.2751801488212419
27376572,11,0.24125686012925227
20694420,5,0.41291947607772206
36408096,9,0.4438491525864995
38059812,8,0.5178205032217801
35885981,6,0.23673030796057712
39959713,1,0.38658053647800367
11773755,5,0.6375008180483352
35724250,1,0.7217636851764323
37498562,6,0.6328326097673853
26065027,8,0.8983795305822342
31361377,5,0.43843511487398107
9862655,6,0.39641955934232637
20801229,7,0.35621320228332265
31767593,11,0.29716904472548183
20486032,7,0.3791825054335886
29817518,1,0.40880867191864295
40024952,5,0.3516750628765142
15951488,5,0.5527361784526553
37124944,6,0.26023384579632014
32225209,6,0.3132767109558965
30395720,6,0.29043873934268866
19945270,9,0.8420415217713276
34906380,4,0.6516218787097077
25251913,8,0.41464971864527383
23185486,3,0.43851508638202724
30189013,9,0.5031425893855298
22138673,9,0.5923045985910484
15025695,5,0.4850535594165051
24420910,1,0.5873526963208082
13807860,6,0.8501269513273968
23235964,6,0.7779688815393481
36627895,7,0.28427610100847045
36051263,6,0.6875085476686599
19559191,7,0.629579226795773
30945113,8,0.4576784140878952
5784870,9,0.5439696229855199
27556628,9,0.5862295219068457
37184776,4,0.675458714216416
27076503,9,0.7641884910965857
36658202,11,0.4300018082093132
26070340,3,0.7127676436019557
5919452,9,0.7571702758439938
37977885,10,0.7347314823002814
25284060,4,0.25940543178311676
36340395,8,0.26666050452449225
24923806,9,0.7659582135188379
3182760,0,0.5182757922874687
27262353,9,0.47959001040635835
4324049,1,0.400311295370954
31458426,3,0.40560506329732454
30894353,5,0.2782385676346222
13696208,9,0.6088686086086272
28609758,3,0.34532521691501045
24707349,6,0.4007617436519729
28989262,9,0.4705607611198681
38978084,3,0.40541143423375336
25858046,5,0.761461032379273
33726819,5,0.40179890784684935
5342504,6,0.7733429203193848
36377501,4,0.6283463214343361
29528597,9,0.682171457770426
10067415,2,0.5712103321843791
34928725,10,0.4764139391978329
14389513,7,0.5466185106394014
35027685,6,0.45251219139843735
35913975,6,0.7246604057174386
19294898,11,0.290462500330157
34439940,10,0.34563256608205684
33669281,3,0.7374367632356105
961263,9,0.4450125637012266
5616570,11,0.42820451703380896
7112657,3,0.5029752779386151
2950275,6,0.6058191604956655
19214785,9,0.9461043586905645
497704,6,0.45577802177136684
21883116,6,0.5346880153335463
31536071,6,0.5946652237941913
25113281,2,0.2530655959047937
37293307,4,0.4919889009082229
20103304,6,0.894366554770636
24191466,0,0.5249881573892902
32154849,1,0.766540559881642
32939452,0,0.46680091311412675
3835548,3,0.4898178043131824
11626793,7,0.5109499422536464
30188440,9,0.6528457714824726
27670416,11,0.3184958790472352
20570647,7,0.3412211103592319
2007195,2,0.6127876091635569
19841900,9,0.3815204657652422
26995818,11,0.3447176466208546
8859994,9,0.32751773118268307
39229207,7,0.5612172437256004
23151393,1,0.6958823866242274
7115392,5,0.37727020111361403
6982578,6,0.643203000356673
38546693,7,0.32107487764537906
1714027,9,0.5123608275190739
28571614,9,0.569448758278706
38303812,7,0.4470026018907491
17807808,9,0.4403896619443456
3519565,0,0.5685044136281668
26494397,3,0.5958386872920789
12613888,5,0.6647165762514807
25949775,1,0.7823138164609507
24481790,8,0.7078897564334842
34980768,7,0.46156385547764994
9341880,2,0.48478549419347455
32538245,11,0.6180370055921736
38445975,0,0.45800413001071605
29605642,9,0.40322136733212044
26768773,5,0.9999999999912463
33852659,3,0.7145146348380584
19709893,0,0.45576443952946133
919104,1,0.44230297552650144
35726066,8,0.4247951349889293
28982305,0,0.45601603742485697
15079186,5,0.7113003301965936
31751210,5,0.7577891121636798
34122809,11,0.533327940183695
28297973,5,0.34534538374262097
25065616,7,0.8225137881708052
29739253,7,0.5729794141510317
37573805,8,0.6417156159997225
23808327,5,0.41094547766468226
38354580,1,0.37818624579479587
38278157,4,0.7818425280058577
30311997,7,0.32898642103052245
26030515,5,0.5880373561542851
16716813,3,0.7617128247841723
33360370,7,0.37436290810714196
15159027,6,0.8213039926859916
25185638,9,0.463796510186085
9290018,6,0.5022847417490761
32115900,1,0.4949584628631124
23800442,9,0.4414037993421743
25872711,4,0.398680518520626
24661925,7,0.3370757696815017
31098412,2,0.9529019410076358
36723393,6,0.33557390829367106
37370745,1,0.31583952985556574
39725880,1,0.56976871900527
32202957,3,0.45888323012969456
24705101,6,0.4914582481672768
30554047,8,0.34603135001322755
11443884,8,0.22373905072871242
15215644,2,0.32215840647886723
33787662,0,0.4191927072862619
31712145,0,0.7237857617137923
36325053,7,0.4066623574929197
38862349,0,0.3461726735180925
16676780,3,0.48420941137276935
32071339,5,0.4821796925938972
11912580,0,0.5180554962449486
27244736,9,0.5798714159620026
1585181,6,0.8391960538233114
24021831,7,0.7263715541701288
10670621,6,0.4303285094726214
35848046,10,0.4886695385412496
14570318,10,0.5812833556451775
25689111,7,0.8212388276867744
8654634,6,0.6491828699796518
3915315,3,0.5179791183577422
33086536,9,0.7111502777502562
33004159,10,0.3125747419960803
39107647,6,0.6312464763549505
33209743,0,0.32620121637059485
25253728,7,0.3154330104890791
3990344,6,0.7058596597351114
20820830,2,0.3876804085438846
39796484,0,0.44239026897009004
2963302,6,0.47166331029536157
39396929,6,0.5517039295370931
4382875,11,0.46373978360948703
39669082,11,0.2548548054655671
39726124,3,0.3903066415852753
38792944,8,0.3141780290115354
35867650,5,0.7028600465867699
34065566,1,0.4240773031936298
2315151,7,0.5753530851882703
29114189,4,0.4440762379903766
30745001,1,0.5934418160134278
26596101,4,0.35227394230088666
4105376,0,0.92743802641715
34790835,7,0.314084597514376
6985783,8,0.4679213804539166
33116546,0,0.672081151575422
17705736,1,0.5009225115238675
39736249,0,0.3781337300106359
39102563,4,0.7286016627748728
17379479,5,0.6011879156069418
27730044,9,0.8048875191479686
4150443,0,0.48280467445687997
18992373,7,0.5658587129948585
8898131,10,0.3542128934827317
5960249,9,0.7944801259984587
1419065,6,0.5936739813623941
27488573,3,0.3473099690299111
19041486,5,0.5908508518721061
30191881,7,0.5739423574945287
31929202,4,0.39589917158319915
24748925,7,0.7849080836901074
33588745,8,0.27930987514462485
34181387,7,0.48461281511659193
26772053,8,0.4576504956615829
37600213,8,0.3414538777084469
34659063,3,0.4397792012693844
65076,6,0.5662632316978073
18949768,6,0.4626379457962553
6219446,3,0.668168539432369
9645087,0,0.465128550719741
12208989,6,0.383063557076934
10237717,3,0.4883992850390813
12620570,6,0.49610898333775155
28992662,2,0.2807196364215612
11538483,3,0.42906364681221965
3384576,1,0.6450626899114932
36991185,6,0.7031626171242146
24455581,7,0.48787366929521014
7453553,7,0.7325302580401111
37007318,1,0.816322347315302
31371559,6,0.6815951959379047
5980042,6,0.4137262111733207
20062470,4,0.5837336501777625
30950474,11,0.2661644658794359
29754562,4,0.435628485583356
17661136,4,0.43604810444281417
24985356,1,0.3977431538980555
977491,8,0.49795071953065606
16650426,5,0.8446820311849412
33792332,4,0.9714126852788765
9927699,1,0.7256462905894169
15964056,5,0.35628206337024265
27834477,1,0.6038960791711433
34365760,6,0.3299887412135981
26750855,9,0.911706148872237
33074967,1,0.42979367485390063
11405673,5,0.3219103338247502
15283478,0,0.5625469450446834
5378616,0,0.5359464228053546
6431495,6,0.5863866137079375
34133309,8,0.5079996320048973
36799362,6,0.7957229726564576
39748867,5,0.8673867259111606
32254464,7,0.38153035652163775
25406691,4,0.4359699077135701
34160529,3,0.41367525276563194
13942686,6,0.29116135612757116
32072881,7,0.257376680614157
13555174,9,0.5550531372654082
39686410,8,0.5303539156944741
33022444,6,0.39866509825724417
5632351,1,0.47338059353795986
15728613,9,0.3484874775616245
32626982,4,0.42711584735979435
2369492,5,0.6792114090788127
29647068,9,0.28749257256431404
28008622,6,0.700310928588984
31879751,6,0.5271992895867375
16701416,10,0.33275289895660787
35780960,11,0.33022890118139026
16189728,9,0.5610692223378415
23603419,8,0.5834211171476353
16610311,6,0.2532419359424446
8106900,3,0.49879538164687104
28653011,2,0.6099325028881107
5031196,0,0.2473931663012509
33986145,11,0.3435233865060846
18926732,3,0.31264049091874435
8304203,3,0.3854890948536256
19569556,3,0.818735133889987
29683082,2,0.646021474455987
23837498,3,0.5733552568726019
9420886,7,0.43783490489139587
26943638,5,0.3272553912198919
29280210,6,0.2849863938118094
29469459,1,0.2945539768361998
25724788,6,0.34140755244858667
21156519,3,0.33256896294111443
40106794,7,0.8011155747994857
33541956,8,0.46770556012901415
27271227,5,0.36424434700845354
21266199,0,0.3786624739725077
18664226,11,0.3202198455172228
2076260,2,0.22737432303010346
30713062,5,0.6070887472951428
19316074,0,0.7387441477281154
5839286,6,0.5648464123597698
13409460,1,0.2700273593601646
18342087,7,0.4845245795423631
3958750,8,0.5153485503583062
22953025,0,0.33573320406546936
35146415,9,0.44351166050250146
39022897,9,0.5086455284012404
10278608,0,0.6325075672868172
34264828,10,0.5934654100702689
11399335,7,0.5385402754003211
24425864,3,0.7657368827546869
33017872,11,0.5630207472722158
9354087,6,0.319449466440881
14174241,4,0.8930675708561663
38842022,9,0.3937489920658684
799767,6,0.9999999999870534
18227946,7,0.348718176411808
31397595,6,0.6255611310483372
39912648,1,0.48646167297377624
16822996,4,0.7977407239240824
33786851,1,0.33503597830039317
31330324,7,0.49450623868725824
33440615,1,0.4205869656833446
25191505,11,0.47983764528064526
14946705,3,0.46953813549868234
9200252,8,0.35201451764317215
32304371,9,0.5860311434986977
17043317,10,0.6639229603331529
24984349,6,0.4011445499026688
27618733,6,0.2513584702273411
22801985,11,0.5761381566256346
36700879,9,0.43990034139087036
33437134,7,0.289924545952219
11286506,3,0.7548535736704565
1879914,0,0.3199304920484577
37044652,4,0.29328308201616843
26896941,3,0.5407412159190058
2752809,8,0.23220819522682815
39040554,8,0.3115577723346487
18403885,10,0.3791731698598779
38225615,4,0.39057879383447885
16782976,1,0.3253765780424988
14227419,8,0.4859044993523019
37559255,9,0.7213125442517935
36988764,8,0.5336262304947941
38695103,4,0.6647116663437523
31833355,6,0.397724432828198
16140684,0,0.5462016693447447
23924832,3,0.7957161857588064
21268941,9,0.5417994471543668
10566685,1,0.26462225997018346
33039751,7,0.39868990363054524
2365774,6,0.6259220988071488
36048769,9,0.24798209690051318
30150626,11,0.4746037057122037
37818218,9,0.45451311145859724
16310668,6,0.7681338394902937
15366886,6,0.5825995771493699
34060332,6,0.2918182869203145
22138596,1,0.6740899915060815
23684381,6,0.4522362247405435
34770389,5,0.6166935806523224
21516883,1,0.5235231219813459
24357730,10,0.4226131762686384
13847687,8,0.4929304559997197
36561417,3,0.2573333200595336
11868964,0,0.739615964750581
8268551,1,0.6561906189208353
13432995,7,0.4233823250208716
27435394,11,0.3464181530031321
18794873,9,0.512316035469036
38330841,7,0.44133724353262244
243865,0,0.5565949220017615
12584135,8,0.48194181302533035
32205982,5,0.5670407097757449
33929195,7,0.6770470435242043
28163137,0,0.6863065189517982
22570602,11,0.5143477482450253
39146957,3,0.7918854832799409
35962263,7,0.38990318929492274
30258804,1,0.6397071287329192
3918306,1,0.46161167302029976
8143682,6,0.34817133378595766
13424700,3,0.631572113691801
36554456,5,0.2346610130051695
35895383,9,0.3273106298657405
22122511,1,0.47991364149642934
21312584,9,0.41066746498807966
31544762,9,0.3497660340872964
14875450,6,0.40839142493770264
28429501,7,0.2917474966888476
28708752,8,0.6874363878905047
3730925,1,0.4926486373919996
36713215,6,0.5935452838449877
23185148,6,0.4328907688945506
30482350,9,0.5941096959807322
4083440,6,0.5437535102326578
26549118,7,0.2810015087456059
33614967,6,0.43211021706618713
31444232,2,0.47450554540404155
38116494,6,0.6351324971373694
7280033,0,0.30592715642306334
33718724,0,0.6367573978258403
21739815,3,0.5596735644302646
22614244,10,0.5176530095160626
38334293,4,0.8053628347635338
5397985,11,0.609818177801636
39201783,5,0.8357349158331693
17341129,8,0.6557758674140352
17854468,8,0.63327242547593
35269201,10,0.5574602538737773
15798765,7,0.334249919588606
304216,7,0.42777667574170214
29622305,6,0.36883666596497633
7225906,9,0.41396298795809544
36818291,6,0.3729160585239093
5236855,6,0.3934390040476701
23183298,8,0.43763832930252794
30663433,6,0.7456579645228177
6680413,8,0.371986461007974
34386667,2,0.8612099138687056
35915075,5,0.32973949081491555
34905616,6,0.41934255800867554
32185089,1,0.7509127477094171
2892746,6,0.49322922855962337
12249150,11,0.48741886428666703
11811060,6,0.2329624528324842
26843598,6,0.4427240793638293
31560065,8,0.46436185007467107
18632703,9,0.7779786973739207
25046307,8,0.48021121570907355
33699529,7,0.9036160564234941
24951563,3,0.6980620406437853
4012841,10,0.3717334159043416
38453545,9,0.2780465453439306
16446357,8,0.4709053153369079
11732805,6,0.3930344152088619
37017377,9,0.3450076355775958
31684032,7,0.43839589826705005
12758430,7,0.34133862653809993
29325967,9,0.6298745431000137
21196441,7,0.7326360619771082
2557179,6,0.6088497457093096
34136717,8,0.7829737124023625
14794234,9,0.5791627080753046
8586216,0,0.2434985374285294
10509527,0,0.6457774604576823
27230705,4,0.517043454014774
38264887,5,0.39762681811512146
37199342,7,0.6223533395577401
15783991,0,0.5595630076492507
36188632,9,0.4444105078800361
12746149,1,0.5652101429387543
113007,6,0.8104571512413931
24236852,8,0.447056408491302
8563464,6,0.4765596785609158
14442951,3,0.4446126336526181
31497645,9,0.7489108264095937
38774805,5,0.7076815860805838
29033280,6,0.4128396316933094
35303596,3,0.4283340747719399
7456638,6,0.4660019304883696
34814606,4,0.7302960989086987
30453243,1,0.3437239869499197
15676333,8,0.4561360022184792
30752535,3,0.3909507138766167
25847411,6,0.7035715316242194
39813838,1,0.7151450877552447
22276750,0,0.2977213458970175
21667547,4,0.32632911107326906
10694204,6,0.31139365335890556
14306122,3,0.3855586773616272
2593496,0,0.8571239954763816
34858888,4,0.7817318519350597
27649503,5,0.7956557278233314
28639239,6,0.36117126381957887
39804399,6,0.4187079369761131
26058595,6,0.4248766716091901
31062448,7,0.21847864447707735
37960880,7,0.4802427488477865
39842674,6,0.37425133623991
35596551,9,0.41723315915473247
26149844,6,0.39172069909069224
33934702,11,0.7319009932837619
8271139,9,0.3135585357716328
11323334,6,0.50338709908331
15556930,5,0.3623122602389758
3292488,8,0.690720564993566
36632776,5,0.3160198752215653
26178626,1,0.6491202474995105
19988465,6,0.32378682723578134
34134163,6,0.40340691466659706
19770628,3,0.8832493720273981
25606118,11,0.4251779066686549
28300910,7,0.2817334084343087
16901279,6,0.4309064189465781
39778606,9,0.7680784438468831
21880348,6,0.537944051223072
13286855,6,0.4252759168088757
37895568,0,0.8435971421708507
4955452,0,0.447935804556071
20402109,5,0.6350517281443131
20267264,1,0.854524356144714
19460527,1,0.6898161741554981
14080790,1,0.9405047411057506
4615762,3,0.6835445551097684
23619989,6,0.6002299755073347
33306572,10,0.43062252657212235
36469715,7,0.43574542596870847
11274297,6,0.8070573067592665
28139948,6,0.40816864633874805
29933565,11,0.4898718518310221
31375656,5,0.5064000723484758
33132925,7,0.6278150166660342
38918342,0,0.3601479079552464
2865538,3,0.6965033827318093
15915570,11,0.4069074024507094
31465489,3,0.3945112862411294
26256787,6,0.8313518896046874
31482286,0,0.712524522852978
1497038,7,0.44686406164576603
1031851,0,0.6917589450591445
35358223,10,0.45853330694239686
8275573,3,0.5923329476752073
38187286,0,0.7403995445617341
34754900,10,0.5591077557357397
30934591,5,0.3211021311061519
25745729,5,0.9229281406498302
26824576,5,0.47924132606567105
19410585,7,0.34858838160527755
29689220,3,0.6605450737527222
2363602,3,0.5172633290957925
27824979,3,0.651674593047533
1716117,6,0.5536560258736416
33622099,7,0.32454018397667445
20184765,0,0.9999999999777054
14423794,9,0.5299764051436556
33400367,0,0.37376344738594025
26203698,0,0.5152500019142383
38816915,7,0.8194674148675594
39053286,1,0.40292534631264404
31929854,7,0.48415267128440137
33312046,8,0.46818157101261976
6397463,7,0.31649948825923907
22107524,9,0.6072526582759629
29024136,1,0.48981277139434687
21800753,11,0.9076359532930778
32384782,9,0.5429826644935312
36071578,8,0.45391622313990065
9320463,3,0.34578738039701656
10167463,10,0.3189066027692217
1440323,6,0.6951330357069859
12566065,6,0.6846220084778046
22899109,2,0.8156903299014273
22966531,6,0.384114701646292
5964645,9,0.6569546608739171
22732384,6,0.6466759064262272
24542123,9,0.547746497384429
6215311,6,0.5816830762989131
21136591,7,0.34447932862513064
27736588,6,0.43903316784940977
19765214,11,0.34793947856727014
22770640,6,0.47561216304306475
34709457,8,0.4271238215531891
38776350,0,0.6476725865051357
34884432,6,0.3387134575742771
9361786,3,0.6248060175731912
29314424,4,0.7382035602515488
10253450,7,0.2772287290566468
18003178,11,0.4892188019310325
16905645,1,0.860971785479288
25462467,6,0.3417196263261251
1111317,4,0.49361891352987153
5399853,11,0.6503511517033124
30762378,6,0.35230701135063314
39666459,1,0.7049305377538743
7175376,7,0.7420599694754153
13219546,7,0.31273678157042534
17278597,6,0.7859255242973354
18996444,9,0.589616032638365
22177950,7,0.8401527935436612
39148579,9,0.33718806809912283
20601480,9,0.9099500902083819
18755043,3,0.6663536646166333
31832319,11,0.34855194899790337
35066809,7,0.5073414015225319
34104452,0,0.8459216207820052
21645318,9,0.46196395211005037
23640272,1,0.6155586027452693
16781444,9,0.5746859759283576
10757063,2,0.4967211407583158
11931530,1,0.6972688963947845
36036605,6,0.2964006065602532
21921812,3,0.3760857571753243
31211521,5,0.5904421718266651
32920532,11,0.6846995778395779
10875937,10,0.6278627680875958
32049437,7,0.4913570483314104
3523174,9,0.7256120450331884
13513627,6,0.6607213343861392
34212390,1,0.4359904485606326
10540929,5,0.7358109506894649
30952385,5,0.5101723826923962
26482397,9,0.6834305290344252
34846651,0,0.7379056084841067
13167907,7,0.6668962275881448
37236666,5,0.8483611292723401
16802902,9,0.23330829639549233
37369727,6,0.6436617727111095
6971819,9,0.5926261858699253
31445048,6,0.37947759038817275
13608636,2,0.34231322860518903
33337926,9,0.4852707053970793
32981567,7,0.44965294463717664
36852532,11,0.351643842328939
22697210,6,0.4013842015684094
32958393,11,0.5141175596342429
21642959,5,0.4858705765688983
32553356,8,0.6166768906375127
38369629,5,0.5188079546989935
34339218,4,0.4915539948665737
906509,6,0.9454965666518456
4812555,5,0.4555372576838074
31210786,0,0.5569616969935591
10260350,6,0.41813926134885354
32970684,3,0.5483613019251828
26269366,6,0.8913059229268027
7288686,3,0.6837884718145291
12652905,8,0.636318825091114
6220274,6,0.9122361988093899
36599346,4,0.7822652306870714
8745130,0,0.526030032817138
18196251,1,0.5327905491243531
7855534,0,0.37179833171654897
32813386,8,0.5462191273559549
32410981,3,0.4295162961047147
25107031,9,0.6795200314993666
33614932,7,0.5375869120179294
35947363,6,0.452542294179371
30696978,4,0.9641876079750633
35973615,9,0.9179497739206025
37863967,10,0.5172874231103449
28517258,6,0.491595327088389
6675556,6,0.7546240272471775
36965951,9,0.6732120780459915
20720287,7,0.3948730909579194
24757551,6,0.4332513381812362
17185238,6,0.7164354336545539
32469591,0,0.8292736109614588
14321515,2,0.36162615077015237
30760451,7,0.5531243368509985
11302648,1,0.2105083801929899
26921020,7,0.4195275897686879
37515461,5,0.5857390525503909
15870647,3,0.5520426373854465
22925285,0,0.5527680844143916
35835966,9,0.2931220991235107
17636160,3,0.3206951702544063
13658447,9,0.5799475607079805
30317740,9,0.38901358291248833
2507726,9,0.4801020653612509
24918930,9,0.3352211886549369
39689099,0,0.6243400886533499
4710094,9,0.6329522767093443
24493563,6,0.47453153130910525
29708456,9,0.4220103985543191
25647871,9,0.5044617295575632
25360450,1,0.9524886472572874
20454118,6,0.36726103130430054
16185400,0,0.42383528830464107
11539632,3,0.9617978860533366
24963054,9,0.5285075068544499
3109951,11,0.3908186690878811
7299344,7,0.3556952646655904
3589214,9,0.6666556974589507
14824822,5,0.5499341475847079
11597345,6,0.6967855913691926
12448592,4,0.3604077894074786
38911202,2,0.46482730318531607
33939486,5,0.5641444396784195
26661420,6,0.45471475061124844
38620892,6,0.2422326554179494
22788135,11,0.6424285572193826
33200590,9,0.6472688758157091
39842332,9,0.5905251694266181
38810448,3,0.3708066168897583
17960311,11,0.501578669369811
33330276,9,0.4170840576865091
26114518,6,0.6503709230880146
32360641,4,0.6334733818189969
24592132,10,0.6441683759845891
37309031,6,0.871510791254681
39285004,5,0.3577202901641032
36004227,11,0.6890178095852854
3493061,9,0.47785782161034374
39059631,4,0.48256591108185204
38895282,8,0.33036454696391016
39643601,4,0.7298317582753091
34994814,8,0.57665609200295
20804629,10,0.6182805153644151
20454066,5,0.6870645961761132
17092138,0,0.5620442920175891
37049021,7,0.5941671348407898
21326245,9,0.5584102673233092
9359234,0,0.36827384007338926
22824829,5,0.6915518731434411
35691265,0,0.531033633081849
30541311,9,0.6472089771747771
33427357,7,0.31807315841932327
13492764,8,0.3823880283111773
6769068,9,0.7092106010022915
21814379,11,0.4260644138543453
43315,6,0.6252457279561171
35167805,9,0.5242213303862928
39065074,10,0.4149276593921622
31577488,3,0.6363894316906236
26637692,1,0.8600310878980503
28250315,3,0.45078793502286146
20720327,0,0.6654786582926518
39548189,9,0.40279437712558364
25046076,5,0.6599092746125507
26283045,6,0.4678144373051543
33764488,1,0.7949181746656709
26479090,7,0.34562629855165333
33875497,3,0.6480345390212712
15374261,4,0.44617689897051827
1733004,6,0.2850937701152837
1516795,2,0.8421824895413641
26290431,3,0.7543767101475322
16453067,9,0.3627976241789796
34506575,7,0.6334221136372331
16833449,10,0.443051725326385
5575335,0,0.5740790515960011
21782642,4,0.7443534446079698
24050168,6,0.86077314317513
29227383,2,0.8877628102835403
36144060,2,0.4120360206496102
6281744,1,0.5054872514538725
27248226,10,0.4811912279473228
9162030,0,0.9999999999781229
35169828,6,0.6745076234227102
6273634,5,0.3034867178132995
16503394,11,0.3203786120614593
21750126,3,0.2823693900307249
36496860,6,0.4178719158082102
32132540,3,0.37607253210109726
23857386,11,0.4090005511852645
36733181,8,0.4152468772415485
13205133,6,0.5849698593365562
6655991,7,0.6594620737875299
28184919,3,0.7490244556488461
13282143,6,0.8366994265610187
15519615,9,0.48710713810050105
15786685,2,0.2804881649798436
37545479,8,0.6253282424524251
39059225,7,0.5888955774930911
25122152,4,0.32756097630239694
35684275,6,0.5490778889557811
33191513,3,0.30129881832183797
39671392,10,0.8406663377759575
29236584,9,0.5377033096414605
17527785,7,0.5988304184408635
19530017,9,0.6632263586690296
26466328,7,0.5166621221641252
22384473,11,0.48579684216835706
8898352,6,0.44756014483100304
30535230,6,0.9002098205275351
19717236,7,0.7003098033352696
33851179,3,0.6229076213357252
37141213,3,0.8249945806665941
31812703,7,0.35087592502085113
29199766,9,0.7242075705082252
16542846,1,0.3560789017607588
27473156,7,0.734189914625374
39169563,6,0.5560418585259117
38071986,6,0.36981081451932596
21857523,7,0.36033895402808847
25597837,9,0.6935419398791178
35118386,3,0.489517350546218
26312400,6,0.5499291928604286
31868996,9,0.7429132119158005
34217288,9,0.7295396613248681
28398105,2,0.858365198003012
27228704,1,0.5179928297599027
24923226,1,0.6875363589082374
21685019,5,0.5086710097112976
3048902,3,0.4528080899997715
16387509,6,0.46193625751672934
23113840,3,0.3915591564705974
37767026,5,0.797027345687444
31578300,6,0.4491730358651461
13608416,5,0.5183315232853826
33462154,6,0.41377109903698117
39031168,8,0.6301905460377902
25928806,4,0.5013749254464922
32305345,2,0.746548796198978
35527313,8,0.6053958559381705
24574385,3,0.33491509861437574
13917041,0,0.3069432825349652
14250664,11,0.22477299989107508
16404230,1,0.4087754803341692
10060174,5,0.6769917492400486
6198009,6,0.8051083352503758
8190750,9,0.3743170100644468
32929927,4,0.8204935712257402
14531332,11,0.5491660748133103
9517536,2,0.5614681378076777
39897553,6,0.4801383180857301
32229882,5,0.2761539388797592
28516980,7,0.39059674353717405
2393238,9,0.3028650898758173
20132822,9,0.4024234560825211
28144052,1,0.5951599443425405
35709901,6,0.6932658454347449
16827622,4,0.4369750162786959
34494209,0,0.3381158679305791
6632197,7,0.29115167094701544
31653179,10,0.5484763473452458
6083090,9,0.45294251822552567
22108576,1,0.7141325689599769
19116880,7,0.2822627748791772
3376666,7,0.2941065478635801
39501774,3,0.7584812673925937
34641019,6,0.5715860425282423
8844771,6,0.4471585774533624
35214490,0,0.6479099144050007
5466971,8,0.4851417139044014
29884168,0,0.4234450099463679
36044604,6,0.2284594973829832
26725227,7,0.2933686643186401
35332251,11,0.4513703102745102
32528940,3,0.316457517238456
34440211,0,0.5032961890118723
8977679,6,0.6248355453918532
13628710,5,0.2721561879637982
9839735,3,0.3763260569387408
3384094,7,0.5431360643065635
13333212,6,0.5101123451569365
23171959,9,0.2842620728722226
2490335,11,0.5843256936155795
13651952,11,0.43867464280109203
32886927,7,0.3636302708691224
6988779,3,0.6545506491703197
22902640,3,0.5427058571699256
30315217,3,0.564433331071469
2992458,6,0.5208213447708334
9407771,3,0.5237999776667183
27191621,1,0.6893559854159867
36322133,9,0.26857006629243135
13975845,8,0.696355031195063
20128592,9,0.45282584397849657
26450021,4,0.39222122697865075
7372316,5,0.953403991381109
9853227,8,0.621622224664266
22609760,6,0.4065911102702809
11908017,3,0.24823260326069208
30810028,11,0.47632035549925206
22992073,9,0.2957754298183849
28798788,9,0.9341928343317936
4020027,6,0.5028113944951669
28462413,1,0.7466028790646393
27436584,6,0.5405485793896242
19185764,8,0.6463896266905106
34396151,10,0.4410342981609654
13977970,6,0.45477676645960013
31349924,8,0.6404809204811929
27866164,6,0.609338177650403
16520441,11,0.623716633887533
40090710,4,0.2997098061404335
11974442,6,0.3271114000254972
17665330,6,0.8636386476576867
14735777,9,0.5058576167503889
32808383,9,0.33457080077337664
29127126,1,0.33106601644906597
4547096,6,0.7444728534219304
22533368,11,0.33899291086841143
30656857,9,0.9576815198038872
39146371,1,0.7578755953094926
37229649,1,0.481824829612655
9186138,8,0.3290907823619868
37557880,1,0.3292192569922647
24801359,9,0.2954386938700566
4414082,3,0.37081995473613905
24878083,3,0.7620675478482202
1412169,6,0.39736750423795125
17749629,0,0.4194492995198818
15100566,11,0.18399609878013234
18924417,3,0.6005060041989014
29612228,7,0.4827982641350038
19485445,0,0.976956197385598
12072181,6,0.5509206040321998
15302569,3,0.6051252434820634
10668585,4,0.4425776790936969
33907328,11,0.7242588742557398
39898887,0,0.31195675483328944
2527173,6,0.5307389022950857
14322078,11,0.5538624547260572
28325622,8,0.6533979725462354
29588645,1,0.5505247144044908
38818400,9,0.34339789573228224
35654493,9,0.2568648427454738
34868885,9,0.5262263814323525
31566219,9,0.31932984917245
10772503,7,0.461487786877886
30267236,6,0.44542863401412414
30781432,10,0.8315207303166504
29576655,7,0.4454144257675776
11282924,6,0.2985005188870489
35527720,3,0.49823424454256493
39383914,9,0.36133078180295214
19605652,5,0.5626140437509266
16457159,6,0.4165168483830606
21164262,6,0.42858403547055196
31549024,6,0.32820349300405344
27622834,5,0.40108453820504447
28670800,5,0.5914151296891567
9656390,11,0.588404376904871
34932354,6,0.3339785749998724
31553534,0,0.23466403033086414
12803566,9,0.9193768477987619
35611901,9,0.5036719192908542
4232433,0,0.7991246424063109
15837810,5,0.5183242647853838
10902340,8,0.3634425918063902
15791330,2,0.8133276257878073
12939975,1,0.610785570507674
37906775,6,0.36334963333731884
27189980,5,0.7334896939012486
33571976,7,0.2969051529180284
35517702,5,0.32012002352609803
35609196,1,0.7826589006793065
17975165,7,0.43473099612295146
7548328,6,0.5144590754994668
22130697,11,0.7080573420470373
26576778,9,0.5902792130436075
28100042,7,0.9203968358687508
23295811,7,0.943398159093882
26088745,8,0.3075639704237644
7679970,7,0.42199962717892486
4411370,0,0.2416148152840407
28256067,9,0.6310520313644202
22014672,11,0.5634389923012113
39172450,5,0.3400569047980875
26482791,6,0.3689224836466778
39106666,9,0.8497418957504639
29711547,2,0.7007815394774888
12725024,1,0.6053144163153986
39234553,5,0.7413359263272885
20180297,11,0.39324250887547996
29286038,6,0.3423619891660966
22793116,11,0.41332502441170343
15688744,10,0.4203420198088357
4756155,10,0.3209684432589748
32894611,8,0.7527322302461171
10792008,8,0.5204999266271503
30430014,11,0.6334877142480944
12693278,0,0.3666089962407881
14330705,9,0.25433255141855005
19748971,3,0.6322283524565605
33314082,8,0.25243811905363084
12887398,0,0.581658773853612
12131739,9,0.7011533323160419
36212811,9,0.7325284969147227
31522887,11,0.5040834470930365
13650623,6,0.6648940320722608
3969777,6,0.6248324428251687
37532410,5,0.3873393127351765
4279560,3,0.41756605839182515
38987582,6,0.6724866914495138
38936854,4,0.7386735710681435
11545577,1,0.4252365108663536
26626360,0,0.2386949280579459
39457468,10,0.4573403057686816
2916955,3,0.3217836760202028
354124,6,0.4181828884317419
34916552,9,0.4921345922423368
17466847,3,0.3946763982934977
8127524,8,0.36522107683653393
27712919,2,0.3539826368904151
19613239,6,0.28100951303314464
4672300,7,0.44234706736133933
9959653,9,0.5874022683550266
24673436,3,0.4181203485844157
19626561,2,0.4472162321920575
19721334,3,0.7851087970839756
14949817,7,0.6061704121773395
21377305,9,0.599292637411615
5174328,7,0.3070533439524254
18972044,9,0.6590697078911163
35975220,11,0.5687217288238029
33827279,3,0.43419931008081364
9773350,11,0.6188251359377399
23193633,2,0.28825314457956563
17985197,0,0.5791614713298782
34142373,7,0.8975391024144774
15386414,5,0.6578194530866655
37372739,7,0.3940474759865192
24149741,7,0.33991724651755334
27397990,7,0.9177092742232605
7084194,6,0.33615260104512246
30765738,11,0.44426335662740774
9779946,5,0.4999063479973991
38703468,11,0.29120634897749176
30271118,6,0.6043613549925148
12595394,7,0.5148229790481864
21823855,10,0.40237234837150226
11039063,4,0.24281860812569211
38123049,4,0.413951662351789
39333854,8,0.5251275196474068
16517043,2,0.48209711630148333
28512271,5,0.5817960167188141
31074223,6,0.4961827726570835
36825740,11,0.5304832554633875
27372639,5,0.2167534296487816
35143956,7,0.4279945249974194
29897712,9,0.40861723367082425
8790038,1,0.5164406733880132
7165381,6,0.6482514836403277
37406445,9,0.4782871151329338
38330416,4,0.37343204282854825
38468364,5,0.9104845495455274
34702300,1,0.31992242852305114
22670505,5,0.3248868514376431
5141559,1,0.49807748011167474
39554637,9,0.3469413334363852
14290645,9,0.8534937012475344
25277807,9,0.2791098084495039
38122696,11,0.3569603740932837
26326421,5,0.2912647527273713
26609475,6,0.27921398796085795
33880999,8,0.41830208378733474
20613315,2,0.4554592092953972
18418838,6,0.35526250247777874
6422148,6,0.7392270320167299
36659453,6,0.535903083356297
23601664,11,0.47319276995142123
2251505,3,0.36492781415165515
31980648,7,0.353266384424203
6558765,6,0.8605884483580923
3354313,9,0.5118238415012714
9528421,0,0.43371207263083245
13083765,0,0.9510245397002195
37020897,9,0.29222744732939837
34268705,5,0.6111251758587296
21714703,3,0.6408236284324961
32426522,8,0.3763805306844069
13155633,6,0.7114715677830115
6912241,8,0.3568567351262886
11148471,7,0.5650435844507878
32976987,4,0.6742446580004695
39993739,8,0.3781809412099613
7098435,9,0.457237499828011
15888161,11,0.5464390624784707
28976912,6,0.888405080752653
3481863,9,0.5593769558723741
36452127,7,0.9263456870121438
28486709,4,0.26794647112937126
14894456,7,0.36602564766780715
31348737,4,0.5947994843778979
32705353,6,0.28482064914744637
32301522,3,0.5169845891472287
29496025,4,0.570513072307509
29595429,11,0.42195675783328107
19262197,0,0.504204816892292
11888155,6,0.45639808310615515
26803882,9,0.5486135075300181
11926620,5,0.39782656119673404
25706532,5,0.34808932745071697
10026207,10,0.7089136904259169
5911439,5,0.47705437855118055
4090997,8,0.5628525355325343
37989569,11,0.41474392227071094
27550458,2,0.5590800720631827
22023977,5,0.35652929769252306
4693740,6,0.45146405398896794
38671718,6,0.2949924740320935
31171665,7,0.8455164619312706
3559477,6,0.39243911974830664
35614041,9,0.7380478305546506
14419402,9,0.4085025709350116
34725169,6,0.4145610706709618
37467146,4,0.7073375715570539
16780109,3,0.5290866193023002
35485126,11,0.4005390976181358
30937042,7,0.34844306627509913
27594837,2,0.4233427819697771
9132205,3,0.4083424961140232
10417000,6,0.3034579130396529
19010740,6,0.49449665131557136
905403,7,0.41863589128819745
16092012,6,0.2464030072298844
28446422,3,0.4733559295374509
1559709,6,0.5062082316429254
12321915,1,0.5314962941733395
19508393,1,0.3069083240027474
29735743,5,0.6700320701812283
34608916,5,0.44437935562422565
8325142,6,0.6110277189580637
23647020,10,0.4060286713866523
14325022,6,0.23651811494679503
22556895,2,0.42918404401518173
29055213,7,0.418381093663819
38125475,9,0.36543768479199484
33130635,9,0.35042251174952915
11614965,8,0.4870336813185853
37249091,6,0.48427598576101805
14085317,6,0.5656562161594605
7648878,0,0.9999999999772952
35836382,1,0.33237312194122093
39228928,7,0.4705822178167287
21862777,5,0.8386558107150404
31169309,8,0.6852717088293002
19867476,6,0.3302337867582036
17972552,11,0.36897965736852295
39981846,7,0.359912887083042
4179804,1,0.45350763929959326
21315663,6,0.3479681260719682
5355120,6,0.6031175572490659
641985,8,0.6235911985445297
3745221,6,0.3422348519506934
38671630,1,0.6225271253209995
10713142,11,0.36642813704726157
25619807,1,0.5829123474294058
25214505,10,0.5787323893560558
24726452,5,0.7365072777348091
5662549,7,0.42161273831142954
2635964,9,0.3974022806474279
27760888,0,0.9997565954706906
26463020,8,0.4147202702021779
24473063,9,0.58694674833023
32540200,0,0.2650571219563457
20396497,5,0.6767530099259208
11544800,3,0.5544420352814252
24506502,6,0.5200674520771059
3690715,2,0.5295173115087347
1583595,3,0.2976059082570112
32727096,0,0.3153244342283158
32126091,9,0.7779737248215773
8942575,7,0.518646733694551
6581190,0,0.4042674294984635
34167056,3,0.31635533687450584
35120528,10,0.9478731133951467
7961290,11,0.3646936642165179
14591435,8,0.2963293084083621
4783257,6,0.3092584255450797
37275033,6,0.9018894086815599
14722933,3,0.5251495536375218
24664250,6,0.4461540714388657
12783492,6,0.5702812860613661
24151591,0,0.6283727756555869
34608649,10,0.7412841451970535
31040076,7,0.35489494938432103
12097761,6,0.4658203558030169
35848787,3,0.7787644360818032
15034594,4,0.769662407964776
179287,8,0.3680651318315671
9800895,6,0.3075633489837392
249388,6,0.5667602855428423
22457988,6,0.6553515009558919
7079224,1,0.4763750006333134
30705089,8,0.4248435452678363
11801549,0,0.41276446392358124
14903791,6,0.4329474701157396
35051573,3,0.5648554833387124
2864451,4,0.34174672448965737
17770727,11,0.5098509825584763
9858860,5,0.7884929924980749
11605832,11,0.29507566188765133
26349302,9,0.4726881745619328
27261996,6,0.41321130021083596
23565062,6,0.6582198974478826
39901240,0,0.5483869315120884
10261045,10,0.9019021291146347
25977022,7,0.49380268302241237
14314343,9,0.35377425780761607
35399897,7,0.3053804387158447
35817605,7,0.8712384059218612
36241635,5,0.39058317684124544
19544995,0,0.36761500810097536
30416948,3,0.4923391049309769
3160551,6,0.5904662620316691
27520135,1,0.28723971567455975
27321536,0,0.5050898697028242
37456421,9,0.3178861646995164
29887174,0,0.3405955696597378
32236559,1,0.6314934757524888
29722704,4,0.5586681073286653
38617546,9,0.5590828538962893
12355190,4,0.331411046732298
15406926,3,0.5279407493579835
33925999,8,0.5685470055384301
20351997,4,0.5032024988029488
33097709,8,0.32980539885008486
9231444,0,0.6610040467907897
7971618,0,0.7213226387409098
20974727,9,0.5128263807772867
31027905,4,0.5788744659943659
29554266,1,0.5203360043812622
21803468,9,0.34700643739001463
36508811,2,0.5860616333798083
27662707,8,0.26033735937314845
13078183,9,0.4824852440374858
34487117,6,0.35925307044661914
1966715,0,0.35627096585270435
5126021,7,0.8540330557868886
17920102,7,0.28942281900685524
35063331,5,0.5920412404958151
8933716,3,0.3932587447804817
39006733,10,0.7867664607240237
34385606,6,0.6573171530563698
32144383,6,0.2763259210449563
8082803,3,0.4547120424663268
7001917,7,0.49522104816020657
21839468,1,0.4296199477057552
36045006,3,0.510262013080852
27971782,5,0.2980113101950591
36220869,11,0.312837099146595
24133613,6,0.3504555223870969
37055549,0,0.4034682345236227
32575992,3,0.3685997724660058
34030609,11,0.30366885761367873
29767310,9,0.3649572157590221
23839982,10,0.7600832825441038
2155042,6,0.8839799080082263
23979071,8,0.6888037313677965
10865212,7,0.3889615769085736
37820146,1,0.7565048506570438
24947003,3,0.6459467221591869
27681108,5,0.6876267028199647
23426483,9,0.42824705335465424
36921501,9,0.6203423191851359
32318643,3,0.36209483899498873
30867037,9,0.4935438900253365
36806922,11,0.40597772497845136
17709686,0,0.8636961362457058
9847253,9,0.36963372523863014
33288344,6,0.5904002184082449
35096711,11,0.47049441606150866
28467158,9,0.8789439773785976
29829422,5,0.7518415458599429
39018055,9,0.27781850889316567
14909110,7,0.343251001360898
31619005,6,0.8115237578795126
33816586,8,0.4653632751654765
22082025,6,0.6476707275516046
36061649,6,0.657856857837297
12059792,10,0.31305040709776627
36365467,2,0.5713929712486725
13567833,0,0.6896983593653108
20691976,9,0.3918440826534575
39098761,1,0.3760289085397106
22186968,2,0.36043752627711056
36797112,6,0.505720369881321
36362624,5,0.7370913481303786
36773492,7,0.7143044835084182
23531411,8,0.5448505427784143
25663939,9,0.3356909603357779
14361136,1,0.44995479274914507
22970854,5,0.43060597282477336
14724304,8,0.3835962742325577
13245470,0,0.5133322108792713
10739978,5,0.5523847124636502
32483772,5,0.7896663529788599
23299583,1,0.6154804132016988
40011877,10,0.4297065959508011
35484238,8,0.552149906837428
24083935,0,0.6708854571364482
27845489,7,0.294486552221402
30866980,4,0.6543327336327903
13856644,3,0.5967034070485183
15238101,0,0.9705551445947794
35724916,3,0.7970171664194904
30356619,6,0.4643990065972522
16825850,9,0.40199978318253043
30045086,4,0.7264823632959875
31816411,0,0.35445342096481386
2213325,0,0.38341468485778823
25253817,2,0.8440859723972792
20223962,0,0.4271361642823115
39906830,6,0.43237084292910377
17814314,5,0.6773187153581451
9210976,6,0.5371554918561746
39363200,11,0.3333548372228758
11186853,6,0.48822151002110425
32989483,5,0.3494436578146343
19821137,6,0.43314565666280486
12492536,6,0.3191073861456164
33658384,0,0.6141498423528147
27254078,7,0.23192752665370178
38285881,2,0.2508358542351898
20395463,7,0.5884261885203472
39213597,4,0.43588657432650546
34167176,7,0.8426930951330022
2095848,6,0.5847756100121596
27473539,2,0.34311952684682323
14390624,3,0.4953611305430493
25073575,4,0.48118080143901504
30371147,1,0.6550230668451416
19182001,11,0.39144936004679703
33837290,3,0.41435499921757735
24275542,8,0.3336064404163483
7417128,8,0.8737218373000474
8230638,5,0.6080516704249406
39084687,8,0.49881331083786945
26368194,5,0.6144202587604803
36808611,3,0.7092445827360817
29604198,2,0.34491714904981013
27726270,3,0.42134530029109235
15753632,1,0.34130553489693266
126787,6,0.7196547351129435
15499397,8,0.6629117792240045
32824368,7,0.2173467367384814
8895925,1,0.3623329826042206
28646293,9,0.4796603770017379
28166623,7,0.9670324456679713
40062388,3,0.44468030446522666
29483604,8,0.5325045288040856
31753520,8,0.7615254319845149
34592040,3,0.6431191597312015
27952819,9,0.6913402634375474
20078700,5,0.6826900973864594
31173379,4,0.6045844124809656
5737728,6,0.3591719721138532
25797213,9,0.6582585484009
28397949,9,0.7151400297747545
27436748,0,0.6704159072661025
11492864,3,0.33653826282395566
31656198,8,0.5000516885060059
24139304,7,0.2863329206731967
8283359,6,0.8006050926062529
38935623,6,0.5426519135651902
28887383,3,0.3708810549408275
14974222,0,0.38729482908427365
11869383,11,0.3583880105751594
24309121,6,0.5332467417384639
36851140,10,0.6076428174153358
19727066,9,0.44333851883106595
16775694,8,0.36712632625577707
22675968,8,0.5296840345091307
33682284,8,0.5463415495108048
30902317,0,0.6226175092604305
31211345,0,0.6116170274485081
37119448,7,0.5854270751484224
20487045,5,0.32036125138661775
26412193,4,0.4699621486055021
39320437,1,0.6637068330266982
24147099,7,0.5308557532903614
38095478,6,0.4300622399978835
24180766,6,0.5783483125033807
9539477,6,0.5986676786481212
31902356,9,0.3851613379753577
25956746,0,0.9999999999804777
5188792,0,0.6274141832443714
19722580,4,0.4555624665312156
22031653,9,0.4616223075998136
35882408,0,0.8801348440619776
20394751,9,0.22796994988584704
39577484,6,0.44648290285984626
30036941,9,0.9316484255634094
26926742,11,0.9414515232933761
9517388,6,0.3609313886573337
17469461,11,0.6039710939844535
13479513,0,0.49295256547962346
31328807,6,0.2904919477216937
34078201,8,0.41422919984039097
5742828,3,0.3630197160342507
35732465,10,0.5610448800695864
40009500,7,0.27658089271498537
22838527,6,0.543754139915106
14897756,6,0.47596047641772093
37436362,3,0.3187734188002109
1968343,8,0.25402249545098887
25773551,7,0.2991361466918596
1393849,3,0.6981432308205873
10988199,7,0.44450846895602103
20193606,3,0.5399482039414426
15862367,9,0.4355809069286073
30546334,3,0.3862193013900669
5069606,11,0.6736180244513122
35761306,9,0.3172372745775409
17428657,0,0.4043785169310767
22869156,4,0.8965621533699116
4241871,11,0.3574041881326264
7323782,0,0.5573238110456239
27276508,0,0.6901385186736231
3747679,6,0.7207499473328989
13935929,6,0.6828066049337268
34895668,9,0.4497441605835646
1739913,0,0.40032641168694183
5707495,3,0.4606267762015917
18864810,5,0.5548659925926211
2028207,6,0.5924106384466397
25024919,6,0.4753601341239381
28107084,6,0.913563996093384
24407834,9,0.3425422736651304
2350249,3,0.5968618704956525
27971159,6,0.530436755085336
23293612,5,0.5121212826076412
20719852,8,0.4936050126135944
16960070,0,0.5547460598678792
35930398,7,0.6114321522726975
23372291,9,0.4530520753088898
24235241,6,0.3720595619804577
12703842,8,0.49073152303012835
38558221,5,0.445410691007721
18007862,8,0.6373298103007955
35181118,2,0.9788718308737885
11450158,7,0.5327130915519985
38629338,6,0.4927948136602873
11895065,7,0.2341969795449154
29457904,11,0.488112423183636
28206120,5,0.9994198594748644
36647736,7,0.24995098564569876
22862628,1,0.655303713838447
22794533,5,0.6401838751304809
39478510,2,0.33654482425742926
34652915,3,0.5354077760421704
39962416,6,0.41510154356241047
32899621,5,0.2088111980863281
5342698,7,0.1850648565615688
29824217,9,0.2934045055086652
7529287,8,0.4121795991722593
2414917,0,0.23658025160621216
15630710,11,0.6724914887551132
35420427,1,0.6775317458566547
28149853,2,0.8097967017980484
30081982,4,0.21872988832786236
38083670,10,0.2722008769010044
19768957,6,0.3133447807874444
20389291,6,0.39398407870285307
14825899,9,0.4280567292438501
39383122,6,0.5707305343836012
4031288,9,0.30321309148130515
39822733,10,0.45276918363923
35211704,4,0.657657492636703
27657879,10,0.24966621906005093
14712004,8,0.2686373798213505
18708095,9,0.608394888943577
39035233,6,0.47270704400860997
3979962,7,0.40654419519109136
15511400,6,0.4235002802082795
19224527,1,0.5518921095342763
20197045,10,0.46574127471003135
26766587,0,0.8990424684312356
37528183,2,0.5117248671602719
29242055,1,0.5912702480196097
36013063,5,0.7093771837054618
6575599,3,0.6677094251741819
23663343,6,0.9122106863931532
21935641,2,0.4116107133657029
12656611,3,0.27156233605862057
7888900,0,0.5589889236386778
16003682,9,0.7882655133466093
28975275,9,0.544181129822331
1970185,11,0.7578856667465352
9034624,11,0.5340319173367254
33966973,0,0.7691852358997324
36523574,1,0.6744688035426495
33018873,5,0.6230836486138966
31143376,6,0.5327871495709802
32622238,1,0.4212458705024722
20252939,9,0.6252704892360457
35343440,6,0.5987136926158056
5329510,9,0.6683476107729402
17074330,3,0.42233780516963976
19649370,2,0.4914455319610937
12627118,9,0.25418258908635977
15677296,0,0.4416185450537702
14241729,6,0.7740760779133409
12987206,6,0.7135327348212441
6580635,7,0.5636998999027336
17760166,5,0.5488276079273173
22332674,3,0.6094490170970478
32965667,6,0.5852191682168573
34853386,5,0.7210384560641631
28978838,8,0.3229282929137861
12034915,8,0.3832630734485665
22443378,0,0.9999999999823583
2090564,9,0.2975670775896899
29980209,11,0.9413117013605626
17657103,1,0.6589857840352702
21140630,4,0.9417944084333375
2191581,0,0.34930317376364295
36765122,5,0.8052786300696555
30910844,1,0.39692887830140994
10645189,9,0.6132444580465033
34647434,5,0.683785276724491
26451667,8,0.7824910297520246
39749807,5,0.7275097253403046
23069908,0,0.5226912861404687
37600041,4,0.5536730221432447
37287980,5,0.8336128818698288
38459380,6,0.36607893860898355
23039705,3,0.5429205101060933
39703021,7,0.8870561925574283
9882479,0,0.3487250319115447
38108887,1,0.6046303649112156
22750555,6,0.48804034314458655
35000636,0,0.48968393590722903
16708376,9,0.3960135636226238
38498960,4,0.4718191724582628
34001838,1,0.5079195211026132
31077906,5,0.5406239701374161
37541311,10,0.18923076393677993
5621166,9,0.25453752333419954
14536384,9,0.47645564824686343
32678280,11,0.3897041549189662
12650429,9,0.3697872341725274
35942242,6,0.6950350787554492
28428882,9,0.3716839708721613
628903,6,0.6220650947949641
36805833,0,0.22751523512566282
11770793,8,0.28322032573052386
34390498,10,0.386147003779597
19377437,3,0.4157030311064264
29959940,6,0.46112976647779436
39294036,3,0.8398659195007875
32093597,6,0.5423653480869023
4226105,11,0.32858564593251594
14765351,1,0.5573419403724436
1561831,8,0.5225173122139453
37564503,6,0.3454756404347148
36614795,10,0.452739325974886
1924043,4,0.4314508853679619
1024411,9,0.33376980086537056
33350634,3,0.29447233282761626
25508080,7,0.3488850245188381
20524673,7,0.62165449316935
30942126,8,0.32389526677368147
8918026,6,0.606127883638045
16192346,1,0.5149810212339241
33143511,6,0.570142293299334
37229106,4,0.7473731533062805
37570768,2,0.46251841381983627
15269184,5,0.5036606215889992
6402311,6,0.5227715201037288
18608001,1,0.5376237338779745
25612539,7,0.46004762370329405
31145209,6,0.5519166149251541
34007760,9,0.7341239756872172
36841157,6,0.5166398060049444
13257748,8,0.6113997518454515
28777578,8,0.18771997924185688
34056194,9,0.571658531036818
22065495,6,0.30821898327643354
29049865,10,0.9188290408220262
25832205,9,0.6775305272512664
30990389,4,0.8381367346450016
18272572,8,0.5472974275393969
35150338,10,0.5254262139357234
35923911,5,0.8147624945745424
22128769,3,0.678952537690936
26180523,4,0.5712931644184467
28955229,1,0.43190029719540757
29157643,3,0.4821094660039828
72393,6,0.42556229308696564
32073427,6,0.4358871070421236
14816081,11,0.3964232415478374
38194649,10,0.5827813374978659
11387424,11,0.6494461937495895
31080295,8,0.5739739426493852
23174512,3,0.5666555888392034
23574940,2,0.6031629313832424
10279055,6,0.4245803293960458
3239307,6,0.20893829912266607
18412858,9,0.29679063913515286
27557461,8,0.4150366124319655
24967469,11,0.590330287707861
21190179,1,0.9597711183003153
26036983,11,0.5964443246046777
20167183,7,0.41411686234242684
20037607,8,0.6589444869740971
19079560,11,0.5738130695914399
18809524,8,0.6263815589521897
30649847,3,0.3430691426399597
12022082,10,0.6076606298552149
8770481,6,0.5945785426058926
24965540,11,0.7176199379013499
30964330,5,0.343952387102242
23410458,11,0.476733656695313
18360607,6,0.9226958539348262
38366140,0,0.6019052978032875
31075829,4,0.6463859669258225
34710277,3,0.45108012751821386
28224554,3,0.9276017735640201
12656219,9,0.6471126891793364
30954123,9,0.36869564298691987
2199413,7,0.45376675995965726
37795060,0,0.8494535280193386
9440866,3,0.6715615802964888
3592436,6,0.6504021877579834
3165200,6,0.6525398936367012
27132312,10,0.5043812063035349
28743647,6,0.4182700246811
37638046,6,0.36446609503542315
40050999,6,0.40581030419194447
18327010,6,0.5663817533899237
20304453,2,0.3443911580261506
5925385,7,0.7717726812812927
30267686,10,0.43763670727641235
29932251,9,0.521436205306667
10199226,8,0.38958353545538477
3374365,6,0.7218953488292441
19991772,8,0.510438570885961
10613315,7,0.46015306878641093
8204373,7,0.40926961488272573
36377550,5,0.48092951379533533
24214636,3,0.38264942903895083
15352108,6,0.6770629991508386
39133505,8,0.5693850452702894
39130679,4,0.5284702256342946
28521383,9,0.5826464833044905
32918534,6,0.4506527727863743
7970070,0,0.5597527744350695
34205853,4,0.5851520911311281
28868944,11,0.451251346077331
33543475,11,0.5498530359324448
7799650,6,0.5016282979792361
30071618,5,0.3749798589028599
20968257,6,0.9437323848660397
36734463,9,0.6726546759941195
32262496,5,0.44944729577007425
19525996,9,0.5132384612635156
22486738,8,0.8315262372797386
39059337,11,0.5508877442757725
28086895,3,0.4454224173946103
20414256,7,0.5684107850500429
32789062,6,0.8296240495270366
5063699,0,0.4750654655702256
32016991,1,0.22587307156297354
4960166,1,0.7840435093874821
27054550,7,0.28608469122950686
12763711,11,0.3163786892818413
7477162,6,0.5434523375555208
6754487,8,0.5070034104208428
27839157,7,0.3104445570952317
17529670,8,0.46887509735916943
37800958,5,0.40424205539560243
32696774,7,0.6659809872249695
35088343,4,0.7912503510036043
16608119,9,0.5217901053143472
20751989,4,0.3172606458360777
20262673,4,0.32913501761364494
14145008,1,0.592050345002101
32604887,3,0.41493062706988204
2694442,4,0.33459409297392106
18859705,8,0.47512923719905575
5426908,5,0.6106511183419003
14645466,3,0.8916010722966826
26998204,5,0.7904110018956243
18858348,6,0.5498505381007869
25690943,7,0.4169700965452871
1661210,3,0.315298917332812
34509830,1,0.40600688192424994
3711184,9,0.2943130825180643
33946384,6,0.29434805145449716
8291778,8,0.44482004907688405
30291625,0,0.8302637280959826
27450854,10,0.5409905230280572
5176968,5,0.8782625774910744
17537563,6,0.713654757436111
6775521,8,0.32676093564335873
25412954,5,0.4940989951573818
28813309,9,0.7062828412088309
34364891,11,0.5382777169787224
33294625,9,0.30522937650375565
33582315,9,0.3999109149076874
11605009,0,0.6213753972749003
38308071,3,0.8796040698111875
31105606,6,0.3958526732469742
16113500,6,0.3132242995391484
38145532,4,0.44802221543034787
27997887,7,0.46247371077104604
9658459,10,0.5031963043934222
8934156,5,0.701791785716485
3597610,5,0.29327659394535666
25590456,10,0.22662011777904062
17283194,6,0.6053499239035447
15135323,4,0.6189105157496537
21587916,9,0.35928968759610325
13055718,11,0.35171000398690666
29325734,5,0.5796887043684944
21384887,7,0.27261244026007175
5509902,9,0.3528100137281589
9465047,3,0.5654470194529868
15980461,7,0.6999836923237535
21433070,0,0.6133413376882084
40044040,7,0.5351774514301608
39809487,1,0.49876330883580633
28043820,1,0.7499648513465175
12037818,9,0.4043684826976867
29134954,6,0.7045248638103415
31452968,6,0.4786301154861967
17817034,11,0.46435790750810857
35989644,8,0.49208294802237806
11353934,8,0.44682448550906134
35863822,7,0.25734333420197064
24243597,4,0.6014917426101132
37083836,4,0.4377137143442639
21894815,11,0.38309424457454716
37449475,1,0.2893499570240001
3575165,6,0.507291639958739
26488444,7,0.3353146262971416
27733707,8,0.36498388217106825
23817491,6,0.5731824906558546
32341368,6,0.5988806468621589
21097355,2,0.4458295003016122
5244485,3,0.5713495417911151
8661783,3,0.4614035198915789
19462148,8,0.44610549208138783
4664438,6,0.7145531358292425
32820466,4,0.7658632285987392
15050474,9,0.36836459477756917
37854256,5,0.3683390809912397
19280325,7,0.599880630247781
37215551,2,0.5084325734981071
4830368,10,0.30183034657448327
15422858,6,0.27922366458932996
37906757,7,0.453998197353878
10908877,3,0.2792655067069281
35784926,2,0.842449018665005
27757279,1,0.4707227938830257
19010990,5,0.4577631518165522
3887381,8,0.5757939495572699
4986906,0,0.6143586190176977
31910741,4,0.32640622554599713
17115271,9,0.48789453991774095
26314316,6,0.702864798786514
6047243,5,0.5272654497897202
24621860,10,0.6672171981764665
26232864,2,0.3266477218854379
36122176,6,0.359424901546715
20718469,2,0.4168522444735987
21383960,11,0.29110548553347637
23262455,6,0.47588414160360076
11020636,7,0.37494743696497507
32444889,7,0.718939043964721
8479736,7,0.6125777581552483
19505454,5,0.5656390943915147
38672963,9,0.7044866495011451
32753449,5,0.9483999251225604
29332501,5,0.5470315111572027
34145893,7,0.4505757086042227
22178520,0,0.6682372875237945
2351694,6,0.2906818167043639
15368582,1,0.6590082812661037
36182950,9,0.619125248712806
37626866,9,0.42247787761262445
21948149,9,0.8791125474407784
35816195,6,0.47594385382398935
32698099,8,0.45794094438057686
13521655,11,0.45496474865259867
30510715,6,0.4505215678530882
3500799,6,0.6944451991895499
23878445,10,0.6868710704812929
18009266,11,0.5843731235614533
26018362,1,0.5024975691365491
16266651,8,0.6807800657305337
6024003,9,0.4529610691838296
23707530,1,0.4366860216731864
2431276,11,0.2743209713975305
25152882,9,0.4113979793547507
24104406,11,0.3887091021426662
39216942,2,0.9148400310127224
10555587,2,0.8091879811826188
39187519,5,0.6367182410800608
13500897,9,0.5046039879769328
36011333,11,0.6534624057746032
36113242,3,0.590099247349627
38522513,4,0.5608145003337319
23456641,9,0.7506654396947317
37391575,6,0.31584016571196877
25879794,4,0.48308486895104635
14254386,6,0.8587304845218384
27552026,11,0.4180056506580125
39282464,3,0.4824546152164807
23695305,6,0.7517587590962077
17187281,6,0.4696527551353266
22496015,11,0.7519985484896964
19470099,10,0.3468133586704669
20456189,0,0.5011223048008481
31975921,8,0.21908810842872997
21790304,9,0.31454626372447936
32854733,6,0.3096073728199856
38008453,6,0.5351543880668488
23502867,3,0.34197971613178657
25340108,4,0.5863618046088084
10502492,3,0.7727455395084162
39311702,7,0.7851282182988064
36159202,1,0.7911723489400849
7050888,9,0.48012122424014425
6351028,7,0.2970243151524846
31156211,11,0.9444772755010659
10618955,9,0.35814777045115076
37841222,9,0.5284080699072459
11636079,8,0.4741592159917365
23599480,9,0.2650869995558688
28877613,6,0.30839205340373455
36205245,10,0.29695346748552987
32451506,7,0.4556582218547151
33922929,10,0.6674191410236581
16888409,0,0.3364643042693801
12827969,5,0.5410877698041681
5158766,9,0.3716602901989705
29680083,6,0.6246408532958436
7518376,10,0.6378589341725162
8158647,5,0.8007562740509336
638048,0,0.999999999979965
37737480,4,0.5295128266258221
22585880,6,0.3634814884835286
4436401,8,0.3774912949116866
32991392,8,0.47865782452158673
2199552,7,0.4104291549640654
6587858,3,0.5495472941840234
20082060,5,0.5299447052450489
28051536,4,0.5013410828608953
19412912,10,0.5714765143987096
18135259,8,0.7888725648776566
14810060,1,0.31546438392810205
13280017,9,0.7259497843018107
10960477,8,0.9203811675846806
23089943,1,0.4227367859582236
34889668,9,0.6023295220153612
15449371,7,0.4082738636478907
36748829,9,0.3609513706295132
1544948,5,0.48890878057469833
28315997,9,0.45222303137218095
35072533,3,0.30679163389489345
7456050,10,0.32536927377467745
7319076,1,0.47247320594681363
16422171,6,0.3665536503598826
2587530,8,0.6103460513200171
38432799,6,0.5068175318293332
1398606,2,0.629311925808344
33973476,6,0.6544962703655504
29056092,3,0.5676521334299767
19352888,9,0.5389547352285362
14969969,11,0.57723033889851
38293639,6,0.4705515294620692
32434112,0,0.43923835628192337
8885227,6,0.6049128523869436
37747518,6,0.5523771299516212
17732695,7,0.5466281818163149
7391871,0,0.3489673378725958
39673658,11,0.45266911769815366
37323621,9,0.7472089273418436
31093989,5,0.6525176422579716
34615743,6,0.3058160203374352
12652695,11,0.42889923208889974
29987461,7,0.28063110990594775
29597667,8,0.3115371337643453
13127962,6,0.6792652575983356
13887537,9,0.6529535283296767
3826236,9,0.7222308740941625
12143097,6,0.4684923247457265
38788319,9,0.33572177790744445
39508633,11,0.3498502586556865
33811662,9,0.49274608710677054
3238673,3,0.6603085547692259
20361444,10,0.600891208840958
4719836,6,0.48475222745221974
36515344,6,0.3228633853597939
19712840,3,0.552989734782877
15959411,5,0.5232426628518676
2643953,1,0.5198786891410645
33778099,3,0.8492183366882172
13947939,2,0.6769595529041817
37958897,0,0.3861550806744557
19975307,10,0.5964763772785052
32292848,1,0.7832056566204739
24218103,5,0.4059237580700842
14439477,6,0.25770829745274093
34032166,10,0.8496218500087186
34167537,5,0.3587697227402664
33963288,11,0.9615599035176907
25493591,9,0.6457576484569265
9814632,1,0.3745124537873065
27043599,3,0.8147979406142897
14368205,11,0.26162527981422007
12163158,5,0.28706018248532733
30238070,6,0.6890392030215048
36270821,7,0.6925425092674748
29359875,10,0.7243263431524868
35831241,7,0.5243286341583497
14986693,5,0.6016513321371841
17749090,0,0.42739691130164276
8085422,11,0.4950051009258808
35796965,0,0.9884762491045885
30765606,1,0.44215019904001557
19405754,2,0.38114129439429134
23322674,2,0.36526836087922193
15335052,0,0.4748783413734068
23762674,9,0.3612966043102414
26460619,2,0.44179132949675026
20524567,5,0.7269488276854492
38465891,7,0.4436342863566092
25177500,11,0.7806191431914078
26943894,2,0.3925486056154578
16683549,1,0.27920772161277946
13767359,2,0.9946915163743502
5783417,7,0.3502685466964645
13771674,3,0.5673361455054817
5446372,10,0.3647304773927763
34597102,6,0.43441895643384454
25583869,6,0.7452770208228209
30419756,1,0.5767696439456376
35240557,5,0.5663663913927388
31179171,8,0.43408083318590135
25490416,0,0.2818780469973226
21408407,7,0.3106175714374194
38743262,1,0.5994996552082672
30065323,9,0.2771196149387687
20207328,6,0.44819083464511905
27815829,1,0.4046892117182635
33902095,0,0.7415690824256962
20861546,1,0.7977480088232933
38056305,0,0.7267795844600722
11155367,3,0.2405681387140381
33189458,1,0.5016552190598551
6497882,2,0.5147054866052071
12157283,11,0.7463079131196634
31237651,1,0.8432672887295166
29708135,8,0.40026052165098835
40012445,8,0.5881370622579696
14852948,7,0.4368897241327209
4832868,8,0.3527097147764541
25250684,3,0.5604319357604175
8119308,1,0.51618840200912
12842717,5,0.5306633358000301
19407325,9,0.7610805679133263
10888969,10,0.5247003747943902
32411915,0,0.9075670230033309
9557004,9,0.5870444445414205
36515900,9,0.617556840169848
24718439,3,0.5406007008120287
36310558,7,0.45061707950934515
15597738,1,0.38768967589895353
28805501,9,0.5902171000316444
34955796,9,0.7031743023053868
9150473,6,0.8809240965297074
5338228,6,0.42923424119146103
2295461,0,0.4723320393789827
24683429,6,0.38070026934120227
3479982,2,0.3250456251737941
37640912,7,0.6410309269394254
11020257,9,0.2628467830581713
27047367,3,0.6279450942835815
1629611,9,0.3593724239225971
6321863,1,0.5881742001670931
25338817,8,0.30000595139301145
36026740,5,0.32662329305206256
27532746,9,0.3624452790813946
27899922,0,0.4231187696974716
20750051,0,0.5016183005639301
17008731,0,0.8769650022786124
38964323,10,0.4390141024827426
36021430,10,0.5252567936247505
18972699,1,0.6831498163292683
31797432,5,0.34335281408049173
17154417,10,0.27514288823649163
33690119,8,0.33433127788873995
11369842,11,0.3613061106136496
6210024,3,0.35469331626731815
28336157,6,0.639599708130203
39624170,3,0.5845358329238584
11583043,6,0.3273031185304446
4440231,9,0.336537683725054
34637145,0,0.3294822995682848
15383666,8,0.3898197172755519
16425910,6,0.2850274343654836
39965711,6,0.6179809995396104
33977121,9,0.46211331066117844
10035446,5,0.6255276608298959
29842702,0,0.565881050891797
35148708,8,0.31649985810715664
24629130,8,0.5266849275694753
25040177,9,0.9757324394509451
38775464,3,0.5838421603265215
21861662,7,0.30847238263013893
6189398,6,0.4880238940237267
27301853,11,0.33839721115110805
27355478,2,0.7996513797362379
1116725,6,0.28548199734730534
4940282,7,0.8136674172735506
26911973,5,0.4888645642640322
18791754,9,0.34241404056565744
16982453,4,0.6093325804033373
24326772,10,0.40804907017362513
7434095,0,0.8131772593390298
35658841,2,0.5498342709193619
23838056,6,0.3998453355095899
33631577,5,0.3475278175688096
35276916,11,0.5622823304576472
37590955,1,0.7702332454413516
37053186,4,0.9221912774046598
33474853,6,0.4185231963979354
37616990,11,0.37765442288765855
24652995,2,0.8338516974358526
30178808,4,0.39277160902129743
23992679,6,0.5266892831760365
7309256,7,0.3415614453791234
31641894,7,0.3131186740063354
34106425,6,0.5162793246673407
21030187,6,0.5146878675553096
16556481,3,0.6246062864449873
20538318,7,0.35797529725161265
34688235,0,0.4922954320001014
10061093,6,0.3490845126943014
13654168,9,0.5124968655056295
11882691,3,0.34577000559091686
17406201,6,0.29405641768658525
20035132,10,0.4096249900639103
14589234,8,0.36127848751411484
30856656,6,0.4410902012910703
27937915,0,0.41310888961423603
30499545,10,0.5275022533627556
15213926,11,0.19874321824661367
39577365,1,0.634778992087007
26721353,4,0.8620259676980564
11300979,7,0.4099775174682996
7923548,6,0.79539875027482
25733471,3,0.5070375990368936
7321241,2,0.7165610602200038
39513353,4,0.23897514927754543
3349048,6,0.6539405669819265
5442825,6,0.24099009763552723
33837277,6,0.34445735178743475
7062094,6,0.4766037869751793
16989961,6,0.2813858147772145
38208555,5,0.7547410648784062
25319970,10,0.25853699535755664
39894476,6,0.7158052162754178
22196711,3,0.39629763733467
826493,9,0.3963481626453356
37986329,2,0.6943736315139295
32057007,5,0.6001905920600356
15070063,6,0.7956419916403011
38246928,6,0.350958444791293
35459065,5,0.6356307390309764
37858998,6,0.4754880752678712
13798132,6,0.42727245558714316
12565500,8,0.42357425866946985
27426764,8,0.5765687266924301
27901254,7,0.7275915069733525
20287019,10,0.5872579671458725
632958,8,0.4955910654724145
5601909,0,0.2734314205985149
11845569,3,0.853368886190007
5388576,9,0.3234805324196784
38538608,1,0.8870414232216288
27664571,1,0.6582520795752037
33992360,6,0.4745383868123072
12268029,7,0.3001664259905143
12943081,6,0.5447542366852839
35310343,0,0.24375849553755677
19509059,9,0.3593419166036289
34408734,6,0.8283176910278146
36047722,11,0.7709503575512757
28045487,6,0.6033355159981777
21027042,8,0.43256515819026076
38620124,0,0.36107744234932587
38447503,8,0.328601539910264
29633134,8,0.43048080696940944
7141414,6,0.3281810190055321
20365585,2,0.741835655739266
3611139,4,0.6125895495127999
25498035,8,0.3651241166816065
6387819,5,0.5036787557200302
37651525,11,0.5331896357058366
27607108,6,0.2904421409971666
31594090,7,0.5002336007944583
14483227,2,0.8399426611399777
34224896,3,0.9347060246375964
16048238,9,0.2119451084524212
38515921,11,0.5498938127521809
4219868,9,0.6175820880239985
970545,6,0.28589066542471203
34613953,8,0.6055067637366693
18413963,8,0.38482707772149843
17605897,11,0.37591224726816025
36004553,9,0.32219985694549297
24604507,6,0.8057120967505268
20254401,6,0.6001759463122621
36894675,8,0.6616004107259281
25263934,7,0.7989857130142617
17354955,10,0.6972594323834939
29679743,5,0.5687283584069198
23807156,3,0.7296872954588765
7987196,2,0.8278614578795399
17499369,11,0.5113558080287464
13510193,1,0.32998140556816324
22897534,3,0.2797208316059868
31833460,7,0.4667576998996655
34179604,1,0.5463860741570398
33789989,3,0.4848542547049671
24861673,8,0.6123141033034498
35289476,4,0.5577455803310204
15719481,1,0.4623437009892148
32457971,8,0.5721787746922603
5056475,6,0.5315221078619057
20348801,4,0.2562646692425143
1393075,6,0.6219851958325527
37792901,4,0.8406684796695832
25566799,6,0.5870583556640205
11314940,6,0.3791066649099693
30030043,9,0.31864801189112907
33844777,5,0.4296441725019728
22580781,1,0.3326958866821182
28750063,0,0.7065072210643888
4084385,3,0.6393073029032346
12806501,0,0.8332060369458443
19888588,9,0.9152413854216713
35927236,0,0.710477387075947
6494102,5,0.5756203350835511
29441243,4,0.8517699951926998
34323265,7,0.3685719820127453
3534508,6,0.6020373180190559
30928431,6,0.34961576086615676
12815874,0,0.2843642899921258
23407618,0,0.39226579797319316
24379275,6,0.42184023431233975
33015816,8,0.5560441462412398
29978740,5,0.7728641991626767
31103817,11,0.4183623486914874
6141154,3,0.4400052225044423
36393253,5,0.5897332732161198
35752495,11,0.5111712267288752
32568784,8,0.2619115519184375
35924565,6,0.5479757554557266
34425876,7,0.3100403079923887
39225244,9,0.4708978713285302
15435483,9,0.7750897732900979
8299303,6,0.3821706435508724
17887594,9,0.8531417154890921
7628187,7,0.5250934790019995
17356617,6,0.3712058703234122
11385829,2,0.36486606827739443
38723788,6,0.5476489341799061
33283249,8,0.5728334838046057
36776318,4,0.5003011193684832
21984674,9,0.31927516718993443
33641901,0,0.3987783355549813
31597474,5,0.5367892190208357
27685562,9,0.2277947547942114
32300716,1,0.4194462084531203
9036013,6,0.31871688002441106
20756935,9,0.3067622993812915
36795675,5,0.6619550682530085
13798536,9,0.47856443903574847
27159332,6,0.37979178284538817
11742638,8,0.2598123727616463
8640809,2,0.6894030031211571
13887458,0,0.3534942720335987
39476633,7,0.661879622925642
17537041,4,0.5515580491454131
26924110,0,0.4812267354084684
8599937,8,0.4449454000267831
28315005,1,0.36654978753171846
14794303,9,0.4518441606114664
38554972,6,0.6580089326831842
5099012,11,0.2433256171336277
39985143,6,0.4251114491730409
30456958,11,0.3536737823333191
35820780,6,0.309520022778317
14627334,7,0.5703264538879906
37590475,5,0.3287816913763051
15703520,0,0.9005620107642351
33905944,4,0.5657989237868779
21585807,4,0.2297700180630419
38114956,8,0.5269466543362883
33607241,3,0.5983533498306164
18092380,8,0.47554544811490235
21551718,11,0.958238519254089
22593037,0,0.5463841083072254
12326504,11,0.459050906582929
35226797,0,0.5321881589196574
24943742,1,0.40656941663419294
6142475,7,0.4072351895054286
21240653,1,0.6673265748545893
9421345,11,0.5857221597597535
32875080,9,0.4935230149244582
11604983,9,0.5655949624422637
33879523,8,0.5385630397043482
10712886,8,0.5410861971980723
30236643,3,0.3832328748643024
1573671,4,0.349713592831907
9233461,6,0.8198054159617868
26315179,6,0.5069361686392159
20319554,1,0.37060847458885693
17223964,8,0.3672201315882518
28997078,3,0.7260973248187266
30650763,3,0.49874869291069435
7155930,8,0.684398130322869
30315273,11,0.8904061179830113
39220215,9,0.5517978470968952
9417163,6,0.9180395303462857
17779540,10,0.7522887566318993
36235391,9,0.5586528058499837
33449890,9,0.25107531050640225
2859667,6,0.29495884951546397
7633274,0,0.5714091254815873
11000742,1,0.5537212444012752
39543876,10,0.4288833297195428
20996892,5,0.6113952763803892
33380554,6,0.49280700962704693
25100113,0,0.7078641411173685
33282658,6,0.6065136305301402
35780264,5,0.3868474656323772
13915122,9,0.5264141229667461
30274866,10,0.3542258852119134
28067574,5,0.48236193415318585
27000466,9,0.4658662032736522
13814569,10,0.3993555666281675
12941091,8,0.6235224520435957
15315536,6,0.39422807605413135
24313513,6,0.5286570596654518
18070843,6,0.47399823079218734
38576969,4,0.6625826368507683
1450957,0,0.3311020917497543
26320638,4,0.781289227086378
31569549,4,0.7995415226626573
28732523,9,0.21439312235691807
10279850,11,0.34991937702703474
31684163,6,0.25310955365217497
38218274,1,0.4533067947753364
27447363,11,0.3536546391025471
6559656,8,0.38899710727307574
16350367,6,0.3778602974528249
35441590,2,0.41875336169641225
16758617,9,0.5144982026107563
37008252,0,0.44686475872181525
36517311,4,0.7983074502781067
20069146,6,0.5071300219310083
33810776,8,0.7095962310449768
32000147,2,0.5330425921579746
18515926,8,0.32896936906948204
12921788,6,0.5237531833330745
20785802,0,0.21575185563312108
40040564,10,0.2511624097092673
25545726,10,0.6294002812112675
10959864,1,0.5856643751360311
33269392,8,0.47290656679777643
13390401,9,0.39915754960773414
34045572,4,0.80352497380944
39011192,4,0.5083596418944506
39865207,11,0.28564868228020207
13824642,0,0.30270943539862505
32301565,5,0.7717019793587306
10725891,6,0.36970105976823886
4447426,1,0.416312162647322
19701094,5,0.8862873319505712
32925612,8,0.4605280835030482
34516691,6,0.28693334551527977
30436194,11,0.1887043939368919
10003866,1,0.49052608625345356
24437146,11,0.338230815342466
19819954,1,0.48654740245003086
33206594,10,0.3461482130484088
3993793,0,0.5668539709070678
27793297,7,0.7035250984196919
16762879,6,0.3646433117981198
38620745,9,0.7706724742952017
2572564,0,0.3863563534006369
6792395,5,0.7151135063088867
9830176,11,0.45476582527815096
10741922,9,0.27810499445081927
36670664,10,0.47130941840168283
13760232,9,0.5274748965497579
39740155,9,0.7473765027901748
13168943,5,0.5298448118875175
34071476,4,0.4762247327404351
19191043,0,0.6106200473415518
30987521,3,0.316979345776718
38391649,6,0.3644707204828314
29595029,9,0.6926310631537632
2354696,6,0.31216392786528696
38941806,11,0.25416136009807794
39978085,8,0.6626351122336679
31985771,11,0.5303437560257545
7606582,3,0.6913497649004653
38755425,8,0.45298669213482545
38012915,1,0.8016333848562945
24032332,1,0.4551552552477787
4576622,2,0.6595978977615755
26616168,11,0.39317921208848305
15770537,3,0.5365098470935453
10428871,8,0.34112758139230526
12836517,11,0.5120207104471451
17603502,8,0.5255685844389048
13444053,5,0.23856553266642005
8070065,11,0.34439308507734673
22254576,6,0.22584583566194397
18271959,9,0.44024560722930506
33770711,0,0.9516792147775707
5978426,6,0.5778661651734511
25766460,8,0.480018273792242
27669376,6,0.3616052489405451
9953268,0,0.9504849256715947
26597886,10,0.8052618142817872
9162999,1,0.7627638708896536
12234211,0,0.5435916617385435
10763182,7,0.2339329224289481
32895858,3,0.48101817661634794
19743167,9,0.8176643818181717
1652304,1,0.45647206930243905
37311984,4,0.32406226123205745
37538737,6,0.3899497089266772
35248039,1,0.6488227030036229
28996477,4,0.5415465676020527
39508956,0,0.7047495017502292
19063238,9,0.6294876217719011
25422485,7,0.3543714055261613
14467043,3,0.47169247561728767
17691111,9,0.44982057524505564
35669642,10,0.32853454270381927
3444391,9,0.4372881579163828
32620907,3,0.3026351236874898
20865487,4,0.4847229951781779
22810373,8,0.4512284651952622
27063962,4,0.9906291268729283
8494988,7,0.3831979629347147
16684346,4,0.6156780539160444
34130806,7,0.5808476398713399
36878195,5,0.8533074758950067
37473219,0,0.3055047604684354
20514513,3,0.468282689390411
26170659,1,0.6931902812483638
29997576,11,0.7312962453942918
2278662,1,0.36567740678062527
10111428,6,0.9486209955036928
19475729,5,0.4027354037536012
38067726,4,0.9897713466310879
2169623,0,0.8235635310196839
34402349,8,0.7748388983108092
28955568,0,0.9835808450793294
30637946,3,0.8673561817839558
38543952,4,0.7191548860893986
19122118,6,0.2760022751142909
10918944,8,0.7475361260171702
20435604,5,0.42704105866120723
36200516,6,0.3027457436919811
35516376,9,0.41175064832037606
13343384,2,0.35981661056722375
17930878,8,0.5904653008953878
14945019,9,0.24330185686097397
35871996,10,0.39981967406714025
28108851,1,0.4107944168670209
27857475,4,0.9401276710348868
155029,6,0.5374784334605024
10212929,2,0.22435636437260684
1309355,4,0.43529835235972764
4413595,4,0.30530840664885917
37320035,2,0.6862714954287491
13575703,6,0.9656506777283568
25799693,6,0.39687797351182935
39238942,9,0.2363385040814879
12326370,1,0.6303553898802011
26064684,9,0.6995096558548145
6296831,0,0.39296107561646276
19019506,8,0.3961657264654679
38171222,10,0.5633682453043422
19554819,1,0.40017364307844683
37202501,4,0.6231304276225275
28309248,6,0.2479180411642415
31716122,6,0.44870096726654507
32948606,7,0.3362909905145111
39668988,9,0.31040145052402124
21917652,10,0.8162204231034497
21537191,6,0.5280900235754441
14101633,0,0.7403463694379351
8964005,8,0.3870039758026381
23044171,3,0.342607213164841
30547820,1,0.43934796482498
38085468,11,0.8254179981821197
19622656,0,0.48529850763438853
12715198,9,0.3645297650866767
29623171,4,0.8622528658931705
14666138,3,0.4387633509177902
11937746,6,0.5625983586823043
8445822,0,0.43026605304218757
35216025,9,0.43422558001434186
25044388,7,0.45789383615321033
19683145,11,0.34994014009085805
29564737,1,0.6383634097656231
39231900,7,0.37835017501310597
19438383,0,0.631003025566487
11974531,9,0.6993341607762159
31642416,7,0.8442786790385706
9018308,9,0.369230527536906
25537619,3,0.4081990135986479
32425030,3,0.4692431806373313
24357517,3,0.267906465800044
28507958,6,0.3826525127366981
7396073,9,0.46855578792219443
40050761,9,0.35518304783385046
6778840,7,0.48404871680518397
20274536,7,0.18415343918899707
1727429,6,0.6862899845548808
29244352,5,0.8175726274501661
33615414,3,0.2813924146771777
4350016,6,0.35568037269824054
36011271,10,0.2911241008069177
38174824,6,0.6793685536269868
33261743,7,0.40992640039817957
23707409,9,0.693637047852463
39882822,3,0.5393080495188988
26779387,0,0.8853701999823378
34948918,1,0.7587946901769462
39103546,6,0.9221002041109155
20155965,9,0.607698290581474
34500132,6,0.4631929155044003
32422778,3,0.8203684818806786
26299889,7,0.5379161235420465
18312106,6,0.6624650252363564
25756915,11,0.9819042768523352
10952507,6,0.5274351315010409
36594100,3,0.49361120466645475
23316425,6,0.6879067045805509
22217875,7,0.29480659530802694
39020746,8,0.5105225397534895
10175519,7,0.3189852866011907
15606138,0,0.9845792665365138
36985344,3,0.20441979743882668
37648930,1,0.7773009801504959
16686387,7,0.38326584452003903
7643579,10,0.4994131679845418
31750599,7,0.45584184520147686
7139764,7,0.6100919154903468
31133278,5,0.38231473099225793
2512538,7,0.30235986781039964
8904083,11,0.7147095884952195
39171087,0,0.9665622884792391
18097439,7,0.5747452285948738
26968854,1,0.3753143652106208
27999037,0,0.3637626802860386
30853438,11,0.33571008970537813
731759,6,0.37425727167599926
39787204,5,0.5003470637049432
39660927,3,0.4006618968029457
31796460,6,0.38296546752690863
8700920,9,0.4845305237985735
21100117,8,0.6061802299099092
34971788,2,0.4384454843857955
32645291,0,0.39761069276672373
19211116,9,0.37153772774732907
29965211,11,0.7519839003521933
37210655,6,0.2497259719309085
30056331,0,0.796819222417054
23434842,6,0.867028839142998
23460997,6,0.5691177440580422
19114411,3,0.3133646600212923
30094091,9,0.5859836965035842
11975020,0,0.4449827512022857
31818448,5,0.7873981946160326
32314215,4,0.8651922671706673
22148917,6,0.6588312448410484
13336623,0,0.5017880869472443
19765469,9,0.43693231312108377
9563666,2,0.46692612588739363
16682672,5,0.5317180249386015
30298426,3,0.5298157481939446
33844987,7,0.28457079828768655
36808290,8,0.582010523162157
26907349,3,0.2523399318490536
11224554,4,0.335266741699283
32923169,9,0.5017742731605532
3804149,0,0.38463289478034
1417665,7,0.5863088023505502
34946454,2,0.811301213025073
34003592,6,0.6075283313500227
14892543,3,0.4591726494453955
13069634,6,0.6244587062587688
11617816,10,0.7233407416204688
28508699,0,0.44855150293022694
38432468,1,0.4192327975456056
36425389,6,0.5126290617037197
31548712,3,0.8131103488754566
8202417,7,0.8478547750336561
1052931,6,0.5018189463743996
27481427,8,0.5316099934999381
36470440,5,0.9987531591805994
36247997,6,0.4072350644108962
11025197,7,0.5538534288374386
11329538,9,0.6134646185036384
6800861,9,0.33932863927618073
28518369,0,0.42802246926003534
14261053,8,0.34488053676019254
1630427,2,0.5298192001075251
37422665,1,0.7539920831437112
34929761,2,0.5538711511001196
11856219,6,0.5424929605397776
23455734,0,0.6563635660167473
18794457,11,0.31541739520559986
24426200,5,0.6208966034662694
35080428,0,0.22234498570359854
6947065,6,0.7722425819325692
9963155,6,0.32130107371760974
33773661,2,0.2828238324390272
29708501,6,0.46080919119581193
14879960,3,0.6118127061264109
25349178,10,0.29289594647115597
3851224,7,0.4901804152887953
26579036,5,0.49587525119374437
5439407,9,0.4203418536932055
27714981,3,0.39686650758100334
32553545,6,0.4929066994453148
24040640,8,0.6009821723460382
33938488,0,0.6955884042015437
20581017,11,0.6249927926489184
30511600,2,0.461501292089207
19080943,9,0.5431124092962991
21707337,10,0.5888203655024312
23079554,6,0.4204609235548071
39961362,8,0.4658742190709567
14538283,9,0.6538169311916605
29882722,8,0.6751915873313072
17069303,1,0.48543753367799064
34602356,4,0.7019737447039089
35495530,6,0.8807731514273542
15228500,8,0.4529915668527282
34841673,6,0.7303719082253906
35981489,9,0.3784823025982826
12224001,11,0.31256133237149253
27676954,10,0.35410488928351286
18066521,9,0.4737046160374891
24367790,7,0.37080046101458897
24659006,8,0.6771064759282713
1517259,6,0.5932194783753287
28364083,9,0.5477193547101546
8046064,0,0.3296681039791941
26819637,10,0.6529952409797035
14714528,8,0.4411048884045037
22310142,10,0.2857225053270929
14369313,2,0.32172141911163016
26601746,6,0.4541048950855836
38463570,4,0.7829734468222913
8968801,7,0.5195520436651504
11244514,10,0.4330013322151168
36469680,8,0.40156963895025655
32172957,7,0.5246397209017234
33849089,0,0.5640808914993428
37923506,1,0.6121190386404343
25373054,3,0.8160230723322874
2388423,6,0.5901304899307637
12836125,10,0.6579668157208921
36918588,3,0.6603892679641068
23535767,3,0.7336773673923589
2908895,2,0.572454017759305
28764355,10,0.6593107509090316
29821308,9,0.49094719254755115
5215593,11,0.4442015814901534
15705491,10,0.8602644335132064
11450886,10,0.6126235657564865
27804729,4,0.5638316706777086
30293881,5,0.36407819191212537
16450683,7,0.29057885133546196
10540314,8,0.46208450712635707
7267977,11,0.5083760781685672
36807405,2,0.6822402916655541
39921273,2,0.4978484279846243
20249406,7,0.9293964272670246
4548082,11,0.2879921816573048
30603349,5,0.4322984825308184
26980743,7,0.29817824803257914
25950957,6,0.6611417119209131
29655219,10,0.8278788853416729
14970351,8,0.48396396569265265
3600948,6,0.48635785851455127
34951134,3,0.31772982565355506
34002426,9,0.7298128858379264
30706429,6,0.43352071381727797
25320518,5,0.4957445000548627
22920436,8,0.23544754247269606
33248866,0,0.9999999999783141
15450022,4,0.5649569205053829
32983622,8,0.7207043590410621
38937776,9,0.6617911965784052
17832362,11,0.6867446334160532
30702519,6,0.75509071958596
28976106,5,0.747877846925885
32131927,0,0.20612261651984373
15299822,10,0.5303496502001247
33683188,1,0.5665705577691343
33454712,9,0.5661302865950466
35992398,5,0.47700089148062647
26745617,6,0.4004782862633505
31888222,8,0.3323524650066716
39711473,11,0.5594638324243959
30533983,2,0.3946720479340358
13794971,6,0.4235362420779125
33080210,8,0.3303016303544929
29753876,6,0.3267228484615478
10112515,1,0.318471595926607
39970288,0,0.3023411604631865
26937341,3,0.5693164535773847
32749399,8,0.3331529754115532
14363707,10,0.34350652426582673
37183549,9,0.5809714992928185
28943816,10,0.8210152942132333
38876805,7,0.6752987670580174
35342803,1,0.3131462731556743
39949041,6,0.5911433666343897
7086368,9,0.4244656072937525
2535037,3,0.6725471146667754
38894576,2,0.3386983530435306
3723337,3,0.560767029027815
27113978,4,0.4571897978429162
38050849,9,0.5098395979154835
34643463,11,0.37194103418598423
22618262,4,0.6736952137793287
38542543,3,0.44841520425867876
30643137,9,0.5057424784965007
22799096,6,0.6191246492287601
31772663,8,0.42277687288611254
2914585,6,0.7089428728907069
28853558,6,0.635419731162631
39901053,6,0.40016177488979077
29889146,11,0.8005196711023942
26675498,0,0.4651469927749054
25917335,7,0.3213104736993116
31908982,5,0.7115692009356434
35999759,1,0.35880365213306187
7478366,11,0.46585843439866625
28612776,9,0.4487861601422697
25714549,4,0.4760705347205204
28988627,4,0.7091836758235409
35957073,9,0.3706310217149814
8254860,6,0.5362149104436388
32814816,5,0.41946923864702895
32751512,4,0.8281649643990637
31861196,3,0.8133383261604225
15892100,9,0.5219518133692682
38579049,7,0.2824937268310485
21105317,0,0.3537601392008354
34619752,1,0.5836907350143812
33145856,6,0.7031388828765861
37528922,2,0.6570895799532813
34459465,6,0.733330544742503
14441080,3,0.5458203244028659
27270547,9,0.4022741051995913
29768601,6,0.5799922720397389
18674064,4,0.9825414565093485
30938780,6,0.5273050723903379
36987317,4,0.8563910248160979
28903915,3,0.3698153023921984
37901832,9,0.4839629883054534
37248298,7,0.623491389868268
25311417,6,0.43468993822981405
6578258,6,0.5366107554372292
21211930,0,0.2989428947993683
15862761,1,0.858032009757978
27843255,9,0.6524247657230366
31284719,10,0.8322717314078969
27201219,6,0.4965746535427807
29438730,8,0.31807528185188594
29972894,4,0.6197918207407321
2376798,6,0.6061417266063338
26290994,9,0.37748919035893574
22753160,10,0.3840503605663813
37198517,1,0.507497698864881
13658287,0,0.49507069855174135
37223638,9,0.6322597830176894
4340322,9,0.8297433269704472
30832798,6,0.4776211700891976
1735722,3,0.4210430861822783
38131886,7,0.6249106971002861
33561376,11,0.5946960604018532
1451349,6,0.5252041357126271
37946342,0,0.5818046860199545
28303711,9,0.4589103055183334
11079644,11,0.47167415427676396
30983447,6,0.26987144852068273
38032855,1,0.5720004871488835
29480554,5,0.5784375721043328
24212952,2,0.44720558979238384
11300745,10,0.8084254783072569
37892301,8,0.22741513048652573
27914657,7,0.5935716029873416
31462265,5,0.514640493696689
40089134,11,0.2993990387087706
36182906,8,0.4973176095386369
29295965,6,0.6769666345512214
33590571,11,0.4574821238739936
9907616,8,0.3807475475396284
21812515,7,0.2809150821831453
2136267,7,0.7607325475637634
21867523,9,0.5674844015035212
38535707,8,0.3090788832809872
32621960,3,0.46322002515377053
39839726,4,0.3112672426052659
34593929,7,0.5138917126618767
16527825,10,0.8194211061818318
37567837,9,0.7288936762686765
35164964,4,0.8565762526733982
9667253,4,0.250884445816901
32790836,1,0.6639963191392666
19617108,4,0.20905457844855752
15932896,3,0.4348876465742492
20452742,11,0.45978760962520043
23030106,0,0.7221779124589127
23450138,9,0.8116183449753431
19884746,1,0.37018206866200926
14890107,8,0.5991414720544249
11509892,1,0.4703667348655393
30713756,4,0.4324680444067481
4600325,2,0.5675537074690055
39902029,2,0.5349627475700783
33210037,4,0.49986856725960405
28656660,10,0.18457467643668585
19720249,0,0.42869805933743693
21328509,8,0.34091770920871617
28205918,6,0.8341813667794323
29158336,9,0.4393964470882502
33509052,5,0.7056789270902011
5440346,9,0.2693911703134377
11237685,6,0.5268305837826559
6950486,11,0.6716349491910526
35586794,10,0.3329222614633959
23622645,5,0.5480884153002085
31640127,11,0.4256016478960258
37195489,3,0.695845546917009
5114313,11,0.7946898693946651
30554240,4,0.318385422011624
22333034,8,0.4942168015751556
3559673,10,0.6739553763635148
37022881,0,0.37142149821851317
10355818,6,0.49457949497189957
33957110,4,0.5247594861489316
9829331,6,0.3483608262313878
27645079,2,0.2509749313671795
39773780,6,0.38221238339313435
26220621,4,0.691703693995582
30159449,9,0.7078946050256072
31773391,3,0.49892616142615065
38174211,0,0.8825905690650778
30193411,4,0.4906842264798942
20736754,0,0.22900631637261396
38379919,8,0.43982906801743304
39452842,4,0.2459857643617878
17465362,8,0.6918664136986532
31946018,9,0.32398518544004185
26022267,1,0.8270393345753665
30871674,1,0.5224767421017419
6438784,6,0.6028257670839148
23660092,4,0.2525903670170181
3966490,2,0.5954220279253111
27630265,4,0.32235478780391036
31095898,7,0.7447987888579892
33587761,5,0.4607017010040444
12889202,8,0.3668838438177879
25851183,2,0.27552129900314803
39199781,1,0.488573542122897
18359660,0,0.4382563644176804
28009390,9,0.39735223324227814
33830662,7,0.20667877605042242
27739381,0,0.34987889503728464
26484286,9,0.7534107235447408
8707515,6,0.49488535018118895
39567577,9,0.33460675786544325
31763039,4,0.8550660688540065
29565887,10,0.7115653418430267
15683168,3,0.32578592417724384
17760556,10,0.35196887683786343
17883424,8,0.5774978275754264
30596834,5,0.6734246587400997
35466663,9,0.5400112016198105
11324519,1,0.6744084234823263
33976147,4,0.54902339087406
17436569,6,0.36669562367038283
16490263,10,0.5379855604605397
7868215,6,0.47927782937976354
31024826,10,0.5296599322942172
24947866,7,0.4395550091749894
23246013,5,0.502608396898175
23111516,6,0.5121698271662368
5556282,2,0.31133202579178276
21760215,3,0.5523453936237066
12043021,7,0.44843791435471847
38119808,8,0.3712119823167225
30596839,4,0.6045175394123703
39520186,3,0.453123743232337
28007465,11,0.822216941960278
19879612,10,0.33269184767097376
27644193,1,0.937922807989484
14672360,6,0.6476503631800676
29796541,7,0.4649452414106468
31274945,7,0.2503420512967354
14037975,6,0.24527072821111504
13276957,8,0.4327106101246401
18074143,11,0.30756457941788234
10288488,6,0.8467712531442895
14295337,10,0.3745005901016962
29923855,6,0.5325110357396611
36633002,7,0.44506674855613226
32426250,10,0.4212083674480679
35482079,7,0.2767182351105877
37497933,9,0.48028739797802106
8869998,6,0.5914936568656577
24180879,0,0.6662205995428732
33541960,8,0.3874027334253219
39839832,9,0.6017625125495832
29326556,6,0.4681841448393854
24790548,1,0.5836771100461607
38918891,5,0.4561663768785013
14701532,3,0.5156456442081179
13501761,3,0.339411561840277
34650573,6,0.5651818282839216
30697056,8,0.5368681090076403
1111356,6,0.49945913827592076
7366065,6,0.25447892834420544
17769009,4,0.6142449704651115
25860512,9,0.47283980733576586
23529172,0,0.667895627094814
33944277,1,0.4817293708045432
26066112,0,0.43837586623507513
34184053,4,0.4148263308013952
13710991,1,0.3830070718427201
33681493,6,0.5370458520876957
36804197,2,0.6178547005735445
34161308,3,0.6670412828354337
38270861,5,0.4369957141472279
37522720,4,0.6335934696827528
4395499,6,0.6877422937191675
32734002,9,0.39659079310345274
9750330,4,0.3095492856717645
8116969,9,0.6257234948151257
36889821,2,0.6571778949075374
20659528,0,0.5090313841298464
38171687,8,0.27587380050246196
17050302,11,0.8843225841025516
28322842,1,0.5177447989540918
28885844,7,0.34648808677170073
18339745,8,0.5448687172750213
39485731,3,0.28962397203900875
32282274,3,0.3171660440744917
33390792,9,0.425476768005648
30532340,3,0.6431680581745469
38104637,6,0.5760055109984568
18627382,10,0.4476189238587265
6837368,8,0.7101487420000709
30687178,3,0.30867501474972453
23656777,3,0.4095642141045143
34012517,11,0.570840335140862
34773960,3,0.40011051952976673
10921893,5,0.5972779319351177
10469548,6,0.25047872102338326
24736867,5,0.37291795902920616
21534685,11,0.5887149720785337
11058199,1,0.6286519044140145
39277824,6,0.5807090023478646
11835833,1,0.7388998454853052
10645383,8,0.5632074338287252
24324030,11,0.7892381035014799
28886508,3,0.30610866925792496
20271235,8,0.4411009917590042
27758933,3,0.8735051716140615
13667626,7,0.3190067706628251
7074984,3,0.6377856162424602
33701450,9,0.46031937303884346
11032799,4,0.2797942281808854
35867158,7,0.7597414390088454
32208301,3,0.2583575475948469
31445124,10,0.37741114728030484
7180914,6,0.768942364192065
21863227,5,0.4029286784860046
15789611,9,0.6997353302885903
12753312,6,0.4642577695941626
22508606,8,0.3624824761817653
36258797,8,0.6833689911895918
11312197,5,0.7046169295365862
33088963,9,0.583234501379378
29941321,11,0.6369002888895949
23662257,1,0.23705740616965248
7982441,1,0.6931805053822736
12145056,5,0.347569149702137
8384052,6,0.568379769575644
12360732,9,0.3314400614021051
28324372,6,0.34874841847523164
14857719,11,0.5868969202392729
17821079,0,0.6936568176236608
19766757,5,0.8078650905191022
1281184,6,0.4302153296702188
31304131,5,0.5226276451359387
12138240,11,0.3391131482423212
31849152,7,0.6353186456869735
33856391,6,0.35356965617958014
37101553,5,0.3606071029822192
31406830,4,0.5041965905651428
5738901,0,0.8002737705830333
7770922,7,0.492420569405413
10767809,9,0.54303715236378
30960819,11,0.9435151371588378
38840305,11,0.26946021715858487
39132847,9,0.640510896486536
3381036,6,0.30837946386347115
7591715,6,0.26228415317716375
32548563,7,0.7390993313300576
27247931,6,0.3025751267524804
24026256,8,0.4746830216626506
38888609,1,0.30355767990347293
35710060,4,0.40724789654918875
38468764,6,0.6913349159363956
27078899,2,0.9832427547924907
20249374,6,0.3979248137579246
21719063,4,0.5091157618053916
25876758,7,0.41752737170049214
38119861,8,0.44594134597101015
27573993,3,0.512694678558735
13139517,10,0.5066467568564375
35768327,7,0.4598463977059645
20130926,2,0.6700954895265845
17073669,9,0.7161338523094931
23249269,0,0.7460331823678757
1095768,6,0.786997951324512
18116383,7,0.7165644729670442
31015333,11,0.8337791531970278
36635983,4,0.34185541609758807
16637765,1,0.5721131410983302
30156218,8,0.5218496345013058
39722984,6,0.5874901382405122
21664915,8,0.3499927077473423
32561651,3,0.6031884256309676
15473012,2,0.5234413714788915
24043069,8,0.3428571060568427
12148690,3,0.5217562568718865
38401814,10,0.7673400144861274
10142066,3,0.4823594226680645
19413994,0,0.5052009077078558
20712520,0,0.43888690125374136
559662,6,0.5259868125995212
36661087,3,0.5017550767245154
19823824,4,0.9319376098165635
37487406,0,0.8586339505472853
38231035,7,0.631863799242748
21058463,8,0.4878017960984745
15104090,8,0.23807194572116774
30844594,7,0.3566462986409646
39108621,2,0.2926499360637824
23855165,0,0.5937051467268757
5559284,8,0.43617442318535293
25956453,8,0.37495603841983915
33827788,9,0.7714172514116953
38624730,4,0.4291881054004095
3462951,8,0.3999730801406191
21173503,7,0.3332862918703282
33106596,10,0.9308667943330153
17803254,7,0.6051456958193202
34932865,2,0.8243554294243378
36138201,6,0.4585984116080509
15484718,6,0.6636728807158833
26510038,9,0.29867220371904185
15131429,8,0.3522943185041511
25839628,7,0.47300925766772434
34730897,1,0.34293330452089626
8061867,9,0.530085790123141
31314713,0,0.7841533300689751
13096955,0,0.370994218504037
27073424,9,0.7516172531787672
37006534,0,0.9211789566735455
7010949,6,0.3731259634273995
12143634,10,0.4530492010949668
4199081,6,0.35225646691680773
19048082,6,0.43394883248647736
13443246,5,0.7520717845763993
9399635,3,0.260336170915066
30061557,9,0.46490089461524975
38944265,10,0.49187847518614214
541115,2,0.38644320617764283
21675532,6,0.42139763302340666
3587613,2,0.9204930431675985
12461724,6,0.5191245659421306
34834474,3,0.38221881390514845
15964119,8,0.5495388477593193
34779587,6,0.6160560606371895
19035075,6,0.5004425668532784
36251452,5,0.5679220982486328
27927062,6,0.9537727655896957
33998726,6,0.4869292133547905
23919781,4,0.30585215850254327
13421326,9,0.4632029252917545
25938617,5,0.5619955194673928
38575392,6,0.41515713177695196
36237810,1,0.48807053748907075
4331006,3,0.30982528407575777
33844632,6,0.6540856365660551
16735786,0,0.25597623361090355
27850744,9,0.5989284983981142
38914151,3,0.39039089182762365
29482275,8,0.5102941086669077
13534461,3,0.42995506647076426
24427363,2,0.4177778559098651
33100702,5,0.9002326067945362
36153442,6,0.6253922224957387
1366047,9,0.5975444216538995
34755710,10,0.7447721839033965
26921044,7,0.40177519522465843
19060821,9,0.5244216542039389
35881948,5,0.4562034910201561
37272635,1,0.3808338019578025
34124457,9,0.5300762366704862
4140466,7,0.6304298410741122
24896138,1,0.6723538524253078
21969686,6,0.3931804685362225
29292636,3,0.6828888504441338
39830235,6,0.6564154774824075
22388281,2,0.4958894025880341
8071586,11,0.6041909412152826
31454087,4,0.28130422261415
38859593,6,0.6830862875901025
16585847,7,0.3957377030172731
37479223,4,0.3591020677524439
27769202,6,0.870202678533694
13676092,10,0.28662578162184016
37857697,9,0.26409103783728255
23212535,9,0.32133302350864834
34113521,6,0.46345189819298427
37405998,3,0.3066419292850356
15115443,8,0.5096179689120272
21518249,7,0.4330174208193803
32618985,6,0.6158297182028221
16972229,8,0.3716319322346324
25318791,8,0.3882659177831451
15871081,6,0.455073015929593
27322121,5,0.9458723456195589
16823964,5,0.785574193202736
29051988,1,0.4883826742999546
14200512,10,0.6547497892179458
1395913,6,0.3495611112353608
13567507,7,0.9073530815711687
38032782,1,0.4996677590010623
37669905,9,0.5888841722071074
24771384,5,0.5940674059951159
15294863,8,0.501604875912132
29767898,8,0.37243136313229147
6005243,9,0.36318291999081037
23457844,6,0.3444151562697918
15651527,4,0.6797566647200922
19452797,10,0.48362654662002774
38440799,3,0.7659904137761294
18110475,0,0.6519444440483919
4004979,7,0.7704895027105721
32188922,0,0.6102253721351608
39560902,9,0.6017533140611757
28806369,11,0.36358711071774336
10462927,9,0.3775437896110068
26440761,7,0.49358204196020333
22439542,0,0.9410173229550485
5027148,2,0.4964279074953838
24589669,10,0.4970970734107026
21298833,6,0.3445498963044582
29837722,9,0.8215389376483037
33311403,2,0.4579574066080622
16497547,8,0.3673154459585687
36518968,6,0.47520300954749906
21341325,6,0.5298423441499562
19437415,9,0.6528286478322582
35398270,5,0.7059647822183767
16006687,9,0.4040046285255901
21640794,1,0.3957775436682656
30527083,3,0.3144694234176153
33516530,9,0.441994562247608
33611983,11,0.5017346618083911
34226122,9,0.2957072900250643
16485200,5,0.46838727953962883
2267568,7,0.8133290221438987
20440581,6,0.4388311264316292
33306001,3,0.757416741036848
34469635,0,0.44791339940949004
24608774,0,0.6002944336929434
20534849,7,0.26866884044077183
3275252,7,0.5305051635571406
22069625,6,0.5496382556206767
22218601,9,0.28485285163056434
32226581,0,0.3529878996236176
25667259,7,0.3340597157995489
25818143,8,0.5675815685640996
33013611,0,0.30879465824281077
33020945,9,0.5687873574600723
2935616,5,0.46736853138962126
11926572,7,0.8142422261574255
874245,6,0.48282313133480076
19574674,5,0.33078711708378966
35125228,6,0.453129446559919
24066589,5,0.6311389163794809
30664640,5,0.8353880060672861
17646853,4,0.3481483378979855
17763079,9,0.6686043173097573
30188158,8,0.3011273104324891
36844576,7,0.3626697018828481
20832740,1,0.6559260771425262
29761266,5,0.6573265947375827
9751080,6,0.8600211175999297
17588233,10,0.3975875568067379
24724098,0,0.2612558034575031
34156881,3,0.4096765177525173
21115556,6,0.4631752568255911
38726411,9,0.31574002896335013
24702069,5,0.4945301026531149
39457645,6,0.3802577220393935
31019092,6,0.5374457727911606
14888340,6,0.39444645229402986
31261853,2,0.3796049047755178
33281487,6,0.6748874416233681
28620848,3,0.8830447145611668
33901474,11,0.5325495237707898
13051544,11,0.6688069340365965
26195453,6,0.28452002183150465
24437165,6,0.8443800804964613
38316020,6,0.7651825394614232
18577325,7,0.31730075520935985
38751024,6,0.2893478787731524
24831330,9,0.9055001226857873
35951487,6,0.3175831850771767
15106946,0,0.2910665304068421
34711205,0,0.3182162755365451
28923231,9,0.44633798402611197
1472279,6,0.4366336356352601
15046962,9,0.27481724735260094
33125822,5,0.616843042773555
33756549,3,0.8870438745511539
22584261,3,0.4485194149878441
32402747,0,0.4547535626069401
32773052,9,0.4397594664093541
6582404,6,0.46600135235441736
10063091,0,0.42278999900263176
30817721,3,0.6536914797167168
1093805,6,0.41545115830512197
14637691,6,0.7922986718754491
34481055,3,0.7694211276746413
30684836,1,0.5340382986131302
28373299,6,0.3276798990602535
7776371,6,0.6344445796857384
20340613,0,0.3622011158659605
29615758,9,0.5782219881217371
21038905,9,0.44966574390982034
24847747,6,0.4073109369297345
25669803,0,0.6767516056552849
38640742,1,0.348222143466778
39090359,9,0.6106145444368675
17778612,0,0.6549006686701407
26282882,6,0.5664058374749608
25120883,1,0.3120869597202207
38345127,5,0.5502482635396619
24082711,7,0.3494612361470658
4502314,0,0.6806199985410089
2742085,10,0.36647512898847406
18818608,3,0.5284412512465526
26263323,11,0.5013349889158465
10180781,0,0.40768078799818436
19520469,6,0.28350911464113615
28611207,3,0.5459547968114452
31942960,1,0.327581343252724
32147668,1,0.3839534834203976
6485059,7,0.4567421757397727
39985300,0,0.41044185354177515
36589702,4,0.5452719780953256
11636362,6,0.49604020298920404
23903094,8,0.6349056098958247
22624255,6,0.436479627736871
30446197,3,0.5663469565250387
32805594,8,0.4763800213762379
14724624,7,0.5716865786552096
7974959,0,0.47222137985564255
33702527,11,0.579301417733105
37347296,1,0.401859109687676
39531007,0,0.25006299877337135
18387120,1,0.3034353212000991
25072334,3,0.39693824356033025
35354676,4,0.7259447652764462
19847786,6,0.6178769100899387
28485009,6,0.35388663393736114
35469546,6,0.7469685526688369
25824804,8,0.3587520688190004
31827468,9,0.3024925412040656
28429760,8,0.32738043260224775
9352259,1,0.5858518525908293
20264414,2,0.4200777790506086
15424126,3,0.261834642791977
35760133,9,0.5409687219915971
19865258,10,0.7806466286102626
33984151,10,0.2674942162916525
12960019,0,0.8289048784727379
18302818,11,0.5495464457299701
16745387,6,0.4576518343777147
35366900,10,0.6576222857944557
1463306,9,0.8278763715894201
26193386,5,0.9622042207507686
38878543,1,0.39076897820307416
685869,6,0.937643220347746
31545946,3,0.5811137655833758
20970732,1,0.7446699495494474
30721550,3,0.8540636008286968
20231291,5,0.5279150517277221
28522203,0,0.47595677866446917
15774979,9,0.4064307272523035
38339417,0,0.46932219340658354
6964489,6,0.4257127324369478
10295717,11,0.7946592080775894
37435255,4,0.8359282599030895
38139847,3,0.3135052708223388
30362475,6,0.4095809782492604
37785131,0,0.33586940881740346
38550263,7,0.4565341361882389
12684001,7,0.42839092918903227
38799430,5,0.42973535372818994
31596582,11,0.5571538809852448
34528138,5,0.7077015744710566
30167692,6,0.7718140666280182
22571853,6,0.7276838459291324
1173184,6,0.734952470706652
30180046,3,0.5472937985744611
16425660,7,0.31376786033456544
37501808,9,0.5107296877266367
30750843,7,0.43581355058345633
1236104,1,0.5428308316799132
38339815,2,0.5998190685485357
24757923,2,0.31533110954522126
34542000,9,0.6133498800556922
30191428,6,0.4756536342132825
11185873,8,0.6300488820062128
33524742,6,0.31397241834601286
39356509,6,0.2854485847424956
39515096,7,0.406841091507606
25740839,0,0.6608699109025102
22676319,8,0.5241555365925009
39916811,6,0.6189389507537391
7648607,6,0.4242071625494451
39436329,6,0.48651636703680834
39243905,10,0.46915593224656926
35258712,5,0.7400576855827102
37754398,11,0.6547314474314512
18327790,2,0.5057217235894522
31923896,8,0.4892845211794436
15298830,6,0.4104636084391037
31165900,1,0.5165743553185501
8688050,6,0.48808848188543014
11629734,9,0.47710564619913653
18438162,9,0.8524651721054686
33323553,9,0.38083273231558595
30029316,8,0.5162587506263608
27651862,11,0.4566696284815155
17279103,2,0.5402484770183533
38015537,1,0.536535632326686
37605612,6,0.5534426985645942
13302403,0,0.87146946354497
3919382,8,0.6707394369192504
11622652,4,0.49301108609307226
24216860,8,0.4560987455348483
20015213,6,0.35358612636018194
37277950,8,0.41649910775179205
33398908,6,0.8884967958369671
39004837,11,0.5216964348117622
26995700,5,0.3467051563541291
35722753,3,0.6219980341599134
17892451,0,0.48362693159085773
6246061,6,0.44491652813013866
37174167,6,0.5212915904318073
21202093,0,0.3578714115259125
21032981,6,0.46416489196954014
28088323,1,0.45478106659410283
23091283,9,0.5236981869682854
20550351,3,0.36353455142088864
35165398,6,0.5124530347691105
12517997,6,0.46125295740397926
39259046,2,0.9649082762845487
36553386,5,0.8092308519673876
37167968,10,0.2157054029741524
29630026,9,0.3236458407424342
1719279,6,0.6310339847957974
10941824,7,0.40857243340684857
20524888,5,0.45620471163092813
22445416,5,0.8328876473285194
9220883,7,0.44667374648371644
13202507,10,0.5401834592375426
16529038,5,0.8342853166841672
10919379,6,0.3389189241041442
17923161,1,0.32711955973431267
15561173,6,0.5923560369922227
11898451,6,0.7026828171657469
20384743,7,0.5233058414458018
34855391,6,0.6288865643250542
35422578,4,0.43667944287564237
26077541,2,0.646353421860471
8254309,10,0.8964606199058748
36091007,6,0.6695814527267232
32285927,6,0.2955768482336514
39061928,6,0.9999999999802033
5502014,3,0.46059759446971504
32546776,9,0.646556670960972
853184,2,0.7693149785022576
11034539,6,0.8039808723990287
20152888,0,0.9625270328200599
22534101,3,0.42679483665716883
38687974,7,0.7126788543185905
27525444,4,0.2868412117032501
15722158,3,0.5814476670420126
5264829,1,0.7067068221917379
38447104,3,0.4516272841248881
24018577,0,0.6093793289197477
32783530,5,0.40702264915386543
23579989,3,0.571547548804505
3083784,7,0.4574254893032068
15603240,11,0.33029418934930976
38262178,5,0.624631034456398
27571884,9,0.7252725152359267
31753850,7,0.6686823152455655
32951123,5,0.7479863598390022
37081116,6,0.6763590569053587
10320194,1,0.5055134371667395
11488122,10,0.3948176082115861
6960470,1,0.4274603538882999
37225243,7,0.7933698553600125
772518,10,0.21598494019822795
14097061,6,0.7038656766285054
4526498,2,0.33915546843384886
26160792,4,0.29254196239885183
4704913,3,0.4237288420815272
33990345,2,0.263142382281674
28663508,5,0.9217923651144826
27960507,9,0.48612052499464914
31879459,8,0.5068921290944376
30281274,6,0.6609617650728152
14671345,4,0.8792392038716241
17369534,5,0.3264104024277726
29056976,6,0.5415326207902476
12019618,9,0.676020797996533
19845691,9,0.45926642584114236
6151400,11,0.7930647037330851
38258343,6,0.3952941356585306
8757019,11,0.3748691012077011
24479281,3,0.6502430554812552
38435289,5,0.6461003594102702
22257665,6,0.5170240441309777
36411331,6,0.5673667740880276
31590858,3,0.3758580573241024
5178535,1,0.9709959445641109
20810630,11,0.3545271009109936
8808597,5,0.8399870332250727
18111488,9,0.7709272317417535
4377038,6,0.562702802607178
26685007,8,0.564296371965474
17884411,0,0.44198087845387357
18781344,9,0.6813140975056817
26289759,1,0.6405075685964685
25881271,5,0.6029851826518651
8177261,1,0.5006301693583289
32936129,10,0.6532206964350457
22119586,7,0.32620692013785413
10461531,0,0.6514494561704663
36253931,8,0.47545490144475333
37652976,8,0.2950367535706089
12829125,6,0.36423519891654316
32215165,11,0.32875950814606336
37751173,6,0.4903253009802494
6349833,9,0.7387494507678943
31128435,6,0.6641622375375795
36668447,9,0.5133966465619761
32118749,4,0.3443880906424662
28686453,7,0.49781141895617215
24976474,6,0.4432243260287515
8620521,5,0.6689674983860763
27692883,5,0.47406333818146507
38523546,9,0.2569729683364822
28667126,9,0.9077050560903328
26710946,6,0.4329369823223877
6473753,6,0.28428609791952736
7141665,10,0.6104825827477861
36982015,5,0.36268946504914645
16371626,5,0.8078856245858851
28771174,7,0.6768464707370275
22034878,9,0.4006922553863758
13039060,3,0.698720889313679
24127601,7,0.38912023364506226
31635828,3,0.30976122664263545
31601713,7,0.2729788874657476
25246842,4,0.7028868193222442
30698466,7,0.24084640472866786
33814607,8,0.25406247411261496
30845469,6,0.5903611656704998
28568939,8,0.4395397536872936
28583565,7,0.5015643904496514
29381375,6,0.632800496559721
10559465,0,0.9531162365606668
19556809,8,0.5131115642220474
27308698,11,0.4187346992014221
36803774,4,0.4250993287778316
34689540,0,0.9999999999843574
37918586,4,0.8141079796646019
18050933,5,0.418971708960698
4809825,11,0.4492376637163374
28808626,3,0.4704984795120271
35868089,8,0.49866621771621783
8352736,3,0.49551303160317844
33539955,6,0.5027008325448352
37336899,10,0.601609151246347
15636527,2,0.4825593655206526
31939503,1,0.3173449831007808
9938130,4,0.4146309398291961
7955602,5,0.680539104491401
25799297,0,0.689206697448267
15482097,6,0.5103097572584749
16694671,6,0.5635388226091614
4800419,0,0.7032555490275623
13119791,6,0.32082473557264624
33009893,1,0.5223477678168572
23053365,6,0.25948012746607585
25593325,6,0.4532600898335136
39147407,2,0.6748028035286324
20450313,6,0.5628772862672549
29500012,11,0.5045001327106508
19347009,6,0.6887807259961306
5128741,1,0.41960542296868064
7100514,7,0.6184421798225423
22359595,11,0.2682211140442762
17820699,5,0.3422373340584352
32339872,9,0.25109747873088173
24524740,6,0.5816203648131372
9134491,7,0.5186306998151902
14926601,6,0.44790011003095453
34902352,1,0.3964074764024544
34010106,8,0.641316724223583
3145897,9,0.49930698551370306
6763636,6,0.5679013304897597
16748891,3,0.37693205841420946
38976089,7,0.6643028554583628
26084620,10,0.4538281447794624
25147934,3,0.5617430128066522
21274619,10,0.6289092935445496
9272257,1,0.5359323472974966
26146837,6,0.7210308517444043
37017786,3,0.4897323048931771
21714335,7,0.45171583285889405
7430108,6,0.5408093679979808
39428481,7,0.26781791880933387
1508906,6,0.7706976283255467
28311203,6,0.6344264384083506
9416934,5,0.744518281478848
37863410,4,0.419100538389712
6082501,6,0.31444249131694885
34335989,4,0.3317938864590148
4699605,7,0.2505793569021537
36023996,4,0.49334958861859235
6924706,11,0.5442091051382344
28293270,1,0.5539555232307152
30197052,9,0.5438232363248815
9162453,9,0.6822555269335617
15153876,8,0.36956036462904684
35352390,5,0.4168650984203757
14836425,4,0.7910377881703742
2154095,7,0.42248658114174825
38556217,2,0.5886700978938023
37272552,7,0.35485603289708156
20642504,6,0.6007252219721892
21104176,9,0.23956249365848545
37166188,11,0.4992325152930955
25085870,10,0.38286039119069765
26290620,2,0.29002801058818806
11714768,4,0.9367397796921612
16832266,3,0.4339685127416443
10851246,9,0.4275626847341601
39243929,6,0.5084642547896225
37452166,8,0.6473506789523751
18806424,9,0.6944480305778445
16871130,6,0.42569043697325504
790898,3,0.43157461190108537
36128685,7,0.7002411713501361
34420864,4,0.5769279391420844
37894912,6,0.32729219974400225
25150107,9,0.7638528379865929
12556977,6,0.3356005232208858
29473306,8,0.2851080549247784
2349302,11,0.5229343607705186
22497852,7,0.3822276447496289
34599421,9,0.4495235406394479
20346314,5,0.7111962718780767
10005343,3,0.3776251848682748
35042587,7,0.5818348950394333
20877106,6,0.6756007308980754
6399975,10,0.3298153833135777
28623521,8,0.5254996684824947
6282053,7,0.5168853338886625
9300491,6,0.29019007339122793
2020228,1,0.4833741091492777
32215992,6,0.5949089182814747
10982505,6,0.5717155002971731
31326420,7,0.9435501022190513
34673447,8,0.5433771507197211
38136016,9,0.8893833889879336
5154443,6,0.6155140088393581
7772373,6,0.8259469430725647
22587851,8,0.6892642024768244
27804239,6,0.5131904884767484
39929777,8,0.471477040076134
33375581,9,0.7041375338566239
1494696,3,0.3726331119230086
14182780,6,0.4405349954911453
15193506,5,0.33471302667551495
17644730,0,0.9326809376233011
36589367,7,0.3683146349198251
36878064,8,0.38993823225437185
39715183,5,0.6746487583278346
13376135,3,0.7987903806670532
19655086,11,0.26143503744956414
39579355,6,0.45091610327251885
13851410,5,0.6636748480347766
34570067,8,0.4546900492418748
12827349,0,0.3214335219694377
3142883,2,0.6136147216796762
38551278,3,0.5002232441721016
26241360,5,0.7768994542158353
34011006,10,0.6428991731555008
35496542,11,0.28011044938776786
31018413,9,0.996620609954564
36635495,7,0.308483453109173
16760517,11,0.44488645707933694
16994547,2,0.8768278068106754
18766960,9,0.35724493156198217
34303963,6,0.39727833727411804
25332777,2,0.8570530603914218
21487916,5,0.5617989906562402
17052480,11,0.46358588088050456
30416811,8,0.31211600376224474
38866162,10,0.6131563938449006
24610802,8,0.3711053956804807
37362971,11,0.4806779598616622
7186928,8,0.47974887084738443
35419236,10,0.5066534832903069
23797691,3,0.650041057228348
26989078,11,0.6004400489303447
9486871,6,0.37898990515612785
37925504,6,0.5778867331099651
24830804,0,0.7299359450681118
2046802,3,0.6177955813896869
25442171,4,0.35619387254068896
2173425,6,0.5620731757872363
20047851,0,0.6281064403604756
29641869,7,0.5908100689146287
32820673,6,0.759733404409998
16222178,6,0.2900711431517122
35887564,4,0.7502472299713432
24191668,1,0.5624351155862714
8525447,9,0.9748250151488441
24282416,9,0.6413972613144282
16803951,9,0.6759795488915059
34349222,3,0.3905013379997816
28367810,6,0.5453610517254348
26935287,6,0.8236209546830644
5808819,6,0.34082325241843664
1829810,8,0.4040461600409552
32017943,11,0.3254031786291201
22363061,5,0.5470771377265871
30359801,7,0.4665645522029608
39835536,9,0.37540979649065487
28741563,1,0.8013364648538432
38182463,6,0.5492711276946961
36986350,6,0.9999999999800749
28091984,5,0.5389055261757013
3612785,6,0.6230327986104623
40031004,6,0.33230044324358493
29919757,8,0.6344452114497531
1994488,6,0.4392973078173049
28116945,8,0.3545350571392148
17376085,10,0.8919430482175328
38363994,4,0.5681326714345002
29671395,4,0.352196204283375
17845350,5,0.5642359963474185
32887408,9,0.4189305882981286
13926647,6,0.2327231208098672
36755891,5,0.4979723175352342
24537896,0,0.4656015485400238
32428120,2,0.7324669222464858
21390612,9,0.7300740161280919
31492602,9,0.512406765924603
35517196,7,0.41473328477324967
12110245,10,0.525456267903039
21140853,5,0.7208678207365325
7217617,2,0.8515655037509702
33682692,9,0.4518518944027452
36321157,5,0.42671702818308915
29355120,6,0.5722547083410274
11027865,3,0.5315574428265692
37214297,9,0.43905048019044984
35251210,7,0.6772651194146292
8974457,2,0.8520135034635097
4220441,10,0.6029677277523113
35632009,10,0.3947333323412724
31633738,0,0.5963124569199696
27203090,8,0.38782632130210815
36712706,10,0.8942396300570993
39317373,4,0.6166693970017477
19303835,8,0.6220588243905769
20293369,8,0.4010741301751546
39305135,2,0.5887657823184541
25529070,8,0.45676207500482524
29592679,9,0.7712431268460911
18663772,7,0.7399333752124019
39494787,8,0.5961149502257644
18666920,6,0.3073555412552577
22668465,6,0.2781284995994964
38594515,4,0.39819766487498615
21411099,9,0.7885150108138653
6189047,10,0.30167890013439097
23117570,10,0.8858541619006994
33794873,3,0.4820540695388477
18939133,7,0.7971788770181449
9630494,3,0.7796512522216861
33488351,3,0.43725553636694703
2568018,6,0.47439588450699854
22361802,8,0.5320260768645845
11388180,9,0.4253724580954992
33466635,8,0.9982550440824574
35679173,9,0.2680246864276739
36901124,6,0.42620032584862233
36808628,9,0.39489138437529914
28012791,6,0.883151733320282
10547343,3,0.7078544044367332
33176297,10,0.36294997019430786
33218010,5,0.44759080766668347
23206528,9,0.5056456586592901
32320254,6,0.6914755367489589
10472620,6,0.5339967066465946
33295581,4,0.45611166695273053
16193578,0,0.6385084855745045
37206097,0,0.5822279792116831
36090648,3,0.689824915919263
36100593,10,0.45353404154382093
32939731,9,0.7084161157104337
33120475,9,0.37418666797820727
37570762,1,0.6284615698457063
1915643,3,0.8476649198984277
31053602,1,0.34404893680966053
39196603,9,0.3613287311800331
34602461,0,0.39712157981548757
20629012,2,0.5400797536244665
19675760,0,0.5679898995506634
32596094,11,0.5888271702087381
2362541,9,0.4532867999337591
870520,0,0.8293858221322342
39741509,0,0.4639776784110329
26801490,10,0.4196323436288465
29017416,8,0.2865885686212831
777778,2,0.4553483641527732
30790518,0,0.31364664646536816
8533885,11,0.5351671679062997
37192297,8,0.6093878486949941
7752814,3,0.47128494949340544
16254513,10,0.44948671452447914
30692750,6,0.6967635058326609
36063800,9,0.474178253763752
5958929,0,0.9999999999785517
12644902,6,0.6726693968397269
33906183,9,0.40809923930281256
13176533,10,0.927526905971129
26145724,6,0.7159547042139903
23426759,7,0.3768121293954955
34777259,0,0.5477797815482324
28191934,4,0.6323161397909783
37850357,6,0.42832453526292125
13371444,8,0.6180023490451686
14716981,5,0.8402239656297962
37353951,8,0.4638863784539496
27103849,11,0.6174083783240655
24432831,9,0.4054709441229533
34646262,5,0.43219953214828594
19446183,5,0.9018585839642039
19627867,3,0.6889716762290885
23818041,7,0.3537353521028729
31093459,7,0.5572105586803171
35826487,1,0.43508685800954094
9856435,3,0.7159140716340214
17976695,3,0.506174976627466
24315016,8,0.5421825440690896
26764634,2,0.33595712816750734
37443386,9,0.3130015135120982
15078246,10,0.4019649168946098
39459947,7,0.9982968546008163
16922293,1,0.8398901015488357
23666661,9,0.37661849030752975
6809067,3,0.5509095701658719
37017773,4,0.5921063969630339
33891918,6,0.8161399776889443
4479463,4,0.36878934086424925
33803806,11,0.2807854281538711
14864895,6,0.41195112805237366
13570344,8,0.34729936612298395
25411052,9,0.5536255253157771
10669897,9,0.29856128017329076
31048613,6,0.47556129406182446
16313224,6,0.6154542786447392
30477150,1,0.36786576641477226
6109890,11,0.4939635611802716
23173340,7,0.2558426139840401
11745614,6,0.4015155548496906
33897848,6,0.32257913654528597
32158760,6,0.6782206071582059
9648896,6,0.7164896702560504
19731665,1,0.6780901307934434
36796887,6,0.5486803922790127
8126139,7,0.33750476018912423
38285195,9,0.8566202709528269
26336108,5,0.4842841954591947
35893997,5,0.69239456746927
6222528,3,0.31282982076559207
24748781,2,0.7811317089629221
7569050,6,0.23700488543071774
17959955,4,0.41058932731982384
19073579,6,0.6335375310382589
39135208,8,0.40805778058416176
36114063,8,0.6588381048110078
18570492,6,0.47246441864639344
24041935,8,0.30132368169552287
12770302,6,0.43094326528562515
30011715,6,0.3524685224050656
39233057,6,0.5732413622304748
15372949,0,0.43224177688918397
39925157,7,0.5376479579727748
33024954,6,0.7470046912985652
21208376,9,0.5093854536623508
30998547,6,0.6446549383518075
10364201,6,0.33274564119483196
18369726,8,0.749042674719967
23416024,7,0.4231942076975978
10265115,7,0.5978427142188879
6832332,9,0.6796396904962608
34955200,0,0.2631305600701401
19188981,7,0.474746326200856
25473948,6,0.4171415098276614
20904326,1,0.7377976295194231
30413207,6,0.3451573630044866
20602696,4,0.3510966009957299
23388509,6,0.4626479093417739
26935793,1,0.5542679074652475
4135836,6,0.5828007854991004
4009251,0,0.9100811020474007
31032890,5,0.21300086008452307
25716316,1,0.8174134520148093
24350779,0,0.6103604290058406
17323824,7,0.2792085942020424
39187738,3,0.8456551177551985
21205472,4,0.5800998819788831
20620643,8,0.6967436130936911
38845176,8,0.2917484266502
29066550,3,0.6993604955028088
35951786,4,0.6596992060628618
37155266,8,0.6299517263562785
10404792,5,0.7845037936656934
23397460,8,0.29700506271008126
36827888,9,0.5437016123611573
18661464,8,0.6069271961538464
28572289,10,0.5618688187035632
23827025,6,0.7955691396134326
4427623,6,0.9421106319759509
24965534,9,0.4512322984881841
33027713,4,0.7590083124731976
30188285,7,0.19538856050111597
7664803,1,0.3972574450743628
38341180,10,0.30446861134015707
18062443,3,0.5824704566643466
9531028,0,0.9999999999588368
8262072,3,0.6492220854276571
6394170,8,0.4824366922102937
12448583,9,0.3714501545544634
11280287,0,0.3699348724923566
18245718,0,0.4427176614076456
9510183,8,0.5388999073481953
34129354,6,0.5241631878759323
28943107,7,0.6314206166367943
4650639,8,0.4892481898365172
35389050,6,0.6682092758773525
30882145,1,0.42291442478215724
37131820,11,0.8223535232312033
36924820,0,0.4246683365621561
22927198,6,0.3908021386976631
11632388,9,0.3057416511913032
38592999,2,0.9451563340026361
30769856,1,0.28184603676594744
11527793,8,0.2958881650657712
36719891,4,0.3574113761411883
29748045,9,0.3464707408635693
27791307,5,0.9358591236470337
30617933,1,0.6653300140031728
21737487,6,0.48511648117806766
21252948,9,0.5894278807029629
13570644,1,0.23315173666477956
14495868,3,0.34337640885968124
23457493,6,0.43055739909276275
19577973,6,0.5415883227870768
5724701,7,0.37985150975464704
34968412,10,0.6257739024308019
39047630,3,0.6327006294052586
28515570,8,0.448260881627015
39667089,5,0.483766468313861
28059562,0,0.41640113693684255
33971484,6,0.40514204682999855
6043463,0,0.5564701255737591
36075147,9,0.47190007435170606
27846942,8,0.3361137959761229
29737715,9,0.38018928398755736
9526203,3,0.3619152285935952
14928820,0,0.35229969864023164
21409279,2,0.5208111046171112
8323728,7,0.6043253048471336
27131462,3,0.3848175656557022
24967934,2,0.7428584674369272
27301022,11,0.572952052554697
25161727,6,0.6210334759536678
2608645,3,0.8816955172581207
15120662,5,0.4633227507625835
40109555,6,0.5832869816911623
22268521,6,0.9833001030414179
22038762,1,0.40759542582725755
19171686,3,0.5002065065138008
8983150,0,0.3756135898162433
20460339,2,0.32966772450509313
27949024,1,0.6528464920015039
33417908,5,0.2944807753212852
250038,6,0.520588072531908
38509137,9,0.9836635232991706
13895951,10,0.42149449928566113
4688943,6,0.37420176166652774
30012998,4,0.35093167218619403
10158060,4,0.8297112150664179
23000451,10,0.7561964457247745
19611822,0,0.8265549481376949
39069782,0,0.6166308780285727
1459080,8,0.5836399484941158
35090726,1,0.45612356752072336
11981810,4,0.2298988466309309
35158917,5,0.5714244629457644
25977673,0,0.47664806566798096
30944576,11,0.45518021708276274
23110542,5,0.22277648900591931
18553896,0,0.3097603165574641
32064061,1,0.5952757963581882
9328638,3,0.9442543418245544
19833298,7,0.6118206235237534
12925615,9,0.6960754956197803
2104957,11,0.2988102927011692
5612123,7,0.3998223862595242
33679738,10,0.29205555651781084
38136516,4,0.8118551178170755
32329289,4,0.4323836278513258
36376135,1,0.42430016610665355
28272974,2,0.44914280514453403
9167390,8,0.4659126080483652
34489749,7,0.4644735935565236
91205,6,0.47782133785622566
10073045,10,0.8600340840261486
37789543,5,0.6579391917267825
39395530,9,0.8074574588464457
40118548,5,0.34726109477992595
23408284,1,0.2788631433498622
38222962,11,0.454538737001846
22062724,6,0.4083112907696179
36846260,1,0.49960925124915073
30674540,8,0.3411665186560003
6245108,0,0.37969231755482413
27949901,6,0.6382491264124861
22916937,0,0.9072054190642814
35953018,6,0.7690220785277885
18790206,1,0.3857092900519517
18868436,1,0.30821166448986387
28097462,11,0.4703864750844845
35384358,8,0.7198556628252649
6672525,9,0.5602081075178816
34760688,6,0.5167049424116918
25193482,7,0.5423422403665702
34671322,9,0.6158595131349542
40065615,6,0.44753754903949483
38660931,6,0.8432141514994971
34163933,5,0.8943485874009093
39078772,2,0.901171294079687
19319752,9,0.2831508151017197
32892174,10,0.706752177947812
24121983,4,0.5052856534447511
21349528,10,0.3070495154612671
18536549,0,0.19145395086165665
22208051,6,0.33924476720803204
12193471,9,0.47994289848925625
39067321,4,0.46232580389466765
37291261,7,0.3018820554534142
37891207,1,0.6411437403062933
22517827,5,0.5178999374509569
27179268,1,0.4156106409792043
39605067,10,0.36735300775681273
27800703,6,0.8278599935769796
21542700,8,0.29843431863074665
20655158,11,0.4178626755493085
23328555,11,0.4626660126560347
28330460,6,0.5600917098238007
38648355,3,0.7347480533737463
10021899,6,0.43108217988027503
39880938,5,0.8713075428539695
13099032,6,0.5005215288296953
38908500,5,0.4480307060913987
36101233,11,0.8848020468984762
26901434,7,0.3615051277836371
28661218,6,0.18793564960255668
15297685,4,0.4076395972942599
8582766,3,0.5851642881768769
35905947,8,0.4590811483938379
2070377,2,0.5066286555964645
27227480,9,0.4350422308619382
39684415,5,0.5298496428810426
25291590,3,0.49468275225425673
28518684,5,0.9461169893071065
12318172,10,0.7973205137529887
33947939,0,0.6218119955557618
37668267,5,0.2959072925706037
23577370,5,0.5856326462691432
30044697,7,0.6962117925609697
24080856,1,0.6649210464358387
28596441,10,0.28324968986984417
5289189,7,0.6381748941730971
21117014,4,0.7488033313878869
39563183,11,0.48848886254714735
9755003,9,0.5160695552929355
33846772,10,0.3102835254374882
22236592,8,0.37764279171407944
7519135,1,0.3516257078072271
25030725,10,0.6995633421652344
17507018,3,0.4025260542402012
38206527,5,0.6427728549301603
11626201,8,0.7319519290875914
19128342,0,0.5002417702150772
12579163,6,0.7767598365502996
29751005,6,0.3826195984277683
20830455,9,0.777863127495075
16672445,0,0.5054696010713701
36832404,6,0.30834056537159094
10718227,6,0.30384802567867053
11944385,9,0.4572014312902733
6806811,0,0.5964478547814128
24492924,9,0.4534724938997566
30946767,11,0.4922327277381599
7030463,8,0.28009636990691816
28924810,3,0.39715843807418166
38211773,0,0.766708832891725
34149829,7,0.295320081680309
24436013,0,0.34122047121664656
28554658,9,0.31703335588634995
38357632,4,0.7012831701686637
21511445,8,0.24647531056666588
31798645,4,0.8417794706416404
9768645,7,0.9927542625273651
22001578,11,0.24346704427631716
33799390,6,0.6876335502880421
40070615,5,0.547943571395249
5400833,6,0.707194014530758
29044312,6,0.616880478204345
30797937,1,0.5210642783355296
10410135,5,0.8966422764082822
18167701,9,0.3947790646426247
13964152,11,0.3529564818164558
4305070,6,0.7226189300012222
36684870,1,0.43983151243662505
25488852,8,0.6401762440326123
21915708,6,0.8038696528896232
32740577,7,0.3394645901007094
7905954,7,0.30149533001522094
24432956,10,0.38995515380819595
34617422,10,0.40916160410557023
14897027,6,0.3085951440801672
21316262,7,0.5176715075493166
15125903,6,0.5000778981952662
4915202,6,0.48632485779447043
21279603,11,0.23360407058901003
34924953,1,0.6435218807422179
37155666,6,0.26255253799488976
24000654,6,0.3687900930388712
32940708,0,0.43729012423576336
23667439,6,0.24743062364027074
2760351,6,0.4459653272406236
18279865,1,0.3544947865348916
34889664,2,0.2989670499946768
6121431,9,0.4535223554333332
29579871,2,0.774557772150109
39381004,9,0.6604931102712318
19848467,6,0.3953348233186859
10132632,6,0.6311061221386852
16055024,9,0.27238973683942597
33599536,10,0.8304097644946118
24943071,9,0.2206630834907247
16818884,11,0.9729246927521507
4700725,9,0.37755648803646424
23303525,4,0.33492269973801964
29864225,6,0.25987604296512323
14500831,9,0.5149523934084566
38062399,9,0.5166057431248159
25320322,9,0.38780602144127074
27573592,5,0.3649282895831442
12867178,4,0.408951142941258
36708873,11,0.49081593917138866
15438332,10,0.49424476297872294
3840177,1,0.6154762210164992
13017397,6,0.3191223844284765
28387180,4,0.48131508757974173
39816564,6,0.9060143498753941
33637620,5,0.6343262773039253
22004466,3,0.4460135432198258
21584990,1,0.40990868322310914
2784977,9,0.36090048975831457
34347010,8,0.5482468005711629
17976063,9,0.3875465620863972
28908167,7,0.3679341148560424
27135933,9,0.34443203640023146
39067978,9,0.479735115464792
12225159,6,0.2731458651356974
18818721,1,0.44602585069019035
17923090,6,0.6067412643594237
25715627,4,0.3984086523941896
28680896,0,0.23838456385896628
16739894,6,0.5744824129441578
22818948,6,0.38262775974690383
10573688,3,0.2274137549239819
39455901,0,0.8914592046462255
2917866,2,0.33947973872111964
7923509,6,0.5653335845055165
30569889,5,0.6399931690421086
35857457,9,0.35975239494803024
39112761,6,0.5242509934811207
17897366,11,0.49282672126730437
9152116,6,0.7451894342120303
29048607,9,0.44005992325976817
10886841,6,0.6453114453052019
32257262,9,0.5432558831154566
3088497,6,0.5657251043914129
5916187,10,0.6102653269001455
39276874,11,0.3457670284196372
38536999,3,0.4151945421096481
20547421,11,0.4204809197827291
8128736,11,0.5195252797957414
25677214,4,0.384787935814877
36531679,6,0.4204775703600406
17386936,9,0.8174588357680461
29521746,0,0.9976483838245714
7692983,3,0.6099183671423183
33041756,11,0.501853832198221
17091075,6,0.4365299065974629
17896767,9,0.3004425991725497
15459615,6,0.5006725091006228
8888124,6,0.4329894069806819
18796397,6,0.7504236750396202
6212220,9,0.4028898256929469
26898720,5,0.5294386673724704
17505380,7,0.4192881311450905
28726303,11,0.5855781006808493
30942123,3,0.2844897582681483
34709933,9,0.33097654401418625
38017111,6,0.5730036551699919
28069953,3,0.5817140897191417
32614116,5,0.889922015471719
29199083,8,0.3116302818621633
21649509,2,0.8840739100758169
2479690,6,0.4215410598887001
22651764,8,0.37794220844703824
17964198,11,0.6325156859268737
19529502,8,0.26230186150494544
11823521,3,0.41284852059521077
26353195,5,0.9184626097896292
36297116,8,0.3807821294378733
7544112,5,0.8546869624392298
17688472,5,0.5063261261207181
33722444,9,0.7277373024696736
2685015,8,0.4045532072730875
16219358,3,0.452602987810355
9245865,0,0.3493033399193772
4746121,11,0.5190546983798182
19051414,4,0.5247245643476305
34310225,1,0.5839643755019578
34697001,6,0.4628894901875385
9919604,0,0.6071731100532877
9820291,6,0.39401286726879003
14548020,5,0.2497810363326497
30105541,5,0.7414465622591786
28537422,9,0.6346362556210927
2162115,7,0.4349565655368336
15452390,6,0.8314604462588601
35821904,5,0.4263517428895235
37337120,6,0.5076812333754148
33079110,7,0.9477022211932913
34921650,6,0.4242081317799266
17068128,6,0.6202363911394575
16110230,7,0.4595738901694995
11234843,6,0.7342050131191633
28369418,11,0.6132353155227971
24175212,3,0.7788878135795118
12181185,6,0.41547602407616063
13437327,5,0.3943273564792542
6478931,8,0.5696551473748215
33649949,5,0.6893835495818851
24255333,3,0.38924528018746685
22547591,11,0.49238499850659867
16733821,9,0.6620501296906953
38124335,11,0.7072282140295876
8027158,7,0.5287112568759778
35447073,4,0.6948353880961292
4824683,6,0.6948003357746821
37746561,4,0.8453799337594897
1854,6,0.7617218697127836
3128821,2,0.38861804099429903
39948543,9,0.4073336779770489
29247960,4,0.6544377986473405
35511296,0,0.27734672833991586
4980297,11,0.4475649884148283
31757747,6,0.6266907803100281
31820470,9,0.4104817975374575
26399877,11,0.35156593649235857
18287633,8,0.4002749822672899
10496168,8,0.4200935450450181
23691564,6,0.6392959743134264
29309133,9,0.24440449083038038
11646697,7,0.2870391136069339
15593775,0,0.5563555236224741
30273877,11,0.5435874730280084
1141504,5,0.3505757456297945
24069150,11,0.47628004432641363
32322090,3,0.3209862871407723
19712264,4,0.42692654686452314
24627928,9,0.3443887707857753
19932708,6,0.2941903929769512
1497258,3,0.2850672871908088
34883909,4,0.9363568364409894
24793385,2,0.49095529819306893
28939006,8,0.483833356828444
32660583,4,0.4302037751894283
28408943,0,0.34974576385723205
24509737,3,0.5013987213146763
12702839,9,0.5213655339479376
16598393,0,0.30213271179270124
12341588,8,0.491020312821148
29010049,1,0.3444055116287481
36041797,9,0.4639232734561172
19342977,1,0.6443726423367969
32132999,6,0.6330104079629865
19590344,10,0.3002123379124873
21989035,3,0.2604546952695855
34869347,1,0.6498477337744422
15825201,3,0.4678694414374335
39958232,2,0.8749900556758154
28910157,1,0.5234465595068317
30340555,9,0.26543859536039266
38780223,6,0.9303617090590811
24887337,4,0.8827359544660349
39434821,7,0.34932384610629325
34255749,1,0.4411446566963632
833062,6,0.8137022577321719
9423294,11,0.2785215152815225
30172944,10,0.31882699164881817
31304499,4,0.42467839981768074
39813055,1,0.8045500032131074
9955785,2,0.8237015753607498
30844050,6,0.44539067374556524
30253425,6,0.6894202310653597
20517583,0,0.6351186377707407
19116509,11,0.6249099935589104
36746693,5,0.7368140518397248
38678377,7,0.45264156342366807
19253264,3,0.3805741667259527
14846147,4,0.6334196620609107
38358881,6,0.5294600185090259
18732016,7,0.2767419223371196
15627908,8,0.7238073858191246
3153112,9,0.38939926317022316
27338553,0,0.356356792027814
28508228,11,0.42024831963445797
37797227,6,0.5232725615349338
34367790,9,0.8131355762888884
16692777,0,0.7067035258421925
22699040,7,0.4082220365198263
27821571,5,0.3944885782342088
12787452,2,0.4698059420844949
5968951,6,0.8044084228616698
26696650,9,0.5451581146755604
38565022,2,0.22510844994439708
24339875,2,0.5118775871317957
19737367,0,0.4532328626876965
3343076,6,0.4649542209486423
30063572,4,0.8104811939759438
38569350,0,0.7844288460845767
14232905,11,0.6409901413277082
37173450,8,0.39326631840364357
32855942,11,0.3372816302161579
11238277,9,0.48556898216220246
27559742,7,0.6227197087613155
34618256,8,0.42490389893685815
27447953,0,0.7861337791222146
26564336,7,0.4678847207392915
16846977,5,0.45881420535000655
22784372,10,0.5111067488248094
22018400,5,0.9785503595018458
22197096,0,0.8306560729179021
29395516,8,0.4561294969446333
19263704,6,0.7244608993003974
1649351,11,0.8099339471813289
21678058,7,0.43596726811034164
10688843,1,0.6968616473854921
31831242,9,0.534037491013783
40048443,5,0.678281696543488
34767400,3,0.4307016244769834
13398697,8,0.47011227810417433
23766054,4,0.7011681239463147
34340458,3,0.5290688615895773
29153653,4,0.5217117441908131
8935228,6,0.35923011806412847
33612481,7,0.33532915471973207
28813775,6,0.5248077865389462
22159278,9,0.9480043748620717
22528752,9,0.752182338756255
33658175,7,0.3461517689925777
20045894,1,0.34936061726031326
32343514,1,0.5024219997384299
34403656,1,0.45294192013949053
34207641,1,0.47600131283045954
35964583,0,0.2955928201462104
14594324,6,0.8372803406453336
21913102,0,0.5066847346352092
18556688,6,0.5736306240150508
39522703,11,0.3795162631588785
27001249,9,0.2735450555109941
20779343,11,0.5404254216050576
12553598,1,0.5944634487793419
26720745,6,0.628561077761499
26996126,1,0.3736841324539712
31700681,8,0.5796239373845561
34535816,6,0.6950820021662091
36113663,6,0.5897871303374954
11663244,11,0.41328559910580315
16122228,0,0.4459731786040207
23399564,8,0.5021110789387941
38888628,6,0.5089243942971202
3822336,8,0.3526311839330236
31751674,7,0.45812790546823556
24915995,0,0.3308425096718514
11729662,9,0.6549765645711817
26181113,9,0.8834191053035065
39504872,0,0.5586566168942256
6839922,1,0.47671299942975165
23165736,7,0.3540649211451966
27077908,6,0.42770228959807277
23648826,6,0.5156111200686739
20997863,11,0.8100581446854708
30060303,7,0.48993345977235553
4359085,3,0.8459131418093945
34772030,1,0.4771287743051857
36424454,9,0.37522091249682116
18228612,2,0.6711850479962179
17926273,4,0.6993458514688784
4801216,11,0.3502607734401116
26693852,6,0.9441721148326714
39379351,3,0.8819341027212767
1782843,9,0.38632319041307533
34902649,9,0.34383056943042817
37883072,4,0.41510614190746425
21567158,0,0.7807294939554291
14138858,7,0.45462515171929363
37487379,11,0.4540269935129008
11785720,6,0.6689282367826477
23230184,5,0.347392070839169
20753807,6,0.47957189976548387
18729026,7,0.24704709438242622
30580462,10,0.5868613429507875
36780377,9,0.5890812323510455
22446362,0,0.3841270760868192
17933572,6,0.9166029296321072
28970771,0,0.4218924858784306
33359306,8,0.7199118201259422
17757306,9,0.47037528618994345
26716389,7,0.6751714345395673
32804499,9,0.7145597986598227
28747962,0,0.40933846279839986
10713579,9,0.684599691852952
12526065,2,0.5864142223071339
35436399,4,0.4638051130300494
31641440,1,0.471708901304313
29530594,0,0.26965103336051693
37091436,5,0.3661567450942516
30539789,10,0.5156820222441205
37153426,9,0.36623958050884375
22510934,7,0.9003648987636423
14440455,5,0.30467912623310067
38742207,6,0.6318153955364186
35462876,6,0.47505806965601965
30559507,1,0.44575544607718554
2386418,3,0.680799687118598
35314206,7,0.5217948662947665
6433646,1,0.3987793886755377
36099260,11,0.538343168481733
25080463,1,0.4542350773428123
25596426,6,0.40566810019221616
9907352,11,0.5613797908869341
10212791,11,0.4419678079652672
13978556,9,0.5075102388300751
15564523,7,0.4441415646884931
18351291,2,0.30558894648513124
9332736,3,0.7448466235993546
36515258,3,0.47133301766289853
11454356,0,0.5858536069127338
25952300,1,0.7713590202639881
28254910,9,0.4673752366139556
10867028,4,0.5651665529062392
39219302,7,0.28980756368033866
17287017,2,0.9837778171744471
772814,7,0.2988627318038228
18714724,0,0.30821356667630573
2203424,3,0.38157642175846246
27353947,4,0.5506222894700012
22860742,2,0.8064206344447712
31562726,8,0.4440485733350049
36101327,1,0.6103966444904693
38112650,6,0.21785995604720965
39936831,1,0.45435797294065006
22739701,11,0.5222770115556703
33105830,4,0.5619779624402317
22956785,6,0.35181790670589325
5799126,1,0.6977211385138818
27839797,6,0.8116392770049197
27935718,10,0.32710816313354807
3611827,11,0.30864817663558186
17938818,11,0.41204095308698274
38112806,7,0.7775226131707684
23060615,0,0.4173634968434916
39755464,0,0.9925193332220463
3907810,7,0.7390480843555716
31532290,8,0.385397393674902
2803737,7,0.46995605581158767
35666067,7,0.7657670117427978
14267427,6,0.5036633178405729
22118704,9,0.4419658752879362
8348456,6,0.45206985633443014
36453319,0,0.4381954026012057
20978757,5,0.47853066530535454
17405992,8,0.726624187006263
4432208,6,0.6601699220832188
28256618,5,0.9400350450826341
21726553,5,0.9241037477191637
30490452,6,0.8072246489873028
32680184,1,0.7979063210910686
23122079,3,0.3332373948636126
29109802,4,0.36121736725654696
9687989,11,0.8310940802262855
6281670,6,0.39669307963314987
7068360,9,0.75756135360288
35197779,1,0.6494006903539958
9874405,1,0.6125257419546476
13002132,1,0.5045668260371069
4811379,0,0.37820639727361943
34776877,11,0.5835640976170835
6368452,3,0.37677940817046435
39474896,6,0.43992626037629134
28523535,4,0.6609796330523654
36191351,3,0.4221680554001547
25371880,9,0.3796270037810298
28457312,3,0.827166318973877
15123928,5,0.44496726607941633
37482733,4,0.5542408220881908
13944427,1,0.6014043358388774
9103511,1,0.4663240073976083
29480288,0,0.6504360420981862
20480238,4,0.9303996874227256
36032280,3,0.5352300478623244
25331500,2,0.608725661298349
10775411,6,0.639121536527457
34112729,3,0.4997153179847668
21476075,1,0.5847522784058778
35651895,4,0.4243787099040421
9790121,6,0.24985921328878385
38000290,0,0.2871756041009077
27313970,8,0.4856298009008553
24031821,6,0.915116836442911
15233601,3,0.2958962178840027
13512823,3,0.5263793696732737
6942039,10,0.41923449473459035
34873614,7,0.8124967501009787
36402748,4,0.7778210334938774
19216135,9,0.9759255153873356
14867193,9,0.5844376027894593
8306171,6,0.3361452999628315
2119761,5,0.2374470948042087
33490163,11,0.4668630202090932
5558837,7,0.45350549715258826
25875465,8,0.3943191250366913
34927327,10,0.5533650088992332
25041420,9,0.34817853504189195
8710918,1,0.5808532123955615
25063167,5,0.6808744271433151
23765639,0,0.7866989281983998
1734801,10,0.5902491105326977
35382203,2,0.6407829995637321
17534932,8,0.4606224607540175
33177824,4,0.7357749070387124
11448005,6,0.29759870199596616
23048756,6,0.890518537838414
32173856,6,0.34697664571496883
33209048,1,0.523577502519232
25268696,7,0.43741185312862263
2995983,6,0.7365434029589307
34660528,0,0.9635720184587317
34376896,4,0.42135269222796823
7141501,0,0.5369648516596006
31321210,2,0.6944444128489716
12189133,4,0.30845104434547455
35213559,6,0.841385825410635
33619188,8,0.4821107268843437
39923814,11,0.6119875627986787
38946269,1,0.556685888983082
10920035,6,0.48092059204681725
29869559,4,0.48527055465003577
21843693,8,0.6778078699940704
15832451,6,0.46684269615563617
6745523,6,0.5929643321832141
27929669,7,0.6158910713675234
39334235,11,0.6431181144972443
34324025,0,0.5369181866343586
39353395,9,0.30118368771076187
31111032,4,0.7157703635989757
26659877,11,0.5123054298989991
34839105,7,0.3145738506099157
27293796,1,0.5466567647157924
32084545,9,0.7597392500412986
36368252,5,0.9999999999917706
34710633,1,0.42603473772818495
21752684,8,0.35316911260714023
38827949,1,0.4279633189666278
21394015,8,0.3008798861420687
22399888,9,0.3088271877276521
6204443,9,0.29817940719134667
33579522,5,0.6926236075511921
20107925,0,0.379745743333192
15522310,4,0.5291380142520147
37006267,2,0.7532139518895921
32381416,8,0.30676641631006685
25822738,6,0.3797688358233528
29947162,8,0.5021785349544545
36139,0,0.9999999999782762
20926193,7,0.4312629908706395
23584709,8,0.3482586019679647
36292999,3,0.47282048741133703
35662828,8,0.32829955519831633
33489133,8,0.592038044564173
29866162,6,0.7520670978242646
18637752,10,0.6699635358845235
17777219,9,0.4612654501437907
32339864,1,0.45843594084552364
15020911,7,0.23131481701177278
16341484,9,0.6282566501279009
21166771,5,0.5976941479218575
13770335,1,0.36352283960008414
35546853,2,0.3220021916644625
16860792,9,0.3684666499056136
7524467,3,0.6295425772056866
27372782,6,0.9999999999833985
31379169,9,0.35840717832883195
35851209,6,0.3901619367648156
16315673,1,0.46109638188561125
11598204,6,0.7972059068402237
5506444,6,0.2636078041462645
23083195,1,0.41815348765852267
16744826,8,0.3562992530302606
16694298,1,0.5578892573785452
36515486,7,0.5668784573583241
36691704,11,0.5217865178319917
35281691,9,0.3442158156854717
39726805,9,0.5222843274473061
13805343,5,0.46967450254065657
25229511,8,0.5372198650112497
19645543,2,0.8335361916250005
31336084,4,0.551752651069759
30589379,8,0.6165738269903155
26994963,9,0.8733565351689497
38826359,10,0.3551243053704199
33573239,9,0.20934626608022772
12939897,6,0.41770044954935076
394500,6,0.38768741414364577
17640919,8,0.30157027023782346
22715036,7,0.6419520669467167
39816374,5,0.49393607237348164
18478837,6,0.47499924888175016
24508033,5,0.49480151872595707
31551410,5,0.4304358019605734
17876492,8,0.3793763903094829
25622764,10,0.8540189419154822
37750141,1,0.5910265073372915
16616563,8,0.34206095917470664
27524664,4,0.9220716190073515
34985735,3,0.29881641634470313
27433026,3,0.39049891660181785
28251453,9,0.4472698063612128
15112166,6,0.7072039095843504
39617488,7,0.5058696154282266
35101791,1,0.5699901761283653
39464748,7,0.5034285185941829
35624459,6,0.42334390381365794
3542881,7,0.6398062584929559
39644907,9,0.435088626390072
8794506,10,0.5203102532735957
11376898,5,0.5940828010665795
24830163,0,0.42008411523629596
29224258,4,0.8473835768956305
18563717,10,0.6762725603016037
16670712,2,0.33275104135011585
38097531,5,0.53359367195723
39634861,2,0.46027037246086294
20661902,8,0.42943261573427455
11760436,6,0.40205772403848616
30217561,0,0.43585828664953497
35856708,0,0.5244442794122192
34706388,7,0.2944376287413468
12446132,2,0.5322563175097642
2487475,1,0.317651157425135
34942123,11,0.3651488132972316
24587480,0,0.6267801471238306
33978621,5,0.32759890024919996
8813226,5,0.361750107762144
30675956,2,0.4721846057407264
26674790,6,0.48699753543397567
23704892,6,0.42869168054719525
24490115,9,0.32959037352782483
25691996,10,0.52634504366245
18040251,0,0.6894137556475266
26959176,5,0.6434335701742294
22876148,7,0.3358674773849251
32620254,0,0.27181478234430057
38129077,1,0.7782818658146837
10380065,0,0.7939172258014542
1522636,7,0.6558733010126548
11788115,7,0.6439341765064767
17127083,10,0.4591336395480255
29809524,7,0.5207645496406087
23119648,10,0.42292903732372417
25593973,6,0.3944257834461109
39134580,1,0.6112716190812282
28993219,6,0.3744682593984416
4182419,1,0.6874076684670106
31000289,6,0.7210601772448036
36528692,7,0.7751271062160328
39299917,0,0.546461107149599
8470539,5,0.3362211683201729
33482496,9,0.3117581417615063
27071661,4,0.8408129908164532
33424001,1,0.48554804553361736
24065099,7,0.40347187440840515
25826219,7,0.7767157747154066
26004787,6,0.650272033819595
23175728,9,0.9638639738295298
35547002,4,0.39938595734910615
21747902,9,0.42333115466414817
26245449,6,0.6640080016419312
28595465,7,0.3514591782256928
23433842,0,0.7534774709625387
31637600,11,0.22231214411564926
15610749,7,0.5312674604589024
21558782,10,0.4559778326494242
9324389,11,0.3262904467897634
10883805,4,0.6416842774497749
34288230,9,0.7324061052482467
18899555,6,0.3331956740889525
27233585,5,0.6140138961455561
38266841,4,0.3593897130250923
39788860,10,0.911503558910216
24872289,9,0.35919392196633526
29834729,4,0.4495182765086408
25826130,3,0.5135585041944599
39941213,3,0.2353580035209676
34029726,7,0.5270789388784336
33324535,10,0.38447704534434146
25559596,9,0.5892787911934609
13855020,6,0.3275305516717575
39413447,9,0.6562626673008494
33699718,7,0.639152033894365
3711303,0,0.6249596607602786
5767678,7,0.3656370837200804
15149075,1,0.6986566980509602
35602681,8,0.38861818626980477
1806608,9,0.6386807418294362
33315062,8,0.4591507576827338
25463013,10,0.4087881154210123
31210223,11,0.5033780762741061
22540410,6,0.37963988288519585
36436283,8,0.3391819461832832
27884085,6,0.3650682812475315
32655055,1,0.5981627478558383
13094994,9,0.7617526019080616
18214937,9,0.3512862789580599
4806520,11,0.4201088959066063
21656843,1,0.3113011723696196
33953505,3,0.4555099925396627
35208553,5,0.6553976046054661
25973363,6,0.4619576229476499
19349503,5,0.5321353034170113
39474794,0,0.4217558504113649
14764294,6,0.6813396166595144
3106893,1,0.6429639138194215
3100739,0,0.4172321852665326
9715454,9,0.6538598254424965
23820144,9,0.34467417395280253
34696412,11,0.3650682048049951
30946670,1,0.6470976291507681
1658722,3,0.36713750057461886
23091840,7,0.30663135247764134
40045899,1,0.4735679381474267
29822007,1,0.3978632009576381
37610533,6,0.636275379139169
24963118,2,0.4846042951430086
200738,0,0.2697119571666929
15401376,9,0.7165001083532658
16409992,6,0.47319251602982665
24936107,6,0.9898529182296197
10166956,0,0.837663341756323
15582443,7,0.505345824570435
33996037,4,0.46184918994005986
14652081,2,0.7082235827625002
12500069,9,0.3896807172715905
18833471,3,0.6399267340835729
16285889,10,0.5663040934713605
39177610,6,0.42911557389770466
22124914,11,0.7956961986254696
37512132,7,0.54485532179899
22207625,2,0.2679512067823354
32239961,7,0.4323332196194743
19291927,3,0.9391931742875551
38334497,6,0.5231216819671489
22208821,3,0.3886578643509913
34608613,5,0.4979326475190525
4378464,8,0.3238713757856843
27924819,5,0.8394056244376339
3783677,6,0.3543998611809105
38743403,2,0.40897298210968747
20827093,9,0.3785776084247668
11058250,6,0.7515502435159698
34467657,6,0.7140463901488396
28500275,5,0.6523007908243941
6573207,10,0.765494781138639
34981307,5,0.8197590601718591
31607200,7,0.27890280780484333
33338375,11,0.2920953981513061
36535381,4,0.9574490783201229
18394747,8,0.7219979805420045
27603093,3,0.26531780441641745
35611473,6,0.41258390684162344
39479445,3,0.803617839035273
31773229,5,0.5161166553127271
38206587,2,0.6758679110747664
28477705,2,0.9231178435075807
14858000,6,0.8559083740681159
2631405,8,0.8363678444975186
27831173,7,0.5530619697251042
11301910,3,0.30041257563047546
600190,6,0.3265721172195485
21042624,3,0.7081334354068908
14780175,2,0.29894926439293523
17611947,8,0.4743932793167515
11557587,4,0.34281424575465597
37276018,7,0.49429282361598886
17386880,6,0.7632807015715726
29843433,0,0.4635399513618328
27300302,0,0.5569624507382744
15535927,0,0.6775776748306082
22258442,9,0.25679029986792895
32324619,10,0.4836970771198889
2425787,9,0.4103589960577289
25412508,8,0.5389123961254096
903497,3,0.3129226033538655
25063938,9,0.35990665494913454
23540309,8,0.48015876033459953
29399659,1,0.3750267533521729
39662891,8,0.42423896175218057
35544574,10,0.5183140056336697
30418250,9,0.3921564154408523
40082844,4,0.7995545663184395
29776336,0,0.6562433680927355
33137269,6,0.6596228748434569
36157247,7,0.6421265281669114
22620266,9,0.4092455149029133
17121949,3,0.6068170650593618
8624507,2,0.762344108371892
39381305,7,0.4096074635895079
28966457,5,0.47512087303710604
34780027,1,0.27232354485548915
34096997,8,0.5664756851589444
33464240,0,0.506161775341473
37195684,6,0.3599714319659724
29083059,7,0.29477912938983364
38263995,9,0.5565460387025841
19350346,10,0.5385409529845689
12453580,0,0.6206071583359373
26228747,9,0.8317550174839295
39723437,6,0.5820915848023325
27051737,9,0.8825198772907225
39817973,9,0.45603018077486157
7990321,6,0.4481853405225153
18866994,8,0.6597394191729625
11885651,1,0.45912348392569907
22775640,1,0.3181325256708825
7524213,11,0.3577252551094956
39873204,6,0.6135662267612667
21533706,4,0.489601566001679
25004515,1,0.35710039838474283
27691937,3,0.420758620085859
22512677,1,0.4437485585400712
21994472,8,0.4884987419156655
22586713,1,0.5357712409093291
31144356,5,0.8778101638809416
27640853,0,0.3388826433712603
31368770,2,0.5471864312386994
26616643,6,0.4444061031122461
20317456,4,0.5286011860196782
17056450,0,0.43848428508301407
6575825,6,0.7914916056694731
4653711,6,0.42618871119230867
38226607,2,0.23574393722473252
29461019,5,0.7268712085932646
32850657,9,0.6353572500627314
20196930,6,0.6574601224018332
15696547,9,0.40578681190883326
39252731,9,0.6495082358620914
18261318,6,0.7060736562827566
16888757,2,0.6339598163498738
21722563,7,0.3895344411196034
5486049,4,0.3831233578792803
31293460,4,0.4555641466572534
787739,7,0.2690821395033922
35516674,8,0.3114024583746736
19467290,8,0.3537186749493262
28891985,9,0.6249258218284462
38385010,6,0.4705862673767128
7072505,6,0.6458493224550061
15401497,0,0.7533076065745614
36769231,7,0.4495283973462751
17569519,1,0.5233844130423176
17427252,6,0.2450985679357622
24422502,6,0.33592625136130605
38672675,11,0.4853296828905711
36455647,0,0.4947717387027475
23145928,4,0.5174804239009676
38703556,9,0.2585727388278034
417584,3,0.3537573970053994
31500189,4,0.6359977009848721
20008173,7,0.39092282285720187
30955503,1,0.4109724091086573
13178225,6,0.39495448469671884
21294997,7,0.4921040693197491
31943941,6,0.42916408883513657
28158278,1,0.5987954562907034
37877325,6,0.571303465046194
25641980,6,0.3280067194374713
25024912,9,0.8110503701738738
10077644,10,0.7374337224109736
15722222,0,0.6276515478075095
39750041,10,0.39955762616149737
24707283,4,0.43250633443849473
8335548,3,0.39640259228566543
37220463,1,0.24122518204311502
27296602,0,0.914262345461627
14013597,6,0.30811224042936436
36926906,6,0.646434491220136
37908556,6,0.5407771091866111
32383234,9,0.3413851893818369
24826092,1,0.4841634679619834
11905635,9,0.5613587583007512
33650606,0,0.649054186305541
3778579,6,0.5533998787781701
30539412,11,0.5347135683601063
29158931,9,0.34953734703964046
36817549,7,0.5003235599733179
3609596,0,0.6948882880838295
6233563,10,0.2512073060090502
34214100,7,0.5121587996529524
861190,0,0.6732595321186131
37322690,3,0.9295764218322775
14567210,4,0.33451588779652536
25987662,8,0.3101498487930672
30082180,8,0.44207207056761394
19141073,11,0.32160003938428766
37840885,9,0.28639885880322385
27674145,0,0.9999999999820823
15562446,6,0.6054398618955269
33350147,5,0.9497508986050803
28727241,0,0.406524400111861
7119755,3,0.6222153485378952
39950816,7,0.4183485470908951
24430620,1,0.36063312729670305
9822291,5,0.46009480643720535
34406382,11,0.6302391719543535
18908875,7,0.37062111335086334
32808856,2,0.688326164899881
29940783,3,0.3500516528988091
22763675,4,0.9017782902273204
30324464,6,0.6752861756468809
16065370,6,0.341452755767988
26366588,7,0.37267307251452747
6240648,1,0.23410122943270087
37882975,2,0.5428409081608129
39576340,4,0.8213565271590716
31305213,1,0.5753968964762751
10906605,3,0.2815389701516648
657857,3,0.4515035699143429
21007783,11,0.3534434557490736
34713346,8,0.6691875587570782
25064228,6,0.38316042895550534
26060130,6,0.5358108471771149
5847679,10,0.361413839099012
2786384,1,0.8437882340352979
35320452,6,0.4184566592410949
5231627,6,0.45351928419500315
8910927,10,0.4367869947808753
40010317,4,0.5507693721417292
39628275,9,0.5663794904802925
3195738,1,0.6637419884700262
37567405,8,0.6832812505316758
30792422,9,0.6066830627463362
37175103,7,0.7539777146338072
32124687,6,0.608428611978238
19460367,8,0.34176593343693895
7850207,11,0.4447141213210881
21266312,6,0.23013830758112241
33555332,2,0.45524287550520137
23085560,10,0.6009162631076685
36825925,4,0.5977302101178893
36488214,4,0.41439376066884576
38872755,11,0.723127598169349
15823011,6,0.3789560317491819
34795531,9,0.4927634924922356
13818549,9,0.23835337828299835
23975202,6,0.4504645012989419
31997811,5,0.2601356452625083
33683899,6,0.46293429665287444
7800693,6,0.6577073042429663
27592603,10,0.45071183045684393
2656066,11,0.7159067853491589
28735974,4,0.4151094560309487
33165523,10,0.4300185183428328
30182677,7,0.9706308413971242
33689159,6,0.31160868873974124
29963173,6,0.5310357599148162
25087481,9,0.6258416349042917
27163479,8,0.7973877758489286
13398996,6,0.6303613142874297
20402430,4,0.4872665209458044
38839246,1,0.24531410800405884
39708133,4,0.7635665051579033
15851238,6,0.2811278056628481
37461798,6,0.5580939919835627
16453758,6,0.504001941718869
1817064,0,0.380522407728789
29350869,0,0.5900488096942486
27066370,1,0.2835165993599376
1588224,5,0.7499361022213428
28187242,9,0.5882989091428428
17453212,3,0.3804025240586363
37809681,11,0.9188433260500668
15272785,7,0.4509441024906458
23146819,6,0.5211226381185297
37783438,6,0.5155993085312366
2619446,6,0.343005728916343
29676893,11,0.5982448655602608
30934414,9,0.6486237607755868
36317464,3,0.8646369165432792
10567845,11,0.8935506334073582
18385530,8,0.33583007820320276
24832628,0,0.2509991560125913
19063162,9,0.34013954072412156
39578807,9,0.45206543379831826
22208065,10,0.9192411375861606
34398697,6,0.46590917476740357
20968774,8,0.3367039603108996
23524444,9,0.3365505880638441
33355268,6,0.46841697956654044
33920777,5,0.7862021665844939
4528831,8,0.27343179831802655
26147688,11,0.6359906060450465
35002160,10,0.6030315260296814
6142757,3,0.567995775910877
31263153,5,0.30590615417535566
11638387,3,0.5410453655856872
23578018,2,0.8297927755649038
34287317,0,0.2295938015167061
38908575,10,0.67660109542624
21209734,1,0.5764210704909132
18818307,11,0.32152313135856603
462933,10,0.7262610497866171
35294265,11,0.38310415632522116
30776447,11,0.5004012094006821
21510223,0,0.5951771021127553
27306343,9,0.7661207410844456
17798174,3,0.5518250244123252
23934922,2,0.7459384937292546
37631810,1,0.5729629794924493
17497819,7,0.41504602937562673
36108585,5,0.71469148401498
35499348,6,0.2699822323395956
31792768,6,0.75219489203007
24643704,9,0.4726311209876973
30612360,1,0.4499855753285797
31041736,6,0.4635770917875273
36665225,9,0.36165036158826613
19238307,0,0.8155939005717291
12827548,7,0.42903867552959407
36270068,5,0.7108843357026531
13360387,7,0.45472017457517216
37653474,4,0.7329302259429538
26590089,1,0.41085563473423686
21026224,11,0.49610176759648394
24941642,7,0.8967071748955646
39649714,1,0.430790511031035
23613715,10,0.5236361348914532
14644889,3,0.6143440550126604
35646121,6,0.3425508709961592
17911026,9,0.2998429550414185
5269304,3,0.5051068059433909
15956169,8,0.4597012487748977
19314465,9,0.4788592901660004
14713757,7,0.3589655618035444
31977102,9,0.6223688621280548
13080591,7,0.7025586724873353
5422184,5,0.6949737505101846
16575153,3,0.40502845389337044
38626345,1,0.7050155211980558
38993266,4,0.38015635180482554
32353974,6,0.3164725276879263
12997572,8,0.296402400991253
31077688,0,0.9695756291350444
22768682,1,0.3979578318409604
13117477,11,0.7533812945519731
30079630,6,0.3822118058397173
39270653,0,0.2450668609260885
23922867,9,0.3272097724776858
7860534,8,0.7989090672685879
25045924,6,0.5566314971029603
19239154,2,0.4934251935535636
14442255,8,0.3460241469721816
38111769,6,0.36060972291729093
19605405,10,0.9897813933786428
35106112,5,0.3694681125897466
29120626,5,0.9035781848102802
15710592,1,0.6375244857946494
10394243,2,0.6618531530033829
19798597,8,0.4356321964585408
3075065,10,0.520988737476492
12165691,4,0.5475420442879959
26405939,11,0.49558147994837354
16001959,9,0.622351555571605
2495487,9,0.3895839638518727
13907315,9,0.5102449929080569
25953959,0,0.9237832514421995
4296041,1,0.4417240397867289
22076453,1,0.4177791188231658
29306092,4,0.34397075213916306
30540139,5,0.6104745177065425
14823363,6,0.45308874733010945
28144350,0,0.9048215503997122
12164734,4,0.3203222904542806
8343576,3,0.6408900297561849
35737788,3,0.5566922471229062
12531790,6,0.47802472976495713
28975274,6,0.5577683273057442
26180778,6,0.871682900858384
14887577,7,0.35993627699345215
8216729,0,0.4798101518925543
32138760,5,0.3679614458812943
21002166,3,0.4639117173313696
28649795,7,0.33673282184863734
37792813,6,0.5645421741252505
39593747,4,0.4951693383173727
22546836,1,0.49147249058142417
13536350,7,0.3147774856994591
3303312,0,0.4921756155734978
36412921,8,0.2738870984747351
30093903,4,0.5135083290764689
34123891,7,0.7842773944178381
25442482,6,0.2732816736394037
22615196,11,0.536495249715332
9285713,9,0.4469722170436629
36275522,4,0.4092762198979257
27033146,9,0.2775696922473124
11904603,7,0.604966670156094
15210674,6,0.6829446568219422
23444658,2,0.5524274038926026
29832234,6,0.7515485133243779
1983332,1,0.5707915174453595
33269853,8,0.5564938822980312
12917294,3,0.27795743894489033
6107918,6,0.27635962718272694
28122488,5,0.7227437076860895
36247462,2,0.5557894790905898
37945057,7,0.6563990388985463
11276322,11,0.3092836541885731
15706339,5,0.755104945053262
394770,3,0.822134275714231
30946654,9,0.6333575405617283
36606589,1,0.3579745654557921
9541790,6,0.4340480291332365
31055302,5,0.38228858812403144
17871588,0,0.4212823085023512
34748579,10,0.57047392326235
36885642,11,0.3855788643349079
39415851,4,0.6672498904758609
24299988,9,0.6379808882127422
39536878,7,0.40143051973837335
2753350,6,0.5469710661236138
38973433,0,0.37460412701957885
31757432,0,0.4650822516600317
21680020,0,0.5029138855004079
32464122,9,0.2829102223785073
38982807,6,0.5991703083906297
23774440,10,0.6204508767728402
12755804,6,0.7582446022876946
18772002,8,0.2901056409010188
28091129,7,0.3315694097440431
39018292,8,0.2489838002487276
36948680,4,0.4204696622662936
17278602,3,0.4450042086231557
20971174,5,0.43584690327941383
27688183,6,0.27051512944994843
25277115,1,0.3906352981285905
33702523,8,0.2917234437809639
31307147,6,0.3668693108430843
14063687,9,0.7875542727925747
37587127,10,0.4381350384629537
33901521,8,0.4297620135370256
2383546,7,0.395459668772979
38749120,6,0.36926554419346136
36986811,9,0.3931017156565915
39059338,7,0.5393344618176114
38187041,6,0.6083455193375791
38198137,5,0.4912499261407804
16984802,6,0.3209989344559342
33040628,6,0.6608329169724751
37543975,8,0.3357590745245881
22225577,9,0.3224621530213424
886629,4,0.5450212580760713
9382941,6,0.39481561561357675
12474344,11,0.8629710700860029
18339384,2,0.8972808912680429
21997850,5,0.3578330221683094
32319726,4,0.7677475070846784
15939963,3,0.4234049618133807
37519550,11,0.43307902637397294
12692641,9,0.34819896641830594
31687572,5,0.5341139881006339
37713847,8,0.22175752004790067
38319205,5,0.3030966795753994
39045544,4,0.24736953017617416
29978236,8,0.4177968996581418
11589275,7,0.30692669488293406
27473307,5,0.6028852524419214
27146262,6,0.42863549849269467
27702780,8,0.3266566464595726
35505583,3,0.5120822737720951
38302523,5,0.6772025243978264
5563743,6,0.3925979610459345
17377867,8,0.5663375081835277
35818129,8,0.4867884513520769
15715152,8,0.5192825223638404
15718068,8,0.4326737640883653
19876993,1,0.6502619567692773
32959342,9,0.651021010447739
33857914,8,0.5405639230989
27906581,2,0.32668427848022596
23183478,9,0.31013245471306733
22561151,6,0.7990705565915448
25718075,4,0.43047005486238343
3013283,7,0.34544967117222264
22787243,3,0.4298169946429926
36717715,10,0.44761480333340053
17485382,8,0.6729460275376872
6503929,8,0.533821560187593
35415468,5,0.7379251701043642
5773607,6,0.2882533953197795
21111659,0,0.9999999999766278
5015749,7,0.64264276020535
39347762,8,0.4490781650564254
26117548,6,0.3572819907416039
35829364,5,0.691356315341456
15288824,3,0.8127659216756895
22638392,6,0.498331670834989
30578705,4,0.39409089104377537
24106532,9,0.6715029219969326
31426757,8,0.31054502407391815
2980196,2,0.3251697003187992
38789013,2,0.8131683356904602
19303678,1,0.32596634929280627
39910941,3,0.6242693818291303
4833948,8,0.5490857741179362
11166632,1,0.29028970844815427
6900595,8,0.4449915082278508
3450436,3,0.6605852178060263
36989435,6,0.798337019042308
14515313,7,0.4375693821240041
29911211,6,0.582897483853125
27848037,8,0.5179508938529283
36042697,9,0.5408761345240337
23415251,5,0.29673804494186834
35857519,8,0.49026882258743265
38674805,4,0.9182648007376972
39187032,11,0.24988588613252738
4171866,10,0.3159914429631925
10155510,0,0.6142377315392726
7274478,8,0.3727887538734305
25278752,6,0.3193161792254837
32039862,1,0.5297779539246816
14695559,6,0.7182230867030747
25333525,0,0.8959399717616062
28618010,8,0.19329111206495514
39574742,2,0.8738425431823128
29315898,10,0.47167584918771627
13441936,9,0.6633818577070818
2524853,6,0.2753925231661286
18337139,2,0.6819383969703593
29117524,10,0.44854418834354165
38353263,1,0.57257710949852
18518376,8,0.8270956115777053
8068478,3,0.5252179548235015
12122006,0,0.8657285126464108
39355048,2,0.3117456397710505
23534867,6,0.37058725601092546
8073734,2,0.6094120590454257
35073940,3,0.5149734371282711
15218465,8,0.7147913529574286
27925974,7,0.5721650782295783
31971302,5,0.3653424435613346
35948337,2,0.4601272858773465
32892964,11,0.5665273736255266
36430336,10,0.21097770178871353
29005004,1,0.88202404212422
32234266,10,0.6559545507793362
31368358,11,0.9205616342560972
35882920,11,0.36429038223520804
2161365,6,0.6348346353857606
34185425,8,0.46545376724213944
11447624,6,0.2747279689997762
38815747,9,0.9023942033022192
22508136,7,0.31668020524708645
35297771,5,0.5173792697781232
37618695,6,0.834907869942748
29810140,4,0.3368393264748201
3632919,6,0.4522519495617774
8592249,0,0.3371784368892752
35390843,2,0.9613141167249075
33585928,4,0.5894057299174071
8895614,9,0.7763367899978523
18330411,3,0.3549007603531205
3296893,10,0.48064908978684173
22031061,6,0.7055134167512996
9608859,11,0.6741863701257111
24196421,6,0.7163033599886864
2722386,10,0.4285778311362715
30889444,5,0.6587482165127472
3061924,3,0.33757528924276436
39443478,7,0.4797820009700599
2880499,7,0.3147611003318522
13592192,6,0.6445188052063168
27090129,4,0.2632569918148818
15209113,3,0.846344602727581
1540835,3,0.44500257724168096
27108835,7,0.737759718778671
7224099,6,0.4767915802773903
3167106,7,0.4266191474520866
37018475,7,0.6960887636808447
31642226,5,0.37354997865269035
5983339,8,0.3804780428129927
27261350,5,0.4245029508598434
37219327,9,0.6826832256459215
22506504,6,0.23573440075354943
34524506,9,0.4313695176083257
5901779,10,0.6933214408088033
668226,6,0.5162219871611373
38102188,0,0.3594775342224593
12487731,6,0.6821888994132891
1760245,7,0.687120271556172
21731043,9,0.5021497164610077
35456976,7,0.4202614455469773
15318378,7,0.6074704309521023
16852898,9,0.29740517449566656
21567271,6,0.5861230142214428
19783529,6,0.7688190282279523
33274670,1,0.47015475156915837
25236614,8,0.28306528444767975
1665468,11,0.5773049136390238
12703678,1,0.3798921345566241
8008829,6,0.5551027746575943
16656199,9,0.6113960137815281
31728741,7,0.31020309415590624
27152673,1,0.7702812511298608
34725274,5,0.36491337188154443
35934220,6,0.7716585067531684
23161341,3,0.5470225278541936
36971077,8,0.38176795359582666
29285782,1,0.31434606259169323
8126654,3,0.34915367719413865
24906957,1,0.3450008989101137
22235784,0,0.40394575461307103
19198634,10,0.5172952418748218
36068887,6,0.34855386315996983
33614378,5,0.6378865911900033
30296156,3,0.5891326608212522
33540418,9,0.3063036396760421
19265597,6,0.774266077480314
35666761,5,0.4093336695352896
40010954,8,0.5091908487723601
12573741,6,0.43381097547662045
37316261,8,0.41137889117797544
29596204,9,0.5835916214667473
2532236,8,0.3391118879226333
11533939,3,0.5909980004446738
36039919,8,0.48586022727845707
3472884,8,0.4623234730956768
37874284,7,0.276430617522139
2203947,3,0.7113058295647223
29884543,6,0.2719365398586865
28788335,9,0.3798182557427368
33511939,9,0.5519052031986535
33703229,6,0.7380615555696272
13133197,7,0.4335694342985915
31139336,2,0.36879939445078597
30882563,7,0.47831690336395377
10972086,7,0.2659240710983889
28180360,0,0.5051470714963237
38779958,1,0.5589282980444455
16548581,8,0.40573210331935666
29655015,3,0.737489079448518
16849727,3,0.34428883384824427
3220957,9,0.23592155728469352
17701074,8,0.4919270126240684
28602550,6,0.5429505292401795
34721879,6,0.2208035434464621
38463099,0,0.5720048359557004
33785186,2,0.3697064924195388
39662665,9,0.8403435402974034
749070,0,0.7953642494448184
38999203,11,0.4551279083931741
23404162,10,0.30824239256400954
24946061,1,0.5065104976454724
19859609,5,0.637259963667378
40001010,3,0.6778056105781808
39936697,7,0.33279746751067496
15570526,1,0.3708068237194489
31398235,7,0.42102923153669924
39152390,1,0.468429682592495
30505407,5,0.8511284960393951
21653433,8,0.6063499805913347
29042718,7,0.399596294270201
3989967,8,0.4710249862977756
37663931,4,0.9614279211663498
21483003,11,0.6905251750733074
35062368,0,0.7638463559620435
25027506,10,0.5749007937664011
6190348,11,0.5606487025915935
30936082,11,0.7033187908870586
28445912,2,0.6354242636635528
20167450,7,0.4280834597907081
38648441,2,0.410061167496638
37672642,6,0.37646929875228335
32939190,5,0.5589465824231413
17180738,6,0.32413122760846597
25900639,6,0.7024789675527102
24948099,5,0.4552318841991449
10188210,9,0.49781119691961384
24499349,8,0.524718109704877
28957946,9,0.3088101524701126
120657,6,0.7667742019921787
31376961,6,0.3845436334416464
20332320,6,0.6334175353257608
37286768,8,0.4277088919710732
6726953,8,0.5296505747886978
39781344,7,0.4295434027184914
14989749,10,0.3534557929589105
15920039,7,0.6611869166737778
29814060,9,0.6166151905908676
10728309,8,0.44078574201605447
10344481,11,0.32716730867089017
31787110,9,0.5240857001722069
40121562,4,0.409522288385168
38564546,7,0.3139554647923066
23405610,11,0.5293571574398234
20224526,0,0.5188691553967945
29238964,9,0.8195538088506628
21120668,6,0.39874701678443675
25943850,7,0.29815600401936676
18346376,9,0.58369225183539
33774805,9,0.4640617024268127
36417918,6,0.42758132209838073
39890879,6,0.3902837839184612
15761846,6,0.5711429056519131
33457731,5,0.49005662415335033
1633932,0,0.47633599125925175
35350808,6,0.4777315007679315
32677445,6,0.5641440024794396
9717224,3,0.32533461913565026
32806808,0,0.6437537496125799
34896728,3,0.49428956470459073
308913,3,0.41076966069827325
31843830,7,0.29313045697228446
39803321,6,0.307155601562969
11842979,2,0.6076331351796612
35495377,4,0.3756047717501606
19826477,11,0.41123062765908885
35432462,10,0.7603326818989354
34599159,9,0.4785862725935752
6593030,6,0.302694418499592
22203332,0,0.9205077338038387
35253990,5,0.2537578724667425
16857407,5,0.45946658451661465
38991025,3,0.44196609408191806
20518302,7,0.4207085437986268
34942955,3,0.7453097673627819
30404890,6,0.6278754298856603
37803637,3,0.6842002684554884
34965276,6,0.34712042253289727
24454177,8,0.4226574732705503
13415660,6,0.45307016987549403
28255850,6,0.4386742651480421
23846113,5,0.5129730925709131
1531402,0,0.7797350957188944
3499242,0,0.4132419525299351
22266209,0,0.7483085201797809
24730520,11,0.585528535365177
38810610,8,0.5381123938554959
29661297,3,0.6565573255369923
25684522,9,0.727554097880037
39993714,11,0.8519747065179178
27886502,1,0.5747525933316676
19730157,3,0.543483324053706
4674465,9,0.4981993256907355
14955487,6,0.44827928415624785
37175400,10,0.41384350292223476
524992,11,0.7195491647058659
33109498,8,0.3908732739354634
35213780,6,0.5075204554284394
27806167,9,0.5838237114833502
31661177,6,0.39981388208322816
27326403,0,0.35483012065578495
33057463,3,0.7887209648266467
34281442,3,0.4477144211140832
22409214,2,0.3469105528443039
3149496,9,0.5581782299060383
6498459,2,0.3097000611515387
35711091,9,0.99999999999137
37245832,0,0.41892612494679665
18580920,5,0.5003970498815382
15416054,6,0.5633720845461787
36840903,5,0.4860752629343653
32467060,3,0.6655664065918654
37356288,2,0.4765355424573091
30974427,9,0.5081531041154352
4972079,6,0.5886992690451309
31269509,3,0.41614035466825977
11729594,6,0.4591243970387033
18513734,0,0.3674342963452537
20814173,8,0.560115891241914
6407620,3,0.5034345559763872
28298709,1,0.59647400729261
18221843,7,0.39631748286702045
39233277,8,0.3471553314782583
33586493,7,0.38084546897278565
38353644,6,0.44537553443464456
12872242,3,0.3361352118750535
35086560,8,0.6152897708153292
13665968,1,0.5405096071877207
29141727,9,0.8733995846596537
32129387,9,0.40600043655612933
7191209,7,0.30082565002025347
33131477,6,0.5878797015006703
30533189,0,0.32254578107609955
16068703,0,0.8321896602286132
37853870,3,0.6330122787327551
29017058,9,0.5934180741191978
28631288,6,0.4060143510886544
27004815,11,0.4554688442579373
24458023,10,0.7045400913948894
13806609,6,0.3533023536657062
36142326,2,0.21109442294362865
40125189,7,0.4197958009298257
34296409,0,0.3227097107365974
11853141,2,0.5065553661211641
39085287,1,0.657555208179076
35542764,3,0.4317820035355558
38992480,0,0.9298631964941392
6194533,2,0.3364507111895254
22849275,9,0.7852664260138367
9789410,6,0.4806395144254712
7916317,1,0.29608793854636606
6756132,0,0.6820787963206875
21313476,3,0.47024460448701144
37849499,7,0.4031732722875141
10035010,11,0.5788821611215702
17868597,6,0.7964892933087663
31336664,1,0.21861614938310486
28215774,2,0.4681830887295898
35027945,10,0.7072304862440442
39088101,6,0.6213653158581461
30461015,9,0.3343351630881219
26836188,3,0.5190426316690876
39133507,7,0.3519484477691904
38308003,4,0.7321881555896573
34584354,8,0.49230152547795586
33857132,4,0.7543372510694218
19808317,6,0.8922959792449567
21073857,11,0.9004869528564288
36532845,1,0.5622857616413387
18881472,0,0.509600241445591
3950773,10,0.8144393275465766
32036119,7,0.6802986645839841
13484182,9,0.5265933785127629
10307794,3,0.49681542169967324
6953370,8,0.29235340316648806
37197780,7,0.751989766493842
1602122,0,0.4725707619253312
18961548,9,0.3160030450580954
38817895,10,0.4429447925044382
21805453,11,0.5958887572609259
36463722,6,0.6294283157103235
37976477,10,0.6869760511667854
787015,1,0.5364682808166056
10203210,6,0.4727301046569866
27041646,8,0.23665338655670923
31235971,0,0.896664335965541
35289673,3,0.44389618486672533
38524821,4,0.4426136407082421
10827112,6,0.32848434788775316
28057646,0,0.38859530739426096
14354819,7,0.5722196327845152
4031814,6,0.5042154521403341
34645130,5,0.34741253293106644
12741957,11,0.7661144996678868
9440010,2,0.8425229093582389
24937011,3,0.6598010221633467
25739026,0,0.29607594609713533
20189314,8,0.4349528021715164
14417870,0,0.4217492907398084
32321408,7,0.3138735888890776
15214020,1,0.5735609071236853
37625075,6,0.6599416128004237
27090063,7,0.3305058566486967
12666319,11,0.48710907344398463
885103,3,0.46185377583865395
34264314,0,0.5309954752413554
34803982,6,0.3478932659792274
33612568,5,0.6502922070148937
36731323,1,0.4774430255737603
31516085,0,0.20893360583658957
8180959,6,0.6913654848751191
20131108,7,0.4312591570105631
22829309,7,0.748059204160828
13584992,8,0.4218668147089415
8314569,8,0.40753978607609226
23841603,3,0.36271242895985806
9532703,1,0.5401305800749734
25437820,7,0.47891488974478247
9753658,6,0.6289729842094188
27876898,4,0.2371644559321882
30289872,4,0.33505188021374865
17852489,6,0.669241208389719
39164524,7,0.7338989146723941
241250,2,0.22915530759085376
27649132,0,0.9823188889680377
15419617,11,0.39748496468397276
34315278,7,0.2797802818255107
37083168,6,0.7241942508021243
12541213,9,0.8364596670908553
25249838,10,0.7219422720438056
35401094,5,0.6217187801059572
37864419,2,0.49803115781569446
37800054,5,0.798294447539069
36847384,7,0.38942439426140374
36817413,4,0.7494350191361226
37706221,6,0.5372611203743837
35647330,8,0.4315395356284722
15468422,6,0.6649344874542037
40091456,1,0.5867014702980622
22560698,2,0.33915526717296274
35699484,9,0.4125204659825916
37470469,7,0.36260629849640263
7274049,11,0.3515547260263969
26235782,11,0.6220058452714516
37917378,4,0.7415077819618984
23335766,4,0.3673696396433862
37240417,11,0.37878827866607273
24375909,4,0.6942321275640939
2248321,9,0.37458339812620384
38312494,10,0.6130621794604638
28956968,1,0.5192860644121244
21171290,10,0.6030253412733254
36583635,8,0.4278833200926563
34591505,5,0.36178551536393444
33801171,6,0.45983326983985595
31344201,0,0.5275027472504653
9665002,6,0.30643833362745193
32954728,11,0.35122263385809044
9751214,8,0.5989522669658177
20843922,6,0.38843739710703085
2207562,2,0.567263574125461
14667146,5,0.6623506904174831
35958510,5,0.5661742762155741
34207062,0,0.8224394806083818
25204299,2,0.5494027505165847
32031995,2,0.3392668911528109
32960877,9,0.39472599895640453
39087559,8,0.44266460601130914
15610574,3,0.3910376851200325
1401721,0,0.6415241434000623
29781828,8,0.42861927485242285
19329533,0,0.45063470942221184
15636601,7,0.20581972629405
27133678,3,0.4277592315979789
6423171,6,0.3723348173755959
16571908,8,0.3259713214391053
35307091,4,0.5352128429738554
27656401,6,0.44418276813267427
2585091,6,0.4850791915453892
13621533,3,0.8917509657032384
31483818,5,0.731336715592271
23981601,4,0.7573314054355915
38096006,8,0.35802260046657935
12009616,11,0.544576723400603
35776829,7,0.6619906030396513
2653516,7,0.2557063206916367
35616545,3,0.18419504591232724
36723595,6,0.37822774527300645
32945732,2,0.25655331340387344
33534976,1,0.5186450195603183
22854607,6,0.4762069243608632
31841751,6,0.9999999999882349
33200893,1,0.39105637257833253
8734091,8,0.5042807364651134
15913767,6,0.7318520654589735
13263122,6,0.7566713748019149
28252442,5,0.46350646012647706
8824826,7,0.4139837328179482
37045053,2,0.36746428341931714
26492636,3,0.6208941798022254
39381137,11,0.8004252597024043
20930006,3,0.4839926955628898
13688707,6,0.47680727345891677
23476331,8,0.32808250373162257
10259282,2,0.365825312243351
22209145,6,0.3000643794646014
39147701,7,0.7681496249346956
15525416,9,0.6399638622752865
29035094,6,0.4525411237302703
36118077,10,0.4290618153506853
37440855,1,0.3102614215040216
35001186,3,0.44585208109794006
9084228,8,0.604384116918026
1552260,6,0.35083412583197315
40052616,6,0.6818333237893527
10182487,3,0.6793074947729758
33935557,6,0.8313768953153514
19685002,9,0.6537384977165506
33692619,8,0.29647017749254123
26247960,9,0.5013264783555341
14987106,1,0.5859804010301667
32647939,4,0.26031450157609043
18281082,3,0.6506033267241988
3199363,8,0.5782445445347143
6283481,0,0.4112969571814139
25062068,8,0.5520312747083745
13552907,0,0.42769454458813044
23125471,2,0.5688194434132091
30971615,6,0.5825315965016972
25980802,7,0.40376973608192307
24277313,7,0.6216183932833809
10290990,8,0.49809018729341803
15279429,6,0.4207288112420565
2876517,8,0.6604437256227063
14466713,9,0.5502877920438691
12924792,9,0.48572657582613105
29681457,6,0.5323185773592435
31090572,9,0.5279815667432448
38706655,7,0.4520196983471386
4463395,6,0.7194401245413596
31407900,4,0.9354976726589105
36773053,5,0.748065688913705
30140437,11,0.28806683072608474
31964930,0,0.4508843633843108
22207212,8,0.6286768322527437
33617120,8,0.3951576580097085
40036942,6,0.7390094790575134
23125671,2,0.6867366565853683
17056775,9,0.895310997004578
27629797,3,0.31859945786281973
30811412,5,0.38224200029613015
18878663,9,0.5806526919594207
10032077,11,0.5151882853800092
33239147,8,0.359956974667274
12907004,6,0.7095036600166781
11019036,5,0.3503718695495251
17302166,6,0.36586560983119243
29904851,1,0.741303687766631
20229291,9,0.48404340054949613
23774619,5,0.6466135711102479
39307257,3,0.8805419352104685
25778004,3,0.35821002341722147
39281199,11,0.4725356607668423
30553824,9,0.8038748266434419
35675601,2,0.4220271364221909
18043537,0,0.5260978916212584
23819365,10,0.5278919344998504
7945730,3,0.6217896300569207
1274869,6,0.6974522585411205
23032990,7,0.33139254403806256
30910270,5,0.640302143871201
9311312,3,0.8130433030800568
39427492,2,0.38978168798397134
21562815,3,0.8483442926342704
38006968,8,0.5476505489264825
21184299,3,0.43776012348902665
5803290,6,0.27658096156847134
14719776,3,0.511898458173502
30257408,3,0.4083161567919092
31260389,3,0.43693387669892997
24419525,10,0.5733109133249611
24677595,4,0.42712198355802294
37837148,4,0.8640562579857246
21101557,7,0.3951797802522064
35925625,4,0.3882491109500079
29807201,6,0.421699952113834
16637735,3,0.46515449402339143
33139896,3,0.3935857472055478
39115933,4,0.4057873827720157
25129881,9,0.38391870079481233
34374424,6,0.370815769838114
15884038,5,0.5172932952680143
38534817,10,0.40045304086944944
8900768,7,0.2979546685692823
17982967,6,0.4472534600980245
16048056,6,0.5087515261030536
28478085,4,0.3546396872151434
34074049,7,0.6718249543549453
30403606,11,0.6935763347827076
38226401,0,0.4236416346274045
26914462,3,0.4696468716688315
38884513,6,0.3479169936452248
34006847,6,0.5883846546041966
17758442,11,0.5183939628343092
6194865,7,0.23485870021415728
9050408,6,0.7263987489888363
30408098,10,0.2902322263084207
37127292,6,0.6259081104176369
32295879,1,0.3032346736278729
36400683,6,0.25691756072707944
17218151,5,0.295689432465771
4917893,2,0.8383053187182717
9099523,0,0.2785024021614486
34718095,2,0.9869888548018935
35707214,6,0.38821605360981953
34878405,0,0.29802324394828955
37140933,3,0.5421540395925606
17432157,7,0.41507048705169614
18039190,6,0.3656094957154635
13113726,7,0.3191263607991189
20445060,1,0.5421357476261951
27490714,1,0.39908134699522596
31372778,5,0.5187630556567465
39956663,9,0.55545820027341
38398029,10,0.7342698921754169
39684365,9,0.6337801398012161
1292817,7,0.44645477562280456
31187335,8,0.3358235923825787
31868441,1,0.9471384509617335
33153606,4,0.3419835293659504
2461964,6,0.5688885055775929
40062073,7,0.36224692985385
13319442,0,0.6833173804863207
25069246,2,0.4461791357911793
33722336,9,0.6030293155836829
24210700,9,0.5810782972359115
39148477,6,0.5201970863183748
38809858,11,0.7219184913347664
23402882,4,0.5612533105865438
34938686,7,0.6627306371715079
24757879,7,0.42039710285039683
33739182,9,0.657016163487122
19206459,6,0.24341677911840107
17076141,3,0.6627227602997787
7544258,5,0.4275126790534838
21221595,9,0.4631710681215213
17600942,9,0.37367195769100386
18492273,8,0.4960138862348314
30550812,9,0.3632030261861291
39808573,9,0.47564638388258373
20266163,0,0.9240545218182241
29289288,6,0.3620903654204899
1085852,6,0.9930749125116081
29478684,0,0.2784431509743061
19859827,0,0.35621037120200016
35113081,5,0.81794094872692
17434399,5,0.494394566842395
18478287,3,0.4698594149407095
27720034,7,0.6337387590724882
22781227,8,0.5768910118244902
26441492,6,0.3486307268968432
10069336,6,0.38098662010293166
34850315,6,0.6450316575976616
24187487,8,0.6564021999836377
33016142,0,0.26243292100885224
30662112,8,0.3327638833487266
25594970,7,0.5132476472671259
28226308,5,0.5000152625984207
9149151,1,0.7008458775091292
20220990,6,0.5995909983935319
27595349,7,0.522703296406279
36963406,4,0.5448512658493323
10771163,1,0.6759423817921066
15471233,4,0.2707152237608682
30451190,7,0.48138591345731147
7465889,9,0.2843668006101887
5653088,6,0.34746525951632345
23175978,2,0.833912507030018
36097275,9,0.8967529464069909
32566188,3,0.832525811016464
23699870,10,0.5690838966736259
8916028,11,0.6765878257047583
7273841,4,0.24101689048692213
36446729,6,0.7701539360319474
35569447,7,0.465519128436442
10272612,11,0.8169939191055221
29458653,9,0.7411834491870848
25264279,5,0.41098220739528296
33391736,0,0.6161070822138369
37173122,8,0.3992186669982487
21972020,10,0.5238052883389435
39541722,1,0.44690262508096185
38670267,8,0.5598365460424362
21797181,9,0.6151230742240001
16714617,1,0.3231610326757501
34386096,11,0.4214567609392902
9682328,0,0.9771431283603866
27664896,6,0.7150224192574127
37441218,9,0.6047641699034817
27369247,8,0.5041316477405319
21454299,6,0.7001101230656188
36707916,3,0.2689543979468787
18638499,4,0.23569752714036685
28037248,9,0.29981555478152555
3421290,9,0.5928357072480109
31465161,3,0.226673142013802
5704590,1,0.3302871304502765
32157517,9,0.2681321475761579
6471081,1,0.7170814815177177
21245219,9,0.501809519722173
22905129,1,0.6186752669928692
35994465,10,0.47326524320761026
3026678,6,0.37075788254233777
13851757,7,0.548578486186943
27350944,8,0.45766562613564393
24913505,1,0.3805471557462148
25163023,8,0.7120510993316248
37351733,7,0.6827079896837253
39214484,5,0.7617268317358078
14015152,3,0.4813077893531959
38535456,7,0.5206837271641024
36144981,0,0.46863434495961465
24406692,2,0.9421191268059056
33866352,11,0.518076395111232
13098457,6,0.4133688284402223
38726250,8,0.3682534639584999
14281251,6,0.4784206053738128
18087720,1,0.22583625931039206
26874346,8,0.49839573819762356
14149210,11,0.393551649146232
23929778,1,0.5429830102000933
32081680,7,0.38957527254493624
10539373,3,0.5046983766948858
34481169,7,0.4797990748711898
14151021,3,0.33773634945094627
4393340,7,0.23929238151601664
5690888,3,0.6226296593270703
25752315,1,0.5504274516091467
25741655,6,0.36549856695201555
1075652,3,0.8136198035016609
33889584,10,0.23479393659008446
28833593,2,0.7273904687956767
33852378,6,0.40788191400492474
33443233,1,0.30001060294727355
12917792,7,0.472138601084239
31508043,9,0.5847436995126983
39732495,1,0.5094611638044865
34923628,5,0.41445677742685355
35665838,7,0.948751933222507
33199172,9,0.4534264088749457
37583078,3,0.328879942413067
30580301,0,0.8087907682565982
33027992,8,0.4807111600831626
38569603,0,0.5541349341083465
23578396,0,0.4134866958918931
17935660,11,0.3328288600234956
5322027,10,0.566651322359359
12554085,6,0.3277564211863652
19896733,3,0.5192317800957762
39550050,11,0.29510212619279513
29616749,6,0.5450287147064757
22703385,9,0.36500971985557806
27517425,4,0.6175920515106795
32876962,6,0.4291211429351894
35959358,9,0.9830423450949106
980932,7,0.5729475569189025
22356567,8,0.6568713341435609
30713927,6,0.7844324171742257
639949,4,0.3297841587281536
29183653,11,0.6283376899689102
25328663,4,0.5054150586049606
28886558,9,0.24917014529666995
13003949,5,0.649537200755953
28636741,8,0.6358948930483355
15736578,6,0.9999999999769916
22913012,10,0.5914073663689767
4119813,7,0.38567182914965725
28573545,5,0.7613193651203685
27094838,0,0.33475556477583457
8990600,3,0.7743434037120017
36939522,5,0.49092914401961363
6889785,0,0.8906690394000878
39533452,10,0.344451950523277
5143593,9,0.32115790310487646
30141853,9,0.3746258551509714
17921455,9,0.349285127075162
23148216,2,0.8038131354108581
23006458,9,0.4585120636281704
37910443,0,0.3304135331951309
8579098,2,0.47864192294274766
31708990,9,0.7539079587217317
5770944,10,0.5282806970487754
26759339,0,0.5139516853450266
26720307,9,0.647667438225092
14149613,7,0.5585030340980276
35954990,5,0.7647878575979988
27820713,5,0.8513997970370227
4449261,6,0.27490619012459466
33001507,6,0.7228129655576835
33261630,1,0.5761258920425493
15604475,1,0.6610295426959908
23228276,3,0.4271458634088373
19298147,9,0.5124643951969019
19140431,7,0.5045504436325335
16096754,0,0.7658173096277507
27391006,6,0.5127321107940834
35196065,9,0.4268732029700418
28859183,9,0.38551675383591844
30522672,1,0.5775413258410247
2543672,11,0.450745189894863
7987269,10,0.5167390191190201
11096134,9,0.45621306926171934
23310864,10,0.5304422121255339
26747692,9,0.37383760968981655
35841701,10,0.37540740340740103
33577192,6,0.6300364191281177
35046437,6,0.3829589131381668
4225927,1,0.48363774385864955
17124365,6,0.37802922793103405
37296209,2,0.5965431388486446
32704725,8,0.5967000242650804
35702936,10,0.663789415976471
34803766,3,0.4231424123505641
27609865,3,0.4825847313652336
19037116,3,0.45351778763679224
36228516,0,0.6150435389363949
29487090,1,0.7007881156612812
2591845,4,0.41049825442172694
32006771,6,0.685800970566195
34121294,10,0.3327321757064797
33322435,10,0.3326465114388279
11067916,5,0.6015540054709186
26223951,3,0.42213850745470033
25024203,9,0.7571142383344655
15790691,6,0.4834531673268076
19646716,9,0.8316877220843573
12657867,3,0.8111655666242938
22551408,0,0.49988090881293873
38932722,5,0.5399536668577812
16485237,10,0.6649826006469127
11541824,1,0.6727562972923791
29832160,6,0.4144689002886867
10364818,1,0.4535543443804795
11856815,6,0.29259484518403406
30554114,9,0.5070997823259622
38902553,4,0.44344751965576923
16464015,9,0.6280818088871183
19204776,8,0.31747395625047536
21704646,5,0.8355579266033486
16929639,6,0.2625694113500396
34272186,11,0.3775334273475486
34016106,7,0.6039260787842792
32583125,7,0.5940660805134762
39007820,8,0.2932115696884055
23857535,7,0.5342333183700153
27212153,4,0.589231612087422
34301581,6,0.8688048345592032
39509392,1,0.7059334721738558
10977114,11,0.4754936044153995
29651027,5,0.759693841435745
36190751,6,0.3943085250388838
8346164,6,0.43328335750542835
15756285,9,0.5250987610416513
34405649,6,0.7237293477455836
23143513,1,0.32420903810126284
25750247,9,0.575495624528764
1210118,1,0.4686328541475539
32617086,11,0.4368823303229552
1150581,3,0.32300298190359833
13345284,11,0.2131614529939546
25266999,9,0.3463208291334229
1241893,3,0.30439675002018185
26488279,7,0.29676205338268263
29322824,9,0.22012153765765755
25025299,8,0.39564384217954907
3562441,9,0.48935819144007575
38702364,4,0.32257402259785145
31676473,5,0.600426272644203
38641162,5,0.405658446947289
35108617,9,0.5687304050107306
19129106,9,0.48826028296386015
33987864,0,0.21030157892974705
11154634,3,0.25839040281849435
37753671,9,0.48510472131774446
39120934,4,0.6671412263627368
30356069,7,0.5430450459360356
7749914,3,0.6871406757511566
31618733,7,0.5657992823804358
27954926,10,0.2775186120385679
12308028,6,0.23944235381559195
13295205,6,0.5902958169078771
34842697,1,0.43665965106021226
33582424,1,0.4058469930470169
37827808,6,0.40678415352901515
28464886,9,0.1604214678668999
24618648,9,0.4704199626104659
39874047,0,0.5395400387437078
15825241,10,0.27370380493115637
12364981,10,0.8324270773409774
23679318,0,0.8208077400624997
31076197,9,0.3512954695686641
16591082,2,0.605586142008314
11465158,0,0.9999999999790529
35183140,8,0.5124504435174226
397125,8,0.5355205406168507
8440824,6,0.7022921822672763
31565901,5,0.7991677063727668
3324733,2,0.30467976229259053
26575661,6,0.2188890937471073
22675840,2,0.48098981074833724
20409518,6,0.947904122466214
14572999,3,0.4408707559971698
4665342,1,0.6013947027061923
35152137,9,0.4187358070566209
38213595,8,0.40577792792440537
3642748,3,0.4157328471918189
38625435,3,0.3874664536659925
39003982,0,0.46627367853521534
5230699,8,0.3799425676986458
20432419,0,0.644339330813814
37132594,6,0.35499501879706463
38256373,6,0.5239857494155061
29317526,6,0.3578540390354626
39256233,9,0.5475554888547931
22284018,7,0.5016873267748609
15272918,4,0.29098503815885346
5385959,8,0.5876396543921052
12796443,6,0.6609401406680356
9919342,0,0.936936747252106
7010551,6,0.844937887089676
34253933,6,0.49316643786942505
1383863,6,0.5070253471343343
36387302,1,0.4535211275478717
17202243,6,0.8077144225311762
15007867,3,0.48099254831081234
31453414,1,0.41592767812265263
34108502,1,0.31772979885870256
28313984,3,0.44616704428506654
24914735,5,0.42552031246235417
4516358,9,0.44036067517843036
26470476,2,0.7382775615995274
39205979,3,0.3856817583186952
30254023,8,0.6410638393289595
14344474,8,0.7728659531311188
22452512,4,0.796188125783428
39662811,7,0.5708190414899263
24415638,10,0.9981168557538994
28354567,8,0.2534657857693275
28274133,2,0.3257972076360817
12353996,6,0.6862330352986282
15864846,1,0.6459649822208854
27957569,10,0.31323204976790087
39425284,6,0.3866711270403618
27046448,7,0.25356354024736144
13238566,9,0.45980800767327923
32378308,4,0.6356718542917166
219215,6,0.6118349742200521
39638324,5,0.6215448075598262
27389165,8,0.27779022383824553
28730805,5,0.3360974780922681
9752017,3,0.6253564236697026
11195140,9,0.5771917455781435
28316119,0,0.33237195704850303
35510972,1,0.6029857108324135
38614156,9,0.6106782022115725
25506527,3,0.5998652791760367
19645527,6,0.7649672103131023
33763621,6,0.4373370063797802
37034308,1,0.29547829270192527
33748040,8,0.4322021598464042
33535386,5,0.3526022042211938
26869977,5,0.7360650652234403
33113031,5,0.5203778133559559
35896970,7,0.854093575268644
34418667,6,0.2655784726725543
34241050,3,0.8581830927533376
34846503,6,0.382363888730013
32328192,9,0.37494515135771755
31189199,7,0.5773662191598086
4095749,0,0.3228546806106056
29521027,0,0.9316878845959079
38658574,8,0.599308405020899
20981691,11,0.4276070610283093
32378647,0,0.5582028484923748
40101329,3,0.5669482780325965
21110713,7,0.27600448367419256
19074645,8,0.3672292948121365
21665629,8,0.3684235804436011
5084934,8,0.2905357054622478
32587183,4,0.9465954851252704
39144482,5,0.8917537610922661
6998366,11,0.4988387483267156
17042602,10,0.40223454948112936
21790459,0,0.6867137137331388
37730650,6,0.5637294779304838
18492000,0,0.5789931193546163
27377142,7,0.23220689065154684
17350774,10,0.3115284364485469
37450334,10,0.49084714730867457
1328041,6,0.6183238639692487
4107070,2,0.9877704475587216
29745032,8,0.5073694218753337
32936373,8,0.35724349225887
14764873,6,0.39356218437831164
6689935,3,0.673019370599827
13633521,9,0.39518010989105506
33270673,10,0.6983410765218225
6315501,9,0.33394017226152967
30364958,9,0.360837616419791
35797523,0,0.9999999999813123
32742250,7,0.8496324360707709
20701484,5,0.8286998837865963
10390537,3,0.3851673683699542
17128029,6,0.7785381437735102
15598867,5,0.6280492021178011
19996940,8,0.4515352735472041
19962300,6,0.36746612025019876
1621806,3,0.3255040835398705
30211966,0,0.5363250254515324
34481924,4,0.504070822212654
33273792,8,0.5023570476975735
30583738,5,0.9375308021067956
21054359,0,0.9999999999792113
26885143,7,0.319517986271859
37121222,4,0.40950002706107985
27025359,10,0.5915965400422291
7057450,6,0.44673135322573065
3080450,5,0.32123802168065896
29250319,1,0.6674707663294163
27830650,1,0.4526265996307904
26762740,7,0.7944579892954655
23483503,10,0.5351189029328726
11413657,8,0.5163925848199495
37206973,6,0.46489783068700835
34040241,9,0.3353609056427814
13278959,3,0.6910707922390992
19316985,9,0.78956897475624
7954784,6,0.44816318777707503
5452648,6,0.6812760590596183
25918393,6,0.7330787450046191
10925507,6,0.4745721722673649
36980910,0,0.22825128434985192
36457040,5,0.8393070065213278
6515160,6,0.4230065327979273
5881615,3,0.5207932832399625
10953060,7,0.2848467780978668
5091914,11,0.32171725400069623
22333700,5,0.6604949242405301
33619895,4,0.44485423177941674
10839836,5,0.7691461514951013
25583468,7,0.33311737220025045
38797281,3,0.2505118756463802
24447994,11,0.561552272533181
38197722,0,0.5308475162445389
22458192,2,0.9599185458385292
7632589,6,0.3364546685100539
39447362,8,0.6537706164345225
12322065,1,0.5714227670656289
20941428,3,0.6737981954448716
17086289,8,0.4245614571926304
29443216,1,0.6980537862740914
16121425,4,0.6589746784556532
38450320,9,0.7297127214851209
38718190,2,0.500131690378047
18174401,8,0.527066759802143
21259988,11,0.44322876295258107
20110732,3,0.3674266983945061
25952922,8,0.7070541526603272
10447010,4,0.3304137315425312
22667298,0,0.3604628342586465
2170228,2,0.5258308890564133
40004639,1,0.7459716205096559
1959744,9,0.7869517789852238
5384632,6,0.31928769824987063
35263440,7,0.5344995235088066
31751230,4,0.5784491079471659
22605344,3,0.29518510494130834
19165751,6,0.2328879862715892
38947658,6,0.37807735576012147
33194533,9,0.6408903572906265
19439961,7,0.5875310318679992
37462656,7,0.27383527798338325
13822642,11,0.3790048752636946
37735296,2,0.6801274110679887
35049873,8,0.33213851231858227
32285022,9,0.21972789077326624
23130008,6,0.4065980570582308
26558688,7,0.40271281131037534
15828312,6,0.2585824241481558
4063392,6,0.43899144144755115
12408414,7,0.2833935254801561
4537355,3,0.6599100525553586
16359052,0,0.9909684959463599
33047762,3,0.49919281154651113
38133980,6,0.7621296462586171
7200606,8,0.6506442585091838
27624166,9,0.29051624844962565
39150996,9,0.36099248636791803
23265920,0,0.3435020221374528
35749955,6,0.5882466062311485
35350065,7,0.9414642743422197
40049320,3,0.37670949161557277
28641210,7,0.8508006999083649
3833717,5,0.6377492240093712
28195586,4,0.7373402430005208
8724729,1,0.5258594629860619
21052946,5,0.2409719131943368
27735413,4,0.2741719969337017
31954983,6,0.5854961544443558
30429608,5,0.46534945210839435
5507156,7,0.34185470386964273
24012547,11,0.43144815634131545
27031629,9,0.4593313170815721
23689357,7,0.40017487646501526
32425153,6,0.9130992741709583
25829049,11,0.29712385369382865
35704722,4,0.6208747057578321
29860814,10,0.6162158765214308
4103085,6,0.6648416773428741
37346269,6,0.46426342515184443
38558171,7,0.9549630099437935
24881554,9,0.8102713121521312
9504937,0,0.2885645669709787
16745487,1,0.7491645459730665
32302687,1,0.6038888494860548
35228982,4,0.725062403395844
24411931,6,0.3297080074739976
29261917,0,0.544228419316888
8495786,8,0.4679987283081803
34779058,6,0.4486468070873802
19622241,11,0.7076177352871325
17920147,0,0.4928393445198709
7778809,7,0.36210564954055835
36437397,5,0.22369913191721622
28746247,6,0.6637573293961964
39907708,5,0.5802750053957192
383760,11,0.3739824193011172
38242445,6,0.3489487372153533
13304136,10,0.3649530537918545
27004888,8,0.34135928466726795
38729081,11,0.44419337148376487
33260651,3,0.5810842097557486
23290114,4,0.2924920617038972
9850973,1,0.8341220605710307
34846713,1,0.6470049599669234
17015490,6,0.45978910032327636
15993006,9,0.4996681299742097
8904318,6,0.571346998563598
37502545,10,0.6536423449050239
37354022,5,0.44331078479933006
30660619,2,0.7292654079028085
9671530,6,0.7074708657336429
33272162,0,0.6505390681515374
8686225,0,0.3416436406959632
18295751,4,0.6106138636527157
8327365,6,0.5269190081259271
39905822,4,0.7031277121654298
39060386,6,0.522018994410177
26449057,5,0.8852233311251837
14827983,1,0.49221016119257743
22244642,1,0.7676163278588629
33697530,3,0.4878275438296501
18431821,4,0.43527669331427216
31982284,3,0.39183963633734786
38733897,5,0.8731138359049995
40071165,6,0.4457945657194751
1596963,8,0.4525750242350543
21032497,1,0.42118796271822173
38928949,1,0.5974769804192269
2801154,11,0.7503984670152638
29454595,9,0.5227569945768544
17116718,6,0.5067748784122786
40098680,4,0.6100112901162361
9390536,9,0.4756025775503819
25766209,9,0.6316075736505096
28233766,9,0.45960287960036916
2940948,11,0.3789140802976705
24804527,5,0.48322608625894475
27027316,6,0.4357692978339602
34812542,5,0.600058769846259
30009948,4,0.776212333978684
27732965,3,0.5766325716219242
747781,10,0.672715622854477
16030923,0,0.6110673370228159
22298050,5,0.5268170571907552
12934699,9,0.3280787605569499
21506864,9,0.29260211181058027
26489449,9,0.5654588535696006
30891094,6,0.6750494294266367
16719263,5,0.7803327442882455
6075974,8,0.40809587191454993
38562144,5,0.7758377565968686
14395115,11,0.4148152201532054
4947290,11,0.5029173278761733
39658549,6,0.33755974183557075
34126448,9,0.5481228041808156
26513125,11,0.5984343567771514
30647997,6,0.69785505130571
38130054,5,0.5073146131872953
6256183,0,0.5759764505488599
30486773,6,0.27473513195051924
28873486,7,0.8840759748909981
28011551,9,0.3089556993313697
32280480,2,0.37784648628450535
12320143,6,0.4791564405004575
9091073,10,0.5789153508813556
25258755,11,0.2821638980418971
34544925,5,0.5671791481236305
14787461,3,0.669177071915448
11068198,11,0.42797323973446144
32315491,6,0.6887069786497031
15305787,3,0.427226019127141
13127045,10,0.7555032409165381
24604983,7,0.42559591240784617
21677964,0,0.30871395048400896
13639461,7,0.27568594124573786
23636077,11,0.3120973988530751
40063317,6,0.4008663988640574
30674777,4,0.6107036630404952
40090673,0,0.9445769830935803
8281762,6,0.894595318362381
31967010,7,0.7371507845492413
31381183,11,0.5712981360432892
26858129,9,0.5346933388188453
11315259,8,0.5589288577344569
26652845,4,0.7197473998073682
35311269,4,0.5472283876529229
16505456,9,0.36704082040752267
22347357,0,0.556757373477508
16909779,5,0.28184246990413125
37590721,0,0.8379101753278452
28616679,11,0.3314928374761301
26342588,11,0.4154446090378174
39781172,6,0.370921142586475
31121026,7,0.30621542787301903
19956622,3,0.6277234303693212
30900003,0,0.7639280080118828
9292169,3,0.2917850416366021
16818338,11,0.4101937517162515
17913377,9,0.6192347090922632
3665414,0,0.8671239409149261
36632745,2,0.8783084868113741
18082319,8,0.8157532528295144
33455463,3,0.18946879173300615
37883476,4,0.6974715026976166
23188991,6,0.3999334692486957
30133505,9,0.6428800983948071
23020520,9,0.9418703710044345
34857737,11,0.38348327170640356
11794466,3,0.629072373506296
38341323,5,0.44776204426762334
36427800,8,0.3900973032134619
38094679,8,0.6305263943992585
19182912,0,0.6903604899954956
22788770,11,0.40751955680372065
15791553,10,0.5783949846436013
2717282,2,0.9366140025797024
37087613,7,0.5193950932215681
9702933,1,0.35392222767421316
30397874,4,0.5151422074210723
22115831,9,0.505181961784139
1504729,6,0.5096391760929547
20804956,8,0.42289403763896155
2942940,6,0.5521777764190703
4702274,0,0.31290548363331766
13068043,3,0.6614242476125053
17683701,11,0.27002973104368994
19349117,1,0.4021272963630067
7270022,6,0.3645123699012629
31421283,9,0.3467535830725439
38658041,6,0.40934682624835367
36684140,0,0.5920803060476755
32389221,11,0.2947958074391568
11035076,3,0.34103364726122715
17023170,9,0.500610637419345
31714221,7,0.6023783883125364
8892831,8,0.5883093449023766
27178126,0,0.5475559073667213
36662624,5,0.4913278057509595
40007815,6,0.6492883332112027
18221294,11,0.6227812373178385
30695709,7,0.49525434969741117
35663130,9,0.9455307484215321
35990123,9,0.43807051859747553
38470092,11,0.36391506836106685
36958314,0,0.2131094541170493
3824179,0,0.295052377712162
13797624,6,0.41180579984710775
16957167,11,0.6142782751099354
39738285,6,0.5365373328422097
14804291,0,0.2741905333525944
39188888,1,0.5853678599265542
31758913,9,0.3692708945207251
27434569,3,0.6965086667356265
11651553,8,0.4637819459949487
12715804,9,0.5959438542154882
13774397,6,0.39811485582795925
5306756,9,0.8529865079793146
19371849,2,0.6022839433640951
21870618,9,0.5692224272443116
29179670,4,0.6769370486394638
15098431,8,0.37212645587975773
36134850,4,0.7308875809884867
3606743,6,0.8114536278269283
12098559,6,0.6267300097163463
38919565,2,0.3398269746080123
27910855,9,0.7531559605462075
25771516,1,0.4903803077580158
32043124,3,0.6880998371679341
28988072,6,0.6259821430177684
11657614,6,0.6238358387960892
9372456,3,0.5061741597275548
9767585,8,0.4611449949624412
30961846,5,0.5713083846153588
15870443,7,0.2567118615684777
29043771,7,0.8361534558032687
34964426,11,0.4928823484124353
11302487,11,0.6312962608779729
21448929,6,0.6704611075099375
30036303,3,0.2922046868569667
32762924,2,0.9629857350930988
39329309,6,0.8107638530382515
35330808,11,0.7180235044401513
3244876,6,0.7544133960343207
23439131,5,0.681011680919754
38446908,3,0.6123635200446013
34846325,9,0.5297336086136829
28439394,2,0.5464015767015131
35614466,10,0.5830545892736039
34244191,3,0.32027442707688936
9946760,8,0.3135550683057615
20470970,8,0.5526401431064528
11897597,3,0.4407876064728447
19349902,0,0.46988879785015136
2875767,7,0.6824684479109391
18609513,6,0.44601484968479344
21952175,6,0.6391221733861233
4894976,11,0.29359904468065534
25634624,11,0.8125455336498614
27286275,9,0.3358126264610491
2063412,6,0.4238425869252533
25513698,7,0.19522250710933928
33168099,11,0.2772241033520951
30682836,7,0.42549882633022734
15266818,0,0.2894528154909436
32646389,8,0.6981020705908044
32548708,9,0.7916863771006024
30149776,9,0.4552677632822999
22069727,3,0.41804667681350594
10075065,8,0.3589430500390762
35748549,8,0.4320991669715057
8225460,5,0.439853622340587
28818036,9,0.5661516563297302
11927604,6,0.697368335242333
3976795,0,0.8406028385389636
39203384,10,0.2659761124371206
20360293,6,0.94972437078362
10202306,6,0.959179561891736
8858145,11,0.7193385925092995
1876131,6,0.69690041813128
31898989,5,0.39142848214939435
19215847,1,0.2779762439682171
35752388,5,0.37404829136777396
33434990,5,0.6685993773951767
19865964,0,0.39852144564684283
36213883,8,0.4342768421177785
31219359,1,0.8733414880866206
16592420,8,0.41352739988600473
5764664,9,0.2725201506697169
16351436,5,0.6413501233241663
19264922,3,0.38990318996504414
19058985,11,0.7595176058345542
34596576,9,0.37237615180943273
39934802,11,0.48814491536705146
21860661,9,0.705770081854035
13566747,0,0.3699614693298017
22565311,6,0.3837348397405695
5783516,8,0.34400549987592344
30753390,5,0.4748955274306784
29015221,10,0.6155067220428913
38427958,3,0.5546462165716998
25318639,4,0.4886984577264842
26473885,9,0.6493374587599922
3375375,0,0.4124709534397934
17184225,1,0.4886556949351415
19242826,11,0.5178234388745603
20528081,0,0.3737737880753452
36487527,9,0.8411727221110151
30370110,1,0.490290766261463
37886785,4,0.7330279045449334
18592785,1,0.41721444689172993
31119510,3,0.4887355473096272
30979092,5,0.37938951789075126
11641435,11,0.6335863782916906
21747260,6,0.7675918193488056
37372401,11,0.35054017504101076
34885107,9,0.303710601230662
23009552,2,0.3820297356778687
19109158,6,0.48330199349226793
19289291,3,0.266988165430921
19166126,8,0.38287483395129746
20849316,3,0.17626716935788037
13674792,3,0.5801702121976299
36975738,11,0.43692919347476933
10400139,9,0.4760766724774732
25045483,10,0.37138278314142603
39379805,6,0.4894040387418261
23184263,8,0.2612474524944633
39969218,10,0.4881680410056628
19678342,6,0.37674257468646105
5481686,6,0.79924857622133
21996288,2,0.5285112208695164
27645132,11,0.6960107049800011
38879220,8,0.6036820657016898
39499959,6,0.7409757148825755
33353855,8,0.4171817312338484
10850052,9,0.4104939307910487
16687433,6,0.6135816780729878
22076449,8,0.5009197849920795
33030056,11,0.30183524851869015
36028382,4,0.3993525482814965
18174883,0,0.4103270824705686
11618913,9,0.5264311625233283
32529073,6,0.3179435022378202
30655847,7,0.6650522578823107
19134404,2,0.3102891886469732
29343107,6,0.4454459319642908
6630645,6,0.48163917124287553
19440322,8,0.7320845208289094
18880625,1,0.552260705540225
34108696,5,0.5175509459949743
37246630,9,0.5233454222343163
26243682,11,0.36536190607661
38944814,2,0.3907941910304504
29064053,5,0.509335988555602
7589238,3,0.5453347348296873
2768188,9,0.5230188776152024
38552285,3,0.7557155959931483
36046230,7,0.48958596881230515
35143596,10,0.6520870755092836
11130831,5,0.6489628042778961
26430607,8,0.27548900370242746
27646065,10,0.25315668431849403
34781904,1,0.6060858720357631
35096360,4,0.4706504387239821
17697170,1,0.3210261850428745
25417713,4,0.7312214279052526
10110083,6,0.1811328831509231
1521058,10,0.458952764719184
30412340,6,0.26522605721541265
28619045,4,0.3833232618928309
32188352,8,0.4709763428003359
14222773,3,0.26283863543747504
38819570,7,0.7356984059455307
28668698,3,0.6532876819878799
11611849,3,0.8299657569485455
855514,0,0.34906400206431765
35948293,9,0.6401940836793045
18301980,2,0.40779895600102045
3907611,8,0.5966748312734105
8901996,9,0.45428032243773353
9252688,6,0.21570844045503418
35260742,10,0.43100022662985527
5136611,6,0.36958708712416566
32971485,8,0.484606825814554
26345196,11,0.48322757058813326
36068832,9,0.6036757735840403
37106475,0,0.2710690424003541
20461772,9,0.3255410163676447
18232150,7,0.46052585781806654
22387024,1,0.4002749791718271
40039457,4,0.9895362969559423
17831211,9,0.30349655102295203
11982341,11,0.6970649828314095
38963822,2,0.5459452796999819
7222382,9,0.42754596667812267
35502121,6,0.3285834674098469
32203982,6,0.41593360639682175
37341764,7,0.2829312732578205
36410373,9,0.2743989067121922
1448429,6,0.6299765553064617
39348496,6,0.5764507253248403
24440960,4,0.4467533383681045
35261588,4,0.6043367044111775
37885882,4,0.8952983537020978
33412974,6,0.6726535315396154
18236155,3,0.36347091778821394
25249259,9,0.861430018846769
33681855,6,0.831055703625284
34757803,9,0.43025874172802797
37335938,3,0.6449978176694466
39557313,4,0.3636693742251267
25726924,0,0.6114807378220551
20579397,3,0.5816402697649825
24234034,4,0.22195823232596695
35397621,9,0.3691199141683834
30662570,9,0.45373840103494095
13025332,3,0.3211044192379385
20199962,7,0.5958612856229103
37528077,6,0.6184901275014782
30815468,3,0.6700287800667897
29929639,4,0.813834551273662
24941765,0,0.48362148365429464
8060397,0,0.6391045861779939
30121441,0,0.9404208581865795
4707296,0,0.28282020449658796
38994930,8,0.5043778442664433
34485056,6,0.47394016486793394
33527030,8,0.3471727446255052
34445692,8,0.42178805890698245
1212108,6,0.6122011554422395
15486711,3,0.5427072443455546
26801068,10,0.3469141104511039
22806065,4,0.6203235438412368
20551104,6,0.4446846892629879
7698716,1,0.5919057134915114
38609421,5,0.5944114396619034
39257652,5,0.5568907366886944
20870812,6,0.34908326674753243
26894144,6,0.6210452366643776
36794592,1,0.5472909587580135
31836695,7,0.2758568394152105
9964911,8,0.7243165858524026
25770880,1,0.2734010164907418
27912764,1,0.7749738987211833
5498060,5,0.6463547130872807
29733476,9,0.6157958838449843
4605929,7,0.6589429847520474
34598298,10,0.6493462507107831
1491796,6,0.5197742458266283
39646631,0,0.20528242133275829
35090521,6,0.38445980589857576
37232387,4,0.8824166043578046
23023878,5,0.7155584756095618
28211280,6,0.46508420419700514
36723003,4,0.47238364221171686
29338190,10,0.5462849161496751
34369849,11,0.8020764772478934
5041682,6,0.4606915208289267
24028925,8,0.6926895196522052
702986,7,0.9102186092899428
21226708,9,0.3914873553469433
5156663,3,0.31597684661825304
12332195,9,0.42538131916579336
1189253,6,0.8943389911135173
30253198,5,0.44876547460658195
4733838,1,0.7592919035958604
11087553,6,0.43755994954512345
36786056,7,0.28031882057554636
20922979,7,0.30873001835988517
35659578,0,0.4414959200010442
23343370,1,0.36408981993361283
37095012,6,0.8439329686051441
21430900,3,0.7688422848619247
10570560,3,0.5314893039360348
35620823,1,0.23515425373012844
28327150,6,0.3493374467456745
36140143,6,0.2738469704421461
6462684,6,0.5569418814401755
10868473,6,0.3258043096683497
14176833,6,0.4241055563348958
23567674,1,0.3537244095019609
39304995,5,0.4519607983536046
17658399,0,0.6357302588706646
21705098,9,0.2596724676097939
14628486,6,0.5919951996079031
34386221,9,0.3362780098184001
24560173,7,0.6005800249408062
24865844,3,0.5153210843867152
36269546,4,0.6777115570394044
1053928,5,0.5658772073616427
37317496,4,0.29189546312286835
9533179,6,0.5485924518468333
13224920,6,0.5117549548404463
35515975,6,0.5984016120634815
6846829,3,0.5626194183560237
8806101,0,0.5021217559735278
13346021,6,0.5064538157446138
14178517,1,0.4811716939500366
25733955,9,0.3268493619569093
2825520,6,0.39558904530281747
27899293,0,0.6342074932978452
11025700,3,0.28484470869600864
38597378,9,0.45327471060489555
24892904,4,0.5657568471921751
20121664,6,0.4891950999999426
9635913,0,0.30973980510873816
18214743,3,0.2902816689820048
29478400,11,0.8945843503236781
16265602,1,0.5264904519976459
28489149,6,0.5646853292308448
10682806,2,0.33978764876663703
17639142,3,0.5431791112952443
24467748,6,0.4883028442260333
26658175,9,0.6695048240667351
5825653,5,0.6708128031345202
9458110,8,0.4102759537755733
30174526,6,0.3104684694796698
24597661,0,0.29378863875760053
28997445,6,0.5131447164373196
38050084,1,0.7265726897880298
18840174,9,0.5078615523936659
25395175,6,0.9999999999790634
29911230,4,0.4963465439042792
38576589,11,0.4592680854506114
39309227,8,0.3544195801399808
2672635,3,0.4112070066507844
35726924,6,0.46811813647474915
9097441,0,0.8973566006898127
15247628,4,0.777707431486985
37112548,3,0.2572403866164371
2005540,6,0.571643067722138
21298772,11,0.2894681061375487
15860074,6,0.6933365897656458
22794884,8,0.3777283421774597
3749512,0,0.5786509193952151
20285906,2,0.24471494281009615
3405626,11,0.5292419250316572
29983059,5,0.6165940056012877
8971074,7,0.540751425117184
5690147,11,0.2941362960011524
36033021,8,0.5011837088401766
7857868,7,0.511369319412013
12601316,7,0.5800141806478224
33848197,8,0.5801884104134996
16943988,2,0.47744392373076255
35725478,6,0.425614173564486
23607525,3,0.8462234444093795
33969754,6,0.5262259003881432
34229641,3,0.4896118590719016
24488927,5,0.5269441180064733
11029014,3,0.5190617606689396
2171733,9,0.42052936642090327
22862658,0,0.9681544676527946
30948997,4,0.21237340100850158
16342777,11,0.2967122924535164
10985157,6,0.5756100894797099
20114653,7,0.4000542431234053
32037190,0,0.49551755218252463
34132663,0,0.6616373813518189
18005861,7,0.5565300976109627
30922736,0,0.5534314092308749
35750140,6,0.4700878550184753
28335194,4,0.4687608182229134
4642423,6,0.3987880590488085
36631462,1,0.6992615507941944
10984471,5,0.6251376076019365
31033468,8,0.66969773325413
34709927,7,0.5462992811540559
39628043,7,0.3972188950294546
28214895,0,0.5431915050478703
7017990,11,0.5287701091659401
27048702,7,0.34683300770125386
39987703,1,0.5933445353249264
27765166,9,0.24176211239103776
8781024,11,0.8278229939050455
34180674,6,0.30883067561254274
22657874,6,0.2583474923226566
21854364,3,0.5544087515053092
2401117,9,0.42144386812510115
1049070,10,0.800735651244811
13901185,6,0.5856174493417793
29194082,10,0.5223534943592781
25196721,7,0.7273018151321273
34253425,7,0.39449743453210256
15231870,9,0.5153006982916305
19224300,5,0.37222109818884175
37346463,1,0.3794961292718547
12341496,11,0.2906834787324609
5504498,3,0.4840871894611548
36666353,3,0.574233231569947
18295595,4,0.24279178544706817
27428008,0,0.6397305029254403
5360050,6,0.7561471676012657
9298820,11,0.5736442461076217
27425443,2,0.417047822377393
39288354,6,0.5126407864730805
28255133,6,0.4363618673091467
30610579,10,0.8512421724284499
25291506,11,0.468951593741872
30125939,8,0.5934852854426913
34996508,7,0.4261669528765096
35847399,6,0.45529419477436683
4039354,6,0.5259300474939267
29474143,1,0.7739867889484705
37408133,7,0.5875028955032163
25678204,10,0.345029183347409
11488558,7,0.3105455473245533
37199288,9,0.4559680622643817
31745159,0,0.9525463293625916
31317312,4,0.35689755317508004
22280167,9,0.43073466002393157
26593944,9,0.6991562080268919
8211386,6,0.43038501263181705
22652762,7,0.8272994181030645
3252383,9,0.9499206947966425
30142149,11,0.3222284410507743
31740909,9,0.3718824912231627
6413891,3,0.6360853587248384
29729356,0,0.29191656515424236
26719449,1,0.4069404713404669
18722046,6,0.34857032827964446
9761116,2,0.6211706245682375
32751576,10,0.6919675345267109
25051362,2,0.32420396055163514
28679718,7,0.4181568929401043
27578674,1,0.3973329208835274
30028841,10,0.30578089540658093
36277917,7,0.4483539307464245
28677657,3,0.8349983153436807
27339940,4,0.46395152616385227
16474171,6,0.34095183037616567
13303464,11,0.3366529421905407
14161331,5,0.3727536706512977
31649871,3,0.9135671683607715
33167079,2,0.7763807882164266
28859300,4,0.7388504691269135
37280467,7,0.3759018454119773
15856429,6,0.5178216526141293
28066142,0,0.3859306382777692
37698554,3,0.6318559550679568
14942343,7,0.515591136330209
14268056,11,0.3345351754270799
39690258,4,0.4436949387369325
15980196,7,0.22430938610159926
25337092,11,0.2711707820619886
21870807,7,0.5982655398670539
23067585,3,0.716087951798234
5540510,6,0.6621712678147191
11731392,5,0.4379433453272632
3610084,6,0.7178509830095308
39130288,5,0.4951019237071627
168559,8,0.7093078200502327
30150817,11,0.6838077144016382
24525421,4,0.7960682862548318
32940613,9,0.6192052481793622
36676594,1,0.38205220579607035
21756477,3,0.5455996176867819
3040356,11,0.5095367732245046
21617249,8,0.36091916917808
39527176,0,0.9851866196125164
5768656,8,0.2421322884547005
37303345,9,0.39230367202368166
16747459,9,0.3668512217598744
20023986,3,0.8570208478760966
37516409,7,0.40015057918094293
13493477,7,0.583047500993362
27912930,0,0.569750007461425
19742385,7,0.3228572917469738
26549542,11,0.5573631838539702
39700636,4,0.5163738734434696
39261819,6,0.621468775689986
16455934,1,0.43617459576643175
3601210,6,0.6994757261983697
29060281,6,0.4991060644148151
30801715,4,0.46542287699670215
13019203,7,0.3428103456678167
15405460,9,0.296676517508646
24428211,3,0.5064770357705113
39564909,3,0.4741510615019251
28246938,11,0.27683405252416815
31259868,9,0.26043942968427597
3647771,8,0.4048238384551155
18146905,2,0.8569840050626591
39965297,6,0.43667490024354283
5325908,1,0.6192016437766479
21947762,9,0.2508533379958066
12332611,5,0.4836094925891055
35537895,5,0.53228721480415
9278858,6,0.3256002886868504
34701974,4,0.5026159791995461
34915544,1,0.7162080775156738
12071295,6,0.9999999999867827
1329115,11,0.647005943540756
27271516,11,0.22022686203064096
19429393,1,0.44276636962517146
25012575,7,0.2754256485963236
28748092,6,0.6533975467966252
12933895,8,0.6586635980471868
10000441,1,0.6111359048248968
10823008,2,0.8848263787415424
13588516,7,0.5599463058267004
33052429,6,0.6676710235950044
27925358,4,0.27882938336425245
3430372,8,0.6999925974911031
20889242,11,0.9211861912740542
39457792,0,0.6457622549695899
5385344,2,0.3594733827472728
36690737,4,0.6211463231033172
11565313,11,0.505896692225488
28957894,1,0.6297805294580916
24401311,11,0.5590367531699894
34415182,8,0.43616170505669805
26901600,9,0.9041616230199562
33687249,6,0.6646845008276151
16908655,8,0.6842643875220843
34087082,2,0.4719848913153727
22494116,9,0.3983716337290273
25976804,2,0.8506726859968062
31202918,11,0.5106211699759092
15323480,0,0.6309616159213032
27262728,8,0.5593221820611867
25803822,2,0.5026249915870767
17373473,6,0.5777218294650859
30449035,9,0.5340708022409913
31622013,0,0.6713628303532442
26694381,0,0.39323135038567225
16339550,7,0.27373168888213034
37170313,7,0.3818461299221926
10164351,6,0.9999999999866326
7741878,5,0.7045105083725417
15239418,11,0.6126999385185716
25182083,11,0.29024893564372695
24780600,6,0.46366246309793807
13041180,4,0.622929215030879
39671786,11,0.5377332674920284
15176764,0,0.6485819867726778
13858158,3,0.6592962739056736
21810272,5,0.5286432688520913
38107344,4,0.6982360646121301
24065793,1,0.2936363153803448
12607241,6,0.7001862313439223
25813037,8,0.36045926264787204
13312498,5,0.4635292309880078
19173937,1,0.37531771343098647
11684354,9,0.2947455478221459
10109848,6,0.4730341969083553
19379968,4,0.9709950049317747
29467489,1,0.32850272875101527
13844158,0,0.9520060140460396
32118266,3,0.3332974473458479
20260228,2,0.7001514170964932
16102358,11,0.4174770457138648
9844014,6,0.5151125436211254
19694090,2,0.3200745394215112
25219326,6,0.7439517902030478
23519862,0,0.6447433266186292
38818846,3,0.3659628357192556
6726521,6,0.3089502684103704
19342084,3,0.3535683572438365
25200622,1,0.37759776774499015
16893713,8,0.4192000507386082
24718209,10,0.5950319813405259
36044972,11,0.543835396519504
36329412,4,0.5932813738877816
14187253,6,0.6031008800196411
33674665,11,0.3277083017145192
32804410,1,0.6171457403258364
27266187,8,0.600777361195964
26743793,4,0.5411806634538929
2364945,1,0.4665194503845618
29382049,1,0.6237863562955483
24906313,2,0.7294491180452213
29737279,7,0.5734118893473641
34022501,8,0.324070529145899
21641649,1,0.5587404630681553
17095359,5,0.2687853115990146
34386802,1,0.4160398341823145
37880196,1,0.6370965256092328
19615944,8,0.42943542377095545
27163432,5,0.5948807674199097
26818572,6,0.7250768766336868
3909639,10,0.5578648805876392
11570455,8,0.6390890107919992
32613452,10,0.5291007020334917
23155642,0,0.3872573495904268
30285039,1,0.341970426685467
38132019,5,0.7520843130701239
38233245,2,0.7034618439513636
17033094,11,0.3686727833647311
26233100,9,0.436334371635775
32402665,6,0.7143949400168549
29240510,8,0.5761224842830934
34903082,4,0.593696663382874
19873141,2,0.2416346487245124
34063192,5,0.43991127418696885
33350996,5,0.24278584959282648
26383634,5,0.5198283402111116
39448079,2,0.3431235837534749
28273344,6,0.3974257017023677
4718520,3,0.6755343443329241
21211572,0,0.43826451240547504
27340913,11,0.41401996945787767
11313568,0,0.9999999999831446
23067686,9,0.4306704739259785
38977550,4,0.6613356795712296
38008389,10,0.8835492585958042
8554282,6,0.3947971932792938
17261551,2,0.5245055286208065
33145191,3,0.6520840732839
11851819,7,0.6116185087484256
8539628,0,0.4542418742121433
37391472,7,0.779888641822491
20916800,6,0.9405145097728566
33699680,4,0.49557688258835797
22312852,7,0.5272500751397057
34771090,5,0.48127996416740804
16759035,9,0.3692967018631688
27756552,11,0.7780089449618566
14134783,3,0.5396343927943918
12050460,9,0.38997816643285654
14284492,10,0.827009501745031
7087395,7,0.2956020396675455
29837715,0,0.5405873055776381
28502508,8,0.5075800645627924
32609158,5,0.6087035795416005
20844602,0,0.6277387157786881
8514017,11,0.27604880707256213
20836081,10,0.4177054699139694
33908570,9,0.6892321756838617
33486224,10,0.8799415410599377
39555782,11,0.640249285683396
21972690,7,0.5339458903903519
35607270,8,0.3675151519026278
19464813,10,0.3226385440556106
25778723,8,0.34221616056937476
28225600,5,0.640845052905035
6769565,6,0.8942167052267652
24198753,1,0.737556480031452
2956076,6,0.4973349276393517
31480011,1,0.3657331720433274
22845247,5,0.5504227220592041
30623995,1,0.694490544055004
11863759,9,0.37615288306150024
29111801,8,0.3552929645727187
36994851,4,0.8569657264162488
33120123,5,0.4578622019387666
7186961,7,0.27238214585474885
24346903,5,0.9999999999934572
37913921,7,0.44653384377830263
37056533,1,0.3196398606391973
16990812,8,0.6609568503265137
5436540,6,0.3537396326080508
22682543,1,0.8283105067595874
27914827,6,0.8477620796187684
36579629,1,0.3955306650863555
26385984,6,0.42140513360149456
28097661,9,0.5928144832986998
32130954,4,0.7047439333735306
12665971,6,0.35731284482391307
19379345,6,0.44284568763258475
36972402,8,0.48886333027184475
7346342,11,0.3834413921850538
30542997,7,0.5102106538068386
12984205,5,0.7397488123034937
38349387,7,0.3731319662705215
36461901,9,0.30026862510851393
39948448,7,0.6668396337401806
34537335,8,0.38027554093842514
22423626,0,0.283198878004727
19031299,0,0.4191637373302129
35368418,9,0.7694558454452536
20324103,10,0.7874348433872106
14049048,6,0.7252803218486853
29209007,1,0.4693175600887665
2330278,6,0.4284049887700605
35470446,9,0.6365645634443707
18809962,7,0.4653177361714492
21471672,3,0.698710932613566
31111650,7,0.6762678343610931
10682719,10,0.5200323096127928
29550776,2,0.2623210063056704
10121861,9,0.5809520672589279
14124311,1,0.45602962499221794
29175581,0,0.40819627330200015
38166313,4,0.41454073316232126
26199354,1,0.427435316171678
39057333,1,0.36925065391882766
7438666,6,0.3046862925991271
32764536,1,0.48223209013760926
17324517,5,0.6195033931644977
15841969,8,0.6182238415853193
13757734,3,0.49744284051065824
31593811,6,0.597030013895153
12225392,6,0.8227119902429224
31279843,8,0.7661180544751822
33662222,1,0.596988385626923
19655407,9,0.4493320770533403
13089022,8,0.42558606122018133
24228420,3,0.686855243810305
32720873,5,0.6531140259797915
27365402,3,0.8370686515285105
18514719,0,0.23572443590779926
34079680,0,0.8592623132771018
8014343,7,0.3151954761077229
37259543,4,0.3785628340032515
36672021,11,0.8799766158438564
33235135,5,0.6220266368817442
31432013,3,0.47139815480715275
37143235,9,0.9871321798200072
18482786,6,0.8608465906122877
35566678,1,0.45587408346630726
29794126,3,0.6796132079744128
13277004,8,0.41107082210223106
10671841,5,0.6094161630981513
22932324,8,0.3019352926098983
39673720,9,0.5017581965304384
17118714,7,0.28290514355320395
36327618,6,0.44485562191358613
11352047,5,0.49363438739865073
17941083,5,0.8542222489775259
39888821,6,0.7417343758341418
37851014,11,0.4911299556603671
21896685,11,0.8511450398038004
19666772,0,0.5741970937355628
37094707,8,0.26736814663524044
23390033,5,0.6874607598855889
38768129,5,0.4970388128805827
35102838,3,0.5732083623516592
37014652,10,0.3670434370108937
9405399,2,0.8716309347996231
25859496,9,0.9098611560530744
30154970,5,0.629112614735312
33808135,2,0.33311588070146486
31517534,9,0.46796420233624875
19561587,6,0.7619043360058347
22473370,11,0.4199906056720196
12880158,4,0.282983659072948
35436129,8,0.3624581972320177
39969896,0,0.6606204306057514
25429445,2,0.7129773205477277
21192230,9,0.6212736031486977
22315678,9,0.889401682058412
34049790,10,0.43363708223387365
37643520,7,0.5149566165012136
34656477,8,0.49164236010128415
31601820,6,0.43195139177791414
32606743,5,0.3410604389252687
33712530,9,0.4933505483096955
34260259,9,0.40490500020379283
35336132,5,0.3330626791784163
29670110,3,0.35052523596814794
12613787,7,0.495305781472198
26106358,1,0.5034864750431249
38232834,5,0.3582005010541793
38687935,0,0.8905141535557194
35908786,6,0.6205105091821012
22815822,1,0.4564154166049435
19152355,7,0.6077067598859082
35298554,7,0.509981484062126
33158219,3,0.48127990219180017
22619681,6,0.5619528735431676
30872748,6,0.2971310906230326
20482381,1,0.6151355742088241
35032571,6,0.8248145146546644
3351963,6,0.3070992658510214
7766445,1,0.3015647035055116
22205954,3,0.3629385168355299
3635073,11,0.7855150102423014
39421500,6,0.43865493596120103
32227824,2,0.751986661156843
10792736,9,0.2324182959941698
31719831,7,0.4736280434957056
20295134,0,0.8386189734329317
37795044,9,0.4678833828130882
30986106,8,0.4656558223598946
12150491,0,0.40119073610128614
12954969,9,0.5081955042198947
34382149,0,0.5664710023242251
24361505,7,0.41793949863363744
19939189,9,0.27290820580238323
24273517,3,0.3766695158386
31210056,6,0.7347385547319042
2882060,10,0.8386066332832784
28615264,6,0.5323812272856236
18549236,9,0.41120527973335025
34102891,6,0.3168328903667721
24231285,5,0.5180458899949759
36619359,6,0.4609025671493149
22106425,4,0.4588153114488533
36547260,5,0.9044821483992382
32914033,4,0.8944604753666332
18123325,6,0.5686354497356271
37145734,8,0.4948697698861193
35958446,0,0.4583253239795372
9547460,11,0.4702721311429332
5315537,9,0.349507859395975
9900137,8,0.5117450781942083
22349741,11,0.3878020359077432
14037882,0,0.21813079735475147
21629727,10,0.7052766045041671
27582796,3,0.4841211231518066
27543458,1,0.5057425471053522
1400537,0,0.3511824203137305
18396172,9,0.37921488603349096
40111822,5,0.732626419798425
29062319,6,0.9119011815694171
31211832,6,0.7087488403813776
34132332,8,0.7934474462448292
39284989,4,0.428027404235063
8380046,6,0.29659165409692057
33336080,9,0.4558393092330893
9727429,3,0.4390751299648865
21424463,4,0.4850241014505732
15852436,9,0.5860611658540996
35565250,6,0.28229429382579135
25772750,10,0.3622693396503146
34495762,9,0.7102047541500385
33824764,7,0.7588430681410117
22738922,8,0.46007587987449755
22806226,0,0.29527022866474795
7693273,9,0.6292361157158118
37297266,7,0.6953363774215353
25444198,9,0.29590984477961085
24468741,9,0.4055130274561755
39784483,2,0.49365333102311926
37131947,3,0.4590394735620454
30918710,9,0.5816130610106071
39548099,9,0.735230962821709
11155342,11,0.42716610730561316
32350485,11,0.5382169401027815
35756562,5,0.329266399922976
23123759,1,0.3231277175767617
28698419,6,0.45392922152256604
24849655,9,0.3958478818083964
22605575,11,0.47542289030857465
16146966,1,0.7563222439376411
16128128,9,0.26152542341935375
37296866,9,0.3653659746469369
20103730,11,0.4093255800902561
7186134,8,0.5253163376075705
37077154,8,0.29472804863802954
20921889,3,0.39722363301554997
30722467,10,0.32158280400241185
13248569,11,0.9889539571820236
33341394,0,0.30284098990492925
38061876,4,0.7574037565002854
26049459,6,0.5782609779397337
6301249,4,0.3949373082915001
28059054,11,0.4011756758223012
29823687,10,0.3446329839941415
4495223,2,0.4439395527983715
30643194,6,0.25559032300447077
38976411,5,0.6275199928805676
25798071,9,0.7576695147620011
6961212,1,0.5977620251127093
37146322,3,0.4381811701241014
25866765,6,0.6346985590566211
5436122,7,0.4360152556044564
4106546,10,0.851404965345726
21023423,1,0.532113444948482
17290854,9,0.24777438554449344
27456185,5,0.8034552086290685
5472818,2,0.8941758777088251
2690324,8,0.6488576344851522
26922088,9,0.3543084351750013
32018172,10,0.8032351149110128
4882377,11,0.42096095966352537
36925982,6,0.3522236039578949
28433036,4,0.6634492388437211
32622935,5,0.7283674857637972
19451544,3,0.42980843096499216
27819713,0,0.9009332988273437
38100729,6,0.5252904815990252
31635140,6,0.5463614302293416
19873620,11,0.265593948850925
37671720,6,0.4245426391744223
11387001,11,0.32435866264880003
23215177,9,0.7048016650311401
21677347,9,0.6594714935515339
13331419,0,0.9869666728782535
38372560,6,0.2791421804691508
24680216,5,0.3647230373896812
7258931,9,0.5458716801334111
26197292,9,0.7648436091131111
21922015,6,0.9392252999357562
14538887,0,0.6323918222350623
10544928,9,0.8124283126227241
5129794,2,0.3436485336991846
30847903,3,0.421428067202102
36365542,6,0.3836307108289791
14335832,11,0.5457183134111557
38310086,5,0.6796476050771487
23787043,3,0.4844171334462913
7760837,0,0.9999999999773663
8318766,7,0.4491893680008273
28612607,11,0.6077008549628098
39008407,9,0.3636895606673493
13955319,6,0.6600650146360137
30979817,2,0.38723036745059963
25625100,1,0.5131020439457
16491781,6,0.3949803324060905
33833291,8,0.5205290177142567
3800530,11,0.4341906435553397
12644826,7,0.2970591755114786
36871638,6,0.5032900361280449
25733694,10,0.38080625121315037
13341780,6,0.6086893059707079
35765341,7,0.5862666043716019
35832475,4,0.632663196411377
19401749,3,0.7177950017846719
37789409,1,0.9323680707045784
26592540,6,0.5389937528711782
3853703,6,0.6182426510256072
21881749,11,0.5516035210209205
17782744,9,0.43446485425851306
23256340,8,0.5379476832588129
18795352,1,0.41300115563308215
25435540,6,0.6874574393138891
22871350,7,0.49785933547115035
35278217,1,0.5687611349744848
16953251,6,0.8741193524414396
22155626,11,0.314085287175903
19426759,3,0.34715615469334404
33345995,7,0.3414768527198646
9358749,0,0.5546928445193741
33727205,5,0.4206902044453143
9986340,8,0.40296565301609716
23546656,9,0.5200000352113515
32317241,9,0.8751681491536261
12804239,8,0.7288171950847627
27162395,8,0.4503237098454807
36576063,4,0.6513654960849817
7003821,9,0.42069102015030735
11665411,11,0.4296326406543888
14004457,1,0.6694157161136781
3345199,8,0.6245958574647028
33114155,7,0.5769701414541983
26948405,1,0.40361926793561964
2894668,8,0.3783533654250568
30144020,0,0.8473089908172783
21556115,5,0.5238091256462372
10846061,1,0.37776007346561474
20935675,9,0.4929459470885786
4371004,7,0.35433528675845866
28134919,9,0.5820684765765173
12620748,9,0.42433461066698513
21997347,1,0.3837203572780832
15169663,0,0.9461121935610187
10042578,3,0.5286594950947199
28562966,9,0.27027496532698997
28616143,1,0.5613616074017884
21152430,9,0.649198295961339
29332424,6,0.3046912409011826
33383573,9,0.4044839559782586
34649399,9,0.4887404748171096
21936588,9,0.8500329323750028
31012799,11,0.8808160028183144
38236351,10,0.6030497043818461
26442394,1,0.7624637091297434
39848610,1,0.26781390213276746
22438238,9,0.4193400155552202
10165756,1,0.2742791414718121
33279287,1,0.6542591834713672
78799,3,0.9378685556153349
11531531,3,0.44511030535767837
12043522,2,0.3795792448026543
5027352,6,0.5468557724255786
11788565,0,0.9999999999796672
27452754,9,0.6159176225045716
17602455,9,0.4999916186452935
14043431,11,0.4081719059544235
28825116,9,0.49728347185570265
39323666,7,0.4575906651528969
34075491,2,0.4153771027461633
13937176,10,0.5820454230581056
24003450,0,0.41276921226171676
35223118,6,0.6496368024559815
28666995,4,0.34953208417243786
14320396,6,0.544866070256013
7538587,6,0.7473995346502833
6254713,5,0.751878866881119
16220263,4,0.5413737046061184
15930291,5,0.623304183288577
15178640,9,0.3379276537886434
23921090,5,0.7095337035716465
14217466,2,0.35946739190021404
21189346,1,0.43845025667164295
16551998,6,0.8686553522484882
18166417,8,0.44945280247811104
29030529,9,0.2731876274804146
32553661,11,0.6540386709928049
37718683,5,0.3478869058916644
36893767,5,0.5464513615764258
31657017,8,0.7737093350044195
26594163,6,0.3755889726348497
5614992,2,0.5768592795481289
4827303,3,0.9182155630097607
3949772,1,0.6286785067078154
25559202,4,0.7583861432790604
26867730,9,0.4297582929113262
17085021,7,0.30200747916880716
5159238,9,0.4793873636092459
21459349,7,0.4032836395368389
29592042,1,0.3545908842036881
23090151,8,0.4728993310478727
39001152,5,0.9572319555946098
14949090,0,0.9414903082281973
2375956,3,0.32619684911643276
29850602,3,0.4534476716198266
23411836,9,0.5181848533928969
15771424,7,0.46702573492784666
22444607,8,0.1925467668767906
9566592,5,0.8233732882910886
29395105,6,0.2743748015903408
3271639,3,0.5252564218315061
3835083,8,0.41640403979430485
1752902,7,0.44490968627398086
17508544,0,0.7830866622962076
32895729,3,0.4220307716189661
33391624,5,0.4388262137136895
36461054,1,0.4684206234695591
16882965,5,0.8121073648323207
24190137,8,0.6116233676477034
28519444,0,0.4437454938457668
21067462,9,0.6904818916521391
32911481,0,0.8685161573137136
7410182,3,0.25745454096899884
34348113,4,0.5484580192218099
32725823,4,0.8724436354816738
32368888,7,0.2707659179055467
22393783,7,0.2781817943538653
34771564,3,0.49279159107060405
37170927,3,0.3441602543964893
3274114,0,0.7061816197700804
36534351,9,0.39457181497887234
39752819,1,0.5769292956598524
22857889,1,0.5231491248796084
32653137,11,0.4534831830813387
15481914,0,0.5057913247613588
5941622,0,0.37306821825639874
30685462,0,0.6029661645483617
22098932,7,0.32790615684778446
26907640,0,0.405432697031842
34740768,4,0.7951473443673474
35305162,4,0.6572750555598104
16351654,7,0.33341487971045286
39821177,6,0.7639799031041618
8955274,9,0.6206192478391113
35736250,1,0.6516846730863651
25611832,2,0.31190389228849114
29043138,6,0.34780502777969274
10322653,1,0.7824642914192153
15054095,4,0.7059333124385057
16762637,11,0.48887458318985916
30993445,5,0.8578249662168027
30166105,9,0.47690746427955305
29616487,1,0.3858290596515636
29810464,9,0.5041623485731147
29702424,5,0.596860221348625
21707330,4,0.7834803982085446
8706631,6,0.6443348411908745
27836146,6,0.2548695042208217
10101540,1,0.40267970311869017
13409239,3,0.5202174908663375
30276499,3,0.4992984488527979
9523603,8,0.2954523198259892
39144325,4,0.4415373960634367
39228698,11,0.41866778085049144
22413568,6,0.8698699810235364
35872981,7,0.29456611011318046
10877734,7,0.41551475129209975
32989059,11,0.3804228434053842
20339390,3,0.5839627033974131
37280435,9,0.5896194907221866
30041679,3,0.674415935224749
1469614,2,0.4711754537651538
26966221,8,0.6843214878455635
39864184,6,0.8713669938105323
10232465,9,0.7206080491683639
31846335,2,0.8133386471452555
15147189,3,0.8787805837341616
2971381,6,0.5318262294103528
739289,11,0.3642661122997351
38117131,7,0.3339719415365728
18838994,10,0.620788243780319
33416398,5,0.36314097871974876
30055267,6,0.3852156479874139
26089518,9,0.9544670930947745
8130905,0,0.41322994971744037
40099711,7,0.30519070207558857
7829768,6,0.25964676480272875
10844331,9,0.8200303634959905
24261973,2,0.41105504608571136
33444061,1,0.5593413573511279
7051756,3,0.3760053634616723
18696231,7,0.5754967519530939
21615158,4,0.9557615093162023
11890781,9,0.3309031517029261
28667479,7,0.6855757191085977
20797700,7,0.447812359338829
15893153,9,0.398636861756555
35910253,1,0.7187144515319995
22567373,3,0.5532985021981517
21263766,0,0.9999999999818096
343204,1,0.5313128038989433
30861156,7,0.40777709392187667
23094616,7,0.6137696739391408
4771754,7,0.3475339060706844
38297292,4,0.7456160267460402
27666008,5,0.35771973312166233
30142863,10,0.6341983540531831
6115066,6,0.7329062544716786
31630260,0,0.22886250808759226
13131139,10,0.4595379785726938
31708737,6,0.6274854443020943
38309707,11,0.4030569041472612
29216804,5,0.7232893915266521
35018628,8,0.36930822953470677
14781895,6,0.3425762582378614
35160710,0,0.47298134239788775
8467683,3,0.6477581138172793
17015610,7,0.5105593117653773
38845012,5,0.44648938935747323
29695657,6,0.6531943742879283
24411180,7,0.649837459791939
2057921,6,0.4699991551226845
13194542,0,0.3461687295158848
18340528,1,0.4850888467244839
14278370,6,0.2785006386871098
14522757,3,0.43737993011988785
29941757,8,0.5405419798947898
38975770,5,0.39507987247770243
38318011,5,0.7772645682021578
34044266,10,0.32353866973779244
36880860,8,0.5773731759455563
27700625,5,0.7578004953757622
32581569,10,0.7442045898071277
24327313,3,0.5724177284157178
37416978,5,0.612812403640878
9492355,8,0.38898153038346095
3000646,11,0.347855536833517
36670851,10,0.7500270182307
33266577,9,0.7529454197375043
33049814,0,0.30508962896805386
16727171,6,0.8359079608935397
31626035,8,0.4464988069071058
10569846,1,0.5814479402413185
28960249,4,0.2771058752863674
27754231,7,0.41574659600925534
38836591,11,0.38922235517608916
34886005,6,0.5998052475641533
4208390,6,0.4682231588436797
21038210,1,0.6201512815811925
21649841,9,0.6292542850799094
23583840,11,0.8119749673792773
33420068,0,0.4267761015003439
11884635,7,0.3313228370805312
18753341,3,0.38952846577648154
39106532,6,0.4159539304851594
1576784,6,0.6592677160211702
36017135,8,0.7640761245906462
18759765,11,0.3268016877361495
11541454,3,0.5091720938406323
15312732,1,0.7288621252915723
14470504,7,0.6561876076238753
1482308,0,0.4346413232439852
7081567,1,0.37293057452673856
18552242,7,0.26289976053085495
37773719,1,0.4026450227807509
34539959,4,0.9831091728203311
33182632,11,0.3639068784132756
10074325,6,0.3821747685476793
22969817,9,0.5286030894612218
26135386,9,0.42111548673844906
15157502,1,0.6041845404818056
36789677,11,0.6216308231835475
6493876,8,0.8357849877379911
2527992,11,0.3678945712854929
11914083,9,0.8623734297000182
33987624,1,0.3202994871905548
40096197,11,0.44859953432989297
20487981,3,0.6789535536027855
32983085,1,0.8257468075019601
39969021,9,0.4469423691324696
24754016,7,0.3401409577763086
21544372,11,0.45335766371317715
11352199,3,0.4824249173312685
20636036,1,0.5813231250931723
20065164,3,0.3732166521143541
27791255,3,0.4083527841898321
18269786,6,0.4304619551831224
20638206,7,0.30642980313430956
3893599,3,0.6534050152270107
8292948,2,0.5088535878929845
20012920,6,0.36209945609694466
35643306,9,0.6564477122562871
36043951,8,0.9202011442251538
18506586,5,0.4985008263833611
35214455,1,0.47184462913249053
30677288,6,0.5887748010946454
7314942,7,0.2959713860859341
37121110,5,0.36198996634955305
613246,6,0.5109803190023964
6143952,11,0.32753676670453274
28526827,6,0.33186588771195924
21791957,3,0.29207241696386005
16315645,5,0.9860470165203756
16538883,8,0.6313233784771498
4277243,2,0.8653078551894964
12217462,8,0.49546774489293743
3887944,10,0.39364148453210107
37150345,9,0.9368867246065341
7396071,8,0.3930901165416701
13696883,6,0.7030364543498003
36485098,0,0.3442926302593517
36573764,5,0.5770804445207024
36288746,2,0.3783660075938849
508183,7,0.49600713060045354
21083924,5,0.4780280305308267
3996904,9,0.6946285731845302
3348594,0,0.5212127818768367
20575347,9,0.5988791344629619
23056805,7,0.31598365203342293
4610717,11,0.26885503252868487
39438335,8,0.47331525934258495
24057943,8,0.3942640387617957
30621772,9,0.26283027832786243
25865975,1,0.47574584684402715
20154766,0,0.3368752718368991
19421538,7,0.6063002057399575
893984,3,0.48352534361941796
656155,0,0.4053610173603768
39875322,11,0.5366698295876167
14527671,7,0.2373421704498698
31115016,8,0.29626691075617617
18393543,0,0.4352743921243504
36293801,8,0.4269427519888014
16783597,2,0.5609136081223579
34507234,10,0.5952388240320367
14145371,0,0.2426410856855959
25422733,4,0.64428509858556
24341701,5,0.38240172980250214
21500737,6,0.44945633895048503
37414213,1,0.7050957315548745
37584942,6,0.33667970013030235
39972261,6,0.6375327671914461
6510333,1,0.47953802734744666
31928942,1,0.46635031081461337
37361069,7,0.3674525884128321
35393379,1,0.3450336554835822
28483471,6,0.564554573174864
20997957,0,0.3838979906224776
38230117,4,0.639542034061435
38665093,1,0.48684177050383404
15661465,6,0.41219108333858173
12517649,8,0.7430797251548957
28113433,4,0.7299308048355957
34785467,6,0.48319063531908474
8535997,11,0.6138723565793409
18229875,11,0.7595035104287543
31288144,11,0.8135775435171227
33642846,10,0.3652019591951791
30124608,0,0.33879636872208385
34265102,6,0.3223022941207904
38238,6,0.45663887934068315
976506,6,0.8741942550246549
24983212,0,0.41953616201234234
26626815,7,0.32881792380159663
7378427,6,0.4423509959298017
39418419,2,0.3297425832821221
36112600,9,0.45332091158127197
21381096,11,0.4930859216766956
27262473,1,0.5248403373092598
34123173,8,0.40407535826032254
8728854,8,0.3661303810264559
30910443,8,0.4919226963877378
10919823,10,0.6244643027668283
19034210,6,0.5173482895533872
4289937,6,0.28641973568673784
27482976,2,0.8937351280790049
35531105,6,0.45502664419903077
12083158,6,0.6712760981984214
29888002,3,0.3320679459875094
19782975,7,0.4572588229794129
25813789,7,0.3684117735708524
29645055,8,0.44746930711600946
37281200,9,0.4176820458226648
7848573,2,0.33142236904280753
33704780,5,0.35897580484463265
38708775,4,0.3173156291237013
35256779,1,0.41375170775688064
10962922,1,0.5198841756633992
27461677,0,0.411461182591636
1952379,3,0.40506743589621785
35596501,6,0.7353296567478462
34444681,8,0.4720331225618643
29884453,8,0.5021853315086017
27443143,3,0.5240165678801574
37794648,5,0.27194933981751546
32254920,9,0.4315589095621414
17688155,4,0.464639799719455
28179026,6,0.30722084535648264
29711531,6,0.5473895843825985
25716808,3,0.7998074006734509
6179617,6,0.5788165103284988
29972842,6,0.2640909017754274
39032103,3,0.3434558661414302
22946719,6,0.827115544969776
34821534,10,0.40506800263831344
28762951,10,0.42128399611681516
10091271,7,0.48906723108590994
2905987,7,0.48919435461534777
27062908,4,0.857643188211071
2219316,6,0.6112194186810992
24210256,11,0.49549037490269626
34838946,10,0.5116664239659634
17781448,1,0.3714478403008529
20616705,2,0.7697568846107847
13588024,6,0.26331878120174795
19782336,0,0.844186234159053
5058830,3,0.432093627560163
27833489,9,0.600914098291166
37719889,4,0.6034116028922284
38346542,9,0.3156977688875187
29261991,4,0.5519305572900098
14184105,9,0.35622959851579006
3692697,7,0.28815479599759003
12353608,1,0.6547497356011457
31183788,5,0.6916466243724028
10157678,1,0.36806246636412926
8094760,1,0.6333597498899087
15987690,6,0.3851291418655724
14845789,8,0.3702952454878062
30301011,11,0.6347005995867155
1483024,6,0.738443432265157
32972422,4,0.3634483671722079
7833106,6,0.7844411295567372
8654869,0,0.4329772079374567
25299497,7,0.929899341872581
30769867,0,0.5053513943862298
1686292,3,0.4016482505036316
24192984,2,0.5632460632276552
13793270,8,0.3767513401481557
10822486,7,0.3629263267488684
12814667,0,0.8303686141401246
12022105,11,0.6269997178862329
28799952,10,0.5876046843476764
30353804,5,0.39746610892736095
25199291,7,0.5610147462915309
4835611,3,0.667908326459794
17606149,1,0.6250849751533342
20949204,5,0.5517848013968393
28968690,5,0.555876175544796
21052973,3,0.4957008857912588
37766612,1,0.2894791762808683
25284292,3,0.5707756188994089
34278043,4,0.5459108779871947
5259161,10,0.4938533578089466
26145678,3,0.687230920885743
38363262,10,0.3466816016829988
32622219,8,0.49943846835586486
35512199,6,0.47269179569509817
30871384,0,0.6611652368496048
34081037,3,0.6757338448409103
10134253,8,0.5972915561665427
37865177,4,0.5440953810108399
23701148,5,0.5500937798175521
32218520,6,0.3292509461713305
28576540,4,0.6913959977858513
24409698,11,0.7230663973022543
31597203,9,0.5930364140285181
37749759,4,0.6510062607816685
39939716,4,0.5821512919375005
9208867,8,0.35179174241960154
25072115,9,0.27380204816143416
29226021,8,0.3002384349024093
30294712,2,0.21201441597461276
11475885,0,0.3221319710106506
23199578,0,0.4059142936535003
33447680,8,0.49998263405372245
32878574,0,0.26236394671354113
33401428,4,0.4157809429229914
16684595,0,0.7991262763046182
16017034,4,0.8593170281394072
39379616,8,0.5792550026711796
38309109,5,0.5473499243126613
37088933,9,0.48446158803452066
21341702,2,0.8071377217076902
36150434,8,0.5192317417147329
30327595,4,0.5890009324116409
26162613,9,0.3843968114033241
38645607,7,0.4224529980714048
19966557,6,0.7816472258178873
22335894,7,0.6891977540996067
14777066,5,0.48750593944319287
14559101,6,0.3922993308717674
16931536,1,0.5487770023913795
19127704,6,0.3148764743357868
17349928,5,0.7378504882676984
36847447,6,0.7066588940855687
9093059,6,0.32348650963460324
22546431,5,0.46522838797674376
6765886,2,0.30915372825376214
2632199,8,0.43949230659070165
33312584,9,0.5386593060960316
29149466,3,0.6334563412448896
13321398,2,0.7588167460247449
31396062,6,0.9120628549507659
989276,9,0.8317717666596787
36956477,6,0.7417402575332774
38261366,6,0.7552025613847355
10706231,3,0.3951469614531147
29160503,0,0.7890180372836906
31190802,0,0.525546418172872
35369096,7,0.43301428454401303
39058034,4,0.6409395437410512
32851393,9,0.5943482869510113
23079208,5,0.9132162953575682
15192637,5,0.7486284776933253
3903432,5,0.7652884397440614
10860920,8,0.2937147570650732
33826441,2,0.2778461659090577
9814577,9,0.39239595355316453
31192007,11,0.32436944121386674
919927,2,0.6951859707985609
28166784,11,0.4288970817518077
755777,6,0.47880464592121075
20317170,8,0.6024492670831549
37522105,3,0.4468837428629776
35867326,3,0.669533553968625
27018426,8,0.663731176537221
38454207,6,0.7799706652069153
34484986,9,0.3173857948818277
32059419,8,0.6739123895377834
35007818,7,0.461458010079155
10134690,11,0.4618821341301405
31440201,8,0.6095721139827719
18706701,1,0.30998707985505985
24970265,6,0.5336949119192442
28432987,1,0.45880271866025735
18683097,3,0.6268640249177333
39435820,6,0.2895634774423635
29078645,6,0.5092682403387953
25386012,0,0.6569300660221099
26032287,8,0.6295981893827357
16426712,6,0.34599288991393096
21064299,10,0.7562397835476437
28641553,6,0.7254793224046193
16114391,6,0.5120609641914632
11022201,8,0.5047617804873725
14359730,6,0.3756626400455445
31589409,3,0.38327242171356674
13635000,0,0.8682668066691963
5583596,7,0.3266094048646104
20121390,3,0.432190252123337
7110604,6,0.7495297006424816
1293828,6,0.4907749104198579
24297042,6,0.8168740845969075
24637763,7,0.5358204354073904
38288914,6,0.5110644152717101
27806825,4,0.7043037018380471
13017101,3,0.5685688609400059
36243916,4,0.5736216308954544
15404256,3,0.3730206642852381
15420752,1,0.5389549674201145
32707261,3,0.6906701357959673
31764970,11,0.5054556562008958
1351209,1,0.575304118916051
33977077,2,0.6421295321175324
8361019,0,0.45113393229468624
38131287,4,0.8591926094988953
38932835,6,0.22681944239135915
18688908,0,0.9999999999812507
21273602,11,0.4647489251630592
25247364,3,0.727309138740846
12352674,7,0.7443909363962197
811306,6,0.653288190885754
31930789,8,0.656916060636088
13519774,10,0.3290036357788939
37058567,7,0.38677136115402766
26736220,1,0.38839252309029487
1993243,7,0.4451863638635561
32641480,8,0.48854622540987364
31941532,5,0.46169730811993365
32042775,8,0.3513736228777564
37610140,4,0.796351980588512
28372127,5,0.7076616708717907
10460088,8,0.47633662276589067
38806453,1,0.6003734904423726
36529788,0,0.4755239982035289
7951804,9,0.2200888982800116
7856853,0,0.5114633187762692
6769782,11,0.5677877472507581
34976671,1,0.4667778580520392
27138039,9,0.8026496102397102
7058494,10,0.26596143994392374
28999591,11,0.5585429475009481
18481531,2,0.5625206324847593
24149597,9,0.42560135720021913
14320068,6,0.40561901736734596
1268899,2,0.46551498763418403
17338309,8,0.36626550406185276
17794241,9,0.6961566183254837
3924414,6,0.27459280539455316
31222249,6,0.4776336576535367
38540208,6,0.4510629762549477
690688,11,0.6679141890505603
36497579,1,0.2977983542340509
22189227,9,0.5270762480901572
15116899,6,0.681936774635267
36958031,3,0.6776403677906222
29309116,6,0.2704598461117611
25791176,2,0.9190499774935686
29433243,10,0.40067959135339065
39877278,8,0.35872266213854576
36185081,5,0.6635701384218456
8741997,0,0.999999999979342
36426910,8,0.41558379513917515
36722578,3,0.43097924074778426
13992785,7,0.35647861249368074
14773980,6,0.8027508456593937
21769271,4,0.6785174036634916
37032262,8,0.3837860871853185
21592313,10,0.6237528871337947
23328908,3,0.5637519375487196
29686331,9,0.2767995943033024
39026418,6,0.6192572445064277
17070822,1,0.7129229944143041
23263599,6,0.23079906302971417
37595414,9,0.9637417079827255
31374835,4,0.9783116493946548
20725699,9,0.4654236678064277
13962529,9,0.2872749514352277
27987298,8,0.5562453619160129
8000490,3,0.6345644921537839
29765311,8,0.448174757087023
32027997,6,0.4079145108607927
10038731,2,0.7518051135537465
18163301,11,0.4431946482898889
9860680,9,0.9691593314551918
26184977,6,0.37001168295491427
26948809,6,0.4996722661210865
20483223,9,0.5325217623069985
32978233,6,0.7402787161529817
17425505,7,0.43417647478780674
28599883,3,0.4545889475096575
21369137,3,0.37194040814887064
32884319,7,0.2557494655201265
36585811,4,0.7071631591197871
24045429,2,0.3497439608672901
33458613,9,0.6130581445695299
18432380,8,0.4899145371933088
13369384,6,0.27501311458918976
21946174,1,0.3195193945107767
32063363,11,0.3246949386399499
35350200,1,0.6318597535606899
12321178,11,0.29240320075328774
24964081,9,0.7434097156781241
30961640,9,0.41316668930793904
4291880,6,0.42955770862893033
13327213,9,0.2917096747462479
24149496,10,0.6754150904826436
22387883,6,0.6647208819086242
19890626,9,0.7868636682370124
21485318,0,0.4501016535749052
18531483,9,0.5693604294130883
4372129,3,0.839957538922848
33101465,0,0.7180336715964707
21769390,2,0.28292256963607204
36988859,4,0.7959267959005782
16812858,9,0.45994726487554227
14017015,7,0.4216328076686603
17877870,9,0.9193275077463655
15039211,6,0.1989963076441783
18935037,5,0.7990744536564787
13122615,6,0.36751449428670796
19719413,7,0.46429233441535794
35620206,7,0.5874858157163856
39551658,1,0.36425035827393387
31247313,10,0.37754956848251764
3184128,6,0.9732132372599398
28203126,6,0.3109638698851286
26863537,5,0.2890153825599233
38689205,6,0.6787597613053031
33248223,9,0.5738222864554855
13948176,6,0.6919000395480953
5228972,5,0.6924732341769267
12843909,9,0.36411591344582334
36750580,6,0.5004292047036804
23689183,5,0.4143200803900477
35137320,4,0.6684917062931753
38066785,5,0.48077221922150976
34916062,2,0.5013202167123105
4048789,3,0.673035263225471
21693593,11,0.4312727529591014
13238433,2,0.6523743443849559
23412912,9,0.2580414769342806
39998262,4,0.5359898116932874
2959109,6,0.24933021500063082
34474411,6,0.570421395123189
33763133,9,0.477306630829298
4473531,3,0.6086689217329603
17285163,5,0.3372531308217406
10003751,0,0.9997671767102213
30990654,0,0.37750293180432554
21453284,6,0.6724431423813544
29960982,6,0.40196049289831565
30514599,2,0.9539525333033149
29160422,4,0.4922068654911731
29991041,1,0.5069103553010387
22856169,5,0.49642291459985516
10915691,7,0.38850313079219206
8826099,1,0.5427784304422588
31335415,7,0.33924784328783325
19963352,9,0.770350350558818
36850866,9,0.6630694157026484
8794085,6,0.6279401085801612
38044103,8,0.5704334732135655
31032507,9,0.5415354963257792
9062917,6,0.27618617307252097
14996264,2,0.33595124651834446
26163470,6,0.33923886145803284
4138522,7,0.2824677711422001
39340339,7,0.8295053594270362
7349678,6,0.9691925750151337
36098619,6,0.36475169001774865
10609683,2,0.7202625259539343
19743512,6,0.6092897025058768
40070216,6,0.5476766642786902
30545655,3,0.5779690528126195
14296531,6,0.5287617791731394
39650869,10,0.6624860953003021
4241632,6,0.6989781279160666
39065129,4,0.20566909245142564
39858802,3,0.46233123639170226
35634286,6,0.7421632981582795
5663508,1,0.36044740083170906
36404051,5,0.3868836571955114
27753538,11,0.650399837596595
39965946,4,0.4612465661272576
37437869,4,0.6874431389750427
24410469,5,0.8470640892204946
19713411,10,0.6218528166365235
5503820,4,0.27547372544437326
2613105,6,0.4603549495269866
35738854,5,0.39025689777212036
23005080,1,0.5235982021150223
9868792,6,0.5445728101567957
33382766,6,0.6479757388693607
992169,6,0.5112248838471083
15750711,6,0.4988493468052091
29805186,3,0.9858162095717958
5448257,6,0.6886948208993575
33733880,2,0.3858606068936299
4206393,0,0.7302138310924874
2940858,6,0.896500223994199
39454770,1,0.7033267716556874
33621399,5,0.7208051504903157
6318347,3,0.36375858573406583
34764065,11,0.49522412126172166
1247284,11,0.5565406193222694
38470929,11,0.4901583536587975
37301682,4,0.42408907467451235
16651859,6,0.7734265583433914
9782865,9,0.3745105463915631
15786525,6,0.3811631761638978
22362010,4,0.4917040359058191
28268878,9,0.8265552678742224
14450645,11,0.5808827006549631
18253401,1,0.5439949818514247
20362993,2,0.33854188198141705
34786935,1,0.4894567479071525
13462587,0,0.5764925586228187
26857515,9,0.6572891806354535
25160171,6,0.6167187573865196
2005956,9,0.7436721211638384
8215419,5,0.47402069058830043
3359614,0,0.4921363752425167
34030438,9,0.48896272540896885
34981727,6,0.3475906231622273
25755504,5,0.8418996029791282
21902861,6,0.2432655548952513
15555135,7,0.829650378342804
9630569,6,0.4689338853198771
18751352,9,0.4332919590926214
11802036,5,0.6897776540372179
26713799,7,0.3744065380696604
2304712,7,0.44597123810609307
28704274,8,0.43545652138375457
1826761,10,0.3592806785703208
35413618,1,0.5309465977742713
24493773,7,0.48242636998189065
4999233,0,0.3083194642240408
31166943,0,0.3803882694788716
25230754,7,0.49156780477329426
30736627,3,0.45499777085271104
17794998,9,0.4225532993230379
29021532,6,0.805982707011292
27110140,11,0.30368714704559435
39704362,5,0.29014558432284365
24643338,0,0.5090143629080406
26647535,11,0.4789916959403517
34209203,9,0.6868532585047274
4082533,4,0.3988634014329687
35731855,8,0.4083040500370906
10302986,5,0.7889341609239701
7660542,10,0.6972592344103495
22994423,5,0.9824623677911133
34293879,0,0.5639635964987055
11412290,6,0.7665136155882425
21362489,1,0.3706056133708573
33896776,6,0.7897375314265589
15105098,0,0.9999999999782265
14913153,1,0.43812370838960707
36875978,4,0.622688476821911
8139721,8,0.610398589687748
17949475,5,0.594402954007177
27473526,6,0.671436906125243
33394238,4,0.42969018026172145
27088991,8,0.4868366398099323
22854756,6,0.8816308235582385
14793687,7,0.7218953685204741
29893688,9,0.8944557508191318
8044737,5,0.4345605744348607
36563878,8,0.3306486809836678
31683721,5,0.4879545910070233
17277002,4,0.584504635496082
30885351,6,0.5783743956067646
13532531,8,0.4108431149485848
23170764,5,0.5086204031495389
26928672,1,0.6583636366950334
10525903,3,0.7909511539091311
8615256,9,0.31607793514969795
34846130,6,0.3405977380661754
24546073,4,0.9515964392252234
27928704,11,0.48967704378943844
39128713,2,0.1879223619873902
17405682,9,0.5150646384107962
39623506,0,0.7638264603525836
9249151,0,0.6831716306721289
39125370,3,0.5526966254292358
14292636,6,0.6153870732048349
27276135,9,0.43171386830146663
31233040,4,0.581330654867576
14303376,0,0.6699834738464613
32022158,3,0.545414529171617
32916313,7,0.33026209976024296
34580878,5,0.42034257207796066
1096912,0,0.28888911259299344
29036924,3,0.7331184520614258
27669791,1,0.7848610140611233
24483050,1,0.4702356859687032
7400601,8,0.38125951286332105
26568207,0,0.3428468918971182
35958075,1,0.5813268054791568
19620736,8,0.5135438234484274
25230392,8,0.25747165667906413
34009393,6,0.27966181404822676
33020520,8,0.2785657277129764
28680636,8,0.7136962891658515
24709023,5,0.6148284328756033
21310559,10,0.8774398924981583
7427898,8,0.5304951449702228
9636617,6,0.5505560878812066
6620471,5,0.3375253981581842
35317410,8,0.34313519141326704
24416500,2,0.5896002566816724
15768483,3,0.35016245113860833
33855901,11,0.8135344275178457
21009439,1,0.4495852567320506
37510761,9,0.39991970034550783
9365928,6,0.3824970762634499
26029436,9,0.5269954185288397
38150251,4,0.7366859343085805
30009896,9,0.7114355640468586
31056070,5,0.779839918818168
6661005,1,0.48821971898386846
40118638,4,0.5458842304240195
28884140,6,0.8235167568371905
14840524,1,0.7442358616481454
28023996,7,0.4330369816049891
18242617,5,0.3073505135893774
34994083,7,0.7014859431459349
34504970,8,0.49907955830812845
14589642,5,0.8105193720581753
20244774,2,0.8906612834773817
8903730,7,0.6721415198942714
32917290,3,0.6606814082622869
33449775,9,0.9353187093648708
21746750,8,0.8879983046171362
3077740,1,0.979139941132293
3776627,0,0.48247885845923555
12698834,1,0.46556625269155316
38414292,3,0.5313078902801165
26188677,3,0.5539119029473288
31692262,8,0.3211097297592558
35220342,10,0.7278428358838809
9224895,6,0.7982110580160893
35759806,6,0.42800065929977277
26049590,6,0.27059329185896597
33582653,5,0.7890587111994622
28902308,11,0.40272977281647726
33545642,9,0.9091246068242023
18926102,9,0.3960121158540152
14591568,6,0.5764378887180949
32245625,4,0.9999999999890958
3005632,6,0.6844544004388888
20835977,6,0.8189919109191885
19532402,7,0.3592083736110834
34838140,6,0.2846410967468926
35000152,11,0.30752692533468057
15468709,8,0.629585846625402
29439183,11,0.5150494216280657
25357667,8,0.3660002781696117
8646496,8,0.6699627519201952
21307944,6,0.3777797158795307
34705880,3,0.7332657498680828
21529266,7,0.8679014849320055
13093951,11,0.35785113347957903
13540144,8,0.7207855675149277
31041670,11,0.7528258109490177
29963144,5,0.43944749862406773
24176012,6,0.5264354011571035
39135330,8,0.3716804741055889
12395796,10,0.314850750545399
4340607,4,0.4634192013379189
19783631,8,0.40111288818140606
24550084,6,0.544302326689744
36297617,1,0.49120020507399736
39419932,6,0.3751619243058545
26859795,3,0.589560525409786
18168978,8,0.5061522156069598
25085908,6,0.6913619260812487
26614724,7,0.43599654272057203
38532522,5,0.6580114878706103
39062891,6,0.7088367826047285
34470501,7,0.4452841789645522
17689806,0,0.5864755074521619
18170128,3,0.3263264641332469
2793641,7,0.39744512350760824
37562391,11,0.3693338178209352
39080153,10,0.7122365219315179
20388759,4,0.5992352424925836
34683427,10,0.7410543908359316
34009322,7,0.8551698709404102
31791501,6,0.3697177776059114
11269862,11,0.30455380351410855
22212893,0,0.6421066376213802
35488997,5,0.4180001217338188
37542700,2,0.8078509730776648
30068807,1,0.6818269955332007
21463062,10,0.32822648849110897
23523398,8,0.33324871878012957
38079916,7,0.46425701932231983
21758560,5,0.532901257935768
21976154,8,0.5700664326325703
19570800,9,0.6311619192234317
8669123,11,0.29568755995737384
27578027,11,0.4836144875287396
39378552,4,0.6044492274591544
38876816,4,0.7188078330393514
39526716,7,0.40632524691217675
2677545,3,0.8523485755522623
6639247,11,0.3559566541171805
2461320,6,0.4178743942312654
33203366,4,0.6009047657154698
39455997,8,0.28418806740067315
28420441,6,0.6573914906211132
16301318,0,0.9999999999764541
17735077,0,0.6642420332365884
176213,7,0.24272703772628793
34093098,8,0.7870009333799517
24027277,11,0.4084802395088922
1517959,7,0.25752670765547014
36364346,9,0.35475770454583905
39629393,9,0.4899734637424858
28208298,7,0.5776373470283905
38352565,7,0.7393390147005643
20171117,8,0.5117501291232731
9365396,7,0.3303195969597233
6877326,6,0.42416387870974676
38531078,11,0.3367953803226676
9651940,6,0.5201880561876754
38069516,3,0.3643559305255058
30542984,0,0.5246519328807567
33794115,8,0.5421622494327766
39290901,6,0.906202851152216
37871296,9,0.6999051946520273
1970495,11,0.6569076702079366
4140634,10,0.4408330131124224
10407790,9,0.3260795895893179
16241708,5,0.8938291282904195
36303761,7,0.4659097139045202
31695693,6,0.4065156682865016
38491318,0,0.8101202645133168
6009862,7,0.4330522780288339
31417156,8,0.30862437411167637
28641721,9,0.7410165965189146
18967965,11,0.5655628464917626
17722989,0,0.6835931763672479
3497578,5,0.9536582820408634
7873400,6,0.7324109478360844
36511052,8,0.4995796298188191
19324733,7,0.4739259842984004
39375878,4,0.7893056041308548
31375045,4,0.6307932531629933
33580750,3,0.46375693000788715
39635698,7,0.57582912294376
31251445,7,0.6546394758443097
23319340,0,0.9867965293101422
22692295,3,0.26715004246605967
11218928,0,0.4905893632609571
22162152,1,0.6027584651738153
23767690,5,0.6090398172980068
32818056,0,0.527349787400342
33856103,6,0.6361750967971845
12877534,0,0.2792786452551888
20021441,0,0.3736341772966729
14204303,9,0.7848342607011768
16235514,6,0.5151718575570571
20622583,6,0.504397500499238
13619752,0,0.48050583893057564
25754855,0,0.9158553964791531
27131294,3,0.5016703326140263
32424670,5,0.9999999999919784
9338157,3,0.3991495811770797
28914578,8,0.45904042849166926
28072387,5,0.7653764893274121
39839026,4,0.6097369630004248
39032830,6,0.47923998795788364
7715501,8,0.35609578064752173
18732942,1,0.3130811821970495
34394900,11,0.7356855297188083
40079837,8,0.2766780948382526
21323878,6,0.38585352516938987
13342802,7,0.5401322823820662
6712984,8,0.4609310596891232
36846761,7,0.27852585196895213
24207916,6,0.5351693401209404
39926952,9,0.6927777191764533
39545906,9,0.7028685739814284
3745724,11,0.37370414981430167
17814913,0,0.4086616860147984
23558111,9,0.47674720149382177
24352116,10,0.4950056710851597
9813862,6,0.3848442166686642
26578316,9,0.5707217873021199
8352513,6,0.6424227228799754
23723869,7,0.2985171078298997
14483768,6,0.21459549654195434
11312872,9,0.4197321076847062
32873268,7,0.42076850272265665
2209125,11,0.4224436044812947
22392692,9,0.23884828012862713
7180857,8,0.5054408357916066
38591436,7,0.27722569291114063
35828760,1,0.8684337042321854
30116396,6,0.3612807925981471
6719484,11,0.469869797933331
1781554,0,0.5379560299224818
5079094,0,0.5749807823917493
19987323,6,0.6082686066493684
268930,11,0.3399025161890102
23943379,5,0.9022810811328785
2018058,8,0.46101339478965764
28724610,5,0.4738742048282375
10982705,4,0.31522309369727314
16230984,10,0.40008862169305726
18779313,10,0.7301761561665312
14838061,6,0.5652128914077125
26539279,6,0.5121832306883984
19719616,9,0.648763635811054
36943197,6,0.7614764761355927
37402550,11,0.30008606859486414
13479337,11,0.4007450454353526
2335384,11,0.4120358201404613
17223852,0,0.43986482442103375
31465199,8,0.4385454851956234
35673914,9,0.3823429786167237
25229272,3,0.5373501949341565
1507082,3,0.44559212939749654
10109700,5,0.48511536713086284
27100961,11,0.3838620542684231
27639037,9,0.37681533368333503
15052142,11,0.5422627380905295
24876329,10,0.47902517501108227
1425414,3,0.7827246585238004
32938487,4,0.41200953384682126
38720527,8,0.5697206230567546
32589475,3,0.46134592704975325
3435589,9,0.43921837424909715
7408865,3,0.7999324894734533
27751072,5,0.5447624293732141
19353484,10,0.519052903070055
37325888,6,0.6773829184760007
27644360,4,0.28915172156128927
14991002,11,0.5501405026329541
13418172,11,0.8553196979611882
18162709,8,0.4266371811029338
8933877,3,0.3545764375345362
13019617,8,0.42422374282285785
35074011,7,0.4888716213718338
21112129,7,0.40997045635946927
32436723,0,0.25853648443624777
30422726,6,0.5390322849144673
31684873,9,0.6430178033937697
3929646,3,0.616104355877
13332872,0,0.39516830696800387
12133144,6,0.5300033175090862
36104412,3,0.5083560791446675
38740215,6,0.5608274953752637
767881,6,0.44759838861188067
14167352,7,0.4958305439378047
37155730,8,0.3184130911700994
8217583,2,0.7421056695280095
27073552,9,0.3967756054565371
1228722,3,0.3860655960625308
34937807,1,0.463257574525052
35369711,11,0.32810828722319324
32719324,6,0.5740472385692877
23350328,2,0.4393735119233813
39926937,2,0.4152987099587593
39661198,4,0.4335037938739046
37647771,6,0.24496969449144823
29267284,11,0.7118356671767264
36429647,6,0.4064407253493621
14600619,2,0.31940222700174875
6307296,6,0.9888213130152168
30963913,9,0.41398425611211565
28506885,11,0.6074831720488992
30174906,4,0.3262637912486878
9200389,3,0.744076874218572
1321828,7,0.5360140654841944
33177324,6,0.4271730607961385
29936695,11,0.43705303874560736
8668793,10,0.8143908111458621
35235088,4,0.551145817099731
15263102,11,0.5401898791898784
2571450,7,0.6106974653958995
38327807,10,0.6233482111357802
19621726,2,0.6180557493226838
34232269,3,0.5158038923573361
14140756,10,0.22027567614952726
38248866,6,0.6756555948116659
1848371,8,0.6294481391467461
7962304,7,0.7186149587350465
12023135,7,0.619405452827228
39529616,1,0.9162562739051348
16252574,9,0.36931018257554066
39846780,7,0.4592415184146195
33503176,6,0.7005796676507023
6500262,2,0.4811425248669706
26276371,1,0.935817586084206
35356714,4,0.6072637714386774
37619002,7,0.39399183062107984
39093250,5,0.30576538040880674
19573716,10,0.564678338058198
34382376,7,0.5374318106330994
34316553,0,0.7987153937389282
39989384,9,0.7114388533204848
24581098,7,0.5504958134284712
1059253,6,0.38745641553152205
9578465,11,0.5763210977967048
33240295,3,0.47400204063945345
36924654,7,0.5522422738701759
24447287,6,0.2818345507989688
20352157,9,0.4564197047035923
39832493,7,0.3274138917587324
34866575,2,0.7590917301611221
37097366,4,0.4768862368304245
26018420,0,0.5915371365058665
13635348,11,0.4386375656355041
37549771,8,0.4676634519263387
1423345,6,0.9999999999860917
7686704,6,0.36922440100103165
24985507,9,0.3998321745749635
28905112,8,0.4690456363792853
21467374,1,0.7707890789633626
24846049,9,0.4554787948202862
34540919,3,0.6453860824186164
35373245,11,0.43488915636911657
37979749,2,0.9357484849259972
3116401,11,0.4539798908137782
20189051,3,0.5860020698519712
15757461,7,0.4116002423848951
942902,9,0.6248681036638611
8938442,10,0.29638788381768755
26042559,0,0.43991362091617275
8746883,7,0.4681702379912435
37716415,6,0.39616617887479233
33775255,6,0.44863033493494336
15725653,0,0.6008327386670949
29743329,4,0.7182247752863143
2306115,7,0.6183496064330058
26057115,0,0.6485280652276381
11801025,10,0.674946987947816
37394390,3,0.7047648949746773
23467014,6,0.5432584797342331
15629098,9,0.561521718651106
26459760,6,0.3445505362637236
18368057,11,0.47485486787046116
40040427,7,0.7789316142477342
24959164,0,0.91950952543977
29644569,5,0.6708339719289379
1194963,3,0.270017318528891
10287021,0,0.362631950826417
21006124,1,0.4102000085317495
25667722,8,0.4551626541868262
13650214,0,0.629904046158993
24944627,1,0.5376801576527125
24792462,9,0.40189647918080507
34103338,8,0.5125931661380667
11864673,8,0.62469941022591
12948964,9,0.5981726696648844
10234999,10,0.37631258767070414
32384312,0,0.6388900844098844
25617039,6,0.6393302052177215
21851502,11,0.7687043328735621
14153210,0,0.37978340975058
15957484,5,0.6637055490141566
17960441,5,0.9999999999913778
24940797,6,0.9500698628511163
17030445,3,0.7028758424989618
23203947,8,0.3695731669549899
32400719,1,0.6593010527006957
24455553,8,0.5215702588907387
17030238,6,0.5378294591176904
31213869,9,0.453766505830126
15953983,5,0.814045744606074
26213710,9,0.41856765210307284
24646461,9,0.30676082651722075
3275324,0,0.41662381019816
21603353,6,0.32854458668708414
10466207,3,0.8494346589088083
34851614,9,0.2391461912024081
28013560,0,0.4910925213779831
15072736,10,0.453195542312161
4006854,3,0.3596979308117089
24755006,7,0.5004330150902975
10650089,5,0.3864793513681867
13032183,1,0.7864536505025199
21855359,7,0.4193312612623507
21466351,3,0.46406302437171704
21791164,11,0.4541023815996277
31560850,5,0.5794432754660306
20859954,6,0.3373802047607695
21387655,1,0.7130262874526652
10150041,10,0.6038227256057734
34434302,9,0.28454951194081524
20023867,4,0.3968635364093389
35858347,1,0.7976531438816752
36020644,3,0.829057124813375
27538818,9,0.8709639594795034
26835407,9,0.6537693589920759
37175279,5,0.7629848310621088
38174116,0,0.44790250380291086
19985560,9,0.581843330491624
7816363,6,0.6357237900626929
1422880,4,0.41655850416676715
23836903,10,0.5538433004755291
25127701,3,0.47968230307679327
12977174,9,0.3694031875701023
17742673,6,0.6804152327938723
9762157,6,0.6403564231118296
29039643,9,0.6184818277113577
15136435,8,0.6715211571952553
31639336,5,0.597925260783961
24828629,6,0.3127881059526311
36289389,7,0.7907566644063214
34259746,5,0.5994326985017554
38440700,4,0.6400114482914824
10115022,0,0.3426181207635505
31633091,10,0.6053485765214041
26222641,5,0.7309097487718237
35999535,1,0.7888202406542247
13105915,6,0.28524936077068647
29047600,8,0.5243171419801124
26848795,9,0.47960722328493227
3336087,9,0.2386905870814341
34358808,6,0.34564007581884615
17389932,11,0.4731155545573861
6517793,0,0.9921315129594798
4304837,11,0.48059834624536074
39862281,9,0.356266527217375
35248068,9,0.6706085724140578
11461044,6,0.39727601920415734
11620697,5,0.6970898578659055
9930232,1,0.35156191533267994
32213955,6,0.5244399011162498
32590746,9,0.2848341275474004
26949273,7,0.5609909025148806
26422594,10,0.7519894659474156
9378772,3,0.7373545907882371
37952055,6,0.9834381720405028
28111696,2,0.651002295032932
4647037,7,0.47935132393017726
23658776,5,0.6639712522105377
35392217,6,0.4626509357786835
29292076,5,0.8118197932680657
39729787,1,0.7407816282579537
18150043,7,0.7501262251767938
11386562,7,0.5384373360019306
11346002,5,0.516190765853078
32117949,6,0.33611723842768526
16112688,1,0.564975844238675
38923478,10,0.651627818196175
22203635,2,0.6442030252838101
7880180,6,0.4446604373634911
11360479,7,0.7194230057357819
919056,0,0.643510519475411
31922961,1,0.623310352361859
39238400,7,0.5150396435955491
11329035,5,0.5266608103766534
13259617,6,0.5491948658830249
7458963,7,0.3247572421323612
32767394,4,0.5016436238605158
25017859,11,0.5100952964424629
28442068,8,0.4499879132324612
39864134,9,0.3935549893607005
1313362,11,0.3362637923747549
35204676,7,0.39648419010375996
17986923,0,0.8541762481873758
38365804,6,0.5985234320612028
16308137,8,0.46729521538319824
33432532,10,0.5971333515881128
14168835,9,0.7770474312549953
29069252,9,0.44363845046838923
20914828,9,0.43912754895457934
15225252,3,0.7119533795122279
38137480,9,0.4133722163807013
30644006,8,0.3831426467349224
32685907,9,0.6484383564394104
2418172,7,0.881246364428344
13940269,0,0.5776710923792876
7785831,4,0.28464869768813755
5743291,6,0.4011458222990144
36988699,6,0.48630217950257226
3000612,6,0.3882317272639343
11375605,9,0.3316362463616524
34870270,11,0.6680199299595349
20345385,6,0.6729758904643354
25822029,3,0.3252102147303397
14608973,1,0.3852239308054185
40095632,4,0.7589073169087481
37691169,9,0.5238125933576485
16995108,9,0.3643700770487344
33878095,6,0.6295248369458409
40001700,11,0.6111767034513333
31844342,1,0.5265717284234811
30195729,10,0.7398136474742981
21970970,8,0.5223009141091446
23659275,6,0.5136113723471468
5579154,3,0.3962032164087437
16338558,9,0.6359498509605791
20882048,6,0.527741347383176
39053681,1,0.37473412025998076
26380306,8,0.5951100070338255
17348649,3,0.8776195943242977
30125544,6,0.6488664662442395
3877454,0,0.9968704249264037
28990576,2,0.329193170630462
17870242,9,0.5180065714568983
29349228,9,0.3865552296820487
34159495,11,0.776150690717527
12282418,2,0.37329935232647715
19524129,9,0.54964086700553
24461135,6,0.4656253182894825
17627389,6,0.5503240109032133
39803746,2,0.25993933029185445
13001000,9,0.29390067840671463
32313415,9,0.30384877025028656
5367875,4,0.23308063375459473
35371811,5,0.3133068688556614
32774160,8,0.7177755373970465
17734946,7,0.48833879050183787
2901633,9,0.5240747047895309
20832171,3,0.6551911918771361
28092806,0,0.30202725398193586
31052706,1,0.5032679470595666
36628948,9,0.6934154776795908
29322580,11,0.8342633181266299
20925137,3,0.8715167703894332
36636255,7,0.5637455869622273
31584288,4,0.7005794579358761
11954561,0,0.9671262123459599
27406557,5,0.5018201874044063
2917898,6,0.4893741100334233
38967833,7,0.483656104995168
29847305,0,0.30372788626374786
4246377,8,0.562275586583902
16594246,7,0.5269018139739851
34244451,11,0.504188447988534
12846507,7,0.5450401758612642
18122309,6,0.30655992338566257
15515920,9,0.6206489315517709
16069906,2,0.8077158231026079
14289910,7,0.52715806049767
19738465,6,0.541643427464718
14513936,1,0.42672350385202834
16417324,9,0.5253751612061858
20858336,3,0.6669420140552399
12409862,7,0.3808888867052171
37843926,8,0.6254762849318389
4996376,9,0.93516969037063
33176051,1,0.8066121264784819
36902418,6,0.6520207407258717
31255764,6,0.45841076429143834
27353978,9,0.3023818359806258
2853483,0,0.7443678002581311
31778213,5,0.48349915662591275
10200824,9,0.7065885387837826
10171343,11,0.4507518560993061
5367582,2,0.42526353552840146
33515478,1,0.6703589069824749
24747544,2,0.5917302500068464
29041438,4,0.48033776096690994
9982235,3,0.32332775675705827
14678270,0,0.2718007420231818
26428904,4,0.49908097628834186
31927036,3,0.36663194206896343
37532647,6,0.4120586456649574
28860660,6,0.573650011323316
17789071,10,0.749517579690203
10432432,7,0.3723650257339212
30867061,6,0.6854108680588472
15467950,9,0.7432320623106826
23935840,5,0.42770515719941826
19712318,5,0.42655243583162283
38780181,1,0.5315943059738355
33554977,6,0.6454856758289141
13201532,7,0.3813770729233066
14400463,11,0.5588369418362937
30148587,6,0.4018592236706189
37585147,6,0.378250070443121
33153558,3,0.5142569574763122
23988853,6,0.4489832659713109
18721066,6,0.7039644268584737
18437284,8,0.6111178798576699
4170031,11,0.554979711673985
23548328,5,0.5901996233571274
35919814,5,0.4123975854176496
32054329,6,0.564065927558485
23784271,8,0.6133854210066991
25697459,1,0.5751610054579813
32337026,6,0.7998972356942972
17569512,0,0.3819591908610164
29517513,6,0.39598463386365396
23072544,8,0.45048043071921534
9243434,1,0.6310594969625286
33103115,6,0.455837277030856
19188784,2,0.686993278781882
21062892,11,0.5556119065480051
28247807,8,0.42936529176418686
39172575,4,0.672359539230711
17822135,10,0.4448553405744097
29330485,0,0.5688520807992332
1150144,9,0.3337126550674114
14742382,7,0.5260611302615347
7719419,6,0.2951077870607058
18489180,3,0.7320880237308808
16701517,0,0.9606605891714228
9612484,6,0.4965080113413905
29469704,1,0.39064671254511346
25923532,1,0.7248259359020817
38564912,7,0.5035364583254344
37570913,6,0.3054892645553486
24635394,3,0.3696761103734099
39230230,7,0.4718900481290821
2833531,0,0.8179880850311945
30773953,9,0.9354432355572606
16136979,0,0.3040570728423226
39339743,6,0.3699087600234504
14955100,6,0.4045190080579125
4937163,5,0.26131499823559995
22865642,8,0.34003673223921194
10904521,3,0.6993778935901558
7051791,0,0.5539091308218312
17793194,7,0.17468748366797351
29091640,9,0.42479405266142284
12587915,10,0.24255609477058848
8485678,7,0.37157434313485144
38344264,6,0.3173804790915126
35149889,3,0.6903795088059979
13823275,6,0.3059500267412242
33244249,6,0.3754600802423676
6798312,3,0.4626094503905846
31339001,6,0.41896946535123536
16396859,1,0.3375276778409042
34225839,4,0.4372376158958087
7655784,11,0.3299477515746635
23406215,9,0.5620379512034559
26071034,2,0.42705007171590015
8758666,6,0.32435951447626804
25597958,6,0.6917917112611774
16489292,9,0.5137216217784768
28571741,5,0.48040103450073945
19008260,6,0.2824380207520295
22139333,8,0.7346036576457586
9390310,11,0.4263650247960971
1096476,6,0.3043376809347835
25943870,0,0.5891767710196748
21169031,7,0.33801774656920475
18783962,9,0.5336541902661232
23305250,7,0.5697059149565648
19204716,9,0.4114673599760842
29694843,6,0.6438850815606858
26673342,6,0.47529957381495613
36169566,9,0.38560133125365614
37184039,7,0.6979650249575775
19136347,6,0.6083292618914947
10775817,5,0.3714809080327083
19583217,3,0.41324647227489164
13395610,9,0.3797165164946034
39836011,6,0.2899871002003758
22597684,6,0.4055630541906596
1985856,5,0.7487082574798026
37391177,9,0.26699329917772935
27471109,9,0.592476149492308
37212155,5,0.5913559850304936
39493229,5,0.6149996932342625
27190492,0,0.9649803956871857
13545839,8,0.420574241636163
40115154,8,0.30465442180416663
22551461,1,0.7049735096766916
29671704,5,0.7131672446884362
13105729,0,0.3200370056086053
5887387,6,0.4798758100856141
36032623,3,0.7491041714389112
33981799,10,0.39893928025042286
2515814,6,0.7286468707703504
28627191,11,0.24554274467227777
23110550,6,0.39262829538746563
37028655,11,0.4725069203795443
13893117,6,0.47649228420542195
35066413,4,0.5595959176239379
39889635,4,0.30060764898597775
31146283,6,0.6060786780127718
32370047,6,0.7817120472324115
22456765,5,0.5276223739907189
27744307,10,0.5113176363515264
30643505,7,0.355620366305828
5614144,10,0.38786659523172135
37442852,5,0.6432236633692953
1133371,8,0.3033292858746806
6157367,0,0.23687663493265682
4272970,0,0.47744189250369745
38589183,6,0.7879132152872684
7979714,6,0.6183690471914253
19555680,5,0.915388458485386
39344371,9,0.393232365767157
33799132,5,0.5643905694672977
20104999,1,0.4546843188943584
3790848,0,0.6948610705657602
38426303,4,0.8404520874854492
35118216,6,0.481056295895259
5480354,6,0.47145296511461265
34163770,0,0.48067734844808957
35625498,11,0.26969790860687226
32100314,3,0.467367424877967
8362510,6,0.6427643025779071
10873368,6,0.7892105302510162
13663591,9,0.43752177883366733
394465,11,0.2949140348760771
23910150,10,0.5642717653430356
6260777,9,0.3333383311883782
7285746,1,0.6956190865390206
9068625,0,0.5068421798106304
7397969,6,0.5376127774721383
33982167,10,0.5695987546698348
16776721,6,0.4967614183908254
8716801,8,0.25300449854545964
28575070,7,0.6038566963865035
22130602,8,0.645302714332921
16344076,9,0.7680032000271433
31442693,4,0.47067317977335604
29466630,1,0.9707525738873013
4918458,8,0.5858192689772708
17884862,9,0.2951790647401702
15494574,6,0.6308406437453863
38241517,1,0.5991943391052045
21738882,4,0.6812453214366829
24364666,7,0.41749350508699923
16172810,3,0.7533085354180893
15282614,6,0.9013377768619959
38218091,6,0.364550030087689
30071849,4,0.5488922355948436
29940869,6,0.34190985577537275
30432228,9,0.35237975300982066
5703456,6,0.9032668269427303
19356736,9,0.25567891428905787
37694908,8,0.40123959998996
35503922,0,0.9999999999775825
3267081,11,0.21745833139120757
21842885,9,0.5211885926446208
3893576,6,0.7313544013163401
39775055,4,0.4878180045808558
12341468,3,0.4460697770063843
34336511,4,0.6800915287422343
25233749,3,0.5874787225456377
31273995,5,0.5453433642004271
32640029,11,0.45883110740411925
11109458,3,0.40076158253183464
24382417,6,0.2408512230707473
34386971,9,0.5233599927361486
12616074,9,0.8108789374675444
3576071,10,0.39397288550875076
18675471,8,0.6693942397428219
28890220,11,0.4771952529052148
9480436,9,0.38521631778902143
4352244,3,0.7486274157139106
18562350,11,0.25895204024152146
26930593,5,0.973711390959166
39030037,9,0.41191008750652147
15456475,0,0.3170974888211276
11976498,6,0.5698383150608968
21337090,11,0.872890742009739
39870912,5,0.955568028995772
31544489,5,0.882280868334687
37886596,8,0.5610170793312177
5022237,3,0.4584820827888378
30442794,8,0.44199679790507634
24159654,3,0.5670383841850903
20301338,11,0.45400121487906064
39580066,4,0.6627550961877208
31775295,7,0.3608784562016991
39168281,1,0.5224241951564772
18544396,5,0.986207819904617
15072405,0,0.9045138654521381
36312767,1,0.40702234921639247
39373397,6,0.611290656934374
34671217,11,0.42596127720308574
38644532,4,0.40818470093946757
14593515,2,0.5314555273703963
18671938,6,0.7739723397099502
38876353,5,0.5593335834892453
28503770,4,0.6318970940526452
22785484,7,0.7064012083573957
776120,3,0.5006757972909616
26978095,9,0.39929062445416313
14701608,1,0.6070240887760745
4909398,11,0.4927436723167482
26193999,2,0.4910608114740452
23668043,9,0.3767470644906686
10947972,2,0.9666431513077792
32232708,11,0.5328203567056231
2945594,9,0.14523168173839582
32791687,8,0.4613994804956722
33991705,5,0.4109348303004493
16413414,4,0.5298003505936809
22796294,7,0.2001304853559025
16044801,9,0.46812420056937515
21708369,9,0.5138744037458058
19701789,6,0.5065572074986712
39377195,4,0.5986836175735182
37624798,5,0.7701995525330046
27709348,5,0.5701891686058015
28347722,10,0.5734666518758483
5426723,0,0.3126382070865059
9247582,5,0.3500141223700219
16621351,1,0.3108739398559598
24540326,1,0.4992002635388696
32643009,7,0.5253550246711869
30525413,7,0.2723718322728802
36707541,8,0.450685590418547
8258734,9,0.643281781162692
17389057,8,0.6624592688074028
14453068,6,0.5009473907949061
32843082,1,0.2618842975123069
34909369,8,0.3257495101516608
10129959,10,0.36807076617576484
37976551,7,0.21917765300790995
17350168,5,0.41645067324741836
23017625,4,0.6686502959322835
26288380,3,0.4658265385193734
36297912,3,0.5727034714812741
30960177,8,0.3955963852577014
39118308,4,0.6623097593121052
30514853,10,0.4038318504926639
2918454,3,0.49462700720648173
991926,2,0.8469905143375915
2270345,6,0.8612977861043579
24251959,1,0.5765592448884128
4287019,7,0.4009621422034325
25104372,9,0.4421358117969316
29065318,6,0.4034455056370291
32021975,2,0.585826489841509
39760579,5,0.2892387701273996
18446522,3,0.5666975785624242
26150337,6,0.43528356279135866
26609824,2,0.912629208202033
21233089,3,0.4370395200309521
11012981,4,0.5164142732849463
34657183,4,0.9341621766206449
26243592,9,0.4707205106843925
38060292,0,0.4259683374497197
12138691,10,0.5508485199870052
18682965,6,0.21336732142206502
9015248,9,0.5759187118019535
39509696,6,0.5835561072103501
19639939,6,0.558118504448098
35874743,6,0.40467932663820233
9249717,0,0.32376181868202336
34939609,10,0.6829268432073002
26761734,8,0.3964471940019002
1155566,7,0.2810582433785867
14151657,6,0.6436201636811439
13976836,6,0.5604518917387677
35140147,10,0.7801827662626756
32496906,3,0.3843169624050597
33704925,9,0.7139316825917489
38592324,5,0.7754654817831453
33810617,6,0.3811738073925405
14292271,1,0.5784167216284537
1447422,6,0.9103593901707714
13592166,0,0.7678257030987953
7416170,5,0.9060374846346833
24505638,3,0.7498793137345261
24350967,5,0.6590921176728839
25254093,1,0.24116846547454154
33858344,9,0.6415609882349969
35130192,4,0.4985788815741977
33596363,3,0.22282827822221538
36635607,10,0.5150765186112394
26141287,10,0.3452858228065079
21303510,0,0.39943941458738563
25121535,11,0.6399440789227981
4620009,11,0.5272487838508696
34930305,6,0.9100158560327226
3188925,0,0.36552887849421195
34880843,7,0.33455026509765834
7295639,10,0.21722351713840143
34972485,11,0.5226999053134906
26449835,3,0.34845221447262476
25926384,6,0.6043690765296875
24357358,1,0.4617993680014307
25566781,5,0.5377173184421917
28875296,7,0.6092930233423557
16198539,6,0.8131470116012173
33363622,6,0.4419946149890286
20092850,0,0.734227693272019
34100440,3,0.32505039037013633
13068551,4,0.5528976609264177
23377182,9,0.679830923136647
11144819,6,0.47443458467767
29829728,6,0.4334237278633296
21999810,1,0.5024949625077699
30777897,7,0.29300569741457066
34473682,8,0.7507788395007223
31778444,8,0.5778562950643471
9959769,7,0.675303689915745
21597071,8,0.47539095098550294
32848603,9,0.31355336785446924
32595980,11,0.4515385994237406
31692269,8,0.4706283131770945
37896509,1,0.3002114245389854
23119031,9,0.398674832719004
37592168,5,0.5971785154362009
6445508,7,0.34441569629410407
36675489,5,0.87446487809581
25228175,4,0.6573941058212005
31867543,2,0.5271905016148691
24685790,3,0.25277589458954186
37480487,4,0.2548961379353867
33583757,0,0.20283590568710316
35124724,2,0.33675372973813206
1713078,1,0.4079261833647741
38454914,1,0.6392584176462667
21833348,5,0.5643220540006283
25955833,9,0.6648864991908877
17527869,5,0.417392675794593
13021743,1,0.661604329577956
6401167,9,0.6988663730647918
11322250,6,0.21091065560347325
21614941,2,0.873132339694437
38669125,9,0.3175218831732831
29740808,6,0.583091631569684
39525993,0,0.9768460668649185
36473744,10,0.2041909824953049
32022971,9,0.3549556798916839
38077925,8,0.38695115233801747
39862663,3,0.530286512431475
21240195,5,0.8260694078165179
25656715,2,0.8535861012279128
30732102,3,0.3478866518789195
19551589,9,0.5525373529871337
25603555,8,0.16897230623155995
32519153,11,0.42493050494632323
7381089,7,0.39695655963798754
1048831,10,0.4308695568555694
2938405,6,0.7143108878629929
30101979,5,0.5610197539370528
26812617,1,0.5080273776912696
16920504,7,0.27519407361459897
26686002,11,0.8766347709657126
26502641,5,0.6871669600459505
844110,10,0.4560231610715747
37507943,7,0.5835765523297394
7744471,1,0.8359790592294114
14801778,11,0.3736951048009446
2539599,9,0.2703341946475231
29526088,6,0.6218818913599822
19391849,3,0.5311759637809244
37901929,11,0.48514766557134126
30577796,7,0.3539529193467184
11822879,3,0.3595493214393835
37369923,9,0.5419943034275094
11579930,0,0.5547604137528265
31426106,8,0.48510612590760044
22148724,0,0.9407057701307214
33085258,2,0.28493193296998626
39630188,1,0.7450125000236989
23388749,4,0.31162825099598146
5461814,7,0.6150436524006504
19199540,9,0.5557458078200629
23301256,7,0.3888478941776706
36736348,8,0.32945732650657594
31851353,3,0.4804410545025296
14589625,7,0.5386507652960671
27832423,2,0.785801769838391
25693930,4,0.6070737569399532
38839174,5,0.5665485514448526
39662918,6,0.40815611082328423
1024529,8,0.397601734547441
10344854,6,0.4288405686145594
13307120,2,0.6306330062655836
17534435,4,0.3892047949929857
21210451,3,0.22893304990792646
34758779,1,0.6911520539012759
19847465,9,0.9280004368907809
24313201,11,0.3289146784900849
22894140,1,0.3039275448642181
30873981,9,0.3649645328869949
15537745,6,0.3164720339677069
26423034,9,0.55420527909465
39990133,9,0.5316459093388263
4845913,8,0.21277233144020397
34402713,6,0.41349697726631346
23490643,7,0.3408594568200613
1939228,5,0.8767182533055158
2597827,3,0.4890828049905061
36653465,10,0.6763036854931561
38961709,9,0.3383632169924496
34045568,7,0.3188024769747624
18469715,3,0.37125805033973963
32774981,11,0.6430758557214927
13269936,3,0.5953733971284746
28282997,8,0.3886622313434475
35917953,4,0.6909411466773077
39827247,4,0.8040885482187866
37062466,3,0.9569898838924263
6298940,6,0.7200386737757821
1913613,1,0.4081727907542734
36963076,6,0.3635323798742183
138029,10,0.9890174127306728
1044473,1,0.6987410066520912
39645125,4,0.92421895893683
22747235,7,0.3263405560710808
27790801,0,0.48153676553801317
24899772,6,0.6022691122643773
9501894,1,0.843063263567761
30009171,6,0.4488377362211437
1185775,0,0.43910569841707453
37962113,3,0.4372430365414434
15092537,7,0.3823831817052003
38212118,9,0.6153941004799005
2574080,0,0.7097387413375374
12036146,6,0.5825463452288945
29493591,5,0.9476870457372267
19644702,4,0.30954539549615456
33626444,5,0.8298274039194536
26600753,9,0.21502616425114174
22846098,4,0.4052857140737032
20069835,5,0.4836466352454758
33678423,9,0.6032142649122795
18477414,5,0.43586015393611366
19621955,10,0.48776853467667913
32980633,5,0.6115695495423986
1871549,6,0.9999999999766116
31267366,6,0.3885191923705751
35101770,9,0.4319758280381996
39923023,10,0.6199532172878308
34131285,4,0.6355031605348804
18979658,8,0.48182690482227186
25449946,11,0.2350037803399165
17339827,11,0.8964872321459675
17225638,7,0.2566265273037999
13420988,10,0.4852067156235032
34427964,11,0.4079635419860695
34171491,4,0.3635775231315446
31161500,1,0.6544740058987307
25334334,5,0.31514557289932155
11362692,1,0.3863615629188047
26861897,1,0.5328973531555731
18557407,11,0.7147985575515531
4466489,7,0.4218142485611237
2596069,1,0.3958692058379962
37396527,3,0.5322373405142847
30495979,11,0.5024074415167952
39586613,7,0.33651529461690854
1845681,3,0.2918725143749472
15864353,10,0.8235460619963932
14148210,6,0.28135818706915217
4579908,8,0.5829750671404396
7191337,7,0.5045578235658962
17433910,3,0.5150725347933797
12453279,6,0.40079973675839936
34526854,5,0.5573315743792275
16040469,6,0.28908669002185083
34292007,3,0.5286783080070773
18894808,6,0.4417985814967644
3435900,0,0.5037048322817831
7366528,1,0.6463712723581961
24628959,1,0.7738432923513625
25451348,5,0.43824832574760536
30244246,8,0.3659953091804334
17155055,9,0.4799402063332598
30353714,6,0.22577812146012124
34435503,9,0.5156291126163686
32108070,10,0.5245529836786895
29986194,9,0.4666007568055019
21578785,7,0.46148437458200703
20271383,3,0.40355422431623383
17386487,6,0.4066741750858406
26716140,11,0.6576418750341179
39819858,5,0.4484359799977199
38962479,5,0.5236752807024694
3886667,6,0.5371948602837742
36825151,4,0.355282596753859
8069451,1,0.47385182527794684
36422107,8,0.42792768352558247
24196875,6,0.4593878816588654
3056830,6,0.8767505183688706
35191690,11,0.4352965344654647
15605379,0,0.5371443251439049
11638158,1,0.282223827461994
25573056,9,0.7951093872163724
33316051,1,0.41027550818093
28308648,6,0.6763594043046477
39613065,6,0.44560145316378974
32546786,1,0.7616314326187248
3956181,0,0.9999999999780178
31651906,9,0.26386754831599524
36043095,0,0.5011621288443577
29236813,9,0.9206329251096976
20276508,4,0.5735945797812049
25273690,3,0.7529669740113945
19833393,11,0.5763889577088226
30957509,9,0.7242699274760038
1279032,11,0.36884497200783856
2504907,6,0.5539358817807916
5593636,6,0.8063556769697587
18389618,8,0.8704048892030969
24619629,11,0.4581562930981857
36169142,4,0.6903876419069102
29621275,6,0.2962920576406427
30461969,1,0.7245308150928776
38288412,9,0.38558343362050473
33055718,4,0.8269033853099447
30929411,6,0.8517550820546961
25789302,3,0.7094780500610478
11391700,11,0.5561754730137553
13207678,10,0.5278068804178533
4118409,8,0.4201171431384571
14825910,2,0.8804504934080799
36926140,5,0.6943463106285095
15487848,6,0.6442876369911621
23642478,7,0.4223851016376931
30409140,9,0.5317442919485813
17844905,8,0.40243253628783654
8805290,8,0.28425715489207987
38622681,6,0.458142957438551
39408090,10,0.3092721556029403
11326748,11,0.6640072974294895
34292116,7,0.26092628341584634
17518827,4,0.608059967471195
18093619,0,0.6372879114197335
26854678,6,0.5048248860512135
25604949,0,0.9003421202123252
8412665,7,0.4311584105729459
6116345,6,0.2648733406995512
24648045,5,0.24533824062948717
30515773,3,0.27689510423120123
33790854,9,0.26849046105463614
23154242,10,0.7140216391829481
23876588,5,0.860355870838226
18308786,8,0.8615369051096656
22975308,0,0.3943486091798201
21802708,3,0.7570368597986288
38666744,6,0.3198468641829835
39924168,11,0.28356928552766036
31297859,6,0.5573770755801132
1781617,6,0.38897039216018076
37632845,10,0.5716016388624293
25436589,3,0.6615336692989318
21319384,6,0.570990184900059
36973331,1,0.7769801209652163
37510460,3,0.33615391681171924
6090275,7,0.3673521291178726
28766248,6,0.40247344477094993
36568646,6,0.5284242446019347
28394666,2,0.49999685366437363
18881929,7,0.36004012257932216
18634650,0,0.8358335549607968
34621952,1,0.502748646972362
7629541,3,0.6170925302513981
37148487,0,0.5063715111159538
8274724,11,0.6870153923775755
11263420,0,0.6194806462207939
26680590,7,0.7805255842854224
21564357,8,0.3311893627370113
39508166,8,0.444057074552081
16968080,7,0.9059929392589233
12092518,7,0.5969810936418857
34123018,6,0.650981760508576
27862402,11,0.38067936471618186
34954149,10,0.6140199893522602
19403772,9,0.6913916709882217
27391977,6,0.45595056523604566
9765718,3,0.5935799933595114
29324236,9,0.3689913511982154
30911872,8,0.38186315365938306
13460463,9,0.3306388478456098
10997254,5,0.8464074009479633
7720828,7,0.772428766988522
25705141,6,0.7924505763527738
35657681,9,0.6710888823324083
35609318,4,0.7395736639971905
38915997,4,0.6074724257205366
29343051,11,0.3898575383144845
26395491,6,0.6746571892264911
25898403,6,0.3998493185297461
18540563,4,0.6364384172601034
4712929,6,0.826524334720661
16960638,6,0.3737313429760274
13256991,1,0.7573238408058388
13530998,9,0.5643727304399336
22370287,3,0.38731855868646825
31115347,5,0.3397808905144629
8092695,11,0.4594295946326405
24068412,6,0.877006734395893
9667546,6,0.8835435253891272
37335408,6,0.2495383138512288
9522627,0,0.31700093552909236
28065526,1,0.35282318108314276
12334925,6,0.3466083278603224
13595674,8,0.5799932108178757
28265410,9,0.6930349115989693
30386392,2,0.4027393715176705
7943385,6,0.35118039783347194
13366058,2,0.3554351406458737
20258986,6,0.36439262627423263
19961428,7,0.6343958662593719
34960516,11,0.9016205973239257
37572745,6,0.5238932005480312
6089078,6,0.5269335917800578
39416667,9,0.38767551134042316
9543287,0,0.6640276073127498
18388670,8,0.5004323629511817
15282424,1,0.45624738420931255
3522739,8,0.3390179470858037
35477813,0,0.36679585029135925
13854347,9,0.3609210465622814
16554999,8,0.5774148189607727
24563761,6,0.7830401151130568
25590762,9,0.3263187662486957
31039111,8,0.39961299453562205
2674437,5,0.6543522087057072
22599657,9,0.3188672044625139
28905584,11,0.7538740601493934
21948376,6,0.5137392803591563
40050201,4,0.5034556933821925
4239205,5,0.49429003546640987
22135780,11,0.30178618341897284
38377047,6,0.635715097157875
31718742,11,0.4548220863553986
34612569,6,0.38970000907513236
302651,11,0.3078566639372576
27872594,7,0.4490095297413683
38156661,0,0.9338711206114506
36452533,1,0.601234140174632
23053626,0,0.6889892189347223
35655569,5,0.50608903509556
19811064,5,0.44776929141248534
8230315,1,0.38812645655100386
27345237,9,0.3219973947171806
14078207,6,0.7833069746709216
36907965,9,0.3298580815884574
14063387,9,0.3552572347659791
29573986,5,0.31374446645238047
33993149,9,0.6150463533014172
11025222,6,0.47234865785939983
34337107,0,0.46266566623650696
22665380,2,0.5944939021466668
31265043,3,0.35625471739720743
13618483,3,0.6120402693195375
34529417,4,0.7819196373875218
10184591,6,0.49331810590479236
6714151,6,0.5585371268067006
27065652,5,0.44159950251354907
33833224,2,0.5789342187688549
28333629,6,0.8392061046649127
2400504,0,0.9999999999707426
14804029,6,0.9506920898838771
8661166,11,0.36574662289821525
24639437,11,0.4204961066904713
20004428,8,0.5196605465923086
37402372,6,0.42411900752970777
34732872,6,0.41113925460229306
37955423,4,0.9417970080906487
34564057,9,0.4456109512199656
34011723,9,0.38210341301483836
35061261,4,0.6196652159586373
16598551,6,0.2991360113322685
13067910,7,0.2930043316467717
25145847,8,0.5092800142099628
29380403,5,0.6324858497900091
25334845,5,0.46646701501174126
29852233,5,0.46467720675544266
28348866,10,0.4088999649910935
20134387,4,0.7937805113752275
5790761,9,0.3556597150194656
34148280,5,0.6267912216718301
4170238,9,0.4963686565557369
32577059,11,0.453889663279714
28403675,5,0.6762665807634787
30444019,1,0.26760421497888404
26067692,6,0.2590208391184222
7577410,3,0.5842362230874797
19320203,3,0.7993116115185488
21660981,9,0.7026518046754342
22981402,11,0.7515482809551094
15805619,0,0.4281350234064398
14070197,7,0.3832170447296897
7161856,9,0.4884284138888383
6602390,6,0.2964480866935987
30371752,3,0.4573897037950723
9039897,3,0.4623454410956403
31516951,6,0.5212432654611417
38881305,4,0.5379612956903098
37604437,6,0.5994405081944734
2986258,11,0.40845785086418324
9773817,8,0.7596301547304148
27677232,2,0.3984682051664874
38258257,9,0.48331110927089754
32419535,3,0.5040249491121523
37195112,6,0.3149206437899812
34806837,2,0.62752799343133
5283506,11,0.4754027029262211
4992968,3,0.6342714489701876
39143817,7,0.47243518169299864
7530207,11,0.6258615948906602
34226403,3,0.5056039335447143
4433324,7,0.38403686295081263
34394228,4,0.7364010833789836
22211981,5,0.7685955294485128
35106426,11,0.5263564884654542
11678180,8,0.21916456750672964
33234089,5,0.5411172916393384
26289424,0,0.5055335479601426
38104602,9,0.5359787645667559
16389460,6,0.42994584212642745
28111392,9,0.6603433304002787
2204914,7,0.4655013676793528
26405239,0,0.42085835922431114
30146532,4,0.3392156782715042
35459362,5,0.61987708853686
10954544,3,0.6730628323596937
11491251,1,0.5016847567831199
12494181,7,0.6049286202534024
28532973,3,0.4996657810313433
28684511,2,0.5280191514081225
28792202,3,0.6572739917052703
39865416,7,0.2630531173492215
34935100,10,0.6251952268684626
22569579,1,0.5253496474661388
35082895,8,0.7195202693548658
10567642,10,0.6867393436317611
24111681,7,0.5242706442360454
34364449,1,0.6176455388824507
20428890,9,0.6862326844159802
17909600,11,0.6387249165137989
28307566,9,0.38039601398363926
34397613,0,0.4483809243468461
12454096,0,0.5803661025566258
19802624,9,0.8180646891169543
5576005,11,0.5056913096087889
39981340,5,0.8107285699987399
18240964,6,0.7314127276753076
15531687,9,0.6432749858254804
30447779,5,0.8701545523205418
7230462,8,0.8504594069340291
29832301,9,0.39084146126701275
14972773,6,0.7607678313960634
5015269,11,0.5664092429681346
14916403,9,0.32772660897804956
32733241,7,0.31474797538758104
17270007,0,0.43032164929306016
37159153,4,0.5334238853640894
17960207,10,0.807882001035233
24788061,7,0.40356510446420807
20208929,3,0.6418437611190659
32129419,10,0.6553915731147724
28675435,7,0.43272603034945517
33687486,3,0.8768360079496095
31033688,10,0.38287766765692427
32303213,7,0.3238623890654474
38461638,5,0.9750872923787905
36228334,8,0.3608318148619623
30967765,0,0.26541657066186486
34287296,4,0.6715583992984193
8594549,3,0.7838557052351623
36058524,6,0.8655198503686528
28289025,5,0.5205176177109052
5251808,6,0.2905917907903554
28910285,5,0.4686277026289924
18261850,9,0.6295808680261897
29158838,7,0.5853143451727266
36420994,6,0.47195893433440816
30072367,5,0.885675112841343
25691780,8,0.5945661709652714
30407543,10,0.8576427190804684
26127280,3,0.5045944674955227
21471512,10,0.4700466611810047
23401303,6,0.4254076084020064
33715362,7,0.752193076025649
15754878,6,0.3308321935563488
32718180,3,0.4352123904996838
21221257,3,0.5212793555548494
17681547,9,0.3184707808000527
10893340,1,0.37397659084017815
33338174,9,0.42739995659506314
20055613,10,0.47775924614521753
9526358,1,0.9089925675788545
29377133,8,0.6080284376534916
30263087,6,0.3958086827302759
27836705,6,0.4086350006933912
38818981,6,0.31907568566761885
23284653,1,0.6776902370829995
25669981,5,0.6870204278614521
21060097,10,0.5809697665107239
33733326,7,0.4004504478830494
37473108,6,0.34828985862429757
9886494,1,0.4490461618543389
26384129,5,0.4806257374831176
38040300,7,0.555691736744768
31356535,11,0.5076854849189537
39986053,4,0.6546200340562185
884650,6,0.7209383032098121
16927288,0,0.514137535110876
21556126,0,0.3039561200683747
39555057,5,0.4710851798288098
28520825,9,0.6724963743796805
13749252,7,0.5966294045215385
31716211,3,0.4923765430625007
26825058,11,0.25661453824130176
16307326,0,0.4352835616776497
14258984,0,0.9701025451427224
36223325,1,0.8741552597269889
214852,6,0.9686658825273062
31501557,7,0.7881872370110011
37735245,10,0.34085997553491715
40063930,9,0.548428492424642
21002633,9,0.7146075917152447
39197011,1,0.38635902788890003
28581948,8,0.3690446955246597
2383645,5,0.8839405199022606
15998653,7,0.33787591996044003
10738560,7,0.5247858205010091
18704206,10,0.5718514482014577
9715171,3,0.5365724215262545
17960296,9,0.31746506725287976
21018411,3,0.28705529033119764
20101524,6,0.6635601620403324
24267747,0,0.9999999999792255
28094392,0,0.33786880244847345
34844633,3,0.38808156475638955
1978586,0,0.25541777738060545
3904389,6,0.272032636776751
8195915,2,0.9999999999946797
9458870,6,0.4673386766501433
34130186,3,0.3046021080891039
26637415,8,0.504184647933002
38125231,4,0.8613869436580127
18257400,8,0.4039507469360522
27681823,8,0.2801140958719774
36650561,6,0.5205463154008237
20962497,7,0.7853157540022876
26447915,10,0.7428441506833826
2577252,2,0.25532800281026685
34948928,6,0.2575465206401583
20813231,6,0.3238845071323519
33075778,8,0.572429555028452
18216372,2,0.2887626359872478
37592721,8,0.7183949631890212
34706274,3,0.93192340141786
16333213,5,0.7504701611061455
37975672,6,0.7990653928187172
27781812,6,0.5293291336675069
39697145,0,0.739147257139292
21679388,1,0.4555184040682802
34448867,6,0.7108621191525104
4938723,6,0.5401556493288453
12416394,3,0.582814218724125
24797311,5,0.6728354741265077
14951676,5,0.7790371880347859
22756645,8,0.6149249994820423
25954395,7,0.6448093073035437
28260465,9,0.7775072038128529
17138762,6,0.6151491066042891
275541,1,0.5321750732579742
11013911,6,0.3448198100046827
13572383,9,0.485909329645345
30413361,7,0.8765389748202559
32838874,9,0.5320130381584521
35180764,10,0.546697737018594
22598334,11,0.336432496561462
33550048,10,0.8167756809653596
4838305,11,0.502292102161625
26776824,4,0.7442259225378588
7668204,7,0.48261031311958397
18263136,7,0.6195495812034861
30514396,8,0.410839165054854
24499609,8,0.6677109890672855
35440188,6,0.32721440201132856
27004842,4,0.3667014218526573
32040422,7,0.4050551449236836
24212789,5,0.6547147921647396
38385360,6,0.3645526404445789
18156139,6,0.3377483131225706
16553405,6,0.5984142992055567
19441591,11,0.7932042238844621
39003704,9,0.3512023895703849
27810981,6,0.3726421978894047
38490811,6,0.3231786467872284
39249169,6,0.6527577441754059
37901679,1,0.4074320425819183
35085809,6,0.6978645741727078
31676713,5,0.29121332178189024
33115343,5,0.3863805318546044
30495337,8,0.6477269678086367
23119782,0,0.45919991883088024
31283429,1,0.35822689204636243
27625363,1,0.44656482578723294
11130339,6,0.4109987436255131
11009691,0,0.4112318932509617
28619838,9,0.5375655508061176
21406887,1,0.6700390620289882
27735478,9,0.6818826369356297
39544553,9,0.8493864946715721
35512132,7,0.5920867779684489
9628489,9,0.5744271265763866
32848546,1,0.5282306805109298
32001927,6,0.4543898954876158
2445823,11,0.6049636193338143
34818832,6,0.7097021313565239
17530308,8,0.4005735370177156
19747369,6,0.7294926297700635
25771916,8,0.29260110917681986
19956141,9,0.6242155561051252
29845531,6,0.32182332778821954
39074285,11,0.505578187154872
31060614,9,0.31571077099495987
33336813,7,0.748252977216094
36709684,7,0.41280634930620874
19624035,11,0.4948129715868853
22569789,1,0.4805214220426707
36634795,0,0.7605763562233607
24310242,1,0.7710600152932915
18840949,6,0.7606780398042884
34296617,9,0.40724731382788665
34992439,6,0.8160799954494777
25561186,8,0.5135562978019476
38490937,5,0.8129682636554114
24021065,9,0.5104077457449819
36642691,2,0.9597401788549581
3168096,6,0.717893810931797
11603845,9,0.3030664085931471
24233477,8,0.3046326885211444
16098394,9,0.5588712557271162
13591170,11,0.36684097178041347
33913886,6,0.2617424405930959
32932591,0,0.4836736100245159
32918757,9,0.8510112403395165
7240382,7,0.7581379263342064
22074536,0,0.677841791103167
2613527,7,0.604191242385781
19575943,5,0.8583430685205676
37408129,9,0.4840978864106823
37150067,3,0.47725673146234765
10112680,3,0.35004279231678387
21465445,0,0.21434939095990366
30894616,10,0.44569412703522854
17414040,5,0.5767398920991839
34467962,11,0.724891246008995
39743507,3,0.5880511344274413
6467651,6,0.6078478405422385
8444354,6,0.6003138301287007
17980967,6,0.5088070551491023
34759585,5,0.38002485098187566
21670747,6,0.6294563594926861
30433960,3,0.32925704648590426
32170059,3,0.7752186076949339
6211110,6,0.7268458775002542
18280988,8,0.5657319076588169
7887785,6,0.337298633839541
5122372,5,0.8017205032208892
12805370,6,0.5466967442028505
32175329,2,0.26499713883440995
9810217,6,0.7327028378774417
33928830,2,0.8769081653360656
9151464,6,0.4648931996397154
33333778,5,0.43286039862397657
35269374,0,0.4305825771426599
38755111,8,0.5500508989175927
8317951,7,0.5510479240930849
19225347,9,0.9405537302339931
20322465,6,0.5601371529575819
35168870,2,0.3261052872083255
35674651,4,0.5318547993598932
35764509,2,0.5716156535465541
24186569,6,0.40870386994604363
35842598,5,0.9558365555030081
34441624,0,0.4243495529335857
31959379,10,0.9440659139064799
38123480,6,0.5111665199831966
25740582,8,0.43495677456395543
8495367,6,0.43311377126646156
15690016,6,0.6334219211654909
5771376,6,0.38813111467674655
28486832,6,0.36928437533923725
31257955,1,0.4051970265568422
20456860,0,0.34222340700641246
33071046,0,0.6191209759920201
39487769,9,0.39838275421916985
1408277,3,0.7000321396149717
6564004,5,0.31518955428369144
1643265,5,0.25619706160926553
7700545,0,0.8253939672965029
28904750,6,0.5404503855487758
37645965,10,0.5206463536178731
38455492,4,0.4424571574503951
17187564,2,0.391369311430348
7489390,3,0.805019605255151
26959189,3,0.47138608344908284
24984545,6,0.2507506201984387
30647460,5,0.3533549902223613
14183533,5,0.5678854206697778
28975667,6,0.42502451588704815
27444181,11,0.4168526684752464
18536349,9,0.30699099757952775
17603678,5,0.5367127980312016
18237343,3,0.557049340237533
31527844,11,0.3060293568025257
11803121,9,0.5249076284824479
28874556,4,0.66137089250383
24541083,7,0.4797780304713415
38946492,4,0.8152615026900873
39334586,6,0.36420822603134506
9700396,1,0.31441876423643256
14008494,3,0.5790261532744096
20461790,6,0.8582751313869202
16779411,6,0.6632999993455786
34312193,6,0.34866249512122477
19185762,9,0.5290052749961075
13892929,6,0.25483467611236477
21515771,1,0.5090314507587258
20172475,1,0.640963765303584
497654,2,0.447827036670043
5480716,11,0.4302663419452371
7470609,3,0.486808155943194
18177354,6,0.8221879904235946
35990732,1,0.36948813505467465
31464555,10,0.2620839800761171
28566731,9,0.9834474226629762
34001149,0,0.5127872491495746
37193487,4,0.5114382203783604
38846874,6,0.6982923064208392
7395542,8,0.7819158717076489
34954461,0,0.9153108246595929
457207,8,0.35885442782072957
23324690,6,0.6533070996689359
33384406,5,0.2708436286930324
34953853,0,0.5452899528754833
17763862,9,0.6322243625002566
39492524,8,0.7738250980775723
32022401,6,0.4562008957437625
28457805,6,0.46022793571462484
23546312,6,0.5501958300848291
22022820,9,0.8395364635552066
19968065,5,0.7339101093707606
24253977,0,0.5209052457814961
15801883,2,0.31793942117172613
26859291,6,0.6578106871995469
28513604,9,0.47672145152512296
24923536,0,0.4894046975447375
30023913,3,0.5736091927618473
12980500,9,0.3361515881654977
18947938,1,0.6393235975560727
32873021,9,0.2272473825401782
34381370,6,0.6004175360281877
793341,6,0.48586808126648545
33089459,8,0.33764042968191305
11986196,11,0.3782009711427765
16990684,8,0.3985797408280412
35195719,9,0.8727580375091271
28870163,6,0.6388645407484687
18827170,0,0.6566455051181078
14157624,5,0.28550568867863674
30158811,4,0.8001744397505168
30177884,7,0.2876070417572597
34144034,9,0.5283433652024535
36466954,6,0.6201927053175019
14568528,8,0.6686007145933679
26242482,0,0.35081733879777827
23594465,1,0.39116725326829993
33149967,4,0.5036535626788299
1817780,4,0.2738888091274978
33231494,11,0.49462349745770534
32693114,11,0.34270381135663913
27461479,3,0.31995978600232455
35481540,6,0.3399798300139261
13735422,0,0.37771868939368936
37052727,7,0.6126550651627721
39715909,3,0.4998299105554076
14222543,9,0.7829153005636806
10351645,11,0.353760584812545
34207321,7,0.3721980485781205
30421325,11,0.7645153267998983
32405620,3,0.84524213267437
30415205,9,0.422141754131076
21077503,6,0.44673872851099916
39639342,9,0.6043786849101741
33371349,7,0.672429797714869
15114616,8,0.37306121062888603
39742893,9,0.6791427223911469
8947977,3,0.4844887038629974
8751438,0,0.3323441197851184
21199497,5,0.5527270650227131
37560786,9,0.5736785278873782
21463344,9,0.5627978172791429
20650074,6,0.38431141624421655
38595400,8,0.5822119284472137
28845428,10,0.6563919179825924
15614676,9,0.22911799589157267
12714760,7,0.6319282255096296
17846613,5,0.7757552871871765
17037300,1,0.6048302421409774
28967592,6,0.3080739573320339
31016654,9,0.28078724065872057
27813466,3,0.3473418536676452
22339166,11,0.6302575112353043
27128290,7,0.3412701946572697
19409606,3,0.3475208838172396
37658127,5,0.8843236272324461
33870862,5,0.8663208091048563
7544424,1,0.7615702531862893
15009332,7,0.4471881164722113
11998613,0,0.8131099477692189
11047105,8,0.3192518246528689
36508616,7,0.322106748750568
16070535,1,0.35328295941012616
20956671,4,0.8215002514869834
25417911,0,0.717263632631679
36358204,11,0.44065224123771235
13808428,0,0.6461729871880327
2497525,3,0.5884199837923318
10081942,5,0.3730836578890651
27698386,1,0.7652313869209499
28314173,2,0.5011761107054352
4504470,8,0.4075460244092906
13675440,6,0.583198239199169
22394864,0,0.5073460812690517
31890061,8,0.5881449673845571
3294349,6,0.7579470995614013
14078588,11,0.4909213189212426
12134341,7,0.3043341025693021
18510790,3,0.7357239735148187
38730487,6,0.4056865799896276
33018028,11,0.4296612316349953
36472681,8,0.45071934554704984
15357800,8,0.27393873559304915
3582737,6,0.5667034932273364
4355762,3,0.19530960174964862
22119244,10,0.7574198122020177
19870735,10,0.7295249994471112
33914978,3,0.8999229565351641
17401944,9,0.6848248795134045
10836276,6,0.2579166363734629
12867263,6,0.7468425803475517
14825988,0,0.3057300021931068
3268198,7,0.6140722163798908
35526867,1,0.5312651369718536
13906343,6,0.741807246883322
27051188,1,0.6124336048173413
24363130,10,0.6972183738159781
11792629,3,0.4880751519545565
7056204,6,0.5388510204842565
1950781,9,0.3738639588761491
32648010,9,0.5264940074191178
33572130,3,0.46079919694473387
5957211,1,0.5106574891703728
30627923,10,0.5460002743770924
21034367,4,0.724113570829258
20572303,9,0.5508849492913985
11454264,6,0.546066483540253
33293518,3,0.9654252149696766
18309140,8,0.6132946967053299
20845778,6,0.48155941643210254
38579190,1,0.776922957563089
37669256,8,0.34622385378654164
29852498,10,0.7664221136889818
14133098,8,0.3268128366549476
28676374,6,0.42280916456406054
32407613,5,0.6348409930581294
22640898,6,0.39039249868647025
38444110,1,0.5518502652965974
24769117,6,0.8641650432579611
16310803,7,0.4484494105063358
27927103,3,0.6957770076579914
38003626,4,0.9256268403202409
1596440,6,0.5214534029733229
37045347,9,0.4929358753232287
27369538,0,0.5332039982335712
39737026,5,0.3123533326271307
19363736,8,0.3280434310216662
38209719,4,0.5466815400233805
31678327,1,0.6135596026610589
33656724,0,0.36583375063565404
4528667,11,0.31938450217650977
19485768,3,0.5973494980434164
17099458,8,0.39290317278966247
26365369,0,0.4645258658594912
34646042,11,0.688710695350142
38508564,9,0.8355713217804172
21017652,1,0.5019625005199297
34744863,4,0.28534163798515605
12453595,8,0.6839286480885978
18927786,5,0.4963689432365329
6022450,7,0.6047275434784589
19649788,1,0.3325383183893158
35736217,4,0.8378571085941557
28702673,3,0.4607030765436646
23420669,5,0.5580757487769059
19713844,11,0.4313141203125784
31954507,7,0.2542988820102555
36680695,9,0.9265222513131315
25477528,0,0.35367210021482687
16875404,7,0.6754096057231114
20957949,11,0.2940971816729915
22392823,5,0.8874319560370822
36690433,2,0.6169700233569531
31625792,6,0.28386490588038654
9941766,7,0.44805778603874175
28452361,9,0.8644106996737567
6328530,11,0.8152400661776402
298782,8,0.3330818675884757
33724611,5,0.7832995070346275
22290508,2,0.4892017270089103
2105508,6,0.4091558381401443
27654433,1,0.4973837339164168
14324069,3,0.5844879348118159
9718054,11,0.5280401037873935
30647866,11,0.32869303952528817
35328941,6,0.4233798779885255
26046023,9,0.37547669028727326
39833902,0,0.4752827507034013
31095811,7,0.5776832931944772
30339847,7,0.49670719058994917
17200385,8,0.4176586647550051
34689852,3,0.39794809610576287
31229728,6,0.3710043055315854
28962403,6,0.29942214095648717
28369852,0,0.4765228727883208
31862169,8,0.8156212831342078
38336938,0,0.7055076388526195
34418881,8,0.48905438771374327
4424283,0,0.7189466342095797
32652485,4,0.31465202755198907
35329135,1,0.861691199126162
25984025,0,0.3270517518906481
30987118,1,0.5928156735635699
34990179,4,0.48490942011830895
29808355,4,0.785713930603051
22277318,6,0.36363622028915943
19219017,3,0.4701503044524351
22576312,7,0.6707842938578383
38080070,4,0.9761396305069703
36939157,7,0.2285128791972375
4881312,6,0.7365382899794556
2846416,6,0.6577571091035788
33137686,4,0.5117862111813906
36222823,9,0.5711117846182432
39013431,9,0.6469440563111151
32795354,11,0.26202175223642343
28664221,1,0.636536108217172
26233925,4,0.6426848688799894
16989736,6,0.46427790927658324
31508846,3,0.3292640108259371
27305221,8,0.3354231414793444
37982004,4,0.32196121493771607
36724955,8,0.6155968270025058
1590474,6,0.7067321971471756
17800897,3,0.6027297669253395
39580473,3,0.41801625692297506
1290515,6,0.6454089757417529
31375022,7,0.48838526138487
18974810,10,0.7749995160304193
31937190,8,0.2495620187336111
35631923,6,0.32417486926898836
11437350,10,0.5553632312850522
37898559,11,0.6233933213188423
2121036,7,0.39358414056204266
23157481,3,0.3349147853974196
25928390,6,0.34697097286473516
2276768,2,0.7436784567515343
5567922,3,0.42829843766600245
14757054,3,0.31394527099053626
11819188,6,0.48584461766352727
19862948,4,0.6667938896460014
837256,6,0.8110178852380358
36763438,4,0.30133832905455504
33454243,11,0.5485596620402216
29357326,6,0.4390253106048162
19900279,6,0.5272758054175164
33321545,9,0.6096279798427445
39498729,4,0.8655120016176377
29773480,4,0.6513492845067698
24871914,4,0.3459289661582662
12632323,6,0.931401818095663
6645661,1,0.5109122986558959
36612832,9,0.7570816196415612
30465013,2,0.8600600576638741
31793746,9,0.43418379591913187
39538873,6,0.6719216628044672
33282823,10,0.6010345896008751
15880644,7,0.7623977746226966
524714,3,0.3158485867147793
21912859,5,0.5504685763672722
28678351,8,0.34009843998856537
20676849,10,0.48955541474117753
22598561,9,0.4308321792313936
21150761,9,0.44100440465503643
15958917,6,0.2798554095278303
7217715,9,0.2928371158648259
28892261,5,0.4944456580625898
27715515,7,0.5248805386609862
441397,6,0.3878466888816114
11752371,6,0.42697364180915387
38919877,6,0.3096060208588296
28884265,11,0.6505484611958107
6731345,8,0.48883187096015607
37563363,1,0.755629899498395
8065913,5,0.30505292458550043
31481689,10,0.35746813203694267
36169473,8,0.373026712524282
3302020,3,0.4141617018182684
11473206,4,0.26472720356147106
38900235,0,0.723269288988181
18391977,0,0.40458793387173436
33956029,4,0.6096322986239343
17313970,3,0.8680588551827291
19059360,8,0.5535007049136587
16898086,6,0.5400244641113336
23124248,7,0.5929876293866849
15190228,2,0.7128338682115261
4019639,0,0.6512883406717529
18288757,6,0.36831451606085125
38129624,2,0.43905234489564765
39312553,3,0.5778021753006003
25515288,6,0.856386930332285
18440526,2,0.4812996317557306
33860317,11,0.4377894141046116
26866493,2,0.8622906635865181
24085711,3,0.5440226557591271
23395354,6,0.5094506823267427
14517343,6,0.7656098296753475
38975664,7,0.7839530102809359
11143827,8,0.5757489094158567
29964585,0,0.27244836263296573
35822251,6,0.3292769858982359
8158937,11,0.6622557534106362
17472124,6,0.6270356982576523
9667742,7,0.6499933256767403
21455021,8,0.452823422176804
7859775,11,0.4495603832505136
22336460,6,0.3400767503907415
13542276,9,0.5347800607120946
6802877,0,0.5425981251730035
9074230,0,0.6205265154928891
2081281,9,0.6022388160782677
2576715,7,0.7589988601858352
39548864,3,0.9435111486265848
19078325,4,0.4835868291634267
36377396,8,0.41672011275380594
35949412,4,0.6205323707294448
37577127,9,0.5684594322070227
23404222,4,0.2649277778533041
25518023,3,0.6375527660827968
34830738,2,0.7927021141104614
39422242,1,0.34696317128030923
16469758,9,0.4818994121185552
21799191,1,0.9194303037627636
25691951,1,0.5631833990446473
23444858,4,0.8937763425839158
2002357,1,0.6160840640753532
13423216,0,0.4398992243014929
36393450,8,0.44629869263942806
28366550,6,0.6807891911355598
38542419,4,0.6064030588779321
36619631,4,0.9731619879790891
17665809,0,0.7555433025957201
2196693,5,0.583964348826184
28669288,6,0.3171074512731392
38886251,10,0.39360580819453134
31988553,5,0.7855944720362282
22043498,9,0.5626321654381444
28263073,4,0.8130836295091424
24768802,9,0.5429340831913049
34291543,5,0.8669447032835615
25430789,10,0.5935614572744263
28335638,8,0.36497989024516475
15177705,8,0.4134394594919458
7751132,9,0.416144324518001
33139230,7,0.6756408274750525
16750493,9,0.40325747483403135
36342078,10,0.588569608175955
38175765,10,0.8879841926078881
12739111,9,0.5688345929391644
34833138,6,0.4008643027089084
23955382,10,0.32732224756922956
37351357,10,0.33274362214174
35615971,7,0.7413462633365683
30201431,6,0.4937558535954666
35698927,1,0.5104747636917549
40074004,3,0.43763078681271594
34888742,11,0.2357210117549909
9931998,7,0.20822172075851417
17377452,6,0.46629260883187956
39616931,4,0.5411122901791714
38043658,7,0.6824427439467752
1554362,9,0.5799114817884591
36271449,11,0.566060377827288
26165180,5,0.4803241344337169
4901861,2,0.40094150915240845
24265971,8,0.5573267312838929
5568926,9,0.4971778497082518
37535037,4,0.47018870954628605
38225583,9,0.7326961405090224
18995063,6,0.321361831442704
16984061,8,0.3778959212363928
23392820,4,0.6582212164177977
27584206,1,0.2153933372980734
39600006,3,0.4368781815769837
23747592,9,0.3272127269476539
2181708,6,0.3170088334793875
30576628,5,0.9199217947070047
24106209,3,0.4481693057697883
36640174,9,0.3329472247349845
33740811,9,0.2982566579785663
10445666,6,0.808594942117861
39969219,4,0.6957250833378396
20156053,6,0.27495147177173496
31939916,10,0.5775832281485546
31541758,6,0.3588534977678641
4519736,6,0.769071060446648
10392921,11,0.44307047470466115
39479732,4,0.5955918897101424
39811720,0,0.5747904027158488
38113711,6,0.33297929932206716
21141858,8,0.4959173820821455
37515847,10,0.7016788444440744
21233233,5,0.2778332913228091
27409727,1,0.4538057260772044
19783404,6,0.2407669375315868
36522120,1,0.6475471320462173
3862129,7,0.5459908809789447
21805472,4,0.40612563707444516
20530921,3,0.8169913413592077
35821271,5,0.9085866343200313
22723022,8,0.3967846921220449
36188226,9,0.49905845953886896
7911098,6,0.4770297527295706
36525020,4,0.7538591740605273
23469008,8,0.3039222709952171
24039132,3,0.34299629860486625
29295654,8,0.7910239878412226
33726160,0,0.9999999999784173
31830429,8,0.5119674994726388
32858537,6,0.2764373588785801
21996710,10,0.4174348647564793
25633995,5,0.5594619009199778
24930018,4,0.2531981633640823
22014220,9,0.4533795594921998
33341320,2,0.6243642679657092
2482926,6,0.43263573929313304
2938519,11,0.3284351568423432
29330283,11,0.5365309550403702
31816058,3,0.6295211037920055
25598093,4,0.7054504891635993
21743057,6,0.5021293148612408
37400140,8,0.40205184506351455
33713201,9,0.6619204125988287
38912563,9,0.48360103574106666
21215421,6,0.3712091310928303
2398299,11,0.6221310070637561
28798781,7,0.4491825890224999
28719127,7,0.3750308966203
1547856,6,0.318062380618329
19104580,8,0.4225043519268915
32492518,5,0.7752246811215041
10320096,9,0.7511848330014733
23696705,6,0.5333135696196479
3207177,1,0.6236658244200226
16617136,6,0.581858195879203
20691359,9,0.37783956948857006
25575579,6,0.5407203864517394
35387280,10,0.4252399255244058
2525233,3,0.2918666116524945
32754496,9,0.7465521337819258
22024456,7,0.25457108315815646
30870072,5,0.43984748065623774
31855048,6,0.653697767987651
16968226,10,0.7013293535409255
19613750,6,0.45040382137274826
31793540,8,0.4248845400531068
13287459,9,0.7595151270454132
9949974,8,0.40851187541026435
7720728,1,0.8022894291392381
14519082,1,0.603909464333424
14531396,7,0.4413471562520241
15477857,5,0.6718644011065377
1893867,9,0.4852964740567855
39600379,11,0.3133430776737172
12241499,9,0.4881003199974392
6557959,6,0.35898009265488395
28706967,7,0.4026072984227491
5311669,0,0.9418651613782661
34483081,6,0.6015586182908054
26498337,9,0.2764974794687069
13961930,8,0.6449072939190672
28989191,4,0.5419592557649311
38782072,5,0.5049360085093412
5684471,6,0.5236303853362027
23819310,6,0.3981071040030457
35344985,9,0.629233696691697
23959889,7,0.320704349966541
3553088,9,0.23826231826628733
26752933,9,0.8842570392283359
11041405,0,0.9006324269497779
37386499,0,0.5695193730801097
33672751,4,0.7575482892859728
18309258,9,0.6269350424911088
38484277,4,0.9043489740894481
29356076,4,0.4126275605362437
7215320,6,0.42052262032218396
39571245,11,0.8162926877069585
6816989,3,0.8038215929156746
30503613,9,0.3982240410092006
18745743,8,0.334935254078885
1908653,6,0.5013162591234825
6698554,6,0.5106085452064759
26189847,7,0.8823861818364545
19684434,0,0.35395621721422627
30997347,4,0.39029459103164044
24642156,4,0.7719143312004424
37313690,3,0.6857327652587886
27555590,10,0.4977142381294882
3052534,6,0.6287873119499291
7427984,6,0.7903075237722627
10324015,0,0.4008548882036063
19869123,2,0.9059777318051851
33604725,9,0.4910406551130766
39307190,9,0.7204310566137327
16662104,6,0.28837780514283373
19612209,10,0.49272633786562464
37576006,5,0.9876255202734245
20848222,6,0.4220924945254067
25041319,9,0.43147442842908557
39647480,3,0.8617256614843204
7958031,6,0.449874837599612
39023504,0,0.4411480496720293
25030037,5,0.4189162734714898
39151545,4,0.8976536416352082
31610677,11,0.5303562108139876
32618304,7,0.32331214145184944
37517873,11,0.3993014210891057
34583471,10,0.6172431463655514
30457162,6,0.5153056778409905
40088902,11,0.6703434068681559
35611874,4,0.921337993402441
11005072,11,0.3543068902166658
38255066,4,0.5709562507246557
37522919,7,0.4588856852956453
20403968,1,0.43647411140902936
32511131,9,0.3531207907766913
501626,6,0.6056804663045859
35860839,6,0.5408072790341736
22784890,6,0.30684976778782647
20546321,2,0.9462532439340533
23181442,3,0.7327402093324996
2336423,9,0.8002807794361166
19465847,3,0.6073852219074302
25346036,5,0.31295934998590474
15539260,9,0.5617425335739066
35592406,6,0.4627367115746998
33976504,1,0.546473171699005
31617562,6,0.6135609440233677
34817416,4,0.7088320352933876
31504591,1,0.6477384281148443
34623846,0,0.6480164075713011
26306975,7,0.2819164993276859
25623295,3,0.4106409381098298
10054880,3,0.21327419712934584
36448960,2,0.9092689947999948
22138648,7,0.5861371351585385
9111730,6,0.4928598342116917
19664587,10,0.2731250092149067
30282504,6,0.45256775127251325
31863076,3,0.7957437763202952
30992316,5,0.9232579493102816
21822592,5,0.7282869339798186
27183036,6,0.35503458803699034
29529074,10,0.35517952854642715
31819393,6,0.4105297661276149
17915850,6,0.5543701681605293
34983043,7,0.3482315733882265
36294317,8,0.6011548808700278
31121547,10,0.43939279780654766
27080100,9,0.8723076821210557
15898817,0,0.9995360052166781
34967236,7,0.43365983351653786
15136392,10,0.6022952286687491
26974838,6,0.7589991956316567
34971201,3,0.4835315447493669
19382013,5,0.8983561345371116
33959124,5,0.5711957470631938
4946596,9,0.488674417316885
39095435,9,0.46202881362073317
35414834,8,0.586068513782771
29917232,1,0.5097312977970709
27081877,2,0.8529728775255524
13781563,11,0.6997285597025699
12311310,9,0.7312859752136341
13639444,0,0.3580304540593308
28073132,3,0.39318887846460754
21396414,0,0.8130381349673343
12705527,1,0.8721184945262523
3848954,0,0.5873547969698625
24126240,0,0.4079218685479101
14618100,8,0.3566225019242135
14147175,9,0.5918515687772177
9282149,5,0.8562118312012503
36500348,4,0.860819828184564
40138085,0,0.3472144295698152
31867193,7,0.5068204484614781
29662590,11,0.5663561566499118
7856843,10,0.4697987098962154
1550707,2,0.303528584873427
27878137,9,0.7105551579642088
36064812,6,0.5117176914560504
37711337,11,0.5895501041221315
21597469,11,0.7164942105057648
32919383,4,0.6342498373323305
20187219,11,0.3835379009496592
30180445,1,0.6864471974064535
5414241,7,0.6278289695602555
38543898,10,0.4003655575412554
5579407,8,0.5402317271828175
17312276,7,0.5176553288357024
29377730,6,0.3615120481457718
17874297,6,0.6425187139355899
29361314,8,0.43364492061457355
23771759,6,0.6823136549457586
24235921,4,0.3387757783388976
14469329,0,0.41379967947054846
21449763,1,0.2908699326532658
24233385,7,0.38055955131594865
39083524,9,0.38486102741580674
19818927,3,0.2976412699460223
34393141,2,0.8263928983460256
38400028,6,0.33281144502363585
22234428,0,0.8353679819911284
39523665,7,0.44549803641499564
37667765,6,0.6460291086131995
3153427,7,0.36380293565286675
25172341,0,0.7511958084710358
11594100,8,0.5172736355210175
9643268,4,0.4627435134243269
20132108,7,0.9688567796135885
28457469,9,0.6464679754603313
20979261,3,0.35864180009468716
34343132,8,0.5779291391784621
11104180,9,0.5630326758117629
11615878,6,0.5016839264827305
35923958,1,0.5452563142673442
8436373,9,0.4850589921113609
34145556,0,0.3605929156197451
6589225,6,0.8179976155726746
24399772,7,0.3518722527438966
33600230,7,0.8359785156327296
21642748,5,0.6394441271813156
39149117,0,0.8441795282947437
5472501,7,0.26539380044416155
24602117,11,0.8174632976093018
2664944,6,0.8552708516843631
32641051,3,0.3488241027457401
34358173,8,0.3022294072024203
38040071,3,0.6270090965331426
22329224,7,0.26335527545212156
13536118,7,0.40056088630057823
37443169,5,0.3192450617429362
34030215,1,0.6611883991237949
29227351,6,0.5386005541623997
25826979,3,0.2790206928148549
18080746,9,0.33745103137514587
16890899,11,0.7713909906652254
27587250,4,0.42698388724513703
12381785,6,0.4411532846325507
32977809,9,0.40401096134360587
18500998,6,0.29003542468049726
8402800,6,0.35956707258585147
38672638,7,0.48044926885196787
8376270,6,0.9430985763787377
26059821,0,0.9999999999800501
33571348,9,0.7235375040974443
8492443,6,0.35051421516562986
35827853,6,0.4152085993833123
3458830,1,0.31331347599420156
19671082,8,0.5733471557120136
35330850,9,0.4184267142588615
30051051,9,0.3742779393052904
35484250,4,0.7511326319716422
37354574,5,0.670905587404464
8168858,10,0.36777547082769085
13122656,11,0.6357361669047821
823030,0,0.9475918821932156
23183105,6,0.39946794300793365
6773584,8,0.533026744491516
25100531,3,0.6462117826267224
38489075,9,0.4830292468023982
26811694,10,0.4411381466929023
20043897,6,0.20937739496828042
9566060,4,0.24397655655845132
17605962,7,0.5118843772332626
3964378,8,0.37194383258027364
17687019,5,0.3806593763294834
24958806,0,0.5053534075560151
25796130,4,0.5589763806518011
34030196,0,0.5438485060359204
13855617,6,0.37805830884126584
32335800,6,0.36474107039203946
15745457,6,0.5698322444760678
18462785,5,0.5043470147566584
22775392,6,0.5143893446659461
29632784,4,0.6252030155865639
20685797,6,0.5773618561988206
23913962,5,0.7412965661204187
29428894,11,0.33752374999717705
33103802,10,0.4295236403883919
10208814,5,0.6195472365655522
24167933,1,0.46142214290479533
4965114,6,0.9177430388303701
25647546,4,0.6702004070012977
872119,9,0.9513103094049308
1264472,6,0.4736003730241527
6880096,4,0.328232319189444
36577025,1,0.7148540214586917
37988388,8,0.4108866388401292
39476732,9,0.41589805369503946
23542526,0,0.8663634964199355
29049621,1,0.5589590661287889
33991527,3,0.706886289317595
20363927,5,0.8607316066320637
23767772,6,0.5189706720183983
29267597,6,0.5807347083185966
26974120,3,0.41582698177720623
27758491,0,0.9395424879211727
28145024,0,0.5439971164441135
34745609,6,0.7362070683869643
27926220,8,0.28876532328121973
8380376,7,0.25318220568859734
28508208,6,0.5908183935640062
36432098,9,0.6827586268474658
13861532,0,0.46271937655381656
17199113,6,0.4099824512140988
20538305,6,0.5501892432355598
9742428,11,0.48927518862419916
22517080,3,0.6847565101978166
14637768,7,0.5750678522045672
14904012,6,0.4974706370059272
37404043,4,0.457056424539351
7949986,8,0.45488413652196247
22893460,0,0.557971619578628
14024855,7,0.5548438706266254
1383239,6,0.4173463609921662
14351779,4,0.6421033475205534
4868139,11,0.40189257285527763
12095898,10,0.42052685413797586
3375217,3,0.660008925340556
38085624,4,0.6795879714403008
33823557,1,0.708947913974427
14229187,7,0.21860631873148212
29928477,6,0.45294284236754256
39876280,7,0.29622523096465797
13330028,9,0.4800672641638204
24307454,3,0.545717615243404
30513814,2,0.3397219650457008
26186577,1,0.4796714072648544
32326771,9,0.6170725089110861
6649096,0,0.5195232292849548
12204287,6,0.4093630878116939
39504728,6,0.2956048637475405
38550392,8,0.5256168071171996
37085708,9,0.6094811315943351
18712318,7,0.3604869174482626
30616211,2,0.9914644509845276
29364189,5,0.6070813663516608
30838232,7,0.4258251778049652
33605493,5,0.6808955546755538
7459248,1,0.461026955887896
26434718,0,0.7110884880603658
7943971,3,0.2387754969363088
6479214,6,0.8054455294892714
14172700,0,0.5364070742253203
23431015,9,0.32527361237974095
30878697,6,0.47424196582475947
18259697,2,0.34815584354936385
1916663,0,0.9636325402665232
14648793,0,0.36070620142306953
32177669,3,0.4107300603441814
10889506,3,0.2472566883610366
21148655,6,0.49895257599470016
36044210,9,0.2955763381350176
1416646,0,0.5870699232310941
9574379,8,0.46517480356346874
14601570,8,0.6934817315960137
18590658,3,0.4322534319144309
5559147,3,0.21979335884054976
12964547,7,0.3696968261793
5218805,9,0.3106700215293472
6880691,8,0.45007308820879055
9949246,8,0.3137182967133118
24123659,5,0.9144802313946186
32768331,4,0.6354490735461452
33907369,9,0.3657069410314735
38910958,8,0.5832894204978069
31411357,1,0.8013786397770156
8539100,10,0.3139477839728393
38162539,4,0.7250571467541013
14422340,1,0.3665050989494099
17433453,10,0.35166914944893674
37060639,10,0.2605601943234402
472977,7,0.29873445629925266
24982793,8,0.3661800780747832
19313966,9,0.5951385620110663
28065523,5,0.8820554729957741
29834213,4,0.4655591472390529
18940735,3,0.24101027467954425
20352794,8,0.4249862685360369
12068121,6,0.8416454463035586
8796655,9,0.7761137826076246
8826965,7,0.24503191278867348
34205310,6,0.4146543783396346
20926076,9,0.5151979913615853
40138350,4,0.746948253950387
36630135,1,0.4729237133128831
13055727,10,0.8990794350573328
11554145,8,0.5670208547350466
16552738,11,0.5325057170600862
26210417,9,0.31250118076533645
29275353,1,0.6361594181945254
18720207,10,0.41143553270187105
30371987,8,0.4540669002862316
6391388,11,0.5950498653506355
38380336,7,0.439859776163962
25798730,9,0.819169741291168
29871243,6,0.5365256576959311
24789269,9,0.5013867678791634
11527290,8,0.5135559896177825
14080041,6,0.5467699423137395
34057783,6,0.6846522121911187
23398445,8,0.4288747120377792
39778235,3,0.6795636458808335
23250726,0,0.41015421157696275
30529055,5,0.7281870008521781
244750,6,0.3811144371030454
23108356,9,0.27223510937269546
21943393,3,0.36110215673610163
28044332,1,0.8164809089900568
35330872,6,0.6427204959267553
17489178,6,0.5545240486356193
30918905,0,0.5484726358936121
37387726,10,0.30133279024975235
29447188,7,0.4942483179550704
31631052,4,0.42245906895226737
20361235,11,0.499240176128416
10656831,6,0.5159228708557976
21938272,6,0.5010350424984965
17737703,8,0.3949126815374727
35819129,6,0.675635043208649
7488649,6,0.7396415054618272
31617827,8,0.5950009104027496
23133573,9,0.4325042000817482
38791527,9,0.3580180217591649
17958667,3,0.7083266277605744
35441534,7,0.6770866430372118
18945450,2,0.36317231117152055
8991433,11,0.7664767368029853
18704215,9,0.8335528575498314
23062926,3,0.3022315674033589
19670153,1,0.4358338541590409
35281360,8,0.5453621794297105
36285966,6,0.6133960615685836
20039200,0,0.34124774290768145
6019473,5,0.7493395767982146
14398791,8,0.3761764010572694
32238896,2,0.2340266790506552
15316428,3,0.548374778845441
23841011,3,0.6147965103136722
6839116,11,0.35762604207975013
9098441,7,0.5347505206109324
20642284,7,0.4528508894015701
5517314,2,0.5912458745388911
33859025,10,0.5560999581726401
39535756,0,0.32898501528480656
9303301,1,0.7182052355043536
23126498,3,0.5347676998583144
37297367,4,0.8829068681842359
28310657,5,0.7480253258156235
38255340,9,0.9762430599662717
11469228,8,0.6810948911176151
6587516,8,0.6307228516550666
31317642,4,0.3327533115222208
19290674,8,0.40873884796115245
23274357,5,0.7546058310735421
40072838,3,0.42721955180609805
32995170,9,0.3514111664873047
6451229,11,0.5228548418206542
37810281,6,0.37703834366815997
22234443,1,0.3954821267647822
2656900,10,0.4385361069427569
6879991,2,0.4545540194762018
39071093,1,0.5782814327868238
5094697,6,0.31337673727355597
34306443,6,0.5086380713758702
2900084,0,0.9999999999806244
9793631,8,0.6387477992818641
4574296,3,0.911166165746401
14504887,6,0.6501824194272717
15166186,5,0.4286045407991795
36456766,3,0.5130988147744016
888550,2,0.9513372171364928
32185442,10,0.629268349206656
12557794,0,0.6029817401589491
17451473,7,0.23230330339998334
9294530,3,0.48031652010023973
15794038,6,0.352214715127657
10924339,8,0.2353817478993112
7117443,9,0.6717000533697679
38150311,8,0.2564739275248515
20932840,1,0.5056583571228755
35098258,4,0.835267135010068
36526319,0,0.31079499728965665
8387546,8,0.6037923885032542
29757126,9,0.5843233062085336
35921527,6,0.6369525669233184
18518038,6,0.6875924592360314
31198020,5,0.7968518077788747
39402445,11,0.7540602905727785
19354708,1,0.8620008104448571
19763848,5,0.48824451420780246
34886973,3,0.8420895912717626
20925224,3,0.3576221459895738
25365633,3,0.6109338086062662
2744687,3,0.8122865172455618
30203964,8,0.6075468282555483
19527463,9,0.3637948105902949
5570981,7,0.626958531924528
1466732,11,0.7277292960150438
4644025,0,0.9999999999720888
24248970,6,0.35734248290886483
21849878,6,0.8150245335552101
19490542,8,0.5222374218231396
35374660,4,0.6670004476283574
30916782,0,0.303549244665234
33989262,7,0.6752133297948432
24991795,8,0.3685239116717353
24695878,7,0.4756333641075889
38007131,8,0.7138757921779165
30236122,3,0.659438213684019
1654922,6,0.9047432675658424
23154105,6,0.37702840105836316
7278588,6,0.448029341485771
12003010,6,0.5462355881136305
7365531,5,0.4751259790993482
27953895,3,0.309283541530731
35509525,6,0.7066181608201992
21003069,1,0.4105002429531226
33382672,1,0.40354269647884744
33651043,3,0.44401610107442235
2878493,7,0.5688587921828833
31225489,3,0.5620680359796598
26977618,7,0.2140063127736057
16183401,10,0.3668279995558186
26945199,3,0.40549203806273393
26851328,6,0.5341726169136306
35641281,1,0.4051184805436356
18112036,9,0.5641046480786382
25302172,5,0.42895249174901295
24028749,7,0.40013223590455343
29741887,8,0.7780208591175088
24196876,9,0.7105574938421727
35774902,4,0.4955292268145358
12990199,3,0.4818196642596211
4047735,3,0.2633417884820813
34174416,6,0.592384698294821
4216489,0,0.9767811455810465
29019628,9,0.3494093665505245
21029492,9,0.8423543522298563
35685496,8,0.5706116939181837
19195903,6,0.5010296295332829
37593961,5,0.3069136146699026
35380166,7,0.4832319464527448
19717108,7,0.4890058965916287
20976550,3,0.6070819952890627
25999821,5,0.39815881977817863
31864684,4,0.5944860109976764
3071462,7,0.47705245943681335
8456389,6,0.6357819925594497
31175451,0,0.31180053202179003
10725642,3,0.41655903695438806
1457757,8,0.4594169581789613
39116123,7,0.549251021743669
30794080,1,0.577406074840521
26827391,10,0.34033437549168016
13409559,6,0.3588544317780541
25058767,9,0.5777147037540328
31328580,0,0.5310939509194115
39241346,4,0.5841890758026628
32836815,6,0.3019693873369675
17427966,9,0.2599995526660426
35074387,5,0.6725011475836659
9843741,0,0.4884655778205352
35842022,5,0.41142108230653573
30952474,5,0.5192325802917176
7197199,8,0.3961723980969946
34767215,9,0.3787044363513492
35911736,5,0.8252229188371254
13715876,0,0.24121477767461358
38024104,6,0.3613548584582136
1183643,6,0.43997708275062564
12566151,3,0.4493007257516105
36353016,2,0.9154681553932617
30720760,1,0.4547167388042986
19086314,9,0.6775461359050087
10922319,7,0.30638561162324635
17046073,6,0.5522104622921423
39708136,7,0.3855140329986941
14528379,6,0.6847288245658744
30429321,1,0.48999745627130964
1166503,6,0.5693047539686694
12658870,7,0.3556445732363885
8734673,2,0.6668146850792774
19554900,1,0.559074721661844
31306519,4,0.8285946361011041
29606432,2,0.3758317886420566
28843083,6,0.318412285736587
21497126,6,0.8284315904143044
30525160,9,0.5794941179334451
19477264,5,0.39747700681096254
1517418,3,0.2874451482023717
36042508,5,0.5998467166213889
3379032,6,0.953814776895669
3169099,3,0.5380026685298481
27201271,11,0.574050455604168
38725032,4,0.5014994294312607
8348255,9,0.9161209500347252
10819192,7,0.28974775601278385
19069701,7,0.7417295456495554
22921751,10,0.31753749251887337
31538288,2,0.5317692883218119
25354904,6,0.3535462298726129
8071523,2,0.34281586991890095
33313401,9,0.7747423281202283
26051185,11,0.44367596330386155
20856893,11,0.38558740753284015
37427069,9,0.6897578924816885
18969358,1,0.5006880123463282
17692948,3,0.36229569924063293
17323218,9,0.5227942367582169
4987383,10,0.8380046635618128
6621870,6,0.6626383752691092
4638693,2,0.4390571360135083
33840492,7,0.29031577842009254
37747886,5,0.3918218530644414
31381789,11,0.3668785756350776
26549455,7,0.3655684108868045
24788711,8,0.8996138078248773
33474341,6,0.3598901778715516
2962571,6,0.5358163083835825
26381888,7,0.4960028984096316
1316068,5,0.767413671768471
29104107,7,0.5633845443583894
29478997,6,0.5580512123778837
27648476,9,0.3216076100572662
20858991,10,0.7610408545968591
11854142,6,0.4289517103808493
15440115,6,0.687014631511394
30620681,7,0.44721410640397685
21277064,1,0.45565746436091914
37475963,3,0.5904198015327546
39875609,1,0.5832047114811885
31826814,7,0.6831545826372433
5120071,2,0.631325198352796
39874309,7,0.35797372063406063
33883242,6,0.42008796785907976
6199666,7,0.46991593041679863
11385050,9,0.652841671000344
12444942,7,0.2617638454684092
34701693,6,0.6106251819298316
13355778,1,0.60097377806353
22363566,9,0.4146540873239681
27095692,3,0.6400133835570444
27086004,7,0.6159035964163551
31034691,0,0.44505800510606086
33775269,7,0.5502903051786827
36356685,4,0.3325844382129397
20091484,9,0.3870189117310008
24590405,8,0.49024757595641644
8754145,1,0.7107575894009827
22527108,7,0.2003796288113771
38943800,0,0.2974156595118503
2433616,3,0.3140376647359993
14595302,9,0.21125789466329786
30700150,3,0.38702838413966417
34009116,1,0.38176685485054146
18889658,10,0.8336589173721612
32918762,3,0.3151501994945515
35889238,7,0.44882945530712853
8370966,0,0.7336286026609623
29525047,6,0.4205264440819611
39770863,5,0.9571677990613235
31301863,2,0.3518773839829247
27659490,1,0.8172287175249454
28479968,1,0.6613243901517326
31045908,9,0.5331110040376241
32448939,6,0.52965432632635
29621532,7,0.35463223550099215
19902998,6,0.3500417554205001
26916827,0,0.6521465117803021
37007465,1,0.8258395848814941
34168775,9,0.6249804635742071
38833362,4,0.9460160003889401
4918425,0,0.6260624097299119
35155897,9,0.5259027142107054
31955603,7,0.2606105546088254
28356518,9,0.4694654276556931
18825178,0,0.474061440833471
4652893,6,0.7123459402598342
37082554,6,0.41240480541478475
39542635,8,0.4864723172826239
4239896,10,0.5179849717429479
28804450,10,0.706103604510052
17743083,8,0.69441339098364
19600545,6,0.8009111766348341
19485969,6,0.3721778622487021
30559865,1,0.5606963182481004
3012783,5,0.6466596691308443
16201655,4,0.36570051476389165
20308588,9,0.625232905920971
19381932,8,0.46238769941193103
16350653,6,0.3685925143715606
28360182,3,0.4621507337297269
14265539,1,0.6248842704821739
28753396,1,0.834584673277482
34449473,2,0.34857037521521506
33396256,6,0.2301996090832657
26103113,5,0.7203767978161588
12080957,0,0.9053290303606525
34816098,4,0.6024582824190091
28511175,0,0.39806009559776045
28619452,6,0.31147558780846174
16824581,10,0.5510687582945009
22025260,1,0.5542565625027749
6117868,8,0.6250561841939167
11350249,11,0.6924262991981186
36717603,4,0.3929431985535758
16839630,3,0.5052972183730972
33205437,1,0.287145941203021
36171867,7,0.4577406349974253
32792008,9,0.32996824674437525
26522997,9,0.6782897342384283
27939697,1,0.6956099713716665
5424942,8,0.36533086607626825
21621463,1,0.642071041955415
38048098,11,0.6509816833598772
27371972,1,0.598156434573441
19622408,9,0.8352413391507943
16771391,11,0.5159532894661624
23678466,8,0.4144229259908184
22678143,9,0.5104701407596886
34168415,9,0.9999999999894296
37624186,7,0.5190624919296306
20014302,11,0.3737627307514787
35349920,6,0.3781998653918784
39248753,5,0.7509445360984833
34966059,8,0.37539680807934633
21614181,9,0.7401676124800415
30679192,5,0.5536513457040527
36783700,7,0.38126797526685424
38526289,5,0.9999999999902297
30037941,4,0.8618253479659511
30464454,4,0.9640942839827221
34132368,9,0.35461831088726614
18090731,2,0.42497368914003614
38989667,5,0.8261082488103573
34597093,5,0.8066136980861316
26037977,8,0.3931711839324099
33443748,9,0.5798811510991545
38662656,8,0.2938276685927167
29120431,8,0.5806242210976867
30252693,11,0.7244513734713764
4467193,6,0.3739238215119251
27334949,9,0.3232619170167535
33306510,6,0.4502477024806043
21697867,8,0.4565661817930256
1739566,3,0.3793852223443249
30642950,7,0.8016538524062481
26111370,11,0.3923796415711061
16122128,2,0.6393067544907168
2083504,0,0.455189271178889
36932491,9,0.3430141486638711
15535897,10,0.3673155139110914
18452707,6,0.22573614949926316
11078916,7,0.794043620971764
35032417,5,0.7731407983522146
34572330,7,0.4211939952151362
31873553,7,0.3608832978579545
5073903,11,0.6660183628975423
38644013,10,0.534899262486589
30120924,6,0.2944839293430844
296270,6,0.3066343015618399
7983099,8,0.7928993433336977
6783826,6,0.7272511256566948
2780904,0,0.7355505588476589
34489301,7,0.3438425955036904
9322284,1,0.6388891661913272
32539611,10,0.7567720635515299
22927288,7,0.27421826077347367
22895618,9,0.4282415406289091
21875967,1,0.3048748303891354
9216829,9,0.5291202899646991
11602579,7,0.32347798697814106
36731874,9,0.8337879486333607
30366142,5,0.40715878941426187
27477940,3,0.32084181804937173
9047349,9,0.4373941632713231
28642871,9,0.2044171710787544
14351854,6,0.2944497738641003
40064853,5,0.41904493268327203
29751403,4,0.45809825276284055
25761701,8,0.5481806232596577
9739407,11,0.445658034277291
37686060,1,0.837950002826465
15957071,6,0.7012843538565
30280206,2,0.23818148520098123
38208137,8,0.5409209254017252
10885984,6,0.38572461759754506
24651723,7,0.3750098213382861
31883073,10,0.5915915376318063
26442790,4,0.5809615341829524
21443690,6,0.5097230821835195
39939627,5,0.6746118881322587
27770300,1,0.41129531529105734
17529541,8,0.3769931910940618
8809881,6,0.4287666246622356
25968752,7,0.41814795471500044
30176184,8,0.39972826672747225
18895110,6,0.6407442343518172
4499129,11,0.3998889742698993
16301356,6,0.8257311748800061
36007937,11,0.3933719063888522
21781782,7,0.9999999999895204
33525073,10,0.7676339379803849
25171995,9,0.8023311714592603
33124464,11,0.4403030107991639
38043717,3,0.5402674971398588
15749591,0,0.7042533036983337
31444374,0,0.2940484082738153
13832562,6,0.25799578749676355
38069160,6,0.6806170581532721
32616182,1,0.37233627364617583
10747873,0,0.645242145816143
15240357,0,0.4538927553827655
3680262,5,0.5537173674944398
16903368,8,0.6763161722893791
16312822,3,0.4903883436173337
37557052,6,0.8039223743297903
9818688,6,0.7356697497310162
28429745,3,0.6309488821885079
33832370,10,0.5544554478051241
4641877,6,0.4947371135324287
7477864,9,0.3202012419524528
7985696,0,0.5452883814261245
30643987,1,0.6957265206860219
36062041,8,0.6043639203640347
24846671,6,0.5598878671840883
20228227,10,0.4808578929123454
30573618,6,0.33000523626172196
18383970,3,0.7601176904286383
15878012,3,0.3587591654166759
35769095,7,0.36810789573286723
36428505,8,0.564961992124082
5050110,7,0.23732157594302364
6838130,8,0.5966201327460424
28838129,4,0.9360373536512411
24041885,0,0.6071809828748335
30645276,4,0.708558595010511
30941350,5,0.5573328742025427
21526351,7,0.47518090043835964
21551154,4,0.39939041473160974
15037690,8,0.2537894676023493
33537917,1,0.5469896039333257
21440816,6,0.4251243769667241
36287701,0,0.4426442128788354
15417415,6,0.45900155116933683
19485728,3,0.49689128928571463
39453015,3,0.3072872996153316
33381807,3,0.502420057680111
4341746,6,0.287025728165338
39936200,10,0.5472339048071331
23751870,7,0.5083937154435517
35215754,3,0.7543050230037824
32106500,3,0.4744424474527682
17393343,4,0.25278694898263016
2083353,9,0.5931334459662593
35839043,3,0.618606515082782
26375381,9,0.4606066169384176
23163508,4,0.6012227661583375
34366763,9,0.8543580381963756
18908204,4,0.6163703256017126
15055029,11,0.39205351931704674
31152301,1,0.8160188032328582
33879279,6,0.430024254314307
30628442,9,0.7338387719091908
36572960,4,0.8809131663453903
33302984,6,0.6089615094548271
19514353,10,0.5961651454437296
8069859,11,0.5938937113017653
5395853,6,0.499355353313858
23634356,7,0.5883725885683592
28507637,11,0.42848893797684107
19060144,5,0.7836505875310638
26388226,9,0.647885220892104
17583247,11,0.4250694316643846
39792591,6,0.742172472704821
20063844,11,0.5383072541199974
26618333,4,0.2863327252936762
30752198,6,0.6036597855274379
13416294,8,0.708754062514747
34417154,2,0.23416161035592983
26752020,7,0.7250639019809979
2753022,8,0.3762842654093315
29359564,5,0.35749857006500096
17473938,10,0.43909818724749244
8409306,7,0.3429609377855014
1325518,1,0.26187460730422574
17768515,7,0.6813300205976935
30224991,7,0.6136666442216961
35993647,7,0.6439343013680741
24088825,2,0.3265848069234604
21223898,5,0.4133690811011818
33683184,6,0.582126959834031
20316299,9,0.668524033851805
15154658,5,0.2207325940032366
33136727,9,0.3559178409794237
29290277,9,0.5819344078276412
10709144,6,0.6423877112272989
31303026,0,0.8819515808853637
25332555,6,0.6649630427841126
24285325,0,0.4300893916551755
29372643,5,0.6022694494494034
30614996,8,0.4307617057299354
15484443,9,0.44482698434038287
29378090,7,0.3927249472267408
6716934,6,0.45317252900965915
18281767,9,0.23437739993142745
31836211,0,0.6978667139359199
29487282,8,0.29860440697655233
14400993,6,0.4483674770334322
20910616,6,0.5701347119363617
18047232,9,0.4702215564851242
34178840,10,0.3455253247412808
13649316,3,0.856603682857774
33068690,9,0.39214142982544625
24646139,4,0.5876680680008189
30070358,3,0.6236949705453244
14855014,6,0.3568093787466167
40060461,0,0.31003866109305067
34839146,7,0.2665747092445659
3852190,7,0.33231771508226043
27439431,8,0.4530293126869741
39131559,9,0.2773302292598006
15623738,7,0.4021558700974017
17625431,11,0.5241973042524363
5312487,7,0.834796417595479
11360744,10,0.4481794453078583
7380629,0,0.624578501114578
38786936,4,0.5201786826890931
18749121,8,0.31933135708896787
35388647,2,0.3451587054956165
7138076,6,0.5870199811546835
3194018,6,0.5653313148274972
21714285,6,0.2916213561804654
37859823,1,0.40197045620396465
38040946,0,0.8294869753441758
21474964,5,0.48982068104074183
32578083,6,0.5338503884740423
31165588,9,0.4150117549922707
32909787,4,0.8616055206789044
24932245,1,0.48419122518862284
37608830,3,0.3713076814244259
39358958,5,0.6557282189017601
26146512,0,0.7914344242085443
22362736,0,0.9816503755745808
9071438,2,0.7641754113015647
36530293,4,0.6877281417524203
22165610,8,0.3536017060806192
1585439,7,0.29007437591260615
19336385,9,0.5938439469811516
14194997,0,0.3981324487802799
5094351,8,0.5433355463683098
39785543,9,0.467023036917634
30450646,7,0.4982360212911175
36233330,0,0.7328129696215134
30419488,7,0.21770383025350357
17147446,3,0.2150301205376279
22854904,11,0.38675656714754575
30852243,7,0.32140217540564964
27180336,9,0.4456687826918803
1397799,11,0.30016873103098
21212287,8,0.25164600334323467
31032509,8,0.4087925141093129
27029725,8,0.5115134947036546
26823026,8,0.48458427839146173
25598942,0,0.9996221266578366
37808567,9,0.5065205285590413
39804652,6,0.66729550269128
2450593,2,0.23863063031821113
22730956,9,0.3788954798151583
29615870,1,0.3829556332134593
23180879,3,0.8684586356135741
27638005,9,0.48614072562555394
26047801,9,0.8220762941268337
636485,6,0.6260764245513906
21573941,5,0.4383389563207567
9882447,1,0.4457693880432699
31134191,7,0.6711639210923951
18476715,2,0.7928536487274711
37316356,6,0.9152503097525587
10251391,6,0.32914957112992305
39296927,6,0.23597367178804127
22885022,9,0.9280541074092004
27380644,0,0.9154066803480204
2522255,6,0.7647431678187889
19827792,5,0.9234410252418127
18354534,7,0.40800099893067693
16034940,3,0.6478792588570179
36412006,5,0.6538737066590603
35978211,8,0.318527689730185
36365026,6,0.7023159146519214
27456890,8,0.7838246841366412
39128380,6,0.43481675268937175
2799491,5,0.6226388616080532
11159289,6,0.2911942449137799
33534879,8,0.2329106974449004
31424202,4,0.36333365034226334
39784326,9,0.6337193258641222
2358896,6,0.42810821472494315
13956055,6,0.4562316763158904
4065061,1,0.399432539120949
21571693,7,0.8244949131914076
19611387,2,0.535801140226009
30854465,6,0.38982655258400584
39318232,5,0.9999999999891618
23395065,2,0.4523937480820125
15401526,9,0.5730521595251125
17455302,1,0.3573141674777254
33856436,5,0.7683569764068054
14371331,5,0.501258016984216
32792263,4,0.7559574837964836
27184015,7,0.8616368736001603
30605890,8,0.3508762341914692
36114619,4,0.8791878075589946
24417149,8,0.5820972518933593
3441358,0,0.265087025291136
22501006,9,0.9102837406537275
39529655,6,0.5893971130675898
6087388,6,0.39443764231913686
33099588,10,0.27231739791675896
27368950,4,0.41225555284271137
37058388,8,0.5777246440399255
29105310,7,0.6182708754701056
15889335,10,0.5678233472845571
24290219,2,0.8586608509625007
2951123,11,0.3732035061545589
31947756,8,0.4171971316467136
3183617,6,0.6093086520064055
39832861,3,0.30441341817402345
39127388,0,0.4485216746706348
37454785,9,0.461614275735189
23790415,4,0.9530134971287705
8707457,10,0.5496531267691859
39975898,5,0.6480197968954263
36526789,6,0.3749199496040822
19138609,11,0.3764967288007104
35276340,9,0.9728874081538065
31841151,6,0.524212818199681
21339448,5,0.24933850959934706
3964926,9,0.6416906030833481
36462828,4,0.7598139212932953
12234998,6,0.45186500939160945
33321207,9,0.8111693672923426
34532993,0,0.3826851601072094
29357442,5,0.5240151400562385
29934246,5,0.3714137884105127
37205243,9,0.5617935460796324
12719205,0,0.3988779437923781
39335766,0,0.8895387176784517
15304308,10,0.3451746065466561
17844405,6,0.41508379891860464
37512271,4,0.9918272235761464
2808832,9,0.7339336366736958
40118041,10,0.4514952740285564
18622798,9,0.444985981434949
36826156,9,0.9999999999902901
37397867,3,0.6973276924913058
30953104,7,0.5118512384540872
25080418,8,0.3170783150386927
27577590,3,0.29699992820924703
28006960,6,0.40547932919951957
31325707,7,0.3274367510133766
17824607,9,0.3521753042392955
35964324,7,0.30138842727277343
34062266,11,0.7194621739364327
10943589,11,0.4065416052951244
8646293,0,0.878800731335882
33103014,9,0.5087653881641919
39047695,7,0.4232836726902327
25798843,5,0.7505794798269295
29450567,9,0.43310827284616293
20394667,7,0.367847093123658
34849328,11,0.5818857648368174
37531032,9,0.3633665766096903
25483349,6,0.30299693257305904
11802436,0,0.9061098040433992
33977673,4,0.6377603218418044
39666392,5,0.46428535294413065
5297937,6,0.4786752284816902
28522106,6,0.35326286222253067
31943169,5,0.7704951095087718
22426374,3,0.7001585161085185
18570619,9,0.286038822313995
24842305,8,0.3741072162871066
15340781,5,0.7669207052978542
25282661,6,0.7557421451448462
39906837,3,0.7863360577760449
27063289,9,0.8413993819094785
8783307,8,0.3168974626756699
24142119,8,0.3545685125517557
38517765,8,0.32434086409640595
28701256,7,0.3511787306534309
34411061,4,0.3400835231399039
16344974,2,0.8724615422346677
27695892,7,0.25412027447483493
27895503,4,0.7915926280040951
10590840,6,0.6181602765547461
13752070,6,0.7173759825747821
39514004,6,0.5102797348541234
31623005,10,0.8604605901853059
32922239,2,0.9602715373114483
12680006,5,0.6744841527556166
16892486,8,0.31581556631652635
38659842,9,0.6529351762137583
31003968,6,0.2301234169963219
21607025,4,0.5454672512618602
37235310,8,0.45880572489331467
3918700,11,0.46523761437572636
9433573,3,0.7723429633786529
39378363,5,0.43099218872223444
38626017,11,0.5721789750357804
38021656,4,0.5799238331625276
32731140,7,0.20149430413185243
1265665,9,0.42079816616131177
36002457,9,0.7392169212449218
32386268,4,0.8792335756449844
33777703,9,0.8782243112659205
20394613,6,0.6204705034207374
5000752,9,0.3230984634960198
28514801,8,0.6138072189358592
25360700,9,0.3848703582271724
4621938,9,0.3794285816532583
29214770,4,0.4745451790546633
35380641,10,0.6372112375440815
25005616,7,0.6042674439268387
2017261,3,0.5318251153338346
6402753,8,0.6299312417032185
39209863,3,0.5932839506533469
29333020,7,0.43615177493280893
6080477,8,0.5679149845165145
32030387,11,0.3767876937984282
25962692,2,0.6490388061046559
5543920,6,0.4958467172279207
34567764,9,0.479249710886104
36292959,4,0.8268513271061181
18172257,9,0.5641387581905226
20503373,6,0.47093876762732684
8762339,5,0.6721939320070893
13781519,0,0.5608854027300928
24920350,0,0.4668423183051944
30832536,7,0.9022941995410443
2143291,3,0.6282260859087174
18935877,6,0.6398835956557052
21020644,3,0.25945360456872885
37195921,5,0.3700772968690004
5268850,5,0.3647878141030701
38005555,10,0.32702084914053614
7551268,0,0.4303712572732858
21001041,4,0.7926472158989465
20278109,5,0.35149105312414186
36461324,6,0.46011832265211194
40049371,3,0.24984574010817934
12335358,9,0.4083375286821837
17792712,9,0.3270270526948508
35647421,2,0.49746780833180426
38234003,4,0.7673339010115976
38068669,9,0.48660814844146905
32723061,8,0.44568573992846977
7096138,8,0.6611841805039942
30554687,9,0.22423428472651108
35532844,4,0.481987084235926
39289050,9,0.3240618017943765
21976024,6,0.32695451628804506
27434855,3,0.6411491439787651
30488061,3,0.5554204016264065
10650016,6,0.5304427388774715
35811031,3,0.3767713166899032
12186994,6,0.5143922158130302
2651874,6,0.9647355319891519
28788166,0,0.48900551910277607
28013170,0,0.33507985690843156
12301800,7,0.5579253604875882
27767672,9,0.49128583103410595
16446443,5,0.5727185427038064
26326474,9,0.8258228769531153
2462725,1,0.4702989012516199
32428836,9,0.5021749166586212
37784414,9,0.29104105014411413
19434302,10,0.7514664504300622
38318340,9,0.9730793681292077
35323072,1,0.5652344255305974
4371744,9,0.7750657233704873
4685253,9,0.4059574731548347
25589135,8,0.3400837480316411
24863787,3,0.6799179836218948
11241523,9,0.5753933558161837
25896629,6,0.36901127649126836
27531563,3,0.5754206273702415
32799541,4,0.40855484925172064
37195717,6,0.7373818670935205
26904007,11,0.462297367365653
34481448,6,0.44084629827157873
38394751,9,0.9999999999913167
12163967,8,0.34670696677063423
19646042,7,0.4368098130359993
32896387,8,0.4877522608059512
28254733,6,0.5252794810342186
39231282,5,0.7080199733941008
27744210,7,0.3566707838385422
15166212,3,0.6847098320572612
22158871,6,0.27826593307289166
22598816,9,0.6458059924915194
19718146,6,0.7953673025652679
28405010,7,0.24694067326360947
1682567,0,0.5595638980583758
19491295,9,0.5199124395120799
27911306,6,0.9665999000613299
16467844,6,0.7131679642625043
8960676,0,0.5890631719601859
37287299,6,0.28961077491160625
14985133,3,0.3629727993175347
8177402,1,0.8273929286209127
34955318,4,0.4193769087950438
95642,6,0.363703083638079
33366221,8,0.3553600352444785
22000086,5,0.4306302567183022
34188248,5,0.5354883075922352
29994589,7,0.5409171952095614
35156353,3,0.4354781184445933
21490504,0,0.8355806198180016
35830675,9,0.3026587274191501
39433191,0,0.5667968029824946
27607366,3,0.4563150397725668
5878830,2,0.42937697757621046
28289978,6,0.6965035617414533
25675640,3,0.7013452997820417
35853661,0,0.4866643176120343
13636458,6,0.6482961681168178
3428014,5,0.7423964495701774
28014735,5,0.5923484447251014
31400769,5,0.9085447814538823
16248104,9,0.6911215440598865
25064353,6,0.42623799448387467
37400078,3,0.3459112002182688
32585153,11,0.27752465733580994
33463635,4,0.7171261488753323
21486261,10,0.6410486801553295
10279778,5,0.8691997662347642
33465118,6,0.42221318456673157
31373019,7,0.8521575204526424
37389174,6,0.5871939939234411
37266065,6,0.28493049301070905
35782251,5,0.6743960473907531
31117393,3,0.5306589900063059
18700661,6,0.6539584478623784
20845835,2,0.32899695617326785
37132810,4,0.3208907323489846
38687134,6,0.8582438249298385
18024962,6,0.6664004471423893
11559062,9,0.5256032287298946
35172692,8,0.4152959940510143
12598988,0,0.6508819813290774
20810705,0,0.4813870890864065
25828492,7,0.45037020324770094
11412132,9,0.4941215764252457
27489463,6,0.9186232587805635
22348229,10,0.46669868301205086
9480419,9,0.4870898386971721
22550304,9,0.3482305670184615
38153772,2,0.847513370501288
38793579,6,0.46324580442544167
5787471,8,0.44354854611035577
18572601,0,0.4330895756590767
23633605,3,0.6572241510720433
32032426,6,0.5198146708068484
23424515,1,0.6061284436792886
34262734,7,0.2857712134692995
38068880,9,0.25834043370198845
36598728,8,0.590904110414753
24792499,4,0.3474170020275159
15395610,6,0.46665866454709903
34094468,0,0.2934427328310456
18998568,7,0.5904053073196477
1332853,6,0.8247129917543888
38174216,11,0.49392074615009185
16124630,6,0.6040793346497542
28075472,2,0.512770237382873
34124388,5,0.8665790193011089
7173872,6,0.8395822925272899
39087245,0,0.9999999999791394
8015867,0,0.5550142528297642
26476218,0,0.8741133715432046
12188648,9,0.39705840619577193
7361078,9,0.6090394158868817
18467244,6,0.29850798614320223
3034014,0,0.774400612079214
2467013,3,0.4107992171077252
7727087,4,0.3086517959608948
13092807,5,0.557577177874127
38019688,2,0.3149744910036749
38256369,4,0.5694340133365038
19524383,5,0.5584144987133315
9886150,6,0.29285777333409835
19625101,8,0.5945710506328145
28778340,0,0.5401676885520696
16474522,9,0.2727724523115913
564460,6,0.6245370306008916
28661207,6,0.5845416806291845
38410777,6,0.7148938816769306
35606088,10,0.49832603636678857
18238610,8,0.37198508527733243
38188359,8,0.3286244742112638
31487034,9,0.7383577160535502
35259305,3,0.5045476192940281
36339679,4,0.8288205604925497
2036392,9,0.3022214882002061
13658806,4,0.27329407463283945
36944089,1,0.612383629582114
36421919,9,0.41395453733806514
22561458,0,0.7552156278228667
20382946,7,0.698197192906279
34682174,0,0.4956279911324898
34262083,7,0.29558781982752785
37206015,11,0.447508277248405
21535376,6,0.9381770560658985
30069564,6,0.4242872346629226
28532913,6,0.7656707157454692
31117431,6,0.5688855316558596
15059007,3,0.5063472828837445
21346725,3,0.6414866340612638
33745936,4,0.4924573134547269
35922844,1,0.3546069081198914
23460652,9,0.31617806505743645
21767552,6,0.4085650130255035
37400738,8,0.5831642580665467
32417242,9,0.6195725271351186
19365513,4,0.9176469755852891
22674922,6,0.3996925374698167
2956904,6,0.4868182736329345
31223529,11,0.6076330291769814
38066515,6,0.44581244607316467
18298044,6,0.3925554179928316
20503183,1,0.4306008776588364
4002015,8,0.4218153247285242
37351418,9,0.3508734882231885
22371375,0,0.5064813848917242
36854067,0,0.6141680031821564
6713430,6,0.4487848557653023
20730950,0,0.9334904522703444
21865900,11,0.2814339450513071
35184151,5,0.5757812264928929
1800508,11,0.36969164377713415
19351045,7,0.27701013827660054
15819362,9,0.5894592450141497
37845617,4,0.5351318482263172
38256609,3,0.8214564611481692
33543259,3,0.6262666322932806
5886987,9,0.6867518270245783
36530007,9,0.5867423218382375
31291611,2,0.8047944783768713
3830530,0,0.3812959196589554
10860685,0,0.2778125390396316
32217017,8,0.4270225698170338
24079645,11,0.8906530488700214
3134245,6,0.3251040373029782
25989806,10,0.3366948515328423
35978815,7,0.40898073222405495
39905256,6,0.380538923793557
32539645,6,0.4245107352474357
14104713,0,0.5310035225024304
15101740,6,0.4890374040299984
30903522,5,0.5324268047701862
15841910,3,0.47693826665269945
28855928,5,0.5523589866456002
39709197,0,0.9999999999767858
15855168,6,0.5824790522991158
2610421,6,0.4711785065877771
22232932,9,0.34350693674384225
37051574,11,0.7532720336286624
26123416,7,0.4364513258770024
32171448,9,0.3503238567796449
31266687,8,0.25467357581890265
25494668,5,0.766445050321733
30482517,6,0.3512238307703267
20555610,3,0.36879994544121236
3173320,6,0.2574623617937849
22309315,0,0.9999999999798996
19502503,8,0.5004800614012691
13333348,9,0.8146587049786368
29640517,8,0.7085126034910675
20715978,7,0.2890372702050752
25832568,1,0.514520757319479
39627787,5,0.5925693084863622
39875057,11,0.6292580872593091
30743314,8,0.45036800992866965
37253657,9,0.39059053788863346
22199099,0,0.9999999999813337
10113270,1,0.652300431153417
6791159,5,0.6711374976298253
3892218,9,0.5911717119466596
28064747,0,0.7215940048009956
30272591,9,0.5802649143340746
17452065,9,0.4602134067035491
36087488,6,0.7341059646401044
29462260,0,0.25828808025066624
1030070,9,0.4351681326662749
33698318,1,0.5524440797150287
14059969,11,0.40342141312293667
27517940,10,0.591137399715721
10312204,6,0.45133481792152236
33445750,6,0.8238925972923411
36289418,7,0.4333220519794097
9685423,0,0.5070892629351071
9810116,7,0.35292077910678715
21992176,7,0.3380283171138367
16698811,5,0.3813709220943367
24843768,8,0.3979445466718528
30790193,5,0.9825604961460679
9519036,6,0.3885684900159798
37730843,4,0.5071260902766865
27080942,7,0.4374110577979105
25762760,1,0.5484521881949895
34231018,11,0.3908268888139241
26688775,1,0.5029341612042417
38925115,7,0.5902486507961597
35000251,5,0.889960269711358
9135447,8,0.43415122860789257
37745600,1,0.6970013760913013
4792847,6,0.6295008548854233
30154647,6,0.8871513619945116
11282134,11,0.7734491067876842
20932810,7,0.38047106619548
26896722,11,0.3845585136864135
30024243,8,0.590553365728106
26005126,6,0.4934475284295608
35374333,10,0.384213281680268
25101489,8,0.5859804158057303
33945863,9,0.8137831765251414
30636199,11,0.7886352377369688
30724071,0,0.793662788193598
26101633,9,0.5695485612523341
15053160,9,0.8476713410699386
29579912,1,0.4028551100689391
11859234,8,0.6212137923582126
11336056,0,0.4597132945592867
29800675,6,0.27788704976054585
25232022,6,0.40245431637763185
10524871,6,0.3943595830249637
37265278,9,0.6541553658274427
29100380,4,0.5530041150284879
22332571,6,0.4548762931050313
18695533,5,0.7570073232758944
23867136,11,0.6793568752572642
39238847,2,0.25645465198160217
36285654,7,0.38269066953976155
36941954,7,0.49295241625559116
28444511,4,0.9751855392247338
33904713,6,0.3908002070152307
22348756,5,0.6597496571080921
32470568,8,0.43746659820978495
36335968,5,0.6972447665631013
4817200,6,0.5309851298216344
40126979,4,0.3230103741742598
7688182,10,0.4673117202522272
9549084,9,0.344855992709989
22846719,3,0.35560078064103734
10825734,7,0.429811414232704
12316575,11,0.5866711674205386
10554699,6,0.5311995181359226
21301684,6,0.5395968012478944
30633143,3,0.44263591168675215
26923752,6,0.2781792940842811
17135275,7,0.5999878121442481
6687660,6,0.4643924937101756
20749730,0,0.43610595650844164
40136945,9,0.3035659988552203
3772495,2,0.5291865669981348
38876721,6,0.3344314087599729
36627868,0,0.7889780167079479
23358240,0,0.18513012306397889
2204252,6,0.48757965225341743
6199657,9,0.5528693901935322
18429547,9,0.6299776881837881
28269123,9,0.40765255468878886
36315309,3,0.3310318686154459
38557760,11,0.31775352334037077
40024294,4,0.5476597821324151
24611217,9,0.2978176396785523
4422389,7,0.5777432549049498
24877905,7,0.4553038573282841
26402614,11,0.4928771685355501
35069283,6,0.5553794328333875
9172263,6,0.3285774327364439
14557597,8,0.30121077239542876
34517331,6,0.344742646615922
6722162,3,0.7769685870184752
39471954,5,0.7876994274310424
32531150,5,0.3030162104409558
23513209,8,0.5325650115013166
33470771,8,0.4665659015916158
19914293,11,0.5078908552344601
35637516,6,0.5997998708870257
32638677,11,0.4421564963130892
35747769,6,0.33942902661848395
33832184,8,0.8863525654033931
28049092,5,0.5484035237073971
22438579,2,0.22691471116312684
2712514,6,0.7506437168197628
28422819,5,0.5881185575803171
18751945,6,0.595554255973205
35634193,11,0.734734069221104
22166414,9,0.3759203308767941
35388467,8,0.3450159862003501
14554178,0,0.4795903850259767
11561258,1,0.6425855777978048
22947689,1,0.3585023282302915
29595508,4,0.8722759884943448
27882920,9,0.43453683387447545
32076636,8,0.39974760267734466
38999713,3,0.4750945196640278
24266273,3,0.6693767233139805
18155972,5,0.7204969066143415
14562112,9,0.6503968395460262
38884644,5,0.8429568328620531
21322568,9,0.5046962014475381
29042949,8,0.36121780872021947
28857520,1,0.3158298707259432
17232246,10,0.5585393314972322
34865765,5,0.6946398676560632
862173,7,0.43511295759378554
35423750,9,0.5504468229207684
32273587,9,0.4958290956403511
20395691,2,0.866622782833482
28311358,1,0.42678784625525656
15603755,7,0.3671563442824594
36074091,2,0.6831053237873339
3839426,10,0.6699167285772571
39409170,7,0.34111730337164187
23122362,3,0.3390952762659711
3936957,0,0.4194652831384089
17241211,0,0.5031811337750207
17936384,1,0.4639816263009609
11106483,3,0.651752647581073
21028819,4,0.7597250096116961
10758668,5,0.3001938905347494
21404885,6,0.5531973223398707
33728792,6,0.7110892314644073
15798209,4,0.7586857507430934
25289887,6,0.6573105101191874
15419912,6,0.47915250037438034
37426055,1,0.6867039431111174
3292752,3,0.23168574742247905
32335210,7,0.31278187757776593
16072548,7,0.34856294702610363
35575055,6,0.5620626301535131
18409760,6,0.365530327587946
18196811,4,0.7359256183392189
25095920,9,0.5134962140845386
32938494,5,0.3123624063934194
32724828,8,0.2920107395770589
3345530,8,0.5502479663189628
5470985,6,0.21515601089780115
14947165,8,0.3132956836971437
13752988,5,0.3949817093420554
29452228,8,0.30982839569140186
36678063,6,0.3852518313261253
7963316,6,0.5373798233647635
10894532,10,0.23952495855885425
32751193,3,0.6055953593943046
23834390,6,0.3411471151039398
30669337,1,0.4689223567637898
11842490,7,0.8539395256499269
38363640,6,0.24185605434344273
29908066,10,0.5173145806503693
29172029,6,0.7213250479223176
39885520,9,0.5955061833179314
34930745,0,0.39193406895197724
16779648,8,0.456423361910447
36130820,9,0.5821161582447296
23172293,0,0.5110108731797577
38892192,0,0.4730548052392517
37598507,2,0.49959426806074037
26061814,6,0.4032316250357066
9084455,11,0.4002038577933062
12366607,5,0.6671618066917141
14804908,9,0.887024162230637
37946458,6,0.21512925331209068
38400732,5,0.42760516346543626
1916009,6,0.2712026982154227
7990235,0,0.5797243265294737
33334606,7,0.7756460281169967
21127880,7,0.5087947152539029
38600173,6,0.8644471363720692
8945370,8,0.6890456446049789
26216773,7,0.6026510002434919
36607540,11,0.35535685488064495
28692542,8,0.3039220308702733
21338635,2,0.8901178833236593
33767122,5,0.3505449636574084
17156911,7,0.20952632554534506
32929725,5,0.5427718542688618
2920793,8,0.3850505504446987
7046842,3,0.4101403334387979
33017452,4,0.695581516152215
35125752,6,0.7123295060840598
19643993,3,0.6600141639978895
13246694,1,0.575612850779951
35546994,9,0.8750025118885816
31364140,9,0.38923636874601586
38387733,7,0.6441946197860612
16086821,3,0.46822052648802304
8472282,6,0.4859758003096081
28801216,7,0.44011888813321726
13057742,7,0.3358120093839732
12884638,11,0.5802732603238882
11550435,5,0.3957110222865642
30155345,6,0.32225479454841693
31774230,3,0.5119938829951398
12783422,0,0.2693490744901282
37228319,9,0.48218358813488477
34531416,4,0.6973888929086671
37217773,3,0.6197563283345837
28847824,8,0.40442165411993203
9343180,7,0.7015025613141506
20936693,1,0.38951135495147554
29368331,3,0.6557046618459038
10394659,5,0.4332840231102742
36713290,6,0.8416147940312861
26019085,9,0.2434322776657497
33742583,1,0.5892984303778356
37667046,6,0.2972432816887036
39982981,6,0.7734522719333231
32471390,9,0.7271262333593388
7919544,0,0.3746171402477584
34116081,0,0.7509949482509782
26842899,1,0.5578253896186024
33843812,10,0.3507644738320958
39357863,8,0.7496632209635423
35630305,10,0.4637358449616425
36972714,9,0.45406375854644176
24897906,7,0.5824367113216361
39186169,3,0.40245304128496356
35950231,1,0.33933003986975174
32725922,8,0.3642452011803343
9685068,4,0.3707340557349723
30726029,0,0.5447883358047458
38643131,8,0.324407924000745
22338927,10,0.4326381485616279
11483509,0,0.31173581013677587
38943625,8,0.5668401006913246
24337416,1,0.6871004678034767
8030721,9,0.46018011224184535
12764463,11,0.39673682813106004
18512981,0,0.48920069471571204
32509815,2,0.8702711632150648
39701507,11,0.4598801793842477
27568663,2,0.31972033012784107
16613751,8,0.503432884218665
33765191,9,0.4835003106976663
27194933,8,0.5033794435421712
36095910,6,0.942450002074889
30255112,8,0.415736913334254
37538116,0,0.6652454069852455
39391007,9,0.5267449784997251
30248469,6,0.45526246403938525
14941097,4,0.7500688527183974
7592592,0,0.8325910086257787
11267446,10,0.7700482667922702
35090103,7,0.7299645394180403
10640759,5,0.7243207581905836
27311199,11,0.571538090679656
27025389,7,0.4190193962587184
22499057,7,0.5249936782099357
20843135,9,0.39700260150260813
27055218,11,0.3130776003847842
9433283,0,0.8439290333288899
34479794,5,0.7665282054246183
21448794,9,0.48086733717847124
14816700,6,0.48755097793727653
5251066,10,0.283366769601242
27027247,0,0.3542361992807187
34793998,6,0.5424706769225306
5559349,0,0.7279056413356014
32296887,9,0.5437314850854799
10184048,3,0.7482109628498468
39865329,7,0.9691216988305787
16039940,7,0.26442709978297163
32104462,3,0.5390896921317013
37866575,8,0.6432779830669797
32266039,9,0.39839362303012726
36894986,0,0.6272622903992264
17680544,7,0.5783493072214362
17429159,2,0.4078855579788426
9738518,6,0.33106132127280125
7527413,11,0.4257101860499125
34687313,6,0.29804096670066776
22150395,6,0.8620085274845469
27872058,9,0.9736623495545645
9381612,7,0.3721477382984417
16733109,7,0.4205156490917003
39372340,5,0.37687398579569065
34976515,8,0.7079175879883018
39073067,7,0.583864200206754
18755466,1,0.5872288946831685
12402982,0,0.3521697493762871
27019740,7,0.27521698286923674
29062616,8,0.2525547328213646
34401121,9,0.2223424168008823
31606420,7,0.4273198984818132
3625897,3,0.4506522863336163
36535673,5,0.6719407707374961
20726367,7,0.5180336917401077
28004974,9,0.5201179451716926
14789930,9,0.5740615413952161
35215095,7,0.4807700793909069
27129880,11,0.5430460505502439
652291,0,0.8263631750520789
21472772,6,0.3392189031555531
1609775,11,0.5258296998648482
15980548,9,0.3742603534304083
18066269,0,0.4282886554976644
12250475,4,0.6278845283391319
38025003,8,0.26049553184507895
9781944,6,0.5967534756999296
38647250,4,0.3279496087630914
39478853,4,0.6770488622273559
28810066,7,0.7037105979174388
3525952,9,0.49218343068087944
22894897,2,0.7756944503470187
16010992,6,0.5599510054339982
19694920,11,0.46168980211104677
23999524,5,0.8724527488882513
28192838,7,0.3642052256358696
31893638,8,0.7025116110828024
23142719,3,0.42233710629160215
22234190,8,0.5894665026215228
16515314,11,0.2592863317469269
32521007,11,0.6907733874951006
36573019,9,0.3400784896152804
18753091,3,0.6554455501330437
19413332,3,0.49411693397445283
26658130,11,0.5930279559108761
21954603,5,0.2706748437493958
36662181,9,0.30139289316581236
23684323,6,0.4104235574697269
34261244,0,0.5763056107212683
18108462,3,0.7627702162941559
27925447,4,0.7627805241426074
35070840,6,0.6304611340614573
38754163,4,0.46705304039156365
24638507,9,0.5385587369950804
30116105,7,0.5946312799993658
7698217,10,0.3641741642521431
10964721,10,0.618593300046911
18612741,10,0.44443643878980327
36344853,5,0.7682175845063175
30677413,6,0.440649209963214
9950939,0,0.516904999492242
34622353,6,0.31120109538599783
36255642,10,0.8083481018021275
29489892,4,0.6200604543491974
36701711,9,0.5806049533008752
34822373,9,0.5984693264789349
5162130,9,0.5745524164910566
37284158,0,0.681831909322497
990016,3,0.442674467315628
2770810,2,0.6255825091713558
39962277,9,0.4915958268945057
34659109,9,0.8403030638267653
16203874,9,0.467306099457051
22633139,8,0.22830015766598707
19436365,4,0.9828103453202787
18164415,0,0.2994442374060688
5744977,6,0.6944993369905197
35048921,6,0.37299145303264447
18967518,9,0.7131442131208938
6931880,6,0.34964733030599504
28816496,3,0.8301513783052926
16534246,6,0.3790325090971948
12698843,6,0.3989172470049303
12876172,1,0.5937357821971111
35990541,6,0.2910823225011996
29248280,4,0.7308383267104437
23925766,0,0.4910010261058504
16455636,7,0.3161322898577295
4965342,0,0.34185957176577747
11853725,2,0.2430156548235079
33203620,4,0.3025715501881834
18807743,9,0.8221569953649461
17427565,3,0.6191610764291463
30965974,2,0.8540948263196586
22447572,6,0.8247746431404271
24354311,7,0.2712291802233273
35686058,9,0.7192104330690003
18172653,5,0.554827867536492
27581683,9,0.5216745021015788
16800375,2,0.9820582643009176
11162798,9,0.3824445342100311
33399106,9,0.3627014315911723
12357043,11,0.5954361993178805
3848829,9,0.39489238920497866
20561778,7,0.49255154293489595
30068995,7,0.20303590621919684
27128688,5,0.39753472385618227
4907924,2,0.6767861536738929
37307421,5,0.4099974563749283
912526,0,0.3702162202893026
9520873,6,0.8111331929138904
31017823,1,0.4428193563020371
27769722,9,0.6932076674921125
39604672,6,0.400940101738803
36634602,1,0.6951037760328685
38615761,10,0.652740145634599
27542447,9,0.4910534145045471
38284177,9,0.6960736801987321
15796734,3,0.6792572166535672
25792989,9,0.64941006988552
34107339,7,0.47148357572660377
29837876,5,0.5844973172678816
34571623,5,0.8139968054120233
27731380,0,0.8101631679423419
7629403,6,0.35736356048833107
11911164,6,0.27509363257769315
35015828,3,0.5060465111425355
40136283,8,0.6691863817626087
27378883,8,0.3596917114975267
12151306,9,0.4130141525426742
39275552,5,0.6529802519769345
24486995,6,0.33280191445570123
26436961,7,0.289488584985336
32996230,8,0.410016111611836
35101297,3,0.3021311397837817
26788807,7,0.31996504405758974
36959262,5,0.3015899921045829
32191030,6,0.3439527515520718
6860294,7,0.3776345187723566
4239346,0,0.4141596506767096
7940441,9,0.4481341614839539
19339341,6,0.48383524444853393
11043282,6,0.4393192033845857
25195426,9,0.27550988113015773
19935408,8,0.4203798301935236
31118164,6,0.6121563085642324
10158684,1,0.5523681334971634
32724914,6,0.4128931152967498
34348307,11,0.7649077378019679
11563100,10,0.36978392273302463
36520561,9,0.9937074392457446
39559384,7,0.4239783679693485
39277477,3,0.4605710530468603
35485362,8,0.7733750630142692
3098337,4,0.276010305898917
36779023,4,0.7346901568371277
36076679,8,0.3149404044056359
7114866,6,0.4879437305887482
33635081,10,0.4047784395826789
11892084,4,0.3437298340929757
13050225,10,0.28844759434296074
2362729,11,0.4318201492804461
1145334,11,0.7667606837878599
36399357,10,0.6745280733721181
39129223,8,0.49101381026402835
36649295,3,0.5515033062090142
31073119,1,0.3045519489555345
25293954,3,0.3112653873971797
31555116,7,0.43324802472393026
3271478,0,0.9199878400827262
27951419,9,0.4076355067444603
24417401,11,0.45371168749138857
12571073,6,0.3966645661937341
32957525,0,0.44910009927548444
29881965,10,0.7554518736682501
6864106,8,0.49831261251684356
37890972,11,0.41086033650975645
19151516,5,0.7348648566339708
26061610,1,0.5162254225939252
27815008,9,0.19949738673546166
19613716,8,0.6156058422922632
33017847,6,0.549549415520207
33323661,5,0.3609517432649301
26961052,11,0.5395169898087278
15041834,0,0.5816988304998693
38724411,3,0.26845138355441894
39674681,9,0.2530685634956952
13334044,3,0.6970757902160435
34931486,9,0.47655335150862504
17507325,11,0.9355022603770822
15411252,9,0.7726343507657722
1635827,9,0.46831452905757887
4035195,2,0.4284426980551951
1903209,6,0.5055700388651978
35434092,4,0.7924909460329796
29033245,5,0.7270021673835027
36696404,6,0.24985663003634145
13480031,0,0.5106548513173088
26783719,5,0.622461226173828
85577,6,0.71285556252829
35418410,5,0.28865249613696053
37683026,7,0.5966455873943365
15153900,9,0.3145460037080443
16093247,3,0.8116347798524027
38458115,4,0.6132784441033464
14900546,11,0.675504859240591
3823659,6,0.6652499451472657
27477970,9,0.6975835256651873
33050788,9,0.43712983024466145
36338693,5,0.5701709627809383
10368281,8,0.3780632101861414
15965309,0,0.3186293647160506
36129386,9,0.246816073567497
12738781,9,0.4703187862760772
3653717,6,0.8978242091922519
35658529,0,0.46343440358560084
925716,8,0.4077517503257472
27317564,9,0.48555743539511004
37331282,9,0.5306702081978827
20085929,0,0.39274361717628997
9059921,6,0.4481863343102276
31187407,1,0.3453184002599306
19604389,5,0.3852814559312532
34418406,3,0.5205939964882803
13412913,0,0.43205276836926915
28858204,7,0.718983657218363
37665330,4,0.6164156401370057
28310627,3,0.371432619981262
28136626,0,0.49601243108567095
20171216,5,0.9077395312908786
35524207,7,0.3799174132297626
37602106,5,0.37947303823342277
32010322,9,0.8423291647632254
32688335,9,0.3684492080491338
36556547,11,0.34622677113450834
39374599,5,0.3644960126700192
2250385,5,0.3219825563311412
38701400,4,0.7679309770588426
10861427,5,0.5355081131431477
26044977,6,0.4600538955743462
31112523,7,0.3374172371403181
27952759,0,0.6282088366322764
26800052,2,0.5591506388310797
12592916,9,0.49139718161142615
24566119,9,0.612716023976971
40121765,6,0.778831471904294
29576822,0,0.26353256957495835
39297480,6,0.4364458163315664
17131962,6,0.4252365681369365
4300979,9,0.28571539079499575
11847992,8,0.42374063726189404
39390927,0,0.22885545660681358
27713282,9,0.7662553154803488
16993486,7,0.33194829783485763
31446465,11,0.8879850358895006
27498316,4,0.9995396470930998
33656696,8,0.45861766434711443
14675732,6,0.6520946889114833
35557828,5,0.38425650151225965
21973008,6,0.28130366521776545
37626614,0,0.5820648551219978
34193862,4,0.4588289046276416
37245782,9,0.3415595735369888
39257455,6,0.37142611198422637
28171130,5,0.5185510706788083
24358715,2,0.5282415290644809
31270635,4,0.8084331091476771
7624840,6,0.6549614460190865
18130165,0,0.999999999977275
18473217,6,0.40991159488200557
9245900,2,0.6405247174744122
29034301,10,0.3407370117989343
32827419,1,0.23032789347585433
26064115,2,0.8295771013310893
5450067,5,0.6319780550619999
38381803,11,0.38920455092225625
38520210,6,0.40985372369752554
15722118,10,0.39087362902341743
30879964,3,0.5426282070310298
5891045,11,0.6801331691962819
20246702,8,0.28122404082208835
6518154,0,0.47832406198735467
39488216,6,0.20290129847048988
5356263,6,0.5327974472530373
35973820,6,0.3244401576489923
37265411,1,0.5077935323576722
5661485,6,0.5088490222503769
32789692,1,0.4303746424462179
3418339,11,0.48049596609059614
25691403,11,0.5436336137469603
19555472,0,0.49098871264582206
35453596,5,0.6346555496613436
14273049,9,0.32362841063504166
37383332,0,0.2756931468600853
39695857,7,0.21786046448357743
36406737,4,0.3587174836288016
338103,6,0.8310323992194987
19394227,11,0.2268697565585268
34137007,1,0.8059855890159533
2035599,6,0.7186297774687428
21609961,6,0.6767906213773716
14448310,0,0.4286740374361125
24316900,7,0.48974983980105424
39328197,7,0.9078706425317197
38956950,8,0.5117699675723463
23284531,9,0.3190197504171762
16879928,5,0.31870656745144227
22025675,8,0.3214531937726101
8932410,0,0.22628254434537012
12139624,7,0.22859509502968273
31861017,11,0.27886340463637954
21255525,6,0.6516746501274561
4472458,7,0.40343846290811586
32621089,8,0.5859977526124492
34257472,3,0.5932383773967093
32752250,9,0.7288445629242858
37311699,4,0.4068250308598491
21856559,6,0.4211573254080495
32138140,10,0.5443797085388856
23930695,6,0.399917228585049
38533642,7,0.6512763385470425
19991033,6,0.286490224717634
37211765,7,0.28646962266682435
26429322,4,0.2893753421517264
38462666,1,0.5782119797071715
9969406,10,0.7262943970325358
34904465,4,0.6743144761419683
30657223,0,0.4354621356585081
10827393,9,0.46595302436736047
38808248,6,0.4129632074526263
16382493,6,0.7323858182736628
11570942,5,0.4567766277563175
21575749,10,0.7560550389369322
27894738,0,0.6301932480220356
25749252,8,0.48921351714935896
16793501,7,0.5718202347188355
31714453,0,0.7682494413634261
28990440,6,0.47329504189584576
8609147,6,0.4377229890118153
20316100,6,0.6114637798510789
37659782,0,0.9851739872023839
8709453,9,0.7127861752507181
39569128,1,0.6615746938535514
33003536,0,0.8813288307716647
32894184,8,0.3567158749025574
26775558,8,0.2779328785707851
34010974,9,0.9999999999904516
18427775,8,0.3198258269103266
11433810,2,0.9588900982244108
21407985,7,0.6727969208634668
33106871,8,0.5657657859352236
16567249,0,0.3509622611330616
6359734,8,0.4760590519871434
17736731,9,0.5200862445464814
33791555,9,0.5426773152777061
30223073,1,0.3503067058613387
21445515,9,0.42909174547063883
22726498,5,0.8050248910392805
17476989,11,0.5085359314002786
25407258,9,0.42661058234171484
10549634,6,0.21264390155260057
2911867,7,0.22388995578805712
4770164,6,0.701987552131368
3254560,6,0.7021415432719911
14940338,9,0.6632508806670973
19421835,7,0.5838540277516611
38410843,6,0.4903854638088596
28073916,8,0.6575517630286092
10368371,5,0.5441865541877595
15387354,11,0.6016356784560677
31106363,3,0.6167568772465054
16351286,1,0.2926569913905856
30290028,9,0.35266953058973693
10797189,3,0.7215215829955689
17959644,6,0.5415634592919903
20229817,3,0.3175077912301502
32279887,10,0.4329516666685165
18561519,7,0.5401215768715308
2991557,8,0.32112097047493743
38656786,5,0.3494364740940247
23353887,11,0.4414517699276083
38160518,0,0.5282677848478732
36871756,10,0.5968238512869584
39156809,10,0.39922264816668673
33137165,2,0.87257868055718
33478942,10,0.22904227413679673
20669085,1,0.7926152750626236
11424808,0,0.34273914668221267
39482504,6,0.8592500620206011
18112393,0,0.9245101796910756
25862513,9,0.5315328816288177
5128807,1,0.8307413039013763
29118729,6,0.9989362053053613
19666462,11,0.7493091929901657
19621625,3,0.5621590221836288
39920252,5,0.777150331883384
17737914,7,0.9042344885720663
3408494,6,0.17533844332851847
34431833,7,0.7120918186957501
38715570,0,0.4092169778371188
39441880,11,0.29743846969705534
9154023,8,0.7222435253397425
37417765,3,0.7497402834660039
11476886,6,0.8225192998958409
38191114,9,0.9868091333613264
27516059,6,0.9999999999855791
6591890,2,0.7536710304293586
37632766,4,0.8996372049387792
24154465,6,0.21545860906613676
37516570,1,0.9375336150355327
29039434,5,0.449880362698048
30605090,4,0.3763232631027744
19377427,6,0.3458625597159563
18620199,4,0.548047790001373
21916146,0,0.7746770900456948
36401400,6,0.5250358490019896
15461511,3,0.6890419520843476
39033106,7,0.4693181140703899
36362027,3,0.4811405205295857
35296244,8,0.7253567502135182
20400671,8,0.4052902993807467
33576537,6,0.7899622132223819
1022649,5,0.23698576977803648
7109149,8,0.3495374561586671
39949841,5,0.5824602980130618
12593366,9,0.40352656135793374
37376798,2,0.5675249271050699
36279649,9,0.4621231304157391
18006023,9,0.3639193641285557
12550843,5,0.9497545434382345
8474394,8,0.5743938542834144
10411359,1,0.3135609092510981
38921364,8,0.47907063867603344
31660951,6,0.713617640017243
5331275,5,0.5194498411132554
36442023,5,0.8786432657279374
24790655,7,0.5663114885142497
36390290,3,0.46655203318116867
35319652,6,0.25969812945954035
37006187,4,0.38826992433192237
23914730,9,0.7825066810864129
27782511,8,0.4420523428386883
18793888,6,0.27881258164299794
31973169,4,0.6869857507184299
17760769,11,0.4291328512401825
24379456,5,0.5864934299309972
15075792,9,0.6864054396078052
33883840,8,0.44921572634479723
1547944,9,0.34987851014801813
16107658,6,0.6430904427411227
30452395,7,0.5163903657871808
24012327,0,0.9538308465160951
20448664,7,0.44577780429044317
15911674,1,0.554020690991583
17694732,9,0.38069625619168734
13158452,5,0.6525961714700109
34973763,6,0.4357800623102547
34296436,2,0.4995645189632836
7039200,6,0.5035233120375369
17183122,4,0.2542410887558041
4244855,10,0.6496699041665459
17837078,9,0.49786074063374264
27938954,8,0.608819604787809
10086412,9,0.7131798373888433
38469632,9,0.27655083744799996
39594002,7,0.5544581847407529
30363174,1,0.9585437754503008
14043719,6,0.5235925382268974
34189397,5,0.47817554548040414
30968256,7,0.45321021074191875
23367218,0,0.45815469639508066
7651220,8,0.40928544186664695
28904793,3,0.2391911079344562
33188104,6,0.5042434276719032
138045,0,0.45667320114632926
32038881,8,0.25923382532892386
31421322,2,0.6400845604890623
30559068,7,0.4297847356844767
8655938,11,0.5219138431331705
36626833,5,0.2854493997300155
33629440,11,0.29354504177950447
26920092,11,0.28354483067400793
35796802,1,0.30668328552352625
7911986,6,0.4960570150165374
23929165,0,0.5532115239035997
12906351,6,0.6894066907036165
33877577,6,0.3270920986966021
15846389,3,0.5365397817528987
38285737,3,0.5471136399408444
32125812,1,0.6050545806718235
28790883,8,0.4629933634208901
37368078,11,0.4563011407399968
23863852,6,0.3603265285845646
1945812,3,0.6173901000984041
8859760,6,0.493323382435832
7733180,7,0.47862275723712566
27925736,10,0.2727940935889669
28096351,8,0.498469024877624
36576366,9,0.6242290615032838
30268270,4,0.8987216708014897
25584160,9,0.5680857292749106
33894841,3,0.46384273302378426
24730189,11,0.4352021724543197
34853390,9,0.32989127726471834
24627620,9,0.5109904016949934
32255001,5,0.45942565512064715
10117885,1,0.6339540189924876
3408272,6,0.7567687574658715
1859438,8,0.33321424455932497
2969481,7,0.39277175570962497
11151572,0,0.49820687314208795
8676682,6,0.5812217830489398
38175199,2,0.9563366662405943
26364156,2,0.5379125736766959
32103224,9,0.7773765159105364
904746,0,0.41085265650210007
35311585,9,0.3323998843775204
26342132,6,0.249324767299181
30347090,3,0.3758917635164482
24703315,0,0.3625650906640264
4445109,5,0.7949701361146855
35305124,10,0.6417302529885283
34537922,2,0.6448232827187729
7761659,9,0.413784067041536
27825206,5,0.41970497455283884
9778389,0,0.5529119543971603
267628,6,0.8054557469146645
35141438,6,0.5491719253398536
11801658,8,0.35657775562780714
38081866,6,0.7149187473723241
27612958,11,0.29543681824300627
37098471,8,0.2652240161988796
24000394,6,0.6816617116197652
34725405,8,0.5690681563797021
19145645,9,0.9565260924867296
28564566,6,0.4088104927043432
22055454,2,0.28900468663251694
39289217,5,0.28479210757732565
27304900,8,0.2959218036440488
23983476,8,0.5163566685335899
5422464,11,0.5813965831788351
37043534,9,0.2946932158206461
39402154,4,0.76309270222211
23710572,8,0.31481180113348955
35695015,5,0.5704288102036172
36493966,6,0.571194489723304
19912866,5,0.4338845754811079
18300322,11,0.8758940530003965
36095421,11,0.42143681180891784
21770014,3,0.39531413923616987
14845336,5,0.4598533498993017
29825571,6,0.7092866188823305
30392099,1,0.4213556420708189
26976025,0,0.8118699040370191
36652786,1,0.28852556439956056
25137484,7,0.8537805103564909
14260601,3,0.2927624321599307
17595590,0,0.3315659530423052
11970820,3,0.5479290344537439
26791615,7,0.6732906552472591
31675798,5,0.8259543667811686
4474690,0,0.3759864847439368
34978483,9,0.5747076050500405
22405239,0,0.47537842579661616
18808363,4,0.47939932209611086
3349147,6,0.3041327954321517
33489267,9,0.41375412882848434
38313288,8,0.5153596948902872
29929540,11,0.6038369688746786
26477603,1,0.3578447559151149
16088666,10,0.5909029105843289
18392341,1,0.8460820461918068
28282671,1,0.46941370035015556
25327148,6,0.49002198798854707
34596082,8,0.3668082834594767
33404850,5,0.6797289805443183
19925256,3,0.35144497515129136
8845435,3,0.3037818745085973
36489711,4,0.7037470080143612
38293878,9,0.5132302577881267
10970639,3,0.4587851596692457
32944377,5,0.7782056449919584
17136015,3,0.5110594434412309
30270373,9,0.30330402486662533
21595936,6,0.4427579001701294
17300370,8,0.20246851664859156
4503257,7,0.6422200542041371
16493500,9,0.8950145466110463
20072030,5,0.3631653652398101
20208681,5,0.48689976595225876
12416278,5,0.7119922776903391
22927336,10,0.45843146244721233
17556929,8,0.49277839073265994
24237185,7,0.7223872090075855
7330718,8,0.5213576773954591
23421778,9,0.33683174223597195
34093547,1,0.6466966789213392
8917548,11,0.3035477599349552
20410501,5,0.7997377831601176
21964452,6,0.3396914178387216
32407913,9,0.4444841699855538
24907337,6,0.47985212769155167
40065760,5,0.4386208124397616
37162381,4,0.3337188034448527
940822,0,0.4175953301874557
14424408,1,0.6194145326011856
36905267,6,0.5738239427806167
28489560,11,0.35025340820546125
32386768,9,0.5966651294355624
37502848,7,0.6711083320340802
27349184,9,0.2815571529721644
39919405,6,0.7999038961371134
19016224,8,0.7201545366765039
16930657,5,0.4735933833813425
37053314,0,0.49795810015601705
22278993,7,0.548938407554805
31039249,9,0.863492965771062
38411903,8,0.4601577935144766
1348510,7,0.3203411466448646
21331077,7,0.3753450528292147
12152487,8,0.39263913523497784
38082699,10,0.429954463349664
33350570,1,0.44143858478212644
8354078,8,0.29986607277175326
21094536,6,0.6749794139288811
35748384,0,0.9966455629593468
12544086,9,0.47634939943768345
38061344,8,0.7429690554948442
18830651,0,0.4849932252135687
26617865,11,0.5685285018204306
37525576,0,0.2639656790403908
14035522,6,0.6363133368646178
5204640,6,0.5716900055369106
1346297,6,0.6474077251257677
16013330,6,0.6343578420730043
27136481,0,0.19539587392274455
27377223,0,0.34908252559649716
25045292,0,0.3764002067513702
22263745,5,0.6384399017503878
21079995,6,0.4939497939847603
26074523,8,0.5095114577963711
16369685,6,0.7070445370486035
30471943,9,0.5408811916191367
23773577,6,0.5151229958984693
24018309,2,0.36567176494976295
40042071,6,0.44983893630741356
12733840,6,0.7948161552823156
28231738,6,0.5723504102794096
4333094,0,0.34992118496640356
37953143,6,0.8688442137922422
25410336,9,0.5503585952267536
36946844,3,0.7961526491944467
24703675,9,0.348086357713931
12602032,6,0.34103104244634275
17415354,6,0.48269062653630435
20535605,9,0.8778052217521382
37645504,1,0.6138914714362492
13090505,2,0.46213255852879065
20319813,5,0.3538570293330472
29447503,11,0.28427232902938904
1684197,1,0.4630905644437956
31300131,5,0.38693283273924783
39664963,3,0.6973493599895894
31200648,7,0.3585104427735622
33650426,5,0.27042076077886334
28370598,5,0.4210068921908102
35410041,11,0.752306680815319
11504104,8,0.5603839869231144
866208,2,0.31914742645548344
32920007,5,0.8808993868132414
29594936,5,0.5935902798902902
33925015,4,0.4413276086214931
16720286,6,0.40176722940463155
17406252,6,0.7345235881934539
19374707,11,0.5976322434645677
21742587,9,0.4392877964938232
4780791,5,0.5181808419114075
19915116,11,0.38596438429734264
6341823,0,0.4740041707471147
25444267,4,0.2702178373351573
20112760,4,0.7655875165889686
29401707,1,0.9037247993995882
13160139,8,0.4437997526055146
38467716,0,0.5637103459790507
23430900,6,0.7797383554865308
39186906,3,0.6881695267271162
37094448,8,0.3649210312861303
15816884,9,0.6074848002117652
30745056,6,0.2650757920413244
30227883,4,0.5606671719985457
38664732,3,0.34362288481134406
34505579,4,0.5605847530639186
23538140,9,0.6747486453105243
35565262,11,0.5033450151794656
19705229,2,0.4171187027870735
36902682,3,0.32976966733796936
6715944,7,0.38962994851290517
29145897,8,0.49774994310512527
4758968,2,0.672966631879946
14568141,6,0.4482173836567011
34601782,2,0.5400987879268073
14029883,8,0.5450234340516561
17169927,7,0.37891977410057204
36851561,3,0.8238202275188324
24948660,0,0.7667721371289751
10341847,11,0.632513241577199
37661712,8,0.32399908313741327
10958248,3,0.6085954762131972
18603407,7,0.734128699551889
28420448,6,0.4958959581867365
17781906,8,0.7920974478471716
8685842,5,0.39995132765940145
24723525,9,0.6260900247700435
1355710,6,0.39715137284659
18335432,8,0.5883014935349847
6705521,6,0.44701119962875757
12867075,9,0.4927980627052916
26455408,4,0.7067153599387088
40141660,9,0.7453114056013688
36332167,3,0.9520758697257162
20001045,0,0.5214043914534483
5878689,11,0.8642742292861568
29667892,4,0.40267421404562476
22440589,8,0.31009493148365774
23600582,4,0.6368730078632008
5725065,3,0.44317156596724455
4976613,6,0.5423985433903589
25067998,5,0.6177031015143133
39303157,6,0.6503556086065367
25673848,10,0.4878727591140886
12630594,8,0.4688558386085997
39607566,6,0.49076845156977433
31408445,9,0.3003600949676643
16013692,6,0.6039056181224226
39898068,7,0.8256976275644248
32969491,5,0.43314791903746985
11942919,9,0.641985624320057
38498654,5,0.9283817103253853
18676859,1,0.6881353119600754
25080922,2,0.44011981740871026
38405454,6,0.7112749958152608
36944943,8,0.5614409271474764
6728719,9,0.4665305788822635
23264037,3,0.38267716605335644
33252802,3,0.6168693352408765
24395155,9,0.3351890483818572
24944676,5,0.7633234709072669
22416886,4,0.9482722238801409
28102769,11,0.5847970106608206
29375200,0,0.9293417337694194
27999762,7,0.4641321987822467
10425414,6,0.2922481835883468
5888771,3,0.9388005884384473
28800272,10,0.6093532003406821
34418982,4,0.6695174350776811
13293902,0,0.6415588675302399
35330420,1,0.4690520641580014
29292526,0,0.4970091426316534
35212716,0,0.8533447379774953
37796601,7,0.6084453871422594
11661121,9,0.4014794258567084
1264300,3,0.3898852212996496
9482859,3,0.31409562854400613
35245185,0,0.39929184148550445
30801340,6,0.3821229559755762
29344964,11,0.36431053148228026
35682804,2,0.5363398046795134
20568743,7,0.42762906918454163
4657001,7,0.3324583314955297
14264682,5,0.459376733005128
2045968,0,0.25435622319845297
34320067,4,0.5661832138041228
26855746,7,0.47400438896428354
35003277,9,0.3985724450940621
13273727,1,0.47970854067838814
35719653,4,0.480394465748214
24563790,8,0.47158773112311303
25883898,8,0.42515179431405653
22442839,8,0.33886397338255053
972267,11,0.4491912380057167
27781881,6,0.39326981951086815
25560879,1,0.3263922232646864
26115889,6,0.5333882724153279
8425304,10,0.46572794480689905
14933771,6,0.2667575003813319
28118236,3,0.7320225718000671
10716916,9,0.55934692801661
15406882,1,0.9521068838284072
16010898,10,0.5934412594534373
38744353,5,0.8618585176018712
29962525,6,0.7376972454676844
37644156,6,0.31030322297084584
5037432,8,0.24282536829552512
7738272,9,0.39287143243765776
27270829,4,0.4434542264750068
32928328,3,0.642551351733459
30823730,8,0.4059063404727356
38354163,1,0.7517485539057159
8730946,0,0.5145614861185324
21923964,5,0.49593635219188564
39659469,3,0.7695399101735325
1704085,3,0.3277659615529613
7474976,9,0.5102699931001017
19036477,5,0.3149300347563475
21781233,6,0.43488595394637464
35902694,9,0.30518810048922196
37152940,6,0.5926154099386839
27664609,3,0.33859903637404465
31320657,0,0.3851014595779047
21770419,6,0.39854537472586304
38277002,0,0.2270281288799041
4122504,6,0.27819717780820824
28211333,0,0.5848246341875825
7419787,5,0.5025497788915955
27503961,1,0.5665929007315369
11277432,0,0.687552492191343
27908424,6,0.3434023670780599
7685087,8,0.6040140820525318
25791196,6,0.6855764855087424
30327523,10,0.3483310706287762
12890100,6,0.7049343556757829
17663862,3,0.7381196006155727
28032395,10,0.7571392954796655
16214190,10,0.3745812119497554
31103161,11,0.53191618502892
1157725,11,0.5033154622633452
25923565,3,0.7329774364936916
28780493,9,0.32889587271095616
15318800,7,0.4708408416728015
21162535,11,0.5769215152988622
26274037,0,0.3451944970334197
8556398,4,0.2526355157259331
24160626,3,0.5802331637166189
23237628,2,0.5753099929192574
35988808,7,0.5080178466221726
35464976,7,0.29992368892259547
32697252,6,0.21949419693993777
33271060,4,0.6047111370542123
38761142,4,0.53644763751138
34672408,3,0.7726965072021638
31254758,4,0.7290057741356063
20160622,9,0.38391222163827965
25920049,7,0.6437717589997226
34334927,6,0.7986370219141836
25271459,6,0.4186904543040518
37015852,4,0.2907377873468124
17000732,6,0.5216790158038828
14603104,1,0.5905127461083062
19950823,7,0.2510853008869569
32616111,8,0.6276893345839777
17132659,7,0.44989040693942484
18009979,9,0.3656234061879877
1641470,3,0.3809468387335944
27791014,11,0.5905184461708153
27273499,6,0.8185947254114606
3371795,6,0.5874225048745979
27288730,8,0.5169893786889078
6276170,9,0.23013195677281006
7403585,6,0.4622032289106314
24741690,4,0.6488562494594416
36698082,8,0.34613098241231527
22015803,3,0.34928442347197947
26182916,10,0.5106505973886207
14847703,9,0.4002026332876761
37373196,7,0.637426639086837
21125674,6,0.430574409807066
11289670,6,0.5255185183691143
18455576,8,0.3679784926978389
35456290,5,0.7661087900431444
35305688,8,0.49565210669353926
36846007,4,0.5475208564972092
9970005,9,0.9682391665025152
32501869,9,0.6187361735811255
39929934,6,0.3974336207765019
17210425,9,0.430829545334254
26792615,11,0.5854074259045019
17477583,5,0.6644732733877501
24279706,6,0.5634902803630508
33433863,7,0.3153629278249803
29127196,8,0.37960325781656395
23582393,6,0.46793777732483255
23303221,0,0.5492317739227464
34693939,10,0.29760194536971646
14706225,6,0.7430270801636465
39256611,0,0.43013518749985435
2805595,6,0.4483095803266424
35566034,7,0.5290475782268856
23064280,7,0.27526855861029814
32986366,9,0.7077115528485423
13991248,9,0.7578572494688532
21443381,6,0.6529642203822322
21536555,5,0.5084857780791597
8284890,5,0.5987709695012585
11034388,6,0.44601357685233034
16269376,4,0.7082001488582768
19967862,6,0.5499338287809192
38283475,10,0.3760092559828208
14443595,6,0.3647370098242333
14496193,6,0.4441328565850579
37903818,8,0.45668588778822394
21527610,0,0.30739711740143366
35060732,9,0.47640527088829354
35383195,3,0.470324533373298
25557311,11,0.9273066957160555
27328116,9,0.49140841021767073
29586096,9,0.5431270301819376
33745964,4,0.3130787045233336
4002286,6,0.48394067779177624
13513244,5,0.45385211734954267
33632932,8,0.539366671078822
27828184,8,0.3516572824530384
38938306,3,0.5464333603009236
30570659,11,0.33652591705449386
20435405,6,0.6228595030060686
27188983,6,0.5387441520252432
39537757,3,0.5645480865746825
16451849,5,0.21586303874081533
3726338,5,0.3754105463319505
20516178,7,0.40434480915386484
32029892,1,0.5849941777408323
32847800,4,0.8491987136572281
15686658,3,0.6444499704628938
33116305,9,0.6090994093923557
9314149,7,0.5182710762287509
3979658,6,0.522612249458875
15535683,11,0.47783283572759533
24017650,6,0.3992017912753682
4833646,6,0.8321376514678344
35596031,2,0.5385706160292062
33355265,11,0.4109375947576611
33527596,10,0.6500629335088807
20395913,9,0.2885804739696905
38233515,1,0.6497151163563604
23389450,9,0.7079802476832969
18347352,0,0.18369874365530223
29937830,9,0.6557440929417487
16773583,3,0.5906988342007579
14063877,9,0.5967017562892047
4436240,6,0.3345642726894614
14626613,0,0.3321242829596797
33283235,9,0.47013070210310687
17874609,8,0.2537324427325197
30127355,0,0.35247465360403774
20767639,6,0.8677253530191922
25654453,0,0.4981503111619687
32567100,11,0.7600053982139253
35709639,7,0.4850090573110246
35227154,7,0.5567956350402536
4525147,2,0.677108656146169
14363655,9,0.33051214428521636
4806237,7,0.49650568345851886
9771562,8,0.45332912581326246
28721397,0,0.8848841394701579
9955548,8,0.6113837577339972
26813499,9,0.9398005174114511
39064725,0,0.5109440423480163
30675501,5,0.5539912268155067
10097477,5,0.4345755285545498
11730952,5,0.7947867185962991
23042963,3,0.26186320176659433
20438594,6,0.43613527133795865
25936696,4,0.3365127989192685
19591467,6,0.63825652910113
12162021,1,0.4921828415725688
24045265,7,0.6603326879544287
29042787,2,0.4018946185672101
12073957,6,0.36407352007732235
35236880,4,0.9999999999889074
5202721,8,0.43544798100400894
35005574,6,0.21862319389255386
37710542,1,0.5072988274395412
32317330,4,0.5458205378933115
36435012,7,0.6788784864958366
36050887,9,0.2830729322461881
2509260,0,0.4665269960806438
21876482,1,0.7233370703024615
24785928,10,0.454619323824556
30935583,11,0.7883719018222516
22534854,11,0.4989400026476349
32963088,11,0.3269036431044072
18179606,8,0.49785456927009186
28873113,6,0.40750791654844576
23203332,4,0.41689775084652864
21147075,8,0.5669034118273595
16232244,9,0.5174245948002276
27218543,4,0.8516144948963195
31282297,11,0.7322564830904638
20437976,10,0.36676306274415443
37614550,6,0.3207174391651807
21614739,6,0.4655738568967823
38666329,8,0.4171194917612913
33868598,4,0.5557124698563564
28997364,9,0.4128642677845704
32993775,6,0.5324968603709206
8638534,6,0.5484098095300539
38335685,6,0.40327021723285483
21453137,3,0.2515971315879805
21307835,5,0.5084652546022675
4414375,7,0.6612857859962967
30189749,10,0.38099911613848936
2327989,8,0.5466062597365235
34582419,0,0.3397940508767962
4988301,9,0.510429182282986
5595658,6,0.3523894990914414
37912206,0,0.9542544122489303
29157808,0,0.39906425532355433
25550874,3,0.41851076823766536
34731954,7,0.6953710929798083
26656151,3,0.8025478489940333
28207805,1,0.5642931584619998
36422775,6,0.7012417243851682
28200686,11,0.48269516918752137
37114683,4,0.778051342489581
40050625,4,0.3039025384078594
33664163,4,0.4109816564629957
39681616,9,0.5782852515803701
8577055,6,0.49364382712020227
10985565,9,0.6365496147745329
20062179,7,0.8745018677160434
38093965,4,0.5716012016206371
16745740,8,0.35950783411296294
13337870,6,0.36352839113511726
11122418,8,0.8342112672607775
31085768,11,0.6308681443342299
10705360,6,0.3275957769320836
11488555,7,0.39646862288513063
21762720,6,0.31761885247721267
33563572,4,0.24279489619013164
38255065,9,0.5654975945139785
20539069,5,0.8425412871764818
19609041,6,0.5932737992606839
27737091,9,0.5751195327969968
34747543,8,0.3439859832073832
29649147,8,0.2007127092740404
38310392,0,0.5058161349330601
31884965,8,0.7142187033217076
35996569,6,0.3924617212120141
12350907,1,0.32595982375588756
30420841,0,0.7949893290427554
39825307,7,0.3060545553083174
28076561,9,0.40217017250768544
32874273,8,0.3755061023521186
33121433,7,0.7700479957783944
30682918,4,0.652237194465411
33514317,9,0.7015934777506104
18208287,3,0.378282742643372
15525493,5,0.5641049800027927
26427340,0,0.5443581941697172
38079222,1,0.4579282035772174
8914642,11,0.4977110877571712
9444242,6,0.45712450171866015
27207971,8,0.48934229382758476
39746035,2,0.42478511585231676
33271600,6,0.43346563208641475
22323054,8,0.37954109417054316
33712418,10,0.23656257248448676
31524210,6,0.8556091234275226
36227945,0,0.8050505150612042
555344,0,0.42054086955074804
14035775,1,0.7092584368121685
11804589,3,0.5512444834719843
1303105,6,0.3264583903111996
26763900,0,0.7067538320343343
34449674,6,0.3882833667083773
35475103,7,0.6949211786094338
21852662,8,0.41883520965574084
34598898,4,0.408689632173526
39217888,6,0.6630738999092392
36989625,0,0.2633067749822085
36063632,3,0.4543495200690857
33338327,9,0.5736207209147356
22147773,2,0.5761487446417642
28745759,6,0.42103843011788883
27312139,11,0.31831488814593145
34890051,10,0.514358130353274
20171906,7,0.46756233111940726
3389817,6,0.7271985341672058
19942970,9,0.5310239411843704
32250200,4,0.5942371405739816
24838715,6,0.26382363609012005
28301031,11,0.4973319899299338
17147156,10,0.5392698353690425
7113218,9,0.4192920454185525
36718214,5,0.7309064741957311
24287483,6,0.4744854350683041
24576181,6,0.4642326630027101
15476971,6,0.4578169371232968
1455602,9,0.5984272654233759
13298633,4,0.7857854307709153
27756962,5,0.33321093094550297
27999138,9,0.7046319583671465
21944249,2,0.33321005540117943
39734360,8,0.3008017012620775
4358001,11,0.7364038422689303
30111973,5,0.6392490748144221
22620303,10,0.4642564223742193
35307546,1,0.6814060737641144
21455789,7,0.4154658700975328
25727687,11,0.745384222646975
24743349,3,0.6188296646489116
20144725,9,0.5906352262977009
39276998,6,0.33505918243678284
24481178,1,0.4205186664261238
37350758,10,0.6206359614553002
26516193,5,0.6284322307302009
37445466,4,0.6710997434424093
39995094,7,0.2758980387282184
22162267,9,0.4692805750629362
36855792,7,0.33145807900917174
31943339,5,0.5067493173003936
36636053,2,0.38453699674085495
31291493,8,0.42414053562688914
14110121,6,0.7121255313540237
33608365,8,0.7213464508034391
3209362,5,0.887667292534394
18158382,5,0.3765735349509376
27029426,11,0.5643912222355668
39845833,4,0.7683887606344166
30422535,6,0.5462622647911157
9289427,6,0.31024018603242054
38729873,11,0.31696622304446104
17728820,11,0.44686968716570374
13225201,9,0.6594968809382548
31362680,5,0.40664877766796076
37265501,9,0.4028769641365904
5354061,6,0.1944310540594306
36068113,11,0.36218865646238446
10253279,6,0.4222767100037129
8094032,9,0.5424529394468662
36816302,7,0.8693957337845363
16924319,7,0.3947781268811402
26313660,3,0.6316420478433005
13613635,6,0.5160777795486841
2406959,9,0.3944540725565962
28726742,4,0.3426830881835855
35253849,11,0.7157810933156133
22252235,7,0.23917223701116447
20807579,1,0.24092587222641
17955970,11,0.3212387582191297
22147084,10,0.614944911780732
2296803,9,0.3920662156176721
17907109,1,0.6573107195342897
22671396,6,0.3702715637357652
16269649,8,0.40557511894768256
1821399,6,0.5368881504352183
27955947,6,0.33099216217461946
26759784,3,0.2861895816244236
25036699,5,0.5697744753312008
34035731,9,0.35774191576895037
35079438,6,0.7473065801290821
34487862,7,0.22576331109510203
19646520,5,0.6266313511622286
27720647,6,0.5539219877507023
33712135,9,0.9282713291314226
25779070,3,0.4680570130996941
39847547,9,0.2920988029030093
20494783,9,0.36279228063953356
12323085,10,0.44925939979970203
14323831,10,0.6548776946637758
30856866,6,0.6221901274952111
23803255,2,0.43229276008464024
3997887,2,0.9150160243156469
39021513,2,0.9234879902605716
24476058,9,0.29187163132578897
11076377,11,0.6696951758120685
19930998,4,0.594802903662818
681565,6,0.681184744930657
33381305,0,0.9999999999810535
12574275,6,0.36249147969850487
6319915,6,0.4398620551596891
19416008,6,0.3102685497944445
34763139,3,0.6380188687121034
36260599,7,0.38989934549061583
20904447,10,0.4407953831661042
27853002,11,0.4971047862657788
5730407,7,0.7638863341210214
1977022,6,0.7750364123419581
9588331,4,0.5700578419791749
39547056,0,0.7312461310575507
12970567,8,0.3755426147980387
37653995,6,0.4406216799175216
29608581,2,0.5899590649819129
6225843,6,0.6864812533529093
38448321,5,0.6777936215981973
27990419,7,0.46620120058549647
23511569,6,0.4581468587772741
19466460,7,0.46768779418977574
32671668,6,0.42492695951561044
34031410,0,0.9999999999708559
16143226,11,0.44358581295302785
29744062,1,0.5982632105794555
31821780,8,0.4309308030167291
3025031,3,0.5530688684947874
9072227,9,0.5618145415828767
38184969,9,0.9992319315993688
31650897,8,0.5117102760494359
37090869,10,0.7354073827611902
23901291,5,0.2763312364981985
37020712,10,0.5942912741871561
15145222,0,0.3339331391960943
2888598,11,0.281665177719574
4695609,6,0.3251754682058053
35510666,6,0.4890228651829776
19835923,8,0.405947998237625
20484366,11,0.2834400346804173
36724202,6,0.6068571070993418
22825693,9,0.6561065658654464
6010011,11,0.2688864588754707
28684187,8,0.2813747037385515
35708920,4,0.6812452859793393
6217351,3,0.7427413655918906
33661115,1,0.7448359620421934
17752460,8,0.5585462222924894
27184204,5,0.7437261523756431
27631241,1,0.46676196086709903
25516805,6,0.2688095073014474
22316489,9,0.34836700209018984
31334629,11,0.7300934948142184
5698175,6,0.7324325402038808
33824334,0,0.9016759481085584
36237853,8,0.549248166745402
31926470,6,0.6041683043387113
3149370,1,0.5538383199637207
12468823,4,0.36798868516362504
12076092,9,0.6283661167685067
12419875,3,0.3812402206634483
35422392,8,0.5293468041185878
11888635,3,0.35377194288243036
15170450,1,0.7052257449195192
39601218,9,0.8111173915975175
34763208,0,0.5916667501048309
37710662,6,0.7581042420354552
39916655,5,0.4746023050667162
35964994,6,0.4648857681717926
33836647,3,0.837154432319563
5321186,2,0.8866945123799158
31454438,4,0.3764779604627984
36667061,8,0.3524974462290982
32740048,3,0.4148292911113609
1959188,6,0.4209825866043114
7449395,6,0.48808051739205577
28629911,7,0.876462743165975
23455341,3,0.40545133500052677
5910703,3,0.9973041663166357
15042945,6,0.4150559060057159
22210251,7,0.451688887686886
14865572,7,0.29136120610055705
36420970,6,0.4238399079210373
28357582,9,0.6823593444376488
5106358,0,0.34043978962474913
13464759,9,0.3586616881679642
34946062,10,0.5319567150447732
24288780,9,0.6651435560068502
29820370,3,0.52738327658084
34200551,6,0.3670045102388616
34079787,5,0.45828748334602376
36472879,7,0.393388727037228
13752507,0,0.7411651518640139
15049333,3,0.44222660634186556
1002072,3,0.5933823733460912
32559406,7,0.8477595065489818
19572248,6,0.31013606228923696
33135354,1,0.37277927411179484
13834472,8,0.8787301813636315
2278150,9,0.41373684134549377
29670109,11,0.5870640349975884
19684765,4,0.8596200556666986
31537305,1,0.31202753899126706
15312170,5,0.47620042790738326
35923078,6,0.4600221733595996
27219849,11,0.6236205733320793
30636014,0,0.5241143277153545
39681631,6,0.9999999999753606
23387488,3,0.37694941621348077
24693024,6,0.25566697561796803
18663956,8,0.43872624413897243
20498469,9,0.19434796240342936
30408127,6,0.7655364024504329
26374648,8,0.32659134241483634
6244272,5,0.4078267768330148
19532344,1,0.284940649021256
35463419,9,0.579951418791286
37778176,3,0.5594640255865909
18020849,8,0.4091238876489113
29865518,1,0.8762271986268644
33547061,3,0.7293259546609179
7482959,6,0.42271299843142707
7417701,6,0.5208757285998842
23619426,3,0.39425031284863876
30821951,6,0.28449646024126907
23687011,6,0.545215186777796
19199944,1,0.6613102955733636
13241200,9,0.5148601588189047
37358499,8,0.4991483243932761
16733716,9,0.6114824392989301
12927060,1,0.9087871223820563
17309356,7,0.7794743779019788
26175761,8,0.4225357658547989
35663109,9,0.41591396699836924
11226252,8,0.3568966620178999
39444808,10,0.5593147365353381
25320719,0,0.7470826647891372
19848965,0,0.5796620154248426
12431826,9,0.8259278187366442
34883086,6,0.7612712301346827
39160750,9,0.6695388798242017
3548937,10,0.34005019876868
35355657,1,0.4389250199736192
31528600,1,0.5134470807182148
25151108,5,0.6356742512662136
34710482,4,0.7455632867637647
36453888,9,0.46552032376486246
29088467,8,0.4424482371672438
19458344,9,0.6623035163802304
37669177,10,0.24231685264389288
22660581,8,0.4777162699216325
32201138,1,0.3117774621797583
37166827,5,0.7419522991394897
38205540,4,0.6022272251767825
28427651,8,0.5731398033249905
8002282,8,0.49963784479785256
32414960,9,0.5265341054804012
2139823,8,0.4884772557340395
22733642,8,0.37698194161483095
39585179,0,0.6599150807835955
32427110,0,0.311630189004699
25432139,8,0.5696398435499967
16494560,9,0.32607715459869985
8925293,2,0.6404021168503973
3626619,8,0.3997674768815738
20014811,9,0.41466082830233614
25071242,6,0.34462320386983347
18057029,6,0.40372577060518416
30253141,9,0.43225836557537994
35455991,10,0.532654343027299
31459439,6,0.9757736022924758
34801132,9,0.5526760028919929
15578416,11,0.43516775187434664
37324106,4,0.3966574738034901
18344996,6,0.31154290214573177
36069211,1,0.5631264513485511
7555335,7,0.2986663837178532
3370996,7,0.37826423631239864
6796722,7,0.6649283171636827
24694887,2,0.4927203050244525
38296748,6,0.4429061707150146
25892181,6,0.5283856423382652
17028562,6,0.855088008604341
32509261,6,0.5923356730961848
22994881,6,0.2237671051102066
26470151,5,0.4073968283215669
28621908,4,0.5297431473506057
39574813,1,0.6019150955703432
14071096,2,0.5569469380821913
36702120,0,0.6013154311889056
6582183,2,0.6817049036530616
34650978,10,0.4238516709967251
28455413,7,0.26296323858823956
22039057,4,0.4401924055692754
16453746,0,0.616294597418748
35906395,11,0.45115172169636086
35202289,3,0.379465748034662
31935514,0,0.3912509225511478
24654209,7,0.39532647402214016
22868900,11,0.4945372701131501
14536167,2,0.5836305098060194
37579374,4,0.4619564935670387
28164874,5,0.42799960519957553
5602265,0,0.8269038868987569
28997120,4,0.8491658243968726
25127899,9,0.28137570022232805
27020950,7,0.4194235843095072
27164129,2,0.5634200408252714
18029074,4,0.27814440575409644
29732282,6,0.3909687734792274
32803223,4,0.6689671039472906
21679401,6,0.2634819907924294
35983172,2,0.2811605652481407
28973150,8,0.5236072609619231
1645962,11,0.3621346010609013
33363613,7,0.5206453427523253
29871460,5,0.6329666234600877
38848471,7,0.4573526791988321
24492345,7,0.357795890011761
16678006,9,0.41892299108682585
37009788,4,0.7280280966253536
35572308,3,0.3452426699982792
39973360,0,0.45873067210228713
31298298,9,0.4613910278453418
32933480,1,0.49274689510580943
21597078,2,0.5893024808094766
37285708,4,0.48705818726141265
1473625,3,0.7539961486970029
39247527,4,0.5799969211650012
34752521,8,0.4686563305373191
27011143,2,0.7990396985603175
2781186,6,0.7842276299507905
3233674,6,0.872832002342017
36183763,2,0.7897084807111315
19291738,6,0.540053118530897
9313999,8,0.7456571979243888
22962474,7,0.28682479992634696
14171719,1,0.627425079510539
23447411,4,0.854845214514563
25161449,5,0.5963368479699928
19770147,6,0.2864098676414915
26435738,10,0.7408522628534385
24597761,9,0.35629361585955727
14432020,0,0.32182719739809607
4024972,1,0.5640681919784998
10640623,3,0.4384199469574706
16319878,10,0.25537185946237856
32152166,1,0.5589693075953629
32156071,1,0.5771671998019816
9758513,9,0.5480832992535553
14872061,6,0.27441125800108424
39507592,5,0.36589774931709723
5720233,3,0.4552913245644027
33476561,7,0.2691535802781869
16000228,0,0.3399955642900815
27696154,11,0.4978666980444134
22840985,9,0.3768853824972997
31137414,2,0.45081773723530477
33105045,5,0.5799566302469826
21516322,1,0.5727400831853031
9815077,9,0.44072703647592565
31576270,1,0.7933195300218321
38456295,9,0.4695656742644523
22130727,1,0.622251105901615
37989239,6,0.3620766245980806
20944212,0,0.2767449073941644
19750890,3,0.7804481969072773
23903848,6,0.42037243593761014
34984174,9,0.45746882684515866
15715597,6,0.5988644570564382
15709933,1,0.49724242973610255
25143621,7,0.3501279284451759
32656758,6,0.8904568210516013
1060745,1,0.453009739591486
23189610,10,0.477894108857622
23040727,3,0.45655132223120604
30564792,7,0.3597622665809379
27560764,8,0.5334993417242045
603595,6,0.3751048944887719
35725265,7,0.5937618651838233
13169535,0,0.9999999999749706
31690038,7,0.42749255055614094
26261190,9,0.7747319932123947
30164528,6,0.6072867282093274
3453757,9,0.5641626058399227
33094758,6,0.5897376184908155
13475567,3,0.3284996734365236
19364051,9,0.4725109517769215
15204225,0,0.4680453966207354
17113970,8,0.48112474657163884
23028255,6,0.4249444317550087
36902899,9,0.5851376593858237
35348346,7,0.24498654301215597
29868741,6,0.4293049735208516
24921545,2,0.8438380847511255
22134712,10,0.35773228165233434
37233669,7,0.40524977812878743
32966108,11,0.5962381581192613
19410377,11,0.44766029209362973
14159318,3,0.5064396581207671
38949402,7,0.669005810599327
33084068,6,0.5517713614132711
34107775,1,0.5996518461465368
24011117,3,0.5794258269140284
4291704,7,0.5160733681356814
39524220,5,0.6027835697028371
33667862,1,0.4555357706800878
28715192,1,0.6060827801270143
15998188,4,0.4153057372800572
13860738,6,0.4969911551764134
36146551,11,0.39234871432018076
7456181,8,0.6178874080476386
33639344,3,0.21986479565927616
18390092,11,0.6388914444472226
26880611,4,0.42502439509806506
37897851,3,0.7193041955137893
14158947,7,0.4432976071739076
15876307,7,0.4204666524574954
28529852,6,0.524031115859374
13232935,6,0.5539784369320758
23974147,8,0.43749240997770794
15597439,9,0.40373340149835063
32800168,10,0.6719180235481299
33790105,6,0.5517043160104884
22059989,3,0.4975359131494546
11100244,4,0.26084195542261557
4873679,11,0.49634390161841296
2540043,9,0.36383553667001084
8437792,3,0.7170231685228374
24633664,5,0.636930681203515
32546804,6,0.6403202602999145
9182462,9,0.784001801128928
1158108,8,0.3655601097637257
22183205,6,0.18755716363128408
27261662,5,0.5579178084228775
25729867,6,0.6331531682050957
4211454,7,0.4687160898004073
27843361,11,0.2459477083820471
37742895,0,0.7488491669837837
10267817,9,0.7898727616578707
33681546,6,0.48230141414389527
35391579,11,0.6218825747700547
29972682,9,0.25959140911755774
32936215,1,0.8442549378802586
34563522,5,0.5194434096138041
25106498,8,0.5647597999176723
39734786,9,0.4135733583021828
39263563,8,0.18022701606648692
26698044,1,0.6826423534693395
38237460,10,0.8351473948843319
22486663,0,0.2869098429540733
40075008,3,0.5926381114243165
11480589,6,0.7022570359793867
17143015,0,0.6008267614055441
19412835,2,0.6797635877109066
24259329,9,0.36848780284231897
38857855,9,0.5449053970759427
6896589,8,0.22082936685418744
6725771,5,0.24754295905864743
4403289,8,0.3802360524619416
15580869,9,0.35768996270226006
9143506,0,0.41767870406830676
30754693,7,0.6608370625418826
37396046,9,0.7720665813744174
35026040,8,0.31221654286606493
9850261,11,0.7548881824841653
9816816,8,0.5590310430364687
15214386,3,0.5057055000672773
15456804,0,0.49555191593223497
25796309,5,0.7585285501424552
32041223,3,0.4544680524410779
38448638,7,0.46727115341869097
8795698,5,0.34383261382128666
31276585,5,0.802027958335281
19096808,1,0.4829400685463441
21330829,8,0.8117560662369082
5554100,1,0.5102169288015459
14541182,9,0.28361826898394604
23379357,4,0.705084568593349
30278454,8,0.26930663546651523
19644391,7,0.5709102213098562
30229119,0,0.5662406333554959
38138143,0,0.49126601426170763
13033060,9,0.31787018180204196
22795148,3,0.3825202638923334
5228717,11,0.31398599221698203
18195758,5,0.5816855894919613
9142264,9,0.5293735589209866
20154390,9,0.6914644474557559
8844073,3,0.5095064553102334
8234723,11,0.3465122796472295
20886565,6,0.44613507005927144
29914293,11,0.7867123579286812
33251246,9,0.363302442657985
39131424,5,0.813126253319277
20780419,9,0.5718933100963451
32975871,9,0.300557971506865
30822124,1,0.8739167968652891
27537530,6,0.3522313943664051
23734899,5,0.6314808198881913
12368485,9,0.6922981038914182
5708352,1,0.546158910268133
24210405,1,0.42357785694524386
33735914,0,0.6662398976827357
36045610,2,0.5787545147117195
16535995,6,0.7914145554769559
25076058,3,0.5095835654156918
25474562,11,0.4753840969764385
28495905,4,0.6688758792508707
32788991,1,0.5617140450893471
33678995,8,0.7684738372175215
23392041,10,0.6859733013435785
29847145,1,0.37877754909246003
38458288,8,0.3244235759485894
39495994,8,0.45816919322541627
36481763,7,0.6656058045036264
33934948,4,0.8497038159423235
32090714,4,0.420367203706964
20928787,1,0.7116171215148738
25123127,10,0.42994826396999886
9795431,7,0.44150270220990107
16803835,0,0.6910523967944623
38084537,6,0.6671228997708075
32049122,10,0.29838039710930503
13077638,0,0.3784009383120976
34415398,11,0.6843707078656408
37482313,0,0.4020073529315053
19498063,9,0.3648558095396709
20584889,1,0.5400212865614228
25387251,5,0.3869469175643349
19403532,6,0.8758951790227161
39639806,5,0.636678828938816
32980559,6,0.6141939867624623
18038003,0,0.3406707223012573
27350599,6,0.34812017884195495
35794897,7,0.3303848373451109
32311048,2,0.6430147449147318
29922108,4,0.44518152151989926
12899431,11,0.3297099868644908
886238,3,0.4012581831176863
33191477,7,0.5036681528360849
28302556,0,0.5970592131981127
24456314,3,0.27838441387782115
17334993,10,0.4311225929267948
31617858,9,0.3008590423745088
25998282,9,0.34478943675241996
2768038,0,0.44367602356856256
13305767,2,0.48984169344363254
8983019,1,0.8552232198071303
6940257,11,0.519665511715576
19276731,4,0.4957758822104983
10756383,6,0.5852836466772511
33449279,6,0.39947928291193446
30301112,9,0.2816745241820296
17671733,11,0.5890334590165274
26581666,9,0.8392602849560664
33068747,7,0.47841375870512787
35468907,4,0.3164327050371155
38740631,1,0.5456340892317115
25503926,11,0.6693500757107781
30715650,10,0.6566983705202525
38858982,11,0.7421682423215428
5500563,6,0.38142281016780544
30068578,9,0.9618631363430861
20183020,8,0.35765918264662483
17520927,6,0.46229354689689905
15208543,8,0.4338344709332981
6359881,9,0.4645296828957984
11249941,3,0.7070552054976776
27967298,7,0.45899930564672764
28258873,6,0.3301215635698649
19962495,5,0.30666677322651487
21465903,10,0.9894197077124521
27048746,6,0.3142345514582147
26188666,2,0.2925552211746996
30352394,9,0.22359729177733842
38744747,7,0.30062873876128743
17110379,9,0.5089604806466034
22843336,3,0.6572036519412047
31148251,9,0.9999999999905531
38213819,8,0.3289260968176974
32999363,3,0.4771872081797073
30176479,2,0.41032470705442703
33200025,1,0.4573765009338225
29207107,8,0.4461999821176765
24231994,6,0.5431008713544753
11351110,6,0.3322541330306223
37620761,0,0.4776163275392956
38491963,3,0.5085844363888947
20665895,6,0.8022424394128773
32671247,7,0.22405922466800762
5577425,9,0.5315577794804389
37081085,5,0.6323836988243413
24663332,7,0.27003791562812085
11076018,10,0.3781022277438892
19254974,9,0.4376887556696869
20067316,6,0.722937966880494
26796316,9,0.9563484384905607
4882674,6,0.42121932853577426
29180739,8,0.3605844680246591
10689273,6,0.3425935406200197
20277394,6,0.5462589571898954
37368152,6,0.5610597725341064
9529428,0,0.6353650772735571
35328487,4,0.32480423847837603
36969724,10,0.6160653540239949
2201867,9,0.4001337517268343
5764449,2,0.4210330153533724
29519051,4,0.6035094838431379
22571800,4,0.9825441144724695
36608834,8,0.629304667863267
36945410,3,0.5777038252108986
34913005,5,0.6108609416719181
8556724,6,0.6453816218827555
37014153,0,0.5541912400516622
7060534,10,0.4230608287756677
34377278,9,0.8433675340408184
34106696,8,0.4550098414877754
23393687,6,0.49570324137289273
38425775,3,0.43779176773600187
32443901,0,0.3156891006547128
34179675,5,0.32211575679923643
5441961,8,0.7356016221258964
8918847,2,0.47857824569877294
26879942,7,0.5598241421143215
14423896,9,0.8108468719789739
22273985,8,0.3700463364173511
19274503,5,0.3548024288669672
3419202,9,0.5844757338093305
210629,6,0.34398361838101915
26626238,11,0.503432906216619
37529333,5,0.3078503587459005
3452489,10,0.9612010619276468
25257932,8,0.3971825329563878
3467723,0,0.25204947968117614
38000237,7,0.5653046309513451
5617322,7,0.4374405263779512
36834574,6,0.5246362871138471
9832622,1,0.5345782274067417
37750899,9,0.31842109515117695
9307836,8,0.686332138791241
25212804,11,0.2412372675651373
11807955,2,0.6724738142193901
328964,9,0.6535773165977421
36243708,7,0.46874319079675525
24075340,1,0.5340332626608462
32620164,1,0.717376112159368
19694360,2,0.6133359272301816
38427570,7,0.4248864616180996
29069306,2,0.6487101035983301
2233422,6,0.5118116874611924
28774824,10,0.34323067311581307
12935407,2,0.5931119956918597
34090316,6,0.2438895023815058
3899593,0,0.9999999999739021
22177059,7,0.8595190770289486
34483142,6,0.3274795494963428
11125690,11,0.3125764221045237
883520,7,0.32959429025740267
32039423,2,0.7669383485343584
31100948,9,0.6411647237456983
2526589,10,0.37490985616503686
8356907,0,0.5959982793916823
33843860,1,0.36596853619609815
39964728,4,0.4780336091310937
30802158,6,0.8573458082003991
34429375,2,0.19441500900423161
18263285,6,0.36013572708722535
22572768,6,0.26597371106480006
13714790,5,0.5140115389831451
19712395,1,0.3621281926960924
37055664,10,0.18272683981620014
39952592,1,0.6153923944617862
39995912,9,0.5845115493345433
17386151,5,0.6430694935188925
11601243,6,0.35494070455103216
21923120,5,0.999999999990507
2619129,11,0.5173545297839036
7362770,4,0.3626449396340022
21352925,10,0.5043222578349194
6963302,6,0.45466881263509984
28099106,11,0.26872320645496567
9644784,8,0.3143285943470043
6450228,6,0.4295982650617765
1386093,6,0.2676535901128541
3497223,0,0.9477594558666836
28489598,8,0.22049536982549114
19898403,5,0.5101669882138297
33113135,8,0.28239075524686225
13094829,9,0.7324090874161616
39227706,0,0.6309156821743186
13993492,8,0.38695544702559626
6855984,3,0.5180684409989992
36841861,6,0.38492763657578677
8074850,10,0.39257777131294014
15296126,1,0.8231949441522236
33831289,10,0.6061338054929275
33536525,9,0.44430256921651146
302867,1,0.801918275214024
35702535,1,0.5536912725312778
29835163,6,0.46293529586941684
36023521,4,0.682757199928387
37134281,7,0.8059885175551428
11574850,7,0.7736234973571199
39998184,4,0.8246647512815779
38839828,6,0.3310688685943217
38977929,3,0.45509137985528625
26410206,6,0.4882901703359948
35559678,6,0.3876034485813295
8689825,6,0.48178748573075436
13982442,9,0.21809009036511637
14026851,11,0.5489904728762005
807863,0,0.44096396769253055
33228369,9,0.5490230211897201
7772253,9,0.4377614725825265
11861704,6,0.4846057774831958
22995375,3,0.41008501755115395
22553679,8,0.32109959143660244
29437675,9,0.37317479174953067
20553596,7,0.47806898839833556
11563816,8,0.591024360183603
32902832,5,0.5759554092492071
34789658,9,0.3889823021674877
19630737,0,0.9019227898048883
11518252,2,0.29642182449578025
30387793,7,0.501391768761567
23184410,6,0.4790596363567312
17862520,9,0.34624374088156956
32193211,6,0.5826038840246613
29880154,2,0.47372800141403254
24665536,11,0.657592971480324
38602884,4,0.24793504945206102
15515218,8,0.3257570115214482
27993036,5,0.7803538071928398
30024717,7,0.5253596994225951
19393677,8,0.433790927643624
39946601,5,0.47986397084178684
19704067,6,0.7061104618980002
3690380,1,0.7830672265832759
15004838,8,0.4231959128089287
18117806,1,0.6621373006037395
27181990,9,0.6422611764413212
39043417,6,0.24202749858525763
15341762,5,0.9459268562777792
34798558,3,0.779845142069203
29957968,0,0.5017234328241912
21512305,5,0.9164502508146785
36815187,10,0.6045322272538826
330383,4,0.5187775830100714
21222458,1,0.6104471294940547
12086724,9,0.5814896443003534
21961037,7,0.4624059977460529
3687702,5,0.6872206738986198
32540422,9,0.2642806681533297
2301458,8,0.7839336635193862
8814383,6,0.7397589174598068
32160439,1,0.6026738911248646
6807459,10,0.4598406740753099
30337602,9,0.37284360920278065
30539564,9,0.4749892718594839
12521575,3,0.32464755226303343
26404893,6,0.4487220354918795
30094682,5,0.506605583873498
32655778,8,0.42050337040599844
36343197,6,0.8593046115777631
37283514,1,0.3993573693457264
26083293,4,0.7620903563962794
29347626,6,0.2884689328778851
35880249,4,0.4827585259016637
17066451,8,0.48777587598895844
23232463,4,0.6719103123237617
38026431,6,0.36737708155221893
1918270,0,0.37530891402168315
30684872,2,0.5334708164354786
10888373,8,0.35377476405620223
24932730,8,0.32713836044184913
34740102,1,0.4752394092186934
2085592,2,0.21332215990408523
11062417,5,0.5941004416438849
34143988,4,0.6737493073436918
12855534,11,0.6539469292919062
27887393,1,0.34427280887749395
11371415,0,0.5444234713356428
27421282,7,0.3108829842850731
36006248,5,0.3689183685151396
5848184,8,0.4974807873568823
33969479,2,0.750035134785964
1776290,6,0.74580047342388
35765317,5,0.49667607105656886
31237499,9,0.4061840186788809
17535127,9,0.41889292792206917
23156116,8,0.6626470819218596
16971396,6,0.3883525660310293
16396599,9,0.7303479384839527
16267450,7,0.2785397676477622
19645908,2,0.4941048002007085
10459041,6,0.5107807684582519
13111899,6,0.6440888498602453
18249177,1,0.706637765899734
28489031,0,0.32777047698633155
20098238,8,0.5972433094437889
39580427,9,0.2815418474797263
35210564,1,0.5801761260827663
2419416,8,0.21658593174365426
6734487,6,0.3211236881835872
32071337,1,0.5360463137156706
14396178,6,0.3530028863859918
30222389,0,0.2917878887379655
33593485,9,0.7445143679985503
32216391,3,0.2750670839140634
8186828,3,0.6449390528079487
26578264,5,0.3928307147107979
24884756,2,0.7249180564225292
37276888,5,0.7028390967249813
29219386,6,0.4613595383938247
32612026,4,0.8254007606534767
37634370,5,0.9499431652646693
16720033,6,0.35386617764893435
19227798,9,0.41677594355719944
478655,3,0.7327446385177808
36250928,11,0.6604137710007921
7585617,6,0.4694755503826997
31459325,1,0.4970520189594731
39963452,6,0.7847623308070992
8280533,8,0.5198346946605523
29190966,9,0.5194111473670395
33821264,1,0.6544352746033798
35643326,8,0.5360398403845317
22133694,0,0.6480801685295321
7614869,3,0.5014929987080448
35603454,5,0.5036037010421154
38529246,6,0.33507966734384675
16514138,10,0.5836655675539565
6101902,5,0.4425899564529242
1122691,0,0.4360949632516538
20434470,9,0.7863765422322412
32699740,0,0.6648394159530958
36002197,3,0.42615573918353505
37917208,7,0.7098461210945096
34357439,7,0.45008759821525274
33760441,6,0.3976529114341146
30251145,2,0.502937556526974
24621808,7,0.2925227964333168
37559279,10,0.3638197467640177
10055045,0,0.4699419620258461
13070759,6,0.9053597279339942
24017943,11,0.6913191794918784
25796140,3,0.5225800355216209
37623036,0,0.9999999999780336
6541771,6,0.7221464645394692
30133278,8,0.30886260618909867
12564043,0,0.3339731093150206
11732792,7,0.38959312672580343
1052613,6,0.27300926468904685
17065009,8,0.3683566045816448
33611969,8,0.5058855461243945
32354312,5,0.6955968811531454
2773164,1,0.4894094400096296
28246304,11,0.6090757959792527
8328493,6,0.5048968611664552
31592791,4,0.7721076226128638
24101426,10,0.531952810557915
1734001,1,0.47881104236199507
39926533,2,0.7791739966165195
22095074,1,0.4601603186601543
36600293,2,0.9829478778663958
12010140,3,0.5959056647918646
6356041,0,0.8027387229204597
27221223,3,0.47664258840071044
38243055,10,0.6939222001744568
37124512,5,0.5872197064195233
36364357,7,0.3119051613771175
22968652,6,0.5461077542679125
30372907,9,0.34492238161744987
19710362,2,0.5276921284284458
10146959,2,0.705356684885033
27735999,1,0.5617569127622379
29307448,6,0.2537047331652988
6320954,10,0.5166104537061995
27818607,0,0.20679609432659843
37037751,5,0.5408949497541395
4064464,8,0.6018399847533286
16327107,2,0.4430410031855732
2541254,6,0.5343675978950038
33077395,2,0.5873782883962356
26207392,9,0.46182717351187763
27208413,4,0.67812031622337
23056739,1,0.3360456882756087
34046626,4,0.7216993509112085
24371304,6,0.1910706372708855
39165078,5,0.5947537214206453
17046421,6,0.4617660250130827
6824062,7,0.5535162219266473
26198847,6,0.6109513490665102
35963509,5,0.3502125620512207
23062193,6,0.267216369601315
26588154,3,0.47539542993226125
36242349,0,0.4437281299457244
19821525,4,0.38560430746660995
32881905,4,0.6968153910273186
2581217,0,0.2971899314530013
14992675,7,0.5116289314200427
33153821,9,0.7936827907875739
4088731,1,0.37885511274814193
26080808,2,0.8076458550000345
35454093,9,0.43803908076117304
10566382,3,0.4382579870229297
13323929,9,0.6212620278117246
12056115,5,0.980765471395267
39642663,9,0.49020469473036643
12432130,6,0.6648150704448508
27098762,4,0.381653188620875
38602963,3,0.3556296670369817
6834388,8,0.3277235355434829
37354691,9,0.42596067374371
12124959,6,0.5729062096418481
27333915,5,0.8969197457633714
29517825,1,0.5369739088297683
35153942,6,0.5052188790105202
15603356,7,0.6562154273767037
20182748,0,0.70127377176438
13055776,0,0.4645789229859674
2207875,2,0.7293068098031501
24739533,6,0.4441896136025798
36308320,6,0.4265344478155467
29861653,3,0.5385996023117999
24511046,3,0.390571269782898
17633734,2,0.6539027227561154
34030573,0,0.690038733010684
33426715,3,0.33141631617368805
23378076,5,0.4538710384444462
25898282,8,0.3197168194470906
28003189,4,0.31737758696096235
24414647,1,0.24474962510597656
24060728,7,0.6828262989003785
27670396,9,0.4063765133921046
35425476,0,0.3864696868907732
901704,0,0.27660142061247694
26428941,8,0.5619040994113186
6321795,9,0.40754523590253355
12785133,7,0.41641418286797066
15649257,11,0.7846783061223022
35735064,0,0.2615829614799076
37174909,10,0.7506461004582885
19200608,7,0.49038889590467627
14905866,6,0.20742999317170552
23599650,1,0.39543678624121803
19657301,3,0.5421433362045154
19394099,10,0.46455350324228956
8247151,0,0.31059732447857885
22648641,8,0.46899861645841706
3460867,8,0.3748384824322518
3936798,7,0.7233768341891096
36442900,1,0.6975466145125022
18700929,2,0.9165072915838797
34434353,8,0.6435447678768719
23066149,6,0.3911447115670713
13854472,0,0.34144409833087164
30492556,4,0.8987177384815165
13820954,3,0.765309090661859
36766355,6,0.3506445340699476
34020508,3,0.41694124495540297
30990342,5,0.22453083650881916
16078366,1,0.44060914006033186
21393454,3,0.6660452032053641
19160571,1,0.35462968077864593
18129860,2,0.47344069191816346
16797459,9,0.3377252000084274
34323570,5,0.7488184804535721
6678266,6,0.4699823038856627
23229649,10,0.32148977979118953
16746609,0,0.9924924387277133
32697958,4,0.4409585165137961
36590898,8,0.5396085313775916
28551122,1,0.6636433644174639
36076136,0,0.8282033966498851
3762199,6,0.3859678056055747
34004922,8,0.47441817225487287
35620938,8,0.45299010984323534
24212450,11,0.3491860836821471
6031007,6,0.7807286700865511
12623571,5,0.6474979979233695
8193965,4,0.2662289884939589
38599261,4,0.42538489873808916
18657935,9,0.6478239601994636
32099273,10,0.5198747445994438
30082300,8,0.7032912378581937
9108238,6,0.3074927198123254
2939070,11,0.47133950205417885
14003924,7,0.32946650929442817
24806069,6,0.603405709169478
35281989,9,0.8338283742101222
13324439,5,0.37996726338839787
39400302,10,0.2891415356806614
29382145,0,0.5151788141289225
16042773,9,0.36756802480479805
37733892,5,0.6712338203584619
35437458,2,0.5984731900144338
15898798,3,0.43553894387171427
35483111,6,0.47121510342153755
12925227,3,0.4924855948147808
17995668,9,0.5932669556601479
34187515,2,0.7473210666740513
24481169,9,0.40452127184646225
30654895,0,0.39511496216220116
11943831,0,0.4945164820969735
1315425,6,0.6241796734176566
3096953,6,0.3610002296537455
7501557,2,0.7006725628191751
27554036,4,0.40521883994186714
33461115,7,0.4995388978433523
4525735,7,0.5058696655619639
14783714,0,0.3613974560329968
6243276,9,0.3718011088986263
30227503,9,0.5199763976255672
26271715,4,0.39197704309785225
27241726,7,0.29736079133258814
3112469,4,0.39250892990750286
27872305,4,0.5682490083616397
33373465,6,0.32882070673003627
5966852,2,0.27424025088010295
15933588,5,0.6656042801011748
3137685,3,0.6445970808128545
14660541,9,0.4353758062293722
38057096,9,0.6258750087926302
23255308,6,0.2940724126692478
31308318,7,0.3919293728190712
26313520,9,0.5006328264235281
29933701,9,0.7682152701767457
25397971,7,0.29009065699954856
28155383,1,0.25225049266739064
21682086,4,0.597253488226973
10499258,2,0.6413421859382931
8543730,6,0.40955459343482026
28733625,6,0.6122778296819559
23737316,10,0.5683380830313892
27531010,2,0.39317179227558396
29931461,11,0.3730238303948294
9223579,8,0.4518127282705781
30732569,1,0.40723291261992056
15118741,0,0.9379197523629762
37480466,9,0.5757382019431054
22402599,6,0.5140415914747469
29871621,4,0.7849550162071496
10513235,1,0.4061278392119647
27900812,11,0.34061814407241137
30449763,0,0.5315463128624658
5853948,7,0.36708883046007446
8718878,4,0.37509950395374936
12995925,6,0.4394342932029141
3139922,8,0.3931287213684954
39946750,0,0.7178814008422533
1224585,6,0.7099015099206594
34146628,1,0.2849612891964444
12014042,6,0.46366403220088803
28209329,6,0.3375055786010315
29612259,6,0.32699204984630864
31124329,11,0.7201099776361003
31130450,6,0.6971361265308906
16307640,1,0.6493362054978903
36702370,1,0.39773916012665866
35402874,1,0.47734407785139654
29682133,7,0.2459421601115864
8275746,5,0.668860420255148
28664813,6,0.4899026180581393
31728810,3,0.6410591959855755
4616272,2,0.4007439389006866
10545041,9,0.39794868485796653
38985598,9,0.3113349179741546
11487036,3,0.8327797511529109
35678215,2,0.2725194886518731
5249917,6,0.862342598213068
12651618,4,0.608533193866942
32550269,11,0.580195159637768
8749505,11,0.44611958102854593
5263712,6,0.5594070723985539
30771652,8,0.4343436109019637
31328367,5,0.8873464883045831
618827,1,0.3065569835803308
23846973,9,0.39535513044046383
27468051,6,0.3822790818969512
10693808,3,0.4662957580014471
34544588,3,0.43139120835439804
31621154,6,0.6268035147325262
25311754,7,0.31976424908933687
12885860,9,0.6437199151220057
31393322,7,0.5660077566161129
29030682,6,0.6497260210677409
37840809,1,0.48936495015173737
25455462,1,0.5075969747168351
9933920,6,0.31137723629486136
16903409,1,0.3386507059830534
35963592,1,0.7185125674380987
1059594,6,0.8536737497996049
7769419,7,0.5233567943943244
118467,7,0.4802875256660948
39879746,11,0.6769999689087671
17737638,9,0.39870544730697155
28038453,2,0.46939473967539846
36186554,8,0.2854462458732686
18647236,7,0.3282881623447078
22874513,5,0.5564045226224182
27767662,6,0.42200237730677953
5791766,6,0.8155828058551338
10340439,2,0.2923749405328123
8647735,10,0.6941795045656695
39734304,4,0.9777416099275977
22002726,1,0.61169634546251
14896982,3,0.35190238956248815
18899648,5,0.7068455968905883
11062773,9,0.3810481111837431
31436881,0,0.8379173205416196
16198789,6,0.4930789633618148
28074495,10,0.24047174793422646
36693486,9,0.2574784972032009
36907242,7,0.6129592250938146
14694834,3,0.5944221190309349
28440708,8,0.3673606273334496
24705646,11,0.3305440460581196
6094171,0,0.2145857314250395
16953149,6,0.36720603783854217
12864911,11,0.3286824994709842
29321077,9,0.5855565579714375
33176278,7,0.8025617308754857
36212494,6,0.7196824550716208
6474549,3,0.3856580362670381
21659375,7,0.7487549054449314
8402176,6,0.6293023572398561
29590988,8,0.7523118351095034
30233109,3,0.632562258604903
36377688,10,0.6744867346488084
1998261,0,0.40711755300050606
32608199,5,0.46573806430297376
16774889,0,0.2683720825379951
32930452,9,0.745583656394692
23784905,9,0.69409481076619
295670,6,0.44472743672056503
35439244,0,0.6487309121129714
16517303,10,0.3516492536015585
28694021,9,0.5849547155282533
35945362,9,0.6676531143049479
35104067,2,0.7654811281136105
33493723,4,0.3364755231502515
16332861,9,0.6295159689859535
5638334,8,0.497087242010351
36795745,7,0.30373886079012935
28228218,0,0.5003889719910694
37959724,4,0.6813341115881052
35838690,0,0.5681810561541608
7117318,6,0.7142853280477405
26558617,8,0.5786650512474403
36757965,9,0.5440885210515172
