Id,dominant_topic,topic_weight
28086865,15,0.5001846119921112
39663117,13,0.6944829538116379
37259168,8,0.575655851799836
22412231,8,0.48963208913256734
25090735,11,0.4252369251717969
25279059,1,0.509129131496113
22719224,16,0.27112136228813494
7549662,3,0.41465426441281134
28233633,2,0.2265536580736855
40091963,4,0.8161469935090555
1366274,6,0.3289085158413912
1751959,1,0.4508856992666858
11596423,12,0.3396202451861478
23042962,9,0.604572273265246
4638806,10,0.18057606459712416
4585692,8,0.4241686151863049
39397720,1,0.2095803556734206
35880247,0,0.39879015645237315
32969757,2,0.4277656789833324
2323080,6,0.2518088406834602
32535816,9,0.32765705191196215
20383151,3,0.5995465058690438
3610071,3,0.2537820638202702
13596408,0,0.6044974645555666
39970303,0,0.2636086363870294
38164587,1,0.43253390846351863
19094441,5,0.685999979184331
26077231,4,0.4374176731721873
39066567,13,0.43828066897605966
27462337,11,0.38768754723682947
22865573,1,0.3844138825687069
22739592,14,0.6687278594287738
23785155,12,0.42618340845039454
39231607,1,0.4569163430812773
39518350,1,0.3619606483896573
25571861,3,0.4430631218888619
31614866,15,0.9222953454740399
15745418,15,0.33240387380293873
15900883,6,0.4057162547974365
32023183,1,0.6094791944319428
39549494,1,0.6341798277970393
38895185,2,0.8223190121666946
35792905,0,0.7709450231913799
17717282,0,0.2543867921662
11040626,4,0.8358006340635058
36747114,12,0.27562781967928174
3695202,8,0.2020336366934383
29552575,14,0.8016363375326825
21058514,9,0.2580934777502593
33769143,16,0.40560554942217125
6239042,6,0.417727931680281
13144158,0,0.7909857073825256
34278866,8,0.32224797951854145
26080958,8,0.4655652433884039
5834054,15,0.3512551147410934
25705544,9,0.3659626926430384
27542341,9,0.6367979912640592
38316294,5,0.3352276438500576
20110006,9,0.40436764443039175
33127008,16,0.5773580155883714
18596189,15,0.3681338760467591
2483840,0,0.3369224626553135
20803932,3,0.21111495365296284
4848965,3,0.3190038221963034
27056575,15,0.6194344347266317
8701419,10,0.42713001970657716
4690155,12,0.5750115690292603
26673267,2,0.4830415150379186
32463870,15,0.6678251400130168
36908926,9,0.7034909892602285
19472499,15,0.20723459506312752
38780122,1,0.5473804891766946
37015876,12,0.47454703036117135
12030085,12,0.3304793665123118
29859761,9,0.394464813182517
33753832,0,0.5199066578279938
4676973,10,0.8059940411286753
39111903,15,0.5142133337617223
27177212,6,0.7754786353462542
22108306,16,0.7360970616428646
38792077,15,0.3947591226844457
32589767,9,0.2575353978080363
3402694,1,0.29125918555062175
35942081,3,0.28708220809861523
26753268,5,0.7059498373755669
26487648,11,0.6683397515450725
19338748,3,0.6424646290278874
19111047,0,0.46564069472422903
13980656,16,0.5104766673993872
30849351,15,0.5396571978682285
33655933,12,0.4303034962978661
13163895,15,0.30423297071510563
13356680,16,0.4904343375839995
16991754,8,0.5268612905617137
18380766,10,0.6933293354076892
5522524,8,0.5124301220226867
39521924,7,0.4633991474349476
36795424,14,0.4692943706363533
19665125,9,0.3154591659691708
33792478,1,0.4011899582714382
4054254,9,0.4000511932865052
25109001,9,0.45899582286407875
2631311,10,0.36613089634920143
843277,15,0.32463033687919285
38879470,9,0.7583900026591627
32906669,0,0.9115785023580909
23873048,9,0.30048278371583004
31350589,8,0.5071670036387953
37730751,9,0.7763854250464983
11816236,12,0.30391113121231844
11376381,5,0.3193600100581435
36053881,6,0.7488605336787989
13336798,0,0.385045710027285
20298058,9,0.34698811612928065
3068408,12,0.3210455445239933
21465348,13,0.712801744039016
37066402,7,0.5126455591094059
34394344,11,0.6990101435272046
36447378,11,0.3275875795214497
5075335,0,0.921983185225032
36507334,7,0.6207829672272158
25709818,5,0.8102861511521381
35046142,9,0.6110530445398286
38591938,15,0.7563989745190443
37390827,1,0.9347716398022684
32683412,9,0.41230553623142163
34880137,9,0.45315145387917055
27434689,16,0.40017012389689366
34708972,12,0.5864483649251608
7765113,11,0.3536081209061992
37864425,8,0.25992204599251106
6107905,0,0.7784811940290597
39978375,9,0.42110512181794246
4968210,12,0.3942058255941289
25462305,15,0.43848096279744864
35641116,15,0.5531983750528604
36816386,8,0.41096520360869426
34683400,15,0.8093690980522396
36820171,11,0.348095770396268
26005274,9,0.6356565021554359
38477881,12,0.30643699110344136
10639333,15,0.48582770757514787
25387745,10,0.86162776969555
40113343,9,0.5264937081596903
29080279,10,0.2671526762896197
26615756,7,0.35113622333590244
6655724,3,0.32044052125744227
38876562,10,0.3561901958579484
33592626,0,0.6048196151081596
29144956,8,0.3603638361204368
23970227,12,0.24311316684290835
5531249,13,0.5396900330389692
35224978,3,0.521842120627358
6650906,3,0.6239907027523173
24037441,16,0.36298367300609335
12311196,12,0.36721018854976595
1056675,1,0.4405416150131362
24020720,15,0.4881889835828296
14319771,6,0.7415281006373929
5289680,7,0.6131283272294941
19919987,8,0.3311537530596732
22127346,6,0.6151895347183233
22983523,4,0.423187388467269
10587826,12,0.1967486880591643
29581718,9,0.2515000893733252
21897420,1,0.6219600728341746
24419845,0,0.4274204587117466
28624489,7,0.525858537706121
1693945,13,0.3667786711647878
17124199,8,0.5278015514754777
21397455,3,0.875345955193035
16494824,12,0.2704799234054512
21436163,6,0.5231634573433855
18896682,1,0.5343097988790553
17621531,3,0.5279636388551051
36534795,9,0.7718815829528727
34381588,15,0.5639786855177435
31538738,12,0.538337170645504
36813851,13,0.3468641581550629
17173743,15,0.42030537088611164
17327389,9,0.2249181104293859
39341571,10,0.48895555715894296
18968660,5,0.8429760778136911
12485148,8,0.38784187113016644
32705146,13,0.7657963822790586
9584565,15,0.40686604975155
39331369,7,0.43581079901044595
16059073,8,0.3060984436424542
31253866,0,0.8952151613407097
24743446,0,0.4569913723580868
2465675,2,0.3181362545086128
4713589,8,0.6795654294522253
19216046,9,0.42094697643531404
13369009,5,0.5251289089954072
37541248,16,0.25474890413842455
36518512,2,0.8068461820546137
29408529,8,0.3087832318741577
23617898,1,0.8585942630007416
40006924,14,0.7794401284278755
39394936,12,0.7822752542175593
34352419,3,0.6648885144914322
22731782,15,0.9321833516597982
19484161,7,0.5437527078203568
18352815,6,0.9612409264260946
4255854,7,0.432893023892853
4717238,8,0.31826889628163035
38704586,0,0.4808966895648972
33572928,16,0.35565974081646956
35846053,15,0.7464553411745155
38343972,4,0.48752305630038645
39396222,2,0.4041795509200362
3842927,8,0.3267780502882313
15966537,3,0.416152676344108
23154821,9,0.6505043270896905
23580176,0,0.6864379635799358
3489451,10,0.45822532945842925
34052977,9,0.35442921054666154
8358781,6,0.777300270217359
5566160,9,0.4766584413929781
9952655,12,0.20609218490373024
5258402,0,0.4790617972567756
35822563,7,0.4635581920369296
11601629,16,0.629757471209267
7184454,8,0.33883315383681845
23779995,2,0.4207305273026012
18767257,1,0.4081282632180241
10292057,11,0.41833533085073216
9193773,0,0.7761627355499379
15194061,15,0.44019329449324457
33452601,15,0.4783450624319647
13664861,9,0.36754934272695805
29922373,1,0.47511966788560295
28410763,9,0.27705976826602685
35006204,4,0.39988161929216787
11017984,5,0.48838238579928245
10459673,13,0.3195331630763581
36854690,8,0.23487184293531393
20129259,12,0.29809840407642085
21434728,14,0.3085244786876624
18667053,6,0.5422665512705633
39448604,6,0.3580380741724507
9852226,13,0.32511276919010784
34452680,8,0.37379039171168427
18821795,14,0.5859124721748478
10903748,5,0.4709697353522582
25375057,15,0.2707608673727633
32723802,5,0.717907601147406
16044668,2,0.6866837235230651
26770121,11,0.8086150135788529
15661231,16,0.4443884730792813
21403044,2,0.5408173600576489
18946286,1,0.4157955534889189
35625488,1,0.8109840179262128
36301179,12,0.5665000020250666
23963369,9,0.43555156811612056
21047921,13,0.3769826061339414
28677597,9,0.8710280706452136
16597396,12,0.5198135707078733
19430190,9,0.5622921304965975
28085788,14,0.6014086281047597
16664360,7,0.19772387795666896
8973238,1,0.39347520771969646
38343213,1,0.3388693751354248
16329869,13,0.6779839310950048
14621310,8,0.3820757854724244
27524817,1,0.4042030312740352
29029077,16,0.7260619841029289
8573464,8,0.4602378287679858
28930706,15,0.23154705300063272
18486244,15,0.5175990683055387
28384690,12,0.6675268698342411
3905548,11,0.43181013444270483
18689026,9,0.2244628419360167
36689898,13,0.4993680839146169
5513615,9,0.3790154425276486
14902299,15,0.34385423236349744
38579256,9,0.6352595756054262
6871686,3,0.6283019278522985
10424987,9,0.4322747739673724
33492593,15,0.2704069866792717
27440989,10,0.3400214713167781
2193009,3,0.5897271525489923
31419145,0,0.4593165985395969
30025502,15,0.5861019491399618
15265319,11,0.4657665862942338
38289432,9,0.39296818695328434
36697521,4,0.7470369841686724
38038700,15,0.48045706657511783
35440222,10,0.27279999780779723
31400143,4,0.3602932534158042
9014056,12,0.4924228271635812
27118886,11,0.7894811542282658
40027392,9,0.5499716472015022
32078763,8,0.3450800781095852
25064271,2,0.7295218127173204
19833315,3,0.4391272978142158
17202946,3,0.37903772645102696
1258199,13,0.5138308846035994
21705101,15,0.2687738379915437
29832659,14,0.5114511110190146
16816379,16,0.3581356789001165
20202639,15,0.23037083125511162
822195,16,0.3053924274815186
37467812,5,0.379946357548735
39847007,1,0.5442326561936311
11268039,6,0.3907960814817758
29621334,9,0.7100164105359685
17459700,16,0.2679142323326073
3165213,16,0.5949332255972426
31473998,1,0.6820383155969454
22301531,9,0.41173260202054157
22787091,14,0.44002585500005054
25903242,15,0.729367454329229
30699806,9,0.3797138792447079
34071495,3,0.5389445690474267
39128412,3,0.8350130799440666
37749111,2,0.4268515909090973
14734492,1,0.382681615493823
13167852,8,0.7160739595599496
39721813,2,0.481734016353689
30444863,11,0.2928440302126646
28228720,15,0.29681288407088435
30016119,14,0.8176461958798876
20109487,0,0.3242196252137215
35461213,4,0.33263252523545556
17528842,9,0.49162782783620457
34133667,5,0.5451107063787195
13446989,0,0.3520867882328362
16435697,4,0.33805996824534473
12612229,8,0.4203340092042285
17412087,0,0.37190576492253563
35505498,12,0.5984473414057784
34422238,15,0.6894933816484351
27810898,1,0.2527230680535176
17229045,1,0.5255680553500945
22254151,8,0.6122126420928607
25319851,5,0.5106973359082543
20966102,0,0.2298253019250552
38117824,8,0.28868163517575884
17384485,8,0.43389976331443864
8320106,8,0.4416798707490168
39151443,4,0.7157359128171765
992136,0,0.9433084452915732
26984555,11,0.2667217546759082
24422724,0,0.30890930245456283
19693782,10,0.6880703809119602
12139428,11,0.374617267061796
24286544,16,0.44363703455332315
14863576,16,0.4802024328479383
26214245,15,0.5845257985568821
25379098,6,0.38902282998830734
9526873,1,0.5224902589787629
7385374,9,0.25711603827653595
928806,3,0.4933476763889971
3861148,10,0.3947969209784966
39533524,9,0.4621637435019069
31946790,3,0.401316589004734
32689758,5,0.579425519469132
22946117,6,0.36647812975041927
15555589,16,0.29039924371637726
3134850,11,0.3334744024472762
10831075,0,0.6474069425363147
20629113,0,0.3269704901541779
28917968,6,0.2946925786923989
28999332,1,0.3690583474732129
21739518,16,0.6454472911527342
18241359,5,0.6071131027621197
13010551,13,0.5782134732000198
11651188,8,0.36132942397126244
9100431,1,0.21733381875175206
34657480,12,0.4038518540386324
15898829,12,0.3490616094992068
13729394,11,0.3462967729874696
6603448,8,0.2770851584298454
4293408,15,0.3074628294621157
28862412,15,0.5571173730892001
35590796,16,0.2930335112269817
21735827,15,0.341358776632433
23111625,15,0.322177919147325
13093806,8,0.5312131518063974
33426634,6,0.5574779922983414
30032701,15,0.25573075281659363
15622082,11,0.5180687602330348
17819311,3,0.3255229073669593
7381998,10,0.5078585056323796
36169342,6,0.44876251032621733
22120887,12,0.362603709779605
11850762,12,0.48869880978212865
25726289,14,0.3445826988922301
13792798,14,0.37883613306038755
31657423,8,0.6763110099851013
19655688,8,0.5530507100350032
23409982,13,0.5645845955891505
23704826,13,0.6055244629690892
8535913,13,0.48374119372622454
24540431,14,0.5603885894666335
23021976,16,0.5597483910936479
7199405,1,0.34171592766075815
36447597,3,0.38471121826620497
22386064,14,0.4927987355067783
32660596,3,0.32198641171857867
34662357,16,0.3133431064963767
37166891,15,0.39564909763192174
22411463,0,0.487403471377547
8953035,9,0.49258546196512026
1905396,11,0.47502199958302227
27208757,10,0.549646820731766
9645924,1,0.531123046790485
39509080,9,0.3607504969864868
11366294,12,0.6333829748674266
36385992,0,0.4570510750543265
7969552,16,0.5293052152027518
29418117,1,0.5524710325239718
9486345,12,0.22352725981865573
10773372,12,0.4791045323507427
13936169,9,0.39892394034629197
33680750,5,0.9510372318271019
29471617,2,0.40326837863541454
33971496,2,0.7630843264281273
35585362,6,0.33329054981999184
32177449,3,0.28423141025413606
11388632,12,0.36187350822214476
1111173,11,0.8022784374468604
30036443,3,0.4009094774257885
17320133,8,0.6704528959551355
12853628,8,0.33146576103309855
23159019,15,0.5375215431637003
1956249,16,0.40601625135657615
35722096,5,0.3946176148567135
18799033,6,0.44560930934823195
6438260,1,0.4164825940112757
19782309,9,0.3708716098328135
13018266,11,0.4862179709630382
34336273,16,0.3176136018566744
12851374,3,0.3350181553898418
15821830,12,0.1895205067116688
17060930,6,0.8839188138914349
28267756,9,0.699626413627946
38778676,1,0.4233688057299467
32358269,8,0.46795209726990106
21886526,10,0.44380893522349335
14413661,10,0.5981538058075447
4113014,7,0.5337486816738893
26897759,15,0.28028637281751134
38618888,16,0.42279387475855834
3442920,7,0.2954666349804942
23800972,1,0.18724730576949014
31063601,6,0.30690723508759
28705834,5,0.6650530167414284
27607638,13,0.5977555327246338
6931039,15,0.5314811855097574
35761561,15,0.5620043693527965
28288395,0,0.3919017746778496
32874900,9,0.6275184641748262
38071436,14,0.42984425242084473
27219759,15,0.22687318535755177
21158731,10,0.21301446950173744
26361113,7,0.25080726900792794
27034416,16,0.4800500691578411
22253695,2,0.36026459666051863
11622692,5,0.8089489252834141
16837642,0,0.2994347777797164
3894923,8,0.45059349587665243
17438943,6,0.19272693133211016
37732552,8,0.2829513516200978
23809636,2,0.9975664544197839
39143465,0,0.34257793139426856
10866990,2,0.8251997562535597
17197406,6,0.6790963156071917
2470121,0,0.26638088001399
34005479,13,0.4554348974903585
32079691,16,0.5429188104637899
28477877,3,0.5213999080673375
10497342,3,0.3443985261646436
22534552,13,0.2511477649815517
14922533,1,0.6731739414815816
35593961,12,0.40983923555803486
32141623,3,0.24385698571711978
35583510,10,0.5525568147299593
12170262,8,0.3147508099831197
28022998,15,0.9168463756042055
25775965,7,0.2860076192588782
22891586,10,0.4707514556168057
7973002,3,0.33531620150501507
11798323,7,0.2790159555896962
35330733,9,0.4657423429595247
14429724,8,0.37737803744345544
18598238,14,0.9873696405260076
14195544,11,0.2733651685197011
17005775,3,0.3954241237686325
33325603,3,0.3412687647901732
16787725,16,0.36935300990417874
38960196,16,0.5483916211680802
39829846,5,0.3009534234013005
26278348,0,0.6431624225563678
6203653,3,0.3310898827466109
37865763,4,0.4661538241371061
36491375,7,0.289031402803538
23833324,6,0.3431992707152248
30585679,5,0.7226954846433075
34462682,9,0.5186867167360936
18456841,2,0.5942724719601237
7070693,11,0.3437862953027809
16387597,15,0.41268634519509906
23295868,12,0.35337023415118135
21045437,12,0.49962767014229803
32334346,9,0.766044010920413
12810499,5,0.9999999999877872
24109713,13,0.36475011461131235
23891486,1,0.3752030413602243
36362175,13,0.32709753731780195
29701951,0,0.28672547846909335
5315873,13,0.5441788783949273
40140412,6,0.5761960143791461
22436864,9,0.6098930594931158
14236633,7,0.2137299275055144
38881888,9,0.2800358821690009
38807067,13,0.34714374895007255
22848533,0,0.3376331000060801
23711762,0,0.2056388133314382
5164307,11,0.3282771360677811
3898572,0,0.42115397310364755
4360636,0,0.29829216264575087
31402734,5,0.3068768823843282
23872285,8,0.3471253376512601
1431936,0,0.5403314259643872
39407747,13,0.33231074740153627
27883769,5,0.5082056975382037
4888440,0,0.2283589885099251
37022787,10,0.2999828560571114
24624809,1,0.7701380941356749
19610240,7,0.6211536228142697
19617959,8,0.7160139855833004
34714863,1,0.5603343864314279
818942,0,0.32265555071991725
29244434,2,0.4685214565558099
33333980,3,0.3616344054778684
1229414,16,0.38842936866880684
23506306,9,0.5343032554610552
22603750,0,0.7823799020720003
38723055,12,0.42545565914633915
39836449,12,0.220445952564561
34411047,3,0.6067109274738229
33979709,13,0.6153904354298101
34525893,9,0.4652029308689618
12328678,0,0.4750522484045159
31111493,1,0.9268576174905512
38367206,8,0.48058128977645787
22665833,13,0.716104083281018
8779497,6,0.53161130210989
28722677,8,0.3643009724726171
38384829,1,0.49653491375536896
13824973,13,0.4840172037371976
9770133,3,0.4891658235778258
29566846,10,0.4604580629461184
14579231,3,0.7297654670385059
33658216,12,0.4254820583684837
22561495,4,0.4822957387990568
5918633,13,0.4078355280066221
34383951,0,0.4876387440708379
27575354,9,0.9550538454558893
11228153,12,0.18668948033740476
3407414,15,0.6685461530424983
16813088,9,0.4810233128492875
2038247,0,0.43906906555106845
33713149,13,0.5671418166313118
5445462,9,0.8181268922670921
31872863,9,0.36441401180008026
3486372,12,0.3386732883765328
17492923,13,0.3926247718267343
24058127,1,0.3560138733027984
22787826,6,0.4892194093444577
24404729,10,0.7118205818823455
7768633,6,0.22691424691530462
8930370,5,0.2589481462104137
34584484,16,0.4204141747467518
17370820,15,0.4648191956338233
28658918,10,0.4466663406735004
25285665,7,0.29386023650592474
14588682,10,0.27018135681275834
23205147,5,0.7358123750558454
11897028,11,0.3509840312766453
28078327,0,0.2701987467039506
26698401,9,0.5077774292325511
33720318,1,0.7827249590413111
553019,5,0.2352390545243669
40121221,13,0.5860783772897667
31960214,10,0.5997647263061009
24981505,5,0.5490990244722115
24607358,8,0.7271887741523139
37302934,11,0.30730977493739353
23839662,9,0.7507706560177367
29901471,8,0.35423177256953553
24834926,6,0.35007761442019975
24087593,15,0.4100883064222175
36258215,15,0.8186650001528865
28119877,3,0.46241995260410895
3730616,1,0.6935261129423732
32991977,3,0.4477833526327213
2828962,12,0.26866888135891787
32040304,14,0.7768321905608322
26805232,15,0.22883980315728697
24056286,8,0.49010998606244816
21039589,0,0.34518050686312485
15807611,15,0.39466351998146587
9870182,1,0.5094910970965006
21922382,9,0.535245750568537
16500443,3,0.3621747363996471
22156574,12,0.2762614472395412
7829007,16,0.40730953645051643
33751388,13,0.5052422793434694
7629288,8,0.35155407812358186
22133696,10,0.5405184597752194
32121236,15,0.5512543864512272
2828059,5,0.8732556298879826
2041978,12,0.790216660618809
22251169,1,0.43593709093127164
15258017,6,0.29546112985380335
26187054,13,0.5340713628449812
14258702,6,0.5262893755010816
31949339,15,0.2176236881698391
38679516,8,0.30113477071623673
27194710,5,0.41862574271501296
29847082,9,0.4896427675105854
27959962,3,0.2248530862405626
25914854,12,0.4289748056168242
19261392,5,0.6412654532242377
25490432,0,0.25515624746916854
21640880,0,0.3993368318131052
25455067,13,0.5327162225630084
27790357,14,0.4048730579352994
8449454,15,0.535239074078363
19169352,8,0.5327940392026376
29743523,10,0.2622541122822277
33657182,15,0.3625524573238453
4295799,3,0.3938078565155792
39084519,5,0.49900942254612235
25720742,12,0.28859750791699473
35540265,3,0.2841258868753126
15947517,10,0.7676386715883974
10475448,0,0.3028540292495278
22878113,9,0.510174357609632
16022579,2,0.7104747470489031
35984404,13,0.37632563616737874
26876438,3,0.33088871657408236
10018679,16,0.513258655960687
34257693,1,0.5768888712425326
31795092,15,0.4356117973907976
9445835,16,0.42087388741899856
19527097,9,0.3781702561301995
14658945,5,0.9263959852789704
762764,10,0.20799749371613968
24591917,9,0.6518845112603843
38237598,12,0.41414915895960386
1842389,11,0.38882167950304475
23618728,1,0.464338447059727
29545601,10,0.41869761269790773
31307014,4,0.42407940204852157
38447314,8,0.3383595926957316
14621224,1,0.5204433972150398
2415842,3,0.35829498857716946
20502312,3,0.5222046718157627
21113773,8,0.27731395943980447
31487381,9,0.34218684905702257
16700779,9,0.3275077650123738
14533936,16,0.362015329841172
32485542,1,0.7412038100716865
32813162,15,0.27464209692608366
30834395,12,0.41432315423544597
33405490,2,0.2963980867033959
28882496,15,0.557988392931553
7556499,14,0.4145440154028614
32740320,0,0.29682325524406883
11481618,15,0.8089327661164017
24376574,15,0.22495702923906144
38219558,15,0.5209243491066684
28520450,12,0.5535710534930899
36131003,10,0.45187025839437256
8299270,3,0.2682531954925316
23234436,9,0.2800243869276743
37830512,5,0.35802884826034775
5403138,16,0.3971962433050615
37662869,12,0.3715818094226798
3586295,6,0.8308385214959139
35258750,4,0.5704805036543467
33713501,12,0.3633428512169354
24057239,11,0.6255341135879463
18478240,14,0.4149403646275786
35696980,6,0.37720082136569455
16022245,15,0.7939089182728992
2524998,5,0.36522560706474394
35332978,10,0.45138953804896836
16981303,8,0.8334061650747512
34662173,4,0.22345759222500863
37471079,8,0.4159218439324525
6162823,15,0.8483556949662362
36163949,6,0.7220511611188415
15378537,2,0.2477508329908422
38708729,11,0.7569495672578509
16110968,11,0.6856552227537442
27772934,6,0.292223084509841
21784116,11,0.4709762804001628
11824137,11,0.5278204016035297
22899536,9,0.8385457263554479
34322896,6,0.4040302080377543
20444155,15,0.33133834417707364
15541418,9,0.5825566979663127
39776675,6,0.3172158284951701
37019240,5,0.3498760710281655
12559778,1,0.5846403351305028
12658224,7,0.5132341907196902
30380551,5,0.2451042253415459
39214277,3,0.6085371112884171
29973598,0,0.5058605691546495
26642433,9,0.5350368357666396
36152287,9,0.37218110636925583
4098197,12,0.3354901199172806
36894878,12,0.89409086314777
11059203,3,0.31687179953311895
39792641,6,0.429034785654605
1364583,3,0.5240336611848202
6912867,6,0.40381950062214245
12289861,7,0.4080658098992596
2743070,16,0.608220439380001
19715854,9,0.35625301983961793
26352833,8,0.6059760098654483
15638468,11,0.19001837356350862
18117748,10,0.612978853859798
18324753,2,0.16709782990332964
26762053,2,0.7306223236535682
18915481,14,0.3165772210164339
21285022,12,0.308553861215552
1720743,0,0.3132384845611725
37579590,13,0.6889869414163212
6322158,0,0.386790316262892
36091759,1,0.37745463827010733
36764709,3,0.40084832950053206
8590813,8,0.46486938861599536
8904271,16,0.5177763123315426
13209539,9,0.36061001858464053
32877873,9,0.7326321860038482
1325568,8,0.39539577020369904
35287254,0,0.30468510888308403
34957004,8,0.581602231864645
34064104,8,0.17407337328791198
38808452,12,0.24798215716932653
14006028,11,0.5387746965218304
26683509,9,0.7983895429723543
34755256,6,0.4465230918467682
20136274,11,0.5210753261445109
13111025,4,0.41972004451019906
18838328,8,0.41458710288901246
27284196,11,0.3433236301176229
27990497,4,0.4614755424228223
18581174,3,0.25627413821125994
33929929,10,0.5777600696068481
37289559,13,0.32038944658086826
18883222,14,0.5858019719606347
19441031,16,0.5192185169498913
30293680,12,0.3686070117973035
29300175,15,0.33923993499888677
550804,8,0.24125276769538603
19228711,15,0.2452615351164687
38361224,13,0.35423489026615285
4476354,6,0.41670487787576566
19961071,16,0.5890316845319685
39408038,4,0.8239322541849189
25663653,1,0.5404664172972269
23378498,11,0.42263752069859595
33442872,1,0.5529921737037085
5772148,15,0.5925183449479804
29641616,10,0.5609641121819806
17039151,15,0.24882151087790277
32239077,9,0.8829143947900637
17088224,9,0.3731797277972372
10011302,13,0.347278938592598
34576409,3,0.641732109958889
8934530,15,0.905511500903083
5234944,1,0.4663239311230435
19545979,15,0.46542137874195283
15881439,12,0.46523079588739175
30746167,14,0.4845415973349625
25429219,7,0.4231322042250045
27827503,0,0.3144169589197171
16820635,9,0.3999389771024781
8674426,12,0.5011112790692988
20602488,9,0.858667652811946
35825289,2,0.7051094805415464
36034926,1,0.6679907723450004
28594000,8,0.2627637000390362
31577926,2,0.4572200490339455
33303952,0,0.5223737188249957
21366021,1,0.4295441192382055
25028105,6,0.5486053076876934
27973941,13,0.3433070651196507
30492313,14,0.6695449461782126
6335906,6,0.5457673694128977
14779216,0,0.30778473176357696
10599347,6,0.4166231039209356
19915264,16,0.33243470120578705
20341650,3,0.4674298512881145
22244837,9,0.5745800153741063
36612981,11,0.3400386779598853
29997186,15,0.996377228742216
4782028,15,0.7051221840392491
36068943,16,0.832946020877712
34856717,4,0.36112792325293824
7389109,9,0.26442320906033584
29591313,15,0.46646800181612413
10860774,3,0.5719119738768863
25543741,9,0.3109389264916892
35997393,8,0.35610489352195196
35871625,13,0.24681570268560937
32731554,9,0.3860088163135512
32821143,13,0.4893955603794895
16705670,15,0.42861130798973135
28128514,0,0.3236117477458192
17887503,3,0.4128424202957582
35692719,12,0.4874487271197598
21282039,8,0.2703594917589293
38528332,13,0.5178057724851295
36725130,4,0.44988962056119775
35998123,12,0.6291883344704768
4065085,3,0.23481277938394599
14355642,3,0.7891156770465042
33067867,5,0.6759804366258965
26741204,13,0.4121182053705118
8158536,1,0.5490599219208947
39580929,1,0.7130789309207638
26711396,14,0.7789587120902285
26936345,6,0.45456600113238443
26295092,8,0.43557323804383963
14924795,1,0.5747003347487966
23355661,6,0.3375530039642093
17398040,0,0.36665796801281353
35423366,14,0.8558526326543507
8764895,0,0.6990531462361028
20600527,5,0.3283022180794195
14609467,1,0.4658513875750858
34574351,5,0.25630196539221817
21309172,3,0.8587569652142135
21713148,1,0.47806080815519003
28522671,5,0.7558133240000895
13440956,14,0.5856577343555125
34216141,8,0.5820650273723946
29363697,13,0.3835440033912674
31806428,1,0.3755984454296397
35407893,11,0.764579191783379
21370722,9,0.3604682420177693
36923265,0,0.4000662586759914
37242036,3,0.3076422365570788
35628640,4,0.515589128965831
11387439,3,0.9361212297080174
11580789,7,0.4538519799643213
9937781,16,0.7297238453521765
36425234,13,0.342619639401767
23103370,5,0.7438273263000623
13703295,3,0.6903732394976249
29796140,15,0.4627688572775655
13711187,9,0.45757134900674473
31468597,15,0.7563533163061511
26949091,9,0.7254826155433932
18064914,10,0.42502412288135377
32033557,15,0.45579118954424525
38877102,5,0.4726636541877269
17220997,6,0.5858052595484594
37661073,13,0.6337334241600445
11280464,0,0.35242717447532307
34315152,1,0.7862879798297551
11298909,14,0.9419115608981002
29489717,1,0.4469768699322193
14898089,1,0.49211308940701615
26321618,4,0.5058782350220791
39029632,14,0.2800187506018013
22557758,1,0.48064055923388815
6165819,10,0.547523817785415
5891359,12,0.48052331827292544
30264461,1,0.6295861481158481
23420021,8,0.35446776141069475
5812318,15,0.6047181617064687
902039,1,0.3427623902735595
14532634,12,0.4111607254063512
21392956,16,0.8025226354198336
21699022,10,0.2203880128739584
20262687,8,0.4865799476525461
14184623,13,0.4447534707774605
10110295,8,0.6786263009620669
39366291,16,0.47580707703414615
18245975,14,0.4072595633352888
22876655,15,0.44623910361905517
25856475,15,0.3923995594788927
21175922,9,0.3775619778546809
8063012,7,0.3364452512152294
36738309,9,0.3025091806034214
31388828,0,0.27916555263075793
39626338,1,0.21553886104997866
30405420,4,0.385066788047466
30067180,1,0.6310729991412617
9914393,12,0.39176747326687955
15442717,7,0.3866107962593508
1181233,6,0.41538496563017013
29775539,8,0.4168246605444921
6649990,11,0.4723346496841264
29794853,15,0.522009273455959
14850960,15,0.6529751623622003
33665542,10,0.6973657227973622
26527493,1,0.5133770385255103
28759361,5,0.5636943308596829
36386761,1,0.7588540624486433
144218,0,0.3036814530111314
33335937,12,0.6524997959706506
12894154,2,0.7650865078553628
18131839,15,0.4426985445185447
2591580,6,0.36477911938910823
35356198,15,0.4099320286880463
26106833,0,0.22238927204359848
22331396,1,0.6182628324096083
29590189,3,0.7473794258672841
38906797,6,0.8874995965818393
23935029,0,0.6163429659159217
26822873,0,0.6321139025976814
31348238,2,0.5311818086462645
1554673,11,0.20325390142431402
17252024,4,0.2816340565273977
32325075,8,0.3587559728087485
10368153,6,0.7594870504740941
37432161,15,0.47427726335190035
30636248,16,0.9670760854903787
21153407,0,0.8840834663353251
39355483,13,0.3204616903958867
22135108,9,0.5808153367987812
22179718,8,0.7342355724322268
1672113,16,0.5334752232475853
32705280,2,0.37955183919853996
23210644,1,0.5434520346256649
14199168,4,0.6219312380177342
29972991,9,0.24205918245146005
31878409,0,0.4527406868727393
26166248,6,0.7739872050631258
19604825,9,0.376262240969276
19544545,15,0.9581304620897196
26441236,0,0.35817723970906945
21528899,3,0.44893864629124225
18692818,11,0.31052417502269747
25407738,1,0.4656121281118663
31644677,9,0.8303095730236972
27651993,7,0.4679131702392874
12182744,4,0.5231679956906652
33914593,16,0.6655064264119398
30754926,13,0.5380369085260339
18428457,3,0.5004092013974626
36210157,15,0.5652488090877509
34706485,13,0.5236664826030806
36163147,2,0.5516929357760669
28951256,7,0.2732323664047945
18472826,11,0.4717357330979986
10818445,3,0.43912365325948605
13143218,9,0.5041405370204861
26887558,12,0.5406642927635198
20456759,1,0.2843314109845434
30354380,6,0.35641052027445574
33314704,13,0.3843662780255512
4106332,15,0.21361229361348252
39450903,13,0.4740665483114376
37659066,6,0.6210944886951132
18615022,2,0.45962524625415585
36014646,6,0.6863042094815565
19376994,12,0.40177951424808145
27000754,1,0.4140992118326009
37454726,2,0.5521909691870963
13754880,9,0.47909627179709774
34005062,2,0.4525248766200425
39976348,4,0.46799105727815987
9515559,3,0.356399958275802
26188763,6,0.2071477531231492
39050676,16,0.7227313768761346
19132927,5,0.3657117704614566
23531110,1,0.6013580855210935
24785657,12,0.5113350884990921
18502197,15,0.6349291483873559
32868911,7,0.644368921396254
22263679,9,0.3640454521616657
5415199,2,0.6154992822432652
19414060,9,0.3750798262659205
2680619,15,0.4169489405404463
22816409,9,0.48141016427514416
27981595,6,0.17955859315758113
31436023,5,0.6235508790151624
31605888,16,0.7013147659897214
38903443,9,0.44496543637668656
26440574,3,0.2816963803164921
13179917,6,0.5076925805351933
27715429,12,0.5810685954005337
31911465,12,0.3412551029172567
36789493,9,0.5528390931895414
21367320,3,0.3015878825661514
26002936,6,0.5077013193486684
28082017,12,0.2532632871384652
29467807,13,0.5207492088341268
7680343,0,0.28343510731986227
12945387,9,0.47344467883293706
30270899,9,0.3580955184873212
27999685,3,0.21920324406883776
22488693,11,0.46962052958756323
35685146,9,0.4389871978252821
30331943,10,0.674279389016743
37232804,0,0.4819264040982871
19012948,6,0.6332840235966077
22716035,2,0.28134190053493763
11959434,12,0.32363928156117583
37644773,12,0.31677645510728064
31655788,9,0.4819364413133092
18166360,15,0.6058365639517422
4698755,15,0.4125931557124278
38164191,16,0.829650170837769
28599012,13,0.7719371052423828
31693683,11,0.24346422671745196
11462235,16,0.7335939089662473
28634422,10,0.4817507375286697
19791208,8,0.45938405089137685
36967011,16,0.4615937835923414
13703724,7,0.7743875484962557
14633290,7,0.5407135848598746
23055860,9,0.5027786121290068
21848033,1,0.6066241720697787
30202445,13,0.43512335142055875
37058194,2,0.35330983893206175
29836948,6,0.30023098772430895
12868559,9,0.5160924248590651
23199042,8,0.3979690718276044
33804118,14,0.6485833685434262
14398868,5,0.396939376003468
37530500,2,0.6793307039565483
28975467,2,0.369813504490894
18312886,16,0.7401256637498705
35228991,1,0.43761848703594314
14828945,9,0.270262736098249
4163740,2,0.3210166384436232
33597066,8,0.35729191903068724
37310695,8,0.38537367616279267
21649113,0,0.6609078444150606
29597831,15,0.8961008006433163
34818228,15,0.5049853241203286
36289259,9,0.20167901790816128
35922675,0,0.3864609572041233
32855029,8,0.3972287114464687
19670697,8,0.17208417833623116
8979031,10,0.43281001431718036
1151207,0,0.4053143737639549
38358521,6,0.6554031291275494
24062013,0,0.24840783345029108
21310797,6,0.5039813779358158
40063530,6,0.5084998057918968
7074051,16,0.4380771041980066
31353423,1,0.5300894099325156
30998543,1,0.5978568226030676
36607953,14,0.6986511888619606
33984132,7,0.25164717802481645
5972506,0,0.3305379215923445
11636162,9,0.8598244983295921
35135979,0,0.2060877996454339
16575250,9,0.32317688653188564
21189294,15,0.5227547887621997
27851087,5,0.6434870979316382
31501806,5,0.38056889304111224
26941785,6,0.38331845693563016
19295832,8,0.5702010593397152
4922623,11,0.25268809509719486
22752467,9,0.298588414154523
26328818,1,0.5339383625960801
17858553,7,0.7194736668404885
38876429,14,0.27339509038680715
29070176,9,0.3416010261953226
23343709,15,0.6002154221437503
26224484,7,0.15850392410811576
9270931,15,0.5178024072733864
33335291,15,0.6205834620607867
32894378,4,0.7653780550353927
27885855,12,0.5196781810350869
22869719,8,0.24780845038635618
22522330,1,0.6901272320381183
28614911,0,0.47445311908221866
34936193,15,0.3963351422057131
34447789,15,0.3452588619853416
32422279,14,0.2763661376371752
34897280,6,0.22912024220025842
32838397,3,0.25348529489053895
10455538,13,0.5561053542296673
32170913,1,0.601393548652517
23759873,3,0.22713943333090691
7274521,9,0.2586664075230983
7881110,9,0.44295537009669644
27789298,13,0.2841987287540684
30289289,10,0.17156611184790496
21542301,16,0.50188623137824
5903501,8,0.3880642149617937
25469869,0,0.8961456881438601
22699808,3,0.7547276914179085
3651339,3,0.3556552984365161
32427207,10,0.4832556968069938
36504073,10,0.34525956739081815
28178477,13,0.44649468601924774
37550934,15,0.3053966132456551
36066054,16,0.6848833278620163
4513937,0,0.2752646743048476
37493102,11,0.7141290318513259
23716734,6,0.5593120990767911
29965571,13,0.33636048271039876
16883360,8,0.36641453069566493
23006023,1,0.8438793810843646
25839183,6,0.18956500710988752
28646271,1,0.5168845716489852
24509307,1,0.888270396820043
9375878,5,0.36591116008025093
20098319,3,0.40557897903101126
34525277,7,0.393028498031526
31231115,9,0.45616638500469897
39346549,10,0.2647965799991966
4131546,3,0.30700767068472884
28521142,1,0.5661985759619109
27434153,3,0.31871277183190944
20391489,8,0.40730811709683806
35550913,3,0.6156866632381783
25492346,3,0.5649744946657683
20441762,11,0.5875540075861866
31449291,5,0.27735106100754564
26923433,2,0.8802162314690203
27000546,6,0.47493882430623174
32376579,0,0.4337747447214662
27289344,11,0.33120531347663823
29704164,15,0.24273364136118109
21607965,16,0.5909912934493743
39297328,6,0.3207229429382803
34687818,13,0.4162495319255671
20462833,9,0.5829469258759048
39843230,0,0.308733082672032
16500798,8,0.4321556520539207
12065019,9,0.4758026049464073
35179953,3,0.3280783433132176
32231896,14,0.23979649263259037
4785918,15,0.2523084007895339
32975638,6,0.717269829113686
29222034,8,0.5556119051959079
23311483,11,0.49161960742362426
19121894,8,0.2433573930273592
34601505,13,0.8039661121050204
12880324,9,0.5516541978007438
35353771,8,0.3290129864458246
18157259,3,0.5118304412090112
26921854,9,0.5381334384942383
6854662,1,0.6454638771502903
37913101,3,0.4541519871123612
40038519,1,0.4527698239557119
16121686,3,0.3463355897972363
37111118,11,0.3355221841869802
27195594,8,0.43809129210567493
37521814,6,0.2882224809426427
6895205,8,0.3003861835349885
27414913,9,0.30123405350287225
6849582,8,0.23080406832248168
37685459,1,0.5691451933210234
5046845,1,0.33869594888393456
31268914,8,0.2794730018393172
21512572,6,0.7703679385642729
21721545,13,0.4559479213561984
17571349,9,0.504952311340484
22676327,12,0.38285133105822217
22488553,9,0.2179912134055285
1490429,12,0.30582943197566964
27391292,10,0.5142999099057306
19646627,13,0.6150897009491515
16678500,1,0.48682582882584907
35944841,4,0.6250331023834345
23140799,11,0.5920386658340597
31088263,8,0.31733045841696184
29785941,10,0.5162952891876837
28399233,6,0.6171851072814444
26246233,3,0.46194267759789726
9174234,16,0.5160508262574017
6466628,2,0.7487172265161538
30703988,12,0.5576569006190926
27237072,3,0.7588700101469306
23160476,1,0.3349452825615687
23522539,0,0.48676564053071086
34180827,9,0.4240275053032628
27915151,16,0.9183071645877736
39314024,3,0.42917608247662864
38988705,10,0.39810657571472957
900420,9,0.35024821289609814
27587108,0,0.5869376045703788
38685620,6,0.5852627250556365
37560990,0,0.4708893585291586
27957831,11,0.8317487701815264
36892829,0,0.2948832994980505
6713463,15,0.4335513257865181
5180521,10,0.21509692920687673
35374933,1,0.4644759269420217
23288447,3,0.25616716906492104
4226824,8,0.40796256801875447
3247183,12,0.4249554471505063
32905668,1,0.661605157455328
9312082,13,0.5765812491042309
20018092,7,0.426491209761981
35141092,3,0.6163461555454359
39370510,7,0.816865939238986
31192752,15,0.5442800347319218
36582696,13,0.715492108874084
34015615,16,0.646542483977335
39018998,9,0.23716818151438251
34048210,3,0.5313729277114347
2900362,12,0.21055066460576044
1999412,12,0.5176919865759194
1080920,16,0.4042684966677755
2863406,6,0.48414827485303297
18439316,3,0.3904613461302332
20887555,9,0.3244425767841424
15398865,10,0.45301737051156876
15169015,0,0.5056763948840192
28814603,15,0.3926802354995905
35630020,1,0.8586359727621435
29545547,7,0.38159502778935833
11380380,11,0.36907801101252063
23640624,1,0.22763433730313337
39491918,8,0.3771912737589055
28015865,11,0.3197113148717292
34427715,14,0.6799449267040523
28256804,6,0.3226752081746417
5068100,3,0.594068849360867
36802811,1,0.4695861851406255
36661682,10,0.5436908412111752
30610885,15,0.5872022462343147
39987071,14,0.6792621657272114
37956517,12,0.3031926407917644
35795089,9,0.5106910330182891
16746685,6,0.5156227099147261
26954694,2,0.3501230038641369
30668106,9,0.19657654318625006
36164170,0,0.21388549276506572
28277137,13,0.41917412235405127
14888843,11,0.3650080969357796
32872828,9,0.3215522816489352
6681243,8,0.5604799991844247
4735732,15,0.28428524222019175
32852208,6,0.19139845863289776
28513480,9,0.8553712419372178
17944235,9,0.38771217782852907
29096898,13,0.6644964960212925
35351203,4,0.4071641099157591
20638999,1,0.44162972792901917
24764431,9,0.3756315542848985
37200386,9,0.5897952628447938
10773010,14,0.8673573006328631
20012919,8,0.4969014280770918
37646631,15,0.5749634036686472
38013618,4,0.9594248439623073
10044903,0,0.6349661993635414
9283606,3,0.4453629903855972
33384112,15,0.31802830224983736
27038061,8,0.40675697517868054
2102294,16,0.29048318154294916
37231619,1,0.7516016817213855
4717751,9,0.2479330832658658
29061751,15,0.5377000307671016
19002235,14,0.23346422376457193
36655901,4,0.5233228149721222
12888655,6,0.4299255049994872
3746672,16,0.43615803132842734
25317270,13,0.3844451883671782
31108850,5,0.40149441563337235
19256155,12,0.6171644728507806
35324657,3,0.5457468616041522
35778136,14,0.7177391634673164
5551286,5,0.5925593728177183
38073332,13,0.5842323769488295
2102216,0,0.22116190881268136
19236833,16,0.4267612612945685
4560554,14,0.20140349709871352
15761528,12,0.24468034407235095
29690535,8,0.5655521557711646
37901186,5,0.4352572201463663
9484232,8,0.39634911954836843
34117072,15,0.3483616810619983
4919681,8,0.5665802014756819
1489041,2,0.4783011988285598
23641871,11,0.4676480078734942
35032792,8,0.5980294299187346
35261895,14,0.2963901116506916
11216894,11,0.2538948806828295
38895856,4,0.6027344233435192
19804129,3,0.2651251986467829
24811286,7,0.27134585758237917
39901860,3,0.6870202813054408
31924543,8,0.16732343108600478
39663469,6,0.3694471659371633
37045399,8,0.4753028398041759
20710532,0,0.8611104933061752
11251257,3,0.6642198578489661
32350505,5,0.5594499691049609
15374291,10,0.27646536982105985
28267870,1,0.8676952100515016
19728908,15,0.44015118983731905
22466821,3,0.43181399978355794
31984914,0,0.4547886937454971
39086029,14,0.4676287825092806
21586655,16,0.4333571640144393
38622500,8,0.2619800490422316
11715227,3,0.40694981877276126
32577351,9,0.2100482213688871
8957429,16,0.34919640065491864
17309453,15,0.41874026167372935
21527770,5,0.4436711140551056
20365878,15,0.8588959206994752
18240549,7,0.3828726469239578
36286333,3,0.5852952610181713
34674558,14,0.5088448036974285
25927578,11,0.477828192629708
22041231,0,0.4645784034382656
38269658,6,0.3335312826853154
31385175,12,0.4641227770342518
39964995,5,0.2987382692397499
8820451,16,0.3009013586729512
10526847,2,0.6655289549292592
4695337,5,0.38956649262187093
5474624,3,0.5595401093681432
33944914,0,0.3441989842875986
33795241,3,0.8062071387058446
12391092,3,0.6456622119789457
27291870,4,0.43091111405575905
22796024,15,0.9238226153535123
34367353,12,0.42165285624037496
60680,12,0.6180885121311342
31917430,3,0.6578549542214012
24330068,7,0.34074337567558943
13077939,16,0.38647135405472904
38509208,11,0.8956887284801439
33060192,14,0.6746439282491201
9917334,8,0.4088747836107939
5097005,12,0.37106160634047336
25705707,8,0.5345086465285926
29171937,8,0.4217296026482724
10554276,2,0.4029632690439415
20329927,5,0.868317915909287
37355662,0,0.5758577236673571
32217242,12,0.3218408158452034
30751547,10,0.5123103549525775
30838820,9,0.3872854783028876
39406836,1,0.5127420354372085
1071277,7,0.2793954964828959
39003251,8,0.5460941424297695
30107606,16,0.6189803473236251
2345331,1,0.27425438817463316
8223137,0,0.4206141225699307
4922926,3,0.5541991515774664
13900946,9,0.4483035218420248
11124121,0,0.24390543492570435
2553672,7,0.4802598898888469
21731133,3,0.23802019989544565
37266221,0,0.29573162669338127
28640971,9,0.5189846201565037
5824859,8,0.41221830480370725
11726866,5,0.639608359324833
9041958,10,0.5589611711340561
15724672,1,0.6838888537710729
29687761,3,0.6586681962382106
34197936,10,0.187359609603367
5452931,11,0.4822424058373025
10095299,16,0.29661388723660526
37837311,12,0.40794224634148485
3068839,8,0.2522161189292402
39313273,12,0.4668639396426338
15409132,6,0.6104254498604428
25277433,10,0.6217194084189851
18135547,16,0.40936546678218955
38385558,1,0.4388261174085053
21478132,6,0.4194868678280702
16451509,12,0.22146445288280658
34059399,14,0.49705904413499274
30634243,3,0.4542485238733207
35087630,9,0.4217379384268268
14283086,3,0.42877138216906613
2405936,0,0.2540529431962052
21147095,9,0.6640987509853938
10121485,2,0.31040149071425815
17596250,3,0.2769042805361081
35661474,4,0.6536870965094973
38686206,6,0.8208385715369407
15555968,15,0.4779784332781849
4010507,7,0.567453248005408
23451359,12,0.28258210539921486
3463698,7,0.6160364668356253
9118322,12,0.36623480666951774
27518446,15,0.4219813894801244
37783991,7,0.40472436868219325
11005233,9,0.26110722272968995
1423214,8,0.5476207047647017
37681840,0,0.33097970181874964
24727929,6,0.7996329076105773
2397324,15,0.2755247998963329
21188579,9,0.27726724338642167
32554641,0,0.41189586592880534
31236247,0,0.7263043284728973
7258245,12,0.2769995577981121
39121709,4,0.5451419504411318
30897250,3,0.7704020400065869
37773037,15,0.46376436732391996
1049320,12,0.3488135878945101
13504424,9,0.29748044660845196
29847535,6,0.28762049238848486
24621792,15,0.48083170469393
1042451,7,0.36395953696084415
28948385,11,0.3006205463145236
36265049,9,0.8292144505364242
24947418,13,0.5597717431401401
31264735,8,0.3077967349036898
20037426,6,0.31574378259813324
15272637,2,0.5622297324713779
40024017,16,0.4522308696699893
39174657,2,0.34260896721280404
35919242,7,0.3965311962746709
19550326,15,0.33780077704566963
33476755,8,0.391169700786218
38788066,6,0.5218267536480539
28354550,9,0.8519726322237444
25619945,12,0.494671820514057
35570319,3,0.5598101951823773
23894138,11,0.36912768941618207
4877924,9,0.3148599430959319
28630249,13,0.5224334999052996
29928457,10,0.6880645628343436
38648328,6,0.6521887469988913
18438934,16,0.5693842309348447
38790368,4,0.4911349611549188
33807424,1,0.35753739955293634
12448426,10,0.31699014420753324
23834765,4,0.8419784223192966
24801534,2,0.5619977321981188
10942236,0,0.5154148695954235
26853262,8,0.2785068745156035
22811382,13,0.5271990462367702
5409308,12,0.30469370865852125
23808918,12,0.23126829739391064
15635972,3,0.66111443121135
36409596,5,0.7552823716428992
24428091,13,0.8017369181952144
29406767,8,0.4294613508961808
352079,11,0.6516748970801657
14469685,11,0.48173393035745216
34789938,16,0.4358482816390428
30759381,12,0.3008870751232937
24370721,9,0.1882473079233854
37677496,2,0.48818858998446124
12062715,8,0.4497083969739067
27302424,0,0.4582843112131349
13658930,1,0.5727089612241606
33928553,9,0.48743974674468576
11606091,6,0.5088411206087711
24099620,5,0.2624202430914509
30595908,10,0.30477455598408126
16491594,16,0.5856072461459823
8288133,6,0.3356936417199398
35360816,12,0.6125853342862122
8695422,1,0.30342944564468866
23047450,9,0.6715121679683547
39400957,4,0.36110978060499305
34554347,10,0.9591368277269127
18858676,0,0.43383196402154567
9428419,15,0.3225752638660631
1098118,9,0.2133630730746087
7279355,3,0.436917471366357
25299624,6,0.4283034045450659
28679154,0,0.5849494822988079
12326117,9,0.40474322643308486
20302196,15,0.1709067278018815
18844894,12,0.42304803475477454
16821674,12,0.31367164132744874
34367078,6,0.3548536179568473
4924273,1,0.6126165712412789
28125565,10,0.623845759567007
12108913,12,0.44860843510357945
1824735,3,0.32719638877180224
23144164,11,0.7471595412497631
36527407,16,0.5664794347638097
32802334,15,0.7258693472547305
18881741,5,0.9745868550709897
7834907,6,0.37445698219091006
26745536,12,0.4582239271250147
27042627,8,0.38157836555752106
17978073,9,0.5249725977953116
32213251,9,0.42973017278750525
7276232,3,0.506763668739392
34063514,3,0.2433586787992482
15841024,3,0.2780576952561544
39652954,11,0.4710021369170031
5407647,15,0.35813202534586774
25917528,13,0.3988543014942953
23640588,13,0.2755475629541031
19216630,3,0.615651183794539
2733660,0,0.4538700915889851
5127991,5,0.47879215472159464
39837732,9,0.7238921910716283
7660231,2,0.3775345216331456
22043658,16,0.3756695064556657
18905392,8,0.5796003956188244
32580489,15,0.4991972381995504
37768058,15,0.3558734116870927
39323817,1,0.5467902347154042
32394655,0,0.21746744165178963
34550005,9,0.5076617473181586
8027065,1,0.31978750387043897
6889640,11,0.3121284071783291
33135942,11,0.2804392158992786
3265232,0,0.5546504017195385
3448505,8,0.7684209068357152
38309025,15,0.19617087689886453
23529312,8,0.7262335729976908
20112500,9,0.32648132240514516
18653004,9,0.30608068107082004
24809425,3,0.6609036080822023
19315030,12,0.3556188439934049
21047524,13,0.48961561287977884
27662072,13,0.6489351507043571
36870792,5,0.35155587270786814
14225513,12,0.42220902431397617
28206600,15,0.295196685098832
20741435,7,0.4264676245671352
32974691,9,0.525579043010582
37716326,8,0.3339358624364381
13531247,16,0.5850506408984095
31192256,4,0.31074028879181026
32239228,3,0.5738270113924917
33027687,6,0.43304578158345713
21542753,3,0.36283216525981615
5866475,3,0.3162714087438458
16976405,10,0.5040663944513571
34011154,15,0.42976137910843565
28622414,6,0.350227635988172
37413144,9,0.2528296165101321
33245685,10,0.7290019558201428
863234,3,0.18527667612963833
23221747,1,0.5031337940500091
20037687,9,0.46020237621553
33371664,12,0.40530250761074854
18695990,0,0.45702332314946825
39131755,8,0.3713435128375807
10068419,6,0.7735708621716977
34344025,0,0.39670694654169175
39372150,1,0.2626790719951475
35282826,6,0.7145823097352386
25435656,8,0.5347596685886253
24366775,8,0.27537543402854336
16728695,8,0.3299605227840971
34481205,13,0.36212712125515845
28066146,12,0.4992599219808177
6134933,5,0.39272611348300257
25839070,11,0.4133962662822749
11056821,9,0.35075935398612945
17875037,8,0.4102665923519562
21703142,1,0.3357194837364534
6978331,3,0.7386512231374976
37191442,9,0.6435997004773465
2378110,0,0.4050220024152187
34788422,3,0.5197458543896785
35407514,0,0.5713070174699955
11832824,16,0.8233537915951084
26989736,16,0.6887122050306781
38860185,1,0.2769540034041485
15110685,15,0.9906126229272774
27100278,8,0.28810303581522734
37471934,2,0.5891214692198817
35101847,16,0.52656310955214
29839397,15,0.6365401540111095
30064894,14,0.4708955305873008
30681997,14,0.45609563862140556
791098,0,0.4191978788109731
17437025,15,0.24965532575962457
27558559,14,0.5884011400100946
34543830,0,0.5764197167041404
10446440,0,0.34588316462633123
9567326,3,0.3719764394105385
26598064,6,0.35283021160057515
19889821,1,0.4183217056035599
32879491,15,0.9284205240437846
37788567,3,0.5896161639891964
12406827,0,0.4594270447771099
28794015,3,0.255243420634162
26914900,8,0.4718751848106727
24650612,4,0.6681385285149415
5012560,0,0.25498135478594286
33959632,3,0.4405989409230686
39971597,2,0.32159333073664315
19373759,13,0.7551539282240891
5550145,13,0.4129850359917881
13936170,3,0.3430135047625499
22801307,2,0.2863346165973044
5882006,13,0.47783173609448426
18353203,14,0.7172371500442076
31518664,6,0.48398235720911625
38600982,12,0.5803766652543716
19648648,15,0.6768145942295096
9384918,12,0.6543630047108121
22489425,3,0.8063165589502109
29463075,5,0.5235002900686738
33496350,0,0.8979654614606198
33772547,12,0.3691238109438008
31397170,7,0.3766208132676216
29322753,1,0.5404395377061371
7900488,12,0.5288563082477751
22098390,3,0.6416874188046371
33190668,3,0.3167093063152901
36972604,9,0.4747255845552664
35464931,15,0.27672930254461003
22367854,9,0.4500028891694255
34451403,16,0.31544560849555514
19507010,13,0.2779193913411606
24024510,5,0.31761029897746335
35736598,0,0.392596284753919
33242629,9,0.5563635727845324
33761087,6,0.17221446846748725
36574494,0,0.45811604201862194
23945949,9,0.56439988619438
10428399,3,0.5068681509565265
27930732,4,0.8969796350201343
35006623,2,0.3437444124034227
31467421,13,0.6635615336826933
19922370,3,0.6448556328037731
92928,9,0.36009710255701294
24557707,12,0.5506341771563227
26326663,1,0.3252888028396356
24617100,6,0.26189403405648465
20990538,15,0.5740460645327025
33641756,15,0.6647312231828592
26933761,1,0.7146902066076657
22976596,11,0.7965598395681485
5756427,13,0.36914751287042324
3332494,6,0.5022293278532396
36388632,12,0.44044150942812604
26797025,5,0.6019721624493227
17968100,0,0.5289980362355788
34157247,3,0.4627369305769685
34071433,9,0.5822945258639326
33071152,10,0.5732833851508319
37379492,16,0.4482242589458809
7339685,3,0.5560813358583118
14968560,3,0.510542587227987
26757412,5,0.21898253586475253
37150065,1,0.4176165215978342
37851443,9,0.26761969312074313
25468014,7,0.579223331334707
19513761,6,0.2834384653613016
14292349,16,0.7973154407303434
931699,15,0.4863229222096459
38983743,11,0.8498846442309876
33694940,14,0.7555758442810843
7065761,13,0.4114286302407092
8497428,10,0.2154592015214733
17584973,11,0.5218995578565669
25779274,9,0.3865490444581611
12838111,2,0.5753479774147335
26620076,1,0.4730833111066926
28673564,7,0.4293606480118104
32970960,4,0.7543504884984253
13168374,15,0.7423359146596906
38405158,8,0.5460810818044383
21071264,16,0.628637361051934
34463263,8,0.5764181125754896
25585151,15,0.22859998144449434
35342769,5,0.38899068208185433
34896705,11,0.28275219278346836
35981030,7,0.4836057175108858
36546998,3,0.2231893686823695
19250247,8,0.4208029955453055
23360801,12,0.2801655045956687
34322778,2,0.47201345116852117
32084646,7,0.39693780741122564
37140143,13,0.43307475785637295
35228855,15,0.5278680408057009
32869518,15,0.7224172302839275
4239825,8,0.3375017375266947
1195911,2,0.7914329102715746
24524576,12,0.3012844533300648
35946442,4,0.23174435410655383
37422982,16,0.22878074555884734
5629745,10,0.8837404658295926
2825364,3,0.24474984002881986
40122639,12,0.6456937469066169
7076349,13,0.5462705534966563
21124976,9,0.7844533810472873
29443497,13,0.2608344850081929
17492512,16,0.35263154573640526
12527525,9,0.39297958430533525
36873924,5,0.5499713265029765
30921986,0,0.439339249395625
8612391,2,0.5680445141312337
17931579,0,0.30425948139731646
4883270,16,0.660931978789529
26544888,12,0.28315843182056993
32974976,1,0.394285418731773
31269974,3,0.8556654521139412
34597243,15,0.40329067004142766
27743043,3,0.44161177106988697
39143671,3,0.5074260292489186
39798306,2,0.7733778765222932
31341622,4,0.3485341577929917
14218992,1,0.6277844461686741
36827182,9,0.46435628373805893
12076259,15,0.42388380545888366
36707741,15,0.537889948483918
39792325,0,0.40563424516516544
14673547,2,0.6978926272854817
25458468,1,0.33582324935090385
37006542,5,0.5516893493916494
18222933,1,0.7696910485610965
37403816,8,0.4052398137777293
37329448,15,0.18512674628858894
27317045,8,0.47695113306786696
10011035,9,0.4112065651082917
37213139,8,0.3839133378774512
32365395,6,0.41418762933954645
32462757,6,0.5590342877839649
34377408,3,0.4490489544442423
25991081,11,0.9879834461853011
40028975,9,0.36267864371485714
34417577,10,0.6326878654907937
5322860,16,0.46546878033314715
27449670,12,0.6835727151601325
17210650,8,0.2842802333818561
122327,1,0.919094897547025
36949105,0,0.17437523957152695
30224418,10,0.49717082317415784
22665215,14,0.5412319967062609
15533680,2,0.289709187477487
7864519,11,0.3297054144428631
22284430,7,0.2783376004802294
21119726,11,0.6241785298510757
17943523,7,0.3786914524762603
35456478,15,0.7893034993725729
24171075,13,0.39653187631761505
9304983,8,0.40625005313211393
11647805,12,0.2962487498672446
7778215,9,0.6435643068817231
29757848,15,0.5845342842330774
37516575,1,0.39008439473199236
30376266,14,0.5381788095254882
20749599,12,0.8880579681714097
26728001,11,0.22826742902909705
13351341,1,0.4974256810017775
11917944,1,0.4700096158323632
34925849,0,0.679166732461825
28456089,3,0.6932246815496159
13014297,13,0.4318466530388827
16130154,6,0.5457052716713193
28271185,15,0.23331169341962726
33629782,3,0.9477177284115442
2360291,15,0.37086841147985833
36870722,16,0.20436595812149333
38187330,0,0.5209206926473966
37040867,15,0.3713112399275997
39054328,12,0.7249999071946246
18040752,16,0.7404099514350557
25926957,5,0.44949936099331805
33106298,7,0.48961113167747333
27951295,8,0.40048033747981543
25702118,10,0.18707170802625972
35121538,9,0.5657333050572887
35304024,15,0.5846399554230224
34571352,16,0.33781721092847217
35833520,12,0.35115658204408223
19877306,1,0.5234339955741493
29391630,1,0.724725125004458
15732491,5,0.46347859867976526
20228649,10,0.6476278993591391
16749659,3,0.4684513000560222
9637892,0,0.3031567595657875
21059929,9,0.8392797697094664
32171909,9,0.8918958067426659
31108022,3,0.5801463797836827
22054978,4,0.5077039761438747
14056723,8,0.3953924230868031
33093213,10,0.4541035623314856
11922857,0,0.33028036849815084
24554376,8,0.5480817864021021
38437189,4,0.46903505045651805
26744155,10,0.41781128993649475
25747362,8,0.4890297761951462
13502623,9,0.3163688257739358
21987701,16,0.8660214512954675
25241970,0,0.3451824198954108
814227,3,0.5314504847317437
36867567,3,0.6079355891147652
23679431,1,0.4742173129871999
1163113,2,0.7095283437184009
25519354,13,0.4363647829980503
29292831,5,0.393586193588695
30643229,0,0.4950262330032689
24125945,8,0.464389667763209
36783579,12,0.395687565630276
22991226,14,0.7222071744405627
21436618,7,0.44677167268429796
16396686,12,0.336194024702061
39128086,8,0.4421757350255767
6795330,9,0.23737931044065344
18238184,0,0.3402612210111008
34258650,3,0.5837105853866548
38712462,12,0.43552536546353526
33571511,8,0.3245509907799672
30356812,16,0.6953329076503489
18557390,8,0.39118860244695686
24314801,16,0.21356573744723745
29784774,3,0.5325288425708168
40010438,5,0.6332973119305733
21899416,3,0.3941433749935291
31395766,7,0.41239355733334876
24815943,3,0.41493463705967576
32157306,9,0.4470823180076993
34471068,8,0.32363177856731123
16192502,1,0.5964982909208416
40129428,4,0.6095231308534157
33616747,9,0.3753958788351981
39322708,11,0.5067603854527625
25021271,4,0.2841307269480191
25018102,6,0.5620829036859094
18679108,12,0.23779835027624266
20329628,9,0.574733903541007
39407674,9,0.5175697955911789
37102408,9,0.291557574275945
18118622,3,0.3764024808712659
14219058,16,0.34732319977861315
33683603,6,0.4415768684091528
34275053,6,0.5284907895065556
31547932,8,0.3582797782300853
5832143,15,0.519098274391896
20473137,1,0.6216864522149699
3309878,0,0.31820648796907597
33770844,8,0.3774901252115795
10647165,1,0.4289222403069128
16070160,12,0.4096602847181217
24283958,2,0.6868962848720734
25128994,13,0.2297068421648401
39615520,16,0.5139032259522368
34128777,13,0.5671264998707451
22850140,15,0.4062537964425024
3737900,16,0.6381087776057528
30082330,12,0.36557416303964546
33007626,14,0.47888180524243096
6154409,12,0.40419310787741913
39892605,1,0.695934865248624
15737245,11,0.40515390257257156
33621935,8,0.35312617547491343
17985774,15,0.3795357055391516
16901130,0,0.43911457818578437
9251040,9,0.13032218955820138
21924275,14,0.6364266953636434
22912351,8,0.5622916348825912
35663705,14,0.593660744797886
32054046,12,0.3455692687386779
30041484,9,0.30038251253264486
6048576,13,0.3582603726430878
37771263,10,0.4491726797850858
8083263,10,0.32051190823451364
39698432,0,0.2853519880020788
319426,16,0.8190097627728196
38052930,10,0.44068030748341847
33986784,13,0.39140917204833586
39598606,1,0.4057713223503161
34229140,9,0.3025635269203077
31670575,9,0.42380099132100507
17389011,12,0.2743894350515339
30669492,1,0.365924983550466
22785193,13,0.6667480841559095
24044330,12,0.46568803698613603
38182258,1,0.6609141754392754
24590022,6,0.5925470863800799
4263001,11,0.5413730612619971
30175285,7,0.5187842741003722
26255530,1,0.7756018727168715
21456078,1,0.40198452772878385
8870261,16,0.38538799397308426
33072866,11,0.47381841833316185
15951448,8,0.2220467249056732
36455382,6,0.2814238195831016
35830915,11,0.22683210711642554
24434690,16,0.7986899983639438
34730452,3,0.5950989285271867
23685092,1,0.3283021007539008
33193180,9,0.21977564229953875
18989291,3,0.5304904447015537
31999669,8,0.2886750907885551
14743127,8,0.45113402262563634
20431640,16,0.7395095277692517
36359869,11,0.2493099285297902
24960814,8,0.6007490153417365
7063743,12,0.26777041471408913
32025676,7,0.38331972333967435
39018232,5,0.7923202785203655
29659497,8,0.2524687580971829
20931571,2,0.811947753695104
26266464,16,0.48594789360387614
31304007,10,0.6645223954680594
34006658,10,0.44935595216335716
38554640,10,0.31413084668730296
29975588,8,0.6677923495478258
22018652,3,0.45218821738529763
28992000,9,0.4769204143501204
37967949,6,0.23474333768895447
10979534,2,0.4175618134305554
37317140,0,0.298165112646619
26695506,9,0.5127512044638757
4007289,0,0.18498502517922633
31663578,12,0.37353046062077605
959479,0,0.4314029627599499
32596431,8,0.5327140084346259
3274334,8,0.3320262745705839
33345482,7,0.49960714032902453
19566419,3,0.8346538958924581
15889817,10,0.26786347664828986
28628836,1,0.7501515406440437
18920010,5,0.4284389988550684
36959580,12,0.5190930029960273
30828030,8,0.3219508123696219
16616728,0,0.446484268077034
26761963,8,0.4528878080777768
26433682,9,0.35922340787684093
32758479,5,0.37366772681178406
30025824,3,0.5413528646795344
37664850,15,0.5599587425878678
28045238,14,0.611871922084146
17757350,14,0.8832864004788215
36564059,8,0.38655117190058863
37732180,12,0.5501950984457238
39002849,5,0.4469448005047881
7619109,5,0.4637036151818924
33707300,0,0.6228809254733216
16234975,3,0.659803723636976
38223910,9,0.3399750777962068
11667171,7,0.48713432295203474
24789782,16,0.4535845632882114
33203655,14,0.8177239276867461
32807745,9,0.659634009514589
25182685,9,0.39510454638531933
37761173,9,0.4714357803513702
19479934,16,0.5558811430043504
34610959,7,0.33404360412037304
6194659,3,0.4142951238859367
38836312,9,0.541138315251719
20561808,3,0.3584710023392234
30100016,4,0.6271258001467334
29936563,13,0.5011117100260263
2352018,9,0.4339896291184061
33700328,1,0.6131964839321543
7553306,1,0.5303498367056911
22396761,5,0.37805347313378895
752308,15,0.7144761390799687
9762301,16,0.2859234325028256
8583136,8,0.3745271355455232
39140679,1,0.4455605876073102
15033409,3,0.8491977975595846
2671668,8,0.25499211056753956
33206356,9,0.6129996196324589
20905350,1,0.7610519354618246
35847419,2,0.6020369921141376
15978571,13,0.4519684650944493
17894168,9,0.6268351287644877
19865347,5,0.5334599544598043
29066411,16,0.31404412930613446
36850514,1,0.3203464518639055
23004729,0,0.39689336015058013
36894678,9,0.4903753894990062
22785929,13,0.3490506227455424
36605866,7,0.33923927509925206
2090424,16,0.6379195574201607
37089933,1,0.8021372110063831
4651693,0,0.5311988685699749
20892096,2,0.6546042234748315
20649282,8,0.327566393169058
30252258,2,0.5345070117048579
22939059,5,0.9039045137350132
32117340,5,0.776933467523513
28725367,9,0.6511636018456675
28411806,13,0.791212955767648
24588543,7,0.39690432642382856
7101126,3,0.7112334284344553
39028908,6,0.8152143994277963
20579740,6,0.3297651113415457
37043151,14,0.49213348622104186
36645668,1,0.562538745372877
27182350,1,0.3237323565014836
14186260,8,0.3749317604127563
3616721,15,0.8923626874044432
35073718,15,0.277005404764664
37026745,3,0.37176785074600394
40079435,6,0.43610365742738183
18788878,3,0.7389544133569146
1659380,6,0.5401059416377727
8946810,0,0.30131868272399237
22254253,12,0.47124219114769855
32895660,6,0.7172703482569607
15761059,7,0.2957172450809204
1203639,14,0.8629675852671491
17129393,5,0.4396167610684723
35084454,3,0.35354328994527107
31079649,8,0.39426053960590307
25157090,2,0.30237686641958256
15754208,9,0.3250475242763016
26793625,9,0.3415512329035835
15322171,16,0.5799248846619455
10539823,8,0.7671918775249413
31387113,4,0.4740026426845806
40120122,8,0.3994225577599385
30064191,15,0.5841828536860384
7960982,8,0.5785968250133188
34051702,6,0.554165685178941
27243170,7,0.544258974473673
21827818,8,0.5360318958624576
9100909,0,0.7404715977809248
3343768,15,0.44716296848309484
3976772,12,0.3031358593659009
4222595,0,0.36151029022595105
39715354,9,0.429362755703307
4686241,3,0.6298317005265351
17754152,1,0.8094881960319994
16620391,1,0.24237088214280933
32929952,9,0.6977247067500614
790960,5,0.4859007661586696
29039488,4,0.6097963352001853
34768129,7,0.35010112216976824
32860263,10,0.3511618140220223
4923509,16,0.5187114691756461
29419316,16,0.5777950360166121
26665799,15,0.6698003525581449
14982912,8,0.4272889671041886
22925096,1,0.5153737243694985
34849733,15,0.4025284421614976
17389388,8,0.4271619978797686
16039092,5,0.2809057096012205
39634736,8,0.3310143868106396
32929318,12,0.5312104889745144
28405899,12,0.4165745063944513
5174770,12,0.468381165260684
18181322,7,0.1669859386413979
26666511,7,0.2814665143762811
7829188,15,0.7379659711446959
1043382,16,0.8178002359035513
23012623,5,0.3513794012163927
7894261,13,0.43588229901378817
18504753,3,0.27816053474238034
37902450,12,0.5522399368976467
35704716,14,0.47967747097628605
2402694,12,0.48948471504093716
33826600,6,0.4712222916492857
9120765,10,0.2347086772600307
34316403,14,0.5250663340087482
36772434,14,0.796507788589323
25465264,15,0.5292416795844944
38041609,8,0.47339948218604805
20042717,8,0.4394473468776695
33725345,15,0.4030445327814344
39753281,12,0.4551614100916931
29149805,1,0.435997828843375
38070435,9,0.7035474416017218
17797489,15,0.4063493563295029
15450661,0,0.46116982026013964
3676628,16,0.7045050460379657
12825140,12,0.4180821395156358
39829578,14,0.2783403374942068
26445760,9,0.822643782933167
11856013,7,0.6846508113527754
33133964,16,0.6665827714098579
3177057,0,0.44552140231319304
37693497,15,0.5343646264105462
24381482,1,0.4379387135177304
35082076,2,0.40987564065577603
36731365,4,0.46922959735167286
27434593,2,0.7987186186791272
26327189,15,0.525391981569716
35852579,6,0.6003727946530115
29094291,4,0.9999999999849275
27531620,13,0.40282020958062864
14448447,9,0.9058963664682252
23713434,1,0.44613205342360124
12265695,3,0.23779919755226525
20073240,2,0.3210111263510194
13151785,15,0.7935318907073052
18137614,9,0.8045218280139839
17117912,15,0.6543482550762096
34626618,16,0.7795791512106716
32808410,10,0.4769576335115211
27407430,8,0.5327559245142164
17625438,3,0.7819736368175878
16561754,16,0.574531779356702
26284205,3,0.4464699978052812
542596,16,0.4034545312388345
33363207,8,0.4940164446866888
28552998,9,0.7790041459607597
23591507,8,0.4373294968922127
32865597,1,0.3553357252433315
4795772,15,0.3156299289893418
5081610,12,0.3515238219140953
26441740,2,0.2129829994132119
35311343,11,0.531996604162162
24122568,1,0.34548063191519873
36513625,12,0.33937358260986916
31950550,6,0.5439275076746258
258296,2,0.9633165295155629
25991666,5,0.42879637365990775
29489107,11,0.3850773104556792
27352907,5,0.39244730084943374
18842779,16,0.5832001528715041
28161862,9,0.45854835367197133
23637219,14,0.6935350151802969
15660297,5,0.3640274216177309
29458228,16,0.30200306731491466
29012685,0,0.4357768020267449
32868944,15,0.6452298465981963
27734776,6,0.4324373304253549
21126625,8,0.3193784629199419
11359538,9,0.35425704113325707
40008407,6,0.4338671231252056
30539575,16,0.8909312096204317
7960600,10,0.559293014973535
18511962,1,0.7906297262352199
12866132,1,0.40142956465415536
19772023,7,0.3063990626166705
35713739,2,0.465836960951095
11766287,9,0.44429321822399254
6140439,3,0.40644053091621307
26598559,3,0.5782427216128035
20021725,12,0.42193716473872683
37518337,1,0.41366540081908665
25888357,6,0.6828261555835824
31477714,6,0.33794927649975554
20843549,16,0.7201126698122209
15511349,8,0.5767269449025032
22717179,16,0.2582533985769869
29335486,8,0.6591690752354724
6592054,6,0.5057649686736432
33077804,6,0.34286942610001453
26627553,1,0.3247561171307255
25150939,8,0.42043810126617426
3297028,12,0.41749343958500645
39960942,7,0.49418115821651154
35108639,14,0.7484842372660885
8234923,1,0.44334416051807224
35527349,12,0.32881691914135264
2897590,1,0.4993442894578067
26446973,6,0.5023144208128218
33727000,7,0.31093181111223894
38648176,13,0.31158420864397335
10921162,12,0.3718075364845337
13327615,6,0.5124677221030174
1986152,0,0.27135021075031435
35192519,7,0.37196136329176904
22163045,3,0.38737784667214126
36837385,12,0.2793012206572752
2435764,3,0.5519721736705797
12975769,6,0.684734700467386
6875944,6,0.2797372309505947
27866796,7,0.5187932842979482
9519346,0,0.4110498073054663
33092732,12,0.6650873189757879
37221480,0,0.7057154872330706
37366418,9,0.27980488889127486
39435518,0,0.5512315904205916
11181519,9,0.37710644854680464
30017614,7,0.23681199027656172
33457258,16,0.5180140334118726
12586734,9,0.26915082679769203
18974728,8,0.45773798278760913
29197248,11,0.873225337399533
31360386,3,0.4140253862932722
38770681,5,0.6280016246842863
23728949,9,0.640792027628983
34664700,12,0.36926354128863154
28456347,15,0.3743915679634462
2554758,3,0.2849326071865758
18166734,13,0.4769529295397647
38255422,6,0.23753286580423497
35849994,4,0.37918775358961415
39482836,9,0.7596882010057799
36150868,10,0.7869314474714484
9153844,1,0.5081206510818193
33984470,0,0.5753483577107458
3866520,14,0.9102550398977729
27364923,12,0.4459796109289405
32641895,8,0.525572918304417
34519831,12,0.4024943931626561
36747280,8,0.484751229155934
11971667,15,0.3000543674343809
32140096,8,0.2294425447776295
28675310,11,0.3917527431264116
27917054,12,0.38384688263789657
36991830,8,0.2824919097827447
36323608,15,0.5742284903443095
27209071,6,0.38015674834357
6811549,0,0.5645712130775512
19469963,3,0.4518050612777429
28702293,13,0.6264295704490009
17646023,14,0.7609081761037612
14174395,1,0.5568614292734394
21977987,0,0.6772135165929261
2922072,16,0.49356878347163596
19819821,3,0.41697190098740905
13881621,8,0.5994187683234719
24673036,11,0.3547947476568758
11221728,16,0.3588821415434984
37104100,15,0.6163283455897327
31837310,0,0.29688181574069916
20649595,16,0.31095426506946056
35810416,14,0.5521036046287198
37978225,16,0.6211376703848954
21317284,11,0.2658911084895356
35091623,8,0.2764651597999867
27406293,1,0.6221396096284008
36918953,1,0.5719478821246985
32615697,4,0.30341486976607485
31264321,8,0.45679622488923805
27372479,12,0.5990683115937626
15229202,8,0.5068303872512621
28929139,6,0.2980195116208209
31066930,7,0.5837369499880366
30020930,9,0.20208487680920334
2025964,8,0.43051894936324064
3985305,3,0.38147808774638575
29104323,9,0.38979432524504687
38530407,13,0.6928426445597433
28421540,12,0.3694961106358948
27691147,6,0.43284605158117107
21847312,15,0.26541511603407814
9787815,10,0.40485641074081713
14021987,12,0.47383712438605496
11501843,5,0.3552005232551214
38303797,9,0.5235684674555467
37776748,12,0.31707244612133423
29975111,12,0.8938872571285933
34042123,14,0.4047727684692902
18768093,7,0.4354692570559264
33429487,1,0.33878288148800395
21497591,1,0.6563151184795823
24045554,3,0.5573338592675489
37306741,16,0.5589004341331427
905005,0,0.5344638207805343
21274526,14,0.4572458278515946
33780334,15,0.3816782043499558
30627899,15,0.6726133962233461
12645782,16,0.9730821484205103
5768406,0,0.3405528437486276
18696303,16,0.3628377159495133
26702689,12,0.6360696448634363
3843188,15,0.8207017362292814
39821339,5,0.4758801409456863
5431958,7,0.34888184491731417
9817292,1,0.5785665879411267
23837877,1,0.7911733102025698
4870771,5,0.24759666026648178
30343156,15,0.6829160790576625
9314824,8,0.4607591805750738
10318351,16,0.4698247113136466
7348144,5,0.5091480756627035
33288798,14,0.19423210299969837
15756007,1,0.3075875260509894
36584425,15,0.749220297494923
31561965,3,0.39496609189775317
16755042,12,0.21237126632585346
24573354,15,0.4674145705075333
34081424,16,0.5933834364631302
30691347,6,0.7025329722006056
30418181,13,0.5137490173651453
25836358,8,0.8156366140584475
2278665,12,0.5800740507388562
31123308,5,0.7742605616138802
36204534,10,0.4232189111948512
23707644,3,0.5248995312016761
36592907,14,0.27337830169777344
24640154,16,0.5205683831229068
21145909,9,0.6157301556940705
34775833,2,0.5906115291579601
30022017,0,0.9274129243652469
27062652,13,0.7423897660000245
20111254,0,0.35958113437026695
21802519,0,0.8129977568909265
13242221,10,0.49715347685778016
4872183,11,0.32501971305865685
18626533,12,0.24118167966790946
15709227,16,0.5139022768095427
25303839,6,0.31150407141934416
16276268,5,0.7834663909952064
21647054,4,0.5676188171269291
9148782,3,0.513204804807362
19123269,9,0.7409625052686942
15828294,0,0.7825479747420695
31577280,13,0.5175710046260795
32919316,4,0.6063260604188491
39616631,15,0.4309587714004706
8439042,15,0.8084231238203128
7037938,5,0.6610750878879481
20160983,1,0.6789914508268788
29729956,8,0.3547870304069366
36001620,10,0.5600116994972046
35433166,11,0.31735404929135297
37127556,2,0.7751387304246277
38806295,15,0.35497446764723956
30564818,15,0.526288098246168
18346894,9,0.45059970908819624
31584379,11,0.49592661380445807
40056887,5,0.5706472506240204
31500173,9,0.3329900151697943
32728212,14,0.3899259228226489
3238150,3,0.65768043125984
33395903,9,0.5713781400350393
25253618,10,0.7976171664396333
33313048,8,0.48726029390061065
23282945,14,0.5009239921096341
22109712,11,0.4073057119510848
36297610,15,0.6027974940289249
31185130,5,0.5710067225511831
22649379,1,0.6959344187501648
14332114,12,0.5674402524695206
28488492,0,0.23681878431001105
25459285,10,0.3608790104880798
38594352,1,0.5590280324036973
16927428,11,0.7003628604879322
7884712,10,0.4657318342793779
33319060,14,0.3044527068769036
3503861,8,0.22768413914378216
17568481,4,0.7693804308950605
10492548,8,0.47810861634999485
17408825,2,0.2345580304926135
7016509,10,0.4293175758899094
28032722,10,0.26560805871281795
33802391,2,0.2885210815558068
16989842,7,0.34207357280775946
28259366,16,0.4083737950513868
40120596,3,0.38551440284025956
26104434,15,0.20066226398719283
24432209,5,0.781332962974252
32873396,12,0.5617887160267372
8865878,15,0.6477836804431657
39642258,9,0.25075431396671066
38646500,5,0.4099925937616268
25724318,2,0.4893293113634132
37911091,15,0.4910724253710411
36332976,12,0.40296517931013937
23660424,3,0.6948184527654548
4538962,10,0.6173189431669313
10181035,11,0.38587530945708903
25718961,9,0.2938009626319821
39295996,10,0.515091722988172
30898365,1,0.8799447934880636
25234921,16,0.9863146759098281
7600235,9,0.39884721969865594
37628372,13,0.3841667660093739
29562943,16,0.8673534006818978
13596407,1,0.6281565886496066
3889038,13,0.4956131409495882
34876656,9,0.24302620236005076
35244913,15,0.7203024660476415
4467230,12,0.5253709220281683
28206826,14,0.7223682087839992
12594239,10,0.5146399912066166
4208659,0,0.43678810927159606
22335171,3,0.37826331508325445
28333732,8,0.34053166440424965
33590599,13,0.3926537851801826
18385524,9,0.5447330468671294
29159680,2,0.3155360452915567
19678641,5,0.38956348321733486
29433259,8,0.3485905729883633
34004042,10,0.27512077304670274
12013813,13,0.3621079210995039
3300406,12,0.34865397950534555
39665712,14,0.9613797360399009
34358550,4,0.3034273451215297
33994158,3,0.852465237222557
3340528,15,0.2703452690439891
7948510,14,0.6144227530384934
37230696,4,0.4677797272446849
26195181,6,0.3853149356069037
25429410,0,0.5104931965383465
22370117,11,0.589638898609503
15418093,13,0.32468023684529834
34984015,15,0.8439783484122152
24533951,8,0.5771895385602014
37811767,9,0.28127753845434056
28693433,0,0.3347010114416151
11881900,13,0.24954298878307746
37605531,8,0.4199785681485728
35193688,4,0.738678572400648
7542651,8,0.2184755334538807
4996085,9,0.659896800721183
8194489,0,0.3842505914566624
21798501,3,0.32968169817595444
33713472,5,0.6362724288602939
37838023,8,0.6123430784494261
33841523,15,0.6341317847564449
31650997,11,0.24730727756822268
39488380,12,0.33685505240027297
36305573,1,0.6715613290715314
28940535,1,0.5811152383403675
15005240,0,0.2829406461846252
13037462,12,0.2695917578266282
11025777,12,0.4559372473091066
25713022,1,0.43774395498785656
23618231,13,0.3055976671873788
4261129,6,0.2900663985920763
36338020,9,0.40817184609316187
31477393,6,0.2921842823150338
22649703,12,0.9614729192984799
12112172,2,0.5113102717568218
29277831,15,0.5064992677381633
25675998,6,0.6347494489903959
15321993,5,0.6848308010426257
29445943,14,0.4871423838525709
9187579,8,0.30691187476498455
14551484,5,0.3714001233327243
28687087,5,0.4367948700959881
2137539,16,0.3288315035348121
29800157,10,0.3467378996100555
39526134,13,0.5840542679778744
3945028,8,0.4016979291031849
14986129,12,0.6737706823724738
9854869,2,0.5588089367445124
26932870,10,0.5128802437174914
13753213,13,0.3152952630597128
29870209,15,0.7986932559726235
7931382,5,0.36683260275633
29590365,14,0.7890086059520246
24621889,9,0.29367407635962184
20485141,15,0.2624136101930828
31865990,14,0.7604639816607286
31446640,9,0.3086028204088846
30981249,1,0.729932548132446
35680848,1,0.5800162696726451
38890265,13,0.4860334040308541
15868424,0,0.21612156232033045
6665577,3,0.3711811788469458
39231865,8,0.2701255008626735
35906266,3,0.34320732272457405
16527834,9,0.40171851470554465
29035533,8,0.7446715430090437
16682563,16,0.6248539219905492
11039209,11,0.26450051026589594
20313002,13,0.31402780875179775
34045618,0,0.5042916626485685
2140219,9,0.2842224130738207
33089019,3,0.3574938910869825
16121545,15,0.5225607508937063
5415679,3,0.4128444249770314
7683116,10,0.43448025808085194
17668633,12,0.22887667304399228
19827368,12,0.3256176854837108
31577163,6,0.41327975118072785
17588699,1,0.25914647586581463
23172265,7,0.5924492917528862
20616307,2,0.8784738762023037
13895526,0,0.3304062254960169
35641414,1,0.5471782389612875
27894253,14,0.3374586821986942
25803567,16,0.5718258485844808
18676293,3,0.39237379721428184
29175519,13,0.718545752561038
6012604,8,0.32931125422662083
13829666,0,0.4375081756994607
37906835,10,0.6754317580783354
13325954,6,0.5355203059880577
26720106,16,0.4743442200938829
39236601,9,0.24415050288311171
4235004,15,0.5612066404311361
11661822,16,0.5374619849680954
2773416,8,0.3998942217200213
1640054,0,0.3023601956408978
8313705,15,0.559067327804035
20366031,13,0.5077334977432315
37726207,13,0.5707573326028794
4775875,11,0.5260835477891036
36523912,15,0.2793292071532092
20715408,1,0.3370891946311467
21911853,15,0.3284721500693245
20177899,7,0.2383793359721975
3520672,7,0.2720547566415042
22241343,8,0.31227214812012843
11327736,9,0.8534183413978914
18796117,15,0.5745639150802093
33467537,11,0.24543004073395203
9606364,3,0.8768442317725899
35053507,3,0.2654741563937099
19099756,9,0.18641999240056648
38866526,9,0.2154171171233257
37863458,5,0.4117991226123857
7781448,10,0.5534618589831428
2381241,1,0.339179238009975
39299548,1,0.8891677519945489
27758999,11,0.5719848480068513
21843143,16,0.38467541791226784
32417520,12,0.3038782619472792
8856523,16,0.4060226063651448
13343577,9,0.5830864335884373
33868862,3,0.5204261363998266
39969717,2,0.35324229578571414
15424895,15,0.3987437770951605
14580787,3,0.3872642740138579
15174162,12,0.21535618498298825
27119700,15,0.6630233584098287
32642785,3,0.7316339942322742
36020079,10,0.39310583285675604
883679,15,0.31293310560017906
18267314,12,0.4297202230211151
3288250,9,0.46568616507723143
18856646,12,0.4664237738661327
34406169,3,0.7117755190695569
13801557,10,0.6143711221462131
37766683,5,0.3830679049968284
24373965,13,0.48623215486860255
3818881,5,0.5477871976077938
15807317,7,0.6183893963423657
26705027,10,0.5418246445719433
16434405,11,0.4058115926744202
3018036,0,0.6394921872808675
23680976,16,0.9423512251453562
36247394,14,0.745305091740001
33502170,11,0.3143044196726479
24134085,11,0.2149009003131016
20928661,14,0.40882915535956255
29637150,14,0.7576180091661249
33011551,8,0.33942622799111233
40114549,13,0.4251363001864557
11492138,14,0.19884740016917715
35540360,10,0.7616373838625041
33823776,0,0.5648771113498955
3261693,0,0.47378638236530823
37683741,9,0.1797896585319561
12549319,16,0.30542704818838723
33678959,16,0.5648781916397083
23849295,9,0.6070906740442737
34288969,6,0.3774347323903528
4819437,0,0.9102907822747628
38215686,16,0.3328101946427079
38816302,12,0.650195486984474
17273685,6,0.50765681723542
7961216,3,0.4313702369935441
28212280,9,0.5077439121516365
26473859,7,0.3127090324647417
13559696,8,0.39414452780486187
24709342,0,0.36615023533363594
9391546,0,0.40500786413140616
23314553,9,0.422834852595539
38556188,5,0.39673359963554006
29248537,3,0.49062154647789225
34637757,15,0.6061002504041872
28195660,10,0.6378956777545279
37813859,13,0.22806322791451492
3823599,16,0.9172214320150608
24414204,0,0.375340734728695
31234308,6,0.34847559802989914
13349573,15,0.5103912214809111
38129746,5,0.6268413528420922
39538576,8,0.22508834941999595
37634899,8,0.5351519060430378
26328623,15,0.2605261553705589
16405242,10,0.5860221153135293
33066034,15,0.5988365678584223
25090714,9,0.6295723665272525
33728416,2,0.6604020314269625
25480639,16,0.286114011344634
11205571,13,0.2936320557277017
20438686,3,0.6256973704278266
37932966,6,0.22304398650583335
21393107,11,0.32296485554717325
21317567,14,0.4745515182207486
2413144,9,0.20922440573949963
29221502,4,0.6486016585769973
17557756,1,0.8918634848809658
15817577,9,0.4756253976046708
15479902,1,0.4189206503509846
26712080,6,0.3122244279391491
34670670,3,0.26910623367324343
456867,1,0.4099104867117478
30550918,16,0.3464686674564748
18014580,0,0.999999999973299
35332852,4,0.1810044005898797
39861280,8,0.4393400339256062
38906513,4,0.7437886852800503
38195089,1,0.2546941615148097
31169990,13,0.5478661570145859
604453,5,0.4416452897101583
28511343,8,0.43995842720208406
26533379,8,0.39141673879507166
28756816,1,0.5958928088636173
35026716,15,0.3087332737753594
33577657,9,0.6396050312882677
21706570,3,0.33292357788326266
29349801,11,0.6206229059578524
35373236,6,0.5048777445984607
16654743,12,0.4699966406102414
38033570,1,0.2944622741512352
9784422,11,0.383435720199543
31035934,13,0.28551293809505424
14691865,6,0.5246222613438427
2549616,2,0.5176582025750874
39456283,15,0.5256264674970741
31842651,11,0.3561693909684613
22978023,8,0.6001554913448492
24792480,11,0.6353004924730399
31365592,1,0.5451319067041386
26465546,8,0.47908107306667974
39271424,5,0.33315585996570196
28507913,1,0.28674378934961026
18287315,9,0.3982690402381031
26876921,3,0.5828887118278808
30252960,12,0.894504774499203
13537300,2,0.5936298172527484
1711483,0,0.42036435528008004
36463979,15,0.7645617595502646
26962973,9,0.7720735918666585
13787258,0,0.6243317459059489
26621993,1,0.46077115260780865
14861843,2,0.32036291790155585
9344252,2,0.3997203084431297
878143,12,0.4057138589515337
27546500,8,0.6919825414679427
26325233,0,0.3820844887849474
34833307,5,0.46905221369183947
25652379,10,0.18854112118596578
39121577,6,0.34343608769178235
27462227,13,0.6893042641402559
10078564,3,0.38019049085419104
34323908,9,0.7514320427946929
11565492,7,0.4286651090105035
12939791,3,0.5622385363378284
34725704,1,0.33817825832655357
34206696,14,0.5399303950156439
15609348,6,0.31634272264931806
40033979,9,0.31231548441125323
25839946,11,0.48848789115245533
15452996,16,0.250774359428998
577467,0,0.39114850375888316
24498306,3,0.4906693575681183
32518358,12,0.318898678324794
39843491,9,0.468079688212838
34013932,0,0.5467962834708359
2863270,0,0.3626059696949418
37090291,15,0.41120091236330536
26676249,11,0.5003615620226345
17166351,14,0.3086367393843049
40114836,15,0.4981406713609574
25087072,1,0.43435079033568974
8568242,15,0.6238723005253206
35629694,4,0.7052344114440445
36133447,4,0.38933907252592453
2082474,16,0.3067832185568449
8326192,9,0.5030299599500844
11872270,6,0.5220452805914861
13188711,15,0.2564123155959999
39013564,12,0.5985768275635163
27518863,2,0.3309162447627818
30434323,7,0.56222579105888
40030481,5,0.427739140583426
4010218,9,0.3728272264246348
20026325,11,0.49058272065103836
8563394,11,0.625757889295186
37791386,13,0.9049671214281063
29390384,0,0.6680316016264709
29268915,15,0.5564848920264684
38646886,3,0.2981126436987522
2752008,16,0.18488078922420567
6826495,16,0.7812900530649228
18617854,4,0.871190766706398
34865335,9,0.5343453355727499
34260687,6,0.30178622847118974
38214420,8,0.5757808594351732
29442774,16,0.5846997116213148
36236960,15,0.34217225874906854
27770826,9,0.5871479640543001
37504245,15,0.38619686085601457
29577571,12,0.42309591638733446
19554261,1,0.5173171314207068
39536288,5,0.7557251543948924
35049772,9,0.5421692751855649
30650583,0,0.6367014843992422
1765757,2,0.548283329063958
31091954,8,0.5071578739918445
35400056,6,0.30152571639760606
26249367,5,0.30240870880425613
36876035,1,0.4215607931887408
37818978,8,0.5021921560166639
12055601,16,0.6506934562349158
1638751,12,0.22467432999072057
39608282,4,0.35143779574735606
25799264,10,0.14683892161224432
32323030,3,0.5700915691120761
547829,16,0.48579871528641694
36326246,9,0.376773008854371
19480449,8,0.23003666824136776
14804173,9,0.5298184070583315
32506956,0,0.20102632764601416
15006622,8,0.271096859150947
38444010,16,0.5746903610383024
31378804,7,0.1818673242972111
9041681,10,0.3875727874305726
37955929,1,0.7186294915203336
27319439,12,0.589327065912191
29828786,3,0.47458547407420565
4910203,11,0.3753107616284302
21842950,13,0.8194094425303177
22253658,9,0.4985876464488003
9745909,3,0.4519698828879727
29387060,3,0.9196920937010605
15706911,9,0.6514988615570758
21470039,16,0.35797880773135315
32922535,12,0.3092768934726671
7908295,3,0.5040005861683564
39841276,6,0.29755985087224457
23334022,12,0.5563142645592014
14990376,0,0.3401324780262689
31100251,11,0.4324066751427717
5321767,13,0.5690365095951784
38187781,12,0.2802565361085994
4593695,15,0.5048311557717615
25044549,14,0.5692075642758632
37132000,7,0.3785829213851331
10650146,1,0.2810184723294777
4637420,0,0.7468814532119378
29755656,8,0.3571283063112929
39246374,1,0.7242690383576543
24548279,13,0.44754008716916366
33681858,13,0.30457980899910436
29708564,3,0.25230839034253333
31593772,1,0.6092037203653078
29804422,8,0.35500071303675745
32868211,15,0.4569052476660674
32417338,9,0.7201303517280527
24250515,15,0.373098437948029
23763300,15,0.8286356090350844
28973277,1,0.33040578173390067
15896493,15,0.30084874800944766
29560630,9,0.3576708387736645
27118511,9,0.5537170881728352
8071254,1,0.5936506910968528
39047784,12,0.7286557218365518
3182153,0,0.29346851690099335
26300442,3,0.33025257229342164
3319632,11,0.22635325930314157
38677022,7,0.47431162226068674
24562175,3,0.31628498351061596
10941830,15,0.42735789969648724
3077490,12,0.3674886221972649
37416600,3,0.5767357026020771
3340015,8,0.3987504871897054
37056981,1,0.23244807053251373
20052885,11,0.5645288130408587
37736021,2,0.828286084707963
6555573,8,0.3967159354583723
5958793,0,0.32350297410438866
15150275,3,0.2763444371598301
24707811,11,0.6711003878235858
16773857,1,0.49565377371685865
10761769,9,0.40712175671168566
39761444,9,0.46733419988380476
39252170,4,0.5249221607967004
38496831,13,0.4134181573290722
31928897,0,0.5926559244390571
22530081,3,0.4991420571556228
14006482,3,0.269537714009535
16376732,12,0.41321261183034874
37521454,2,0.8616077548661836
25470428,13,0.5294663262372148
7085512,16,0.8048920104146913
32489601,9,0.37567355849616463
29549149,16,0.5888407860639557
31689133,10,0.6822751078797838
26483054,8,0.26365202240589597
39716433,8,0.3840285114799167
15929676,0,0.2715810723121878
32152233,15,0.43403368590252384
28328890,6,0.6928147264147301
21856383,8,0.5624745821631688
12374176,3,0.6718780037883747
1017388,12,0.31489539661754234
10868530,9,0.3388169922613646
16238462,7,0.37480734118768066
38704037,6,0.6811917013885995
37000346,0,0.3486089243539999
19108182,12,0.5670537492649531
6174369,13,0.7645927855200694
31648992,11,0.7399293359231641
24768455,10,0.7771910034949965
7896462,12,0.40207230642014036
38741395,5,0.4265253207223369
22862105,5,0.6853035189300725
20356215,16,0.556999873853838
10304467,14,0.47752449964116434
10176037,15,0.600871377968082
7881133,10,0.2276742181171115
14760703,2,0.914254276734491
17839922,8,0.8399481681983849
38037873,1,0.7200418353132078
13851041,6,0.5209677531270951
20298407,14,0.4661895198967055
38305946,5,0.8789640626325336
32106805,9,0.24676564099532766
39146027,1,0.6501030756133436
14819098,12,0.5613130569338227
9870221,15,0.7288011110161251
39252323,1,0.3349778002706969
40040726,7,0.4463038073169606
38273916,10,0.7081591309598273
31961688,0,0.41056651097138
3339562,8,0.6156076116478025
28922374,6,0.307359334636851
40141134,13,0.6732202839141452
32597668,1,0.20174778308269517
27753350,3,0.30950626357774813
20137321,16,0.3194271380822999
28774852,6,0.2177911010317855
1716554,0,0.3225382864307217
28335202,15,0.19063758368229947
29113461,9,0.4440180689305518
8652140,12,0.4117258936643665
24070082,7,0.28166813514680994
32177308,9,0.4991092567451778
18915941,4,0.46072058752299055
35272985,1,0.27704895874982677
3293194,0,0.46326556377389333
35341399,14,0.6786782189763676
13927576,2,0.4216317186308516
29393646,6,0.4526360703666726
35265632,9,0.45981157058673006
2643244,0,0.5524715851314221
20746505,5,0.3760888418796411
14735469,13,0.3695278008410193
28008807,11,0.44163457533112077
33866503,16,0.4344007340731624
17138952,15,0.34412424824530136
4979150,0,0.4765840314519534
29455660,3,0.683570061851569
24740104,7,0.4717259277541281
635200,1,0.5328996062433013
14418264,14,0.564244315067438
36810785,1,0.6063400381958992
12608747,15,0.4829178993436635
19389083,11,0.4820689372248708
5522471,12,0.3490368661402102
9753680,9,0.6380986901525422
31684878,16,0.507229597066548
35274840,5,0.8192688005304002
33190298,9,0.7716564225356509
26828226,10,0.7287471777945072
20931295,16,0.2438283632509087
38403141,5,0.460359135430584
293482,7,0.2184840905869012
38293647,2,0.8281181808870618
32871467,4,0.3000671944151481
35895466,4,0.47332067330062394
10990895,12,0.5611525191454143
7459204,10,0.3088139270664742
35457358,8,0.41382009632128863
31569216,15,0.6293980726949263
35262753,12,0.4940967847989334
5056152,10,0.569756238200404
38106808,16,0.4766931303693551
25697684,12,0.4266618973474088
3209529,9,0.38907269267281547
34957620,4,0.4072954682534353
38791898,9,0.4711879441740617
36000668,5,0.7990019598574394
35581490,16,0.5223174099240723
38803150,1,0.5341227908479287
11764203,0,0.5184003506510756
37789747,14,0.4722773160763838
15513618,16,0.3156480559692731
19658703,1,0.4793031330961264
24358611,0,0.5232508229891211
12154579,6,0.38693474822641505
30902050,8,0.3836134564412908
9763675,8,0.5534366709003073
6532065,16,0.780249528584044
38242677,0,0.4998138112768707
20969744,1,0.3716102077571654
31473184,13,0.7194882713624116
32234863,8,0.394395933023504
30558116,5,0.1731121583401051
36954453,7,0.636849768156427
40066680,5,0.36569677058328726
28180301,13,0.3840969956575993
3164086,0,0.4282358608943607
12763505,9,0.7069691818009244
37883325,5,0.24205014477756412
7194701,1,0.39998693417568265
17613250,9,0.3444066821916339
36809368,0,0.39068387665862836
37287922,9,0.26551535418759586
18004030,3,0.603790130795416
34800915,12,0.2591893697999131
7196427,11,0.3609666623450452
10158269,14,0.34831772738052386
39662975,2,0.6322260181828625
25905752,9,0.6847864366312322
20724856,3,0.3678585343176619
5440098,6,0.5251684433696825
28916554,5,0.6092667980166455
27240287,15,0.7766430671033103
34710842,4,0.29584620353154967
32167758,9,0.5032193839691584
27918091,5,0.31940017492594047
10621324,5,0.6017659747848053
17161420,16,0.48211505517943704
627772,11,0.3196187866552865
39664995,12,0.8294792597455138
21818783,14,0.4930584350553961
39817834,7,0.2401259745788696
28209436,0,0.3519857733427508
2761678,0,0.3194334035638187
38168949,9,0.7670665942715815
24274023,8,0.5025389958912203
2799731,12,0.49147702538411175
4981963,0,0.5324827443102208
35301624,1,0.573843831888492
21576252,10,0.24680945029145984
39587863,15,0.4058645753729962
23475610,16,0.4662762330335871
10221704,16,0.45621131649204283
33745052,12,0.5824189641778541
3465568,1,0.6548771632331929
22703859,3,0.3756032438896236
5366928,7,0.4594634469073267
15725458,15,0.6427262394714189
36895627,2,0.19201842413513975
27952608,11,0.6367932614815265
1003247,12,0.30846213470104106
39086664,8,0.3761948388260822
22415643,15,0.49988832273519146
38499625,14,0.4507627573942088
37709164,1,0.7957152527997733
31387880,15,0.21262701899730285
36736445,1,0.4534082002272951
14819849,15,0.5607329464114791
2243895,8,0.3561078138670286
8020408,15,0.9999999999910183
31861042,3,0.7132948763194938
37098313,16,0.49457031050860606
4588889,0,0.618330407571858
12266208,15,0.3580310860128788
28505987,15,0.7082761281699195
24418368,8,0.3137728655422876
21367792,14,0.527509246604281
22512462,16,0.9561814192947684
28376538,15,0.4688685156253074
24576044,7,0.42912270606329334
31489523,14,0.6936329477624564
23725294,11,0.5169865718741766
29171896,1,0.4251169634382773
28026470,6,0.22597978382446593
13355290,7,0.3335155621590528
7963595,11,0.3694140844930615
36202770,9,0.32311096371657266
32123528,15,0.3331777556745618
38340414,3,0.6267190244767209
8691419,3,0.1785481675865009
4094933,6,0.47349335191791364
22719650,3,0.44119542845571486
11134539,2,0.26945479141629125
36704286,9,0.46878640264223104
33910982,8,0.2092463384758627
14036344,8,0.5038694621444331
26938110,1,0.3358922139744074
9600474,0,0.597016423568389
34909446,14,0.6668882056501303
14320836,3,0.5049639543634691
18159874,14,0.5833742360448294
10423385,16,0.6639908069175231
23705290,1,0.43670107918206297
3330933,1,0.5236963101107108
29722071,8,0.3995954042375699
3161827,3,0.42347652016803405
14874965,15,0.4108651340569703
39461414,12,0.4298764762465043
12019661,11,0.5560177054258683
22493293,8,0.21982730689777483
23227680,6,0.2527080202006812
5011077,2,0.3694428921582478
31207250,7,0.4237016825853072
36120184,2,0.6136608186913123
31794127,0,0.23429671081829653
29124000,15,0.8511252902104675
1188944,9,0.294944380618417
33790792,5,0.44217454702999964
38821726,12,0.21134760586773838
19597575,4,0.6888752583451101
5406393,7,0.4379424294933701
9193323,3,0.491813857002334
17823629,15,0.4721232408440303
16049395,10,0.3515776658312145
26630245,9,0.3909178539176373
33555048,1,0.43770053874406883
19718233,7,0.6639700793992016
29773991,8,0.4249139933734786
20741952,2,0.5735552396587357
26618666,3,0.3683326133024482
34255517,1,0.852252367507842
21612779,16,0.32683710398687954
22220856,0,0.5128335615857382
20974252,14,0.8266821201766937
10559018,16,0.4958153087315518
30298144,13,0.5766015004224371
32465143,13,0.43065889734919727
19869090,8,0.47078157936119236
6410062,15,0.9358769324837642
11790775,2,0.5441388828649768
23577505,14,0.6794339290496454
14515239,13,0.5712325932003885
8519647,16,0.31547341596635836
29200348,0,0.5397062633553789
35004097,5,0.6891324431563296
21079579,9,0.41734103474002215
36562052,9,0.23628331053949053
23037479,3,0.6483310013040405
36123877,2,0.6568274632478005
9335768,0,0.3418716430151748
25019153,7,0.2945935772620498
15864522,5,0.731239953833208
24837040,1,0.432394260769687
15545952,7,0.3894499294828006
37870407,3,0.4479383054436833
24065052,6,0.29472005131020984
16847157,0,0.5515114215018984
32313946,15,0.34572116143772946
6616270,10,0.3482021987825051
38306904,8,0.6873892088374988
10152290,12,0.6723059218262581
38683881,0,0.3344977002171024
28473660,14,0.4939950185538708
2824612,9,0.33821141570258473
20661733,3,0.4501265268044305
26870873,13,0.48126486651228545
9753730,1,0.587045528395864
33864661,9,0.5408172694158853
38129681,6,0.9777057587424594
12208427,9,0.6446147716144957
2985678,13,0.31144208071375
38516110,3,0.47577900039049675
32590591,6,0.31426975761761966
40064411,11,0.6347621815153724
26607303,0,0.29275340372844083
25050504,16,0.7288445246708286
6336911,16,0.756131203084016
31417661,9,0.25319752938453277
20616540,3,0.6758867730810951
20104874,4,0.5532727466771629
18224468,12,0.4239084839289504
20586328,2,0.4390903193143362
19936033,5,0.5325945462324434
25301466,14,0.6007521058703867
16675039,6,0.5502840122671033
8848294,16,0.759562850493562
4117038,3,0.6242876212692532
1829340,5,0.5690094912752612
4419532,16,0.6200843700572533
28881140,9,0.2813342135059654
11813548,9,0.4971010820433062
38644263,16,0.5285317927850477
16574573,0,0.31026450873146233
18784615,3,0.867484309123897
38806208,6,0.74752956608269
28930477,9,0.2974570705452791
20037341,11,0.38157581601257806
34538762,14,0.7115001941668903
20731983,12,0.38788120941491633
3217715,14,0.9080205534621952
26850164,7,0.38308024631834686
30044142,9,0.5699206234069983
24168812,15,0.4024500029509293
10319699,12,0.47896492405184193
35644481,6,0.44845858090398555
30722305,0,0.3281333122958075
38797177,8,0.4202917756864286
11666537,6,0.3315242488970936
26957437,16,0.31091200737040287
37266282,15,0.3577701058289007
18356185,1,0.6596491917815449
24106575,16,0.3211681177204908
35688703,15,0.45728982209194863
35230959,9,0.5460129085558934
6878303,16,0.6524557276324044
17576448,8,0.3472133743098456
3158098,11,0.31502637753923673
12332392,5,0.703119313960598
29760118,15,0.6470621371886595
37870148,5,0.6332546230364299
32026365,16,0.516148558219566
36863081,4,0.4811582121158531
8300364,0,0.19332000008160458
16236157,5,0.6540055083269548
39804301,8,0.6756702148923268
21438890,12,0.3976452302590256
11045510,6,0.4283394055793166
21221813,0,0.3953277158111391
3680022,11,0.3162857251229163
25293881,11,0.6023810252531042
24173250,14,0.7929202934253567
31349356,0,0.26269554469854994
3803386,10,0.21471593058456706
16952462,15,0.4000040202760201
20675534,4,0.6983719844704439
4203417,7,0.5397748461459138
33418838,6,0.3164000595566026
14885002,9,0.36316993451233076
7962094,3,0.31077223970989776
15878501,3,0.5831637083249366
18768967,0,0.39787812047477006
28220146,11,0.7542175874745037
25816506,11,0.6128604731081935
10901247,2,0.5324644211896364
15487106,6,0.4735952070017413
14803780,0,0.33677386750655347
8721040,9,0.2919849994856145
7616998,16,0.7517740978896955
31848877,16,0.34835664229913604
34929650,3,0.33131021552125267
1226091,0,0.36657987243374013
31250542,0,0.6505398498219556
23102041,1,0.4529402001435724
37204323,12,0.3002613946529187
34793047,0,0.2993258421048633
21110915,15,0.42838430236308644
14386822,5,0.7240139192056257
24140497,16,0.6792861348859756
22534598,2,0.33921280457878483
36342098,6,0.8853963936425205
12840340,11,0.3982423874000907
40087681,9,0.3510578205207971
7208096,11,0.5749039056917511
1823588,7,0.7989069784332853
7020313,2,0.6442699959942862
37528782,12,0.6027069872697816
21717671,8,0.43564446561266923
38278578,16,0.2464152471440197
25372877,4,0.39469929849123603
27904399,0,0.45951571356609355
18968607,13,0.567041413195428
24872225,0,0.3276052044920207
3867718,3,0.44468439249160713
25212660,0,0.5072044215794118
16091689,3,0.45156741461203487
19942399,8,0.4373912738853918
26851151,1,0.6864426956835291
24663564,3,0.43803013394674684
34954102,2,0.23790417947355422
18578265,3,0.3133551530218121
20462542,5,0.908841953168466
23267750,9,0.6346946104666155
13328121,15,0.5769454130835859
22951775,16,0.5832794637701367
27526431,3,0.4380949434913569
9310360,11,0.40137279808324045
10971033,8,0.4481112761192891
23965767,10,0.5960086971173418
37339367,9,0.808714352950135
9629532,1,0.3007139155565539
37471436,8,0.48352434214073464
3014631,11,0.38149239138247515
33048636,1,0.5039527118893362
29181220,16,0.37373538962249914
22304231,16,0.424082078206949
22450116,9,0.8516355855479102
16741435,16,0.6851510348506912
14319525,0,0.3440087115407919
26427644,10,0.536730805067863
20423598,5,0.5698917403819844
26697843,11,0.5780152552756463
39359693,5,0.509227770856911
22303408,8,0.559107855005084
14777488,0,0.6875715830361949
17544424,15,0.6648093775399077
22831375,8,0.3636453981386361
33573807,3,0.3801925317686941
28509551,5,0.45280867425008975
15843419,15,0.3772850547541694
37053169,15,0.3011328324595173
25491786,3,0.2971911959326602
23358787,2,0.17994419626623206
9048947,10,0.9634916803584269
13721289,4,0.27833815565566805
9691346,12,0.45867768479778925
15926358,15,0.6102157722862921
38733247,12,0.30826453736686427
5307991,7,0.42483036976599003
23173220,3,0.49680747643689743
3715323,0,0.4066636403915575
4788748,14,0.5025835710121996
10618144,6,0.6413543670647881
11039500,16,0.5250788062975725
10224287,6,0.7634991572884096
29250011,11,0.6751605051152133
5426637,9,0.24169710732945418
21437666,9,0.4335382494005528
22378876,6,0.41013694112940563
15437320,13,0.34508270728547974
7654729,3,0.33661948242975803
18705373,0,0.34899309717332383
23553102,0,0.589574429953032
38667728,14,0.7857984628461127
11059801,8,0.381022220010027
22144324,16,0.4714906169509761
22913490,12,0.3825396616069917
37705016,16,0.437431506897296
38167388,1,0.544572870755297
35520251,3,0.4826245926004919
35761682,3,0.3733045772492854
21081438,15,0.7825567402772428
38271772,0,0.234301395501166
15109425,10,0.48352015803615783
18331129,4,0.25626221632876145
39917313,5,0.28047363142832954
14690398,14,0.26184237369286395
14030935,1,0.8771411241998216
29586949,8,0.5485395482128892
9125997,0,0.2836996552813571
29055634,8,0.4814918768813583
24291941,3,0.49885208337955317
16862501,14,0.8631615348638766
31006311,8,0.28363497240803826
24613347,3,0.5007546533395606
15890892,6,0.2538089714980798
17130935,16,0.5584962401427451
26056316,13,0.38693933371265143
22793465,2,0.8954496695081052
8730499,16,0.4929388211708405
34085607,9,0.39794646365937164
38170566,10,0.5958737740986767
18782241,7,0.6834547350381801
34844961,8,0.4412093877574628
31435071,14,0.4196796735305904
29049771,10,0.373823665557024
28154976,1,0.6630223021958366
37023166,10,0.3316398024262961
22779650,13,0.44177164295720533
11672513,6,0.5964018457031605
27302795,1,0.6950678424663564
36794701,14,0.4301287247875508
39282848,1,0.9102048052262313
26874829,8,0.5271756667336863
25814675,8,0.27978750595942137
16110777,15,0.4001822656552491
25194557,9,0.3531918019774579
30748378,13,0.5874545653819893
14225361,0,0.4681551127105796
28924553,16,0.3820371581490715
23905703,14,0.6427488635402744
29055439,3,0.44603043843030427
36792222,13,0.6257502905051595
33356753,8,0.6231665917727367
31295352,12,0.43343713488905516
24715229,14,0.6476913446183429
23263071,1,0.23754416755509872
32929910,9,0.42361988140191
5715217,12,0.4991719325905773
24316906,9,0.25207436877222017
35536670,13,0.38351941068440476
22766366,11,0.43581015607882334
20394025,6,0.4641158300534248
30675236,8,0.39727315820937054
7611510,3,0.5291178969025125
29323850,12,0.40775907137793665
29053122,6,0.4619827234957231
33248875,8,0.32316488957534645
33995477,8,0.6383808794541941
13111410,15,0.2522833358362172
31991806,8,0.4492625392383728
10694150,3,0.5148205172469458
31568441,9,0.5791826682681421
6535062,2,0.3804881226603447
24693714,1,0.5228309916015991
28516906,15,0.43087843261883285
33253657,1,0.4020095032776062
3123796,2,0.37595579823980824
7384066,12,0.4427621072546451
2380031,6,0.6249711419936844
31194718,10,0.8864944074787228
22179800,9,0.344345060029895
2990945,1,0.5066181930566364
38333259,0,0.44449117426352025
35818975,3,0.4938141837543116
22935732,9,0.33728114789777885
30276185,12,0.4771454427459164
1645384,8,0.3929377283268767
36315314,11,0.5708942343380073
17577821,12,0.6569825244222404
29403784,16,0.9302150916674521
26744920,9,0.26231026972389837
17662887,4,0.8484660385872282
28392937,8,0.49529272475828967
4110511,12,0.38072272010162356
33916150,2,0.7052645111552562
15840661,7,0.5467799278492805
38808959,3,0.6321333102519489
13404368,2,0.5963171494866326
33294758,7,0.32809588772922166
22688854,3,0.5093661459673227
14821297,0,0.5019892936861238
25234137,9,0.654104594576677
30310885,0,0.571054195258267
21039786,0,0.38346649363242186
24269795,8,0.4777238182482519
21953121,15,0.8130380533390311
19466343,16,0.46157176532404126
31668444,11,0.44882360598590115
27178055,9,0.91241948616302
21509858,12,0.6107673467995098
12533119,12,0.630458528604178
31215172,14,0.6090047212315403
34113548,11,0.16127844028515528
37218887,6,0.511663102925127
13845608,8,0.18302843422073578
23068872,5,0.7544044947043692
17180560,12,0.40695077696756765
27135635,13,0.44835240547300614
35784095,8,0.5261607690057329
14668475,15,0.5000324431037829
29184871,7,0.35902136950338104
9907778,12,0.5555221439366271
20115578,0,0.4820633986374747
36049580,16,0.510513787675875
21890792,14,0.5054228329577322
17610275,3,0.3655138584614418
38897091,14,0.859815498175668
31177029,15,0.340818132422399
31978948,2,0.42417240871549294
39132439,1,0.3916756874401297
19907865,15,0.43062152779589563
31039043,1,0.4035515556259882
1872016,16,0.4255825909747834
36278041,1,0.482663271409136
18501867,5,0.37738674920865295
17535318,1,0.28154743260030635
17146816,6,0.7412988877336675
20481027,3,0.4861874634239714
9674065,12,0.464662396906474
33634310,5,0.4786705155786028
33178216,1,0.25001623220392144
9488945,1,0.4006488007945024
39762772,13,0.49905742454986807
12444770,7,0.5984959268715614
25145384,15,0.42073291917468186
17896936,15,0.5474254848483083
24830952,13,0.6656063804203298
30483977,16,0.3813140035461145
15035409,14,0.7534229635306663
13052282,10,0.8153091958534306
23172325,3,0.5296609036075447
30607428,6,0.4708825977980173
29334505,15,0.8201458912557423
16294174,15,0.4925451516586475
33506372,9,0.9624901887745343
11164286,15,0.347423229570092
1120139,7,0.5628314873289904
40041902,10,0.6245403801757663
7251414,8,0.30786440520853947
20249397,15,0.6992392231447255
14410453,6,0.6773917285487852
19544589,15,0.3944808766446344
28978491,9,0.36256077563705735
15030011,13,0.35319424799109056
27388403,13,0.885962287347295
30839297,16,0.3514536801198679
3449039,15,0.37828332315057067
16668639,15,0.2881288364827001
38647525,10,0.7204017763811619
32569722,16,0.6403443171209866
35820782,12,0.6181366028709795
13939677,15,0.3434120323356266
5237485,13,0.3094093232638302
23902645,8,0.2970297233995521
36333737,10,0.47371155088396877
11020663,11,0.7770445795795478
35633421,14,0.5052520593541429
29745593,15,0.613863366464461
21412318,9,0.4535671886505398
10962448,3,0.5456829206282545
25273365,14,0.677884054156515
34793989,13,0.6976741711343044
37644632,9,0.8848062505186306
26881631,1,0.5944423710683675
7486189,12,0.389654415871191
33595230,12,0.46674438847158906
28831539,3,0.3230267213648318
37360343,15,0.473204659824668
38777654,8,0.29933658386596224
9316697,7,0.8515654147407752
22773905,10,0.41863035356420697
19733666,15,0.6196602628264694
10511654,3,0.8397581372801096
32473192,6,0.7354396153235885
34884408,8,0.47104057695359036
38540394,9,0.7468211586964478
34333594,9,0.4666109130406237
30969513,15,0.5576088939597992
6273191,15,0.5078425447942277
6808798,3,0.5957269956525415
39541791,7,0.2670887606322692
21803956,10,0.5393320501616847
22881585,7,0.3280566533742491
34164137,1,0.28442059447583123
40101925,13,0.4568442705587532
35242940,10,0.46073074637650985
24119708,9,0.5461615958124117
32704870,1,0.3619520540472086
37619571,0,0.675144190240104
38947967,4,0.2452608611279886
23619945,5,0.42746981343381213
30271882,16,0.36686485695880705
19883026,10,0.4189954173281586
37078919,1,0.5888132661390332
23285743,9,0.511252791280373
23002438,1,0.5804534933743157
21757544,1,0.5080274340582127
15582956,14,0.442603706077355
30850829,8,0.4414878613203974
28933739,3,0.3974921929894414
37192937,12,0.8406913062531831
14069890,15,0.4095179983868457
36526140,4,0.6129109458743818
2763432,9,0.788308183351515
22044220,16,0.4509871324600487
35337250,13,0.5107811256287462
11280388,15,0.6473001000265002
24367930,9,0.24565851458294896
28242902,12,0.5718640270708764
5097092,16,0.8326313585732846
31019573,16,0.4872923915115198
15371505,6,0.4058910651902661
31100433,1,0.3658558634684292
29317262,5,0.4209983767484824
18427711,4,0.5281696108510457
19337952,10,0.3162913555908368
39529662,8,0.26307909091742565
26292906,5,0.46479586034153625
21362224,7,0.4479416068317853
7502566,1,0.6252781332142966
13202649,16,0.27599457082768186
33737126,11,0.4115690204234865
35808754,3,0.7915059068214414
20248760,9,0.33755001934302326
17592581,3,0.2755336357855968
39618814,6,0.6188119634206982
39196788,15,0.39258946821003465
14313025,1,0.7820737172209412
39914160,9,0.5728524709596415
30242328,4,0.5807305884454642
29452735,15,0.8127528848059872
27032991,6,0.676419323545771
28789986,11,0.29042168906127447
34436091,12,0.22190655797035752
33137277,15,0.40655771647098254
19688078,15,0.5414417588950492
22403897,3,0.40833344468673266
22859493,13,0.3535052962932247
35992600,16,0.5134116527064678
8031636,1,0.36523519181252584
17156769,15,0.4445885396503337
36702421,9,0.22180334752805825
36953452,15,0.3224277909991979
6197580,12,0.3789495044375003
13918652,15,0.38127993382304826
749000,2,0.48295077566820155
24627919,11,0.45586547797520377
12799772,11,0.23404289830377434
14794296,13,0.2762828103523024
34130717,7,0.3548513391093382
19803039,1,0.5733230634480794
23460357,8,0.48247101133345155
19084223,9,0.37749648237466854
37032174,16,0.6644547807497315
37247111,9,0.6210024970782694
9224284,15,0.3626056483330047
38405122,3,0.46644777523678643
34833473,9,0.7318001487785473
32661495,12,0.6995365779608338
31523241,1,0.24829288028431554
29349522,12,0.4983417572091063
39454471,4,0.6898622509694258
11622700,0,0.41976253206134573
38691009,8,0.45048478449560037
33344809,9,0.5479718735997448
21929716,6,0.5102438843605002
39384922,3,0.6755492873975302
27390751,9,0.2636991774449383
27618651,5,0.7235547848977427
35754837,6,0.44126820818298435
35362707,5,0.2526255417426188
7259316,7,0.41357741439060924
34988748,16,0.6892502865429947
25183798,11,0.36201508062385124
39584544,13,0.5454267484889553
7433232,8,0.3271073324702993
31905949,1,0.4968577700167031
26661177,15,0.57850610182009
1780763,15,0.6781084217544667
31216574,15,0.4689100562171146
12886902,9,0.3577411621640109
7092821,15,0.32855014617748723
32636307,2,0.6594489180118996
7995202,0,0.5054592067601342
31094044,10,0.38888248614288773
28712167,1,0.7148744977566254
37981890,3,0.5676239736955889
13309255,3,0.6392240605017494
34739151,2,0.37626839933253137
32918014,11,0.4951564449803133
7668551,1,0.30335956181538115
35933201,4,0.5016250568213135
13872174,8,0.34639858089672315
39071050,14,0.4686237471309384
37852994,5,0.4706590732819207
30625881,13,0.4616869867891607
14929304,1,0.46332434909040315
16484167,16,0.2787817090324092
17403175,1,0.43093655082963217
11394820,16,0.8409414584691668
30006740,6,0.25674811024928434
31254278,16,0.9180200002628909
37176167,9,0.2727143138026563
39864563,9,0.6129478401652794
37472336,8,0.2236120428223489
31548586,0,0.42597165739095544
34145566,8,0.4044548260034345
26392752,15,0.38464313167706954
39396610,2,0.31736534366203795
31923003,16,0.3062182486557213
21963929,12,0.4161059678562609
28949303,12,0.6703446845988289
36494860,6,0.451181217081941
28976249,16,0.29309402218848846
38725187,12,0.35430358899805015
30272269,6,0.6144837533766895
1053344,2,0.4644900516608916
885625,15,0.4459553099134208
13167990,15,0.5313927789491292
39518534,1,0.4941809134831596
19573477,6,0.46902840498016807
31437660,9,0.6353669033867454
31057009,1,0.4303804143977698
19494449,16,0.39910157486690495
30362023,14,0.5918157524910224
34269772,9,0.3489876350008879
34012417,0,0.21826075259614455
2924781,0,0.2617229633523817
37441698,3,0.3031681500162849
35894570,13,0.3307109745713491
8537375,3,0.5979726388748512
9006093,10,0.47056657721753425
33795535,15,0.40319165852415
20720108,2,0.7689102958518603
32152613,0,0.38807215225187425
32514077,8,0.5428613340427249
24265375,0,0.633242129228413
38315475,0,0.18964759552241786
1610781,12,0.7218495488262672
8682848,3,0.7526203023041311
29882322,10,0.1868644296786644
18835525,15,0.3766451001041618
34023927,8,0.705264220339433
3494780,9,0.7362481719054085
21830650,15,0.9999999999906386
20801032,7,0.33656742450514743
37528718,12,0.23487970796952584
8367609,2,0.6480488738735417
30719986,8,0.343222344476363
17819152,1,0.38866362874122395
19508028,0,0.2624591749958131
4642589,6,0.2696097069461762
16786633,3,0.5653415350036718
14505086,3,0.2872282628723152
39302594,0,0.31532377415342117
14294353,12,0.5213741942642183
15182284,16,0.5738093650963304
28500422,3,0.33111615022413915
10914416,6,0.5191970819899915
39507711,8,0.28340839227412795
30676333,15,0.4963296304178105
31504353,8,0.6266785995914207
36839212,6,0.3931029730180148
6479676,15,0.5902889721667816
34132279,1,0.40585641948680184
4494532,16,0.34282117920063404
22186207,9,0.2878708506794762
30210677,15,0.2440809108844031
30633320,10,0.4913426642444004
12241550,3,0.5309921547753252
6014428,3,0.44791389095931655
17755621,8,0.38726525492836744
37279357,8,0.4434051476380012
27489781,8,0.520021839390148
40076534,4,0.770205351656352
9876838,0,0.3622005274580465
30710144,0,0.43717779635442333
8394680,0,0.19365738886171585
30357527,9,0.7769606375369529
28099784,15,0.5182215594354882
18213789,5,0.5832992491539687
22072112,15,0.36927370062697584
4903413,1,0.6394935162547405
14220505,1,0.34867015559219805
29988241,14,0.9194979238636577
26785354,15,0.5464246145017507
601874,10,0.4791022808924403
39090875,9,0.46116704984849244
28097247,2,0.5491233992624797
12975456,9,0.21383982562831644
35216526,15,0.3362181662452753
30607364,0,0.5600983985263327
38952059,1,0.5549234356683072
29040609,3,0.5944844400862745
40127794,9,0.41054811642587014
40018083,15,0.4708716563529626
34955321,4,0.5668974611032676
33629033,8,0.37584700540708416
16892696,10,0.36702067265182964
4413912,9,0.9165552692436245
29268012,3,0.6261483122582355
14755946,8,0.28517867814296266
35291232,0,0.32512472454288727
12550379,12,0.8124970345290216
26302575,13,0.43090569415680796
954823,8,0.6818207183713209
39652788,3,0.7210185563744775
30194277,1,0.6358447250742513
40061520,8,0.3856779515971386
26283259,16,0.7472272921944862
39839968,1,0.5623512344491689
39036229,3,0.3363781755843675
27112708,12,0.6737861407667991
34892420,1,0.4528386245575446
38573769,16,0.3628189736303071
36252310,14,0.4802034488541427
39427540,0,0.3376619453587991
25944968,2,0.5783123290894806
5396447,13,0.47188478499998754
28950020,5,0.6395381096705673
18522273,8,0.4686403898516548
17827758,3,0.5408801930039558
38214721,3,0.612006155832132
27921902,5,0.4969285343203997
19530375,12,0.7864444083294881
34053223,15,0.3402415154969004
5250183,6,0.6625425112250514
2049849,3,0.4179218095935817
27341801,1,0.4899204628456754
14497022,11,0.6594520903112713
15951228,12,0.4320243088493946
36018851,4,0.6146852762404672
8375329,9,0.45275981579447194
25404179,12,0.4984222475481883
2443383,12,0.3440177587322856
31608133,9,0.3213813216026256
27645172,6,0.2685023208281294
21514517,9,0.6068980120591225
12959615,9,0.5490724444600865
24746582,11,0.276942626980804
16731557,16,0.49989604627792167
27984840,11,0.5439403014078745
26902034,10,0.7946786011063534
33665467,0,0.4462789764757592
6036129,8,0.5790586646262833
34375363,14,0.6526134536741403
33170862,12,0.4515311953173102
36486079,14,0.32989761506666615
29460274,6,0.5697653082415154
31225140,3,0.26747496037490737
23618769,7,0.3490064607291814
29372745,9,0.32775033353801025
3411469,1,0.21747724117011757
29420870,12,0.6313282495534653
23403190,12,0.3406319008200306
22846048,7,0.4581425145707762
22972720,3,0.8079595587924434
23281782,3,0.32645710065366096
38165636,8,0.5333484435957636
6354260,16,0.6099458640744513
28879485,1,0.3699515459685985
25904090,2,0.5482223594502273
21758760,5,0.39711580185070955
15080672,7,0.5359603223400202
2266503,8,0.34882258443516057
13871769,3,0.616978302763246
26518730,12,0.5497857362429746
12179271,3,0.3518352010086279
20858516,8,0.508650600477743
30294905,13,0.6228380110164288
7493459,12,0.3526907399218138
31145163,0,0.45532065119515436
28035995,9,0.7888263125699401
22048996,8,0.5116478699770124
11219770,15,0.8266400869730895
18348634,1,0.5269729249582585
10388411,9,0.3002270992914231
26472114,10,0.6363179944251421
19945963,9,0.4632177761453372
16861013,10,0.621225810253829
22308945,11,0.504866999361692
21716368,9,0.3572629235197851
1057638,8,0.3478126057898171
35809398,11,0.5116145593984244
8286015,10,0.4005963997450513
28384680,5,0.5059950366854216
35087283,9,0.4830335613111755
20860846,13,0.35936095789757766
26747122,0,0.7939331716648759
39306811,6,0.3516053450551676
1512600,0,0.4154589206877622
35329655,8,0.2720672170249621
23446565,0,0.2058385791062915
26288294,9,0.5826433153764832
28856605,14,0.8546619991859358
28460881,3,0.540921204894075
24077760,10,0.3509258444555056
2501431,12,0.4189632978786439
24947814,10,0.49466875820110523
30881858,1,0.7574958841838532
28316815,11,0.6113183944919148
3443157,11,0.34109908196768673
21383115,16,0.6122895584656046
33544897,14,0.35728569214586137
33476590,11,0.6046390267001517
32776762,15,0.3927489887776599
32667423,5,0.25151214812263
16951602,15,0.6775120053620188
5363856,2,0.9187187293780953
32402536,9,0.354542709341387
5656564,2,0.47905968308650515
35644599,15,0.8205907715743851
25849696,11,0.24804471809322853
35196753,6,0.44812896049540357
27930334,11,0.34414890230487427
33093117,3,0.8264001330094303
14099308,3,0.5677352314838725
30174143,13,0.3291323162411242
5321789,11,0.5875202236838007
24162379,4,0.40486914821539294
20528152,10,0.28548844823031927
34005494,5,0.7208415381533936
25212696,1,0.31571281128229234
33653724,9,0.5761474946363491
4330723,3,0.6632623297301813
38419554,0,0.4428286308505192
25642134,2,0.599261139674154
20019516,15,0.9941896458145675
25235833,3,0.3810206587173116
35447865,0,0.34613261953014723
5928959,12,0.22435823427517704
11357851,16,0.9433689655812003
29612925,9,0.2963542209943341
32210270,9,0.35061568287614175
18518326,15,0.3436237461417787
12902134,9,0.30449900946798114
28094766,0,0.5870550115648653
31105931,14,0.41822220175942376
32237379,6,0.27327312516699315
27925113,6,0.28637433609098517
9617001,15,0.25842039642392906
16730559,3,0.671448392573082
37152307,7,0.3555737159778773
26330342,4,0.5487733967862733
12023488,3,0.6661762990834769
34414111,14,0.5908679588370793
34191340,9,0.39462818728855587
10653422,0,0.6825202730601959
37324606,1,0.40007073598721526
24313055,5,0.5268311240089708
33525279,14,0.7645850727343175
29401025,1,0.8357520481494825
28427236,5,0.46443324154058985
31128622,9,0.6973633493478522
12577179,5,0.6866739884303278
23351876,15,0.4100757433508362
35176862,0,0.4077208233029093
17788030,0,0.5720771776559811
32705272,2,0.6635548712604679
22938101,6,0.4199584789856267
15836692,0,0.7377253906543048
29019340,16,0.699029539256789
5933313,9,0.5276760696714501
23927803,0,0.49896901249746506
35504329,5,0.6119775311939292
19447456,11,0.547829425101869
5465010,0,0.43453937255126657
22239909,3,0.2262014851139897
4828598,11,0.39882680680133603
35471471,1,0.642939145407153
17262540,0,0.24533746175482876
22686339,0,0.6619503603865614
39070030,5,0.3408491025435293
33768386,12,0.9003834220043256
28830953,2,0.5666654703919187
39733655,6,0.2971847283050788
24216729,7,0.418414200223256
37455933,6,0.34512981542870425
24334431,7,0.796583673520681
22084163,14,0.8638780829558154
39617894,9,0.3752892044746274
25415479,14,0.8631708319303163
7976684,10,0.3872196395712531
21447174,15,0.6324714711728066
27657018,16,0.44204965275240465
15096306,1,0.623717455076715
3500997,6,0.30904197835237174
17065413,9,0.22515034828707528
31941685,0,0.7659654030270717
13023073,16,0.36466471760150426
34565895,0,0.43470742622705805
19270960,5,0.5869686528198854
23125243,7,0.30835148683721625
9219313,10,0.7064654154206886
6284413,11,0.47459283444039835
39352371,6,0.583606802052837
26624193,15,0.8112529729433134
33518554,9,0.40035080887710167
29522874,8,0.3877365715071071
12355740,7,0.3200334065360026
38209343,0,0.5594303266003184
15675667,4,0.3954426359631076
12393044,11,0.5188487827489798
12104005,12,0.37064419774670654
39100425,6,0.2717232025284561
38083667,3,0.5721204468951702
38762247,7,0.3680929354696028
5080756,10,0.24814153321130364
30506160,6,0.22177292198368215
33297814,3,0.31023861999865526
26752252,16,0.5118122277081998
26445403,16,0.6081549067468908
7192390,14,0.22627115830658479
21877327,2,0.42692245680737156
35364084,7,0.3059289764930693
16223787,3,0.2597940359148557
34879508,13,0.5349489150133173
22575050,5,0.7551310646460178
24669497,12,0.29943068272238005
10303248,3,0.1987855473232432
6540502,6,0.43084183678242194
24707143,13,0.5909448279919961
31153536,16,0.3674691311509796
2922628,3,0.6780710234962138
24877912,0,0.37091746470352227
10889930,0,0.2978700497634015
14839366,8,0.2735539539075794
39702803,6,0.6680130709504765
25965332,8,0.40512274160123946
26592415,16,0.5134453839111538
21197304,12,0.48428663364464447
5643358,11,0.7326210441699605
39275533,4,0.6735416880459797
5160965,8,0.3035137929952554
18963819,12,0.307927565699687
22650393,3,0.7738029431806518
36782588,5,0.6799713013475872
26514865,9,0.31234762296363716
13249341,0,0.35539136332130833
19017324,9,0.8401844538209278
36762199,14,0.46170328993997956
24001123,9,0.4151378071745615
39683521,9,0.49833316017016
14360006,0,0.243726538496393
30786933,2,0.7313888611422773
24211537,1,0.7012440066408014
33675624,5,0.40610310236285685
35538388,16,0.47692588554408544
32223894,6,0.45301617548816725
27697939,3,0.30878050240272764
38995640,12,0.5789969382446996
359498,0,0.6725709993099063
34028293,3,0.522334666815834
11687302,8,0.6036871123694505
37980812,6,0.7253781896968877
39184071,12,0.29335824345561634
29872349,3,0.27555254013376873
31172220,14,0.8109597527221384
20785987,7,0.7812900149769553
39682342,15,0.4239888090088299
31588232,15,0.28755806276040335
29165171,10,0.5417320820117205
10417108,0,0.5255589899587523
1894846,15,0.47126068871314636
17250477,0,0.31788138078012096
33791608,7,0.5351356326432715
22395185,2,0.3522818670097359
29149744,12,0.4303385940746152
32142150,9,0.466685960155876
9747059,16,0.3990932298706176
18488287,12,0.2658325608746126
13884328,9,0.48778812089766094
27112286,7,0.3012208788724337
30895093,5,0.6489004166529684
35877208,0,0.29678613127851733
21276576,9,0.30512329234575697
12698102,0,0.32282391842606845
22873511,13,0.5049672926870902
10131811,15,0.4431876263261821
26924193,1,0.31703898573392353
7827196,0,0.29050536311406333
2838707,6,0.47753260363902766
34580796,5,0.3971316571769319
24988809,4,0.6062960712433264
26479280,0,0.6438196185834931
33458277,13,0.38015997918076644
3112456,3,0.5807002854684157
34970948,16,0.47383110457158495
16056104,3,0.34451184149160263
30956362,6,0.5325315495430908
29332163,12,0.4376503527791689
13466341,12,0.7105945427137299
34577792,10,0.31804067748009623
37973589,14,0.7207242080355646
30317213,8,0.3775313517572285
38933789,0,0.1771629283662566
2082145,10,0.4390482829786658
35068300,1,0.4023574605494895
38578378,16,0.14721389605377833
30704214,0,0.2963196637665392
37691973,12,0.28645593002592357
39321678,12,0.439351307967863
20929790,9,0.2978896050711894
36503178,5,0.5131625497807665
13798344,3,0.6206337549501588
37191893,4,0.6441360170535261
8456401,3,0.516500715244283
394895,12,0.45942140405821735
39258087,0,0.44613135998252706
27647871,15,0.454417532191769
39490657,3,0.4588361223237918
22212336,4,0.6220970812246159
1445989,15,0.20101714143572838
36454339,4,0.6632237283817871
31270373,11,0.28518685020453405
23166772,15,0.3574756588634115
21622988,8,0.2979250912866172
17203935,6,0.3100365252471034
27167133,16,0.5782017043535699
27571512,14,0.6100064859583768
3419624,8,0.34830719711850533
18542107,9,0.8747374728879647
17203253,9,0.43313119317537696
24981565,5,0.7129811949575019
6737846,16,0.8727821814853984
27133165,5,0.6285147218290703
33469327,9,0.8638169076357782
22269429,9,0.5146267525691274
20669665,6,0.6832236501378265
20677686,3,0.4422480103162799
38488923,8,0.32581258546169645
21346498,3,0.4913423153914028
27137266,5,0.3076595249943293
33971230,1,0.821466612516536
22847765,14,0.7929932632765582
32640047,0,0.829460747581725
1347727,0,0.30342753333800837
39922316,0,0.48881078111258663
12189943,13,0.37588277762319927
35189203,1,0.3814577682530719
1249165,0,0.7463450013779893
1836633,3,0.25743477425915856
22493605,9,0.8095232173017882
36603513,9,0.49787658324389333
24254945,7,0.3545497570963951
16100204,15,0.46487302200459263
20160902,0,0.39493127195641475
33259191,0,0.22987426656317236
38491602,8,0.23238391136415515
28672271,9,0.48706910662023994
21495032,5,0.5035136035238545
25372911,1,0.8783130688995172
35633017,8,0.4200420590521077
39644202,15,0.6775398391382661
32114215,5,0.807718313058571
37640606,3,0.3713980885677276
12180822,5,0.30861924979784866
12915668,15,0.5097940258206679
26097916,4,0.8004866570975037
31720272,6,0.5227314014233215
11763448,15,0.841745478678948
27989674,13,0.39394299639228214
20883189,1,0.3935752358441529
32801417,0,0.6195319888089179
35805573,9,0.33548882019003834
11010445,15,0.33485830500127106
24126266,1,0.5999440652454952
24045816,15,0.35620884943702597
34596411,12,0.3426357347633053
12784624,16,0.909221634208214
1861836,0,0.3678133652414648
28931142,16,0.6005804700852009
31805681,9,0.7134575718424044
10035167,2,0.7029568162515085
26297698,10,0.49390874449300715
25261582,0,0.4846589717422063
35587850,9,0.5181125551732493
1351227,11,0.3382309994766563
26878540,16,0.5817070486063417
10555671,0,0.30950875324424537
37832228,3,0.947369161322769
18340576,9,0.4515093868322736
35247108,15,0.37340787555971783
36899831,9,0.4434625084827439
36313934,2,0.3962591598935539
17135979,10,0.3420935340810334
5673304,8,0.5792588126884282
13113168,1,0.5014465237462551
36428064,16,0.2310236063174562
19017283,9,0.5540604152260957
35522430,4,0.6442215288391836
11722950,7,0.6502858621533584
9319430,11,0.3782597314621801
12992316,10,0.5990975594944072
33117704,16,0.5760331251054887
4427543,9,0.3107366092881245
738301,2,0.4645037140909891
2119682,7,0.9619235967234958
39069841,2,0.9141937599030079
14531544,14,0.5833296900844392
5207305,0,0.21403743964733093
30842119,3,0.5123444953571779
20028202,1,0.44227532298282535
34917828,11,0.3225707979512908
22222662,6,0.6137811865187546
34013142,3,0.487842792932926
36924748,2,0.2048727191546801
32522750,2,0.5043442686432464
36998498,0,0.2552480646672082
29074509,7,0.39070408514530447
7561969,5,0.3467466652292042
25435908,15,0.26479207926073717
40118266,1,0.3499526609811144
37501075,5,0.4416474886301506
37800639,3,0.5114486485287645
20855090,3,0.5680758402817555
27680024,5,0.4765721175505405
17134024,16,0.4165112915549487
28868693,8,0.19896204437404216
36784908,4,0.36293210895548195
27159558,6,0.3834156545841194
12988780,3,0.5753851372692057
11239567,12,0.40445822471783244
14615847,7,0.24916695266992578
17156943,6,0.3887816561666024
7273215,12,0.5444377797684166
18263475,11,0.3475270786785662
5728248,8,0.4581992588077096
17634940,16,0.2975086371876072
27010588,12,0.5512427624497214
34773838,0,0.37450540397206034
31604446,8,0.5078955196030811
23198665,0,0.2723467340368125
10627221,15,0.3514972400815413
30986482,9,0.6378773686137399
39886063,3,0.5351779938527683
28988814,2,0.3663993058204956
31825633,0,0.5699278904861483
5895588,7,0.5900744668144657
19624038,9,0.7148020137099063
34602999,16,0.7127425810471181
3286607,2,0.19382083375695938
18194440,6,0.8421909298822298
1417902,6,0.339801576042923
40073003,14,0.47354349449659694
16880252,5,0.32576272022395447
31160197,1,0.2788144212719843
9057497,9,0.423744458308921
15685894,5,0.24261268168684952
26075841,13,0.29899158297441425
854906,3,0.27879815545875625
27434643,8,0.4261720586903259
21115449,15,0.6070530139495238
28533354,11,0.2039749692490882
13592734,8,0.2482927661001093
39650828,4,0.6044535618104806
38951194,0,0.39996155872415745
11773516,1,0.6215747576060101
18678117,3,0.5139640928944266
32403893,9,0.663116765647903
33707609,15,0.26392448252068373
19560838,12,0.41877527965865013
34822324,4,0.42655300583163624
4611410,11,0.45004848551152854
29803949,1,0.722580800024432
22979141,0,0.4613657281781593
28939470,8,0.2704240037735515
34560607,12,0.301927906891968
38369188,14,0.9667469906895053
10586787,3,0.6966541608925697
35227147,2,0.3465742167985647
29309302,13,0.28952219316477773
30907851,10,0.6393713807342755
23208368,13,0.7236233298224598
22546969,3,0.6815028327263611
35946816,15,0.32377936897949106
23511679,5,0.34577413484812325
16981926,2,0.6246374233846199
24421993,12,0.34844943328617006
26112049,7,0.6568723507964759
39856709,8,0.39326100677309084
6024622,14,0.6029515724737615
14664753,9,0.5344528816766327
20727780,9,0.2848978556873052
31162657,6,0.4898387464452573
37154201,13,0.590266627878446
28400961,0,0.6881183348026992
5786653,15,0.3673390383265942
1902813,2,0.7863664372181763
29294646,4,0.4038029185595642
27317442,14,0.7769792543218131
5781043,16,0.815386531016884
33979392,4,0.9034453459718261
23121942,2,0.2729913225202799
4148974,9,0.48346388193638196
26818513,8,0.7644443417505219
39297793,1,0.8536038069571763
38602060,4,0.44290752223960045
32900735,15,0.42418044731518495
2829919,6,0.30747061312991364
17593972,9,0.9247151155385446
11505558,3,0.507492614553095
38156023,13,0.5198358888989021
30360659,15,0.5279981821118499
13676141,13,0.31389453849646975
39922084,12,0.8372023634870537
36228723,9,0.30647786937987054
10079163,0,0.30672106261377163
14131338,0,0.4198496933067055
38796217,7,0.5360593046706111
9219318,15,0.29036774625626216
7340786,3,0.8440868378448018
37082877,4,0.7494429557909311
33856026,12,0.3777029250156634
28293310,10,0.6110299831106937
22884370,9,0.6197031335294997
37806114,2,0.46407735441931314
30762203,7,0.3199647191371694
18610198,14,0.5398288419990029
8545870,13,0.8535057744657072
27420478,13,0.9870584489300698
11917547,14,0.8175557642831035
26921035,15,0.9024498779118935
12282222,13,0.4728144878983536
21248245,10,0.42552671636014117
19841116,15,0.328050987450205
25070051,6,0.2560867458063697
22702767,4,0.6727738974934823
29640856,1,0.3893875638669989
22444586,8,0.2763296681472474
17304123,15,0.3827592294708833
37008080,12,0.44533439344428577
19542873,15,0.41958860559771355
24355290,9,0.3778934609072022
36638946,15,0.4679293996833283
16936009,10,0.3558302466561112
21043394,9,0.2821419814556066
23068426,12,0.6155797896384719
12272529,12,0.4242388274749197
27403413,8,0.4616338257887139
2227469,0,0.6295843124426025
23741653,8,0.3732196713027014
39951230,12,0.5677522745292364
13120892,14,0.5480349572949589
34828885,14,0.9158232611936562
13736554,6,0.42461346212224643
32288755,1,0.31769992024395605
24318505,15,0.2718517972919958
30725700,15,0.4653036867763286
8660677,15,0.6436969223301149
37227887,5,0.33249981737443207
29424953,15,0.2578642963198397
25321702,11,0.799767235835176
19201708,13,0.5595719702957521
29868660,1,0.8225384678611034
29004697,6,0.3751859803452626
13128860,3,0.45600150456888644
21767387,0,0.24005649640557536
33569383,1,0.4489727276126353
28077180,2,0.7899987203824068
31595704,5,0.24977353901195015
11207368,10,0.49048435568667126
5543989,1,0.49538582643255985
37587028,1,0.5933057859875467
16430943,4,0.25307698392694294
16872210,3,0.4217801750870574
33281171,2,0.594486401973296
38809840,10,0.4926442043558527
14679198,13,0.27279521421020525
28462627,11,0.6673947500857993
3680635,15,0.28203636684900607
37197517,8,0.37615146981747993
36038284,9,0.32947048138496193
3887336,15,0.8828812005669681
15191492,6,0.579056785207684
10964982,2,0.6680100970899595
25104261,9,0.2803849176275311
28952118,13,0.3513036142682203
27129037,6,0.43488062168396874
18679511,0,0.5217572096462321
32189476,16,0.2819447911936369
18786128,8,0.34229763047986805
39915320,16,0.44411649948455295
35735408,10,0.7084331392948717
29009647,9,0.5250778663321007
33287930,3,0.5222726860017595
20906948,6,0.21577727992871906
22910772,12,0.28788128964813947
29466404,2,0.7863032194447676
6633506,6,0.7680905410697008
40100626,2,0.4039853170191122
34738971,14,0.697576231129418
2609719,3,0.2950343700564035
27003492,13,0.5432645659388738
39117843,13,0.681493013440871
13910975,3,0.717023662697973
36538556,4,0.5116669158985606
2685097,1,0.29054378465279657
32397895,5,0.9369782446483241
25031298,15,0.6178657385692115
28100583,0,0.5107020225451806
1854718,0,0.7125578187666994
24243991,12,0.46250658989565463
40093816,8,0.4671430539706116
33413309,8,0.3541939189321992
39902092,7,0.6989803871382021
27030952,15,0.4521650182307352
22628076,3,0.5128833266592258
37252774,8,0.5370147559047845
25103457,0,0.6935336270170598
1713038,3,0.4905998110442878
10835266,15,0.20939684519557666
26153242,9,0.5117913658582028
39740498,12,0.27095276490130427
39494046,3,0.3647331429861058
13351002,3,0.28507155519800076
1894591,3,0.515450364886979
37947765,7,0.7771735729372071
25075364,10,0.3143986896103308
25615853,16,0.3503164060613677
11209054,16,0.3642658167513527
37000231,4,0.525506364775402
18290658,8,0.36102050437669647
36939681,5,0.8944626378354239
38601538,15,0.2051632275959701
21866036,8,0.6046313415040282
33000104,12,0.30518344443280476
33332370,6,0.27316496689264474
14991203,1,0.4161503108280578
26021086,7,0.28431404422547585
22317436,15,0.38524156744155147
30715337,3,0.3237495955306507
22507707,5,0.9501871394091777
34738808,6,0.38585488831461195
38352345,9,0.20136206491851674
18334693,6,0.33974853703816604
27914065,5,0.46441671887467084
29539591,9,0.37166854495080665
16323139,14,0.6100570318868422
29166604,5,0.34509450829970273
3874613,8,0.4516722334374166
16715623,8,0.44141412000363267
29241261,6,0.4112390148148148
38559778,10,0.48280948349068625
31547652,9,0.4334706438130695
26050958,9,0.24183490928695625
15209446,8,0.34534243532810377
40074155,9,0.5765264670279135
35807817,10,0.6243362469813388
26323143,14,0.6766335718728343
12748291,0,0.718202502182386
25663981,0,0.24446298744545167
33076550,9,0.7518228536271949
10202078,9,0.32086931397722546
30107915,6,0.6793602480474633
39580495,16,0.2506371697975631
30114257,1,0.43808407944743666
1550134,9,0.37768445478047524
38743551,4,0.3303320334767302
22873043,1,0.6278528820485152
13859811,8,0.4705569464287231
36589666,13,0.9473533492938042
20195668,8,0.5550332536491956
18323696,11,0.42663226574746094
28924354,1,0.8586921417842185
28948898,14,0.7547202133032795
33534223,15,0.5133977157678941
32934360,9,0.46241038380131333
39553371,3,0.28858804491398554
10468165,2,0.5808382524462228
36821548,3,0.5095175399956804
15561230,9,0.7089861635935448
21309532,0,0.3454806118095461
39739644,14,0.6485706243176125
35279025,16,0.5342929121021854
29358872,5,0.3583605357872371
25987179,8,0.3588484307886435
39928463,12,0.3934075005100654
9729818,13,0.35285549110546
21799921,4,0.33847695835324987
38233504,4,0.5953382119274776
33989586,12,0.2900559759491633
34320925,0,0.46511118238210425
7536797,16,0.5442232610979455
19134175,14,0.4836977543597493
28889786,8,0.3488749011870728
23251505,9,0.6028985615745167
25549854,16,0.24530201589794648
19566555,11,0.5130229223659247
36772082,5,0.8522545885384247
37936427,10,0.31920894515458026
30682342,0,0.23744514439286232
22084418,8,0.35754105688142057
36448002,8,0.5896655424073108
9613759,11,0.6974646846952975
9134778,7,0.501988449060653
18935626,8,0.36702900534962646
31186256,9,0.9284569145245054
11221573,15,0.5597419449711912
24844121,1,0.8367466734155666
39127002,1,0.7571255441413718
35485340,16,0.5982535710724269
3745606,15,0.227974776973185
21463392,15,0.17247136975911817
1598331,12,0.5108450960670368
39416021,10,0.9627422683960088
37683558,4,0.5286156433023894
38138666,14,0.41155740501877935
34075111,8,0.32013338876507824
36983967,15,0.7039927400335031
38200293,8,0.3492670634907705
33642673,13,0.4964559788353359
6522580,1,0.6304893071548552
24156357,16,0.3972730938200499
6569313,12,0.41514108768393426
35721807,3,0.5406656020320302
27088893,13,0.4825005698132781
13045580,9,0.3261110112533493
39693354,15,0.36051585350985615
10679083,10,0.27185552694054377
27897382,2,0.4245235666449634
38944172,15,0.35399655329044144
18767142,0,0.4689933209186618
16961497,15,0.9068782834312602
38717058,10,0.4866778556123965
29194926,7,0.7163089946832718
23443079,8,0.3447562041485307
25838184,1,0.38847823254993996
21893430,12,0.8178354029050601
14573182,9,0.2738651733994366
27509612,6,0.30748034725324463
26711011,9,0.3737067718280808
27626783,6,0.24838392670513423
26673878,16,0.5704682659682406
2047459,8,0.3531689452355705
31762188,5,0.34666042454635476
25883198,14,0.6205227309128958
33184240,15,0.575420167779979
13966541,9,0.7512626049332978
33746097,12,0.432585135843053
36624685,9,0.6432041894536754
9576562,16,0.8337801240509709
10442551,14,0.5208489422587707
21844710,16,0.5198864867178711
40126279,16,0.6062578709338377
38572534,13,0.5959881127831775
29152952,1,0.4604258804724597
10589766,1,0.45620810669310424
11939207,15,0.6168360788797392
28978068,12,0.4687201546167165
17368509,8,0.4019188141201836
26029889,8,0.291694828568531
15356649,16,0.43484144881490583
38388590,0,0.40631314313070516
21804094,15,0.47156892957604174
39196355,6,0.3501868423428836
13504334,11,0.28436086422804774
11107017,6,0.2718191685460089
33661534,11,0.46596677450803153
21590275,3,0.345784208398601
1905721,11,0.3779742076573765
38349652,11,0.7850473395752928
16999939,15,0.4470600537866733
36627804,2,0.2777296907108869
30228366,0,0.5834285529154388
4893585,8,0.23853034891401653
20172103,7,0.3140059659142754
22360985,9,0.6049500778414046
37933629,10,0.3853635707404231
22801146,9,0.8156356189270045
18850907,5,0.4120665815082185
8611651,6,0.30900170654243087
30927413,1,0.2723000008192417
20042205,0,0.5310181368967644
7615505,11,0.33159696224209356
29183482,9,0.5779856554669393
3760615,13,0.48450084925394543
11069427,1,0.6640106301298406
29046442,9,0.6537417662383864
10106083,9,0.7637016750459312
31126179,4,0.8388907715603109
17748786,6,0.6043788271352675
26496388,6,0.3739279461820278
29150501,9,0.24503151853476474
37974475,4,0.504471814898314
32900346,2,0.429062676665712
20808614,16,0.22757518725968803
12467471,11,0.5098544361256769
28866663,9,0.4509503272763438
35569833,14,0.7074064208982532
14574707,3,0.36466553541370733
37512737,0,0.7274434153631851
39599050,0,0.5723880710940003
3340756,0,0.21178816651385096
36076154,15,0.994861685868432
832485,16,0.47544863612426314
38192651,1,0.4467193540374654
38509807,3,0.6457826794808319
39313762,12,0.24645886313277646
14663071,5,0.949669958845632
25297778,8,0.3820823063928374
23658378,10,0.24851085394157676
38243547,10,0.902625939116259
27343504,11,0.353457015132558
39723570,9,0.2961857334500049
32344829,13,0.49844944338173947
23944651,9,0.4632363403923892
16062749,3,0.5545632717741747
18293096,16,0.9812110093972859
34491359,1,0.658630024702563
32239234,1,0.2718478061446199
39403002,0,0.57708849429683
17499806,12,0.7368745845551243
31923537,1,0.47430300588102675
3686256,8,0.34747099231519174
28953653,2,0.36385076320443827
34929261,13,0.6691990344178297
21557117,6,0.4519681248513148
17411132,1,0.5060424593923515
37434611,2,0.42131576060536363
27600893,5,0.2692481265840414
22921804,3,0.4248603729079606
38996464,1,0.6966711641190908
13408711,9,0.8772388277299781
12642061,9,0.7891325938848627
31957564,12,0.21456256238420868
29625470,0,0.5037493914323901
21995426,16,0.4131051815640759
25358368,12,0.2457492250148278
45500,0,0.5017373836212804
39584109,9,0.38358101964862856
35244546,5,0.5802579798830836
35802407,16,0.6373881934014384
35580460,5,0.28943928438331207
9903053,16,0.9601431904938206
24507182,15,0.4067107574957062
17406470,6,0.46891906074026257
29400631,15,0.4154747971781467
25614246,9,0.4837131909009286
13572522,12,0.902908025164831
3015967,12,0.5628626415702885
16371352,11,0.38470029199368105
35237814,15,0.6334714805775365
29138743,1,0.34438104471348063
31979081,0,0.2218859033263189
19699432,3,0.21825965617131732
23161913,9,0.35934804569159484
33766610,0,0.44049412930073456
32738824,13,0.5683953495582582
28382850,6,0.2760673487354438
39036109,7,0.2733249502055501
36158700,14,0.6231662463292349
39500513,11,0.5403252989250702
37042071,10,0.42064629638741613
34312258,0,0.3768876719359309
29975811,8,0.33995095346444143
34372102,6,0.4848071719314046
28248826,1,0.3328790547523578
26292114,5,0.5983284483096458
38171196,1,0.5054229821478562
10516387,1,0.2854422872389043
22681763,9,0.23621647365452386
27599654,3,0.3286789472165099
33216515,0,0.6560763900016634
21639446,16,0.3730371848187501
24191062,0,0.31009311313403837
39195711,10,0.8858727722456287
10704292,13,0.6078434006704799
35768633,14,0.701886764452587
21756204,8,0.2737727128243726
34499982,8,0.4301174924662597
35858146,0,0.5048093737777845
38238208,10,0.275424689067434
33924263,12,0.401094731916602
23699432,15,0.3551823519074207
16978755,9,0.5113265252594673
21292974,8,0.4562916886984751
33858512,8,0.7134273060366209
26295136,7,0.7041863151285664
16951331,0,0.36538145871544525
24237335,0,0.6828260033636718
37571177,1,0.730706214092565
33072604,14,0.586145954735375
39880244,16,0.24844502038859248
33066307,6,0.6882485217373742
9332222,8,0.2592656175569772
21614065,5,0.5476052366741866
33271926,6,0.5405012584351089
26899658,0,0.8028454015867116
19695494,1,0.29729199615554874
29924114,0,0.3024308140862927
27947419,9,0.23708659837309792
12018688,3,0.41416676769358735
7157768,13,0.27119259857476286
39726661,7,0.2763347670264716
33765029,5,0.4355753534374855
37743773,9,0.3307550720337911
29921700,15,0.4352213863222516
17620646,0,0.36028636262682595
3238558,0,0.921196850782792
37886917,15,0.3104965379543496
39642721,5,0.9189303895414255
9286474,10,0.8633069349399628
30087815,8,0.31819015696745445
22807436,4,0.25630972048219947
34832869,9,0.48293288159230646
24983938,1,0.7759565664962204
21341306,8,0.3069301887128277
31125029,5,0.45671398461271473
34240818,10,0.34167588373780117
38721265,13,0.2586556182801884
29917123,3,0.4361050831406624
11999374,9,0.3932485158253179
39969438,12,0.6897820978214749
36865257,9,0.5520491484690211
23553075,12,0.7878112545316338
38528759,0,0.346623512567061
34586382,16,0.456819511870385
26594332,1,0.29917269391093104
20619851,16,0.37321163070983493
38255064,10,0.803492564320982
38836249,1,0.5871116694897119
23140529,15,0.5857278634100742
33703775,1,0.36720089509037623
36322986,3,0.7849099090798772
36588169,5,0.7119816327058529
35825967,5,0.3673508098590968
20250533,0,0.4761129191027718
35216788,16,0.42722134212975443
35449270,4,0.9195621873746005
257956,12,0.5522820817786317
13608745,6,0.6325563306532894
31511196,6,0.6299800997238161
844142,3,0.41318239875408597
35477571,8,0.71139688491546
16935255,16,0.3850507973233086
26300077,16,0.9999999999916834
30421187,1,0.7717398440769612
39298928,0,0.34540123054163124
26286142,16,0.4139699333386516
33349303,7,0.22006967330225688
19614723,3,0.37159410537399323
34021273,13,0.4443608627183381
9417379,7,0.2735280919979911
30063913,10,0.7238187538094337
22447004,3,0.28993464426656346
11208645,1,0.7938595967681661
31749334,5,0.9034587793698206
12452017,3,0.20805544871961248
14793926,1,0.41182524399606857
15034267,8,0.3089252993852763
29225750,7,0.3967174608760727
6196355,0,0.34156188778102037
39482140,6,0.5742882644718263
36571500,16,0.4223128483650218
27568106,1,0.3997840913240995
39980030,3,0.30566598671991363
24464418,3,0.40313464834177537
23655666,8,0.2343540160272116
36311534,4,0.6295638930507338
27451612,5,0.3252017886915357
24640850,12,0.32479814523487893
29324346,3,0.3513841267111586
25422073,14,0.40294509961161606
35754302,6,0.3568639656196896
15284154,0,0.2822780063985242
9737786,12,0.4509063509047908
360368,3,0.7708009528923261
33328656,7,0.3745564693639789
32974756,16,0.3626840902959552
19599578,4,0.9660846328519306
28333760,14,0.7169463790994349
11279804,15,0.493845946695498
14115318,2,0.7314522275498796
40117702,4,0.3241539748474985
1634502,3,0.5544141343076636
33631216,14,0.202826242319932
12709194,3,0.544988793820538
27631702,5,0.550049699720871
16711923,3,0.43584260357226623
4036009,12,0.3881285939266195
24829880,15,0.4399760183843214
25368493,15,0.5122205292084545
7875643,5,0.5722909939166971
36396004,8,0.8105710788874197
22937653,15,0.3169711005136218
34604660,11,0.6239078936213011
37401838,4,0.7703063052503154
34227717,14,0.7825712953003471
10918122,3,0.31427843105615066
20327621,0,0.793307018870316
29103566,0,0.2866899046929412
23089179,5,0.5640532626417281
21765938,15,0.3307996673016097
26365544,6,0.26554678936112897
32617538,6,0.33157561298546867
25111752,6,0.7927799317746662
36983233,13,0.6317953116529984
37134589,5,0.481986618211254
24274277,9,0.2746866941813615
12333004,6,0.5468066900796761
32708530,12,0.38837226915578726
28893314,8,0.3241995490406131
3131488,3,0.7720381541267933
22691249,16,0.42883215038856975
34078500,6,0.44282726724242216
36045059,16,0.5090431628465657
20406771,2,0.6590891002533169
20296224,5,0.1620367760201101
8881993,8,0.45533743599107923
39369260,11,0.3102660890797324
37736531,16,0.29848103328407843
17715222,1,0.6642533977105729
39418477,8,0.3913940452868153
28950669,13,0.41045261477135286
37231325,14,0.32463622495266803
31893039,13,0.5822108110334191
8169249,15,0.3109986139130987
24551464,2,0.7868023173274632
16107884,1,0.5952246924557444
70797,9,0.44697537738111404
10056274,9,0.36795868043578256
10357193,9,0.4338105701036721
4307658,2,0.3937521590672134
35136244,5,0.4147915663868427
23251740,7,0.33455763820581563
29451686,8,0.6675178229104203
26620997,4,0.35798368081925347
14129405,8,0.5023918538776939
30830776,13,0.36215777764936113
26645240,9,0.5013649991254205
14962646,1,0.5712093486873568
1571442,10,0.3490547720690628
1145662,0,0.6092668761810411
27717152,11,0.4883918148851359
7832264,12,0.5618839959301123
3387655,9,0.4260836057811472
21329871,0,0.40154203743379047
12100324,6,0.44308745524015325
21819649,1,0.441081108898435
32408167,15,0.6717746819781515
4536556,11,0.5811130299194854
25918115,14,0.5617003115219782
32970938,8,0.4566836616179485
23254983,8,0.33521142143034766
30512962,11,0.5180482928849662
19896616,6,0.29834518398559745
27687867,12,0.4545341739744757
24535920,6,0.3256755370319542
6789927,0,0.6266984138665176
6782133,2,0.3296253370995137
19957516,5,0.718216270385653
33450285,0,0.386469587159659
27437986,10,0.5383891871968831
38834243,0,0.46660046296833513
27972621,12,0.4060806330116236
38245701,3,0.45609287355155476
20462965,6,0.21576246836745522
35842767,2,0.7428038609946455
5020732,9,0.44204618234638166
38051602,3,0.7291263575786152
5660762,11,0.3386898457355429
31616840,12,0.6217687214166374
39180027,0,0.3704369658729174
3694177,9,0.20310760691061838
33977521,6,0.46681850749297893
14500373,13,0.46088834181061117
5349671,13,0.3559741255271668
30000023,8,0.3156799910529124
33787073,7,0.39363325859369647
5311711,0,0.25880515109904667
36805105,6,0.5523479448296843
35538828,3,0.4968831765107713
8685994,5,0.7630635438104098
23836402,9,0.3263976025487816
35635154,0,0.22531138921635355
40111624,13,0.4134630613029257
25412943,6,0.4846761938511954
2824244,12,0.5829641191135796
25928425,9,0.5236281984653545
22026644,16,0.41437309980995185
15365940,9,0.34534809735173905
22108152,12,0.27364258999346946
19282767,8,0.5196680006019535
33561005,1,0.2782170241613152
36414184,16,0.4170692425878873
28358260,6,0.34399105235619076
33273197,6,0.9354731675179135
10515891,2,0.7951790555381008
30899411,12,0.3372964427001345
24702807,14,0.5825450194771953
4956984,8,0.49681939106761697
4259039,2,0.3864435693785081
2946519,13,0.4931460115550776
19479758,6,0.45264845620727784
28640911,1,0.4920601421651942
1739969,0,0.8433438503933396
29686692,3,0.7631442137622639
39860998,6,0.3900056652082143
17478165,14,0.8704961277336576
35470131,1,0.32336254985598567
27023229,11,0.20987159485602874
23940828,4,0.5289986299876995
19164286,14,0.664880772804161
29982248,1,0.43584859850959057
39934721,13,0.5122015734857616
31555834,4,0.5714936459509562
9929689,15,0.2037460421604281
29624251,16,0.8454449100131861
14513418,15,0.3217459414264339
27614444,9,0.33379555378214815
10515992,14,0.4043696913762476
38161133,14,0.6922125430753919
21714400,15,0.8841708984582384
29010431,0,0.3937590318331056
13634800,13,0.4185098013409155
27079249,4,0.6445104260902382
14639936,8,0.7966842477954436
24631127,9,0.5428620519713452
16493553,6,0.28285527767716306
31503874,1,0.3383400112295814
35573825,1,0.33394893275789933
7168971,13,0.5175010229703193
27014924,6,0.33213111133685025
3079670,0,0.20835199613715533
10205969,15,0.7377492472137702
39635483,9,0.18690604012527065
3445006,12,0.2422592896536387
34303426,15,0.509472804850296
31043730,12,0.34258787854989053
14072600,14,0.5249476302271933
26445560,14,0.4244603947718909
29183720,8,0.3285498650212649
37653945,3,0.4497574324632193
19604711,15,0.29828800767748564
19063941,12,0.5822713261034852
22831516,12,0.3401640573437125
35744351,14,0.39876548218309477
39353758,4,0.38007424805317785
19506105,15,0.2922347334509884
9548268,16,0.8170117840467368
38172610,16,0.49612226644661966
18901470,12,0.3432183504428419
35739839,5,0.5147636895403385
15292072,12,0.6132797153904304
38737561,4,0.34031518923257303
9559601,1,0.7375585465431888
22239029,15,0.8828139919763789
33875249,13,0.2559207260744942
29265877,12,0.34650081146398704
12702879,0,0.4593354526569042
29492971,6,0.4355751846977796
22864042,13,0.4797775084576468
8659226,0,0.9999999999729667
38806095,12,0.8047605792282387
37263743,11,0.3298697064100741
24239780,3,0.4315112874841713
32668514,9,0.5910099364046895
16453644,1,0.29901905324809486
31374442,16,0.48731508442610516
28709826,3,0.2755440294014311
40127436,11,0.4330490242672259
28605255,0,0.22120010069114965
6921699,8,0.2540155669015747
23180384,1,0.5199732255729672
37836550,1,0.35137438056341214
39493153,1,0.722723476410791
38963473,8,0.3172587155709583
9170501,7,0.22797206515859855
33483707,4,0.5317625229378977
28099526,5,0.5380585385744516
1970680,5,0.7633234235070857
2001940,3,0.2044805216782349
9909466,15,0.3306987586065879
12169258,10,0.5141167827180819
27096588,8,0.4014918687899626
22022621,12,0.2891838258858772
35302682,9,0.3817745553175233
30144554,15,0.3390413784135799
3918241,1,0.2472106571389094
34988040,13,0.7002828924417903
1765848,6,0.7355721077845033
33599156,4,0.45138696797682243
34329652,10,0.3130255280048596
34607393,13,0.5286150274626868
36193114,7,0.2720422872462024
4617987,12,0.3669163675728046
28264697,3,0.5546490207634055
39950416,13,0.5335447018850136
30769048,1,0.4134088832761853
32015435,12,0.6482166813888836
35897254,12,0.41503750526283034
30986381,10,0.5109218798470447
31596229,9,0.31342220639062796
29022624,0,0.4533953442166281
28138021,5,0.3981735580798678
19715162,13,0.6637776389717346
10568158,15,0.5747084708971534
16755312,2,0.9574714714750626
36668692,10,0.36256495736106453
23634065,2,0.41145015044864436
22732449,4,0.6572481075826987
13241093,16,0.30847028887697514
21729054,6,0.2832078615771937
32082926,15,0.4937028213224355
16301013,0,0.3095236817059428
38151866,8,0.582932774518941
20042423,1,0.21449360634497416
11086346,11,0.33197101397812306
16957226,15,0.8402945396524064
32059090,16,0.24979688426447877
24181001,15,0.3859415912740295
30489707,3,0.38476260883747815
16515078,0,0.22855281377133183
29578956,8,0.4043586939508731
36802411,3,0.43250639801122376
38208095,4,0.3372978195418976
19753136,3,0.540203336293414
32150795,7,0.5016438795817663
31165644,13,0.28887393119642585
32028742,8,0.30538829081359703
31521778,10,0.5462981476049783
39313677,9,0.39470697734015553
32462448,2,0.7198248642869223
21666229,11,0.5327688131851496
22479219,11,0.40900812307543005
17181912,9,0.3485688549533195
10817360,5,0.6117815063837961
25744925,9,0.41132488790285693
3498263,6,0.4279324486872076
1594052,6,0.35594551710634764
16524214,10,0.36841003148255497
30224951,0,0.3022139773779558
13614877,7,0.5493962542769503
34458665,7,0.3570670182072511
27074322,9,0.33299378227809173
35810360,12,0.28112475267691134
39441925,13,0.730726772527865
25603686,1,0.939812005435337
5362097,16,0.28866646556511233
11619894,10,0.884320369219658
25090752,8,0.4234312561160361
34101499,6,0.25080365709864727
29534908,4,0.5928082435059342
34920512,8,0.3808797072099004
15442037,10,0.29453150817437224
12844963,12,0.1889788554945181
3460650,15,0.5501387240038901
25142915,5,0.2801461584884325
34884567,3,0.9987432481833471
3316301,2,0.2912887666048193
13349856,15,0.5900551897500692
36000400,13,0.2551148887759254
34032522,12,0.3584931541649652
27759077,8,0.36567582944684834
21341771,9,0.27978587298348795
21222114,0,0.6513608199027037
32805264,1,0.4369384913236326
32819933,13,0.3829421372312167
35094611,6,0.6315355909940036
28024446,12,0.4576658103250909
26465349,6,0.5378554364399051
24399626,8,0.8251925963241801
27167381,14,0.752282035371945
22595232,8,0.4964004324003769
9378824,13,0.24270110280875185
5529672,15,0.7213683289809438
20391329,3,0.3660778621692665
35583702,15,0.25240924702817974
13850527,9,0.3863273370283106
10748075,12,0.30079794791611797
38884376,8,0.46534614643125455
18139362,0,0.34446219434576836
29555579,6,0.4388290020655311
22609272,3,0.3356392071979919
19491546,3,0.48156093509600845
30925695,16,0.5846272321058821
32213178,13,0.6344998239615023
33312950,9,0.8069113361659841
22080606,6,0.6786928562510824
25560537,3,0.7150357751921076
31325655,7,0.39033798059834085
17870872,7,0.2242723090211834
15941956,0,0.805435893518776
3890726,12,0.271716665637824
20632718,16,0.7945361183468159
12177541,1,0.37724228880636684
27137637,6,0.4526271933252119
11448412,1,0.7031099339722666
30253745,3,0.534746923320015
14778167,7,0.33205697532487544
19081462,1,0.522817646461878
25096639,6,0.7610005916592734
33440929,11,0.259280848248076
32614115,9,0.8739733714827922
32853485,15,0.4922739972514884
22750851,14,0.4679124701268901
16260807,9,0.6371511876656377
34828545,14,0.7668326120388308
23300295,1,0.3778883842041123
26648724,5,0.5934987740428388
13277233,11,0.49906190840541803
11158988,14,0.5870234299341358
9350129,12,0.8689910089890023
5871542,3,0.7192449193568315
23819654,13,0.3810673269743181
9756761,9,0.5231887589806299
21163113,12,0.4259432444594515
38998333,3,0.5829736243661896
974931,4,0.28906546681041356
21304272,0,0.259550058645234
22354668,13,0.5370373833451664
26037390,2,0.689957469106078
37248125,15,0.30520483500738177
22772619,13,0.6987259099262616
21255168,15,0.4134026615280118
12989576,11,0.24530946102581883
5318311,10,0.30602737518781686
32737627,10,0.36099435690429704
16076775,13,0.3219047722415268
12709945,10,0.39177162200499743
35358248,4,0.4482810124262188
36054382,9,0.8634593278532917
30448762,4,0.5173145934834306
29310116,13,0.5996863127515856
5656798,14,0.5925357765417402
34014483,16,0.6880736944982706
16469018,3,0.32115066027119493
29680362,6,0.8684708863612346
6066797,8,0.4735298302290187
28875429,15,0.2102718852917678
26525137,9,0.3898406406265947
22860909,8,0.28760548492705995
4544154,9,0.41842384948223965
30399622,14,0.712509455582055
38126159,8,0.49506899722484426
13998693,8,0.5286731676668441
18422131,3,0.41194486229453026
18819954,0,0.3321070221226685
28637928,16,0.9645730197200321
27502455,6,0.5957597648209756
17407691,16,0.45401041352676647
22141648,6,0.40884125003024036
35919807,14,0.9425330659798633
18554719,9,0.7457171310052814
38782004,1,0.591118093332844
13109274,16,0.3925514122547726
12377473,16,0.39164319556866434
37383812,1,0.6449365106591007
19737432,3,0.4312614538751504
17619703,15,0.24945838753837596
23861468,16,0.5282420399536558
23930274,15,0.4206230553741609
23534060,16,0.32344938276390306
23552809,8,0.35401680095691157
23695414,1,0.20286939506755483
39938083,6,0.38472900389872755
21456729,11,0.7706312777895884
14457596,6,0.4953902324264206
8052002,14,0.3324744588062537
36767717,0,0.4087619957262881
13881395,9,0.4361812858946951
33411053,3,0.35204077516395416
26828368,16,0.9999999999873765
9964118,12,0.2650154725227558
18861877,12,0.40943730188174454
37229398,8,0.3871690983498452
32198096,6,0.3092612223025232
12838114,3,0.49263259833294826
22418336,16,0.7838216700760157
32199241,8,0.4735993326735145
12486778,14,0.5057361065829852
27925251,11,0.689983644127932
32039888,1,0.3648326988256869
35272572,12,0.3445619973772595
32235617,9,0.652181390198963
6175237,9,0.7683370089770254
4103031,15,0.33723405426018205
11047034,11,0.6091670958715835
13479286,11,0.3340368750497431
9540311,2,0.7446985636956125
9886575,15,0.8003217948773823
37266035,14,0.4082228207592182
40098058,4,0.468640305189278
34751942,8,0.3888122446562608
4493844,16,0.5353944360162926
25703711,3,0.4868534262402631
4481644,6,0.23727067673412383
11668031,14,0.5999307442960867
24875797,11,0.3390932537732673
26379420,8,0.38556221561418463
37404234,1,0.37229013446908726
3454437,16,0.3750181654741342
32744940,13,0.2459878461107131
6714723,11,0.38119688034479315
28436482,6,0.33768821673836913
28166439,10,0.5719296143326255
14423363,15,0.4746414225782671
27760421,9,0.6378642839258547
2911946,0,0.6603456672919656
25898086,16,0.7166482936580083
17538906,3,0.29347857095178365
38575332,11,0.7099509657504792
19301330,3,0.8942050678679825
17843298,10,0.6861343248216335
39356761,15,0.3114375153338795
31790284,2,0.3585407811737325
37273158,15,0.7695086544509705
23873240,6,0.4238975009751443
24120894,9,0.5032259200079007
11663452,13,0.4152927822369401
464010,11,0.6930668348999055
8789090,3,0.32230174373315107
36694549,5,0.8375790878589919
13957624,15,0.960625869762862
11469674,10,0.2938552197058015
32917436,12,0.5364849606392673
14028775,7,0.5144154697013175
25226759,8,0.4384811726479783
11630374,3,0.35515800258034935
20663898,6,0.2934633310434201
3022898,3,0.3253239247896741
36553615,5,0.37504260456087235
14383474,8,0.2721515261971324
34647232,8,0.6330106887444422
26461800,12,0.4270305161320373
37024822,11,0.35545203514867263
34505129,12,0.231184292226961
10527593,9,0.6855784790227744
14670388,11,0.43853126267002973
1841730,12,0.6018454398618468
9762466,9,0.5570481796003319
31190332,15,0.47261199773333934
5483096,0,0.6243263238778909
25473736,8,0.49358675012989883
15184588,1,0.21643128300579242
24150894,3,0.41468027552921705
37424750,0,0.3101359277824607
33298258,14,0.4160113388845178
2255721,6,0.5549897149881822
37423185,16,0.7048390547603446
30757487,14,0.49109016076445294
14322641,12,0.3454291739335447
29449917,15,0.7065376349119957
36519495,12,0.6612619158450725
39369347,9,0.8386052160162725
38968723,1,0.6387432881393094
4850748,15,0.45263470695695585
5877353,1,0.47016351386698557
16043124,0,0.24142308766877457
34696100,0,0.2326836649901514
35729313,9,0.43268232748717045
38990723,0,0.24455583529820416
27364375,3,0.7029792332647596
23988736,5,0.5937463415177066
21456143,5,0.7835729075565131
27883234,8,0.2376300627711495
35140860,12,0.4009908787002754
34861431,11,0.6169982456525013
17290936,1,0.27626498262398624
18270623,3,0.39236631507526776
30156498,11,0.4599201734136187
28255905,5,0.7841268080200594
37341766,15,0.5468391921485523
29872668,9,0.5142831231356161
17317595,13,0.4202691742340914
2845177,11,0.42532817834762293
37578876,10,0.2173178998444639
39860556,3,0.9283575782607104
24351695,6,0.3934307714684733
29529485,6,0.527631771546885
13892730,11,0.3483001553054933
39199209,1,0.6500210580948753
34527319,9,0.6440606442566897
39424826,3,0.4456629824757259
14335284,11,0.45582303073595315
36884286,13,0.24969409062986414
20422510,8,0.4193630434650798
20281946,16,0.5944747439349343
19676564,10,0.6657307151872278
36554257,1,0.6822866395073259
12129986,9,0.23310286717779977
24687872,8,0.7026664692748955
11570326,13,0.22999087233054252
21414639,15,0.1941475384068398
22109275,8,0.4594711581778698
22111408,12,0.43960953267506037
37038056,5,0.769522137892685
27430045,4,0.7874863893005647
33511284,9,0.366985542151637
13831451,15,0.611479019248375
32759960,2,0.3118713285527677
31240376,12,0.5310927840812114
24186423,12,0.22794275631373556
24480009,12,0.2133853229616127
24274799,10,0.5368848184189889
13187420,6,0.3889328514745623
36933016,16,0.4653747760028657
34400303,2,0.5245169353883483
29290874,15,0.42699278817223574
22920928,12,0.4545007963220001
33259710,12,0.3415881651852518
15328566,3,0.39833258796745274
27438498,11,0.45302360367999606
22679856,14,0.4602120775665186
36568371,14,0.711580633516932
32938341,2,0.4361034485515898
26789123,5,0.5039956798695201
30102318,9,0.9269724202509039
29333208,15,0.45877554396009107
18493194,11,0.6125906521801651
13966603,13,0.5153499857394734
2847979,12,0.32336212711338636
13807623,12,0.3239191543948174
31998834,5,0.671094937470696
16063928,0,0.3142689077224469
26897536,4,0.47894023161215793
11345765,5,0.4238204534211523
26005403,16,0.8010378302245724
34242919,3,0.578933398297794
20469024,12,0.4596038367279981
33960570,6,0.2878532003987415
9451142,3,0.8243990872558145
1083402,13,0.3744653357946131
10751948,9,0.43548958644765867
2067710,6,0.661559189743099
5154479,11,0.3653672550559067
6000205,11,0.5231637956296624
32059711,5,0.30784012693468726
21389741,11,0.38842553231772486
3224628,1,0.6933029453286901
35017332,5,0.5889658483373404
28326378,8,0.41905070568837266
37755080,13,0.6641937350414429
28722971,12,0.30978386906252
16216102,8,0.6488691459807909
9265551,0,0.4780875379283837
33070321,1,0.6068352257875268
33349126,9,0.5650439191938906
19076977,10,0.7729484564871605
18213544,6,0.22707328047955416
23442696,6,0.37345020759497294
33138392,9,0.41416194525653555
27627440,0,0.312397050054382
25489418,13,0.2205750932819772
24986855,3,0.4634483231090232
38335811,11,0.5703952515382554
11677847,3,0.8212366879212746
34304189,5,0.31152806032472
24533128,0,0.33739879391951755
27830672,3,0.5351113333406354
38338177,14,0.8341910941658044
33678351,3,0.5093905607020696
1726640,11,0.36456436844410856
19131147,9,0.2648644288397154
5300988,3,0.40134485520669216
27585670,2,0.7294775849955916
38937984,12,0.3347136862080073
16679560,6,0.6565962731425896
33692949,12,0.6621142819493924
28596608,0,0.3144449619412786
18632566,6,0.4244857413470103
29380739,3,0.42144980999610154
20914655,0,0.3551080026599656
38442962,8,0.37695632176863114
36165262,10,0.608067250555719
2858920,1,0.7036513693877018
12179892,0,0.6609901702765097
33542473,14,0.6358377120634636
30006169,8,0.5666067483206063
22771579,6,0.3716218722013608
13379631,12,0.5040617081616914
19796834,8,0.3346525315046004
2365126,11,0.5237004738448949
39461428,3,0.28639806708413645
8210161,8,0.30940566130750863
31422996,9,0.41043353990234366
16049355,8,0.431555481279651
19964747,4,0.3882309657152323
25852709,13,0.47163315163386355
12572040,16,0.1918820225065074
4121240,16,0.618328711977366
31950331,4,0.45951627029769093
4109848,8,0.3218422734779889
36338250,10,0.5616703689716966
20241303,9,0.31803714943093014
28640564,12,0.5046604086606703
12233208,9,0.48864695210762765
27951158,10,0.7002260496916398
15590100,15,0.45314648742043584
10834721,6,0.3150706842263409
20689760,10,0.8286040990287596
7581951,8,0.5183260431973788
3373188,3,0.894887457613745
14278424,12,0.40501292308836095
30383989,8,0.35720630950590565
37292266,0,0.31558665238266875
14503434,12,0.18996350500369547
35611946,7,0.6250931556786933
17709240,15,0.5423098251185263
34003285,8,0.5966240540598298
37418200,6,0.3333535822240089
8958796,15,0.40560418355764194
16490869,15,0.2970423071274938
10100276,0,0.5858632810357023
37346050,5,0.3673130110533089
26201929,11,0.30579102047004164
2150108,15,0.7618597435191785
20035604,3,0.30745786252721646
19820600,9,0.3842807039005437
35343798,13,0.6852740789310015
37954489,13,0.7598624372849375
22067785,8,0.22810040928379685
3391920,8,0.5942985801161415
32883606,10,0.6826516042195262
6168727,8,0.5056251688501774
19749404,1,0.618243612558985
34571161,10,0.534108478384085
25140826,14,0.2215078906661514
39785661,5,0.24470424536797025
31683724,15,0.4336641336779548
25440750,8,0.49383004631187977
38632687,15,0.5948291244986744
32507715,0,0.4471760214839911
5161037,12,0.2805458339671061
36608077,8,0.347139965251384
32069347,2,0.3563859560206701
32814217,6,0.2602241839984706
37605555,9,0.22436422702669154
31619880,14,0.34403768352250447
14948711,10,0.4984336708031678
24689395,9,0.6495934953833328
39089397,16,0.3520415151589051
29577849,5,0.4479589511357084
37356638,8,0.421291516537014
12996632,6,0.3437467016383645
28201090,13,0.20901306220344992
31237091,1,0.40334499437247034
30652387,7,0.585010225434312
19412462,9,0.3469980638983885
31588148,4,0.3916665084080049
35921408,1,0.7963147249231267
32979715,12,0.5281661967645495
17527851,16,0.4684133993620335
27837662,16,0.46059315754453123
15526772,8,0.4415287492040796
30879608,15,0.5988228758232282
34316107,3,0.2746183842206185
31901171,9,0.5726667409167405
3617772,3,0.39550664392401147
5434520,6,0.45356219100940254
6328267,3,0.4877937763548311
24900064,6,0.43336468208225437
35052362,9,0.5510024492771107
26044386,0,0.44760942737177933
30270765,1,0.3531243731303841
24219446,7,0.8426609823406369
28122542,9,0.8083035730519418
36644063,8,0.262106217416772
39210127,4,0.40810640875574133
10118762,5,0.8958502028484974
36110242,1,0.45655254631424796
22975998,12,0.3938591550770569
25027198,16,0.21407835454127994
39907237,8,0.273707125227551
7369247,15,0.41884512463816265
12879322,12,0.3224778318962724
37189968,3,0.3880713248857603
37438380,2,0.30429779526721484
25063919,8,0.3597157048616199
22209311,15,0.3634327716760735
16426387,2,0.2521389031230441
37236834,10,0.49387588036122165
29690484,10,0.7005642438391828
27920380,9,0.4023624464104589
19037703,16,0.47196353300341426
35693574,2,0.6445695835254914
17718895,9,0.4362724783827388
9750481,6,0.6365543952229746
30989051,3,0.6441576603947673
38271944,3,0.6893523392329323
13503409,8,0.7257588885073417
8626157,10,0.27048949032458514
19101864,14,0.5848275854720824
30076125,16,0.15072674665076333
24023105,8,0.6976442428087245
7557098,14,0.745274001128982
20551216,12,0.23887659017556878
3985453,15,0.3521296615317167
31208739,12,0.3919798659799064
8421337,5,0.5854957925640201
30210381,3,0.5389433429415823
32152740,11,0.41293305344348075
3175925,6,0.3140822588543694
7155152,16,0.9088406747205355
2099666,15,0.4852294774143134
959985,11,0.2531068481956404
11501950,11,0.3743084910877339
35554982,9,0.47038238474162536
34900461,7,0.2432620310665757
8018870,15,0.4094433681435572
38524483,3,0.2900068056475016
28435032,0,0.47675183084627604
13409386,16,0.38694975193686
26046256,9,0.5251189275271231
32715836,1,0.22697045401258015
7937994,3,0.397199220915716
1823493,3,0.3676886250654866
18390874,8,0.6607950455895
32982012,13,0.6508507770333168
5938011,12,0.5253452985221598
34865006,15,0.6449250185625732
20789434,6,0.2546898121196205
12829525,15,0.5455120938290653
36440533,0,0.40850893444760267
32943227,10,0.44943303923708217
27179016,11,0.39103676058465414
39576673,3,0.314703431963698
31629994,3,0.4203036324077525
27159883,9,0.47679950836395063
30386515,1,0.7052299105651497
17703956,16,0.30047564196419296
31226625,1,0.41345877993932345
18146149,6,0.3365833785735632
31302227,8,0.45711326933151575
34544047,0,0.5072976524378657
24745852,1,0.7561735732956252
8294842,8,0.5878683806596845
35589968,8,0.2540201222119197
23543452,6,0.3892081430994142
29254077,8,0.427514181952812
6909495,10,0.1894546256679993
38327803,15,0.44504950150184575
29571621,15,0.7575322688427885
3077557,12,0.605162278938134
39660005,12,0.29810944677850904
14525736,11,0.38354215961074406
16782639,9,0.8094024031193567
13590192,8,0.26827203105887343
25189017,2,0.3894099922605008
32708323,7,0.5000380542646764
37356728,3,0.41589717762171585
19713141,0,0.49767435152427475
26211814,1,0.6287012222701933
22335677,8,0.3421500728835729
30646152,14,0.6960138485847376
6296584,2,0.6075372720621325
22030696,11,0.6491147653938542
17596893,9,0.5731731859460848
39901135,8,0.34368911923698364
27848816,0,0.1650321600928231
32237794,4,0.6099357370357693
8455358,16,0.38829564574171727
10510124,15,0.30965850723936605
35260519,2,0.8042776197812529
4765629,0,0.21389787599560525
34517270,5,0.3418440583658945
16962430,8,0.4389604121704449
32096777,2,0.2695403700063767
8911735,9,0.46637212886396184
16243955,5,0.7206353255276163
24011431,10,0.4008410796246149
5369383,11,0.27144756909207074
33776657,14,0.43065425204163227
34788559,13,0.37744813781017506
29334550,3,0.2380054261449166
25612920,3,0.549210057167105
23504803,8,0.29226141384145055
23354508,0,0.5176647462576971
3718251,12,0.3624336128155738
17015307,15,0.4166029644463805
37272995,13,0.7372040660970703
27289142,9,0.24358882309283775
10877249,11,0.34768971402924503
24770369,2,0.696111940093984
31252939,15,0.2992706292679819
12942159,0,0.4624481983699611
20476362,12,0.811848863978945
4406102,7,0.2988041165471314
35225561,11,0.48494866435765743
17604316,3,0.630283952029466
31926460,6,0.47152455284287426
15552486,10,0.47614066178303366
34947935,1,0.7361923564448212
26324468,9,0.7932398469173877
34503795,9,0.3789986319392956
32201872,15,0.3934198486165021
39443814,5,0.2505832290114614
5649540,12,0.2297559031786958
3506498,3,0.3308301191774287
4286036,8,0.7921820717212125
26780347,9,0.3513524727327113
25394014,15,0.9075099387084585
4819300,14,0.9235109990101785
35291183,6,0.4110880017483745
29947654,12,0.5694271277470494
37973693,5,0.5004467918067502
34914142,10,0.5173203648713531
27551821,10,0.24273988671783092
31215837,16,0.37683055397563847
8239554,12,0.35023789776201797
16598777,10,0.40769005652004836
6720440,13,0.3329380756186509
31108312,7,0.6093596849466772
7442570,5,0.7217491230418098
20004307,1,0.4092397127390761
35007553,8,0.5449329438905238
19443431,15,0.5264432424883987
28410776,9,0.2550286273439166
34099351,8,0.5055924171491658
18236350,6,0.8028376916441435
37986834,1,0.4793206482901433
31502405,0,0.40962718236271833
302163,0,0.5243108842305412
26588923,11,0.38315741992218094
30604952,1,0.6676707166073195
24410900,8,0.3247015056495342
23394378,12,0.813236065030144
22841888,15,0.47546133748483244
25372677,7,0.29807645887119366
39835704,11,0.32583976815328586
8522390,6,0.5538346262707695
3001750,1,0.2549322454341579
28704145,16,0.3793712497681772
21901102,9,0.6136652206015641
12998908,9,0.4006269241433179
15467977,13,0.2963442065465567
38147839,0,0.20686335027164146
14876929,12,0.2549796821337031
16247157,0,0.26543915811997915
27534738,9,0.5123730942813841
14973217,12,0.21681850742975547
15959936,11,0.3031922034644003
35894511,1,0.8228542663031093
15598313,10,0.3851274562615798
32143149,2,0.5309189116962701
10782340,3,0.3870487538493267
32461057,9,0.3421009783613832
27302285,6,0.35817728519375286
22310604,12,0.37094616094460725
31618755,13,0.33566084996405415
30427445,12,0.646395508971681
36534850,8,0.47651789172424847
16039463,3,0.5540270093207202
28166011,16,0.5164226933876721
38727035,14,0.6438261190002402
26780348,15,0.9758280817165396
2484527,14,0.8379650507619406
14122272,3,0.47885405886808186
29506802,9,0.3866004977079373
19824805,15,0.379311666167072
17454216,3,0.3897452199594399
32378475,2,0.8704534879017778
7218795,3,0.5929908040007369
33249350,15,0.5661426672463132
31109366,13,0.3579333479515972
18902102,0,0.3872860845292732
29212205,1,0.5068206627160557
27723909,7,0.787513898803924
38110263,13,0.3893471813780152
34823688,11,0.4098349784708217
3916762,10,0.5680819753306261
29523772,9,0.5817875188838738
37433093,14,0.33982861309816315
31883505,11,0.610681719654082
8905268,7,0.15957575394099988
20074620,1,0.3001365275358858
34494748,7,0.648093709440575
3187964,8,0.37459695933311615
25984273,13,0.46647768983694043
2283704,1,0.4729982116812462
9151102,8,0.2927982819386063
25041144,3,0.2765466092689651
7017330,8,0.3728953069126387
25973366,1,0.6197028630209825
7092000,9,0.36007494496394216
12052478,0,0.5786166759236853
27518112,8,0.4973820831357732
4387869,13,0.4226380634542631
38118721,4,0.5758823092941158
28595893,7,0.46187522115159046
33231938,8,0.4918412850882663
39354428,5,0.3244279706204453
12467607,11,0.5394237876031668
35377013,9,0.4183768485566593
33650960,4,0.6646021899550751
26547421,3,0.7777801906487628
13498784,9,0.4242659715363104
33744765,4,0.5440592703575905
28062955,2,0.6632840311041576
37757747,12,0.6562598352601829
2792650,6,0.7228627799013361
24298752,16,0.23677661884404458
24157535,1,0.7247929529372588
2189288,15,0.3134209413476761
18274671,3,0.45946386924182137
21364934,2,0.3994466516553207
31013472,12,0.5274901588804862
32211446,7,0.6525166123617516
37538925,16,0.8322790411447741
7531310,2,0.26248808242690685
30678737,5,0.950528017499811
27024986,10,0.8515905961356702
19750094,9,0.4328435060334336
27839195,10,0.3692359172258782
17839322,3,0.3885425680206036
13807320,15,0.4061964600724618
18413305,15,0.3589911843232024
18915920,6,0.3333114884083683
10149994,8,0.4329072137457169
35645548,6,0.32122789243246047
27785855,9,0.24858981823617432
6315109,9,0.5055629392987091
25701196,10,0.24621202113089832
34737206,8,0.40766362590112787
22379520,12,0.5611674377985446
39609356,1,0.6382445738058727
19482844,8,0.732439199512588
24049867,7,0.18804605282938164
2916245,10,0.5345307390394105
24494356,5,0.6808162228738684
26263458,6,0.28264115434743453
13514751,0,0.7270732763026646
16343034,3,0.34064417663955676
27655768,13,0.3613965765597201
3761391,15,0.26797700145799735
8859864,16,0.7049027459041647
38335249,10,0.3459936693369876
29214629,9,0.5866099863010856
34640779,5,0.518476055589652
3484293,15,0.34385015144490244
6131620,12,0.6541682618882723
29246277,6,0.5599592021082404
36833442,1,0.6023898210361487
22206070,8,0.18380950584721684
15940389,3,0.5998905790714519
12254898,5,0.7950095845758411
34712547,9,0.2923428976151517
26478208,0,0.4277185894830302
4419595,10,0.5688347315564272
24619150,6,0.47956447368305094
31680482,7,0.3694499664343707
20367739,7,0.7150469816680534
37319967,3,0.4131856104296077
35349103,7,0.7816302762674819
19966759,1,0.42399975400842216
33747385,15,0.23926381989241285
39769196,15,0.4999222752564784
28955958,9,0.2905001255287522
39846705,5,0.31093533985619076
20275934,14,0.395371595540992
10287169,11,0.3898035948493843
38681740,13,0.42069675468017914
33405556,16,0.6919738620838869
17844578,0,0.3337812407403165
36957520,5,0.5853222302696584
30339413,14,0.6563801063060732
2485378,16,0.5716895181193736
29504692,14,0.2341496107444852
15319280,16,0.3588321074919076
22581301,11,0.6519756524982677
19722370,16,0.3899403582498696
17103215,2,0.34955662786303127
25964026,3,0.5568129371572278
24263020,11,0.4650869093527266
34821477,6,0.45792593799372333
11190471,1,0.6791969774307333
23841975,14,0.7711135831552282
12676566,8,0.6900634046470613
28289187,4,0.37109758763497086
26005454,15,0.5994341013864011
24677659,13,0.4506665126902882
20283478,15,0.7882031953624045
14760751,0,0.3546246486350024
11748169,1,0.6888819758394982
33185147,1,0.892719804760874
32235671,6,0.4439143045945733
11600196,10,0.3176117805467859
24109903,15,0.245602037533465
37779884,6,0.46356975956697377
38464661,10,0.6828954251159634
26387986,13,0.48694539904310796
8146785,1,0.6520589778893721
27761466,16,0.7613772894902748
36523313,8,0.4744332394886414
14231068,2,0.3082027338563946
35813212,6,0.6133485221696163
12970896,6,0.288842760680263
38854276,13,0.7823078572390676
30644427,13,0.34954988913676144
29687436,16,0.2395250864270179
4771412,0,0.9189710432881412
13318206,0,0.683214274819291
40099281,1,0.26858618421686364
22146370,14,0.671628006892427
25144789,16,0.2742371581481609
20602077,13,0.27797683140852186
28006100,3,0.43740838789147485
28755771,9,0.4674634174312751
27437598,16,0.5847540995900172
39312470,8,0.7110190673306677
35685503,12,0.27768217872687884
10267620,3,0.434041648918254
32190404,6,0.4045917877404065
18038167,3,0.5379225096526532
26103821,15,0.20152920263147223
39040174,8,0.5081328555242278
31958477,2,0.47524122676271335
28158403,8,0.44999534365739563
1042751,13,0.5729303605223574
38288881,15,0.4192244593398987
34242392,0,0.3452538492854163
12666990,14,0.42517001514261044
26529379,3,0.385953336811839
14469145,15,0.671595720552304
37343952,10,0.36297602448792937
35164801,5,0.3805533055532346
36194091,10,0.3670626848060665
23226947,15,0.673383532096106
18948788,5,0.4550847204591553
11069704,12,0.24405093752186535
20966608,9,0.9457322415026324
40003839,9,0.5227322318330451
5266978,15,0.3453176397907684
39834321,14,0.5597824858816887
27459302,11,0.7961528499460511
32710729,7,0.46924857698332645
30782551,4,0.4709295075022132
5846807,12,0.5615867502743369
27116740,3,0.5001238348972319
12738919,15,0.3483980549411
9388993,16,0.4648237536031675
11473930,12,0.8609344456266388
34827363,12,0.7053161342172186
30963292,14,0.5130326048046853
27442298,7,0.7082423770467605
10103296,0,0.2144344025272004
21140038,6,0.3574237616212528
23864242,6,0.7284785378865325
39539606,15,0.3288466320439613
2280961,3,0.3767134326270541
32953280,6,0.24777235645304765
36144718,0,0.5158350634564298
33141595,16,0.936289550609229
32424555,16,0.9057415883864292
23566946,9,0.7528498421167596
26522320,12,0.5545495327667039
16154623,6,0.43669804601382156
30989043,12,0.3805879495364553
39491327,13,0.6223350662761179
20909563,16,0.5887167917758447
14692753,2,0.5975326032835043
15408275,1,0.48924437623634376
1728266,12,0.4609818005855858
12797658,13,0.5534076594676767
32910093,12,0.34289588649546127
31419666,15,0.6412559291563662
21801387,9,0.546114267131657
38621672,3,0.5105632739804521
15784357,12,0.4605748822428268
36040996,3,0.6687510640567703
36145275,16,0.48133407639438736
27264026,0,0.24108068061064372
24130044,14,0.684033988737761
19663037,4,0.5097882252660009
4940791,0,0.3159432180884545
39971822,10,0.615658438204758
28357779,12,0.18878526630727788
12779053,15,0.38204791612633565
38109221,11,0.5648773754362373
16619882,16,0.44777464907232134
33923032,15,0.3998259162295647
30373912,5,0.41111743695590147
39602579,7,0.4357548059689866
33168284,0,0.5837040264224803
8542725,8,0.5257331501969783
35593238,15,0.6641157164194821
8506239,3,0.5725145488124517
28247778,13,0.8523156061515884
36636416,3,0.336172595633299
31207528,6,0.67509939148493
37759458,6,0.27043122718612483
24971830,5,0.30012207484908004
34990016,3,0.3356050692912107
19758322,13,0.25876914121718414
21766905,4,0.5792521168574228
5383830,1,0.4468597086013059
31687379,8,0.6050009973428107
33787173,4,0.48993608522901877
38578685,1,0.6245988003810433
497765,15,0.2674561833638847
4214261,16,0.49593481854564325
21782655,16,0.44416269985334844
24514571,0,0.5624149897739578
20042478,1,0.4496942545901552
34084151,14,0.6986161705116518
37757839,6,0.5455073025660948
1951012,8,0.4761711251541937
27277623,15,0.48157351795043474
3634420,6,0.3460338307467699
8633365,0,0.47683356908393165
16322862,6,0.8900059520192105
37984214,5,0.7971894726601279
36599584,9,0.38115407482319497
29539245,14,0.5541639882572874
24166569,16,0.8575402184247496
31058993,9,0.49072139416648997
33451965,9,0.6213153480762094
28271655,3,0.5100320952008843
39957629,16,0.35232360346761044
18772706,16,0.7012909347907187
11463527,15,0.4469549791901217
26629789,15,0.9768931537592769
18833731,14,0.4024718013259216
23627331,9,0.46971494926020235
23606561,14,0.31550143559792315
37871418,0,0.5460781757959648
24235836,1,0.8611881569776563
39755553,15,0.4043031561914024
36734595,8,0.36179870118891755
29529852,8,0.3871942527013519
39088415,16,0.4127400994693703
10523242,15,0.48063470490858007
24764779,4,0.6671114481312418
37953055,3,0.5667155989099854
35340470,7,0.5972444846871243
20691097,1,0.5319879060559635
4121003,9,0.396368407438699
14847243,10,0.4934177063192436
14115254,8,0.4154059070502246
7850908,0,0.6286502783331898
39668776,7,0.21049428005593698
35669130,8,0.3305618896060635
37084709,8,0.4118416545571648
15153497,16,0.69745979621897
10546330,7,0.503324446157792
20982069,12,0.679862293712399
17128105,3,0.44456071481456316
24595617,9,0.466669125913383
39021114,6,0.5392166662076776
3225894,8,0.4969567191322182
30905636,6,0.6731786163188319
36135220,7,0.5678054455559882
4741223,16,0.7709226748174554
2262351,1,0.5013224309813151
27857842,4,0.5505497231999092
22097185,5,0.24053346638584785
11343188,6,0.4850129115183326
19545064,15,0.9942403105535533
37911147,4,0.9343308287768193
3301139,12,0.40175482072311774
2242909,11,0.3941452408814655
8927624,12,0.3838393691791272
23589314,6,0.7163966408104792
37736744,3,0.3961182553816083
24850991,6,0.2623209138641317
40074315,12,0.45081337294283547
18132963,10,0.47143673649343354
2904542,6,0.4992960314050361
18838118,2,0.5753684851879852
15801524,8,0.3544975893475459
30385570,12,0.6110679968523677
35440549,8,0.30755351943293463
28998193,16,0.9311626980147328
5953297,9,0.7307305169366412
28799449,9,0.28961996197877404
22349767,3,0.4202798719644438
33506328,10,0.676950230244832
21322474,1,0.4906254139860859
12804977,10,0.5418198119151767
29214580,6,0.22395613809588122
26848198,6,0.5166336787554825
5761208,3,0.28216446517572324
34063345,5,0.8779549656183793
36043542,2,0.8782237931936123
27571494,3,0.4007540104627473
11541123,14,0.8919909848479911
20778398,1,0.5741647526632851
32955115,15,0.40644091105189534
12255031,8,0.38191570166619765
3155441,5,0.3739962118036229
23709154,10,0.9558554724240883
32158990,13,0.5581374769371368
2869251,0,0.22220460257412192
33006721,10,0.31633425104580093
16161727,2,0.36291891943975757
18097479,11,0.5673118704878967
24720194,10,0.5795682216653533
25259947,5,0.38569225575386107
20960667,15,0.24488560300604859
28183305,1,0.8282636793826076
17643674,0,0.18551720335251887
29375661,15,0.5614197400058004
19849651,16,0.5488346854594325
15081981,16,0.21342992008563222
20911147,5,0.5812234835372547
28969485,6,0.4049440826949256
22921617,6,0.34078785833039327
17923619,0,0.4737810016807118
24924909,4,0.3626368620197758
35077535,6,0.44886099079679814
18080556,6,0.41473008560807884
19311933,1,0.953210968627651
21324828,3,0.2911991151855054
27299542,3,0.4038076907227723
22875270,1,0.712931657072869
11762197,6,0.31431510101116905
36591107,12,0.43810345090687786
215132,15,0.3890087132576105
6933535,1,0.43736291635918306
37780246,8,0.3080425851243287
35391458,10,0.4353063342077441
11267853,12,0.39267212433962445
35723759,13,0.6994146933281961
40048298,4,0.3517355646717178
29708990,16,0.2795013052582264
31281202,16,0.3448840715495699
28754971,1,0.3512087237963349
37677148,3,0.38583435938627725
25614165,4,0.7739775602964533
15797670,16,0.2732644244758433
31206079,10,0.30916991832570345
3731278,16,0.3634456602458975
8205789,2,0.6707469569544966
27508442,8,0.4799869361340143
37180112,8,0.3953475547642285
17283906,3,0.42868848537685383
16762709,16,0.6473268881272468
20405887,15,0.5077433430523518
31126596,8,0.47922295473371607
25565919,11,0.2563082579678431
39726455,1,0.2142736568350893
39478117,10,0.6284647137321345
23422449,7,0.38629230351128657
23319936,4,0.6140083253572743
36051581,0,0.30185667057510074
19915697,9,0.3567476359084454
22968915,1,0.6287352755034264
6680676,0,0.2924070170514211
28646167,14,0.7682999877008692
17515430,3,0.6166483822567574
17312176,9,0.2906772826134852
29597758,10,0.2594849634653347
37528925,1,0.7917360133005436
35408919,6,0.4199765035974527
20183423,9,0.22362802836598028
23456629,8,0.3431090021484819
19591301,16,0.33773574670148476
20518782,12,0.4599181928785305
17773782,0,0.3833922116461908
26005781,12,0.54448872917054
11683761,0,0.6598031417309982
19260253,8,0.24222737892132556
18792933,1,0.2519905521972726
36814983,15,0.48001784011418064
17776417,0,0.2693496043840518
6671620,15,0.5195313888335403
10513076,15,0.40462341704873905
17677203,9,0.6315561304872535
22966655,8,0.4526200367672229
12830512,15,0.5156421461334931
20569675,9,0.40411369742732317
16959051,4,0.7304066794734325
36024163,6,0.30223635667602183
38790548,6,0.8876564456895157
24495695,4,0.5746441105491881
39252085,10,0.3680157904998818
14897833,8,0.42452173662181647
2351008,0,0.9648690860549014
27261512,10,0.570784769209579
31792671,16,0.5563914120781069
8461230,13,0.49768865295905224
29667990,9,0.42006115404268046
8709975,3,0.534614225063031
37445896,3,0.558804517102954
39509491,12,0.39256901851717796
16341661,8,0.3621210267800272
30257062,9,0.7567114637721787
434641,8,0.7125524762916785
27545182,1,0.7632436044177041
12165200,15,0.3433874656238217
8187461,0,0.5051763182569335
32743427,5,0.5109648762247372
6194736,6,0.9105488493090342
29855646,15,0.37150019979058346
10214105,1,0.30814804644273885
28863676,15,0.5581593847917828
31637263,3,0.41099316646874684
3505479,8,0.6149044584660006
37761161,13,0.47378172220811277
11557413,1,0.17957142651807317
17858891,3,0.49916152704696587
32945426,10,0.9441330777361695
31220768,8,0.3610247471316942
34816130,3,0.6244230706340316
3284289,6,0.2994515506265628
18607392,13,0.22048480099493228
38987557,6,0.3592494514133398
6954108,0,0.25843981008910416
3871209,0,0.7591485910928187
30565945,0,0.3753953752747131
27887825,15,0.7642529190718693
28304802,7,0.5124041897399088
25404688,4,0.3676911911018755
35543821,12,0.3047581122562091
40108890,1,0.7225943032213392
31468051,11,0.4866377481907669
23576603,16,0.5629267751156279
34912054,1,0.7588079204107964
35588158,8,0.3670222060349351
15477314,9,0.2937965461815631
38839590,9,0.4685904845801269
27916710,5,0.9937267157378448
21742740,11,0.5699951349963328
17749799,8,0.25929804817271157
38839402,4,0.4643511814065232
27800443,1,0.29036183525842796
4594895,0,0.19307584445843268
25344576,13,0.5705215177055559
30709539,14,0.7236535879478958
36413949,3,0.4136158795666644
30538062,14,0.6740713976674914
19150818,15,0.25266607613432707
18444819,11,0.590161765979903
6465549,8,0.32999591472615386
19082614,15,0.9314455054027089
35545624,2,0.849139215002134
11202713,12,0.610939855343731
27444493,6,0.294408667208008
34238455,14,0.5433101218976324
37697942,14,0.3098098836321593
36879701,12,0.47891221656348903
39890659,0,0.6037750224537728
36758097,3,0.3591139913497151
1362997,9,0.2887455981277306
32364352,16,0.41527354709964376
36983733,9,0.27699278952003
7268886,6,0.6195277735818331
39561622,8,0.48007902513906486
4362402,3,0.3375919914066414
35959542,4,0.4700251593147673
29987799,1,0.48245377071638373
32090776,3,0.2548143731810019
16872857,16,0.30193364926628774
11128686,13,0.5520899909475044
34209906,4,0.251952734667218
19729531,15,0.403408879599659
39239916,13,0.30582393288551746
11531741,3,0.3810242304273641
31324305,10,0.2576750537589774
33464064,12,0.31979362568120495
10011484,6,0.34844845161380705
26215286,0,0.7145312842487739
14922722,0,0.21253658980249931
28221985,16,0.738412349301975
4081724,6,0.6185122165319706
26534002,11,0.6529040409551146
30533636,5,0.4065617496980689
38784970,8,0.4858830877698117
27429615,11,0.6376911393986229
21235816,13,0.48961352341145314
18028824,1,0.4402070214764246
7403966,15,0.2905486954509826
5773216,3,0.44307080220470324
33907127,5,0.2798971399986166
27886783,3,0.40719477325696657
26276632,8,0.4607088669834391
33271442,4,0.4718932403100365
35944522,15,0.7382181326878103
19918169,16,0.2808978708666584
19167181,5,0.6072197446320209
7832248,2,0.5270294302234202
20506116,12,0.5265293691137136
37756963,8,0.347804226389258
28861063,3,0.7117070713144695
23676543,9,0.28407342079959536
1148709,6,0.1763235284512487
38831874,15,0.4992377651264365
19495919,6,0.4653289830960424
31009284,8,0.6782991712976728
31775468,16,0.4301844954188135
22077328,16,0.36816210547688744
28275352,10,0.4241015662115393
27320092,9,0.579428407281843
37618263,6,0.37421461445483784
29415537,0,0.534026104372401
31936573,14,0.4664779993044536
2627715,12,0.8577859242549755
17378480,16,0.371934873787755
17301887,15,0.3832149797358652
29726919,15,0.47716359356031585
697594,0,0.671639509515292
9130370,12,0.27683776389221393
1647112,16,0.6930515525196417
23387891,3,0.45462725914912744
21100368,10,0.6232163486673197
3326514,15,0.434922841408218
21806814,12,0.6554273557827405
28089861,16,0.5209885608039048
29312763,10,0.42198832473944814
33379171,15,0.22537717851947475
27376572,7,0.3033241381918769
20694420,5,0.41235114715280063
36408096,9,0.41451301020811
38059812,8,0.3738104606831889
35885981,11,0.22287676291264746
39959713,1,0.38624588459366577
11773755,14,0.7826602492536099
35724250,1,0.6310797349646371
37498562,0,0.3892491328449892
26065027,8,0.93747631703315
31361377,5,0.46027261503820693
9862655,8,0.3013564280468347
20801229,11,0.3004364122864236
31767593,12,0.31442807953873236
20486032,12,0.6716080170960163
29817518,1,0.4005617054124716
40024952,14,0.5025420658942781
15951488,5,0.3731807159847255
37124944,8,0.18306320437806825
32225209,12,0.6769825958802341
30395720,15,0.2032324535679061
19945270,9,0.6649554232073399
34906380,4,0.3725832729174031
25251913,8,0.35713252344629376
23185486,3,0.38328521506336566
30189013,9,0.48122721660502465
22138673,16,0.676309847184042
15025695,5,0.4328014655276571
24420910,1,0.4550784588205347
13807860,0,0.7257892253465698
23235964,0,0.5068835628592977
36627895,16,0.4240511137134746
36051263,0,0.49127235779542383
19559191,6,0.7192066729890904
30945113,8,0.47722710681133307
5784870,15,0.6040459265702544
27556628,15,0.4563741365755642
37184776,13,0.5998969546270817
27076503,9,0.683001920764657
36658202,11,0.6759510194859063
26070340,3,0.705058326875219
5919452,9,0.6465738099972543
37977885,10,0.6733324470475229
25284060,13,0.43311788783612687
36340395,16,0.2849482894509243
24923806,9,0.7154356508478347
3182760,15,0.5858942204404731
27262353,15,0.44281437651326067
4324049,12,0.4500666314807742
31458426,3,0.34309153907223977
30894353,5,0.27013655630352085
13696208,9,0.5466399189792558
28609758,3,0.28576070382073104
24707349,12,0.443469570120637
28989262,15,0.5271078332421053
38978084,3,0.3844356441198906
25858046,5,0.7441518908289092
33726819,14,0.5787816045005109
5342504,0,0.5393590661941191
36377501,4,0.5294010853835975
29528597,9,0.49952584459922933
10067415,2,0.4973611771597741
34928725,10,0.41786020389209466
14389513,6,0.4908422257136611
35027685,15,0.2818545960610765
35913975,0,0.5074219578661886
19294898,11,0.25758927435899004
34439940,10,0.26957950892032406
33669281,3,0.6272667628613906
961263,9,0.39124162917659383
5616570,7,0.29845671042076233
7112657,3,0.5199635247640282
2950275,0,0.41120456445877784
19214785,9,0.8670998638671055
497704,0,0.2678432110000683
21883116,16,0.35587845381267397
31536071,13,0.31158335592045266
25113281,12,0.2245801521042188
37293307,13,0.6707809261376041
20103304,0,0.5137927075625139
24191466,15,0.5647143564122412
32154849,1,0.7572873073267036
32939452,16,0.4207561029549717
3835548,12,0.5634880255748493
11626793,6,0.4810525119681503
30188440,9,0.45019461476713857
27670416,11,0.3527309351291252
20570647,12,0.5112265438117398
2007195,2,0.5336599289118475
19841900,15,0.3265133613000357
26995818,11,0.17874487563346586
8859994,9,0.28095241897033
39229207,6,0.37434373876955607
23151393,1,0.6666635479096324
7115392,5,0.40638980002076475
6982578,6,0.4304887882377242
38546693,6,0.3393248280810598
1714027,13,0.43187708487776255
28571614,9,0.3699049599735112
38303812,6,0.4371427146293044
17807808,13,0.3346199357540177
3519565,16,0.5303903354224241
26494397,3,0.5412262628085429
12613888,5,0.6208711976592984
25949775,1,0.7688881689349931
24481790,8,0.6877004387233436
34980768,12,0.37281791380630985
9341880,2,0.4532580899076429
32538245,11,0.5031611417347184
38445975,15,0.5545065573487582
29605642,9,0.35885177609056973
26768773,14,0.6617796761843359
33852659,3,0.6337212345702876
19709893,15,0.5268258558077682
919104,1,0.4316223299980208
35726066,6,0.43334973843766955
28982305,16,0.5458401085818586
15079186,5,0.6312513175356929
31751210,5,0.4806723211784264
34122809,11,0.33016157852092426
28297973,5,0.3228648736114567
25065616,6,0.8513203795907833
29739253,6,0.5987284459538288
37573805,8,0.6228740212618978
23808327,5,0.3745002341463807
38354580,1,0.35108702302302547
38278157,4,0.7628493315500976
30311997,12,0.723722264642393
26030515,5,0.4894274847696969
16716813,3,0.7442014039022973
33360370,12,0.27888393053161553
15159027,0,0.4629640700336828
25185638,9,0.32637007028362297
9290018,8,0.39943392699557645
32115900,1,0.47440975994747975
23800442,12,0.5737825818454001
25872711,13,0.4220447729322721
24661925,6,0.37230321490279583
31098412,2,0.9194602612084977
36723393,8,0.2888913723864267
37370745,1,0.31502177932226544
39725880,1,0.49503888817305
32202957,3,0.40031037992645574
24705101,0,0.26621960312349113
30554047,8,0.301763856032592
11443884,6,0.2366545901780919
15215644,12,0.6118110433918377
33787662,15,0.44525651035208597
31712145,15,0.72145584775817
36325053,12,0.817442875328838
38862349,16,0.7859482047838342
16676780,3,0.3987621152196722
32071339,15,0.4206442839490171
11912580,15,0.45968108051103307
27244736,9,0.37873878422572904
1585181,0,0.6682030143810052
24021831,6,0.6418794173282971
10670621,12,0.4265767832971899
35848046,10,0.4486944183230671
14570318,10,0.5581782181336934
25689111,6,0.606402723925773
8654634,0,0.46336142140500414
3915315,3,0.4765848536626575
33086536,9,0.5353198472038649
33004159,10,0.2775457369944636
39107647,0,0.4380464062959639
33209743,15,0.3517126226363337
25253728,13,0.3347543813500382
3990344,0,0.4491010084173574
20820830,2,0.33595695986795415
39796484,16,0.6552184707037686
2963302,1,0.49679136569354077
39396929,11,0.6311777495333051
4382875,11,0.4782607591025578
39669082,12,0.30754882624235963
39726124,3,0.31103887509202083
38792944,8,0.2725484357839093
35867650,5,0.6377085799937765
34065566,1,0.4768686234005066
2315151,12,0.42775864192934815
29114189,4,0.39924189400598453
30745001,1,0.43187290981694115
26596101,16,0.2990599314700888
4105376,15,0.9036013701567716
34790835,15,0.3540956531806562
6985783,8,0.42586866595596945
33116546,15,0.46978235627690346
17705736,1,0.4132764860759399
39736249,16,0.5000004992269685
39102563,4,0.5118633328002347
17379479,5,0.5916045781997812
27730044,9,0.6315888412831665
4150443,16,0.6406711277957673
18992373,6,0.5837373229581542
8898131,16,0.517364019698339
5960249,9,0.7044425246917346
1419065,0,0.34009633174767234
27488573,3,0.34316628580939945
19041486,5,0.6242208944142025
30191881,6,0.42443051064676607
31929202,4,0.40498388934545815
24748925,6,0.8125258915167
33588745,11,0.24970111718138854
34181387,7,0.27498695432480436
26772053,8,0.45003366553562957
37600213,8,0.27292430597839074
34659063,3,0.42086256957578155
65076,0,0.3858307867532338
18949768,12,0.25803926659867155
6219446,3,0.6293815028671339
9645087,15,0.42678575506717437
12208989,12,0.3771960286977643
10237717,3,0.4156734412151714
12620570,1,0.342305809736664
28992662,15,0.30899394755933185
11538483,3,0.3731414796765184
3384576,1,0.44372610727270684
36991185,0,0.4957108997200478
24455581,6,0.41500658314896444
7453553,6,0.7604254133921572
37007318,1,0.8421433828100233
31371559,0,0.5059923858200128
5980042,0,0.25942658809515506
20062470,4,0.5050515203574315
30950474,15,0.34085942911118344
29754562,13,0.5818137851509061
17661136,4,0.46461610484839866
24985356,1,0.3652376442631607
977491,16,0.3976345352301649
16650426,14,0.8512029315569616
33792332,13,0.5053008105861863
9927699,1,0.675275694784364
15964056,5,0.2888963779366826
27834477,1,0.5665965727593212
34365760,12,0.5457751875830793
26750855,9,0.9157375830967074
33074967,1,0.392958033496861
11405673,5,0.3128423838837581
15283478,15,0.6654834457201115
5378616,15,0.597037987868805
6431495,0,0.3215058638354033
34133309,8,0.37565154110123516
36799362,0,0.6195518490673941
39748867,14,0.7879181702722008
32254464,6,0.22746058386788115
25406691,13,0.6433401965406214
34160529,3,0.40824434780594804
13942686,12,0.5638433469464453
32072881,7,0.2984616944935844
13555174,9,0.35630118516330184
39686410,8,0.49175872557719597
33022444,12,0.5381901680292157
5632351,1,0.4344233517032431
15728613,16,0.2500920543611861
32626982,13,0.45708000028857004
2369492,14,0.7784589638175134
29647068,16,0.23288713301216216
28008622,0,0.5897357193522356
31879751,1,0.49744831848636195
16701416,10,0.36713462523022866
35780960,7,0.24868344631728817
16189728,9,0.510896424271613
23603419,8,0.5014783458715422
16610311,12,0.3755884472610447
8106900,3,0.4475823801256891
28653011,2,0.5560490774466917
5031196,15,0.2310266593915911
33986145,7,0.26414451436806285
18926732,12,0.3481273546215255
8304203,3,0.3102310615205378
19569556,3,0.7599698420534248
29683082,2,0.5995364004763227
23837498,3,0.5161228438827684
9420886,7,0.4324800890084138
26943638,14,0.3631086117504097
29280210,9,0.1909753027713028
29469459,1,0.2943986722252931
25724788,12,0.3952540758859187
21156519,3,0.2662293461241011
40106794,6,0.7127873340743889
33541956,8,0.4310606288050701
27271227,12,0.4317507912729302
21266199,16,0.8109012194292596
18664226,6,0.25256042405468476
2076260,12,0.18824506469411986
30713062,5,0.592059913530077
19316074,16,0.9571596490904319
5839286,0,0.3018986372521981
13409460,11,0.2401931238035828
18342087,12,0.40420515969728193
3958750,8,0.48419777519070367
22953025,12,0.5912717870820852
35146415,13,0.49980993901957843
39022897,16,0.4172381914478455
10278608,15,0.598522229852184
34264828,10,0.5561239862626071
11399335,12,0.3758603620060611
24425864,3,0.770174873924666
33017872,7,0.6310010959726825
9354087,9,0.2357522417982274
14174241,13,0.6713045091270877
38842022,16,0.5582772255245498
799767,0,0.9841821095167135
18227946,6,0.4069975264493761
31397595,0,0.43828141462921566
39912648,1,0.4309889113439649
16822996,4,0.4544620758485362
33786851,12,0.3661011151066741
31330324,6,0.49427703524184385
33440615,12,0.3610792710366317
25191505,7,0.5069361880895952
14946705,3,0.4619471370383706
9200252,8,0.30296086773915376
32304371,9,0.39384813228037135
17043317,10,0.6615173938509419
24984349,15,0.243223408144873
27618733,6,0.2610777444016127
22801985,7,0.49916194256439694
36700879,9,0.4167321055213128
33437134,12,0.6427320670622866
11286506,3,0.6775858566009216
1879914,16,0.5125975075148131
37044652,13,0.48952735677440473
26896941,3,0.5146506062829784
2752809,12,0.28669999968408605
39040554,6,0.31555565654592793
18403885,10,0.31675654339908044
38225615,13,0.46076370550873896
16782976,1,0.33464751646265994
14227419,8,0.36406165296586795
37559255,9,0.6371903249147635
36988764,8,0.5069448837139605
38695103,4,0.5565694855800227
31833355,12,0.30181441181812046
16140684,16,0.6487754991489255
23924832,3,0.7485596119494051
21268941,15,0.5594134004146389
10566685,12,0.21587416322612155
33039751,16,0.42031228133539916
2365774,12,0.38461210933298795
36048769,9,0.21165844975205117
30150626,7,0.49690494294887005
37818218,9,0.42097447636419544
16310668,0,0.5463566403942726
15366886,0,0.38991791182277497
34060332,2,0.17978092042330973
22138596,1,0.7025542438987531
23684381,9,0.34803777983305706
34770389,5,0.5832286738022984
21516883,1,0.554778848410641
24357730,10,0.4074659424219157
13847687,8,0.43767351272334976
36561417,3,0.22713702738250174
11868964,15,0.8177801506483667
8268551,1,0.519376675973397
13432995,6,0.321969287021117
27435394,7,0.2584203353319774
18794873,9,0.5634258014639842
38330841,12,0.4370038853644166
243865,15,0.6062275872550099
12584135,8,0.5221351707358363
32205982,14,0.5626315792036659
33929195,6,0.4110259822022766
28163137,15,0.48221499099680587
22570602,11,0.38741254012297444
39146957,3,0.7501537320874442
35962263,6,0.4552581699059994
30258804,1,0.4692811543862317
3918306,1,0.42497464292348003
8143682,16,0.6201943041054822
13424700,3,0.5842895909196856
36554456,15,0.18020223567947727
35895383,9,0.2600126858675123
22122511,14,0.6094974871457394
21312584,12,0.35691133405746595
31544762,16,0.4208585889559109
14875450,0,0.21952390812054162
28429501,9,0.24086283787794813
28708752,16,0.47281978059909774
3730925,1,0.5568175725038181
36713215,0,0.38397886968399614
23185148,0,0.24159477989086978
30482350,9,0.5936995490756704
4083440,0,0.28754187218544774
26549118,8,0.26519463536138704
33614967,11,0.507730773562268
31444232,2,0.4175364149636379
38116494,12,0.5614957692378614
7280033,15,0.3813855436745906
33718724,15,0.6981928052666692
21739815,3,0.5405853130910272
22614244,10,0.4539844497728513
38334293,13,0.6224117706353766
5397985,11,0.48785958702703114
39201783,5,0.8849822167805033
17341129,8,0.5582374913153726
17854468,8,0.6078849880742049
35269201,10,0.5084875703934052
15798765,6,0.21064898507024268
304216,6,0.47110866548698077
29622305,0,0.21345763543800264
7225906,15,0.4184999650394086
36818291,12,0.2844720758063332
5236855,12,0.2691406939453583
23183298,8,0.45478594145393175
30663433,0,0.5513754838271627
6680413,8,0.28120284682187907
34386667,2,0.7295910073632736
35915075,5,0.20783071606944514
34905616,9,0.3563603705284619
32185089,1,0.6621968649061025
2892746,0,0.2829306604379143
12249150,11,0.3883750281594528
11811060,16,0.21660390280024636
26843598,0,0.22160784436132744
31560065,8,0.40344089906233777
18632703,9,0.7290094441973668
25046307,8,0.40018220286503237
33699529,6,0.8953433066220364
24951563,3,0.6642287644645056
4012841,10,0.31467436623009326
38453545,9,0.24105244299528678
16446357,15,0.40302887144617633
11732805,9,0.34885575264314783
37017377,9,0.29672315179612374
31684032,12,0.523441189927836
12758430,12,0.29307296951260503
29325967,9,0.6679074549409248
21196441,6,0.5189367833119547
2557179,12,0.3521063268966674
34136717,8,0.68466136005659
14794234,9,0.4557104848987869
8586216,15,0.25332384343501757
10509527,15,0.753224940449529
27230705,4,0.2954019241704129
38264887,14,0.4681191326275766
37199342,6,0.32027982493670104
15783991,15,0.6143345147607506
36188632,9,0.44513418154502865
12746149,1,0.5370769002618954
113007,0,0.6989527506513178
24236852,6,0.4190981499235758
8563464,6,0.4365671128887827
14442951,3,0.39054819616491954
31497645,9,0.6871863760166546
38774805,14,0.7416872333007746
29033280,5,0.3083886673984162
35303596,3,0.356157938925459
7456638,0,0.2987855389066711
34814606,4,0.4525246784914976
30453243,12,0.4193518572760919
15676333,8,0.35278673495709795
30752535,3,0.34821748035714445
25847411,0,0.39776102391528395
39813838,1,0.6204053081348924
22276750,15,0.3804789704726444
21667547,4,0.26253274194378706
10694204,10,0.2037389148526991
14306122,3,0.3435003861273188
2593496,15,0.639421045663637
34858888,4,0.7229719955446027
27649503,5,0.6137051981667562
28639239,12,0.4856628225974544
39804399,11,0.6648886472178689
26058595,8,0.3389444895578907
31062448,13,0.3454942038912524
37960880,6,0.33135303889154977
39842674,15,0.23796110139877336
35596551,9,0.43869336737466513
26149844,8,0.3385898870143354
33934702,7,0.5223136004169253
8271139,13,0.3942585164783874
11323334,8,0.3955445881468882
15556930,5,0.2083298503592533
3292488,8,0.6182058953402243
36632776,9,0.22610453896092492
26178626,1,0.726530618518361
19988465,9,0.2975466120701308
34134163,1,0.39830402746232413
19770628,3,0.7501158628962471
25606118,11,0.2795586483453757
28300910,15,0.28401308505108097
16901279,13,0.6629692122687724
39778606,9,0.6445713107240867
21880348,0,0.38425251092157786
13286855,12,0.7601813675991056
37895568,15,0.8821045313481604
4955452,16,0.793341494741006
20402109,5,0.617555589450582
20267264,1,0.8485661094235896
19460527,1,0.6136007251736025
14080790,1,0.8710308119041391
4615762,3,0.6471991584262983
23619989,0,0.44829550131081436
33306572,10,0.40500112957769313
36469715,6,0.453234266207568
11274297,0,0.5251596649208362
28139948,9,0.3396749487617667
29933565,11,0.6078456351150716
31375656,14,0.6490727449160382
33132925,6,0.6497326870578326
38918342,15,0.35981016561183365
2865538,3,0.6009279128779024
15915570,11,0.21293391861330416
31465489,3,0.342149348024271
26256787,0,0.7062366239806216
31482286,15,0.7894022144953943
1497038,12,0.37269448422942014
1031851,15,0.7031191591897032
35358223,10,0.41798185627183965
8275573,12,0.47919692664389985
38187286,15,0.7784620367364099
34754900,10,0.5409679714831089
30934591,10,0.24745318838913904
25745729,5,0.8534811773661527
26824576,14,0.3734051431598047
19410585,7,0.21952226134283326
29689220,3,0.6377407043141152
2363602,3,0.42396389184123684
27824979,3,0.6402997261176059
1716117,12,0.3177271520878022
33622099,12,0.3920976077089953
20184765,15,0.9626573439562862
14423794,13,0.42833338501530016
33400367,15,0.4315511917270853
26203698,15,0.5469831798739749
38816915,6,0.7768573344912421
39053286,1,0.3904981432527936
31929854,13,0.3677652700394567
33312046,8,0.4206642625605187
6397463,12,0.4497532363623908
22107524,9,0.6091015663173285
29024136,12,0.4363628850514001
21800753,11,0.6321203423549063
32384782,9,0.5300837688279741
36071578,16,0.3348797459904574
9320463,12,0.3519068509206949
10167463,13,0.3875658254322869
1440323,0,0.4498123297207795
12566065,12,0.5137171093137846
22899109,2,0.7344898706996731
22966531,8,0.21958865475062916
5964645,9,0.5509464876492322
22732384,0,0.35302470210921466
24542123,9,0.4261848968387953
6215311,12,0.3361771103963843
21136591,6,0.3211721584941999
27736588,12,0.6355149888957964
19765214,7,0.35986596643606805
22770640,11,0.6199835173985114
34709457,8,0.33043392271285815
38776350,15,0.6922142732376965
34884432,13,0.3504606355041005
9361786,3,0.6394948878174446
29314424,4,0.523495165936088
10253450,6,0.34817820850316133
18003178,15,0.344221267581234
16905645,1,0.8697896357543482
25462467,7,0.2188087577183486
1111317,13,0.7159679344357717
5399853,11,0.8348442821309148
30762378,2,0.18087381006744457
39666459,1,0.6863533042406095
7175376,6,0.556889063141077
13219546,6,0.2589067084988957
17278597,12,0.5232981736804998
18996444,9,0.5175459782219044
22177950,6,0.8137289142976397
39148579,9,0.31298179521336356
20601480,9,0.6475805683302859
18755043,3,0.6354846804790776
31832319,7,0.3136548446323613
35066809,6,0.5240188315006441
34104452,15,0.895361702596941
21645318,9,0.4082216590352387
23640272,1,0.5840302050547828
16781444,9,0.5192112401462555
10757063,2,0.36889720858801167
11931530,1,0.7115432785796556
36036605,0,0.16591518197444952
21921812,3,0.35073787840779896
31211521,5,0.5339730161158631
32920532,7,0.48172534536168243
10875937,10,0.5366251698359027
32049437,6,0.552124436557556
3523174,9,0.775880541321295
13513627,12,0.45921170620172874
34212390,1,0.44417438456452285
10540929,5,0.500233366215197
30952385,5,0.47709446974675257
26482397,9,0.6276453914169002
34846651,15,0.6908187814981355
13167907,6,0.3969743094337635
37236666,5,0.731446878217839
16802902,15,0.23845570865006083
37369727,0,0.4565694630959996
6971819,9,0.4724408216868158
31445048,8,0.26628575983563435
13608636,2,0.276075318759349
33337926,9,0.4685933742121246
32981567,6,0.42555209603920496
36852532,15,0.4367111064051838
22697210,12,0.5158004971579377
32958393,3,0.2825397981080361
21642959,5,0.44504617594061585
32553356,8,0.5617905365932638
38369629,5,0.3927717064755135
34339218,4,0.39368552705821164
906509,0,0.8303949286526048
4812555,5,0.44099084127485033
31210786,15,0.5657557126274106
10260350,0,0.2262512347870679
32970684,3,0.44734904075055987
26269366,0,0.6419710318920183
7288686,3,0.6642579841140497
12652905,16,0.4309883006634119
6220274,0,0.860277932870755
36599346,4,0.7584325908164412
8745130,15,0.5878244643117909
18196251,1,0.6280000938712391
7855534,15,0.43824563250114096
32813386,8,0.4883451033149053
32410981,15,0.376151965956921
25107031,9,0.5999100182945176
33614932,6,0.511351650305743
35947363,6,0.2983208559799547
30696978,4,0.6977647114742629
35973615,9,0.8323239186345879
37863967,10,0.473320403516697
28517258,0,0.32125897314948504
6675556,0,0.420944032421813
36965951,9,0.5406107853998536
20720287,6,0.23160610938557108
24757551,8,0.2992564936644947
17185238,0,0.5576045033176462
32469591,15,0.8656219702239332
14321515,2,0.30247821780429457
30760451,6,0.5594834548170677
11302648,1,0.19357686919119046
26921020,7,0.2737355927990046
37515461,5,0.5779939638742143
15870647,3,0.5023342307947954
22925285,15,0.5814656007440135
35835966,16,0.2387075377714944
17636160,3,0.28349042043583106
13658447,9,0.5160523932950923
30317740,9,0.28845605743847186
2507726,13,0.35958618810615656
24918930,9,0.29722372708046785
39689099,15,0.6129696986035434
4710094,9,0.5625845412039954
24493563,12,0.43946694203089476
29708456,9,0.32346517336264946
25647871,15,0.5547634239985696
25360450,1,0.9087738568867307
20454118,15,0.2780559391783608
16185400,15,0.4206464433518583
11539632,3,0.9454357359962041
24963054,9,0.3788572406173449
3109951,3,0.28440939923450126
7299344,6,0.35050472552105727
3589214,9,0.5255960487513118
14824822,14,0.7283475964059937
11597345,0,0.4833613246999181
12448592,13,0.6323705672700572
38911202,2,0.41636946406108627
33939486,5,0.38616943072486326
26661420,8,0.3097087016643154
38620892,7,0.2561258190760786
22788135,11,0.6226171550429574
33200590,9,0.5984856709937185
39842332,9,0.5911295232038551
38810448,3,0.32789634018338537
17960311,11,0.6484045283758497
33330276,9,0.31028447193294106
26114518,0,0.38798806496771177
32360641,4,0.554109569904929
24592132,10,0.4684532795447106
37309031,0,0.7019111771529891
39285004,5,0.3623649283097169
36004227,7,0.7140187814930802
3493061,9,0.4521032655495157
39059631,4,0.4628983500915063
38895282,15,0.3294324103344214
39643601,13,0.7137667820399515
34994814,8,0.5300583447168147
20804629,10,0.5717143181694828
20454066,14,0.696832554074387
17092138,15,0.5886696840142724
37049021,6,0.40068001545906384
21326245,9,0.5515878527603654
9359234,15,0.31219881881459993
22824829,5,0.7048698596287992
35691265,16,0.5490493754575602
30541311,9,0.5679100872051681
33427357,13,0.23440122632955213
13492764,8,0.3053839836770388
6769068,9,0.5726440783474279
21814379,11,0.3220588053082599
43315,0,0.3841695128506431
35167805,9,0.4180395041833
39065074,10,0.31584987112221374
31577488,3,0.6265805780044603
26637692,1,0.8247122957326086
28250315,3,0.4370595350581134
20720327,16,0.7636860532035583
39548189,5,0.3808683258317171
25046076,5,0.6372618919503833
26283045,0,0.2838752109826251
33764488,1,0.7583742081771105
26479090,12,0.3739220993234011
33875497,3,0.6029262682896257
15374261,4,0.42706662100304266
1733004,9,0.29451366513445426
1516795,2,0.8064683526344355
26290431,3,0.7441075988003536
16453067,9,0.36212444353577855
34506575,6,0.49170892405866234
16833449,10,0.38069332482819634
5575335,15,0.7129710802624817
21782642,13,0.7123066324918799
24050168,0,0.7571533168019148
29227383,2,0.8508514848137648
36144060,2,0.31722481867052965
6281744,1,0.49990693982617157
27248226,10,0.3832021150434015
9162030,15,0.5276512924650659
35169828,0,0.44885439989517556
6273634,5,0.2858615404555222
16503394,11,0.5239401531730554
21750126,3,0.22434670970565457
36496860,8,0.2907429376867668
32132540,16,0.5606305616176985
23857386,12,0.5174295308016743
36733181,8,0.26891511571249616
13205133,0,0.36811810800463535
6655991,6,0.6443898780736907
28184919,3,0.7176697210104902
13282143,12,0.5234598558653123
15519615,9,0.2764916062722356
15786685,12,0.2449557359491392
37545479,8,0.4980469786791625
39059225,6,0.29907569764603636
25122152,5,0.2500967890631627
35684275,12,0.3231769828267222
33191513,3,0.27513779443940173
39671392,10,0.7829109282908002
29236584,12,0.5342607241549645
17527785,6,0.5562811597163126
19530017,9,0.6222287352853532
26466328,6,0.43360630272239054
22384473,11,0.492938669509439
8898352,1,0.4888151853146817
30535230,0,0.7044914515327837
19717236,12,0.40914513847321404
33851179,3,0.5693296033947305
37141213,3,0.745496618364882
31812703,16,0.285487474534157
29199766,9,0.6833026509681293
16542846,1,0.34843601611227343
27473156,6,0.6819580749783611
39169563,0,0.35037257810884265
38071986,3,0.24643360674246012
21857523,12,0.3012224299892635
25597837,9,0.49986244176816963
35118386,3,0.48369680827019995
26312400,0,0.2946664663634833
31868996,9,0.6139885611513247
34217288,9,0.7632657174019314
28398105,2,0.8266153647710746
27228704,1,0.45201365366690127
24923226,1,0.4935746376543225
21685019,5,0.4871579211945001
3048902,3,0.3902221446553983
16387509,11,0.5423951521089675
23113840,3,0.3516748172717455
37767026,14,0.693988437817163
31578300,16,0.2963182160779906
13608416,14,0.49766115420521834
33462154,10,0.396784399651431
39031168,8,0.661492774239488
25928806,4,0.45976873454480544
32305345,2,0.5955354811790972
35527313,16,0.4298004755548143
24574385,3,0.3014145496117717
13917041,15,0.36438200396344644
14250664,7,0.31152114729427777
16404230,1,0.43479341134093075
10060174,5,0.693316163497578
6198009,0,0.5462952144767438
8190750,16,0.2947096980431591
32929927,4,0.44640718667938273
14531332,7,0.349899333187652
9517536,2,0.35043167793055235
39897553,8,0.32653945080783525
32229882,5,0.26711161736005756
28516980,7,0.36265543162738495
2393238,15,0.3607363188827166
20132822,15,0.3095264333425512
28144052,1,0.503480715629256
35709901,14,0.4658090227373965
16827622,13,0.4533684724178348
34494209,15,0.40752741296341516
6632197,16,0.3007671740045065
31653179,10,0.5124532754756367
6083090,9,0.3379201275692527
22108576,1,0.7067876511805015
19116880,15,0.331903793376219
3376666,6,0.2993095635304719
39501774,3,0.6985404016319658
34641019,11,0.47196677825953187
8844771,9,0.2678356954777736
35214490,15,0.7244355711417676
5466971,8,0.4218959440935694
29884168,16,0.425151540423299
36044604,7,0.2120613637739588
26725227,12,0.4415660129632135
35332251,11,0.41397900103253593
32528940,12,0.4679193798388772
34440211,15,0.49697103580960733
8977679,0,0.4109103322629546
13628710,13,0.29143622904096245
9839735,15,0.40837252116144823
3384094,6,0.5479779556309151
13333212,9,0.47015070466147096
23171959,9,0.21818069001919527
2490335,11,0.683159988000066
13651952,11,0.4376621299480844
32886927,6,0.29388832092857187
6988779,3,0.6271171405437915
22902640,3,0.5413971857181578
30315217,3,0.5395779429993954
2992458,0,0.36152836878402317
9407771,3,0.536162439523235
27191621,1,0.5899468071164546
36322133,13,0.20363045823460624
13975845,8,0.6940295395710354
20128592,9,0.43649450350797797
26450021,4,0.3630770618170147
7372316,5,0.9855981574357933
9853227,8,0.5062230359550511
22609760,16,0.2060457231190094
11908017,9,0.24505350390443736
30810028,11,0.459182950740784
22992073,12,0.30425042810282665
28798788,9,0.8562773962829895
4020027,8,0.6115504746518294
28462413,1,0.6121529682850659
27436584,16,0.6102278208527022
19185764,8,0.4084960819701215
34396151,10,0.3791757914388768
13977970,15,0.22779865418850448
31349924,8,0.6650767216104113
27866164,0,0.4365760179110176
16520441,7,0.49628602896042
40090710,4,0.21472244983024427
11974442,8,0.3459550630300642
17665330,0,0.6106293573650436
14735777,12,0.424025647609931
32808383,13,0.3967644924428621
29127126,1,0.23546269999827862
4547096,0,0.4963728489963093
22533368,11,0.42272649429132464
30656857,9,0.7892511969160543
39146371,1,0.7759679445651525
37229649,1,0.4766191837934847
9186138,13,0.3062748859105058
37557880,1,0.3208376000589489
24801359,9,0.2703669181647566
4414082,12,0.41496962284284084
24878083,3,0.6268807834553916
1412169,12,0.3715877142235908
17749629,15,0.4537181373670808
15100566,13,0.31054574651872674
18924417,3,0.5544289782187447
29612228,6,0.49350684629598923
19485445,16,0.5376913748106625
12072181,0,0.26947075931894193
15302569,3,0.5717866939569247
10668585,13,0.5765479666506342
33907328,11,0.9250435953374072
39898887,12,0.37932582224510936
2527173,0,0.25507856926739503
14322078,11,0.6777532178657126
28325622,8,0.5962085674643536
29588645,1,0.5141940118637764
38818400,9,0.3406616524577227
35654493,16,0.3626346950361758
34868885,9,0.512460566253088
31566219,9,0.28966974655347216
10772503,6,0.438991644114597
30267236,12,0.2899087406431641
30781432,10,0.7468190720302643
29576655,7,0.5235036236541588
11282924,11,0.21957545658254732
35527720,3,0.43191500027763585
39383914,9,0.2917017085467132
19605652,14,0.3726224329906689
16457159,0,0.2147214041990178
21164262,0,0.27062610332402853
31549024,9,0.22296368919742998
27622834,5,0.33972482579199986
28670800,5,0.5712531718541776
9656390,11,0.6253428994825234
34932354,12,0.33486727551777545
31553534,15,0.3628437567413025
12803566,9,0.9142185142749342
35611901,9,0.4007313924330359
4232433,15,0.8832738515888339
15837810,14,0.42160360834007343
10902340,8,0.35179617950048436
15791330,2,0.7608233469260587
12939975,1,0.5020958350243032
37906775,8,0.18229223447003293
27189980,5,0.6023398937230872
33571976,15,0.277338325679776
35517702,14,0.23846059144183204
35609196,1,0.830370576607837
17975165,6,0.4882463957505598
7548328,0,0.30199097693062615
22130697,11,0.8371124981372898
26576778,9,0.5403592449321278
28100042,6,0.631380389095159
23295811,6,0.7398905080646669
26088745,8,0.32978131584988846
7679970,16,0.4505241980352197
4411370,16,0.48757395886086174
28256067,16,0.386218710111002
22014672,11,0.43088226368349175
39172450,5,0.3774581735385701
26482791,0,0.21158171051124133
39106666,9,0.7049811618028022
29711547,2,0.6039415533435812
12725024,1,0.5483212932877608
39234553,5,0.7614681684249676
20180297,11,0.38427475408462075
29286038,0,0.19906424864617378
22793116,11,0.4957223855260961
15688744,16,0.49591451430571293
4756155,10,0.268581287050645
32894611,8,0.7209087352728992
10792008,8,0.4812594216662877
30430014,11,0.28384026074244545
12693278,15,0.3949604471765555
14330705,9,0.23739937826320023
19748971,3,0.4919664709830991
33314082,8,0.22690059992063275
12887398,15,0.686877763292187
12131739,9,0.7183560517834089
36212811,9,0.5562747521239709
31522887,11,0.44203817267081125
13650623,0,0.45803974499039213
3969777,0,0.3646014959253984
37532410,14,0.5470692421434644
4279560,3,0.4160272414311222
38987582,0,0.39661125237313216
38936854,4,0.7299445557751709
11545577,1,0.3608934042923277
26626360,13,0.323539964622703
39457468,10,0.4724597018141139
2916955,3,0.2954677507863012
354124,16,0.3413261358077526
34916552,9,0.4143665378885414
17466847,12,0.39389754401430327
8127524,15,0.254309720161211
27712919,12,0.34256243197514036
19613239,14,0.23923144599097584
4672300,6,0.3793617782638926
9959653,9,0.5269431900230565
24673436,3,0.36613359609624613
19626561,12,0.4772565959736346
19721334,3,0.6939767394918481
14949817,6,0.5898896438355163
21377305,9,0.4418746450192444
5174328,6,0.2769875064584905
18972044,9,0.46386768251794186
35975220,11,0.5974365220482623
33827279,3,0.36292800689593885
9773350,16,0.36720381370889527
23193633,2,0.20151009704320674
17985197,15,0.39211610742378056
34142373,6,0.7442159841135428
15386414,5,0.40966719424722886
37372739,12,0.5157806355877196
24149741,12,0.7685274775444063
27397990,6,0.9093151546670201
7084194,13,0.2862512619004877
30765738,7,0.49498783257310924
9779946,5,0.4855494605302919
38703468,7,0.2804395664286786
30271118,11,0.41613358267896294
12595394,6,0.32046441757352995
21823855,10,0.36534984396315484
11039063,13,0.35241059058227203
38123049,4,0.33432217459415003
39333854,8,0.4445649506668695
16517043,2,0.4158753836164808
28512271,14,0.6768238548412481
31074223,0,0.20967887316385125
36825740,7,0.5489505497675007
27372639,14,0.3731406402680844
35143956,6,0.3513861297036689
29897712,13,0.35845024840021256
8790038,1,0.450469884755898
7165381,0,0.35944552114880457
37406445,9,0.42396632144865753
38330416,4,0.3562656938195273
38468364,14,0.7940925691626965
34702300,1,0.31153695475942206
22670505,14,0.4808640528961614
5141559,1,0.44016641570242493
39554637,9,0.3351908425328734
14290645,9,0.8137747822467835
25277807,9,0.29350971384648866
38122696,7,0.3624599884241527
26326421,5,0.3598845217655046
26609475,13,0.2727766493732387
33880999,8,0.4156466063619476
20613315,2,0.38646095063030994
18418838,0,0.210304489682746
6422148,0,0.41890733065547997
36659453,0,0.3826540100527539
23601664,11,0.5590481398288067
2251505,7,0.34402617692619897
31980648,12,0.2554843466397048
6558765,0,0.7448224041187002
3354313,9,0.4263248324274059
9528421,15,0.44275131540739665
13083765,15,0.94152742465572
37020897,9,0.23409435781964902
34268705,5,0.4939843470175303
21714703,3,0.6031680570272617
32426522,15,0.2601837191288659
13155633,0,0.3772156759126191
6912241,16,0.24544611134964647
11148471,6,0.47742235277543593
32976987,13,0.44067095296061953
39993739,6,0.32608796499255555
7098435,16,0.41413492430734566
15888161,7,0.38512054115564165
28976912,0,0.7328551354452969
3481863,9,0.4917121318591859
36452127,6,0.8296201001778523
28486709,4,0.26046538950932335
14894456,9,0.24152841363436037
31348737,14,0.3853553242517495
32705353,16,0.4314887053422505
32301522,3,0.5101946257961605
29496025,4,0.48725531113100307
29595429,7,0.24601862140633077
19262197,15,0.6074932367126585
11888155,8,0.39777438559547196
26803882,15,0.4635816010056399
11926620,5,0.45140462174395674
25706532,5,0.36527722119855066
10026207,10,0.571916813490261
5911439,14,0.4202140177563499
4090997,8,0.5600009850830663
37989569,11,0.28491381082675465
27550458,2,0.49399901276972374
22023977,5,0.30738194398290164
4693740,6,0.3175473172326699
38671718,0,0.1592524433200989
31171665,6,0.6227508572230832
3559477,8,0.3822903683661253
35614041,9,0.6078582770888318
14419402,9,0.36964738337400566
34725169,0,0.30516299234363653
37467146,13,0.7237065365252289
16780109,3,0.4955637638198883
35485126,7,0.28672926111236824
30937042,12,0.43975774926361083
27594837,2,0.30460014368755667
9132205,3,0.3732908434211481
10417000,3,0.28458689707098633
19010740,0,0.3612504442295807
905403,6,0.5055786943312733
16092012,12,0.4763720129390454
28446422,3,0.45576560887173007
1559709,0,0.28929372682057186
12321915,1,0.38935299917712024
19508393,1,0.26152788531675897
29735743,14,0.4451034292459598
34608916,5,0.4591280221148134
8325142,12,0.29714248449195724
23647020,14,0.2758072023118899
14325022,1,0.16932222102262817
22556895,2,0.35904186459088405
29055213,12,0.5282054306253711
38125475,9,0.3610857688762791
33130635,9,0.38556041794375107
11614965,8,0.47286449398586666
37249091,0,0.3135996734980754
14085317,0,0.3703776742152314
7648878,15,0.9156101768875744
35836382,12,0.3935336404269722
39228928,12,0.48677866966101746
21862777,14,0.7624430635144155
31169309,8,0.6261744467915968
19867476,6,0.21829525624421697
17972552,7,0.23887973184086506
39981846,13,0.4485023244618684
4179804,1,0.4529146482492619
21315663,0,0.2044792531264643
5355120,0,0.39520796584767925
641985,8,0.5905011362917544
3745221,1,0.32665619801098666
38671630,1,0.5999666040920818
10713142,7,0.4593999104807775
25619807,1,0.5120320103339836
25214505,10,0.5398897370975835
24726452,14,0.40966237932061855
5662549,7,0.3342155217736276
2635964,15,0.3613326295554938
27760888,15,0.9883899151807397
26463020,15,0.4028996922997862
24473063,9,0.43249388106807873
32540200,16,0.5809751246651678
20396497,5,0.6261311256644769
11544800,3,0.5181187930816512
24506502,0,0.29085300118992846
3690715,2,0.4156212736508255
1583595,3,0.2655012954254873
32727096,15,0.3211844817574871
32126091,9,0.6607373364921967
8942575,6,0.3992466084778695
6581190,15,0.4133903424815155
34167056,12,0.46856417749445484
35120528,10,0.9345201663118757
7961290,7,0.24687928424805075
14591435,15,0.2653269145495838
4783257,16,0.3358852386305018
37275033,0,0.6332632498957624
14722933,3,0.4682540635368738
24664250,16,0.40635407633957366
12783492,0,0.403181409499996
24151591,15,0.52956895065558
34608649,10,0.712303343538099
31040076,6,0.28034296656929886
12097761,0,0.32551086317587485
35848787,3,0.7350064117862245
15034594,4,0.7243198006096987
179287,8,0.24404041415112884
9800895,15,0.2449629964012345
249388,0,0.39789885508079514
22457988,0,0.4420450012679005
7079224,1,0.4247220323705407
30705089,8,0.3206242844507377
11801549,15,0.36829825375150216
14903791,3,0.26516612366875464
35051573,3,0.45498705053681066
2864451,13,0.5258249432425716
17770727,7,0.49994025259130526
9858860,5,0.7795009780330197
11605832,11,0.48772315286242246
26349302,15,0.5083427568173114
27261996,1,0.2783107239399692
23565062,0,0.5333758767340624
39901240,15,0.6479302485333517
10261045,10,0.8887662506664009
25977022,6,0.45267869218597045
14314343,13,0.5487712483284484
35399897,12,0.22083549589650628
35817605,6,0.9414078836148051
36241635,5,0.3179148291286828
19544995,16,0.8753546799742231
30416948,3,0.46005083108089617
3160551,0,0.411239054171228
27520135,1,0.2464643912116438
27321536,15,0.49636409963536166
37456421,13,0.4443293106021591
29887174,15,0.36431826819836827
32236559,1,0.5972114337256512
29722704,13,0.6131975097468971
38617546,9,0.4528449929443372
12355190,13,0.48447194648366154
15406926,3,0.5051646479710203
33925999,8,0.5547410428970001
20351997,13,0.35859311986346293
33097709,15,0.33764419852840183
9231444,15,0.6990245171517371
7971618,15,0.7603371064655341
20974727,13,0.42821641571505087
31027905,4,0.34857979261354033
29554266,1,0.6110800142167505
21803468,16,0.6187272952102687
36508811,2,0.5392941106032769
27662707,8,0.2583731569567721
13078183,9,0.32562595755811846
34487117,13,0.35102039715974187
1966715,15,0.34939376947552847
5126021,6,0.5242150651581642
17920102,6,0.25135190426940074
35063331,5,0.6333820000880412
8933716,3,0.3442380031047154
39006733,10,0.6891760451091979
34385606,0,0.5468480531665446
32144383,12,0.15399881784453928
8082803,3,0.38356840102921463
7001917,6,0.425266571587497
21839468,13,0.5855477818863981
36045006,3,0.423029328894817
27971782,5,0.2718833321312016
36220869,7,0.26988475668365924
24133613,8,0.320351018044237
37055549,16,0.8307714900630981
32575992,3,0.34812523193839834
34030609,15,0.2666004222902841
29767310,9,0.40159872185232837
23839982,10,0.6810965272866949
2155042,0,0.805729030274462
23979071,8,0.6253123180977892
10865212,7,0.3760220078344039
37820146,1,0.7209513123196891
24947003,3,0.6558902998516016
27681108,5,0.6951737716851508
23426483,12,0.3812507687070156
36921501,9,0.5910232800691472
32318643,3,0.31293706998571647
30867037,9,0.42964507590270934
36806922,11,0.2321178246475321
17709686,15,0.8582533686158212
9847253,12,0.523184335534314
33288344,0,0.39504222097363184
35096711,7,0.6144219819329403
28467158,9,0.7957457187499855
29829422,14,0.7015216949561143
39018055,15,0.2282507062900635
14909110,13,0.2503590305352591
31619005,0,0.6605441234805919
33816586,16,0.3843998840995586
22082025,0,0.3990868195474586
36061649,0,0.41867645528036684
12059792,10,0.22808775119006122
36365467,2,0.5323615432122963
13567833,15,0.6712607035646212
20691976,15,0.4015501777306141
39098761,16,0.6707602429666424
22186968,1,0.2721476540171891
36797112,0,0.2604054949629109
36362624,14,0.8132595982983462
36773492,12,0.5585839932930723
23531411,8,0.4784594051257263
25663939,16,0.2958319440258495
14361136,1,0.40351049040834863
22970854,5,0.3610964206534899
14724304,8,0.2864882219779591
13245470,15,0.6399853558799129
10739978,5,0.5567028929597904
32483772,5,0.8528276378827668
23299583,1,0.5730251218802399
40011877,10,0.37757598871809084
35484238,8,0.4245579129939966
24083935,15,0.6090588040008472
27845489,6,0.3501810175971968
30866980,13,0.8662657008814546
13856644,3,0.5786195469416722
15238101,16,0.6073823775664509
35724916,3,0.7979044189258209
30356619,0,0.2729878807928298
16825850,9,0.31602536710602874
30045086,13,0.4432607737812162
31816411,15,0.4003104311227622
2213325,16,0.41170170490327646
25253817,2,0.769654324131857
20223962,15,0.35775848711220465
39906830,0,0.26991552679317
17814314,14,0.7887280016778494
9210976,0,0.26517635739845535
39363200,7,0.38584271946329307
11186853,12,0.31066086002131504
32989483,5,0.28915821066525405
19821137,0,0.25773783581889637
12492536,7,0.39885556187333987
33658384,15,0.7025048879942608
27254078,12,0.31274325816620346
38285881,16,0.6518679011114283
20395463,12,0.3389616375059401
39213597,4,0.4394344876685703
34167176,6,0.8620242189004539
2095848,0,0.34738268290692154
27473539,2,0.29434612563010193
14390624,3,0.43525665718802725
25073575,4,0.45438117839945974
30371147,1,0.5904754247842525
19182001,11,0.45984828761637714
33837290,3,0.31651535251953855
24275542,8,0.2444328563952187
7417128,8,0.8022211951240142
8230638,14,0.6787475749542777
39084687,15,0.47726979843501094
26368194,5,0.5141910966112495
36808611,3,0.6157823259139402
29604198,12,0.3975754533078624
27726270,3,0.39880874475205363
15753632,13,0.3310100954455671
126787,0,0.3597288062207341
15499397,8,0.5875485455216669
32824368,14,0.19872082664299942
8895925,1,0.33665514315576767
28646293,9,0.3447254265435388
28166623,6,0.6113017707540148
40062388,3,0.4235848146026186
29483604,8,0.4859962125079023
31753520,8,0.6890562136495415
34592040,3,0.5907904879624546
27952819,9,0.45784540495814857
20078700,14,0.6825447061144652
31173379,4,0.3431634101903303
5737728,3,0.21856508025840707
25797213,9,0.500785533669801
28397949,9,0.5659311655257888
27436748,16,0.48455348988030517
11492864,15,0.30026051611686955
31656198,8,0.4887246138621788
24139304,6,0.24527505452415624
8283359,12,0.6828113149929097
38935623,9,0.3914641987820752
28887383,3,0.33690695838113743
14974222,16,0.6813373024360467
11869383,7,0.3057504387572616
24309121,0,0.27176450190048795
36851140,10,0.5236791952388856
19727066,9,0.44863661983986397
16775694,16,0.2932304384941082
22675968,8,0.47291034738454657
33682284,8,0.4968227644360799
30902317,15,0.701591832074907
31211345,15,0.6943796342613197
37119448,6,0.5718164425182289
20487045,14,0.5102009694705522
26412193,4,0.41051099886848336
39320437,1,0.6045409729288851
24147099,6,0.48368212499334384
38095478,1,0.4950326189383628
24180766,0,0.4067323707134647
9539477,0,0.4805173675590583
31902356,9,0.3310963159013082
25956746,15,0.9999999999895399
5188792,16,0.8977127412200927
19722580,4,0.3079468721794511
22031653,9,0.4174979324151277
35882408,15,0.9068518174630192
20394751,15,0.26874887227376626
39577484,4,0.43582615394706076
30036941,9,0.8114321278850615
26926742,7,0.9863941039413135
9517388,6,0.2370143382110136
17469461,7,0.319212329388852
13479513,15,0.4226008931027373
31328807,12,0.22716775982052556
34078201,6,0.43025473157432714
5742828,3,0.3534532319808534
35732465,10,0.54291749190725
40009500,12,0.42291573816925593
22838527,12,0.4101832295879483
14897756,0,0.24736992049468912
37436362,3,0.2628489798125731
1968343,8,0.22146767336594503
25773551,3,0.21653175291965174
1393849,3,0.6066693700182131
10988199,6,0.34883419866912063
20193606,3,0.5072701836386022
15862367,16,0.47229909803421655
30546334,12,0.3645438269841943
5069606,7,0.44784838052066883
35761306,9,0.2958600175850863
17428657,16,0.6050971120575691
22869156,13,0.7801653842974671
4241871,11,0.37625140142534264
7323782,15,0.40600210733353165
27276508,15,0.6389228476376664
3747679,0,0.5391779228636786
13935929,0,0.4313390238912819
34895668,9,0.4125815014481443
1739913,16,0.8499966522767358
5707495,3,0.4038521974699063
18864810,14,0.5275123833871704
2028207,0,0.418587222857284
25024919,8,0.2917119891683039
28107084,0,0.8863090241131635
24407834,9,0.2878180165738952
2350249,3,0.5445490219451139
27971159,11,0.35221720498218567
23293612,5,0.43069296591550216
20719852,8,0.4708838299284872
16960070,16,0.3508163795925457
35930398,12,0.4361863723829547
23372291,9,0.3244818711339683
24235241,8,0.3450393778353693
12703842,8,0.3674281232731807
38558221,5,0.4444390583118225
18007862,8,0.5736754822780658
35181118,2,0.9265079266453145
11450158,6,0.45420996768592464
38629338,6,0.2721334073031953
11895065,16,0.5853464404180578
29457904,11,0.6947605899577379
28206120,5,0.9983775199452539
36647736,12,0.27541365863392686
22862628,1,0.4651525962432376
22794533,5,0.7804813891019355
39478510,2,0.2974382109534852
34652915,3,0.5198267997714555
39962416,0,0.2524036741498978
32899621,5,0.22390823852245725
5342698,12,0.7104367673344186
29824217,9,0.2050305358935935
7529287,8,0.2992636580337544
2414917,15,0.23658861951017005
15630710,7,0.7223527901366664
35420427,1,0.6767575939144231
28149853,2,0.7212071654479286
30081982,13,0.3353844644302553
38083670,6,0.26223509449801075
19768957,15,0.302189113506623
20389291,8,0.2332132463356568
14825899,9,0.3420188908082954
39383122,12,0.34836803206406786
4031288,9,0.3214193146603221
39822733,10,0.34325116627034935
35211704,4,0.6269852930522867
27657879,16,0.36845112748565556
14712004,12,0.42367339029735585
18708095,9,0.5401841164332442
39035233,13,0.2946266723707449
3979962,6,0.4336547875965824
15511400,9,0.2770807447182825
19224527,1,0.4892579247459176
20197045,10,0.40217438135250905
26766587,15,0.9069279969929995
37528183,2,0.4277273376341581
29242055,1,0.5734351928632745
36013063,14,0.4247529249982588
6575599,3,0.6117443207032541
23663343,0,0.8436228805648881
21935641,11,0.48091016740837317
12656611,3,0.21081456036652219
7888900,15,0.5499399903686422
16003682,9,0.6602701699962745
28975275,9,0.5057304334346278
1970185,11,0.6397778111304124
9034624,11,0.534766919838291
33966973,15,0.8521487651934854
36523574,1,0.6125657258162117
33018873,5,0.32711450725375546
31143376,13,0.3670230572752584
32622238,1,0.4117271966949993
20252939,9,0.395761741012328
35343440,0,0.3803366599063487
5329510,9,0.6583271453715259
17074330,3,0.3838861718035139
19649370,2,0.4008797466455952
12627118,9,0.22639923424370678
15677296,16,0.8772548142117581
14241729,0,0.5908932416955547
12987206,0,0.47030626652968305
6580635,6,0.4161537715096764
17760166,5,0.6027534090549729
22332674,3,0.5742318769418728
32965667,0,0.4168248448864375
34853386,5,0.4036841643332199
28978838,12,0.4453282786893536
12034915,8,0.4034935677254406
22443378,15,0.7924148619669369
2090564,15,0.2543926229035417
29980209,11,0.4794451046130642
17657103,1,0.6472637424489117
21140630,13,0.7277156591888585
2191581,16,0.6803303659546944
36765122,14,0.9467584975588368
30910844,1,0.34588114288758487
10645189,9,0.46667681002148265
34647434,5,0.6435426478794498
26451667,8,0.6615207965051825
39749807,5,0.5788604725320822
23069908,15,0.5819603181480764
37600041,4,0.4713079379304114
37287980,5,0.48220952364433306
38459380,0,0.15588315215132983
23039705,3,0.45883358434259597
39703021,6,0.8507890607387044
9882479,15,0.4500576925956932
38108887,1,0.5153108996338797
22750555,0,0.32233350503695263
35000636,15,0.48857464044508503
16708376,15,0.3997183677144774
38498960,12,0.42894428283172087
34001838,1,0.41239502177766507
31077906,14,0.699253850717283
37541311,15,0.15172865178533074
5621166,12,0.3148200355016958
14536384,9,0.3287831704845464
32678280,10,0.21534632562570966
12650429,12,0.35717382509818385
35942242,0,0.5189169239916243
28428882,9,0.3928763109971793
628903,0,0.36213414208862343
36805833,16,0.533216372549226
11770793,16,0.28504833356388093
34390498,7,0.3921432591541954
19377437,3,0.37963208693508843
29959940,7,0.23968770336127979
39294036,3,0.8244971983621519
32093597,0,0.3496190548199329
4226105,7,0.4203483759931376
14765351,1,0.48321868298837584
1561831,8,0.5576195735531766
37564503,9,0.2873137733648729
36614795,10,0.3542022411550282
1924043,13,0.6173646741399267
1024411,16,0.44748062612593653
33350634,3,0.25676824482914906
25508080,15,0.31259687456771656
20524673,6,0.7424590558759203
30942126,8,0.26635399331572734
8918026,6,0.4806849192373515
16192346,1,0.48353993746392016
33143511,0,0.37214921011860363
37229106,4,0.5883489239363612
37570768,2,0.4063485306477224
15269184,14,0.5909915245151975
6402311,0,0.2665451608300257
18608001,1,0.5393127125111621
25612539,7,0.3399424050943206
31145209,0,0.3071513813407417
34007760,9,0.5909425545089015
36841157,6,0.42041166464240143
13257748,8,0.5925710833413106
28777578,12,0.15531676438680095
34056194,9,0.6035902053147534
22065495,12,0.3048884384823595
29049865,10,0.888396349253026
25832205,9,0.6224982103452185
30990389,4,0.7801379500494315
18272572,8,0.5191732428117385
35150338,10,0.4800950901883934
35923911,14,0.7448768907192853
22128769,3,0.6412364068041184
26180523,4,0.3260192241319373
28955229,1,0.47076672526276725
29157643,3,0.38942954261553286
72393,16,0.633059059945138
32073427,12,0.58080439530736
14816081,11,0.23523621334975567
38194649,10,0.4653146280826332
11387424,11,0.3725628832406817
31080295,8,0.507030675734667
23174512,3,0.5150022213734472
23574940,2,0.5015814611987326
10279055,16,0.5057382613343243
3239307,12,0.14670309577720775
18412858,12,0.4189682317721009
27557461,8,0.41159625870138755
24967469,11,0.754339726012727
21190179,1,0.9491523472635237
26036983,7,0.3191527651256714
20167183,11,0.3709284792108164
20037607,8,0.5892024361928234
19079560,11,0.37365835555296584
18809524,8,0.47300732142256546
30649847,3,0.31679718929824385
12022082,10,0.5512421654529538
8770481,12,0.4232827390937418
24965540,11,0.5890533115797191
30964330,5,0.2893883791495218
23410458,11,0.533797017344986
18360607,0,0.8030670889586928
38366140,16,0.40734849694037106
31075829,4,0.40361395623768437
34710277,3,0.47251021766497386
28224554,3,0.8935951924054848
12656219,9,0.5713936590715987
30954123,12,0.3988818378901683
2199413,1,0.3645621094680929
37795060,15,0.7830072953126483
9440866,3,0.5456079679686819
3592436,12,0.49665197259423494
3165200,0,0.4433735261509188
27132312,10,0.37177430161510533
28743647,9,0.23243823763907026
37638046,12,0.293130216845725
40050999,12,0.8073476451442961
18327010,14,0.37667931133564
20304453,2,0.3030330859358803
5925385,6,0.743171632010517
30267686,10,0.403623287115383
29932251,16,0.4616666899428138
10199226,8,0.38370775296176657
3374365,0,0.485310821544625
19991772,8,0.4972423159065583
10613315,12,0.24394817164878302
8204373,6,0.34692859380451674
36377550,13,0.5717106035093581
24214636,3,0.3323813947989063
15352108,0,0.4547774638306942
39133505,8,0.5452241150965929
39130679,4,0.5530202608601156
28521383,9,0.5387212536128001
32918534,0,0.25768356123848635
7970070,16,0.9583599051086625
34205853,4,0.4286520397735148
28868944,11,0.5131724909755719
33543475,11,0.37707968730447217
7799650,15,0.3028897667811905
30071618,5,0.3898250726810184
20968257,0,0.7890719053665171
36734463,9,0.573007143612
32262496,5,0.34722647840129245
19525996,9,0.4844002022525953
22486738,8,0.7204527697953318
39059337,7,0.7165995501118086
28086895,3,0.4193291455692663
20414256,6,0.45930148281365213
32789062,0,0.627976704497896
5063699,16,0.8318873094719256
32016991,1,0.20288466541694716
4960166,1,0.7423489946467795
27054550,7,0.32601377487996264
12763711,16,0.6068775922436545
7477162,12,0.31958713449156345
6754487,8,0.4368837581002401
27839157,12,0.46531099015208593
17529670,12,0.38082149447616453
37800958,5,0.25691850595413673
32696774,6,0.5694408803902882
35088343,13,0.5307806006737957
16608119,16,0.4565400153045118
20751989,14,0.3062135574380277
20262673,15,0.2317132433071158
14145008,1,0.5324794323790143
32604887,3,0.3517734444724583
2694442,12,0.3342624797483523
18859705,8,0.3533931507429711
5426908,5,0.5937018295642088
14645466,3,0.8858103849616698
26998204,5,0.8019049022449831
18858348,0,0.37592901869044865
25690943,6,0.24822513139147478
1661210,12,0.2804770691002319
34509830,1,0.4018228898676218
3711184,9,0.2990329349005171
33946384,9,0.26334261650154106
8291778,8,0.3789933740903974
30291625,16,0.443163417623584
27450854,10,0.6187250506312412
5176968,5,0.8987364678578368
17537563,0,0.451284279941083
6775521,8,0.26297387784849624
25412954,14,0.6223221310981287
28813309,9,0.5201145987618639
34364891,7,0.4866864954205154
33294625,16,0.4640861061702216
33582315,9,0.3732807478868739
11605009,16,0.4745013590493994
38308071,3,0.8589989971933271
31105606,6,0.2774247211425363
16113500,15,0.26996827292956943
38145532,13,0.7019388401276995
27997887,6,0.41914730171700976
9658459,10,0.44901523485058425
8934156,14,0.6710566414285875
3597610,14,0.251732023377013
25590456,10,0.214221973574298
17283194,0,0.38981820348466295
15135323,4,0.5339996195035543
21587916,9,0.31981781229384365
13055718,12,0.2997694638818945
29325734,14,0.4991110943371349
21384887,12,0.22133493954780603
5509902,15,0.40288691164518886
9465047,3,0.5556848518715246
15980461,6,0.5326256516915515
21433070,15,0.600543109932553
40044040,6,0.3870690937820261
39809487,1,0.49219750750886143
28043820,1,0.6875375307535482
12037818,12,0.33051575485121565
29134954,0,0.3575959286032611
31452968,1,0.33816366949792925
17817034,7,0.5949507259645748
35989644,8,0.43170977658023946
11353934,8,0.40512179255500314
35863822,13,0.22283519489195905
24243597,13,0.8203109009459801
37083836,13,0.3022639214436996
21894815,11,0.3406266563992516
37449475,1,0.26615208744689095
3575165,15,0.3418978834151892
26488444,15,0.2750768779819021
27733707,8,0.3076976204276967
23817491,16,0.855199425645661
32341368,0,0.36066039582360426
21097355,2,0.4203000238524707
5244485,3,0.5379204820808199
8661783,3,0.411856462015091
19462148,8,0.45656120233608627
4664438,0,0.5544426934151389
32820466,4,0.7179389985774083
15050474,12,0.8022614090725335
37854256,13,0.49944146573654324
19280325,6,0.29329520890189253
37215551,2,0.4518065172159758
4830368,6,0.3046976059198773
15422858,16,0.2617456009648177
37906757,12,0.2551271147559545
10908877,3,0.2361295595720282
35784926,2,0.74635431019561
27757279,11,0.396990561402643
19010990,13,0.5346203174275941
3887381,8,0.5088416740178956
4986906,16,0.7702983075505564
31910741,13,0.5287355387799305
17115271,16,0.3541917616266647
26314316,0,0.4091004480709803
6047243,5,0.48092245591436295
24621860,10,0.624341593983732
26232864,12,0.24712998630114671
36122176,10,0.22998054600475798
20718469,2,0.337489655323401
21383960,11,0.3662005303431468
23262455,0,0.27616482030975065
11020636,6,0.37079711402328125
32444889,6,0.6728858511693198
8479736,6,0.5563541630664367
19505454,14,0.6929238943929644
38672963,9,0.6345116859248364
32753449,14,0.6500789294415087
29332501,14,0.7263800464387141
34145893,6,0.4393258849075838
22178520,15,0.7087436196857342
2351694,6,0.3404242555450435
15368582,1,0.7557724014310905
36182950,9,0.6953700592345445
37626866,9,0.41422748352684413
21948149,9,0.7870622141436849
35816195,8,0.35913639014799614
32698099,8,0.31512233807903695
13521655,11,0.3239969964533746
30510715,1,0.27587882384516305
3500799,0,0.4670167920862437
23878445,10,0.6429888964066921
18009266,11,0.6732863960733082
26018362,1,0.5130084534361279
16266651,8,0.6483301844310564
6024003,12,0.5540571217236273
23707530,1,0.4227924973750132
2431276,12,0.21126388923059772
25152882,9,0.3453455170436479
24104406,11,0.3200628035629848
39216942,2,0.7837603791064953
10555587,2,0.7444189589667494
39187519,13,0.43186973732208905
13500897,16,0.585051569082681
36011333,11,0.3595110993492569
36113242,3,0.5565824299762554
38522513,4,0.3681595755627002
23456641,9,0.7231798654909246
37391575,15,0.3639183422749445
25879794,4,0.37596948916487843
14254386,0,0.7488750094719644
27552026,12,0.3207347395540497
39282464,3,0.4416023183116103
23695305,0,0.6653068977669204
17187281,6,0.3980187295083527
22496015,7,0.7725988105537757
19470099,10,0.28518128500764534
20456189,15,0.6263275336964234
31975921,16,0.48235864088690783
21790304,16,0.5358709013129854
32854733,15,0.2835840796440022
38008453,7,0.5396668358265979
23502867,3,0.276236070499282
25340108,13,0.8388117622331037
10502492,3,0.7653012828216857
39311702,6,0.7293835849102891
36159202,1,0.733791874953101
7050888,9,0.3595340261837863
6351028,6,0.27206238963896706
31156211,11,0.9726244560265604
10618955,15,0.30423217579688494
37841222,9,0.47125722498910144
11636079,16,0.8321412661515866
23599480,12,0.6260183510620138
28877613,15,0.35562279590627494
36205245,13,0.2936736943778984
32451506,1,0.3559970944973305
33922929,10,0.63233183190445
16888409,16,0.4279314158118435
12827969,14,0.810857077486672
5158766,9,0.3748922374477802
29680083,0,0.4093725480712465
7518376,10,0.5821407877470199
8158647,5,0.8606390329705892
638048,15,0.9999999999890918
37737480,15,0.5881487093842329
22585880,13,0.48049069794519605
4436401,8,0.346672049396408
32991392,16,0.637079171245806
2199552,16,0.37376095178719027
6587858,3,0.5120276989112805
20082060,14,0.7505029489569652
28051536,13,0.8180625199883698
19412912,10,0.6130869683103634
18135259,8,0.6947980657184767
14810060,1,0.3088443701691139
13280017,9,0.6528170014359371
10960477,8,0.8080003484544702
23089943,1,0.3952643392324862
34889668,9,0.41777576990768245
15449371,6,0.2466158320238326
36748829,9,0.316402082364946
1544948,5,0.4992632466616727
28315997,9,0.40598791393375605
35072533,3,0.2901459247024973
7456050,7,0.2894944718549374
7319076,11,0.38339490920640923
16422171,3,0.24525352243606308
2587530,8,0.5179353575846815
38432799,0,0.34067630684207445
1398606,2,0.5592418997336583
33973476,12,0.5447517997885301
29056092,3,0.5220452418370263
19352888,9,0.5293674480772794
14969969,7,0.5129356635903574
38293639,1,0.5262342795029241
32434112,15,0.5060978515564276
8885227,0,0.3334428017905025
37747518,14,0.5743657303464988
17732695,6,0.4730665261150847
7391871,16,0.7720230100335371
39673658,7,0.6218544550507312
37323621,9,0.7001913204300538
31093989,5,0.6576759631305251
34615743,12,0.46193021403004614
12652695,7,0.33802092183502325
29987461,14,0.36560089855474714
29597667,8,0.28247602204156147
13127962,0,0.38520927122246146
13887537,9,0.47515257140623357
3826236,9,0.5909933622676644
12143097,16,0.8708530081420708
38788319,16,0.509215185866458
39508633,7,0.39619857374019024
33811662,9,0.40604753681515554
3238673,3,0.5956718187572934
20361444,10,0.6055531346581557
4719836,0,0.22476907120384718
36515344,9,0.2318264975696603
19712840,3,0.4789352034415938
15959411,5,0.43313782037904186
2643953,14,0.4571911209608005
33778099,3,0.8179911564801082
13947939,2,0.6301086323886206
37958897,15,0.3633885506412605
19975307,10,0.5347796300755024
32292848,1,0.7772584864781275
24218103,14,0.4455004178432041
14439477,12,0.304487514474347
34032166,10,0.7621579314357847
34167537,13,0.5689699191862068
33963288,11,0.9867370813963569
25493591,16,0.5653074303129934
9814632,1,0.32415114782778426
27043599,3,0.8169800769146925
14368205,11,0.30399817197053086
12163158,14,0.3587468858925647
30238070,0,0.45607383534937035
36270821,16,0.5790465963164276
29359875,10,0.7008688229720053
35831241,6,0.5345363114706037
14986693,5,0.6382574740556686
17749090,16,0.39130220837988205
8085422,11,0.5164858524417619
35796965,16,0.8554706301481073
30765606,1,0.4358201380300236
19405754,2,0.3436952959504141
23322674,16,0.4539527800352146
15335052,16,0.9999999999899051
23762674,15,0.3005578133954943
26460619,2,0.3930547159583363
20524567,5,0.6825430281032753
38465891,7,0.425142504241847
25177500,11,0.666823505522138
26943894,7,0.35531774256889387
16683549,1,0.29969623620423175
13767359,2,0.8068466506921707
5783417,16,0.3548329589574225
13771674,3,0.4375832313523502
5446372,16,0.5138893807596077
34597102,5,0.3260403994301168
25583869,0,0.4452192593415744
30419756,1,0.45430200082597066
35240557,14,0.5455739156832375
31179171,8,0.4207220614833521
25490416,15,0.22266101070991834
21408407,16,0.424874980571482
38743262,1,0.536459737980997
30065323,16,0.5201509937634743
20207328,0,0.2661285752425459
27815829,6,0.3812646009991174
33902095,15,0.7068056945202982
20861546,1,0.8307173252955252
38056305,15,0.688194257850698
11155367,3,0.18159434152447299
33189458,14,0.46932060297595357
6497882,2,0.4789200073598538
12157283,11,0.43703463468543685
31237651,1,0.8108248534959961
29708135,8,0.3651127066102068
40012445,8,0.6110911528683582
14852948,12,0.26270339188925906
4832868,8,0.28379365166217685
25250684,3,0.5234426637939863
8119308,1,0.4295148964781427
12842717,5,0.5762580893286683
19407325,9,0.5235295931914958
10888969,10,0.4579229848037386
32411915,15,0.8784565936553429
9557004,9,0.6759909714858402
36515900,9,0.5612301060741419
24718439,3,0.5403511087253455
36310558,6,0.4442739968214967
15597738,1,0.3582940005040299
28805501,9,0.420660436851595
34955796,9,0.5805844828631805
9150473,0,0.8015875935566918
5338228,16,0.46895254911544637
2295461,15,0.5188407845181451
24683429,16,0.7352746653562172
3479982,11,0.332943123392666
37640912,6,0.623386996460554
11020257,15,0.2988604968214719
27047367,3,0.6153293704736076
1629611,9,0.3129550969788968
6321863,1,0.49532384266528146
25338817,8,0.25103294569611745
36026740,5,0.28776402852575106
27532746,8,0.3197516293459366
27899922,15,0.5118639544834769
20750051,16,0.3830491710968862
17008731,15,0.8885686329708901
38964323,10,0.4104118300187961
36021430,10,0.4602121819628156
18972699,1,0.6540727606592975
31797432,5,0.4018006250732437
17154417,10,0.23486084607899116
33690119,13,0.44223952863872534
11369842,7,0.27028175236781266
6210024,3,0.31830242110783263
28336157,0,0.40572699862546074
39624170,3,0.5185178790991328
11583043,8,0.2180334864446522
4440231,16,0.3622698347979305
34637145,15,0.29194864777647256
15383666,8,0.42454092781877584
16425910,14,0.1986083784892566
39965711,0,0.48989135014415575
33977121,9,0.40865752873332256
10035446,14,0.7700859678073522
29842702,16,0.8267972474361097
35148708,12,0.6143114868938823
24629130,8,0.36239127380789177
25040177,9,0.9163350893138347
38775464,3,0.5234237940220674
21861662,12,0.29124375711390343
6189398,0,0.27555838934080074
27301853,11,0.3354400684676572
27355478,2,0.7318916123954062
1116725,16,0.318625558897732
4940282,6,0.8355057226701527
26911973,14,0.6531120367469835
18791754,9,0.27674330568166544
16982453,4,0.5205852713019488
24326772,15,0.36921677443235534
7434095,15,0.8185857034506089
35658841,12,0.44938735290691867
23838056,5,0.31236671909326963
33631577,13,0.24171626010564565
35276916,7,0.33324240004231315
37590955,1,0.7494572182511607
37053186,4,0.5603261885071615
33474853,12,0.46041966167250564
37616990,7,0.2107357388756252
24652995,2,0.7719492152312508
30178808,13,0.4451240233208331
23992679,0,0.3295612027180898
7309256,6,0.4244599411141372
31641894,12,0.3029205662659535
34106425,6,0.36759367343713595
21030187,0,0.3152226802479727
16556481,3,0.5042581275735645
20538318,12,0.2639670794463602
34688235,16,0.8659974639651974
10061093,16,0.3748006068108854
13654168,9,0.4256545765617895
11882691,3,0.3274472467223487
17406201,15,0.21226276453158316
20035132,10,0.43349820821882173
14589234,8,0.3565343887362072
30856656,0,0.22088242939263367
27937915,15,0.5562117725119378
30499545,10,0.4749495482610674
15213926,12,0.37675016544371254
39577365,1,0.5807964963099411
26721353,4,0.8342597524456695
11300979,6,0.5085782496673761
7923548,0,0.6144030706668488
25733471,3,0.45736508923121355
7321241,2,0.6060680329406665
39513353,13,0.4550466982431238
3349048,0,0.4626064012171585
5442825,12,0.2861481234317328
33837277,9,0.2407264647757768
7062094,0,0.26155702154999033
16989961,3,0.19457810932503247
38208555,5,0.7138860865995105
25319970,10,0.20886609265490844
39894476,0,0.5411380818258311
22196711,3,0.375357960025768
826493,9,0.3863503522496471
37986329,2,0.688261455349228
32057007,5,0.65951725759735
15070063,0,0.47280690477650206
38246928,1,0.280466157812976
35459065,5,0.6546014330053429
37858998,16,0.33489981535919067
13798132,8,0.26916209425166526
12565500,8,0.3858445178597318
27426764,8,0.511586405450459
27901254,6,0.3664552308316049
20287019,10,0.5901063161850867
632958,8,0.451110017054891
5601909,13,0.32088063780145576
11845569,3,0.8371998989944915
5388576,9,0.32436645678160797
38538608,1,0.8480801255501336
27664571,1,0.5196846489399293
33992360,0,0.3134612081209047
12268029,12,0.5427601095332727
12943081,0,0.38557139732594375
35310343,16,0.535774333030129
19509059,9,0.30070173695122315
34408734,0,0.7248945426375805
36047722,11,0.4715275890716091
28045487,12,0.42358353096421314
21027042,8,0.35927417542971635
38620124,15,0.38368881295609986
38447503,6,0.28828753759528086
29633134,8,0.38545842012721515
7141414,12,0.3452080015462933
20365585,2,0.6514273950764775
3611139,16,0.6679972989204315
25498035,8,0.3417671393488524
6387819,14,0.6316718555114318
37651525,11,0.34719859067385683
27607108,9,0.31292482636854974
31594090,6,0.43786255056286394
14483227,2,0.7987128265006739
34224896,3,0.9435936424121085
16048238,15,0.2562831416990237
38515921,7,0.6099394876843305
4219868,9,0.4877839966651027
970545,16,0.17865241090755202
34613953,8,0.5857704517262481
18413963,8,0.38537142499072036
17605897,7,0.380440374498958
36004553,6,0.3435727013813582
24604507,0,0.5307969325581584
20254401,1,0.48318293969066933
36894675,8,0.6332356919730956
25263934,6,0.6046238042572077
17354955,10,0.6095136894102577
29679743,14,0.7291099603775998
23807156,3,0.6752592040238541
7987196,2,0.7633562179161644
17499369,7,0.5632118800570428
13510193,1,0.28114999261793994
22897534,12,0.4798802249141684
31833460,12,0.3214649377834672
34179604,1,0.5238311571319071
33789989,3,0.4333953798138624
24861673,8,0.5581909075128962
35289476,4,0.4955801839395143
15719481,1,0.3942575693234662
32457971,16,0.39395896636211764
5056475,6,0.47265466237829273
20348801,12,0.2979776033377098
1393075,0,0.36534902640948064
37792901,13,0.8806045029694796
25566799,1,0.511098678140256
11314940,16,0.4266517239540997
30030043,9,0.22107005424169882
33844777,14,0.25651000743204383
22580781,13,0.48327946858010545
28750063,15,0.6535274939705744
4084385,3,0.5065978329780313
12806501,15,0.8771393287501992
19888588,9,0.9046469070309238
35927236,15,0.7831341767575092
6494102,5,0.5283588924364695
29441243,13,0.7085566178659775
34323265,6,0.29420445484030394
3534508,0,0.3818883215349507
30928431,9,0.22409983919560209
12815874,16,0.362763225459307
23407618,15,0.42595644802271665
24379275,11,0.5495243125140956
33015816,8,0.4839018513346106
29978740,14,0.5985021110854313
31103817,7,0.4457900812249939
6141154,3,0.32951704829924744
36393253,5,0.5799543648344923
35752495,11,0.40829255445567986
32568784,16,0.8542081601406613
35924565,0,0.34255578583864865
34425876,16,0.31084432532013356
39225244,9,0.47616063439536294
15435483,9,0.6491169176873169
8299303,8,0.23867999317015892
17887594,9,0.8446627920783276
7628187,16,0.33008209509625036
17356617,11,0.46849703684934074
11385829,2,0.33080321545930763
38723788,1,0.543830052674859
33283249,8,0.504294519656574
36776318,4,0.5169281167850903
21984674,8,0.2819453248963053
33641901,15,0.4943437418413307
31597474,14,0.7187924737872601
27685562,9,0.2217478422622248
32300716,13,0.5851560595665345
9036013,9,0.30653251154064826
20756935,16,0.5081325724253556
36795675,14,0.4534757044016157
13798536,9,0.40307787397697137
27159332,0,0.2397940772484746
11742638,8,0.22845957863355437
8640809,2,0.6663038378514126
13887458,16,0.5969677968710779
39476633,6,0.5506837486026783
17537041,13,0.7902710228447681
26924110,15,0.45436220658014925
8599937,8,0.40698895950610414
28315005,1,0.3218619080531419
14794303,12,0.6273250003177756
38554972,12,0.3778428210499018
5099012,12,0.19583629424233803
39985143,8,0.2759412578848091
30456958,11,0.27959190855720273
35820780,3,0.1863942976275527
14627334,6,0.4945047212861985
37590475,14,0.4325421085305759
15703520,15,0.9184998400533797
33905944,4,0.47137046121786336
21585807,13,0.3481937271321728
38114956,8,0.4310739153691968
33607241,3,0.5650869127624859
18092380,8,0.48006381955792843
21551718,11,0.9880257068794525
22593037,15,0.5692977965679339
12326504,11,0.40902084961180946
35226797,15,0.6436565604578134
24943742,1,0.37025460546933836
6142475,6,0.4041256570628321
21240653,1,0.7630986741390565
9421345,7,0.4498165070130085
32875080,9,0.4594735111354469
11604983,15,0.541190978076096
33879523,8,0.5280291513232666
10712886,8,0.45679121468852585
30236643,13,0.37059588418760053
1573671,15,0.3391137722669999
9233461,0,0.5913696687275671
26315179,12,0.33494906546503467
20319554,3,0.33834146907438717
17223964,8,0.3823193014846308
28997078,3,0.6603260849461423
30650763,3,0.45403489544898973
7155930,8,0.6308565951037164
30315273,7,0.9203389912168672
39220215,15,0.4649573740762061
9417163,0,0.7331748053154536
17779540,10,0.6847423961117934
36235391,15,0.4470149346197754
33449890,12,0.25078023437494723
2859667,12,0.4072057267960363
7633274,16,0.6546390286572823
11000742,1,0.5236636442455385
39543876,10,0.39310938301691056
20996892,5,0.5885589040411618
33380554,0,0.32621099588838554
25100113,15,0.535162229824406
33282658,0,0.4161974488268108
35780264,16,0.6434029752831716
13915122,9,0.4466103740769697
30274866,10,0.3151624354793562
28067574,5,0.34025009497137537
27000466,9,0.40924202561957757
13814569,10,0.3795155648459398
12941091,8,0.4282077402364269
15315536,12,0.1987544808977924
24313513,1,0.5208983383192168
18070843,8,0.28728026332420814
38576969,13,0.731519454109716
1450957,16,0.2971147135629237
26320638,4,0.64303280077662
31569549,4,0.7929790830449419
28732523,12,0.16625279015520977
10279850,7,0.4287179788961435
31684163,6,0.21871972272356352
38218274,1,0.5240734725467954
27447363,15,0.29483844248403634
6559656,11,0.4174652023084344
16350367,11,0.2375194368974865
35441590,12,0.2760226344743878
16758617,9,0.45947242364330626
37008252,15,0.5079606202653579
36517311,13,0.6331067333374127
20069146,0,0.2734281292577296
33810776,8,0.6046492702622999
32000147,2,0.4773678545528007
18515926,8,0.2959009689901654
12921788,8,0.5220801990827865
20785802,16,0.20064305395813764
40040564,8,0.2375658357898318
25545726,10,0.5758780358644012
10959864,1,0.572487677227362
33269392,8,0.470415906729433
13390401,9,0.3739866818504233
34045572,4,0.763596885190366
39011192,4,0.39860861324595886
39865207,11,0.17529217268207936
13824642,15,0.3112849576124182
32301565,14,0.504960417473895
10725891,12,0.5032547448880915
4447426,1,0.3895411021324133
19701094,5,0.8525071924233371
32925612,8,0.4448184325781252
34516691,12,0.30096835688843954
30436194,7,0.20481926647374388
10003866,1,0.43701869233981594
24437146,11,0.2590907787473889
19819954,1,0.3733418013267775
33206594,10,0.2986535315902158
3993793,16,0.8477224698610654
27793297,6,0.6942467801559014
16762879,12,0.23130157403333468
38620745,9,0.5917307618493645
2572564,16,0.6210791285078763
6792395,5,0.7431028210900293
9830176,7,0.25867275204426404
10741922,16,0.45874385862510814
36670664,10,0.42773748885436075
13760232,9,0.4656217386527337
39740155,9,0.504097018976606
13168943,5,0.5369982359374916
34071476,14,0.5372399242790016
19191043,15,0.3479775533760415
30987521,12,0.4665362408847926
38391649,16,0.20415183716376098
29595029,9,0.6857348055124143
2354696,12,0.48261762933021213
38941806,10,0.18892635391511214
39978085,8,0.6157149441126223
31985771,11,0.4881631795022075
7606582,3,0.6576349753771392
38755425,8,0.37620044822847953
38012915,1,0.7568437114428884
24032332,14,0.40690576407524637
4576622,2,0.5949914801047952
26616168,11,0.30377387563691827
15770537,3,0.4978819476686129
10428871,6,0.33669144390902617
12836517,11,0.3603149710536168
17603502,8,0.5018223473778638
13444053,15,0.258662902283422
8070065,13,0.17839038963786572
22254576,12,0.3918784728114191
18271959,15,0.4697781040946591
33770711,15,0.7059998586214589
5978426,0,0.35920918983868744
25766460,8,0.47865860587719605
27669376,8,0.22772630387065038
9953268,15,0.9653872455160215
26597886,10,0.6180528815330925
9162999,1,0.7588395468693492
12234211,15,0.5465702639906276
10763182,16,0.27111187308147217
32895858,3,0.38122186196269453
19743167,9,0.7771316492317851
1652304,1,0.45459591891018164
37311984,13,0.44924436739734724
37538737,12,0.3238245843145218
35248039,1,0.6962448511548519
28996477,13,0.8060994098551121
39508956,15,0.7564575705407202
19063238,9,0.5235268402123727
25422485,6,0.33322191485678493
14467043,3,0.4327403016227734
17691111,16,0.5281747787835406
35669642,10,0.23676434941348798
3444391,9,0.43361859907022343
32620907,15,0.25758554994780164
20865487,14,0.5595477933696659
22810373,8,0.3763462041479815
27063962,4,0.9999999999845847
8494988,6,0.3537561081402198
16684346,4,0.3405854357060848
34130806,6,0.532737240924929
36878195,5,0.7813873752936213
37473219,13,0.3914862837739778
20514513,3,0.46214054134145277
26170659,1,0.7776321738986162
29997576,11,0.5049800373904374
2278662,11,0.27475812401052424
10111428,0,0.9021043310963621
19475729,5,0.30176406814604956
38067726,4,0.9844138742811545
2169623,15,0.8817820973509478
34402349,8,0.8375007142300972
28955568,15,0.8792326895476593
30637946,3,0.8068664859830236
38543952,4,0.5913078219754927
19122118,3,0.24045577620499423
10918944,8,0.7221405372116753
20435604,14,0.45858919679067367
36200516,15,0.24742877060965265
35516376,9,0.30569714100201456
13343384,7,0.38099268751544113
17930878,8,0.48620617836392516
14945019,9,0.23261909912805614
35871996,16,0.5101509661672259
28108851,1,0.3838014255171298
27857475,4,0.6654601260438199
155029,12,0.41658538884620505
10212929,16,0.17183829175870086
1309355,13,0.6085734251025992
4413595,4,0.23458925182137244
37320035,2,0.6010250285999476
13575703,0,0.8837566209324108
25799693,9,0.25892481613487767
39238942,12,0.5009488357070525
12326370,1,0.5727732643140961
26064684,9,0.6103243835677584
6296831,15,0.4777247538081907
19019506,14,0.4383826401964752
38171222,10,0.5521034277988933
19554819,1,0.41329723850794325
37202501,4,0.3170407202197862
28309248,15,0.19604278586475002
31716122,6,0.42580868184359627
32948606,13,0.29302587594968255
39668988,12,0.5914055840089347
21917652,10,0.6834845237309176
21537191,0,0.37154765110134774
14101633,15,0.7426303384952845
8964005,8,0.28650676468905223
23044171,3,0.314914684741261
30547820,1,0.47062962603922237
38085468,11,0.7814887405259678
19622656,15,0.511031505638204
12715198,15,0.39851048294729324
29623171,13,0.9374438039769095
14666138,3,0.413770839916813
11937746,0,0.3104744927157057
8445822,15,0.5591290587233646
35216025,16,0.307367281668296
25044388,6,0.38755397542730874
19683145,7,0.37799746857698796
29564737,1,0.573452356224491
39231900,6,0.3140854651055986
19438383,15,0.6721642288463472
11974531,9,0.6533663341014662
31642416,6,0.7203030406266296
9018308,9,0.33949857195424604
25537619,3,0.3939492030902209
32425030,3,0.3725943220550738
24357517,3,0.205763375668444
28507958,6,0.41810053368989375
7396073,9,0.4284021629882959
40050761,9,0.312600195641611
6778840,6,0.5222930460559926
20274536,15,0.18540420116154743
1727429,0,0.5177093513574214
29244352,14,0.6452674444149712
33615414,15,0.2950270970802542
4350016,12,0.1826154654727863
36011271,8,0.27533282730620323
38174824,0,0.453449056626614
33261743,16,0.47860610899584255
23707409,9,0.49762584820051575
39882822,3,0.42363224165273317
26779387,15,0.8952229244652685
34948918,1,0.729665733523633
39103546,0,0.7418375381249097
20155965,9,0.49713676882919594
34500132,8,0.43124323818046684
32422778,3,0.7987391754577463
26299889,6,0.36572781976323887
18312106,0,0.47789406236040083
25756915,7,0.9999999999938253
10952507,0,0.2997933941001337
36594100,3,0.419528821867835
23316425,0,0.5427527172243681
22217875,12,0.8304371489897281
39020746,8,0.49601651439076394
10175519,12,0.4835994414474718
15606138,15,0.6855059615997924
36985344,15,0.25074019649540397
37648930,1,0.7690656671703837
16686387,6,0.23864599296024486
7643579,16,0.7556245472876459
31750599,7,0.4045845899736776
7139764,6,0.5967671512908536
31133278,14,0.5508215469882604
2512538,1,0.2683792596847655
8904083,7,0.5487489763217196
39171087,15,0.542855436367344
18097439,6,0.3489905529388891
26968854,16,0.3458723832733458
27999037,16,0.773257233194789
30853438,7,0.3939313228885919
731759,10,0.3579247739487307
39787204,14,0.5796738735703952
39660927,3,0.34563554290190174
31796460,15,0.3938853476328033
8700920,9,0.43146698251784343
21100117,8,0.5420614578945904
34971788,2,0.43374436321275944
32645291,15,0.45618093576664853
19211116,9,0.31082274080362343
29965211,11,0.7542212141439527
37210655,16,0.1702154386103973
30056331,15,0.8106430025115857
23434842,0,0.7734139722578881
23460997,0,0.3429455407845447
19114411,12,0.33876991159722514
30094091,9,0.47465546052842994
11975020,15,0.5791912803912853
31818448,14,0.748457086845011
32314215,13,0.6898501474393636
22148917,0,0.48787794132111
13336623,15,0.5593593858588208
19765469,9,0.45363064415020077
9563666,2,0.3898651490120073
16682672,5,0.6190782514152225
30298426,3,0.5167703652678636
33844987,6,0.2643205924386049
36808290,8,0.7084651306411099
26907349,12,0.25543589246781806
11224554,13,0.40661420299415557
32923169,9,0.5069053712418723
3804149,16,0.9387823436577208
1417665,6,0.5097613743533075
34946454,2,0.7831025065183556
34003592,0,0.3785182515697841
14892543,3,0.4815552103216927
13069634,0,0.4001297208000181
11617816,10,0.6115737898676655
28508699,15,0.3903200455577339
38432468,1,0.3994990851094238
36425389,0,0.2865759088056213
31548712,3,0.7747311408146713
8202417,6,0.7552472444754277
1052931,0,0.3336538469440818
27481427,8,0.572209627710082
36470440,5,0.9999999999914206
36247997,1,0.3641538464367823
11025197,12,0.44390779908107936
11329538,9,0.4639442156381366
6800861,9,0.2739984421375087
28518369,15,0.5486555291593193
14261053,13,0.25671889497467376
1630427,2,0.4987339915259153
37422665,1,0.735951101141009
34929761,2,0.5179127333373833
11856219,0,0.3406373613865349
23455734,15,0.5808725731672031
18794457,12,0.3849775420874345
24426200,5,0.5181258538788764
35080428,15,0.25358282663566994
6947065,0,0.5336290800918686
9963155,15,0.2350094626059291
33773661,16,0.3457279351740171
29708501,0,0.2464414385987152
14879960,3,0.47696818799122437
25349178,10,0.25327111569867117
3851224,6,0.43603512189635657
26579036,5,0.3461666179880037
5439407,9,0.4025194505367989
27714981,3,0.38918438049840814
32553545,6,0.38055687493766926
24040640,8,0.6022986327839008
33938488,15,0.7241692651680853
20581017,11,0.5091397289560997
30511600,2,0.39757987228216557
19080943,9,0.5219946457203063
21707337,10,0.5668774129865641
23079554,1,0.2930945646750104
39961362,8,0.4612097505193855
14538283,9,0.5681111988259867
29882722,8,0.6050558158588676
17069303,1,0.4449895383559328
34602356,4,0.5461009898599606
35495530,0,0.7107779063059353
15228500,8,0.4278479531020806
34841673,0,0.36893230515226566
35981489,9,0.38872832854777356
12224001,12,0.3284619485451075
27676954,10,0.3214043653116132
18066521,9,0.4052827305714002
24367790,15,0.25423612481338365
24659006,8,0.6400723919811444
1517259,0,0.35968422448605125
28364083,9,0.4311449225557574
8046064,15,0.4313031255969534
26819637,10,0.6006651107215586
14714528,8,0.3684773806396907
22310142,10,0.27284584551361085
14369313,2,0.2936369063114399
26601746,0,0.28282868252942023
38463570,4,0.7556820195028593
8968801,6,0.5955564888968541
11244514,14,0.5938524087037363
36469680,8,0.30298093764659445
32172957,3,0.3810091085149157
33849089,15,0.6285185752195159
37923506,1,0.5494673772167615
25373054,3,0.8288404160237377
2388423,8,0.4434481800973148
12836125,10,0.6298802748339206
36918588,3,0.6307432538238298
23535767,3,0.6942816445969521
2908895,2,0.48253897866161305
28764355,10,0.58577475754904
29821308,16,0.620548663075665
5215593,11,0.3590845005211931
15705491,10,0.8406809148251209
11450886,10,0.5232077733796592
27804729,4,0.4718295025673711
30293881,5,0.35970369738668767
16450683,7,0.19049821234526212
10540314,8,0.3636557414935951
7267977,7,0.3296604907406872
36807405,2,0.5716468159825404
39921273,2,0.4579612867363125
20249406,6,0.7037700010126982
4548082,7,0.30280190823158665
30603349,5,0.4739544422925794
26980743,12,0.46880081751566216
25950957,0,0.3985628762719341
29655219,10,0.8537694551955639
14970351,8,0.3678251001278419
3600948,12,0.2758122363872711
34951134,12,0.25713796995604765
34002426,9,0.5074718881051279
30706429,11,0.39934014148766295
25320518,14,0.6756846849354925
22920436,13,0.34813840731761675
33248866,15,0.9964150968801039
15450022,13,0.48232488705311755
32983622,8,0.6960403949692612
38937776,16,0.417385404458934
17832362,11,0.42351582392317855
30702519,0,0.5528750687657764
28976106,14,0.8499967245705936
32131927,15,0.2532342419468461
15299822,10,0.5077478239373108
33683188,1,0.592975645355997
33454712,9,0.5631742986460698
35992398,14,0.6322494075338033
26745617,12,0.22414319899026283
31888222,15,0.4366455279368506
39711473,11,0.5761048334450087
30533983,11,0.4247537008046501
13794971,14,0.2855473016746311
33080210,8,0.2984225090077509
29753876,2,0.2321841840379419
10112515,1,0.29553134829530503
39970288,15,0.3084304046651246
26937341,3,0.5038699018751085
32749399,8,0.2824962920673949
14363707,10,0.2658155470565968
37183549,9,0.5026006355868039
28943816,10,0.8026759248879209
38876805,6,0.4974324942948641
35342803,1,0.3058296558927221
39949041,1,0.5179624343693716
7086368,9,0.4494383792162101
2535037,3,0.6985188926408988
38894576,2,0.3031325220900323
3723337,3,0.48744515231569463
27113978,4,0.2782255375416005
38050849,9,0.5134692991406841
34643463,7,0.2568785443649094
22618262,4,0.5322580419821359
38542543,3,0.37548886910111834
30643137,9,0.5108548780863033
22799096,0,0.3728821351185349
31772663,8,0.3195228605696964
2914585,0,0.5214977484953315
28853558,0,0.34035596702332865
39901053,12,0.24979716668262117
29889146,7,0.773762915505145
26675498,15,0.4749368581398964
25917335,15,0.2585739865567334
31908982,14,0.8576028782655115
35999759,1,0.3627016543475132
7478366,7,0.29361779189258247
28612776,9,0.3136938855231063
25714549,4,0.45264573035638406
28988627,4,0.5846013596906506
35957073,9,0.3392405803463263
8254860,12,0.3881702570169185
32814816,15,0.5401452567636184
32751512,4,0.6790774402154798
31861196,3,0.7549582758397403
15892100,15,0.5351303110861251
38579049,12,0.4697463204949691
21105317,13,0.45715758285138
34619752,1,0.5747444088566782
33145856,15,0.5563483897600572
37528922,2,0.5813472910044544
34459465,0,0.482438674709382
14441080,3,0.5248921377601289
27270547,9,0.38155480328955127
29768601,0,0.2992830158324351
18674064,4,0.9999999999905695
30938780,0,0.30366369729327897
36987317,13,0.8015420943506381
28903915,3,0.34624397657390665
37901832,9,0.33444263934805324
37248298,6,0.5085399009414221
25311417,11,0.3234968872420858
6578258,9,0.5487341299384781
21211930,16,0.46325166217142555
15862761,1,0.895258914883591
27843255,9,0.5025725827546174
31284719,10,0.8122635886643732
27201219,0,0.24242197013503408
29438730,8,0.32541190599914477
29972894,4,0.3838306575813058
2376798,0,0.3925358393063732
26290994,9,0.3072319126022641
22753160,10,0.3019826025077147
37198517,1,0.5031500496956262
13658287,16,0.8431644589891752
37223638,9,0.5970134731281996
4340322,9,0.7113468916171682
30832798,8,0.3556330513869463
1735722,16,0.36910811432122
38131886,6,0.4401280165431822
33561376,11,0.687616532142182
1451349,12,0.6673860381122357
37946342,15,0.6359395005741179
28303711,9,0.41652744880807824
11079644,11,0.46604354739991277
30983447,12,0.6521435329160931
38032855,1,0.535952252711339
29480554,14,0.6344905078109045
24212952,2,0.40217999153124107
11300745,10,0.7338694206361034
37892301,11,0.24672097590327294
27914657,6,0.5069744314379708
31462265,9,0.4791597872318349
40089134,7,0.34699938273441644
36182906,8,0.3247585385361598
29295965,0,0.4307833577896706
33590571,11,0.6447275567084741
9907616,8,0.3824570700433697
21812515,6,0.3033028217670938
2136267,6,0.7078046198039476
21867523,9,0.4733738334217781
38535707,16,0.6629923679651035
32621960,3,0.4436602036592663
39839726,13,0.4522009142447618
34593929,7,0.33189463720455303
16527825,10,0.7783233753003794
37567837,9,0.6765991423155497
35164964,4,0.6895072674322554
9667253,13,0.3757485412524439
32790836,1,0.6115406272620367
19617108,16,0.33635423294748407
15932896,3,0.38227982835725516
20452742,7,0.27308098136198417
23030106,15,0.754599260090785
23450138,9,0.7753166434058487
19884746,1,0.3546672463196051
14890107,8,0.5165268112557992
11509892,1,0.4427898727313825
30713756,4,0.3746943785932134
4600325,2,0.4811304966787451
39902029,2,0.4917837952449136
33210037,4,0.49620577499311685
28656660,13,0.35186006425025973
19720249,15,0.48822529479743
21328509,15,0.28700094137393256
28205918,0,0.6876972196971671
29158336,16,0.39022593288438734
33509052,14,0.7029962616088075
5440346,12,0.39499184951772703
11237685,1,0.3639898086723153
6950486,11,0.6035971506315719
35586794,13,0.3656329912360328
23622645,5,0.564087737274491
31640127,7,0.41714051583573497
37195489,3,0.6388125356447493
5114313,7,0.5123732825068853
30554240,4,0.36921259993740646
22333034,8,0.46930958880225254
3559673,10,0.5869771424276792
37022881,15,0.4927686540993589
10355818,0,0.2824411161120459
33957110,13,0.7239122284686794
9829331,15,0.24374669841100136
27645079,2,0.22547349760056637
39773780,6,0.4120197609717096
26220621,4,0.529206302394044
30159449,9,0.5634978291350871
31773391,3,0.4175682212307517
38174211,15,0.7411161733087931
30193411,4,0.47405157368447215
20736754,15,0.35810447146935886
38379919,12,0.4417366121635019
39452842,16,0.4403420050731755
17465362,8,0.6079371636952078
31946018,8,0.26234409184654117
26022267,1,0.7191121599248015
30871674,1,0.48340781605599153
6438784,0,0.31890169844412924
23660092,13,0.39902214027532623
3966490,2,0.47345441033065117
27630265,13,0.47696584199106934
31095898,6,0.6732086459516256
33587761,5,0.47529428445199123
12889202,8,0.36279442633392306
25851183,15,0.3027770656846283
39199781,1,0.44915812589412785
18359660,16,0.7659113692432754
28009390,9,0.25787614009844134
33830662,16,0.24840732267248836
27739381,16,0.8397388152229976
26484286,9,0.7029706564574918
8707515,11,0.4804163771520754
39567577,13,0.46349510558887747
31763039,13,0.6989878591148527
29565887,10,0.6823108398457587
15683168,3,0.28317741398163604
17760556,10,0.309309922027746
17883424,8,0.5166653257115414
30596834,14,0.649505457390247
35466663,9,0.588699693554262
11324519,1,0.6505118346957774
33976147,4,0.49024890526725773
17436569,16,0.27877489920405946
16490263,10,0.5047551144284549
7868215,1,0.49996370393562384
31024826,10,0.4696989703412267
24947866,7,0.25721685358129315
23246013,5,0.2934099126106739
23111516,13,0.3424963768599377
5556282,2,0.23608683991039142
21760215,12,0.5935695780020942
12043021,6,0.3711765351057099
38119808,8,0.324123368918494
30596839,13,0.5547523972449837
39520186,3,0.4145242472163408
28007465,11,0.8739701355504867
19879612,3,0.30473536215099406
27644193,1,0.905309936354991
14672360,0,0.44364126919331404
29796541,6,0.34834786417588504
31274945,12,0.2750835957736317
14037975,12,0.23037091155498607
13276957,8,0.361515297372718
18074143,6,0.29274417544554304
10288488,0,0.7255207834466746
14295337,10,0.3776996289977403
29923855,0,0.2896854602197892
36633002,6,0.35110245719762007
32426250,10,0.3508116845315409
35482079,9,0.24573937381093772
37497933,9,0.38543195669706404
8869998,0,0.38532388468775397
24180879,15,0.7679692987592299
33541960,8,0.3546595635968155
39839832,9,0.5326259666770821
29326556,15,0.5155606159146271
24790548,1,0.5558555941593682
38918891,5,0.37737078807272717
14701532,3,0.47814793659555543
13501761,3,0.30844514934413464
34650573,0,0.3831668944819614
30697056,8,0.5136139109412174
1111356,0,0.3128371525001273
7366065,11,0.2284884760611588
17769009,13,0.6932133484007347
25860512,15,0.3240517886355645
23529172,15,0.6992325201478067
33944277,12,0.4829635798720496
26066112,16,0.7363542627954018
34184053,13,0.5067616521861436
13710991,14,0.49292720837702386
33681493,1,0.3547233290935843
36804197,2,0.5676643786335603
34161308,3,0.5921227840388025
38270861,14,0.6914271678686924
37522720,4,0.6515994165175585
4395499,0,0.43102811640041916
32734002,16,0.476220447961897
9750330,13,0.3729544519904997
8116969,9,0.578833534215936
36889821,2,0.6181452139677764
20659528,16,0.9040886075767242
38171687,16,0.36261203050820545
17050302,7,0.9462759309420296
28322842,1,0.6354358291131961
28885844,12,0.4131486280193614
18339745,8,0.506540750720344
39485731,3,0.26953093350113094
32282274,3,0.32508765742960555
33390792,9,0.37660452241473324
30532340,3,0.6302759200223698
38104637,0,0.42102811235014453
18627382,10,0.3859754234841085
6837368,8,0.5326388315973979
30687178,3,0.29402410307609295
23656777,3,0.3838129033909499
34012517,7,0.6918280219939381
34773960,3,0.31444815478831273
10921893,5,0.605419904778721
10469548,12,0.6193431477872972
24736867,13,0.37380274414267906
21534685,7,0.48154720511759863
11058199,1,0.5909990432883035
39277824,0,0.30123133592134166
11835833,1,0.7551135909695372
10645383,16,0.4780276087968384
24324030,7,0.591042443477605
28886508,3,0.27744413709644866
20271235,8,0.36464026143726075
27758933,3,0.7632951241880676
13667626,13,0.3437214555265501
7074984,3,0.5984389424886192
33701450,9,0.3549417602211318
11032799,13,0.3947925014098635
35867158,6,0.5669541707430298
32208301,3,0.2469520994952093
31445124,15,0.4119342893894695
7180914,0,0.6060533357683342
21863227,1,0.3110818748852166
15789611,9,0.6373107729876084
12753312,8,0.38853088365814636
22508606,16,0.3659985655504777
36258797,8,0.5745724837785842
11312197,5,0.7291555511228707
33088963,13,0.4324391672718771
29941321,7,0.6832408276401488
23662257,13,0.22266037317349044
7982441,1,0.6369617888498157
12145056,14,0.4069192792155852
8384052,12,0.6067369659729911
12360732,13,0.2635586595761199
28324372,15,0.2438295069356065
14857719,7,0.6356937881489433
17821079,15,0.681121157065183
19766757,5,0.7934682813714266
1281184,9,0.3415497966462761
31304131,14,0.5821448907272475
12138240,11,0.24297655895373732
31849152,6,0.5919137960159099
33856391,11,0.28220564112184965
37101553,5,0.2984786389017664
31406830,12,0.46356414037976057
5738901,15,0.8618648516537406
7770922,6,0.38374978016562555
10767809,9,0.48463281315937434
30960819,7,0.617083143079378
38840305,16,0.25252058557054935
39132847,9,0.6373885711873996
3381036,16,0.3196759111070421
7591715,12,0.2723872918833413
32548563,6,0.6528101575228136
27247931,12,0.3051972084230816
24026256,8,0.40817351222578985
38888609,1,0.2899627459144771
35710060,4,0.3150345843348926
38468764,0,0.5073848151933473
27078899,2,0.9292697199754829
20249374,9,0.28069510475995346
21719063,4,0.3948425036456549
25876758,6,0.3852180582991229
38119861,16,0.37326170561808575
27573993,3,0.47730502729503355
13139517,10,0.4223087548131373
35768327,6,0.4221656738378306
20130926,2,0.6141835107995164
17073669,9,0.6939439057015582
23249269,16,0.5004073391113192
1095768,0,0.5605643658507028
18116383,6,0.7184565682625268
31015333,7,0.7920863453257853
36635983,4,0.34842630745684333
16637765,1,0.43091298510814224
30156218,8,0.3915761111150197
39722984,0,0.3638710862904679
21664915,8,0.32226015694329785
32561651,3,0.5415091265930543
15473012,2,0.43005438766666193
24043069,12,0.33571628748264754
12148690,3,0.4788757551136783
38401814,10,0.7441325046221514
10142066,3,0.39626530452695685
19413994,15,0.6531165221893196
20712520,16,0.5872017184139477
559662,15,0.3569582251560088
36661087,3,0.4543901548986812
19823824,4,0.6661957840899555
37487406,15,0.910610110461194
38231035,6,0.5694482233346776
21058463,15,0.43989550885338624
15104090,8,0.19834462337844386
30844594,7,0.3600664570771544
39108621,15,0.2977569729873693
23855165,15,0.48941757064503155
5559284,8,0.3576801777833359
25956453,8,0.3306793886237057
33827788,9,0.7857766032707472
38624730,4,0.5059610052459637
3462951,8,0.311650051679743
21173503,3,0.2706035601627211
33106596,10,0.9095910559720989
17803254,6,0.5834483069692463
34932865,2,0.7811479601379311
36138201,16,0.2940153341897487
15484718,0,0.47763609919016226
26510038,15,0.3358274980684068
15131429,16,0.5720742918080295
25839628,12,0.2398776731876441
34730897,12,0.2809070417205083
8061867,9,0.5229536611667418
31314713,15,0.6049720087800793
13096955,15,0.3716950719609102
27073424,9,0.5110690234351417
37006534,15,0.8806159007231166
7010949,12,0.39693296334573286
12143634,10,0.41185873005427975
4199081,16,0.4638845244750108
19048082,8,0.33760475373821514
13443246,5,0.7455222629501864
9399635,3,0.21896301220932096
30061557,9,0.4407541519918362
38944265,3,0.4949511833241786
541115,2,0.2856011159558779
21675532,11,0.2903218629103683
3587613,2,0.9119091466287733
12461724,12,0.290976341897331
34834474,3,0.37781577594003934
15964119,8,0.4230823606686141
34779587,0,0.45724840635722186
19035075,12,0.332401103502842
36251452,5,0.4733262445009151
27927062,0,0.9324125045989551
33998726,1,0.4220131555284657
23919781,16,0.3615881035270892
13421326,9,0.39916807406676463
25938617,14,0.7003455182760481
38575392,11,0.5046172343871832
36237810,1,0.5136942725428235
4331006,15,0.27750790153923005
33844632,12,0.4191600683337704
16735786,15,0.282213801147929
27850744,13,0.39756408328289367
38914151,3,0.398958918381166
29482275,8,0.44122984771491086
13534461,3,0.4038410814204282
24427363,2,0.30932349963119254
33100702,5,0.9243054292507439
36153442,0,0.41517528600675724
1366047,16,0.4886230790223096
34755710,10,0.6832138032711772
26921044,6,0.48179372641401774
19060821,9,0.48953517017494597
35881948,16,0.6100520828584134
37272635,1,0.3112057898675322
34124457,9,0.3215171148474262
4140466,6,0.6485290749011167
24896138,1,0.6076149264950281
21969686,8,0.2819013106604598
29292636,3,0.5818296800553896
39830235,13,0.2768651118441004
22388281,2,0.4475036402215008
8071586,7,0.6603205974521157
31454087,4,0.24798497012276968
38859593,0,0.48224931858287123
16585847,6,0.3376384816680713
37479223,13,0.3999754090096231
27769202,0,0.7470786475803668
13676092,5,0.24581737419255564
37857697,13,0.2867431192192852
23212535,15,0.36157371864604937
34113521,13,0.31812908746874863
37405998,5,0.27182843279236935
15115443,8,0.5834316867656638
21518249,6,0.3834155718184469
32618985,0,0.32837706509142106
16972229,8,0.2909654068300381
25318791,13,0.6349072157523612
15871081,6,0.5046340196961177
27322121,14,0.942770064848217
16823964,5,0.7826089334711518
29051988,1,0.41875496912534305
14200512,10,0.6205409357457452
1395913,14,0.37634031952051444
13567507,6,0.6527922807675683
38032782,1,0.4488821371824634
37669905,9,0.48122299202667845
24771384,5,0.41130958791021327
15294863,16,0.4581349642548803
29767898,16,0.4159417155527842
6005243,9,0.36896266372211634
23457844,6,0.23730812562630643
15651527,13,0.5710645294204899
19452797,10,0.4587629305234968
38440799,3,0.6939700548982758
18110475,16,0.48389868817913084
4004979,6,0.6925178861133195
32188922,15,0.659970098987502
39560902,9,0.5645947504904604
28806369,13,0.32021808521754525
10462927,9,0.3408738904946219
26440761,12,0.8040045608476131
22439542,16,0.4795383829685721
5027148,2,0.35534032755427003
24589669,10,0.44740699491675423
21298833,1,0.23515759576528125
29837722,9,0.6783644211662766
33311403,2,0.3605664054105787
16497547,8,0.3030702196414531
36518968,1,0.5351216687966468
21341325,16,0.37235128381102905
19437415,9,0.4810600168405361
35398270,5,0.5918573873753367
16006687,16,0.5216381873580633
21640794,1,0.38163658796438
30527083,3,0.3089496460026019
33516530,15,0.3841390108496367
33611983,11,0.45185198937959964
34226122,12,0.3205950181216334
16485200,5,0.4489933548377405
2267568,6,0.6687474367537896
20440581,10,0.34421090678591176
33306001,3,0.6707787357970227
34469635,15,0.4330921173171001
24608774,16,0.9805777871122444
20534849,12,0.6531723636984486
3275252,6,0.46904315772371447
22069625,0,0.3527115981215448
22218601,9,0.22024473250277224
32226581,15,0.3422797497725959
25667259,6,0.43563432422570064
25818143,8,0.45922824903941883
33013611,16,0.46224866903124245
33020945,9,0.4143918975620338
2935616,5,0.42788938359461287
11926572,6,0.6233920644214692
874245,0,0.3212213634780784
19574674,5,0.3556259869047358
35125228,12,0.2433278735661641
24066589,5,0.4775172088115376
30664640,14,0.6981015438121698
17646853,13,0.46072468244559656
17763079,9,0.5481986151999204
30188158,8,0.2900269518894513
36844576,15,0.4563965642073397
20832740,1,0.6366668002302551
29761266,5,0.5832021213989691
9751080,0,0.6827657119246936
17588233,10,0.3409993671646889
24724098,16,0.7808085891967642
34156881,3,0.4000997563437783
21115556,0,0.2572036033250696
38726411,15,0.3413800184991077
24702069,14,0.5639115476434444
39457645,6,0.22241683740556975
31019092,0,0.3380641048432946
14888340,0,0.22593776182652334
31261853,2,0.3225611237479761
33281487,0,0.43981261395123195
28620848,3,0.9082315943202826
33901474,7,0.5970500377338498
13051544,7,0.4147465553784034
26195453,5,0.3311802755497959
24437165,0,0.73516331816619
38316020,0,0.657373771847428
18577325,15,0.3197523872058824
38751024,12,0.1808075891658796
24831330,9,0.8456376496278643
35951487,13,0.44757333259602666
15106946,15,0.2929389437000779
34711205,15,0.39923467622990894
28923231,9,0.43782151555933063
1472279,12,0.4027742623833534
15046962,9,0.2114627075901215
33125822,14,0.5350771949299378
33756549,3,0.8459572817189263
22584261,3,0.5101961705725874
32402747,16,0.77288001552112
32773052,9,0.35597915412475345
6582404,12,0.546212544178793
10063091,16,0.6789802473137879
30817721,3,0.5655596579043799
1093805,16,0.6870902533046618
14637691,0,0.584416647054692
34481055,3,0.73712312574312
30684836,1,0.42986515831432975
28373299,15,0.18458794220068014
7776371,0,0.4460701008847551
20340613,15,0.3839696683425286
29615758,9,0.3355065442235647
21038905,16,0.5458706860366881
24847747,12,0.5469936691898668
25669803,15,0.6191448769088468
38640742,1,0.27678722654285837
39090359,13,0.4960839606500097
17778612,15,0.659365298574675
26282882,0,0.36523383798076037
25120883,1,0.3307085302683996
38345127,14,0.5943767745212761
24082711,6,0.3404751953957363
4502314,15,0.47082154855886443
2742085,10,0.34621528318217604
18818608,3,0.570137687165114
26263323,7,0.6070740629227953
10180781,15,0.40080580177154296
19520469,8,0.24112278157205272
28611207,3,0.5249843164117816
31942960,13,0.2773405519580219
32147668,11,0.4448511341986544
6485059,12,0.8689128787519664
39985300,15,0.41842926535448516
36589702,4,0.45571729932850163
11636362,0,0.2910371160688886
23903094,8,0.5652426847070223
22624255,6,0.4648868154825585
30446197,3,0.45192109624222104
32805594,8,0.4436855692697102
14724624,6,0.34827843075609705
7974959,15,0.5362420545348889
33702527,11,0.504740130778767
37347296,1,0.3920222229789715
39531007,13,0.27530645626241007
18387120,1,0.24245342311979595
25072334,15,0.3379147268197957
35354676,4,0.7901371772295563
19847786,0,0.37997155825088885
28485009,12,0.5101152939246852
35469546,0,0.5847767606057672
25824804,15,0.35121474517909157
31827468,9,0.2833451363332146
28429760,15,0.3452066680804277
9352259,1,0.5528390733370624
20264414,15,0.3301598452659142
15424126,9,0.2145782103032199
35760133,9,0.5123102406555715
19865258,10,0.7093549344011097
33984151,10,0.23408712325628578
12960019,15,0.7949324435343731
18302818,7,0.35677315864042886
16745387,0,0.24097128228438403
35366900,10,0.6089933185332074
1463306,9,0.81841698883572
26193386,5,0.9171758601714014
38878543,1,0.38054621999893584
685869,0,0.7079235068629264
31545946,3,0.5486774700119258
20970732,1,0.7088014070377813
30721550,3,0.77640568363625
20231291,5,0.2874348776346611
28522203,15,0.3876976922164862
15774979,9,0.32439135599172736
38339417,16,0.6960398580977043
6964489,5,0.47249933634127733
10295717,7,0.5180947113221442
37435255,13,0.478504043693195
38139847,3,0.2778910663558625
30362475,10,0.36854450255748766
37785131,15,0.2440330770944806
38550263,12,0.7369079255063026
12684001,1,0.3543330837285563
38799430,5,0.41391401562636515
31596582,11,0.4992368610320045
34528138,5,0.6168163703028623
30167692,0,0.5575705695101937
22571853,0,0.5793506473833797
1173184,12,0.44133431216844426
30180046,3,0.5237916893104025
16425660,6,0.35671177468052545
37501808,15,0.5071804111300132
30750843,6,0.39928422064537955
1236104,1,0.5374774766563428
38339815,2,0.519299994142125
24757923,11,0.3223761146834008
34542000,9,0.5552199282506415
30191428,8,0.3680803198709047
11185873,8,0.5863152664112218
33524742,15,0.21170008893461129
39356509,15,0.32421388294872905
39515096,1,0.30079224359693446
25740839,16,0.6016511566978768
22676319,8,0.4614191705426747
39916811,12,0.3564214347171442
7648607,11,0.30543004257615186
39436329,1,0.37571236264539526
39243905,10,0.38062279676868604
35258712,5,0.6702826357592391
37754398,11,0.47521705923443136
18327790,2,0.4155905898052156
31923896,15,0.554041937287863
15298830,0,0.2210666752628641
31165900,1,0.4650654496570872
8688050,0,0.2865191882143604
11629734,9,0.4647056870212111
18438162,9,0.6593083986166646
33323553,13,0.36125428325179715
30029316,8,0.44055285947440903
27651862,11,0.660043537501669
17279103,2,0.45545162620691043
38015537,1,0.5030809228397028
37605612,0,0.3847563220259905
13302403,15,0.757570356416383
3919382,8,0.582803790379249
11622652,4,0.5198979463294372
24216860,8,0.37297665781797357
20015213,9,0.3315721412221836
37277950,16,0.454092163382455
33398908,0,0.7658893805060746
39004837,11,0.29733348751215766
26995700,14,0.4933782948106067
35722753,3,0.6226888146358607
17892451,15,0.46831540861940524
6246061,15,0.3739593772074471
37174167,0,0.3150951788860155
21202093,16,0.4176431325365262
21032981,10,0.5123412295365724
28088323,11,0.40998409954886483
23091283,9,0.3990526120014994
20550351,3,0.33247508576554674
35165398,1,0.46759629732605595
12517997,6,0.26027506570190456
39259046,2,0.9026719947132107
36553386,5,0.5934960327371648
37167968,13,0.35348816518243303
29630026,9,0.25473258713029434
1719279,12,0.44777863984499533
10941824,12,0.43377519344891047
20524888,14,0.48181999201358044
22445416,5,0.6703892733845334
9220883,6,0.4555721211174688
13202507,10,0.5612200223314865
16529038,14,0.784014827657589
10919379,9,0.25821256192603975
17923161,1,0.30745203106875085
15561173,0,0.36647143088875966
11898451,0,0.4171733782607718
20384743,12,0.32001299534481414
34855391,0,0.4041735150069688
35422578,13,0.7613314592022499
26077541,2,0.5900666425464128
8254309,10,0.8360847712001909
36091007,0,0.5088744283474688
32285927,16,0.2683486329570572
39061928,0,0.8315074132857606
5502014,3,0.38936489494132603
32546776,9,0.589019793549641
853184,2,0.6293011009348858
11034539,0,0.666286843020473
20152888,15,0.963216828806097
22534101,3,0.4006493952769062
38687974,6,0.6969711961531737
27525444,12,0.3698733774578465
15722158,3,0.5213427255274685
5264829,1,0.6765018512242983
38447104,3,0.3866342829274877
24018577,16,0.6424234933560636
32783530,14,0.4010999382198619
23579989,3,0.5323626756075661
3083784,6,0.38836135958187107
15603240,11,0.30790986900224643
38262178,5,0.6429861069783263
27571884,9,0.536526717722716
31753850,6,0.44718007181159364
32951123,5,0.6304224108869246
37081116,0,0.4459085549605133
10320194,1,0.4536743599124709
11488122,10,0.3799993185678116
6960470,1,0.4798701509673776
37225243,6,0.4989404838754511
772518,16,0.48143185730774346
14097061,0,0.48556976567444005
4526498,12,0.30408928010809105
26160792,16,0.3177458607011046
4704913,3,0.4148761719898027
33990345,16,0.2389591775900875
28663508,5,0.946484686878096
27960507,15,0.5844878303243797
31879459,8,0.39937529127863475
30281274,11,0.3955036299285479
14671345,13,0.8838060764994354
17369534,13,0.502608347363311
29056976,12,0.8350042057357664
12019618,9,0.4845634996596635
19845691,9,0.3587816357932521
6151400,11,0.7885809904399363
38258343,5,0.34648962044329246
8757019,7,0.3093906889785599
24479281,3,0.6269269753070397
38435289,5,0.43798749560798894
22257665,0,0.35953748972724875
36411331,1,0.4711554548588277
31590858,3,0.29951643166206204
5178535,1,0.9305539833810499
20810630,7,0.3092961198305384
8808597,5,0.8639851370894873
18111488,9,0.6151135276089229
4377038,12,0.6412215735812212
26685007,8,0.3749420074290022
17884411,16,0.817037238545097
18781344,9,0.5719513360092131
26289759,1,0.5585990607844136
25881271,5,0.5401031489351058
8177261,1,0.41900847553899034
32936129,10,0.5827304174644109
22119586,15,0.2153544938390215
10461531,15,0.6875658718067607
36253931,8,0.3916912829089188
37652976,8,0.2974382992117383
12829125,0,0.22516894089573317
32215165,11,0.38771965394559077
37751173,0,0.2959463146596693
6349833,9,0.6927854519559382
31128435,0,0.4998951353704331
36668447,9,0.4168436586076857
32118749,4,0.39892960545956735
28686453,12,0.6625344002554961
24976474,8,0.3299599505524623
8620521,5,0.6241402898537347
27692883,5,0.4793528138894814
38523546,12,0.30229650892190263
28667126,9,0.8905223231454235
26710946,8,0.3234097639570817
6473753,8,0.3167668658483273
7141665,10,0.5413572502372888
36982015,13,0.3799217904155521
16371626,5,0.44991184190653266
28771174,6,0.49310291588514704
22034878,15,0.4764571529470472
13039060,3,0.6175302022583316
24127601,12,0.34321914595972275
31635828,3,0.24060218880719111
31601713,16,0.5682522974144605
25246842,13,0.4663991048567201
30698466,16,0.25311591768170316
33814607,16,0.5664661176708455
30845469,0,0.3118313314425084
28568939,8,0.38066395730667246
28583565,12,0.37106645522406473
29381375,0,0.45809840777197225
10559465,15,0.7698604175105858
19556809,8,0.45264645272209236
27308698,7,0.3892940334796002
36803774,12,0.4294550501855043
34689540,15,0.9999999999916065
37918586,4,0.7246596287668987
18050933,5,0.40839870167324616
4809825,11,0.5231457754705627
28808626,3,0.38804281555219045
35868089,8,0.3938209970519369
8352736,3,0.42773103364782106
33539955,15,0.46619936375168913
37336899,10,0.5524744443473756
15636527,2,0.39171970278866625
31939503,1,0.27300079311428405
9938130,14,0.4440034416706383
7955602,14,0.6944776783424268
25799297,15,0.5610955590633997
15482097,0,0.34474856465287046
16694671,14,0.4048818766797584
4800419,15,0.6896919167004548
13119791,13,0.35916223030105826
33009893,1,0.47333441079769567
23053365,5,0.23842475289693157
25593325,3,0.4706584414260926
39147407,2,0.6261826693872568
20450313,11,0.4530099199933183
29500012,7,0.36032115693198247
19347009,0,0.4653584441212227
5128741,1,0.3945330422844389
7100514,6,0.546827812741123
22359595,7,0.20030759588472746
17820699,5,0.3415846578535367
32339872,16,0.484397559774646
24524740,16,0.780333591006417
9134491,12,0.33345383016668156
14926601,9,0.322002723580696
34902352,1,0.45434004233902336
34010106,8,0.6443991604853829
3145897,9,0.46757926633070895
6763636,0,0.3611451315194556
16748891,3,0.34453803546598644
38976089,6,0.6972622459399731
26084620,10,0.36422094724996323
25147934,3,0.5457468831226308
21274619,10,0.6723162187025344
9272257,12,0.4693748072835973
26146837,12,0.4895724084793337
37017786,3,0.5468014801563934
21714335,12,0.33523070218028767
7430108,12,0.40516048186676273
39428481,6,0.23999543990093064
1508906,0,0.6082337664084214
28311203,0,0.4435508905578466
9416934,5,0.5585437451088459
37863410,4,0.35981769461597624
6082501,6,0.24051959538036938
34335989,4,0.28988541476708424
4699605,12,0.5972147800717985
36023996,13,0.7341891037971937
6924706,11,0.5233637456099564
28293270,1,0.6109213361701588
30197052,13,0.41789486245886026
9162453,9,0.5838052269984894
15153876,8,0.357650666073803
35352390,14,0.5460769778034081
14836425,13,0.5285020703815209
2154095,12,0.2632833053674539
38556217,2,0.5487897261196495
37272552,6,0.40699329260191985
20642504,0,0.3782840515439551
21104176,12,0.46880931567247813
37166188,7,0.30421593301600985
25085870,3,0.36549675613919375
26290620,2,0.21157095829968645
11714768,13,0.806480462198254
16832266,3,0.40742163649345864
10851246,13,0.3058810862335095
39243929,0,0.3211318670442434
37452166,8,0.4916611002406274
18806424,9,0.5486204928302261
16871130,13,0.25361347335957946
790898,3,0.43318811911699967
36128685,6,0.6409290321660562
34420864,4,0.514411876728431
37894912,8,0.22611577508096584
25150107,9,0.7927374375494114
12556977,12,0.3385796024994955
29473306,8,0.23897257251180506
2349302,11,0.6752804301869045
22497852,16,0.6437748955995577
34599421,9,0.40905001731669305
20346314,14,0.7018531833911055
10005343,3,0.3518998679456108
35042587,6,0.564917540692243
20877106,11,0.6292471319148687
6399975,15,0.3204753807203822
28623521,16,0.4467568128636016
6282053,12,0.5100556688027743
9300491,8,0.28957252431828734
2020228,1,0.5275704818918411
32215992,0,0.3253849566984058
10982505,0,0.4073602768733355
31326420,6,0.9311588360090224
34673447,8,0.5012926393770457
38136016,9,0.8527267361916738
5154443,0,0.2781735236307109
7772373,0,0.4227256296831269
22587851,8,0.7091530386414927
27804239,8,0.5685480173941045
39929777,8,0.4492948641396634
33375581,9,0.6329800662696359
1494696,15,0.3005604892174945
14182780,16,0.268180075235667
15193506,16,0.26742755038412214
17644730,15,0.8979353397060945
36589367,7,0.27403613098160345
36878064,8,0.3539658020318464
39715183,5,0.536232510116087
13376135,3,0.6699128041058253
19655086,11,0.35024124931678463
39579355,0,0.23993436068698903
13851410,14,0.8082127540523052
34570067,8,0.3328416747368447
12827349,15,0.2774105735498305
3142883,2,0.5591135573492791
38551278,3,0.46794270051187864
26241360,5,0.7889077860000658
34011006,10,0.5995462161894262
35496542,11,0.36931685073216475
31018413,9,0.9891448278215484
36635495,16,0.31199357681519163
16760517,11,0.46838342973054264
16994547,2,0.7383094500573484
18766960,9,0.3127853966718089
34303963,12,0.29352844123504324
25332777,2,0.8240576945314944
21487916,14,0.7575029831968477
17052480,11,0.5886456687510406
30416811,8,0.2678005902455397
38866162,10,0.523991993658721
24610802,8,0.32283160021717694
37362971,7,0.5133850206775976
7186928,8,0.5043450372267793
35419236,10,0.46765498201882855
23797691,3,0.5773540168716337
26989078,11,0.31471890846343187
9486871,3,0.3324068109847855
37925504,12,0.40815338842769183
24830804,15,0.7775059034322568
2046802,3,0.5777933074311832
25442171,4,0.3262534881399001
2173425,0,0.3377946802588176
20047851,15,0.7448864798364414
29641869,6,0.29493155344658023
32820673,0,0.5789373757524043
16222178,5,0.23318838610823614
35887564,4,0.6311716315119813
24191668,1,0.47136542396727305
8525447,9,0.9411791183779836
24282416,9,0.5386696420490972
16803951,9,0.528989659188457
34349222,12,0.46345187496444357
28367810,16,0.2602400552790083
26935287,0,0.7376861634967067
5808819,12,0.19509318652114835
1829810,8,0.37110155779980075
32017943,7,0.4178940430282095
22363061,5,0.4700961339092348
30359801,12,0.29732600204456267
39835536,15,0.3764984763524174
28741563,1,0.7951720963071179
38182463,0,0.32863830204374
36986350,0,0.8028314291059497
28091984,5,0.33680492838000303
3612785,0,0.3631498572309863
40031004,13,0.3583715027989725
29919757,8,0.5773270807513778
1994488,8,0.4485686068658147
28116945,8,0.33704528525728233
17376085,10,0.8602714561865291
38363994,13,0.4721311022729293
29671395,13,0.4254472138211548
17845350,5,0.4885342069838188
32887408,9,0.40034835061080243
13926647,13,0.23372631281549244
36755891,12,0.6553733960642143
24537896,15,0.467570406431024
32428120,2,0.5583340316380785
21390612,9,0.5982609382706869
31492602,9,0.47786059232968003
35517196,6,0.4323695214982816
12110245,10,0.40624198600572053
21140853,14,0.45770129487791134
7217617,2,0.7993661947508937
33682692,13,0.6437509678443736
36321157,5,0.38129578785173984
29355120,0,0.3197462354126564
11027865,12,0.5292422732196758
37214297,15,0.4648440056469015
35251210,6,0.6631733187249479
8974457,2,0.7575579446533507
4220441,10,0.5078905571002883
35632009,6,0.3805518811217904
31633738,15,0.6436908569360502
27203090,8,0.3011493222890809
36712706,10,0.9226876532805933
39317373,4,0.5527316796550944
19303835,8,0.5115678501908381
20293369,6,0.3919468727735022
39305135,2,0.4902187432256245
25529070,8,0.3542966205976904
29592679,9,0.5005098030485158
18663772,6,0.6163149626809007
39494787,8,0.5873752707224024
18666920,8,0.23641955713066073
22668465,10,0.2661199922253775
38594515,4,0.3921209503445844
21411099,16,0.5196713345383069
6189047,10,0.25324796809018923
23117570,10,0.8998859606401083
33794873,3,0.4323417712818413
18939133,6,0.7955806726370881
9630494,3,0.7943618133333823
33488351,3,0.4325770213615427
2568018,0,0.29198332762188633
22361802,8,0.43799428422911
11388180,16,0.4366375135365598
33466635,8,0.8562081221407544
35679173,9,0.19683437540720627
36901124,0,0.22587070738181628
36808628,12,0.35466628463942124
28012791,0,0.5920817742182298
10547343,3,0.599272868927041
33176297,3,0.340369744693368
33218010,14,0.28406921697732307
23206528,9,0.42618017836698935
32320254,0,0.47524412673708366
10472620,0,0.38279530376117704
33295581,4,0.3806483392509704
16193578,15,0.7251992726096639
37206097,15,0.5780399867861643
36090648,3,0.5934227457544337
36100593,10,0.38313411886174153
32939731,9,0.6223819539645857
33120475,9,0.3000002587475673
37570762,1,0.573737562578632
1915643,3,0.7833228701446855
31053602,6,0.32582753164845446
39196603,15,0.3507293364221258
34602461,15,0.46729059592677763
20629012,2,0.4727550809779054
19675760,16,0.8274569930078515
32596094,11,0.30789318350300643
2362541,12,0.5716856501237606
870520,16,0.7127864604207929
39741509,15,0.5504642602456746
26801490,10,0.4059720426927161
29017416,8,0.2620931315904782
777778,2,0.29413115932938566
30790518,15,0.3985914560389333
8533885,7,0.2991837255233771
37192297,16,0.45312049514475794
7752814,12,0.7012999097733184
16254513,10,0.46036575208951963
30692750,0,0.5014813915570974
36063800,9,0.366753769346216
5958929,15,0.9840119091881904
12644902,0,0.4707630784952681
33906183,9,0.4062315665320593
13176533,10,0.9401963830029406
26145724,0,0.4964265542974872
23426759,12,0.8224939444278109
34777259,15,0.6954436453760446
28191934,14,0.340323275432377
37850357,9,0.3474591818193959
13371444,8,0.6655251166931929
14716981,5,0.682331627633223
37353951,8,0.4560925020744759
27103849,7,0.6316838487770887
24432831,12,0.567576922651904
34646262,5,0.40716611807940145
19446183,5,0.905654795943989
19627867,3,0.6215300158015353
23818041,16,0.47050178082858213
31093459,16,0.3906053533440475
35826487,13,0.4655124197722406
9856435,3,0.6443449222140105
17976695,3,0.5175791554405641
24315016,8,0.4668603898309126
26764634,2,0.28469632554377383
37443386,9,0.256672382644156
15078246,10,0.40503045778390573
39459947,6,0.9746778304629435
16922293,1,0.7217482649626338
23666661,8,0.2933364460600884
6809067,3,0.47740433756652234
37017773,16,0.42884589452767324
33891918,0,0.6555491081932603
4479463,13,0.36646216707442053
33803806,7,0.33540944936317685
14864895,5,0.37528798865868923
13570344,8,0.32307502179816777
25411052,9,0.5580498078540252
10669897,12,0.49538792561635486
31048613,1,0.5209845277575316
16313224,0,0.27908815078975086
30477150,1,0.35101306632387935
6109890,11,0.5402803325599879
23173340,16,0.42080593770724734
11745614,12,0.5245079608280356
33897848,13,0.457563809950488
32158760,0,0.49792059261770316
9648896,0,0.43551497629976904
19731665,1,0.6848017272675458
36796887,13,0.4539691442241076
8126139,6,0.38231607127883394
38285195,9,0.7073293574605307
26336108,5,0.3516065496755233
35893997,14,0.7992098024979288
6222528,3,0.3018264648088626
24748781,2,0.619847504127429
7569050,13,0.28905679410800156
17959955,4,0.369391011844202
19073579,0,0.4058432929235097
39135208,8,0.4064151244355211
36114063,8,0.6220754986731457
18570492,8,0.390068766532957
24041935,8,0.28378010591989583
12770302,11,0.4375888891950273
30011715,15,0.19979547828715755
39233057,0,0.3235605478509916
15372949,12,0.45223457643714354
39925157,6,0.3219153142918453
33024954,0,0.5088860684793506
21208376,16,0.39657484064690857
30998547,0,0.39478601645883704
10364201,10,0.2584489236776922
18369726,8,0.6875778942635433
23416024,12,0.4392115931195806
10265115,6,0.5157144078318203
6832332,9,0.6407050021415371
34955200,16,0.6756981614683394
19188981,16,0.30746500344906336
25473948,15,0.30243635660180745
20904326,1,0.6143056359302441
30413207,15,0.24646979379749615
20602696,4,0.31883154572067746
23388509,9,0.45330045656627993
26935793,1,0.5168101294649535
4135836,0,0.38574430893448947
4009251,16,0.7575954224286515
31032890,14,0.33611977071046184
25716316,1,0.8375067042998039
24350779,16,0.9219327230139931
17323824,12,0.22951920757953448
39187738,3,0.8287307438576946
21205472,13,0.6724318956909374
20620643,8,0.5845356986324396
38845176,8,0.25855952642017044
29066550,3,0.546645590594866
35951786,4,0.6635531968316996
37155266,8,0.5395483403659634
10404792,14,0.7039919309955508
23397460,12,0.2976989980840787
36827888,9,0.36934731204613747
18661464,8,0.47547423772565345
28572289,10,0.48693659818733226
23827025,0,0.5016732441078716
4427623,0,0.8489008315838509
24965534,9,0.4404201526041687
33027713,13,0.6670372697867377
30188285,12,0.30611707300190005
7664803,1,0.42509357615685167
38341180,16,0.237116286199665
18062443,3,0.568514119225511
9531028,15,0.9481059661480511
8262072,3,0.6266131689955334
6394170,8,0.48745787472279933
12448583,9,0.2725430798612866
11280287,15,0.4639834753648918
18245718,16,0.8230904486687363
9510183,8,0.49510358998235304
34129354,12,0.4976865089154565
28943107,6,0.47527949354787036
4650639,16,0.30828463128620187
35389050,0,0.3703942091607147
30882145,1,0.4151071078175272
37131820,11,0.6727243910732311
36924820,16,0.7169947357151125
22927198,0,0.18830294866285838
11632388,9,0.29144833397330816
38592999,2,0.8971729447784614
30769856,1,0.2859878220626818
11527793,16,0.37883985061912423
36719891,13,0.3255189129487265
29748045,9,0.33157068910309273
27791307,14,0.7379258010818215
30617933,1,0.6062469179009414
21737487,0,0.2940231073893137
21252948,9,0.4842525784666399
13570644,7,0.25525318571618344
14495868,3,0.3080671610094701
23457493,12,0.49556100114881463
19577973,0,0.3070463277362549
5724701,6,0.4235290775126432
34968412,10,0.557453462323355
39047630,3,0.6251876143974272
28515570,8,0.3266456536020607
39667089,5,0.49779218800692704
28059562,15,0.3914781756829511
33971484,16,0.49784188380793737
6043463,16,0.9015191350415978
36075147,9,0.2816934429616519
27846942,13,0.25174093913528817
29737715,9,0.3042784522892747
9526203,3,0.33097554486344605
14928820,16,0.6908043775063176
21409279,2,0.4788006528231351
8323728,6,0.7318921635754475
27131462,3,0.3704181834934251
24967934,2,0.6920768313732862
27301022,7,0.6499996873259215
25161727,0,0.4258615756861508
2608645,3,0.8090206409184809
15120662,5,0.4250029051939798
40109555,0,0.3989883821927357
22268521,0,0.9601581434754306
22038762,1,0.2960289739564944
19171686,3,0.4435702156318156
8983150,13,0.4489374670312062
20460339,12,0.36431665041051026
27949024,1,0.6799320404341201
33417908,14,0.39009207700106396
250038,0,0.3590230492011998
38509137,9,0.9181657583054936
13895951,10,0.34445274553638977
4688943,3,0.24881303512419667
30012998,13,0.5650282611523154
10158060,13,0.9665880209882841
23000451,10,0.7162627387861444
19611822,15,0.7390994520037515
39069782,15,0.7387911096345078
1459080,8,0.531889881444758
35090726,13,0.4779706065575847
11981810,12,0.35396272501018405
35158917,14,0.5508742423523215
25977673,16,0.7486421623782509
30944576,11,0.6655405568235186
23110542,14,0.24881845372383526
18553896,16,0.46843057043803044
32064061,1,0.7002581580446743
9328638,3,0.9034397366925974
19833298,6,0.3632275414714905
12925615,13,0.5669122335908322
2104957,6,0.19106862741081182
5612123,12,0.29726537849500156
33679738,10,0.2668954651873619
38136516,13,0.4900334088328693
32329289,13,0.3116379118307206
36376135,1,0.39517772357316905
28272974,2,0.3929559922111607
9167390,8,0.39610773984944414
34489749,12,0.24843269579956506
91205,16,0.5515073403276057
10073045,10,0.8570712873456815
37789543,14,0.806915920489469
39395530,9,0.7243354437831884
40118548,14,0.550070622231991
23408284,11,0.3927451471974037
38222962,11,0.5148772980753851
22062724,13,0.3614112285532577
36846260,1,0.5597519293014758
30674540,16,0.3544064150625221
6245108,15,0.4375402115495681
27949901,0,0.40549987370096935
22916937,16,0.5954525529955306
35953018,0,0.5958940106049698
18790206,13,0.45295964660324767
18868436,1,0.3309646307501486
28097462,7,0.41938876601091574
35384358,8,0.6907811156072007
6672525,9,0.519603649436679
34760688,0,0.28891926010539903
25193482,6,0.3495534123524866
34671322,9,0.3744918689157708
40065615,12,0.7691902299934997
38660931,0,0.5684619789275501
34163933,5,0.8034189033632566
39078772,2,0.8343753983874174
19319752,9,0.2761935560895499
32892174,10,0.6596245036490279
24121983,4,0.41629028717961014
21349528,10,0.2724341262654053
18536549,15,0.22614533316433
22208051,9,0.28150208115564573
12193471,9,0.42231374233127683
39067321,14,0.3654296154548401
37291261,16,0.2872873325982555
37891207,1,0.5660187613524226
22517827,5,0.30952866611085855
27179268,1,0.424777175749433
39605067,15,0.34277871657411885
27800703,0,0.5746386340317418
21542700,13,0.4744642554381772
20655158,11,0.37410558185571513
23328555,7,0.5102634524451806
28330460,16,0.30216826581289796
38648355,3,0.6540352745059428
10021899,12,0.35680470935000047
39880938,5,0.9263650637626936
13099032,12,0.3433591770957393
38908500,5,0.45639264504300375
36101233,7,0.557149810300664
26901434,6,0.34163372056144864
28661218,14,0.21539500060980335
15297685,13,0.6045838554217758
8582766,12,0.5632828430345377
35905947,8,0.4401374823691163
2070377,2,0.3924987377148013
27227480,9,0.3903806675557998
39684415,5,0.5321907295263064
25291590,3,0.44363080330036225
28518684,5,0.9176023618215794
12318172,10,0.7802404872762286
33947939,16,0.9377968085008664
37668267,14,0.23544629995920385
23577370,14,0.7103347947165635
30044697,12,0.422397720222393
24080856,1,0.6889253537537495
28596441,16,0.6025849700515432
5289189,6,0.6487651122199276
21117014,4,0.49116295184665304
39563183,11,0.7051140190322361
9755003,16,0.6172952239544007
33846772,10,0.25082861220716707
22236592,8,0.32364354134201206
7519135,1,0.3483694657464728
25030725,10,0.6681366338879063
17507018,3,0.38468900967058667
38206527,5,0.6094292163477989
11626201,8,0.6237007726741998
19128342,15,0.5197863987429564
12579163,0,0.5913738249640816
29751005,12,0.413120762353122
20830455,9,0.747458927523495
16672445,15,0.5531613163235495
36832404,8,0.2239030863225988
10718227,11,0.2217493768505864
11944385,16,0.38943311161335575
6806811,16,0.41144703392172105
24492924,9,0.3602663311525992
30946767,12,0.47136144564901383
7030463,16,0.38250121919285074
28924810,3,0.3528275825164969
38211773,16,0.905865711705138
34149829,6,0.32523465930573797
24436013,15,0.41354084404996655
28554658,15,0.3249473107021535
38357632,4,0.3557559137462921
21511445,15,0.23612743813171302
31798645,13,0.4754338132273586
9768645,6,0.8169976059474426
22001578,12,0.2676061812159787
33799390,0,0.45627245417332524
40070615,5,0.5354069278384777
5400833,0,0.49625956144679484
29044312,0,0.3869617363290341
30797937,1,0.4978131244562245
10410135,5,0.875529462012271
18167701,16,0.5587494028945507
13964152,7,0.36312631421980884
4305070,0,0.48951208007125857
36684870,1,0.3749872396902292
25488852,8,0.5037082071909255
21915708,0,0.4912799692942714
32740577,16,0.3870726022981649
7905954,12,0.312738964536
24432956,10,0.3672033163195907
34617422,10,0.379361794507628
14897027,15,0.22236317066249628
21316262,6,0.40017179152683513
15125903,0,0.2911134975482298
4915202,0,0.2717070049297628
21279603,7,0.2543767005638518
34924953,1,0.6154087265223162
37155666,16,0.5984297490734786
24000654,1,0.31384243844446424
32940708,16,0.883225039138826
23667439,8,0.21697637111207418
2760351,12,0.6073228364884157
18279865,1,0.25456513432873423
34889664,15,0.27937110329718184
6121431,15,0.33603036392614904
29579871,2,0.6986756569245223
39381004,9,0.6262791627332738
19848467,12,0.40100608927243964
10132632,0,0.4678626879217649
16055024,9,0.21042031070307757
33599536,10,0.777044521542609
24943071,9,0.20171747649368554
16818884,11,0.7935600991699435
4700725,9,0.30857207696201183
23303525,4,0.3098869959596537
29864225,16,0.6356730247654315
14500831,16,0.4022886955848417
38062399,9,0.44326506108194963
25320322,9,0.3689041362654299
27573592,14,0.5716965946288541
12867178,4,0.38085446612619805
36708873,11,0.5715411479333116
15438332,10,0.4489909910220205
3840177,1,0.5584733247665778
13017397,16,0.2924036244698463
28387180,4,0.4902635775368168
39816564,0,0.5160574819738395
33637620,5,0.34167832108638085
22004466,3,0.42168776187232193
21584990,1,0.3355461615668436
2784977,9,0.3238048808881813
34347010,8,0.5048546192655134
17976063,16,0.5353139251179013
28908167,7,0.303643682503832
27135933,9,0.28804644838992355
39067978,9,0.3489917509909453
12225159,3,0.2577525933153976
18818721,1,0.47039733472211503
17923090,13,0.45338288529345133
25715627,15,0.34001245641210875
28680896,15,0.26003832625439194
16739894,6,0.4689289545476268
22818948,9,0.2987231031014925
10573688,12,0.453735428820698
39455901,15,0.8335998443787475
2917866,16,0.27154881995769503
7923509,0,0.37335792915029015
30569889,14,0.4604096018810925
35857457,15,0.2783409249841446
39112761,0,0.28734800168105606
17897366,1,0.33574350950166265
9152116,0,0.6363308260515896
29048607,16,0.3388890712166397
10886841,0,0.4397650637519557
32257262,9,0.36400436098693506
3088497,12,0.44084770128779815
5916187,10,0.5802731527783593
39276874,7,0.2836591039204474
38536999,3,0.36658661247191626
20547421,7,0.2525317784644707
8128736,11,0.5592331896720953
25677214,4,0.4009172974958884
36531679,3,0.37526330350530757
17386936,9,0.5601300942810639
29521746,15,0.9808193725363654
7692983,3,0.5224153630033016
33041756,11,0.5022346506544246
17091075,6,0.28008876019841517
17896767,9,0.2637843894935053
15459615,0,0.23647045568070477
8888124,0,0.2654249370435039
18796397,0,0.5762515521941445
6212220,9,0.36238017344304807
26898720,14,0.7096227721118273
17505380,12,0.3450211485371211
28726303,7,0.5388353283024653
30942123,8,0.2581492079924571
34709933,15,0.27353452344525386
38017111,12,0.359575375245743
28069953,3,0.5300240608680372
32614116,5,0.4557527846894284
29199083,8,0.23605261314290477
21649509,2,0.784061177582843
2479690,8,0.32886934726861355
22651764,8,0.32242893944111783
17964198,11,0.508780291324516
19529502,8,0.20071418280783007
11823521,3,0.3691638115631069
26353195,14,0.8939132957730981
36297116,8,0.37046570108404786
7544112,14,0.85775370708842
17688472,14,0.6749451915269296
33722444,9,0.6700523301489897
2685015,13,0.31749736022752556
16219358,3,0.531139455973145
9245865,15,0.46697000888598333
4746121,11,0.6978401890851454
19051414,4,0.35325057837206986
34310225,1,0.5572263447507949
34697001,9,0.3133434221045778
9919604,16,0.40051992274215065
9820291,10,0.3996825089991386
14548020,5,0.26900250471432247
30105541,14,0.8427994161788454
28537422,9,0.7268440467214172
2162115,6,0.2658916576664773
15452390,0,0.7341563631792588
35821904,14,0.4633131079439859
37337120,6,0.35568587013910424
33079110,6,0.6517037648341084
34921650,8,0.4622789203853607
17068128,0,0.43133875048690223
16110230,6,0.38087437968321763
11234843,0,0.4694308735037993
28369418,11,0.6297004522227746
24175212,3,0.7324779833517358
12181185,10,0.3878565450235879
13437327,14,0.5578995747863618
6478931,8,0.40044719632937553
33649949,14,0.3692912958708869
24255333,3,0.3582209234826142
22547591,7,0.28589737488138406
16733821,9,0.4087877682148397
38124335,7,0.6189645000378272
8027158,12,0.5331407761312994
35447073,13,0.4478141793864578
4824683,0,0.5072171685335936
37746561,13,0.70987899253088
1854,0,0.6322810677746891
3128821,2,0.37798445819169163
39948543,5,0.37834983089095275
29247960,4,0.512251624030928
35511296,15,0.3357375804998654
4980297,11,0.6290434115208119
31757747,0,0.40706097399385044
31820470,9,0.40201485997818476
26399877,11,0.4192101910111245
18287633,8,0.29540018443074934
10496168,8,0.36599971247853663
23691564,0,0.4833583792995026
29309133,9,0.20145012259429063
11646697,12,0.28195422773378004
15593775,16,0.7011290943684866
30273877,11,0.6793637095254622
1141504,5,0.4111273822839331
24069150,7,0.450021200148249
32322090,14,0.38122980864441963
19712264,4,0.4134792966423481
24627928,9,0.2902183096694246
19932708,12,0.3308141916160004
1497258,3,0.22954942609795265
34883909,13,0.6583264806335936
24793385,7,0.42178028020945213
28939006,8,0.40712363072814317
32660583,4,0.3841700042330919
28408943,15,0.37959216661164025
24509737,3,0.41218981454043524
12702839,16,0.5255081957545391
16598393,15,0.3398422097067667
12341588,8,0.5174597922908931
29010049,1,0.2972105140249652
36041797,9,0.4335470638827626
19342977,1,0.5898682947945214
32132999,0,0.3912880564549537
19590344,9,0.27123201957876764
21989035,16,0.3426431659424828
34869347,1,0.6437702842152608
15825201,3,0.4486856630309277
39958232,2,0.7394415562460211
28910157,1,0.5080940639030903
30340555,9,0.24563441539509928
38780223,0,0.8299030806115684
24887337,4,0.9435628629583477
39434821,6,0.3545880165296747
34255749,1,0.41562808159721865
833062,12,0.6454089663076802
9423294,11,0.26173079073529404
30172944,10,0.27505291151832717
31304499,13,0.5016838221769984
39813055,1,0.7362372920613518
9955785,2,0.7424712111943489
30844050,3,0.3148585970564432
30253425,0,0.43934413114383397
20517583,15,0.5595245141327692
19116509,7,0.49508542292795926
36746693,5,0.804542892911806
38678377,6,0.43246362619113327
19253264,3,0.3839081056604625
14846147,4,0.6010042495542883
38358881,0,0.2994439564515785
18732016,13,0.30222422501721036
15627908,8,0.6809369032015041
3153112,9,0.3624919303347573
27338553,15,0.47566716261987385
28508228,7,0.5355540368395606
37797227,0,0.29131524863822666
34367790,9,0.8234960729756098
16692777,16,0.8240916665595025
22699040,16,0.6484459016006127
27821571,5,0.45351000391541973
12787452,2,0.33965589064741836
5968951,0,0.5742121642619166
26696650,16,0.4468360842932914
38565022,12,0.43803258951510105
24339875,2,0.4727305830551292
19737367,15,0.4380812970547778
3343076,11,0.2640899333503
30063572,13,0.417072111285239
38569350,15,0.809442996559723
14232905,11,0.808345223902683
37173450,8,0.36673002309530683
32855942,11,0.244231875202163
11238277,15,0.5130663668373412
27559742,6,0.4855224649499538
34618256,8,0.3607025217875444
27447953,15,0.8548358656074048
26564336,6,0.24807497787397265
16846977,5,0.4068320217616843
22784372,10,0.3657341335694404
22018400,14,0.9643361814734663
22197096,15,0.7494056330706322
29395516,8,0.3727425401015591
19263704,0,0.46000183677819956
1649351,11,0.6810453119852198
21678058,6,0.31006773986284286
10688843,1,0.7525848543035111
31831242,9,0.4504057083128803
40048443,14,0.43425491903622615
34767400,7,0.4097732715773242
13398697,8,0.37761775689431065
23766054,4,0.6792730906446127
34340458,3,0.4948676050191769
29153653,13,0.5387456947423445
8935228,12,0.7085869413362685
33612481,12,0.252077766031911
28813775,8,0.515283575877394
22159278,9,0.8445193238462286
22528752,9,0.6371499471276896
33658175,12,0.3540006019817872
20045894,1,0.31880788329149895
32343514,1,0.42454828309109527
34403656,1,0.4264437080111795
34207641,1,0.4692447149195774
35964583,15,0.34902977903814586
14594324,0,0.5928614761124438
21913102,16,0.8212013873723649
18556688,0,0.39440295592784813
39522703,7,0.3511176244105444
27001249,13,0.29998791522820023
20779343,11,0.6160286337271467
12553598,1,0.5101718689461533
26720745,0,0.39727251294437754
26996126,1,0.35219078813335036
31700681,8,0.5755804933003728
34535816,0,0.513883348971606
36113663,0,0.35424410161486714
11663244,7,0.24650228392972864
16122228,15,0.5002205359288022
23399564,8,0.4579880564414846
38888628,11,0.5744063581493468
3822336,8,0.36452678105542424
31751674,6,0.24999168909063904
24915995,15,0.3650784862521896
11729662,9,0.6007435310656241
26181113,9,0.8587443798666993
39504872,15,0.7114657581801995
6839922,1,0.4205532575528442
23165736,16,0.31101868549138123
27077908,16,0.4135563028775621
23648826,0,0.2811598044712107
20997863,11,0.6229016112721815
30060303,12,0.4786259385492658
4359085,3,0.7590400066624595
34772030,1,0.5205578124559219
36424454,15,0.3636324301711075
18228612,2,0.5876195610274494
17926273,4,0.6416857801641319
4801216,12,0.5004314250579199
26693852,0,0.7252802867427888
39379351,3,0.8459088134719818
1782843,9,0.3838636149813936
34902649,15,0.398955676845575
37883072,4,0.35703224960635394
21567158,15,0.8375108811326636
14138858,6,0.3749820844179334
37487379,7,0.3453691674431443
11785720,0,0.3888585726476163
23230184,5,0.2948460788139633
20753807,10,0.3553545460866975
18729026,11,0.22848517798975976
30580462,10,0.4881440012982093
36780377,9,0.47439693174540914
22446362,16,0.806836992102683
17933572,0,0.8316648346586406
28970771,15,0.5421627952753522
33359306,8,0.6712012502410535
17757306,9,0.4193151368314691
26716389,6,0.5667029901672529
32804499,9,0.7650565780233262
28747962,15,0.3376494646875631
10713579,9,0.6978015641678176
12526065,2,0.534602346831224
35436399,13,0.6494698865868009
31641440,1,0.38040557091543026
29530594,16,0.22208387939254942
37091436,5,0.3366407891386445
30539789,10,0.49867884910640364
37153426,12,0.4985510455247785
22510934,6,0.5741689976678345
14440455,5,0.2613901971086327
38742207,0,0.4200944650446017
35462876,0,0.24663433102818347
30559507,1,0.3815472300328402
2386418,3,0.6400958507329594
35314206,6,0.4486946750898526
6433646,1,0.35582201046711354
36099260,7,0.6602748199893579
25080463,1,0.37567225273566585
25596426,12,0.4334929252215448
9907352,11,0.43953325858567266
10212791,11,0.43412000396665795
13978556,9,0.4371529108172281
15564523,6,0.4689750442790729
18351291,2,0.2794999140768378
9332736,3,0.6992510739552885
36515258,3,0.3686442426522719
11454356,15,0.6074977091253864
25952300,1,0.7410080579128925
28254910,15,0.3561650323541835
10867028,4,0.44615298725043656
39219302,16,0.5102041272801967
17287017,2,0.9460939935165478
772814,12,0.28256907465980935
18714724,16,0.38091085413421344
2203424,3,0.3714039200471932
27353947,13,0.789212614777051
22860742,2,0.7384645130816107
31562726,16,0.3631186008094387
36101327,1,0.6207914910588964
38112650,10,0.2006160477724647
39936831,1,0.4134969220489329
22739701,7,0.5852944091954241
33105830,4,0.49899409812490864
22956785,3,0.33890946684406437
5799126,1,0.6379231748013129
27839797,0,0.6532825535345813
27935718,10,0.3075838276398535
3611827,11,0.34778119138890684
17938818,7,0.4137191674153181
38112806,6,0.6607242452398826
23060615,15,0.3630641066533955
39755464,15,0.9781675006024765
3907810,6,0.8295366036975145
31532290,16,0.5095073336653374
2803737,6,0.4407235660934564
35666067,6,0.6458385372047734
14267427,10,0.4281517255038289
22118704,13,0.4864927634339679
8348456,12,0.47860033604309365
36453319,16,0.35514956021122124
20978757,5,0.4992985338656553
17405992,16,0.6181363738304245
4432208,0,0.43873461339318265
28256618,5,0.93276119974557
21726553,14,0.999999999995027
30490452,0,0.6532529832692819
32680184,1,0.7665081760135913
23122079,3,0.2980753021001035
29109802,13,0.5656723326355728
9687989,11,0.7255547179073004
6281670,9,0.21743540888620566
7068360,9,0.7854862474977123
35197779,1,0.5008541492483032
9874405,1,0.6223649154097273
13002132,1,0.4805495482355946
4811379,15,0.4329600822251107
34776877,7,0.3769501448941365
6368452,3,0.3303442829102041
39474896,12,0.6475849082585724
28523535,13,0.7622217794908648
36191351,3,0.3565787722832214
25371880,15,0.32103666805089665
28457312,3,0.7546635927244133
15123928,14,0.5664771100365303
37482733,4,0.46393845517982574
13944427,1,0.5657743028489007
9103511,1,0.4838970039262855
29480288,15,0.6009815401568533
20480238,4,0.529975817095659
36032280,3,0.473913877168858
25331500,2,0.4996287553858798
10775411,0,0.4511711558069115
34112729,3,0.5009138704214733
21476075,1,0.5234992028754512
35651895,4,0.37034041811643814
9790121,12,0.30482117928775804
38000290,16,0.7396693264343605
27313970,8,0.4144715475511961
24031821,0,0.7532324247757372
15233601,7,0.2838087869005711
13512823,3,0.4092368497510401
6942039,10,0.3631867060547387
34873614,6,0.7055538016781449
36402748,4,0.7652754404032366
19216135,9,0.695129180449358
14867193,9,0.49251135043684396
8306171,0,0.17478271470036597
2119761,5,0.2087270706549922
33490163,7,0.45687018822093056
5558837,16,0.3695543194457891
25875465,16,0.4377099870129813
34927327,10,0.5338124685139739
25041420,9,0.2725365535138395
8710918,1,0.6224004371972801
25063167,5,0.6905316100338333
23765639,15,0.787240794741222
1734801,10,0.547715236576467
35382203,2,0.5824849409276586
17534932,8,0.38035673108506446
33177824,13,0.7757318193772432
11448005,12,0.5771010434099186
23048756,0,0.7658659141915571
32173856,0,0.20109219253721047
33209048,1,0.5276499984116853
25268696,6,0.42332467103923593
2995983,0,0.46764406451420976
34660528,15,0.9470000204510439
34376896,16,0.41517123031010983
7141501,15,0.560116122936112
31321210,2,0.6180137359066331
12189133,13,0.41142476675130824
35213559,0,0.4101855121434234
33619188,8,0.34854509811727075
39923814,7,0.6589347326188596
38946269,1,0.4875878048436404
10920035,9,0.2573817032996835
29869559,4,0.3797285618327436
21843693,16,0.5034741062058996
15832451,12,0.5578115472197038
6745523,11,0.47057038383211786
27929669,6,0.7017357537773089
39334235,7,0.5927330586804163
34324025,15,0.6510265549190696
39353395,9,0.2697820396823399
31111032,4,0.4452341873978952
26659877,11,0.6472032254774639
34839105,15,0.21937502931379352
27293796,1,0.4290044430906424
32084545,9,0.6635532355741359
36368252,5,0.9999999999921614
34710633,1,0.3885430535681228
21752684,8,0.30309342535411654
38827949,1,0.3984303219471873
21394015,16,0.24389339768838494
22399888,15,0.3919998398751831
6204443,9,0.29478877232016065
33579522,5,0.7804234856678887
20107925,15,0.3170540865461845
15522310,4,0.5368718881138482
37006267,2,0.6749924494481035
32381416,14,0.36706754005017844
25822738,3,0.3314301618991509
29947162,8,0.4869447646312957
36139,15,0.85295458586628
20926193,6,0.38775808279057417
23584709,8,0.2812534564105329
36292999,3,0.44352583111200694
35662828,8,0.3205623342887676
33489133,8,0.5614866973486484
29866162,0,0.47143495895606574
18637752,10,0.631172647392354
17777219,9,0.46322794462300093
32339864,1,0.465447931736165
15020911,6,0.2375561823496293
16341484,9,0.5939761065045117
21166771,5,0.5558296851348347
13770335,1,0.3344731704616023
35546853,2,0.2095991582543004
16860792,16,0.512932748847792
7524467,3,0.5722684168090988
27372782,0,0.9855399484861831
31379169,9,0.3229608504729186
35851209,12,0.6535400966116628
16315673,14,0.6049380247100123
11598204,0,0.4998365540271889
5506444,15,0.1944780941929073
23083195,1,0.407538979075235
16744826,8,0.29094314171496555
16694298,1,0.5353170978952512
36515486,6,0.573157432164695
36691704,7,0.36544084220835094
35281691,9,0.2952117088459151
39726805,16,0.7141427232282193
13805343,5,0.3556883123297199
25229511,16,0.3485688789467033
19645543,2,0.7572047262827328
31336084,12,0.5146889674276013
30589379,8,0.5400540231454477
26994963,9,0.701051947101273
38826359,10,0.28026232510756954
33573239,9,0.19288582143843364
12939897,9,0.41218852177943643
394500,8,0.32127067990419467
17640919,8,0.22982092063961765
22715036,6,0.7401666308618956
39816374,4,0.2932645078969166
18478837,0,0.33986090817167336
24508033,14,0.4227902914760845
31551410,5,0.3588990605742698
17876492,8,0.2914225390943552
25622764,10,0.850019285506541
37750141,1,0.6615715876261327
16616563,8,0.33263344839758546
27524664,13,0.7008644954668285
34985735,3,0.22853972270941902
27433026,3,0.38993487325458354
28251453,9,0.4481222193444624
15112166,0,0.44970781713649705
39617488,7,0.563593312456995
35101791,1,0.5370775574942128
39464748,12,0.4372896471463101
35624459,12,0.24441069118650047
3542881,6,0.5223011248446785
39644907,9,0.49362897677341794
8794506,10,0.47633182841342975
11376898,14,0.605600273525789
24830163,15,0.5610440511078031
29224258,4,0.4776262726350509
18563717,10,0.6848859340607157
16670712,2,0.27486819268909557
38097531,5,0.5192096762815369
39634861,2,0.3918370092444793
20661902,15,0.43813944302083313
11760436,0,0.2533571247267975
30217561,15,0.4476340427820518
35856708,16,0.4562557005824917
34706388,16,0.47676699764556346
12446132,2,0.4720866381012466
2487475,1,0.3172022538288203
34942123,11,0.301116211963317
24587480,15,0.5548115673024696
33978621,5,0.30420901131740596
8813226,5,0.34488606292369456
30675956,2,0.4448026711548237
26674790,15,0.2659232370500668
23704892,14,0.31383551496696915
24490115,15,0.30079290861004276
25691996,10,0.5011515101194184
18040251,15,0.4705736440442773
26959176,14,0.690028560589853
22876148,6,0.3467399292381889
32620254,16,0.25101769678299196
38129077,1,0.8503338484336453
10380065,16,0.7605926926162606
1522636,6,0.6030579692498148
11788115,6,0.43697566048668124
17127083,10,0.3787130023654345
29809524,6,0.548592698030581
23119648,10,0.37199339426968453
25593973,12,0.27937556997755353
39134580,1,0.5029299429675996
28993219,12,0.3047982940784402
4182419,1,0.6825927434679515
31000289,0,0.5456945672652883
36528692,6,0.7460234634022728
39299917,15,0.4378727461623386
8470539,14,0.27437109972251655
33482496,12,0.5654186223079034
27071661,4,0.7740377763909151
33424001,1,0.46079462109148417
24065099,12,0.30726736006346217
25826219,12,0.40647672501591897
26004787,0,0.39235430724141773
23175728,9,0.8050335990334913
35547002,13,0.6078350418961096
21747902,9,0.43036151972687964
26245449,11,0.48636861303254514
28595465,6,0.24419899144531146
23433842,16,0.9999999999874271
31637600,15,0.2902061586507627
15610749,6,0.3898839292102539
21558782,10,0.40763622323657595
9324389,6,0.42412343083552523
10883805,13,0.39001308892236314
34288230,9,0.6205736072698885
18899555,8,0.2549226291439893
27233585,5,0.5508296146309476
38266841,4,0.39222870521001507
39788860,10,0.8770674130325744
24872289,9,0.33316474005461616
29834729,4,0.4244345473439371
25826130,3,0.5129206895159483
39941213,7,0.29622811752483846
34029726,16,0.3713878495693483
33324535,10,0.35857185001694025
25559596,9,0.5817112282432857
13855020,13,0.4020810515422771
39413447,9,0.4181947506528669
33699718,6,0.646096024497094
3711303,16,0.6480186339162254
5767678,6,0.339820450016951
15149075,1,0.6559381375845044
35602681,13,0.45417884321884044
1806608,9,0.5159889607298254
33315062,8,0.39793888675314865
25463013,3,0.3587463726554489
31210223,11,0.6760636229955894
22540410,16,0.3527144863286919
36436283,16,0.28861203835846616
27884085,16,0.21119594943077244
32655055,1,0.5803920623589859
13094994,9,0.6398039517511515
18214937,9,0.3204911038677065
4806520,11,0.3041644269089335
21656843,1,0.22333979461126724
33953505,3,0.4003806947998919
35208553,5,0.577190201469616
25973363,1,0.48312617668556335
19349503,14,0.441928217945881
39474794,16,0.7418750539242378
14764294,0,0.4231381678462085
3106893,1,0.6741674173986211
3100739,16,0.7796673030624361
9715454,9,0.5261496605952178
23820144,15,0.4676194104199584
34696412,11,0.3853844341509367
30946670,1,0.5898988069667228
1658722,3,0.3363650561787291
23091840,6,0.2765371526427713
40045899,1,0.48369602944995227
29822007,1,0.37779342036095437
37610533,0,0.3204276040330262
24963118,2,0.38502732122204597
200738,16,0.7092937459187675
15401376,9,0.7094848875590861
16409992,9,0.348208985387667
24936107,0,0.9352791444717607
10166956,15,0.6166447535631556
15582443,6,0.4458805487278387
33996037,13,0.6033394494016338
14652081,2,0.6380304277937002
12500069,16,0.4020024910507568
18833471,3,0.6403052498968314
16285889,10,0.5482637103018837
39177610,0,0.2286523754630895
22124914,11,0.8441356060082037
37512132,7,0.43378378788768357
22207625,12,0.3900205554274836
32239961,12,0.3832528451575436
19291927,3,0.8808994948638694
38334497,0,0.30116346695192925
22208821,3,0.3490431879810124
34608613,14,0.5932550029192447
4378464,8,0.30655744717970623
27924819,5,0.7587869195010324
3783677,8,0.23688186998925995
38743403,2,0.31828177263637014
20827093,15,0.3845596215547532
11058250,0,0.6382923657691169
34467657,11,0.4167207358837461
28500275,5,0.6681127116862383
6573207,10,0.7446838086311691
34981307,5,0.7785541259074211
31607200,12,0.2903733642532934
33338375,12,0.17870293006022966
36535381,13,0.6117219769723348
18394747,8,0.7473874545154088
27603093,3,0.2224849888879841
35611473,12,0.3237023359474059
39479445,3,0.7275250977001029
31773229,5,0.37285551558232666
38206587,2,0.5876288038141911
28477705,2,0.8746010669246246
14858000,0,0.5259422359576731
2631405,8,0.6754084181976018
27831173,6,0.527352922387578
11301910,3,0.2717451356532302
600190,3,0.26073270897304873
21042624,3,0.6651015616047709
14780175,2,0.26872345358351013
17611947,8,0.3713287651469788
11557587,4,0.3105523619420833
37276018,6,0.536533561469753
17386880,0,0.5636005194678255
29843433,16,0.8706796076040509
27300302,15,0.49505412199207605
15535927,15,0.7229397320520734
22258442,16,0.36973587940997427
32324619,10,0.42937297993494267
2425787,9,0.3130661203698042
25412508,16,0.4674708845889335
903497,3,0.3023313427082756
25063938,15,0.40422047534666755
23540309,8,0.36073848011388643
29399659,1,0.371027448576058
39662891,8,0.3563028469388446
35544574,10,0.41605436321281936
30418250,15,0.49363940091788083
40082844,4,0.7822584205633831
29776336,16,0.7060104943592154
33137269,0,0.32703097578271034
36157247,6,0.6754854981995898
22620266,5,0.37224219734446173
17121949,3,0.535377790452695
8624507,2,0.6620057054776403
39381305,1,0.28997107318955667
28966457,5,0.31894172337861093
34780027,15,0.28869502602952435
34096997,8,0.470668439945451
33464240,16,0.5341660465333797
37195684,6,0.2654173182355831
29083059,12,0.1852362401886551
38263995,9,0.4206318495988193
19350346,10,0.4239929199771819
12453580,16,0.4221213243098145
26228747,9,0.7817926204788131
39723437,0,0.40190709094238564
27051737,9,0.563354696652998
39817973,9,0.42108295148978114
7990321,0,0.2500224229835134
18866994,8,0.5640646567764744
11885651,1,0.375929267578077
22775640,11,0.3884474475540921
7524213,11,0.2411133233047824
39873204,0,0.35980384363209855
21533706,4,0.5034163020057985
25004515,1,0.3324582257300166
27691937,9,0.4055075986891223
22512677,1,0.43220921681622615
21994472,8,0.3404205461225649
22586713,1,0.4915936785932092
31144356,5,0.8828398429642165
27640853,15,0.37766828631732263
31368770,11,0.4146635795945861
26616643,16,0.8292441059389442
20317456,13,0.5903973260790928
17056450,15,0.47134011777787355
6575825,0,0.514570544069894
4653711,9,0.2809358156455758
38226607,7,0.2369339562877546
29461019,14,0.6642812216578404
32850657,9,0.4684908506569469
20196930,12,0.37172005809809683
15696547,9,0.3629624420430066
39252731,9,0.42358561934085504
18261318,0,0.5340178866623195
16888757,2,0.5952382228644263
21722563,12,0.31640794222564217
5486049,4,0.33295669976914305
31293460,13,0.6488136885822228
787739,8,0.23828106246277594
35516674,13,0.32977256346209166
19467290,8,0.3133343762107496
28891985,9,0.5528009533519127
38385010,0,0.26751403857239725
7072505,12,0.4791303852443343
15401497,15,0.602094496749418
36769231,6,0.5024354911595349
17569519,1,0.4878383338501206
17427252,12,0.30643964462347756
24422502,9,0.2770708064164592
38672675,7,0.32599716673770396
36455647,16,0.7295646222825679
23145928,4,0.36373314625808495
38703556,15,0.34273292506567704
417584,16,0.3017221689601398
31500189,14,0.4369797808010122
20008173,7,0.3633440581910749
30955503,1,0.38755331794821457
13178225,15,0.19743222515244171
21294997,6,0.496977768751777
31943941,16,0.6109883161995795
28158278,1,0.5291215135360512
37877325,11,0.4985941005440168
25641980,16,0.23800715549609516
25024912,9,0.837078077227521
10077644,10,0.6298691972748491
15722222,15,0.6212582916664687
39750041,10,0.3227012199952853
24707283,13,0.43878023751259954
8335548,3,0.3741157018007116
37220463,1,0.23221801011886822
27296602,15,0.9192469660808138
14013597,16,0.4520532904734769
36926906,0,0.4371652012961303
37908556,13,0.3234455393129908
32383234,9,0.3285512056862197
24826092,1,0.575222338615668
11905635,9,0.5320785367373121
33650606,16,0.9743969277292299
3778579,1,0.5680932480005404
30539412,11,0.3526838970747756
29158931,9,0.3565703465401535
36817549,12,0.8063603193866241
3609596,16,0.9999999999890793
6233563,7,0.25373404539343986
34214100,12,0.31853697594590835
861190,15,0.6808424097600377
37322690,3,0.8876941400401617
14567210,4,0.3193325632992394
25987662,8,0.3165027708985539
30082180,16,0.41827012315334167
19141073,15,0.39868284521474157
37840885,13,0.3286010062273647
27674145,15,0.9663698844033668
15562446,0,0.2946976117834088
33350147,5,0.9299294925967765
28727241,16,0.6816931733734584
7119755,3,0.6262176823203974
39950816,13,0.400944719995977
24430620,1,0.3669619471047017
9822291,5,0.4226774700445651
34406382,7,0.4834775035476024
18908875,7,0.4255658934958571
32808856,2,0.6197031006224996
29940783,3,0.31269264595148316
22763675,13,0.6711403491239272
30324464,0,0.45566233706852444
16065370,12,0.3660595838732724
26366588,7,0.3479042016310462
6240648,11,0.31919369167549394
37882975,2,0.45609817510025324
39576340,13,0.63618365913194
31305213,1,0.5340276317415796
10906605,3,0.27152495164425244
657857,3,0.3655627417218853
21007783,11,0.46454395809444593
34713346,8,0.7753555981741976
25064228,9,0.28600153748754525
26060130,1,0.3546449191417068
5847679,10,0.3120654019384468
2786384,1,0.8577930404170987
35320452,12,0.2362456666044734
5231627,9,0.33159157321283605
8910927,10,0.3869055083929944
40010317,14,0.3259603003621947
39628275,9,0.5341154310385805
3195738,1,0.5692109615729554
37567405,8,0.6722877213095764
30792422,9,0.4824341059679368
37175103,6,0.7735153968001153
32124687,0,0.4426096386091939
19460367,8,0.31789954424044214
7850207,11,0.5811316862731816
21266312,16,0.37432581526200115
33555332,11,0.3808514181056252
23085560,10,0.5712116186259085
36825925,4,0.5991809969998065
36488214,13,0.42042608994937597
38872755,11,0.5536697675495216
15823011,12,0.4790524555269984
34795531,12,0.46807075327672243
13818549,9,0.19662377241575058
23975202,13,0.610477298266729
31997811,5,0.2784279231172893
33683899,12,0.33585241071072464
7800693,12,0.5799338368805302
27592603,10,0.3922020968290028
2656066,7,0.6456483260235754
28735974,4,0.35021937176905316
33165523,10,0.3745237810219948
30182677,6,0.81393239561878
33689159,12,0.3654572163797067
29963173,8,0.37079483402176083
25087481,9,0.48711260027904485
27163479,8,0.6962021453010445
13398996,12,0.45435033691689747
20402430,4,0.33544180251072925
38839246,1,0.21793745616199658
39708133,13,0.6892552082153456
15851238,9,0.28622659423246877
37461798,0,0.44951568747755083
16453758,8,0.5789923556502845
1817064,16,0.7971857015333128
29350869,15,0.6908445471516085
27066370,1,0.22632404951769375
1588224,5,0.5170681958706151
28187242,9,0.5598131741923331
17453212,12,0.6572016577975631
37809681,7,0.9762081911772224
15272785,6,0.42101222436033736
23146819,12,0.48671705985881314
37783438,8,0.34255283873830683
2619446,3,0.2660573032276171
29676893,13,0.42368282128511964
30934414,9,0.5396991838559336
36317464,3,0.8107462773552767
10567845,11,0.853169950698804
18385530,5,0.3094157164979618
24832628,15,0.3408639136252067
19063162,12,0.5106413223262325
39578807,9,0.44803536756090684
22208065,10,0.8713568301867786
34398697,8,0.3927575172024742
20968774,13,0.25245757134591096
23524444,9,0.2664604583688776
33355268,9,0.2783178507303881
33920777,5,0.4916660836936393
4528831,12,0.4085045235691892
26147688,7,0.5926416303191575
35002160,10,0.5893572009597816
6142757,3,0.5587285092421127
31263153,14,0.296797544116769
11638387,3,0.4859158481811236
23578018,2,0.8109582567409358
34287317,15,0.22181047656729355
38908575,10,0.6474205158801863
21209734,1,0.5450733339489278
18818307,11,0.3268868177378331
462933,10,0.5803955235073525
35294265,11,0.29525484931112944
30776447,7,0.3381938575367107
21510223,15,0.6814745709569765
27306343,9,0.560026300886618
17798174,3,0.5066730601217102
23934922,2,0.6721994887859205
37631810,1,0.5544549115245646
17497819,6,0.3650548030667121
36108585,5,0.3885047064664292
35499348,12,0.1844666850564403
31792768,0,0.5482452703151852
24643704,15,0.5179901288682562
30612360,1,0.40204273122054995
31041736,1,0.32577551511245606
36665225,9,0.31391616409498885
19238307,15,0.6923578217535155
12827548,12,0.4759938722515546
36270068,5,0.7016833890381132
13360387,7,0.3830887139299345
37653474,13,0.8011056216764684
26590089,1,0.3758680640115554
21026224,11,0.7896855093531434
24941642,6,0.9001004457957212
39649714,1,0.36695601889728
23613715,10,0.40408513707117966
14644889,3,0.572015940072328
35646121,9,0.27350122852653996
17911026,9,0.30671903410366286
5269304,3,0.4135560809066693
15956169,15,0.4939904207037643
19314465,15,0.31941502672457495
14713757,6,0.23187029399971418
31977102,16,0.5696702229389276
13080591,6,0.722108977309559
5422184,5,0.6861156605092745
16575153,3,0.3123240649512663
38626345,1,0.6633948343225686
38993266,13,0.573504680839803
32353974,13,0.5421605126385285
12997572,8,0.27443393694590756
31077688,15,0.9500250906296882
22768682,1,0.38701076285897446
13117477,7,0.6828304896889252
30079630,11,0.3439344926111358
39270653,15,0.2213912319530816
23922867,9,0.25202927590124774
7860534,8,0.7230808190006275
25045924,0,0.35947460552158217
19239154,2,0.46185260076528356
14442255,8,0.26533937711846045
38111769,12,0.34755440817297095
19605405,10,0.9553391450460402
35106112,5,0.3081412130768395
29120626,5,0.9138792958184755
15710592,1,0.6414070993852018
10394243,2,0.5753647175429971
19798597,8,0.3580006886585504
3075065,10,0.4032318549332497
12165691,13,0.7871242896257974
26405939,11,0.5670324889186301
16001959,9,0.47626151643045017
2495487,12,0.27073378251596486
13907315,9,0.49962506624262537
25953959,16,0.6512294681349475
4296041,1,0.39425483648517323
22076453,1,0.45606027823290196
29306092,13,0.4648059891816782
30540139,14,0.7816020139633277
14823363,0,0.2838619715376192
28144350,15,0.8988112471401664
12164734,4,0.2903635139791501
8343576,3,0.49531840287079804
35737788,3,0.4936873570460443
12531790,6,0.5707010925553411
28975274,0,0.37379101777733276
26180778,0,0.6970202554882295
14887577,16,0.3981435197415926
8216729,16,0.3695932635944097
32138760,14,0.47207947654121857
21002166,3,0.4630303772995822
28649795,16,0.7060529829738961
37792813,0,0.3780479860934597
39593747,4,0.3369352362418055
22546836,1,0.40380577483385566
13536350,16,0.5782827970868449
3303312,16,0.7872852773951359
36412921,15,0.2873498914500331
30093903,13,0.7003916058278499
34123891,6,0.7843742960609837
25442482,13,0.43357779485137277
22615196,2,0.3174422764488609
9285713,13,0.5534976616919923
36275522,4,0.43061452981164106
27033146,12,0.33635175072627727
11904603,6,0.38148085755267735
15210674,0,0.4982086780084207
23444658,2,0.5116673760293148
29832234,0,0.4878584423470281
1983332,1,0.4949161131338247
33269853,8,0.488703187857524
12917294,3,0.27760898283506774
6107918,15,0.2850624100231373
28122488,5,0.7017227173882622
36247462,2,0.4984398861850918
37945057,6,0.4879424295857267
11276322,7,0.2664139704419614
15706339,5,0.8595612038944473
394770,3,0.7592106990206468
30946654,9,0.5432488764805811
36606589,1,0.3324692890855776
9541790,0,0.2621349960389318
31055302,14,0.5358716342621666
17871588,15,0.3643378739090099
34748579,10,0.5037383390077627
36885642,11,0.32189137978143817
39415851,4,0.4486250289325441
24299988,9,0.5383723536831792
39536878,6,0.32640082480495386
2753350,8,0.5233269697744599
38973433,15,0.35846152083355887
31757432,15,0.5813286537777251
21680020,15,0.6220017662355122
32464122,16,0.2565860729260758
38982807,12,0.5977671789577029
23774440,10,0.530232325710974
12755804,0,0.6538269163184506
18772002,15,0.2787638381438115
28091129,14,0.31576879527905577
39018292,13,0.33556801826513805
36948680,4,0.507480169860444
17278602,3,0.39635943660715695
20971174,14,0.5927018691419723
27688183,1,0.25650840124022684
25277115,1,0.3365141131748851
33702523,16,0.3157905862977035
31307147,7,0.418038481130569
14063687,9,0.7565181281333268
37587127,15,0.3568747510514253
33901521,8,0.4166749792046369
2383546,6,0.39141580154505906
38749120,5,0.23701984732616754
36986811,9,0.3960806551170031
39059338,6,0.6196819481216835
38187041,0,0.4513871756295744
38198137,14,0.5196721087109533
16984802,12,0.345966459874271
33040628,0,0.4875177060780345
37543975,13,0.3000463041858241
22225577,9,0.2697169645368916
886629,13,0.8139256430797852
9382941,1,0.4297111554096181
12474344,7,0.8347596773382904
18339384,2,0.8147231703750505
21997850,14,0.5221344296095695
32319726,13,0.7182753115340372
15939963,12,0.3751912753035345
37519550,7,0.4784204603279238
12692641,9,0.3317383953711573
31687572,5,0.49765004511294886
37713847,16,0.2536106795991096
38319205,10,0.2459763438073188
39045544,13,0.1772869108169807
29978236,15,0.30802016975016583
11589275,12,0.2995669521210362
27473307,5,0.48314553111921393
27146262,15,0.5156116131418407
27702780,16,0.6349195147822916
35505583,3,0.4844807511625912
38302523,5,0.5086196576551409
5563743,5,0.4239962259230776
17377867,16,0.5035574595477683
35818129,8,0.44129968133694336
15715152,8,0.3802052500215121
15718068,8,0.32337713295807985
19876993,1,0.5790909694405514
32959342,9,0.4327091974803121
33857914,8,0.5382906116358913
27906581,15,0.3587140844733925
23183478,13,0.46854940533227857
22561151,0,0.5645352386375696
25718075,4,0.3988078948228015
3013283,12,0.42834970408201145
22787243,3,0.3548372922920547
36717715,10,0.4123313987069219
17485382,8,0.6664093320464126
6503929,8,0.5576145025680675
35415468,5,0.5963392347848383
5773607,16,0.2868022957136918
21111659,15,0.9991320848851993
5015749,6,0.3300181621259032
39347762,16,0.49607808912129703
26117548,6,0.2978320697293852
35829364,5,0.3626389702609411
15288824,3,0.7740948170477148
22638392,1,0.5527419091007182
30578705,4,0.25698251129129746
24106532,16,0.687323205900556
31426757,8,0.21105202178553584
2980196,12,0.24425601778937914
38789013,2,0.7496755747004126
19303678,1,0.28921357261860875
39910941,3,0.5657638290286386
4833948,8,0.41763740168946767
11166632,1,0.26622373673367566
6900595,8,0.2900034563449132
3450436,3,0.6143749232192293
36989435,0,0.6955437356371537
14515313,6,0.24153440669928905
29911211,1,0.40766010242843714
27848037,8,0.35160869669755335
36042697,9,0.49318663817302305
23415251,15,0.30288626753245185
35857519,8,0.3392711945653802
38674805,13,0.9050035561773382
39187032,11,0.27615357650070166
4171866,10,0.2984097162712891
10155510,15,0.7070310858675903
7274478,16,0.35839956468857065
25278752,9,0.22784834226328307
32039862,1,0.43875183718739535
14695559,0,0.47001660945886725
25333525,15,0.9053753941523187
28618010,16,0.15668623608869472
39574742,2,0.8041962467497519
29315898,10,0.3482133587733876
13441936,9,0.44748822336272553
2524853,16,0.21835535975959758
18337139,2,0.626953144570488
29117524,10,0.411896499011406
38353263,1,0.5728342730792894
18518376,8,0.6660951962214305
8068478,3,0.44791799263353826
12122006,15,0.8360935597639699
39355048,2,0.22099148649891676
23534867,13,0.3902985428244853
8073734,2,0.4959886273299799
35073940,3,0.5411829758203713
15218465,8,0.7029866074501007
27925974,6,0.5042003950001718
31971302,5,0.39692655145430017
35948337,2,0.34206261685300193
32892964,7,0.41817817273514324
36430336,12,0.2904943868880858
29005004,1,0.8617133583109692
32234266,10,0.5774998465777219
31368358,7,0.5353861791112137
35882920,7,0.4064318790372509
2161365,0,0.361245717269196
34185425,8,0.34674256331505066
11447624,15,0.22209147710676455
38815747,9,0.7886199546454106
22508136,12,0.5259874607009307
35297771,14,0.2908692100528546
37618695,0,0.6959484959848992
29810140,4,0.3352748160924628
3632919,8,0.4692845665319048
8592249,16,0.6220659829603116
35390843,2,0.9380260286137467
33585928,4,0.6170226967706612
8895614,9,0.709514988012603
18330411,3,0.27759948278718094
3296893,10,0.4320657278287282
22031061,0,0.4052918574181324
9608859,7,0.6232554865460888
24196421,0,0.549874332001631
2722386,10,0.3230112960167803
30889444,14,0.7720113901112137
3061924,3,0.27855809123478387
39443478,6,0.35500518450013296
2880499,16,0.3126861211549952
13592192,0,0.48962004768094425
27090129,13,0.49799672508113424
15209113,3,0.815512410905764
1540835,3,0.41994538182177665
27108835,6,0.6778779497181527
7224099,8,0.3038693431180008
3167106,13,0.44048589229619145
37018475,6,0.6277652367045411
31642226,5,0.4654111239341624
5983339,8,0.37118717835267134
27261350,8,0.32541250819955964
37219327,9,0.6302484750533565
22506504,13,0.18005637871978336
34524506,9,0.37614519313605665
5901779,10,0.6967415587455693
668226,0,0.2991443800130438
38102188,16,0.47925910710194236
12487731,0,0.4155161603507924
1760245,6,0.5802727767518088
21731043,9,0.49143126707913104
35456976,6,0.5411816612489001
15318378,6,0.3519261161817249
16852898,13,0.23235429592909004
21567271,1,0.4831138826468502
19783529,0,0.5416965280919004
33274670,1,0.45586472266289774
25236614,8,0.2161795068800155
1665468,11,0.61319158172613
12703678,1,0.34700751657904916
8008829,0,0.3234954996825539
16656199,9,0.4317334136807705
31728741,12,0.3436938706945797
27152673,1,0.6376991255802889
34725274,5,0.31105936891683084
35934220,12,0.5767826813514763
23161341,3,0.5613122020942153
36971077,8,0.39122507225546005
29285782,1,0.2775320167077339
8126654,3,0.32773747189764113
24906957,1,0.3857135607492694
22235784,16,0.7180659699704361
19198634,10,0.3638523893453875
36068887,3,0.1838069088035388
33614378,5,0.6042837583771898
30296156,3,0.5580347924443965
33540418,16,0.32807987506895686
19265597,0,0.67951079523119
35666761,14,0.3728557647217806
40010954,8,0.4743306762549827
12573741,12,0.7019101588756241
37316261,12,0.39343857246164776
29596204,13,0.4113155621033043
2532236,8,0.3051902955091382
11533939,3,0.6534511541128407
36039919,6,0.4908178174902874
3472884,8,0.3636203579324476
37874284,6,0.226802274911587
2203947,3,0.6850298597399577
29884543,16,0.600517564420089
28788335,9,0.3268448186348767
33511939,9,0.4347695181455511
33703229,0,0.5454767460957731
13133197,6,0.3612848829324428
31139336,12,0.3502313716460945
30882563,6,0.5205434171149542
10972086,16,0.7094704094563654
28180360,15,0.5834156910141156
38779958,1,0.4795769764975797
16548581,8,0.34706283501101626
29655015,3,0.618568281215697
16849727,3,0.2943403209965635
3220957,16,0.535841865913651
17701074,8,0.39740366774408853
28602550,0,0.39432912154717664
34721879,15,0.19697799961678475
38463099,15,0.5984181106698077
33785186,2,0.3343498309304331
39662665,9,0.6381698731503098
749070,15,0.4675686912971281
38999203,11,0.4716249605646875
23404162,10,0.23708876446935373
24946061,1,0.5787095075419255
19859609,14,0.757784479698293
40001010,3,0.6486158651307686
39936697,12,0.5680795513293371
15570526,13,0.2816834596679206
31398235,12,0.41572789209450794
39152390,1,0.5246133418349035
30505407,14,0.878000131212628
21653433,8,0.5326319714516197
29042718,6,0.33945186659286786
3989967,16,0.3665701400509053
37663931,4,0.9857303061858448
21483003,11,0.46782010901886295
35062368,15,0.7923926369509023
25027506,10,0.4829558139987244
6190348,11,0.5119534970530796
30936082,7,0.7064546213051635
28445912,2,0.5813169275339003
20167450,6,0.48935448138103727
38648441,12,0.390435905874152
37672642,12,0.2689358594619091
32939190,5,0.5116659316785881
17180738,9,0.3067151212106738
25900639,0,0.4231884732228623
24948099,5,0.5324687171823669
10188210,9,0.43180431414817966
24499349,8,0.36327163063306267
28957946,9,0.3035854710280519
120657,0,0.5274207615352874
31376961,15,0.23399339643397646
20332320,0,0.39886803206256827
37286768,8,0.40258979464809574
6726953,8,0.5171407320364143
39781344,12,0.7389734220565676
14989749,10,0.31094128432406926
15920039,6,0.7222851624488061
29814060,9,0.5764513789919874
10728309,8,0.5086919136863589
10344481,7,0.34424424296200634
31787110,9,0.5722864018160794
40121562,4,0.3509000353570975
38564546,12,0.45448100324700724
23405610,11,0.4831117864680233
20224526,15,0.47220832133765983
29238964,9,0.6941431141117774
21120668,0,0.20443855870865912
25943850,12,0.20387671000969654
18346376,9,0.5584828710598322
33774805,16,0.6345300578466975
36417918,13,0.5179102944214595
39890879,9,0.3795935375412663
15761846,0,0.2980035600581036
33457731,14,0.6149606658718458
1633932,16,0.4699667477743821
35350808,0,0.28843186135621374
32677445,11,0.27768390794568043
9717224,3,0.24661922202686526
32806808,16,0.6258029374489318
34896728,3,0.471834185016812
308913,3,0.42770088326837014
31843830,6,0.2972551275343199
39803321,15,0.16739269864491252
11842979,2,0.5612737242708874
35495377,4,0.37466793876149473
19826477,11,0.3672941685123462
35432462,10,0.7431022466854263
34599159,9,0.38541574752374225
6593030,16,0.24425467290445474
22203332,15,0.8241999068408832
35253990,5,0.20844506847572847
16857407,5,0.3489842058584176
38991025,3,0.39989432280497067
20518302,6,0.31596800945409576
34942955,3,0.7324853816057296
30404890,0,0.45812964074430973
37803637,3,0.5963654824082198
34965276,16,0.22098952734008392
24454177,15,0.40572313312613584
13415660,6,0.4452823797852258
28255850,9,0.374692782274587
23846113,5,0.41911290644575755
1531402,15,0.858923688958118
3499242,15,0.3937444451589512
22266209,15,0.7749056233612872
24730520,7,0.3191252558792509
38810610,8,0.49631990741683524
29661297,3,0.5445585449520152
25684522,9,0.6886964008384712
39993714,7,0.5725287916128697
27886502,1,0.5297399265018768
19730157,3,0.5479303064844855
4674465,16,0.433947527779372
14955487,0,0.29242296158097303
37175400,10,0.28955071329374266
524992,11,0.4485799404075132
33109498,8,0.3110875193606038
35213780,13,0.49763332329447957
27806167,9,0.4418189390546224
31661177,9,0.2316548508838441
27326403,15,0.36341258030533097
33057463,3,0.6954548932077737
34281442,3,0.4606817907599554
22409214,2,0.30921548382771297
3149496,9,0.5305965917410156
6498459,12,0.29157471752641895
35711091,9,0.999999999991294
37245832,15,0.49576112103337383
18580920,5,0.34223150216044496
15416054,0,0.38777291221542065
36840903,5,0.27526178365169124
32467060,3,0.6045018562956092
37356288,2,0.44475558832386713
30974427,9,0.3885682312185884
4972079,0,0.44200164554323906
31269509,3,0.34101099477797703
11729594,12,0.5776524594315833
18513734,15,0.2801634592416577
20814173,8,0.5575420572887142
6407620,3,0.5095677696832176
28298709,1,0.5983291396741313
18221843,6,0.3410482330792809
39233277,8,0.35374677738561994
33586493,7,0.2605640577823091
38353644,12,0.32399949432636027
12872242,3,0.32098241516872955
35086560,8,0.5661024438698882
13665968,11,0.5839872610372748
29141727,9,0.7383991465010682
32129387,13,0.2781736348930678
7191209,16,0.30488094696967166
33131477,0,0.3528622300690163
30533189,16,0.7295067568023437
16068703,15,0.5155812789514039
37853870,3,0.6708623430127875
29017058,9,0.5731662888540723
28631288,9,0.28482187229552136
27004815,7,0.5601712561960394
24458023,10,0.6468792426646448
13806609,11,0.3728857312551125
36142326,4,0.20691037519143476
40125189,6,0.31212477165835145
34296409,15,0.39766296813121027
11853141,2,0.3777345907989743
39085287,1,0.7063599537073149
35542764,3,0.3968386476430508
38992480,16,0.612343547313818
6194533,12,0.3327425724938033
22849275,9,0.6610852493945983
9789410,12,0.8292755985580312
7916317,1,0.2958122392048139
6756132,15,0.7307643668949191
21313476,3,0.4143209247755085
37849499,8,0.24441164677388574
10035010,7,0.6639354896601033
17868597,0,0.6576184095026557
31336664,14,0.33651145733874716
28215774,2,0.42818203648361014
35027945,10,0.6447016106925088
39088101,0,0.46263945818233854
30461015,16,0.7478026116564693
26836188,3,0.45039881067117604
39133507,12,0.2697249556652197
38308003,13,0.6447383293291866
34584354,12,0.34357290373230925
33857132,4,0.6622492367802788
19808317,0,0.6052448854753019
21073857,7,0.6949467055217203
36532845,1,0.5350656607949553
18881472,16,0.3540275084700354
3950773,10,0.7691614313306046
32036119,6,0.64336597188958
13484182,9,0.4671932486111008
10307794,3,0.4745827916044047
6953370,6,0.21970290023677233
37197780,6,0.747957299079845
1602122,15,0.6609065617470343
18961548,16,0.6666077290946893
38817895,10,0.42166979735223514
21805453,7,0.4129501057065354
36463722,0,0.47885815867140236
37976477,10,0.5980203029207144
787015,1,0.5636607298139434
10203210,0,0.2968949518182293
27041646,12,0.3601220177125219
31235971,15,0.8642081176546609
35289673,3,0.4121231193837239
38524821,4,0.5160495470856695
10827112,12,0.22038884122214067
28057646,15,0.5281350554721216
14354819,6,0.4946305957181922
4031814,12,0.3613979195528137
34645130,5,0.3062593024854224
12741957,7,0.7228564267813297
9440010,2,0.7499218111084549
24937011,3,0.6361948982221587
25739026,16,0.69363460374901
20189314,8,0.38269382178395045
14417870,15,0.5687950907296583
32321408,16,0.378558315905271
15214020,1,0.578718322265192
37625075,0,0.4361045244349334
27090063,12,0.2909785900473871
12666319,7,0.4650588891636271
885103,3,0.44158330766425224
34264314,15,0.4715016848181414
34803982,12,0.2654797316295317
33612568,5,0.5154609878082852
36731323,1,0.48660188231418444
31516085,16,0.1928341400237471
8180959,13,0.37203254494757915
20131108,12,0.9393089174187889
22829309,6,0.7107494482785235
13584992,3,0.4001282120911937
8314569,8,0.33411741662447403
23841603,3,0.26901876160361693
9532703,1,0.6058622568705393
25437820,12,0.31780397011762435
9753658,15,0.31365924010459834
27876898,12,0.6370176490287275
30289872,4,0.29920443133223446
17852489,12,0.46503408503735094
39164524,6,0.6154220852732919
241250,11,0.30887279211618246
27649132,15,0.6226955290655862
15419617,11,0.5231934898968937
34315278,12,0.3839458050680399
37083168,0,0.4287829441309505
12541213,9,0.8334104520870884
25249838,10,0.609287391815427
35401094,5,0.6482143569616392
37864419,2,0.4643150382944548
37800054,5,0.4269480115129934
36847384,6,0.2855316295603412
36817413,13,0.4260236315507681
37706221,0,0.28596162037601836
35647330,8,0.3142151975014656
15468422,0,0.4199196246015503
40091456,1,0.4953882407202279
22560698,3,0.2736141391857635
35699484,9,0.3527830745650853
37470469,3,0.3248095358848348
7274049,12,0.27710787829759026
26235782,7,0.3547251485353782
37917378,4,0.678950269285964
23335766,4,0.2832404636935035
37240417,11,0.4928764880391572
24375909,4,0.6290511624589238
2248321,9,0.2604187387410898
38312494,10,0.585834704274629
28956968,1,0.43127057296855753
21171290,10,0.668404891031743
36583635,8,0.3391905826484291
34591505,5,0.2589033693751373
33801171,1,0.3176087616944806
31344201,15,0.5613708331185328
9665002,12,0.2547644440176692
32954728,16,0.602175157076718
9751214,8,0.5751275302320351
20843922,16,0.3809275944932101
2207562,2,0.4653888463877702
14667146,14,0.41942135196393643
35958510,14,0.4806739446546851
34207062,15,0.7928847677473196
25204299,2,0.3904946505094654
32031995,2,0.24484867483609354
32960877,16,0.5924716966781373
39087559,8,0.36915483871145505
15610574,12,0.52846878057116
1401721,15,0.6534095736689443
29781828,8,0.3311195402930831
19329533,16,0.916470796803883
15636601,15,0.23162228649854677
27133678,3,0.35360713647541925
6423171,12,0.5399258185561762
16571908,8,0.3768725850316616
35307091,16,0.46554995083730916
27656401,12,0.26520675110713
2585091,0,0.31140386601944275
13621533,3,0.8719858437608065
31483818,5,0.4412214025756183
23981601,4,0.711282811007709
38096006,8,0.34676650852911484
12009616,11,0.515543500707075
35776829,6,0.63129990675081
2653516,12,0.24579936690776263
35616545,3,0.16644959324927963
36723595,5,0.2805265705530359
32945732,12,0.527787557200689
33534976,1,0.4888875100645145
22854607,9,0.3187631992494955
31841751,0,0.9824311436329304
33200893,1,0.3955408129643448
8734091,8,0.5233226336770889
15913767,0,0.5024161975578081
13263122,0,0.5741505347561378
28252442,5,0.3990087605182896
8824826,12,0.6265699585616838
37045053,2,0.33953910445295343
26492636,3,0.5975744611694846
39381137,11,0.5980695902615448
20930006,3,0.5083435627254663
13688707,1,0.41015111673414545
23476331,8,0.2762064431004661
10259282,12,0.28958385807949083
22209145,8,0.29747590148679337
39147701,6,0.6171170191372949
15525416,9,0.45971509977223923
29035094,6,0.4280143091982113
36118077,10,0.3962460599991085
37440855,1,0.2882976973359927
35001186,14,0.5772634917383856
9084228,8,0.5541409155490197
1552260,3,0.24522320189744518
40052616,0,0.531220410836945
10182487,12,0.5637159965168828
33935557,0,0.6338915594095968
19685002,9,0.6437962210125648
33692619,8,0.2960683114222468
26247960,16,0.5064536770263872
14987106,1,0.552327783317149
32647939,13,0.33393118054214144
18281082,3,0.5786595707804625
3199363,8,0.41010865935559426
6283481,16,0.9826286179316129
25062068,8,0.5669958300851674
13552907,15,0.5393506324402927
23125471,2,0.5138254621592816
30971615,0,0.41819849072529897
25980802,7,0.27180654237229834
24277313,6,0.6678748997606907
10290990,8,0.5748300476463633
15279429,0,0.2256498630416254
2876517,8,0.6551120144965004
14466713,9,0.3675841781611436
12924792,9,0.4406704283608626
29681457,0,0.35181086346607154
31090572,9,0.35703374215310996
38706655,12,0.3487927335774074
4463395,0,0.3338660207632839
31407900,4,0.8912459513195039
36773053,13,0.4203265456496579
30140437,7,0.2697751024596158
31964930,16,0.6691929809152111
22207212,8,0.6250665309334469
33617120,8,0.35338902239815084
40036942,0,0.6075932348153859
23125671,2,0.6249946756287952
17056775,9,0.9001793228497761
27629797,3,0.308191917867628
30811412,5,0.36700931421043487
18878663,9,0.4917635360567974
10032077,16,0.3040418682355374
33239147,8,0.2901273479494872
12907004,0,0.5488677756925575
11019036,3,0.22958339768211355
17302166,8,0.28635898689622524
29904851,1,0.5838603644653616
20229291,9,0.3384889081282907
23774619,5,0.6298325562075276
39307257,3,0.8762340235202466
25778004,3,0.3532727740116092
39281199,7,0.39297674229441376
30553824,9,0.7126018131718537
35675601,2,0.3737797710796779
18043537,16,0.9271478224563096
23819365,10,0.41132097432260095
7945730,3,0.6078607136176392
1274869,0,0.44345312653625685
23032990,15,0.23051898167840668
30910270,5,0.47728121474017987
9311312,3,0.7940230321468585
39427492,12,0.30851922755802313
21562815,3,0.7485628997091315
38006968,8,0.5217090855933642
21184299,3,0.44249989508175713
5803290,13,0.4645911373242249
14719776,3,0.4746306960562226
30257408,3,0.36843558012962935
31260389,3,0.3844773314063495
24419525,10,0.48488211063430864
24677595,13,0.5561995478299407
37837148,13,0.49532625190157237
21101557,6,0.4518002311226361
35925625,4,0.36200686733259807
29807201,13,0.2633718844056689
16637735,3,0.3942333462793033
33139896,3,0.35404169834764443
39115933,13,0.6988783354638858
25129881,13,0.44966047138142534
34374424,16,0.35153700325313975
15884038,14,0.6677533339397272
38534817,10,0.3564939949277085
8900768,8,0.27635654159471423
17982967,0,0.24325123708044807
16048056,0,0.37539368966708203
28478085,13,0.5013996345750643
34074049,6,0.5727925380468455
30403606,7,0.8016005274239979
38226401,15,0.4303724513135884
26914462,3,0.46630197349984936
38884513,0,0.20309920759197891
34006847,9,0.43209462241022184
17758442,7,0.58129948691074
6194865,16,0.2402968805707015
9050408,0,0.4674899146497819
30408098,10,0.22326889827035282
37127292,0,0.3761559710435923
32295879,1,0.2590523251367955
36400683,12,0.21477507304892077
17218151,14,0.39594140878419054
4917893,2,0.8000039283897912
9099523,16,0.6681884744080923
34718095,2,0.952278989810181
35707214,5,0.3674720402983786
34878405,15,0.28447519595989684
37140933,3,0.4666871241514371
17432157,11,0.44070155431924113
18039190,5,0.41345242807146804
13113726,16,0.35191608646992417
20445060,1,0.40707724825268726
27490714,1,0.36003899040246795
31372778,5,0.49034560169536984
39956663,15,0.5038413905658785
38398029,10,0.6739748333148129
39684365,9,0.5820321977627801
1292817,12,0.3417625867166489
31187335,8,0.30398887666500446
31868441,1,0.9321322073424011
33153606,13,0.5121256457696084
2461964,0,0.3675682211463484
40062073,6,0.3815882106860668
13319442,15,0.6990666448379173
25069246,12,0.400783744944964
33722336,9,0.5938015270581153
24210700,9,0.6569446163297826
39148477,0,0.3358641322618324
38809858,7,0.6444054286657741
23402882,4,0.4917159937285162
34938686,6,0.6854823277158164
24757879,6,0.3379134363919625
33739182,9,0.6617405996903736
19206459,13,0.33810425785983667
17076141,3,0.5920934254560979
7544258,5,0.39170805653601753
21221595,15,0.34134550378224415
17600942,9,0.37966996715308754
18492273,8,0.45014950965306383
30550812,9,0.35308770601137546
39808573,9,0.3680120600613663
20266163,15,0.8346426570790744
29289288,12,0.362855916950048
1085852,0,0.988737105341733
29478684,15,0.31021993909668016
19859827,15,0.4116928651389712
35113081,5,0.8253657235741066
17434399,5,0.35737371383844224
18478287,3,0.42305713373647924
27720034,6,0.4596326683866828
22781227,8,0.4832421637881429
26441492,12,0.6172818727609929
10069336,12,0.4218990718145844
34850315,0,0.43384481203767566
24187487,8,0.5591357527855172
33016142,16,0.5537213269182222
30662112,8,0.2604169995484574
25594970,6,0.49344679089323523
28226308,5,0.3797390625129164
9149151,1,0.7104505644824404
20220990,0,0.43569292221529365
27595349,6,0.5670897905630412
36963406,13,0.7096245720831251
10771163,1,0.4932879868887458
15471233,13,0.42261886931857323
30451190,6,0.4010196448558749
7465889,12,0.6688982211407081
5653088,15,0.31049122325331313
23175978,2,0.767063738950814
36097275,9,0.7530040331155519
32566188,3,0.819511868382297
23699870,10,0.5191934608119024
8916028,11,0.4964321796890138
7273841,16,0.3801573073818132
36446729,0,0.6638500180657558
35569447,6,0.36328171584518926
10272612,11,0.657238002015857
29458653,9,0.6567479448292741
25264279,14,0.5367037041852001
33391736,15,0.6159102213934501
37173122,11,0.5681550276891557
21972020,10,0.4900892584987369
39541722,1,0.35795459559522186
38670267,13,0.4831407335274303
21797181,9,0.34989792394525404
16714617,11,0.33043701969600364
34386096,7,0.40904915340645226
9682328,15,0.8763073977763083
27664896,12,0.564395708455637
37441218,9,0.49617236420345256
27369247,8,0.36271273664822024
21454299,0,0.5265927402131587
36707916,9,0.2519082818831304
18638499,12,0.6569878837484865
28037248,16,0.4646886043485689
3421290,9,0.6077870708068528
31465161,3,0.1725783948049193
5704590,12,0.4354696184189538
32157517,13,0.24608841538250176
6471081,1,0.6769217294643212
21245219,9,0.35091387181569195
22905129,1,0.5091966541061467
35994465,16,0.5909792277849427
3026678,10,0.32048542043831146
13851757,12,0.4783186986316196
27350944,8,0.32419132477692053
24913505,1,0.39776360637089825
25163023,8,0.6662400505439768
37351733,6,0.5506092846383057
39214484,14,0.6133678703255175
14015152,3,0.4233214830716276
38535456,6,0.37225814596693774
36144981,15,0.5612700344329968
24406692,2,0.9269133379417159
33866352,7,0.4873956321261891
13098457,11,0.6164348552826159
38726250,8,0.27906980306945484
14281251,12,0.5750168192780022
18087720,13,0.2935297103063795
26874346,8,0.5762172434629995
14149210,1,0.30704744540051326
23929778,1,0.4957946035236312
32081680,6,0.29910026044718757
10539373,3,0.5184379100976668
34481169,6,0.4308814516071953
14151021,12,0.38321643699851105
4393340,12,0.3118851481935737
5690888,3,0.6362614297189612
25752315,1,0.5944205553693248
25741655,13,0.245158588840721
1075652,3,0.7930158439823533
33889584,13,0.2623260468641834
28833593,2,0.6983970624579078
33852378,8,0.36490434498608443
33443233,1,0.29283150932717855
12917792,6,0.4093286295299372
31508043,9,0.5808535758214177
39732495,1,0.4828129334774265
34923628,14,0.3483956625795625
35665838,6,0.9453960708747695
33199172,9,0.33512568195884684
37583078,3,0.29609298567417197
30580301,16,0.7551683258107936
33027992,8,0.4706099081944092
38569603,15,0.65430212613363
23578396,15,0.5565727202173442
17935660,11,0.37686572492494524
5322027,10,0.48061113509374853
12554085,13,0.33055323804602943
19896733,3,0.47203877136102207
39550050,7,0.3675414556265218
29616749,13,0.5597499838313735
22703385,9,0.32146374273601924
27517425,4,0.5859011028085706
32876962,0,0.2543792354589729
35959358,9,0.9335514108451138
980932,6,0.37213953072210343
22356567,8,0.5826117119073064
30713927,0,0.599688211983902
639949,16,0.3697873806235584
29183653,7,0.5799767082152009
25328663,4,0.4176071322604056
28886558,16,0.4847100701619278
13003949,5,0.6149289819358484
28636741,8,0.48769056655472814
15736578,0,0.9778048045719571
22913012,10,0.4928220775084182
4119813,6,0.38820080350926406
28573545,5,0.6606052602316538
27094838,16,0.5640371461248319
8990600,3,0.735100651397797
36939522,5,0.42727095479416066
6889785,15,0.4689757137827335
39533452,10,0.2486555394911879
5143593,9,0.26319883907084757
30141853,12,0.38377381965536356
17921455,9,0.37960654340849787
23148216,2,0.7028705965865484
23006458,9,0.39490576428752944
37910443,16,0.5040724521023336
8579098,2,0.4309397036766549
31708990,9,0.6240371313468595
5770944,10,0.53933880065447
26759339,15,0.44668626419346347
26720307,9,0.507317473473013
14149613,12,0.3644892558909389
35954990,5,0.6744438212766392
27820713,14,0.524848236881641
4449261,12,0.30807150077646445
33001507,12,0.5816051183129841
33261630,1,0.5646870071247415
15604475,1,0.6356004008594345
23228276,3,0.4002183700088819
19298147,9,0.42415032767261057
19140431,6,0.3678154951460616
16096754,15,0.6984318604453889
27391006,0,0.2829213726273026
35196065,9,0.3530213879244345
28859183,16,0.4265552523853708
30522672,1,0.505557140591383
2543672,7,0.42913630739062153
7987269,10,0.48274566074687
11096134,9,0.33561078551810203
23310864,10,0.5202145333448731
26747692,9,0.2562192919213207
35841701,10,0.35153788824807597
33577192,12,0.3564268897794037
35046437,9,0.32540362043632326
4225927,1,0.5789853840129666
17124365,11,0.2773143389638129
37296209,2,0.5413660115152974
32704725,8,0.5176954537027647
35702936,10,0.6005029879345518
34803766,3,0.38830705691125095
27609865,3,0.48946858923418823
19037116,3,0.4469748780593203
36228516,15,0.7166037447912005
29487090,1,0.6607463368568114
2591845,13,0.5489724238973833
32006771,0,0.5410074202211264
34121294,16,0.4104090090230274
33322435,10,0.260755245155851
11067916,5,0.4781218627780411
26223951,12,0.48490199358641606
25024203,9,0.5453179520773537
15790691,0,0.2648529714265849
19646716,9,0.7604049128397387
12657867,3,0.8121624166345859
22551408,15,0.6039041337321376
38932722,5,0.387851500702154
16485237,10,0.6335634766218867
11541824,1,0.630740474960711
29832160,13,0.6036916502416413
10364818,1,0.42058280622924626
11856815,16,0.3848374262696247
30554114,9,0.4588461120281704
38902553,4,0.36856584673766013
16464015,9,0.5893343135291432
19204776,8,0.22773229559371877
21704646,5,0.7326662190071638
16929639,16,0.2683938927023139
34272186,7,0.4510820629061406
34016106,6,0.4537426961188471
32583125,6,0.45425050007352735
39007820,16,0.20487762405874135
23857535,6,0.4950692766225395
27212153,13,0.7839925028692379
34301581,0,0.6144341174109584
39509392,1,0.5600784964785768
10977114,15,0.4531267977197206
29651027,5,0.7773186217263877
36190751,0,0.2229924494526555
8346164,13,0.302405492236079
15756285,13,0.406017876678913
34405649,12,0.4054478114654398
23143513,1,0.29521848828184694
25750247,9,0.5083721540132469
1210118,1,0.46221733317276315
32617086,7,0.3898001813939458
1150581,12,0.32556768926458046
13345284,6,0.15431468455585462
25266999,5,0.30788051111450576
1241893,3,0.27758031588852905
26488279,13,0.20302455081987025
29322824,12,0.46013263077442135
25025299,8,0.4317587052542319
3562441,9,0.3520192627699061
38702364,4,0.3397071338945739
31676473,5,0.49760927816931055
38641162,5,0.39129414000139995
35108617,9,0.5130979412586568
19129106,9,0.44815435215042565
33987864,16,0.2298704819182407
11154634,7,0.26756991791192786
37753671,9,0.46278564048129395
39120934,4,0.6531220463526306
30356069,6,0.5307118306895983
7749914,3,0.6655382021258629
31618733,6,0.5111037273329206
27954926,15,0.3429215735113603
12308028,12,0.5187214768834405
13295205,0,0.2924621660492999
34842697,1,0.3713744440147292
33582424,1,0.37866475148197376
37827808,3,0.2637941361532793
28464886,12,0.30775680624652973
24618648,9,0.3855205525264858
39874047,15,0.6052872447277153
15825241,14,0.2150178607765488
12364981,10,0.6985261144237749
23679318,15,0.7778616838631944
31076197,16,0.3807165544411398
16591082,2,0.48492172750907714
11465158,15,0.9999999999890462
35183140,8,0.3876806382527661
397125,8,0.5944925146263481
8440824,0,0.46756129644285244
31565901,14,0.7298934967501225
3324733,12,0.28201641018415385
26575661,12,0.4697501896575632
22675840,2,0.3536903814855679
20409518,0,0.7434203166273797
14572999,12,0.4971322783942309
4665342,12,0.5420239029748651
35152137,9,0.34382324519113694
38213595,12,0.37905376733057794
3642748,9,0.355490365172289
38625435,15,0.4257693464349099
39003982,15,0.4688588214124592
5230699,8,0.32094693171621
20432419,15,0.4985523335105004
37132594,9,0.2406503915786996
38256373,0,0.31034560683354445
29317526,15,0.37570776251853555
39256233,9,0.4844429472420727
22284018,6,0.5226177765932373
15272918,13,0.4373012006247769
5385959,8,0.5466035345932813
12796443,12,0.43762603647539244
9919342,15,0.9556068316066625
7010551,0,0.5886896242355831
34253933,12,0.30327954312821875
1383863,1,0.5613138741120355
36387302,1,0.38130823798940805
17202243,0,0.5624673110073725
15007867,3,0.46413474211032213
31453414,1,0.4311477190233738
34108502,12,0.3943056246616186
28313984,3,0.44716803290692536
24914735,5,0.36848350071935493
4516358,16,0.36243143745352285
26470476,2,0.6564065211477833
39205979,3,0.33066225505540314
30254023,8,0.4812314339026747
14344474,8,0.7354024969082606
22452512,4,0.749295855085669
39662811,6,0.6484125609272708
24415638,10,0.974725372911722
28354567,12,0.26785062785193464
28274133,12,0.5774884635477769
12353996,12,0.42655029593939636
15864846,1,0.6649219195431102
27957569,10,0.2794384829279694
39425284,8,0.3655077985841377
27046448,7,0.3497541744823397
13238566,9,0.44995864780566436
32378308,13,0.4372195389512913
219215,10,0.4920056855085823
39638324,5,0.5617676410081451
27389165,15,0.2852956557497917
28730805,5,0.262940909982664
9752017,3,0.5421821334217157
11195140,9,0.5474053437731089
28316119,16,0.5632676999018837
35510972,1,0.6034457413216556
38614156,9,0.5764155056725544
25506527,3,0.6318500001678143
19645527,0,0.5584767885013928
33763621,8,0.24895139890576223
37034308,1,0.27071750992638294
33748040,16,0.5276297229536444
33535386,5,0.329551796618383
26869977,14,0.8667953001139038
33113031,14,0.7484440666771828
35896970,6,0.8861239534850174
34418667,12,0.5732913547699582
34241050,3,0.8070567732199607
34846503,12,0.3169211229932586
32328192,9,0.33082132902821365
31189199,6,0.6227525832844556
4095749,15,0.3877818513383185
29521027,15,0.7744754187285776
38658574,8,0.5034068397341098
20981691,7,0.36082611896459194
32378647,15,0.5622241446293079
40101329,3,0.5239448234135144
21110713,16,0.49746385600903265
19074645,8,0.3006743350516785
21665629,8,0.32046270617528627
5084934,8,0.208846321384762
32587183,4,0.6768484379657226
39144482,14,0.772238633025335
6998366,11,0.37122141289227845
17042602,10,0.3660079238236594
21790459,15,0.6964247864558001
37730650,12,0.5165411823830335
18492000,15,0.47925301980805934
27377142,9,0.20028084013783218
17350774,3,0.28233782098557597
37450334,10,0.4701600594829724
1328041,0,0.4134084545860378
4107070,2,0.9112262197227035
29745032,8,0.46476522037971596
32936373,8,0.31048306090688876
14764873,10,0.21769392243128077
6689935,3,0.5957489761960246
13633521,16,0.7242511478315175
33270673,10,0.6567890058434324
6315501,13,0.2849721215710817
30364958,16,0.7138103407350838
35797523,15,0.8922193605698671
32742250,12,0.46268732346456226
20701484,5,0.7283888963779594
10390537,12,0.3496446290932075
17128029,0,0.5788001997313984
15598867,5,0.5337239337398908
19996940,8,0.3993840011082109
19962300,12,0.562255668785232
1621806,3,0.28295965861912753
30211966,16,0.7704144247350564
34481924,4,0.5051158289307958
33273792,8,0.4532258479439927
30583738,14,0.7855166714412626
21054359,15,0.9310973928050802
26885143,12,0.30618139849595444
37121222,13,0.527228964608881
27025359,10,0.538244650923433
7057450,16,0.28254384301923013
3080450,14,0.2388971633310651
29250319,1,0.638120897547038
27830650,1,0.47727147601759634
26762740,6,0.5859077182196412
23483503,10,0.49073372682565075
11413657,8,0.5761640187800855
37206973,11,0.3295890168050859
34040241,9,0.2545753588171982
13278959,3,0.5834953735443051
19316985,9,0.7249340795876463
7954784,8,0.3653097187879049
5452648,12,0.3530163194648728
25918393,0,0.4996526452615927
10925507,1,0.3744444049273185
36980910,15,0.3395300312899106
36457040,14,0.6849259987818556
6515160,12,0.49637909127471813
5881615,3,0.48882146204193244
10953060,12,0.36812336359694015
5091914,12,0.5384764750027674
22333700,14,0.42861935670267287
33619895,4,0.46713598504632964
10839836,5,0.7305486315523264
25583468,16,0.2603419096672753
38797281,3,0.21344668033328407
24447994,11,0.4006857172922743
38197722,15,0.5955999374018549
22458192,2,0.8856971725396909
7632589,8,0.2244465423208878
39447362,8,0.6508453188953114
12322065,1,0.5146167943872981
20941428,3,0.5160553044237741
17086289,8,0.2819211004415125
29443216,1,0.5382976949447598
16121425,4,0.662162606926145
38450320,9,0.6656496256007832
38718190,2,0.41429863362455305
18174401,11,0.42975334436102497
21259988,7,0.37229773842422764
20110732,3,0.3099817719215568
25952922,8,0.6593386977463693
10447010,13,0.5375621468124433
22667298,15,0.4257101958900316
2170228,2,0.4172731213734636
40004639,1,0.8059765824727397
1959744,9,0.6204256025504469
5384632,8,0.2895495240193603
35263440,6,0.326150787145658
31751230,4,0.5348741530661345
22605344,3,0.2748359815728837
19165751,12,0.22985041525220268
38947658,8,0.2685648411232942
33194533,15,0.47029882619344254
19439961,6,0.3119796837703572
37462656,12,0.2780325904491982
13822642,7,0.44981214321467955
37735296,2,0.6246806794450581
35049873,15,0.27011511206468475
32285022,15,0.28986455350217416
23130008,9,0.3086658885882989
26558688,7,0.32574760425151844
15828312,9,0.1910372408492454
4063392,16,0.6990646428047906
12408414,3,0.24200885570674346
4537355,3,0.6094871815364352
16359052,15,0.9593687570992889
33047762,3,0.4716746859724087
38133980,0,0.6487149857773535
7200606,8,0.6649532569456025
27624166,9,0.2509523289587524
39150996,9,0.29760877587065865
23265920,15,0.26827137548607316
35749955,11,0.41148165829702954
35350065,6,0.8947641406091432
40049320,12,0.4670295338026585
28641210,6,0.7247103650917454
3833717,14,0.42836623258474577
28195586,4,0.381621478383501
8724729,1,0.5063497595001187
21052946,14,0.2477689247585613
27735413,4,0.28865908672131074
31954983,13,0.3816457024664598
30429608,13,0.5114240810582674
5507156,12,0.3385644845302077
24012547,7,0.40205609466879894
27031629,15,0.39862784475389434
23689357,6,0.4007912602561177
32425153,0,0.8489718953537945
25829049,12,0.3216340438127018
35704722,4,0.5353868210885859
29860814,10,0.6016072514562223
4103085,0,0.5076235713049293
37346269,6,0.30969532879928185
38558171,6,0.5540467412124561
24881554,9,0.6057041464005934
9504937,15,0.36918896750568675
16745487,1,0.6761659221522572
32302687,1,0.572261955945314
35228982,4,0.7526958798744567
24411931,15,0.2136773189097202
29261917,15,0.49099147532969123
8495786,8,0.400413152336308
34779058,0,0.29082814404818186
19622241,11,0.7480576029195253
17920147,15,0.5013912745107469
7778809,16,0.39063019798291915
36437397,5,0.18397461741469126
28746247,0,0.5010388257222194
39907708,14,0.7571189115354756
383760,15,0.2231838149435771
38242445,0,0.1880292362792612
13304136,10,0.30642291627949486
27004888,8,0.32474736103063245
38729081,11,0.4831941391985698
33260651,3,0.5663668204332397
23290114,13,0.36412730306660485
9850973,1,0.7840033441110686
34846713,1,0.6129411540748285
17015490,11,0.31709634636506573
15993006,12,0.5335533759774135
8904318,0,0.3881411371321194
37502545,10,0.5603646497313397
37354022,5,0.3684958283761101
30660619,2,0.6532458048480873
9671530,0,0.546039703361386
33272162,15,0.7346310030960086
8686225,12,0.3765491147106399
18295751,4,0.6470270646826852
8327365,0,0.26902563849171346
39905822,13,0.6373500549224552
39060386,0,0.2942464737094327
26449057,5,0.9038555529679577
14827983,1,0.4297778427303323
22244642,1,0.6622664721584508
33697530,3,0.4629039559895094
18431821,13,0.2642918880061466
31982284,3,0.37531819159084834
38733897,5,0.9153727125562798
40071165,9,0.2865648435902134
1596963,8,0.3896085392124116
21032497,1,0.3367643270158054
38928949,1,0.6303315253590696
2801154,7,0.8044768047538456
29454595,9,0.43531557939782467
17116718,11,0.33006950698022336
40098680,4,0.5345899548799092
9390536,9,0.4059265671080439
25766209,9,0.49064572555271574
28233766,9,0.3645721919265236
2940948,11,0.42714724887717703
24804527,5,0.4416763930749304
27027316,0,0.22068623423553185
34812542,5,0.6206940204441368
30009948,4,0.7316436113692919
27732965,3,0.4921852906406918
747781,10,0.6943986928964393
16030923,15,0.49875127954447834
22298050,5,0.5592325103509463
12934699,9,0.2715933256766914
21506864,9,0.29119991742002843
26489449,9,0.5153235424922011
30891094,0,0.4915664486780284
16719263,5,0.6379430563610281
6075974,8,0.34805599159742595
38562144,14,0.5012839307635575
14395115,7,0.4271712977221099
4947290,7,0.42899711024262294
39658549,12,0.5340397359027105
34126448,16,0.571437013930853
26513125,7,0.5692703191443277
30647997,0,0.5210506679851907
38130054,5,0.46975566718072737
6256183,15,0.6425199439515847
30486773,12,0.29187043246602656
28873486,6,0.8507323265497494
28011551,9,0.2795361555594753
32280480,2,0.3533558334019804
12320143,13,0.2750417860938743
9091073,15,0.5298178874051217
25258755,11,0.17681001825601764
34544925,5,0.3982955413019629
14787461,3,0.6297624375416869
11068198,11,0.4786818688265294
32315491,0,0.4816443830000714
15305787,3,0.33461804987123045
13127045,10,0.726790013663272
24604983,6,0.4131390740645555
21677964,15,0.37905046002047216
13639461,15,0.3187942068503427
23636077,7,0.3202977500203682
40063317,12,0.4365227277314282
30674777,4,0.5619043905029922
40090673,15,0.5916219458155297
8281762,0,0.7685243201010972
31967010,6,0.5910633651716166
31381183,7,0.4126613418455341
26858129,16,0.5827840901283703
11315259,8,0.4986369656243817
26652845,4,0.5956929311196029
35311269,4,0.6358745479858056
16505456,9,0.3112832981063818
22347357,15,0.6287766851385553
16909779,13,0.2739280684606079
37590721,16,0.9999999999910342
28616679,11,0.4001310544526265
26342588,7,0.42240005135936237
39781172,11,0.5484314307272725
31121026,12,0.635932351820276
19956622,3,0.5531203710155593
30900003,16,0.7296526827731037
9292169,3,0.22449281370992852
16818338,3,0.26026067302182815
17913377,9,0.5557156725202528
3665414,15,0.8254903067990589
36632745,2,0.817224630604377
18082319,8,0.7115001868542894
33455463,16,0.31822171062381277
37883476,13,0.3758928300040611
23188991,11,0.2794415785670054
30133505,9,0.5809875334127083
23020520,9,0.8369751373873251
34857737,7,0.48329937192270833
11794466,3,0.5189208879537469
38341323,14,0.5956714994416389
36427800,8,0.3675430870730541
38094679,8,0.5448476214685097
19182912,15,0.7398738545467343
22788770,12,0.5839516766779991
15791553,10,0.4423914493397741
2717282,2,0.8331214676584717
37087613,16,0.5392061974601728
9702933,12,0.4031049702010861
30397874,13,0.5465667520278974
22115831,9,0.4030222904749996
1504729,12,0.40935927899445296
20804956,8,0.4428660719303091
2942940,12,0.6396889842601151
4702274,16,0.7178977872836161
13068043,3,0.6406740780716701
17683701,11,0.30432274246257107
19349117,12,0.34915968583613527
7270022,3,0.33600213590809985
31421283,9,0.37145961722518916
38658041,16,0.7278223949653938
36684140,15,0.45236793744420306
32389221,7,0.30480544265870835
11035076,7,0.40524393581493173
17023170,9,0.4571754234944942
31714221,16,0.3040085202080761
8892831,8,0.5772371679970657
27178126,15,0.4717013181249383
36662624,5,0.4742305574666796
40007815,0,0.3659725995734985
18221294,11,0.45168838041542536
30695709,12,0.6184425372541457
35663130,9,0.9120042566439548
35990123,12,0.4521417771311277
38470092,11,0.23870160613075303
36958314,12,0.28089379687622545
3824179,15,0.29785679889015354
13797624,16,0.24052967977085077
16957167,7,0.6188593304270169
39738285,12,0.46029072789731174
14804291,15,0.26479754223136476
39188888,1,0.45601519766195864
31758913,9,0.29020412980003524
27434569,3,0.6062199002270199
11651553,15,0.5073590800000879
12715804,9,0.5077757723570842
13774397,6,0.227311711717472
5306756,9,0.722472201645786
19371849,2,0.5527860275943647
21870618,9,0.40021639476911647
29179670,13,0.6064591675810875
15098431,13,0.3092060796546632
36134850,4,0.5810066015884866
3606743,0,0.7159520191376988
12098559,0,0.38602878679096164
38919565,2,0.30245609047570665
27910855,9,0.6017351851147716
25771516,13,0.39881395300749684
32043124,3,0.6754812824217735
28988072,0,0.34529488713718265
11657614,0,0.38126117221910477
9372456,3,0.4255926852892397
9767585,8,0.3185183679528224
30961846,5,0.6075817224107721
15870443,12,0.266974224246029
29043771,6,0.7899753697236465
34964426,7,0.37848032572796314
11302487,7,0.7561610222400542
21448929,12,0.5466719309358461
30036303,3,0.2365733335762566
32762924,2,0.9264882743663525
39329309,0,0.46148476200324773
35330808,11,0.7003724507412716
3244876,0,0.5227452530270559
23439131,5,0.5593405529662188
38446908,3,0.6450222871608022
34846325,9,0.41917069793305706
28439394,2,0.5158824992636033
35614466,10,0.507431919407062
34244191,3,0.2948624171824705
9946760,8,0.3037884481478077
20470970,8,0.4008799183398382
11897597,3,0.41024764512002665
19349902,13,0.5401420413318851
2875767,6,0.41459758153086407
18609513,3,0.274560805433704
21952175,0,0.444745325472434
4894976,11,0.36465221229466344
25634624,11,0.506926824278557
27286275,9,0.2739007445481602
2063412,6,0.347218882827638
25513698,12,0.40418966556485536
33168099,11,0.2032761112167929
30682836,12,0.616132668213167
15266818,15,0.32780932809997126
32646389,8,0.7477959833233276
32548708,9,0.6041826399332701
30149776,16,0.5838465104219803
22069727,3,0.3827746024580316
10075065,8,0.3099155344789759
35748549,8,0.38654371086371286
8225460,14,0.6676916142396516
28818036,9,0.5220758618148393
11927604,0,0.4139628833511773
3976795,15,0.8100748502443544
39203384,13,0.19977392350081394
20360293,0,0.7612813661304153
10202306,0,0.8768756717736923
8858145,11,0.45102938893579897
1876131,12,0.6604575235035794
31898989,14,0.32733606445610347
19215847,1,0.2545208048899148
35752388,5,0.3585466579832919
33434990,14,0.43841794338774187
19865964,15,0.5045776629739473
36213883,8,0.3348387766150943
31219359,1,0.7570103068818617
16592420,8,0.4326102862682248
5764664,16,0.37567614838947566
16351436,14,0.8181760403136974
19264922,3,0.42415905082416483
19058985,11,0.629076865153593
34596576,9,0.31221296355190814
39934802,7,0.5279110957186958
21860661,9,0.5991710584437236
13566747,15,0.42780297912822546
22565311,10,0.25902708523928736
5783516,8,0.34734701849715016
30753390,5,0.468960798160612
29015221,10,0.5253622595115903
38427958,3,0.5525632725678008
25318639,4,0.41452441358693626
26473885,16,0.4331877168506116
3375375,15,0.44339626758688383
17184225,1,0.42594938038977176
19242826,11,0.6648425210302693
20528081,15,0.4428143848693901
36487527,9,0.7207275363176979
30370110,1,0.44060579937800565
37886785,4,0.6745841745982782
18592785,1,0.3633290096975703
31119510,3,0.5006673627611398
30979092,5,0.39792846007329963
11641435,11,0.6080243709780289
21747260,0,0.5914109749279731
37372401,11,0.3056915928220657
34885107,16,0.24566165547298666
23009552,2,0.2998450216225746
19109158,1,0.2965131171824987
19289291,12,0.3578620661497112
19166126,13,0.39831891788834906
20849316,12,0.31803633723356184
13674792,3,0.5322252231899469
36975738,7,0.2604595401148315
10400139,9,0.4462122466552949
25045483,14,0.31210116004219396
39379805,13,0.2999544138892014
23184263,16,0.2733076870710707
39969218,10,0.4802091335175585
19678342,0,0.18747342472869738
5481686,0,0.6790471482852526
21996288,2,0.3411281658819194
27645132,11,0.3756821148731517
38879220,8,0.4711203116612422
39499959,0,0.5090537268071758
33353855,8,0.41749834979183925
10850052,9,0.4024031151408653
16687433,0,0.3119806336702898
22076449,8,0.4860765713185481
33030056,7,0.3064170717305518
36028382,13,0.41523541558088367
18174883,16,0.7991251644875296
11618913,9,0.4534513318579803
32529073,9,0.31766525437295995
30655847,6,0.5586215220552192
19134404,2,0.26615729805945715
29343107,9,0.3312932037863258
6630645,15,0.2871384422088806
19440322,8,0.6412752209630501
18880625,1,0.5316839941805279
34108696,14,0.529505802364337
37246630,9,0.4353630976999145
26243682,11,0.31868000765653814
38944814,2,0.26757951642856
29064053,5,0.44346214705532894
7589238,3,0.5253563947790107
2768188,9,0.46488336005264974
38552285,3,0.731006279487087
36046230,12,0.3715563708817019
35143596,10,0.5808676004245837
11130831,5,0.6308996520585117
26430607,12,0.4233941393245707
27646065,10,0.2394972234146867
34781904,1,0.5459744641336666
35096360,16,0.5906004257371489
17697170,1,0.2679523284931874
25417713,4,0.608753264994468
10110083,15,0.19916009384025515
1521058,10,0.39389617369250207
30412340,7,0.1471999579598492
28619045,12,0.3035145451633319
32188352,15,0.45283881453240876
14222773,6,0.26043124587562116
38819570,6,0.4839826876248221
28668698,3,0.6065444353529635
11611849,3,0.6931141596806939
855514,15,0.4361743407391819
35948293,13,0.3683448330728398
18301980,15,0.33144549776551574
3907611,8,0.5220209140927454
8901996,16,0.4901432471828665
9252688,9,0.15295649635842842
35260742,10,0.41197041088683906
5136611,8,0.32654405828519517
32971485,8,0.3346807441081842
26345196,11,0.25719398658595527
36068832,9,0.4946658912842198
37106475,15,0.29838611022901107
20461772,15,0.2723886043436691
18232150,6,0.5163169021199894
22387024,1,0.3432145629809815
40039457,13,0.7406155285429319
17831211,12,0.4425512324477154
11982341,7,0.4807567433380656
38963822,2,0.5061896734339514
7222382,9,0.3259661597672757
35502121,12,0.2747417780950061
32203982,0,0.19312871824750785
37341764,15,0.3758170019236307
36410373,9,0.2715412112444168
1448429,0,0.3641171616830763
39348496,0,0.4137642278724659
24440960,13,0.6118739839817839
35261588,4,0.5836782365976109
37885882,4,0.7583986082872763
33412974,0,0.4915724549507074
18236155,3,0.3358858005323262
25249259,9,0.7624463658610552
33681855,0,0.5048606453148939
34757803,9,0.34088140305917985
37335938,3,0.6270646391299102
39557313,4,0.34118854936674986
25726924,15,0.6891091205262039
20579397,3,0.5164929230642575
24234034,4,0.2102556684006889
35397621,16,0.4424117222483051
30662570,13,0.5354193129806318
13025332,3,0.26465612871699795
20199962,6,0.6788243110589536
37528077,12,0.8065117553881286
30815468,3,0.581941512588158
29929639,4,0.46110946224579386
24941765,15,0.613775172996642
8060397,15,0.7422097956125555
30121441,15,0.9450183660648951
4707296,15,0.26425786974951737
38994930,8,0.3623097865460803
34485056,1,0.33601359820411475
33527030,8,0.31919669777030246
34445692,8,0.3283795357103662
1212108,0,0.4197604394052872
15486711,3,0.5148004460408864
26801068,14,0.5247747817275682
22806065,4,0.6750300996221437
20551104,6,0.2766610779226236
7698716,1,0.5261966126240943
38609421,5,0.4758115501555843
39257652,5,0.44275873877968724
20870812,12,0.34957904523283034
26894144,0,0.4238738708963757
36794592,1,0.5258713495509258
31836695,6,0.32019275224213833
9964911,8,0.5785044644561744
25770880,7,0.25535723490382645
27912764,1,0.7484346649795679
5498060,5,0.718423677779991
29733476,9,0.48886229002712145
4605929,6,0.34743317720687356
34598298,10,0.6083836203836733
1491796,9,0.5557807997610621
39646631,12,0.4106203811292372
35090521,9,0.3861459542090807
37232387,4,0.8551114251774845
23023878,5,0.6712834226667093
28211280,0,0.2492490241629287
36723003,4,0.4642364940904542
29338190,10,0.5104325690753132
34369849,7,0.6401551105448038
5041682,0,0.25355836833354606
24028925,8,0.6481144015453344
702986,6,0.6159712983734207
21226708,6,0.33703547563084457
5156663,3,0.27480720086955923
12332195,9,0.3498230514242677
1189253,0,0.6838770317710141
30253198,5,0.4023881678730857
4733838,1,0.7933946326537787
11087553,12,0.2143313165374918
36786056,6,0.2877591238936283
20922979,12,0.32697717017347666
35659578,15,0.5528619430982205
23343370,1,0.30360212545892024
37095012,0,0.679274166768641
21430900,3,0.7621384799126266
10570560,3,0.482357744211176
35620823,15,0.19702062769033496
28327150,15,0.2854443655230036
36140143,16,0.4131171249389506
6462684,8,0.49017707726084725
10868473,16,0.36389812109874486
14176833,0,0.26247645496896105
23567674,1,0.3387218365467439
39304995,5,0.3644789179695016
17658399,15,0.7383657527745635
21705098,13,0.32059280370260845
14628486,0,0.4386864609167763
34386221,13,0.27418546290052354
24560173,6,0.41549093471096077
24865844,3,0.5930480293690895
36269546,4,0.5794818644145834
1053928,5,0.6626502071600877
37317496,4,0.309801472334327
9533179,0,0.28028204168240106
13224920,9,0.4126463483040542
35515975,0,0.4274709028302344
6846829,3,0.5272378618529749
8806101,15,0.4640815165647703
13346021,9,0.4286362206536586
14178517,1,0.41233985299447223
25733955,15,0.3637349884835241
2825520,16,0.4045943049931866
27899293,15,0.6425501609407774
11025700,3,0.28547967943478203
38597378,9,0.40306042364399336
24892904,4,0.33246000579749513
20121664,13,0.31372923171114525
9635913,15,0.3969750921288082
18214743,3,0.23000484510444655
29478400,11,0.8789653401923166
16265602,1,0.3937253238446078
28489149,15,0.3342944990827465
10682806,2,0.2786055127336016
17639142,3,0.5689206229455879
24467748,9,0.3367997982024709
26658175,9,0.5922981966245441
5825653,5,0.7014508091214547
9458110,8,0.3273287594286022
30174526,13,0.3168234902340728
24597661,15,0.31023877965179736
28997445,12,0.3960917644615047
38050084,1,0.6566382931499041
18840174,13,0.5559253517517407
25395175,0,0.8222179893320082
29911230,4,0.4903287268972221
38576589,11,0.44185877807832347
39309227,8,0.2877817994799594
2672635,3,0.3509877758900453
35726924,12,0.406457896317897
9097441,16,0.6656327224906244
15247628,4,0.6744553373343579
37112548,12,0.22643581797814663
2005540,12,0.6241537550695226
21298772,13,0.40410561786539634
15860074,0,0.4817707503275426
22794884,8,0.36300125079780987
3749512,16,0.37188382070687065
20285906,12,0.3109157054908421
3405626,11,0.4710027367285504
29983059,14,0.6515972365191914
8971074,6,0.3675869187748029
5690147,7,0.21709649650726345
36033021,8,0.3720542349916382
7857868,3,0.314198114804173
12601316,6,0.6156318303894266
33848197,8,0.46183452540588493
16943988,2,0.43393430843156244
35725478,15,0.39385032222660005
23607525,3,0.7473146862928912
33969754,1,0.46659478547731387
34229641,3,0.41883683473509187
24488927,5,0.5445128933988966
11029014,3,0.4269626973046349
2171733,9,0.3298221090415115
22862658,15,0.724693378218235
30948997,4,0.15361696750387088
16342777,12,0.43174892896032724
10985157,0,0.27703586478357445
20114653,6,0.43451959897017806
32037190,15,0.5141435345369075
34132663,15,0.762349824682669
18005861,6,0.25688171968778617
30922736,16,0.9832817985849683
35750140,12,0.7236968484329125
28335194,13,0.7372416863787666
4642423,7,0.3275814804172123
36631462,1,0.6459045750967871
10984471,5,0.5029084369701018
31033468,8,0.547666394937386
34709927,6,0.6461735816800799
39628043,12,0.5553169145744328
28214895,15,0.5347284717840375
7017990,11,0.5630610502005401
27048702,15,0.2399645427509128
39987703,1,0.49291178056574164
27765166,13,0.3079667818686718
8781024,7,0.8457007748824231
34180674,14,0.17928521392768013
22657874,16,0.2962474795785732
21854364,3,0.4788716714945931
2401117,9,0.4123782764118905
1049070,10,0.7077277829349559
13901185,0,0.3090907256153175
29194082,10,0.4299544069327816
25196721,6,0.36671625056440155
34253425,8,0.25374632441893646
15231870,9,0.5057740928028411
19224300,5,0.337335778141181
37346463,1,0.32888836328937526
12341496,16,0.2562250982413436
5504498,3,0.47149812862549184
36666353,3,0.5151850010601152
18295595,13,0.4265652199884987
27428008,15,0.5633938282225194
5360050,12,0.43656926897146214
9298820,11,0.6832811846665267
27425443,2,0.38986795107677785
39288354,12,0.3544706034255693
28255133,12,0.30278407190502077
30610579,10,0.8278862041830374
25291506,11,0.48093175155182943
30125939,8,0.5820052622745601
34996508,6,0.37967206652375757
35847399,12,0.24245895674587242
4039354,0,0.314091978236243
29474143,1,0.7152841693430109
37408133,6,0.6205652155860129
25678204,10,0.28506180407665704
11488558,12,0.20042000465759355
37199288,13,0.29850793160713673
31745159,15,0.8626352100694908
31317312,13,0.3732370629975116
22280167,16,0.4137552653962329
26593944,9,0.6360986634025886
8211386,11,0.4697782915042887
22652762,6,0.7350455942049487
3252383,9,0.8172513584179164
30142149,15,0.21773769777881466
31740909,9,0.2865888016201252
6413891,3,0.6201614834562096
29729356,15,0.3513077547575191
26719449,1,0.4252852568796261
18722046,15,0.2361339462891572
9761116,2,0.5631003108968935
32751576,10,0.6574659990118642
25051362,12,0.24998021756633004
28679718,6,0.2559318853325391
27578674,1,0.34786407418980114
30028841,10,0.2779229476788463
36277917,12,0.8588366177792366
28677657,3,0.8024708938986523
27339940,13,0.701001133696498
16474171,7,0.22999747529013115
13303464,7,0.38762660603699545
14161331,10,0.2368861775793014
31649871,3,0.85855436159992
33167079,2,0.6236441583047908
28859300,4,0.7940957582834707
37280467,12,0.20789840478077676
15856429,1,0.42292939235893634
28066142,15,0.510624331398151
37698554,3,0.5091641770284192
14942343,6,0.3925536189147884
14268056,12,0.28682544935625087
39690258,4,0.3980459748585701
15980196,6,0.24249906897115966
25337092,7,0.20129347585577492
21870807,6,0.366655736828174
23067585,3,0.6863267599590268
5540510,0,0.4985216431932535
11731392,14,0.7033435958807623
3610084,0,0.45275794186216395
39130288,5,0.45396960974820255
168559,8,0.6637011647265894
30150817,11,0.3647520938612893
24525421,4,0.7618994267891556
32940613,9,0.4697221582965429
36676594,1,0.3142890487961666
21756477,3,0.5255608948245394
3040356,11,0.5146885662724665
21617249,8,0.39808058633278526
39527176,15,0.8873517474064168
5768656,8,0.21419972538809143
37303345,9,0.3646533840990261
16747459,13,0.2738856909089947
20023986,3,0.841449377034967
37516409,7,0.29912323787612616
13493477,16,0.44477076259150844
27912930,15,0.5958736429245373
19742385,13,0.3596459894764502
26549542,11,0.36269099311185826
39700636,4,0.27881480847919904
39261819,0,0.3957881080122244
16455934,12,0.3523955779981319
3601210,0,0.4489478497094872
29060281,9,0.535745967699972
30801715,13,0.4450726405505354
13019203,6,0.22994602701248398
15405460,16,0.3947880733036381
24428211,3,0.41484794451082524
39564909,3,0.5247368649030444
28246938,7,0.35076591097779597
31259868,9,0.2272030253878217
3647771,16,0.3464116129797277
18146905,2,0.7397137669841158
39965297,7,0.2714788578332298
5325908,1,0.620389374089403
21947762,9,0.22436863800455767
12332611,5,0.4143645444791661
35537895,14,0.7216943466943098
9278858,12,0.1854858550358705
34701974,4,0.5211758991100288
34915544,1,0.7228192506442348
12071295,0,0.9999999999767951
1329115,11,0.3763559383581792
27271516,12,0.3348512242410762
19429393,1,0.3942853590477683
25012575,16,0.5316790354848279
28748092,0,0.2868706353092067
12933895,8,0.5745587439182442
10000441,1,0.5899198160878355
10823008,2,0.7334118811358897
13588516,6,0.41113811300732706
33052429,0,0.4065964575705536
27925358,13,0.32997084301986884
3430372,8,0.6826943685371818
20889242,11,0.5178331827780789
39457792,15,0.7132376383480018
5385344,3,0.2884642281469407
36690737,13,0.3421454419109603
11565313,7,0.3487769688032371
28957894,1,0.6090370117567262
24401311,7,0.5194999120360356
34415182,8,0.4509579317436815
26901600,9,0.7842284657625437
33687249,0,0.5287149658212277
16908655,8,0.5545231882378896
34087082,2,0.28541502424259213
22494116,9,0.27975063471861816
25976804,2,0.7912505955924001
31202918,11,0.37574060364913575
15323480,15,0.722252925833232
27262728,8,0.4659502573735196
25803822,16,0.4018468875313535
17373473,0,0.3885655973021097
30449035,9,0.43040630112793254
31622013,16,0.9999999999885258
26694381,15,0.5418564341660079
16339550,15,0.1972726188417855
37170313,6,0.42842431323541075
10164351,0,0.7200344337627544
7741878,5,0.729858525699946
15239418,7,0.34446466262615416
25182083,12,0.24570362724885791
24780600,11,0.541800426510779
13041180,4,0.41102039926473
39671786,11,0.45351194719412297
15176764,15,0.6937057422683658
13858158,3,0.682211649804309
21810272,5,0.5553570751462704
38107344,4,0.5154245352644997
24065793,1,0.25639242963552183
12607241,0,0.5622484304084262
25813037,8,0.28887265029869086
13312498,5,0.480757351234539
19173937,15,0.3324230741348283
11684354,12,0.768940671389746
10109848,7,0.52589654883222
19379968,4,0.9549646248575684
29467489,1,0.3354244604948398
13844158,15,0.8336594015564539
32118266,3,0.35165230333816466
20260228,2,0.5841660437089966
16102358,5,0.31035845941427925
9844014,16,0.3410187013004187
19694090,7,0.34927163528550625
25219326,0,0.47975822045929345
23519862,15,0.7161101441436861
38818846,12,0.28983395915858506
6726521,12,0.5746540630489801
19342084,3,0.29303320348801304
25200622,1,0.33527801046803235
16893713,8,0.38717549254046996
24718209,10,0.5405671384577326
36044972,11,0.584340532213154
36329412,15,0.551869599561048
14187253,12,0.5005459646277796
33674665,7,0.3804691006467807
32804410,1,0.6288871298880946
27266187,8,0.5367388430924144
26743793,4,0.4906854205981241
2364945,14,0.40259990677252183
29382049,1,0.5610045764479807
24906313,2,0.6820356278023577
29737279,6,0.4738681971646044
34022501,16,0.3058171575728411
21641649,1,0.3812939633377756
17095359,5,0.2454132389729129
34386802,1,0.42801168318358324
37880196,1,0.537588062273015
19615944,9,0.35078326371984875
27163432,14,0.534972390161036
26818572,0,0.4878368932677198
3909639,10,0.37051983541129285
11570455,8,0.5496027874347087
32613452,10,0.4463067468585112
23155642,16,0.33163975923109446
30285039,1,0.31566491224901466
38132019,14,0.43051329105498237
38233245,2,0.6775540586923914
17033094,7,0.318204417874378
26233100,9,0.25059879445929245
32402665,0,0.523378309969496
29240510,13,0.5062343541838188
34903082,4,0.6046308393583125
19873141,2,0.1911743086871769
34063192,5,0.3870896314561457
33350996,13,0.17223784080785795
26383634,5,0.47280054271288546
39448079,2,0.3187139702025052
28273344,14,0.3883818865729258
4718520,3,0.6074443661348848
21211572,16,0.5376460062086731
27340913,7,0.43779438888581973
11313568,15,0.9947933274661284
23067686,9,0.30408337082643105
38977550,4,0.5435901074877306
38008389,10,0.846483969905174
8554282,0,0.2554098368637676
17261551,12,0.5203203005025545
33145191,3,0.5154382653692349
11851819,6,0.5765449081305165
8539628,16,0.817782599180269
37391472,12,0.4023200035640773
20916800,0,0.894821828796098
33699680,4,0.4385884435328171
22312852,12,0.339877134731559
34771090,4,0.44305525564389897
16759035,9,0.42275586753240474
27756552,11,0.848294002568444
14134783,3,0.4925370210109921
12050460,9,0.36503783699167647
14284492,10,0.5755083549784807
7087395,6,0.27217138415112196
29837715,15,0.5096919286244502
28502508,8,0.35245289253833045
32609158,5,0.42232654143190157
20844602,15,0.6155528394325473
8514017,11,0.17721553509311966
20836081,10,0.3263746103448193
33908570,9,0.5947544313026817
33486224,10,0.8115360345710942
39555782,7,0.6602386382985665
21972690,6,0.5812105942809523
35607270,8,0.3317777644151179
19464813,16,0.300822558432399
25778723,13,0.5005457711535531
28225600,5,0.3860862489707337
6769565,0,0.8036961833149201
24198753,1,0.7107617894456572
2956076,1,0.4351010892215848
31480011,1,0.3449502879544018
22845247,5,0.5956193635903325
30623995,1,0.6407797022049536
11863759,9,0.30800079275422837
29111801,15,0.3912002571998457
36994851,4,0.5945147543994809
33120123,5,0.4579827615842039
7186961,12,0.6930566797765275
24346903,5,0.9999999999937038
37913921,6,0.27000334907535595
37056533,12,0.36420878817106345
16990812,8,0.6459435029180715
5436540,11,0.2633497076214456
22682543,1,0.7914346789118192
27914827,0,0.7047099971555962
36579629,1,0.30559750229251686
26385984,16,0.7048298346881477
28097661,9,0.5281815445807081
32130954,4,0.700456326416785
12665971,9,0.2097149255200621
19379345,16,0.24964997888176038
36972402,8,0.3942253524512522
7346342,2,0.3073333018565821
30542997,12,0.5193266510980138
12984205,14,0.806273997304618
38349387,6,0.24904261699935454
36461901,12,0.4884327126816694
39948448,12,0.5750471477308875
34537335,8,0.30021243397563163
22423626,15,0.35911638409641106
19031299,15,0.3986558865330227
35368418,9,0.7077513534576311
20324103,10,0.7577221024276992
14049048,0,0.48696742293850465
29209007,1,0.45507108387117096
2330278,12,0.4284627851084309
35470446,9,0.5695737977220369
18809962,6,0.4517447275942632
21471672,3,0.7184187181140557
31111650,6,0.4608559833108397
10682719,10,0.49252322515650043
29550776,2,0.20756773340443066
10121861,9,0.46670710527941667
14124311,1,0.4034285735841078
29175581,15,0.5359837840043399
38166313,4,0.36416289430191595
26199354,1,0.4025975048039217
39057333,1,0.3728260851153176
7438666,10,0.3119111517545492
32764536,1,0.4520286601835583
17324517,5,0.5168416178835572
15841969,8,0.5446518574609774
13757734,3,0.533804095407319
31593811,0,0.4401640404000244
12225392,0,0.6805923498975592
31279843,8,0.7060340210211538
33662222,1,0.639188623017309
19655407,15,0.5652630156148581
13089022,8,0.33045282070010484
24228420,3,0.6938407882637777
32720873,14,0.6210364211654223
27365402,3,0.8177234406513497
18514719,15,0.26731452163028835
34079680,15,0.782866395234075
8014343,6,0.27247265898374184
37259543,13,0.5296010892077795
36672021,11,0.6946183874907537
33235135,5,0.6446392179648
31432013,3,0.489433409449508
37143235,9,0.9835677585759175
18482786,0,0.7419920564727277
35566678,1,0.42112952126339187
29794126,3,0.6727194048435784
13277004,8,0.46469512688957415
10671841,5,0.5506261269089336
22932324,8,0.26251296140738584
39673720,9,0.3881547970621692
17118714,16,0.46338049213156496
36327618,12,0.2755370371001652
11352047,14,0.40921253580387673
17941083,14,0.5547156601154446
39888821,0,0.5305043069310265
37851014,7,0.5086787301134152
21896685,7,0.760486474126753
19666772,15,0.5549611835450189
37094707,8,0.21934322265061273
23390033,5,0.5517158567577273
38768129,14,0.4848143724592246
35102838,3,0.5317787608081541
37014652,10,0.2961660643842443
9405399,2,0.778317631800064
25859496,9,0.8968324964101192
30154970,5,0.38332541692728034
33808135,2,0.3021271954198005
31517534,9,0.46656340920054545
19561587,0,0.4774017288229345
22473370,11,0.5506766430311167
12880158,13,0.5050458659912369
35436129,8,0.403529456999713
39969896,15,0.6214385326291969
25429445,2,0.6724927661651119
21192230,9,0.4785700815639163
22315678,9,0.6787007247964361
34049790,10,0.40016383726699417
37643520,15,0.3678746602044703
34656477,8,0.3637874653376193
31601820,11,0.3699539209060996
32606743,9,0.2448772089922757
33712530,9,0.46535986224226494
34260259,9,0.38307650619517714
35336132,5,0.27157569525182784
29670110,3,0.326971143952683
12613787,12,0.7662827745842642
26106358,1,0.47814175047859764
38232834,4,0.32192489944749403
38687935,15,0.8807972736253221
35908786,15,0.36216215855607
22815822,1,0.530212584213799
19152355,6,0.6337703203195543
35298554,6,0.5436278930387402
33158219,3,0.39226070045859657
22619681,9,0.45925175439763827
30872748,12,0.2505610827605664
20482381,1,0.5608576425142054
35032571,0,0.5157664286104694
3351963,14,0.4221789808831215
7766445,1,0.30497233289455883
22205954,3,0.3600166268207253
3635073,11,0.4541632185902024
39421500,11,0.46331546476341545
32227824,2,0.6498430479316004
10792736,13,0.23266698965457244
31719831,6,0.5348207137490306
20295134,15,0.876349231874917
37795044,9,0.3674213389727925
30986106,8,0.506277214821403
12150491,15,0.4933000000241325
12954969,12,0.5597219460117845
34382149,15,0.5800198811230508
24361505,12,0.8016530484459081
19939189,12,0.2532646545071988
24273517,3,0.3743239628262696
31210056,0,0.3833435478026749
2882060,10,0.8068247005763
28615264,1,0.5543637276529487
18549236,16,0.4263029806855314
34102891,15,0.20227082990128908
24231285,5,0.5007119465384413
36619359,6,0.32711512790533315
22106425,13,0.7766441804078824
36547260,14,0.4615809643412424
32914033,4,0.4787463093153502
18123325,0,0.3127433722345451
37145734,8,0.4300438786053867
35958446,15,0.5523618904200661
9547460,11,0.38437121321223944
5315537,16,0.3397101961011189
9900137,8,0.46469430455282057
22349741,7,0.3057641153781003
14037882,16,0.31675945749343803
21629727,10,0.6337128271389376
27582796,3,0.441876319961088
27543458,1,0.45520046333554526
1400537,15,0.34550180595948504
18396172,13,0.5911528258315485
40111822,14,0.8031773644075879
29062319,0,0.7802889302513286
31211832,12,0.42273349147457057
34132332,8,0.6303821950762728
39284989,4,0.3323820170936813
8380046,8,0.22441625490140046
33336080,9,0.42232590801735637
9727429,3,0.38517710714977116
21424463,13,0.4889398027736826
15852436,15,0.5202216941303986
35565250,9,0.2220133498238491
25772750,10,0.3229293841547875
34495762,9,0.6751513064149234
33824764,6,0.664274170198983
22738922,8,0.42902489260731824
22806226,15,0.2805519084296495
7693273,9,0.5607601607088104
37297266,6,0.44809682484153507
25444198,12,0.6654218434353988
24468741,9,0.3158156453564176
39784483,2,0.367815985924837
37131947,3,0.37967534624091964
30918710,9,0.6452649957539887
39548099,9,0.6465459614698295
11155342,7,0.44313074360679156
32350485,1,0.3519521751901654
35756562,15,0.300051301445982
23123759,1,0.3248180301544414
28698419,1,0.3897570075192483
24849655,15,0.3498186961623845
22605575,11,0.4499113955409796
16146966,1,0.6482727780478478
16128128,11,0.26254783570677315
37296866,9,0.3026134248765834
20103730,7,0.477823529840775
7186134,15,0.4776686621960066
37077154,8,0.26807392540432545
20921889,3,0.31920192780375645
30722467,10,0.322498662387313
13248569,7,0.7541522510243024
33341394,16,0.6563156620822375
38061876,13,0.772325009314742
26049459,0,0.36800004550921334
6301249,13,0.5858252286309292
28059054,11,0.6076135264061328
29823687,15,0.37923855794530414
4495223,2,0.3254584077872867
30643194,8,0.19726109508472692
38976411,5,0.6237697759383998
25798071,9,0.6284187781985225
6961212,1,0.5726522175446179
37146322,3,0.3813074009785553
25866765,0,0.41118294951766815
5436122,6,0.3982490588020787
4106546,10,0.6384655127597869
21023423,1,0.5092409842520755
17290854,9,0.2743226610273797
27456185,14,0.7699624822554689
5472818,2,0.8811586370736845
2690324,8,0.5634884401746293
26922088,13,0.36174174527946035
32018172,10,0.730061354005239
4882377,11,0.6701933781389404
36925982,9,0.23337230945362158
28433036,4,0.6602519586327339
32622935,14,0.5286437473993465
19451544,15,0.389297915306199
27819713,15,0.6642983867386171
38100729,8,0.34552065169501023
31635140,0,0.3872724442821239
19873620,12,0.2961226998984192
37671720,12,0.4224913092746354
11387001,1,0.31824104765834127
23215177,9,0.6890888930180001
21677347,9,0.6242884155808788
13331419,15,0.6586426034754728
38372560,15,0.33917404086917674
24680216,5,0.3693583671807771
7258931,9,0.4763390759133255
26197292,16,0.5395858799790295
21922015,0,0.7757528568689845
14538887,16,0.4432667449762829
10544928,9,0.6392859712848977
5129794,2,0.2829888947583349
30847903,3,0.42076386579378955
36365542,6,0.28235467983555385
14335832,11,0.5463913464825008
38310086,5,0.5341798913010216
23787043,3,0.3858768663562997
7760837,15,0.9999999999878709
8318766,6,0.35775983214308116
28612607,11,0.4439334599471947
39008407,16,0.5372553287172738
13955319,0,0.4437471871499713
30979817,2,0.34991796340910597
25625100,1,0.41383089251728694
16491781,8,0.3242381631481778
33833291,8,0.42340097453865266
3800530,7,0.4448721441646458
12644826,12,0.4240817572404441
36871638,8,0.32346300948685197
25733694,10,0.35958317184367894
13341780,0,0.3234394371698894
35765341,13,0.35505979537165017
35832475,4,0.5848923493690266
19401749,3,0.7808668199412572
37789409,1,0.8832205422539589
26592540,0,0.3379453952236391
3853703,0,0.4072085310315358
21881749,11,0.5398611988954392
17782744,16,0.41953304586568624
23256340,16,0.364476454212269
18795352,1,0.35466709565241095
25435540,16,0.4692103080779873
22871350,12,0.5210130712845349
35278217,1,0.5669531099916638
16953251,0,0.744732322640043
22155626,11,0.19798730941849066
19426759,12,0.4118615847859149
33345995,13,0.4163970953088317
9358749,15,0.6031088565089147
33727205,14,0.4986116973020133
9986340,8,0.3087049539214321
23546656,12,0.6855936026324563
32317241,9,0.8768653974844522
12804239,8,0.5996875489866329
27162395,8,0.4448478394175121
36576063,4,0.5030105108295708
7003821,15,0.3880013110169692
11665411,11,0.46505659615782363
14004457,1,0.7417886107587148
3345199,8,0.6791409710025604
33114155,6,0.5726649458457087
26948405,1,0.3966318378585082
2894668,16,0.3398750157823277
30144020,16,0.5539800659778927
21556115,5,0.4138333876711805
10846061,1,0.33381475723973825
20935675,9,0.4728103527079049
4371004,6,0.43981792577350604
28134919,9,0.5341413486852423
12620748,12,0.49303407760789464
21997347,1,0.3717532062155336
15169663,16,0.6746158942495785
10042578,3,0.4727711293766375
28562966,15,0.2607145977299774
28616143,1,0.49660086464508185
21152430,9,0.41673314196376476
29332424,10,0.23108690065803986
33383573,15,0.3054586352371987
34649399,9,0.4762308283287323
21936588,9,0.7369184020717471
31012799,7,0.50475136151521
38236351,10,0.5214250407213467
26442394,1,0.8387389626913618
39848610,1,0.23968565705060477
22438238,15,0.3694548466976515
10165756,6,0.2939953002936497
33279287,1,0.5034843136598526
78799,3,0.8782047119014839
11531531,14,0.4952531803687667
12043522,2,0.35334496989003517
5027352,8,0.37756389521263944
11788565,15,0.9999999999885363
27452754,9,0.48865445179115313
17602455,12,0.4490921406370399
14043431,11,0.3897214199461787
28825116,15,0.5011234063343791
39323666,16,0.46975387543897734
34075491,2,0.36483689512062173
13937176,10,0.5431492948494138
24003450,15,0.42725209454082724
35223118,0,0.4764109573682674
28666995,4,0.3515857983833757
14320396,0,0.3889392927018621
7538587,0,0.4146645476953745
6254713,5,0.7128383352045304
16220263,13,0.5252051349918775
15930291,14,0.8050475868002954
15178640,9,0.3106167806979949
23921090,5,0.6019537817701336
14217466,11,0.3594388860305307
21189346,1,0.5042101686872518
16551998,0,0.7706724593767194
18166417,16,0.5171867991019171
29030529,9,0.1958971123489251
32553661,7,0.5919188861672435
37718683,4,0.2316620853411465
36893767,14,0.6312663866217697
31657017,8,0.7494062316468791
26594163,12,0.4903299460769598
5614992,2,0.4525563044816093
4827303,3,0.8569600781855533
3949772,1,0.69138579789016
25559202,4,0.6976005061510525
26867730,16,0.8025204946066339
17085021,15,0.238375385456486
5159238,9,0.4298838436272235
21459349,7,0.45462876316627326
29592042,1,0.32431636358894417
23090151,8,0.43102104704612676
39001152,14,0.9495427200573446
14949090,16,0.7347453732530118
2375956,3,0.2975519581334673
29850602,3,0.3900370525149488
23411836,9,0.40256716710034474
15771424,6,0.41544571472345376
22444607,13,0.2381999997024722
9566592,5,0.696880304487505
29395105,6,0.2370146497295675
3271639,3,0.5147564719662194
3835083,8,0.36752590563711335
1752902,12,0.5277150019573235
17508544,15,0.6865078444127132
32895729,3,0.3225186827930455
33391624,5,0.40746477661398556
36461054,1,0.4905874089032205
16882965,5,0.7927242036570704
24190137,16,0.4343543777163575
28519444,16,0.3240153114634771
21067462,9,0.6059436528460737
32911481,15,0.8864364737550802
7410182,3,0.2361202118393839
34348113,4,0.3688640007297669
32725823,13,0.861725875863909
32368888,16,0.24981653986280966
22393783,6,0.2993826110265199
34771564,3,0.4264326763417951
37170927,3,0.2586654750463499
3274114,15,0.7218739690774647
36534351,16,0.6686775879069475
39752819,1,0.5409553948241426
22857889,1,0.45325399932072263
32653137,11,0.4809216316437752
15481914,15,0.4602422667542018
5941622,15,0.3958007418436542
30685462,15,0.6125091793740324
22098932,12,0.7241674257605732
26907640,16,0.6561544737841607
34740768,4,0.766121832960599
35305162,13,0.7049717925232994
16351654,6,0.23939304613098486
39821177,0,0.6417294986758966
8955274,9,0.6081882672365513
35736250,1,0.5516708373047409
25611832,2,0.2362333148764783
29043138,15,0.19729275364973553
10322653,1,0.7841233440837772
15054095,4,0.657274822968516
16762637,11,0.5564182787018592
30993445,5,0.8620936757224147
30166105,12,0.5356360439073294
29616487,1,0.3905866396405501
29810464,16,0.6701977652211707
29702424,14,0.7811769986272571
21707330,4,0.7665625626987727
8706631,0,0.4751515325209485
27836146,3,0.20116505926588546
10101540,1,0.33475392427791767
13409239,3,0.4882549432713874
30276499,3,0.4754937750239582
9523603,11,0.2945330409842105
39144325,4,0.34917318055646385
39228698,7,0.42887606571666004
22413568,0,0.6089202411676012
35872981,12,0.32438655794501536
10877734,16,0.22024226756649345
32989059,2,0.2745020462047914
20339390,3,0.5227193782415838
37280435,9,0.6742931309918944
30041679,3,0.6416955954166964
1469614,2,0.4151578541869715
26966221,8,0.5210288518829155
39864184,0,0.7151626657740131
10232465,9,0.6637327228874891
31846335,2,0.6774578896251878
15147189,3,0.8675431215950111
2971381,0,0.2827523995553477
739289,11,0.428082730834174
38117131,6,0.3881570128780661
18838994,10,0.4845539239603896
33416398,5,0.3050327266659717
30055267,16,0.5819430225524582
26089518,9,0.9312421823317387
8130905,15,0.3567120056162432
40099711,12,0.7532572571776535
7829768,6,0.24791497144667607
10844331,9,0.7979876549646172
24261973,2,0.335647541378987
33444061,1,0.5265079410796155
7051756,3,0.3343727741560083
18696231,6,0.36333963224275806
21615158,4,0.5470931030187105
11890781,16,0.6536318187111108
28667479,6,0.6078335118062868
20797700,6,0.3198862025820427
15893153,12,0.604540645348205
35910253,1,0.5543419748908668
22567373,3,0.5114199573565431
21263766,15,0.9999999999901684
343204,1,0.5048010217620237
30861156,12,0.4991654838623996
23094616,6,0.5680127951817981
4771754,6,0.3263018436561423
38297292,4,0.6527273924970846
27666008,15,0.3995948412111254
30142863,10,0.6014321875874926
6115066,0,0.4874720212518942
31630260,15,0.2038232422998604
13131139,16,0.3776183011312042
31708737,0,0.44854570651399206
38309707,7,0.21711348154358395
29216804,14,0.7041478238280835
35018628,8,0.2849516074050228
14781895,10,0.30360294623362544
35160710,15,0.4700241916796755
8467683,3,0.6459733546020581
17015610,6,0.4869788936438892
38845012,5,0.37134080067874764
29695657,0,0.4454227275517426
24411180,6,0.5583150573107797
2057921,0,0.2694850184130575
13194542,16,0.4831342019137495
18340528,1,0.4413374555397212
14278370,13,0.3915841253823043
14522757,3,0.406386210222471
29941757,8,0.48337407424300943
38975770,5,0.42072967189382066
38318011,5,0.5986947324788435
34044266,3,0.2814573668215156
36880860,8,0.38486516210250854
27700625,14,0.7364823115798773
32581569,10,0.6970686694523068
24327313,3,0.5204476007654231
37416978,5,0.46710746093721245
9492355,8,0.3623498390011797
3000646,7,0.2483321404941821
36670851,10,0.6742340018151692
33266577,9,0.5793931990364675
33049814,15,0.3786337253640681
16727171,0,0.7238388312194513
31626035,8,0.443216764992548
10569846,1,0.6932536293736143
28960249,13,0.4468187165804427
27754231,6,0.46451549841012374
38836591,7,0.24751246995384482
34886005,0,0.39947349328168014
4208390,12,0.27957057956502396
21038210,1,0.590692077585213
21649841,9,0.49249358266848076
23583840,11,0.6863790012199069
33420068,16,0.8915915979059644
11884635,6,0.3267319751460429
18753341,3,0.3332423993474583
39106532,0,0.2296472362024598
1576784,0,0.39909358910935894
36017135,8,0.6914225047485579
18759765,11,0.30579399938171753
11541454,3,0.48820880907518993
15312732,1,0.5330123369347757
14470504,6,0.6538369380302396
1482308,15,0.3527797630869784
7081567,15,0.4296359704868474
18552242,6,0.26451526983635165
37773719,1,0.3669365226759376
34539959,4,0.60833576779225
33182632,11,0.24315581161473981
10074325,8,0.28993165143345356
22969817,9,0.4858709883177835
26135386,9,0.35716216713514437
15157502,1,0.5413114100746538
36789677,7,0.6915098214572393
6493876,8,0.797538227084765
2527992,7,0.4083950819634546
11914083,9,0.8264432398761177
33987624,1,0.3201041407814639
40096197,11,0.31935647483051816
20487981,3,0.6328857066045657
32983085,1,0.674546713976192
39969021,9,0.332736379257555
24754016,6,0.20597391011703234
21544372,11,0.5575913544028427
11352199,3,0.41846197251085043
20636036,1,0.5924959041711796
20065164,3,0.36002329991169435
27791255,3,0.40224050377863746
18269786,16,0.42296539355022106
20638206,6,0.3243841865182568
3893599,3,0.6594072976882993
8292948,2,0.46192793411858213
20012920,1,0.29920754712691905
35643306,9,0.6877110264914226
36043951,8,0.8941191874651561
18506586,5,0.5598005772135158
35214455,1,0.40578656725894047
30677288,0,0.3237812988413006
7314942,12,0.2598113701273157
37121110,5,0.2598045340160424
613246,8,0.5789959043188994
6143952,11,0.47967016641875515
28526827,9,0.25826111311320116
21791957,3,0.23664499781035195
16315645,5,0.8579788140952586
16538883,8,0.4906017644744101
4277243,2,0.7928371893057393
12217462,8,0.360545127685814
3887944,10,0.36130436068582783
37150345,9,0.8341156416963827
7396071,9,0.37171499523650114
13696883,0,0.5114165657201204
36485098,15,0.4323124758367097
36573764,5,0.43199750550593435
36288746,12,0.47097581710308967
508183,6,0.5338920085166726
21083924,13,0.6158474261402855
3996904,9,0.592905655265124
3348594,15,0.5048469784869524
20575347,9,0.5725295235112885
23056805,12,0.4549848682443616
4610717,11,0.28521189305449385
39438335,8,0.4336564301449162
24057943,8,0.35029428665754714
30621772,16,0.5636164995761009
25865975,14,0.39316805082472
20154766,15,0.3510461021448268
19421538,6,0.43382787315903276
893984,3,0.46900556505606805
656155,15,0.5322426758698741
39875322,7,0.42193862915616037
14527671,16,0.5143295808559019
31115016,15,0.3548659119310704
18393543,15,0.4579709610949411
36293801,8,0.3019902580951192
16783597,2,0.3766585064046403
34507234,10,0.54859022880326
14145371,16,0.26052658142011587
25422733,4,0.6882405397605924
24341701,14,0.42831753645004905
21500737,1,0.35719726069285557
37414213,1,0.7316492635803736
37584942,9,0.28028715433610857
39972261,0,0.47994729090834914
6510333,1,0.5002518172173217
31928942,1,0.33199283024675263
37361069,6,0.30620877340869596
35393379,1,0.3317385839729982
28483471,0,0.3826603083513343
20997957,15,0.4839450332993332
38230117,4,0.6255861170814534
38665093,1,0.5826759135159233
15661465,11,0.5150355787691964
12517649,8,0.7438331123878765
28113433,4,0.729661913066667
34785467,0,0.2856642033836648
8535997,7,0.46880292263306494
18229875,7,0.7790839978413436
31288144,7,0.8988551325616356
33642846,10,0.32811208133391295
30124608,16,0.4960672734875763
34265102,16,0.3721499584688128
38238,3,0.42825831554063054
976506,0,0.8013432544646408
24983212,16,0.675192302986542
26626815,12,0.21105499855885704
7378427,7,0.3603125957926736
39418419,2,0.24227145284527996
36112600,12,0.7203774269221584
21381096,7,0.3999136119574816
27262473,1,0.40298937293713505
34123173,13,0.3365696601523937
8728854,13,0.3977663402182134
30910443,8,0.4438092077403843
10919823,10,0.6019185878749025
19034210,0,0.34000373412281304
4289937,1,0.21962182758416027
27482976,2,0.7694629370242688
35531105,11,0.6615930288504469
12083158,0,0.5467554870483704
29888002,15,0.31235337698059024
19782975,6,0.3648424096738387
25813789,12,0.8565987977299286
29645055,15,0.4158807840521126
37281200,12,0.3515397296905448
7848573,12,0.2871851248028481
33704780,13,0.43746664824593146
38708775,4,0.24722229530130987
35256779,1,0.406774603712274
10962922,1,0.4169703275852426
27461677,15,0.4635586460323397
1952379,3,0.37579662506427836
35596501,12,0.44421538469202576
34444681,16,0.46477093367637506
29884453,8,0.48457129049550146
27443143,3,0.47627586016443274
37794648,9,0.20393767978526897
32254920,9,0.39991056718876583
17688155,13,0.3433706077737616
28179026,3,0.26235368411973065
29711531,0,0.41490009631396635
25716808,3,0.7438935385375156
6179617,0,0.38446036633660374
29972842,12,0.22737619011780494
39032103,3,0.32162057060240895
22946719,0,0.5643895372142553
34821534,10,0.3605461459138082
28762951,10,0.3947251474418047
10091271,12,0.35165280869012855
2905987,12,0.6156304940968091
27062908,4,0.662206555856841
2219316,0,0.4090260825247915
24210256,7,0.4400707206046916
34838946,10,0.47543957791004643
17781448,1,0.3355591057000159
20616705,2,0.718164529496722
13588024,8,0.2657994504013292
19782336,15,0.763751257464986
5058830,3,0.43055810943763423
27833489,9,0.5777408246727181
37719889,13,0.9098887809566909
38346542,9,0.28652949939571637
29261991,13,0.7249292440070917
14184105,15,0.42345169479772315
3692697,16,0.17572799781565718
12353608,1,0.6136099875267711
31183788,14,0.6969507539766504
10157678,1,0.37589818529615027
8094760,1,0.48343660056372983
15987690,9,0.35191067440092927
14845789,8,0.4226848872524379
30301011,7,0.3756056994410459
1483024,12,0.7605711916409509
32972422,4,0.28934875438718344
7833106,0,0.5986198446538313
8654869,15,0.5409025740614993
25299497,6,0.8381878858551569
30769867,15,0.6082364344712178
1686292,3,0.36131318516110417
24192984,2,0.3888284086847478
13793270,8,0.33377243022440234
10822486,6,0.19612247728542692
12814667,15,0.6972300060933315
12022105,7,0.6046104634087218
28799952,10,0.575396321876638
30353804,5,0.26206105330062085
25199291,6,0.38654171508905955
4835611,3,0.6652230691930466
17606149,1,0.6566147311349437
20949204,5,0.5759891245807097
28968690,5,0.5777829500146823
21052973,3,0.4213662420821143
37766612,14,0.38417965876288407
25284292,3,0.5328033775140217
34278043,13,0.3219901914044518
5259161,10,0.40838567418943056
26145678,3,0.6143109959456371
38363262,10,0.33750512397069726
32622219,8,0.40588409844743834
35512199,12,0.7555444200208965
30871384,16,0.9999999999867061
34081037,3,0.6005293399321948
10134253,8,0.6413423420018857
37865177,4,0.4572827293074104
23701148,14,0.758186038665719
32218520,4,0.2660627920523695
28576540,4,0.4748817812807633
24409698,11,0.35394135927575066
31597203,9,0.4999433206500603
37749759,13,0.401380374204246
39939716,4,0.5740668074829978
9208867,8,0.2946270982293501
25072115,6,0.2710279782888322
29226021,8,0.2890128734322513
30294712,12,0.2529236028283508
11475885,16,0.8663406439853302
23199578,15,0.4379383792633281
33447680,8,0.6058666745915363
32878574,16,0.6527969456242834
33401428,13,0.5517307171253334
16684595,15,0.7717765189042745
16017034,4,0.47828153849161187
39379616,8,0.3999320797108817
38309109,14,0.6476887162979252
37088933,9,0.40174004663187585
21341702,2,0.7657736870455778
36150434,8,0.6467685599122837
30327595,4,0.33196661577745745
26162613,9,0.3133001602150119
38645607,12,0.7127085879044643
19966557,0,0.520862913084319
22335894,6,0.7318563825031107
14777066,14,0.5611160797986154
14559101,6,0.24826540674042652
16931536,1,0.6293331353111492
19127704,8,0.2332704032242718
17349928,14,0.44900857813941514
36847447,0,0.5226522121078654
9093059,8,0.2905420973249529
22546431,14,0.5367625451609935
6765886,12,0.3758021809943188
2632199,8,0.47652346739447893
33312584,9,0.4809944499532573
29149466,3,0.638744364293504
13321398,2,0.700128150529017
31396062,0,0.8119875724072555
989276,9,0.550399194660128
36956477,0,0.46954737774456845
38261366,0,0.5918421947553194
10706231,15,0.4455229319518045
29160503,15,0.8054051937961899
31190802,15,0.5757458543967114
35369096,6,0.39104421381847554
39058034,4,0.5744205494846124
32851393,9,0.444105924558225
23079208,14,0.733874724521863
15192637,5,0.6659716857830745
3903432,5,0.7558376485344146
10860920,8,0.3433299856907643
33826441,12,0.21643317190767655
9814577,9,0.3375614609065329
31192007,13,0.41987650903023044
919927,2,0.6652449478451711
28166784,11,0.4798730790875735
755777,6,0.3135126207853041
20317170,8,0.44142463658531306
37522105,3,0.39147295070733984
35867326,3,0.6566053112873662
27018426,8,0.5175263725733437
38454207,0,0.48662160866678394
34484986,9,0.26315068019740934
32059419,8,0.6591223164244191
35007818,6,0.4625207189727555
10134690,11,0.2944169572426544
31440201,8,0.5944955755095558
18706701,1,0.2919230757291815
24970265,0,0.2746345479367033
28432987,1,0.43583276696712264
18683097,3,0.6503662929466769
39435820,14,0.18772698937909232
29078645,0,0.2758709346735369
25386012,16,0.6960776917092308
26032287,8,0.6026077649858345
16426712,15,0.23322296410044246
21064299,10,0.7310513937109687
28641553,0,0.5369076624815755
16114391,8,0.3854903355893306
11022201,8,0.4671608685310722
14359730,12,0.37011115242189335
31589409,12,0.4978341523010971
13635000,15,0.825652763052938
5583596,6,0.2523328930227998
20121390,3,0.389738415677786
7110604,0,0.5739887213367566
1293828,6,0.3527526927933127
24297042,0,0.5171208628064549
24637763,12,0.4340422726592503
38288914,0,0.2967668901847134
27806825,4,0.7060895426410515
13017101,3,0.43680953177298754
36243916,13,0.4957950129671632
15404256,3,0.3559155417019436
15420752,1,0.4416536362149843
32707261,3,0.5274133477733374
31764970,7,0.4141016701355828
1351209,1,0.47330953157748523
33977077,2,0.5841985735791512
8361019,15,0.574317584937465
38131287,13,0.5402877265646947
38932835,13,0.2061164044270331
18688908,15,0.9999999999896848
21273602,11,0.2937456580134546
25247364,3,0.7115739019482031
12352674,6,0.5870305510146575
811306,0,0.3011014891704927
31930789,8,0.6319758216661762
13519774,10,0.32161923136605813
37058567,12,0.6301876433626455
26736220,1,0.36527363571685634
1993243,12,0.6263770535546762
32641480,8,0.32197884685979494
31941532,5,0.4283063672943629
32042775,8,0.25502054978649685
37610140,4,0.7427211225431771
28372127,14,0.8519938314672642
10460088,16,0.3691787940768007
38806453,1,0.5891260302752237
36529788,15,0.5790538011949433
7951804,12,0.16434024461086646
7856853,16,0.8206388257625282
6769782,11,0.28154518829820296
34976671,1,0.3282781239223416
27138039,9,0.65105862955036
7058494,14,0.3172348501506743
28999591,7,0.5735648590869901
18481531,2,0.5375562543716267
24149597,9,0.3271521244753065
14320068,12,0.4352656646559951
1268899,2,0.3316029608058581
17338309,8,0.2950181830785011
17794241,16,0.7134607490892915
3924414,10,0.19409437379387365
31222249,10,0.4576433566031952
38540208,0,0.24941043977603938
690688,11,0.6634885152082045
36497579,1,0.2887530966810562
22189227,9,0.44800690507555674
15116899,0,0.47581991013841607
36958031,3,0.6289033147024231
29309116,10,0.25889563689082545
25791176,2,0.9119958041109943
29433243,10,0.3557574375428269
39877278,8,0.32698022581933944
36185081,5,0.6295591586270795
8741997,15,0.5105147086455786
36426910,8,0.3576762875577771
36722578,3,0.3636335531992794
13992785,6,0.26324211011172266
14773980,0,0.5580060142367266
21769271,4,0.414027816877573
37032262,8,0.37122889025082273
21592313,10,0.5302994708807272
23328908,3,0.4663777583191966
29686331,9,0.259635491454235
39026418,0,0.3477587458729242
17070822,1,0.6107874713108407
23263599,6,0.21457485223586548
37595414,9,0.809547873716875
31374835,13,0.5250266255866644
20725699,9,0.4424842744611366
13962529,12,0.6203688757276654
27987298,8,0.4560178054028254
8000490,3,0.6119715010595191
29765311,8,0.3621100606181042
32027997,14,0.25807912186620025
10038731,2,0.6440396532420524
18163301,11,0.3917483022354022
9860680,9,0.9577472694715004
26184977,0,0.16911758478548827
26948809,0,0.3093054344098217
20483223,9,0.38746405439983905
32978233,0,0.5733937247005999
17425505,6,0.2846011370717027
28599883,3,0.405986855434958
21369137,3,0.37067660605500236
32884319,12,0.6805750337513421
36585811,13,0.4285166891440684
24045429,2,0.255396498019681
33458613,9,0.358590364657277
18432380,8,0.3554693057281826
13369384,12,0.5536544779059546
21946174,1,0.31239291286420373
32063363,11,0.43476686642212575
35350200,1,0.527519971936379
12321178,12,0.3683039912548561
24964081,9,0.7228970779649063
30961640,9,0.354685026183762
4291880,1,0.441347588759703
13327213,9,0.18692194224013936
24149496,10,0.6358003703259977
22387883,0,0.4330402820660902
19890626,9,0.697234471612183
21485318,16,0.8668489755519583
18531483,9,0.31244492304310434
4372129,3,0.8126696581173197
33101465,15,0.7558098881587767
21769390,12,0.33928892584703324
36988859,4,0.8004732973475907
16812858,9,0.37881818752673824
14017015,6,0.3482900295895883
17877870,9,0.8900433008864623
15039211,12,0.23932934846295448
18935037,5,0.4645987495030099
13122615,12,0.2612155704791583
19719413,12,0.7096781952264485
35620206,6,0.40768267589417323
39551658,1,0.3273512638181583
31247313,10,0.3156751373846414
3184128,0,0.8852334692759262
28203126,16,0.3372753542063763
26863537,13,0.38791934580507903
38689205,0,0.5316351725885989
33248223,9,0.5679087559319357
13948176,0,0.3774823716252201
5228972,5,0.6109572887698371
12843909,16,0.7776177344352533
36750580,9,0.44112612182423505
23689183,5,0.3894535699134066
35137320,13,0.50448822997002
38066785,5,0.41835589927887784
34916062,2,0.3287353455142849
4048789,3,0.6962907704677959
21693593,11,0.3466202349417227
13238433,2,0.5504344903282445
23412912,6,0.23030689429656945
39998262,4,0.377797457922621
2959109,8,0.22887683025837113
34474411,0,0.29663842662721185
33763133,5,0.4244439101316223
4473531,3,0.5933530911756745
17285163,14,0.3766796625711562
10003751,15,0.9379006191344638
30990654,16,0.31199456971292366
21453284,0,0.44089153159256234
29960982,12,0.25863968187502023
30514599,2,0.9179660255163564
29160422,13,0.6796180094651888
29991041,1,0.4954175306700529
22856169,5,0.5378881963741954
10915691,12,0.3587126319168064
8826099,1,0.5007425973014914
31335415,16,0.5067356985534629
19963352,9,0.5922287481524102
36850866,9,0.6919527266202272
8794085,0,0.35030073015348834
38044103,8,0.4342289405668921
31032507,9,0.46441563894321175
9062917,16,0.6808827566226285
14996264,12,0.25036103688666134
26163470,16,0.6799752196512733
4138522,7,0.28175892250961
39340339,6,0.7180253959748689
7349678,0,0.8608610196143627
36098619,5,0.16198283317563755
10609683,2,0.6419698625590246
19743512,0,0.3165149967320113
40070216,16,0.32819922381529903
30545655,3,0.5423902907831631
14296531,1,0.47784404191774077
39650869,10,0.6255133712469393
4241632,0,0.43683873739954643
39065129,13,0.18224281893428484
39858802,3,0.4399974481931659
35634286,0,0.43047173995622273
5663508,1,0.3611917683871228
36404051,5,0.3547853239887957
27753538,11,0.48368543110722395
39965946,4,0.47446395221341897
37437869,4,0.5733483450594359
24410469,5,0.7902743790217495
19713411,10,0.6022693645339612
5503820,13,0.3980681295353674
2613105,12,0.5366399344631895
35738854,5,0.35383610943804805
23005080,1,0.4535701008719441
9868792,16,0.6359225652110658
33382766,0,0.39339666187316563
992169,0,0.26587509588692226
15750711,12,0.7457681777556132
29805186,3,0.9491901560367554
5448257,0,0.41324752604431264
33733880,2,0.35512881109887534
4206393,15,0.7545484752783704
2940858,0,0.7692242402883718
39454770,1,0.7975025256669596
33621399,5,0.5478281953379837
6318347,16,0.49802892135003224
34764065,11,0.3392320609803724
1247284,7,0.25293911256237767
38470929,11,0.608807709179989
37301682,4,0.4414428445587043
16651859,0,0.6304420482165536
9782865,9,0.3021855989985305
15786525,5,0.3482833214841849
22362010,4,0.48626368595840386
28268878,9,0.7752398559274051
14450645,11,0.5319109297726089
18253401,1,0.49158831107256207
20362993,2,0.3233354682556157
34786935,1,0.4896161603986686
13462587,16,0.48634387750991753
26857515,9,0.5144230625490763
25160171,0,0.32358514651295905
2005956,9,0.6932452653607375
8215419,13,0.5054551289990542
3359614,16,0.7593188925426626
34030438,16,0.3929805103602404
34981727,9,0.23877329676137002
25755504,5,0.8281462438087859
21902861,12,0.17267807742542876
15555135,6,0.8218674941902671
9630569,8,0.35663363383311575
18751352,9,0.3776551176439937
11802036,5,0.49042199084887117
26713799,6,0.229136335475101
2304712,12,0.3162953112601903
28704274,16,0.3328613460908809
1826761,14,0.41850883088002605
35413618,1,0.5014989148643894
24493773,6,0.5000029688059087
4999233,15,0.44465052204309635
31166943,15,0.48521594215549446
25230754,12,0.6339852850618692
30736627,3,0.3859394537487767
17794998,9,0.3096364424537671
29021532,0,0.6109714901955507
27110140,12,0.5109651669521903
39704362,14,0.4188632607642773
24643338,16,0.5234917633998502
26647535,11,0.5313727874916175
34209203,9,0.5496632735730419
4082533,13,0.7150505342256314
35731855,15,0.4904960599901669
10302986,14,0.8344344682498033
7660542,10,0.6524560606359353
22994423,5,0.8009333666077056
34293879,15,0.6286003725378743
11412290,0,0.39288175755139515
21362489,1,0.34568420625078666
33896776,0,0.5779076807604137
15105098,15,0.999999999988576
14913153,1,0.44193742958857923
36875978,4,0.5351057180417911
8139721,8,0.5026996722212388
17949475,14,0.6516922289207462
27473526,0,0.4904627282298773
33394238,13,0.2426541504264829
27088991,8,0.43210252220787554
22854756,0,0.7582593718017475
14793687,6,0.49892482023780726
29893688,9,0.8072774733695165
8044737,14,0.5846990253748207
36563878,13,0.45438736943607505
31683721,5,0.42642542643196607
17277002,13,0.8104785335267113
30885351,0,0.4288509151371435
13532531,8,0.35321379738045594
23170764,5,0.44398259632968484
26928672,1,0.5327435905696712
10525903,3,0.7408427403848887
8615256,9,0.30466657117629786
34846130,5,0.3285536937691411
24546073,13,0.7616710553329378
27928704,7,0.4840836929298541
39128713,2,0.16548265104625934
17405682,9,0.4448658179420233
39623506,15,0.7911466274617486
9249151,15,0.6983211163190698
39125370,3,0.5463818431592778
14292636,0,0.25661222075677503
27276135,9,0.45375872836618497
31233040,4,0.5778039404306511
14303376,15,0.6854699874638897
32022158,3,0.5246736418859821
32916313,6,0.35691473511638633
34580878,13,0.290335363175833
1096912,16,0.5308606154625927
29036924,3,0.6068175513182188
27669791,1,0.7982827883811697
24483050,1,0.466006051273652
7400601,8,0.397781399219035
26568207,16,0.5666100177645323
35958075,1,0.5242943809443337
19620736,8,0.43113292950703735
25230392,8,0.23450208301208483
34009393,13,0.4500203350341351
33020520,13,0.2731503331697951
28680636,8,0.6984898031691607
24709023,14,0.7246537713123211
21310559,10,0.8403053982369941
7427898,8,0.6706525575642847
9636617,0,0.359696996285591
6620471,15,0.39466673340477565
35317410,8,0.3557878910948465
24416500,2,0.5332564102612597
15768483,13,0.3866356838297086
33855901,11,0.4070865688343675
21009439,1,0.3939183431852474
37510761,12,0.41645126679356476
9365928,8,0.28746137803802474
26029436,9,0.46533226025032315
38150251,4,0.7319181940827435
30009896,9,0.5425018259657652
31056070,14,0.7405316775070653
6661005,1,0.45923604480564284
40118638,14,0.42251026854952745
28884140,0,0.6733054498575333
14840524,1,0.7027647548635401
28023996,6,0.4860215050114348
18242617,14,0.4121087938459876
34994083,6,0.49253659600097766
34504970,8,0.620405743334253
14589642,14,0.9221311056433233
20244774,2,0.8596786040662674
8903730,6,0.6850559630069883
32917290,3,0.6037427568219536
33449775,9,0.8793204428415103
21746750,8,0.8587480820455833
3077740,1,0.9581656659238048
3776627,16,0.7307953896733989
12698834,1,0.44807460128270293
38414292,3,0.5261351010423572
26188677,3,0.5028680033429273
31692262,8,0.2630357737808024
35220342,10,0.6804562826769384
9224895,0,0.5796038823524705
35759806,16,0.6257657131579084
26049590,16,0.6235603819746226
33582653,14,0.6524198518933577
28902308,7,0.27650847356677466
33545642,9,0.9205291392541555
18926102,9,0.2888708246894719
14591568,0,0.3784776416805964
32245625,4,0.9999999999900065
3005632,0,0.4216248274395353
20835977,0,0.6571234812178959
19532402,15,0.30809095952757487
34838140,12,0.4875985309148322
35000152,3,0.27282035306936575
15468709,8,0.5477761203294091
29439183,11,0.7300479636005033
25357667,8,0.31659175067271167
8646496,16,0.4966647751956532
21307944,13,0.4331903932110256
34705880,3,0.6809929718916897
21529266,6,0.6392785577351947
13093951,12,0.5299014355906665
13540144,8,0.6350842989759199
31041670,7,0.5536928901358246
29963144,5,0.33478995945424994
24176012,16,0.6418634509870024
39135330,8,0.36861131432756805
12395796,10,0.24793116911926086
4340607,4,0.3403963910446909
19783631,8,0.3978486207324908
24550084,0,0.27720976082534005
36297617,1,0.3894252809691535
39419932,8,0.3206298351938693
26859795,3,0.5705918626212878
18168978,8,0.4368168966485273
25085908,0,0.46631921359653045
26614724,6,0.3189896014181766
38532522,14,0.8008815007237441
39062891,0,0.4048466799577145
34470501,6,0.3126383623152216
17689806,16,0.9741027246975592
18170128,3,0.306059856489628
2793641,6,0.4285866966370155
37562391,7,0.31138292795186606
39080153,10,0.691919406888275
20388759,4,0.5257255189609473
34683427,10,0.7024919839059313
34009322,6,0.7173780807118704
31791501,16,0.22986651303629901
11269862,7,0.28316722130026284
22212893,16,0.7887760241122368
35488997,5,0.2902133560960092
37542700,2,0.7451816195767522
30068807,1,0.7049170874421603
21463062,10,0.28526856205795315
23523398,8,0.3149717833400025
38079916,12,0.4484535861018541
21758560,5,0.5536948108503037
21976154,8,0.46329510178029903
19570800,9,0.5390648659162687
8669123,7,0.37700094596481437
27578027,11,0.5330903969738696
39378552,4,0.6096264134495917
38876816,4,0.6375556245461301
39526716,6,0.35030323969749505
2677545,3,0.8263230070162902
6639247,11,0.2691070307105163
2461320,0,0.24150289146276138
33203366,13,0.39872169872902874
39455997,12,0.2832868769407085
28420441,0,0.41461127936677905
16301318,15,0.9852327169478658
17735077,16,0.904821581069499
176213,12,0.26955848759663725
34093098,8,0.7406921470261137
24027277,7,0.3122225596716359
1517959,6,0.27144806649050957
36364346,15,0.3593184116746071
39629393,16,0.45018396247458026
28208298,12,0.7871260593570409
38352565,6,0.6026758766296149
20171117,8,0.46806518768534927
9365396,9,0.2588819955479128
6877326,0,0.23843612789440993
38531078,7,0.3300279522035123
9651940,0,0.2915171914830285
38069516,12,0.345347244810617
30542984,13,0.5347807709602284
33794115,8,0.48459069606050037
39290901,0,0.829775335550616
37871296,9,0.5169775117463152
1970495,11,0.4176312535912428
4140634,10,0.3493823926662888
10407790,15,0.3225634370080988
16241708,5,0.8722370703617076
36303761,12,0.622457609618266
31695693,0,0.22374755600432622
38491318,15,0.7533390157168254
6009862,12,0.26613164670884876
31417156,13,0.3919994744208595
28641721,9,0.7186599303044977
18967965,7,0.7018888597310754
17722989,15,0.7127737502507778
3497578,14,0.9949276935279006
7873400,0,0.4684043641423337
36511052,8,0.36892922871994993
19324733,6,0.5223042677402118
39375878,4,0.6915899615942919
31375045,4,0.4585633447760198
33580750,3,0.44122974413110155
39635698,6,0.4241090636596112
31251445,6,0.6810450755690045
23319340,15,0.9543627759799864
22692295,3,0.251107157987142
11218928,15,0.5622224141047202
22162152,1,0.49041750571743314
23767690,14,0.605144236699219
32818056,16,0.696763747207909
33856103,0,0.4116119157303834
12877534,15,0.3527909996951415
20021441,15,0.4154044853514687
14204303,9,0.7746026936573155
16235514,0,0.32098178167662456
20622583,1,0.4231150332417654
13619752,15,0.5673401318267539
25754855,16,0.4930931103190018
27131294,3,0.46707067030472454
32424670,14,0.8501252871642586
9338157,3,0.30812102870038505
28914578,16,0.580242455453069
28072387,5,0.7509612242774943
39839026,4,0.4727643700195739
39032830,11,0.3262913765815665
7715501,8,0.3970718934218889
18732942,1,0.30401633540033524
34394900,11,0.6654527842915726
40079837,11,0.2756341687664267
21323878,0,0.23134488167909487
13342802,6,0.46631074034413333
6712984,8,0.4145523680950425
36846761,12,0.2980420706163575
24207916,8,0.42892275248371
39926952,9,0.43487185997726024
39545906,9,0.4435110315278437
3745724,11,0.5067008367596249
17814913,15,0.4713306698832451
23558111,9,0.4208905540498064
24352116,10,0.4511536568389907
9813862,11,0.20726426500031167
26578316,9,0.5217905448238561
8352513,0,0.4350213557740383
23723869,6,0.31435970377453715
14483768,11,0.25442303724859305
11312872,13,0.38921311243346224
32873268,6,0.4073904196510889
2209125,11,0.4982588012367702
22392692,9,0.22423973457368052
7180857,8,0.5772233277396465
38591436,6,0.24698544159257702
35828760,1,0.869774274866973
30116396,12,0.35438804454081974
6719484,11,0.5161698475005545
1781554,16,0.898322622009822
5079094,15,0.6522138542149729
19987323,0,0.4044475925292664
268930,15,0.429876662105517
23943379,5,0.9295433719982995
2018058,8,0.37297123854901587
28724610,14,0.4924999293183084
10982705,13,0.4229552484536421
16230984,14,0.375236274066647
18779313,10,0.6384704514128203
14838061,0,0.32321243297936286
26539279,16,0.40972807726529803
19719616,9,0.46032810988935763
36943197,0,0.6368481456354672
37402550,7,0.3557535707403708
13479337,11,0.29262676481918254
2335384,12,0.4234195562236794
17223852,15,0.4807239229954973
31465199,8,0.38097550290386856
35673914,6,0.35070862335671654
25229272,3,0.4680026094677456
1507082,7,0.4417820733380166
10109700,14,0.6997695210147208
27100961,7,0.2757569921688204
27639037,15,0.40943146506072026
15052142,11,0.7096898461106597
24876329,10,0.4260060265537692
1425414,3,0.7455734860558864
32938487,15,0.2966838096151961
38720527,8,0.42967838928497065
32589475,3,0.46580783194886494
3435589,16,0.37514516056638153
7408865,3,0.725358722504111
27751072,15,0.521257353457384
19353484,10,0.4356747661446648
37325888,0,0.49060324423633717
27644360,13,0.41903288836958646
14991002,7,0.49276342155764447
13418172,7,0.6468077250318257
18162709,13,0.43149346445770786
8933877,3,0.26055784579415303
13019617,8,0.4563127003452535
35074011,12,0.760250989680037
21112129,6,0.39564574364859
32436723,15,0.3173116845452628
30422726,12,0.6819083496488084
31684873,9,0.5314419412978174
3929646,3,0.6494743933804883
13332872,15,0.3393014588103522
12133144,0,0.3446330252572252
36104412,12,0.5593439735108746
38740215,0,0.332899521980558
767881,0,0.2369323064024614
14167352,13,0.47274549293432255
37155730,12,0.2864396442717758
8217583,2,0.5894928332990852
27073552,15,0.46792078822942423
1228722,12,0.3545168721956219
34937807,1,0.5231738561009449
35369711,7,0.3435229462456225
32719324,0,0.38474574455400784
23350328,2,0.38420011081699346
39926937,12,0.38134656142482193
39661198,4,0.3500674959320977
37647771,8,0.17426844704603886
29267284,7,0.6054895783463405
36429647,0,0.2321990210672576
14600619,12,0.5090494677672703
6307296,0,0.9369587093720845
30963913,9,0.36901248289492083
28506885,7,0.4965749062416493
30174906,13,0.5365876492968535
9200389,3,0.7188893586688446
1321828,6,0.49037219535784493
33177324,16,0.3091897749125371
29936695,11,0.32675382789841056
8668793,10,0.7487367773421543
35235088,4,0.514669522345761
15263102,11,0.4677694615696384
2571450,6,0.5053440614064584
38327807,10,0.598631979849207
19621726,2,0.4159072052772136
34232269,3,0.4686684292616605
14140756,16,0.37455701742409353
38248866,0,0.3421490131978357
1848371,8,0.4735226611882212
7962304,6,0.47972756658770466
12023135,6,0.43925671641619857
39529616,1,0.8441397134181521
16252574,9,0.301157095077425
39846780,6,0.49652107324786376
33503176,0,0.48865077832615067
6500262,2,0.4502073554963959
26276371,1,0.8566951600673022
35356714,4,0.5365135564054243
37619002,7,0.38350203902435137
39093250,14,0.41976871654141024
19573716,10,0.5161640170541867
34382376,6,0.3843762230338771
34316553,15,0.7699178480561273
39989384,9,0.6146087526707663
24581098,6,0.28060548930316304
1059253,12,0.35217400038492674
9578465,11,0.40608967933703866
33240295,3,0.4555414735744449
36924654,6,0.6317906386521622
24447287,12,0.31021026595789947
20352157,9,0.44365030579208997
39832493,6,0.35181401692480896
34866575,2,0.6916334947856253
37097366,16,0.3798796908192652
26018420,16,0.42685587987948825
13635348,11,0.6613188520730308
37549771,8,0.3544282148477075
1423345,0,0.7276505555546016
7686704,9,0.2797100915482946
24985507,12,0.31523642052373296
28905112,15,0.4935150247772478
21467374,1,0.7772976033081365
24846049,15,0.24698655618749835
34540919,3,0.5444637020050985
35373245,7,0.35230903866820573
37979749,2,0.8863742653661052
3116401,11,0.30690890856303393
20189051,3,0.4680714345555566
15757461,6,0.5030519392558136
942902,15,0.47853803020538205
8938442,10,0.2938977508870031
26042559,15,0.39530505357445955
8746883,12,0.3368717682744589
37716415,16,0.28559226111214
33775255,12,0.5050548846837066
15725653,15,0.6436591432956897
29743329,4,0.6709207731706441
2306115,12,0.9484884706780145
26057115,15,0.7299855187716991
11801025,10,0.5921546833959067
37394390,3,0.6666200212486035
23467014,0,0.3189924650570623
15629098,9,0.4842109785701738
26459760,8,0.3517621544087265
18368057,11,0.2831106786789053
40040427,6,0.7834056542463208
24959164,15,0.8898774567711106
29644569,14,0.5310209632109958
1194963,3,0.24533356772422066
10287021,15,0.3678581233447998
21006124,1,0.4043870506568034
25667722,8,0.3874689407926258
13650214,15,0.5349759286280397
24944627,1,0.5989379411393119
24792462,12,0.3530690664861516
34103338,8,0.37389177643182053
11864673,8,0.5967316058915932
12948964,9,0.3191044480750197
10234999,10,0.3107018776462666
32384312,15,0.7497554739622344
25617039,12,0.46809066497052976
21851502,11,0.8907675837463753
14153210,16,0.7504925975714954
15957484,5,0.5924921205112051
17960441,5,0.9999999999928808
24940797,0,0.9090565932018803
17030445,3,0.7103297313348296
23203947,16,0.2581052008919419
32400719,1,0.6047239005728763
24455553,15,0.42636536843160266
17030238,0,0.40304359666365425
31213869,15,0.43405389796504795
15953983,5,0.7904317894936634
26213710,9,0.27888205696993745
24646461,16,0.8194382529763926
3275324,16,0.7886945646058061
21603353,8,0.20925426560871416
10466207,3,0.8338623531272984
34851614,9,0.18206517707046077
28013560,15,0.593043406342825
15072736,10,0.3433556253339774
4006854,12,0.5431306819863082
24755006,7,0.3778685288891074
10650089,14,0.45657618359031144
13032183,1,0.8317612759085576
21855359,6,0.39661395337238003
21466351,3,0.41073047181092337
21791164,11,0.4706917973907678
31560850,5,0.4953802007705747
20859954,3,0.24046382108815964
21387655,1,0.7736123216261912
10150041,10,0.5346030563221521
34434302,1,0.23773965511667927
20023867,13,0.45307147290388283
35858347,1,0.7016091270931645
36020644,3,0.8202636385997134
27538818,9,0.7757187423480321
26835407,15,0.5032637541730861
37175279,14,0.6781818561051427
38174116,15,0.552855249942077
19985560,15,0.49542231443244117
7816363,0,0.38009103701046204
1422880,13,0.6025377902368593
23836903,10,0.5298649964735793
25127701,3,0.4311757384568138
12977174,12,0.49538916334130156
17742673,0,0.4430609023392168
9762157,0,0.4827576239520053
29039643,9,0.6763208954475317
15136435,8,0.6058372742333837
31639336,5,0.5396777773405331
24828629,11,0.4868493412271792
36289389,6,0.6449699479913628
34259746,14,0.5190732923664484
38440700,13,0.6691860018115715
10115022,15,0.43941743665651706
31633091,10,0.6110009223611625
26222641,5,0.3588803832640218
35999535,1,0.7695883216102272
13105915,14,0.32240330435562287
29047600,8,0.34899779932645303
26848795,9,0.46709386381228885
3336087,13,0.4512623111493055
34358808,1,0.32750113496484584
17389932,3,0.30472687933044934
6517793,15,0.9562812097467835
4304837,11,0.2729655965775604
39862281,12,0.37131864552698124
35248068,9,0.46155628435837054
11461044,15,0.343275004408753
11620697,5,0.7016545219553604
9930232,11,0.4645850513355293
32213955,0,0.28368363161241944
32590746,9,0.2666679740613529
26949273,6,0.5382156059659793
26422594,10,0.7035334364318798
9378772,3,0.5817561715304244
37952055,0,0.8898831072449542
28111696,2,0.621033926464388
4647037,12,0.7791578414836501
23658776,14,0.4100949512261188
35392217,1,0.39715311740375914
29292076,5,0.7949929540005916
39729787,1,0.7977614583545672
18150043,6,0.5631459447684881
11386562,6,0.4169949772667757
11346002,5,0.4810814877340966
32117949,13,0.2693437770459369
16112688,1,0.5795017023056708
38923478,10,0.6057569605199862
22203635,2,0.48285025685133387
7880180,11,0.4169639262494569
11360479,6,0.591606583687564
919056,16,0.962433248399349
31922961,1,0.6987657450345489
39238400,6,0.5949722003543895
11329035,14,0.36134215374638
13259617,0,0.311434518066319
7458963,12,0.7566329437921745
32767394,13,0.7591705912777902
25017859,11,0.6593966180603362
28442068,8,0.3468002763149535
39864134,16,0.35938666724770113
1313362,11,0.5690829968422966
35204676,6,0.27782919289796665
17986923,15,0.7903619018663093
38365804,1,0.4988143087104109
16308137,8,0.3812602915525804
33432532,10,0.5298258143002682
14168835,9,0.7133806475544553
29069252,9,0.38495579789790024
20914828,9,0.4314270962713997
15225252,3,0.6554980038972615
38137480,13,0.33975929523843024
30644006,8,0.4234405184170359
32685907,9,0.4578349619261656
2418172,6,0.5155488334381407
13940269,15,0.6798543168713617
7785831,13,0.4486070026088509
5743291,0,0.2531130593835537
36988699,0,0.2742488154118308
3000612,1,0.3934068004882069
11375605,16,0.623045338571457
34870270,7,0.7461196820851501
20345385,0,0.527813254461786
25822029,3,0.27000195613550826
14608973,1,0.2994741757740942
40095632,4,0.4232633639238146
37691169,9,0.45863203045305057
16995108,9,0.3389582755683637
33878095,11,0.34220239457309953
40001700,11,0.3580679377971907
31844342,1,0.476789137857808
30195729,10,0.6813192988085922
21970970,8,0.4367386808441681
23659275,12,0.4550459063049258
5579154,3,0.3308939495961259
16338558,9,0.47860252438592216
20882048,0,0.31760992385344067
39053681,1,0.37467469310866974
26380306,8,0.5080147272115397
17348649,3,0.8100859488794232
30125544,0,0.5181042288422578
3877454,15,0.9954559280380514
28990576,2,0.34286681385956314
17870242,15,0.6292089776573944
29349228,9,0.3843385956064375
34159495,7,0.41887501130831495
12282418,12,0.39491527286320127
19524129,13,0.5056581519943617
24461135,0,0.2481762175677806
17627389,11,0.31835733198299687
39803746,12,0.30388701034360927
13001000,7,0.2736666820505285
32313415,6,0.2828838670595277
5367875,13,0.4564962557959888
35371811,1,0.25794977834439026
32774160,8,0.7285444050586632
17734946,6,0.4282795077057879
2901633,9,0.4904114381372925
20832171,3,0.556371038658221
28092806,16,0.7208725947707357
31052706,1,0.4732973048471306
36628948,9,0.5119792906495992
29322580,11,0.4760446323831341
20925137,3,0.8345929107698286
36636255,6,0.6195972755120641
31584288,4,0.6178472591222202
11954561,15,0.5114317805725442
27406557,5,0.3776181989195518
2917898,0,0.28025109726767183
38967833,6,0.40713814463253434
29847305,12,0.4611799539751338
4246377,8,0.5628509904812022
16594246,16,0.326443164180334
34244451,11,0.24198869746007146
12846507,6,0.5460570380518718
18122309,15,0.19552994525010065
15515920,9,0.5609245198712585
16069906,2,0.7703046367855694
14289910,6,0.53037715202798
19738465,16,0.43544381036497304
14513936,1,0.3558934067214823
16417324,15,0.574214666262763
20858336,3,0.6639015140892806
12409862,12,0.3158530418413224
37843926,8,0.5928858393842513
4996376,9,0.935600575373673
33176051,1,0.87034483729075
36902418,0,0.5185147741462333
31255764,14,0.32533085422513686
27353978,9,0.25902768385175573
2853483,15,0.6958968158263767
31778213,5,0.43437399411975053
10200824,9,0.718555833014842
10171343,11,0.29766209647053365
5367582,15,0.48104284861680363
33515478,1,0.5521315878175902
24747544,2,0.4551849247991207
29041438,13,0.6177266757800574
9982235,3,0.32222488437376196
14678270,16,0.3179457124545046
26428904,13,0.6738814775770199
31927036,3,0.29633706948367877
37532647,15,0.25037918313891055
28860660,13,0.31310476375873314
17789071,10,0.6520072093445544
10432432,6,0.3240323175975643
30867061,12,0.40844456669846263
15467950,9,0.6771107771246773
23935840,5,0.3845549270065164
19712318,5,0.354209064859309
38780181,1,0.4880736294832886
33554977,0,0.4819523105985493
13201532,12,0.3772145164881822
14400463,11,0.5100199776679271
30148587,0,0.22771477889871558
37585147,8,0.3153011045393375
33153558,12,0.4516905989316311
23988853,13,0.41087769182239536
18721066,0,0.4381402692555767
18437284,8,0.6003544077709454
4170031,7,0.4919647503457354
23548328,14,0.3576460171844844
35919814,14,0.5740591252522005
32054329,0,0.44651189099882577
23784271,8,0.5099351518924568
25697459,1,0.5318229259522141
32337026,0,0.5763240998524615
17569512,15,0.4961051701442612
29517513,8,0.431799780441269
23072544,8,0.35559032472621976
9243434,1,0.526985637477553
33103115,6,0.409373419625908
19188784,2,0.6020074139657359
21062892,11,0.39909842833714576
28247807,8,0.3722762353817282
39172575,4,0.3996500757195663
17822135,10,0.3443067016561695
29330485,16,0.49845605204580484
1150144,9,0.27384817940147776
14742382,12,0.493146090439251
7719419,15,0.23880707956487082
18489180,3,0.6220006760744624
16701517,15,0.8226002577388121
9612484,0,0.3012749192392484
29469704,1,0.4199255269381933
25923532,1,0.6056076215850495
38564912,6,0.5218336483097188
37570913,8,0.19284453890006384
24635394,3,0.2977092930429063
39230230,6,0.30034999730231615
2833531,16,0.5765832039232776
30773953,9,0.8464351537298863
16136979,15,0.36810837769249943
39339743,16,0.25925708479875864
14955100,0,0.24583829218883094
4937163,14,0.3897978790929869
22865642,8,0.28449300150523626
10904521,3,0.6546842560971521
7051791,16,0.5329789806322232
17793194,7,0.23340241934426445
29091640,9,0.3475580139190112
12587915,10,0.19539843149959613
8485678,6,0.25399922389606977
38344264,12,0.24681817662639483
35149889,3,0.6258167859704326
13823275,14,0.16833877997619454
33244249,1,0.25735625985701605
6798312,3,0.4478933279148514
31339001,16,0.4374058824491804
16396859,1,0.2967750714593137
34225839,14,0.32098021109665703
7655784,7,0.33269970453253006
23406215,9,0.4456310831753203
26071034,2,0.3180947078856287
8758666,0,0.18003783056698566
25597958,0,0.48973561099923907
16489292,15,0.515595246725622
28571741,5,0.44703332524554745
19008260,12,0.3805106379101248
22139333,8,0.6917368590156553
9390310,11,0.2320675482935915
1096476,14,0.24591902684658026
25943870,15,0.6726555315651639
21169031,12,0.6896728863904469
18783962,16,0.4101538299956001
23305250,6,0.5889105279545234
19204716,15,0.3774821397039385
29694843,0,0.4611062888624728
26673342,16,0.3014662396419789
36169566,9,0.31390382784450377
37184039,6,0.6684624789016487
19136347,5,0.38852248753479984
10775817,14,0.4814864261817351
19583217,3,0.34909523493469424
13395610,16,0.4606959459279461
39836011,12,0.2639672995159858
22597684,15,0.4297343954467017
1985856,14,0.6297729544336704
37391177,9,0.22416000801487498
27471109,9,0.6220844637590233
37212155,5,0.5784592658495074
39493229,14,0.5523244254880283
27190492,15,0.9341610197915131
13545839,11,0.42129869086286353
40115154,8,0.2911868684756371
22551461,1,0.769803301805565
29671704,14,0.830276591068078
13105729,16,0.5004453913130912
5887387,12,0.5657931560472749
36032623,3,0.7632132082333944
33981799,10,0.2915022113813495
2515814,0,0.4595417625397429
28627191,7,0.28414767380926687
23110550,16,0.44665294788838045
37028655,11,0.6711920991482578
13893117,0,0.26959102915241906
35066413,13,0.4241851752508203
39889635,4,0.26359638727733425
31146283,12,0.5103195034601599
32370047,0,0.5620380895465064
22456765,5,0.5984549479752919
27744307,10,0.5254013333029743
30643505,6,0.29780599451314005
5614144,10,0.28057451023483176
37442852,14,0.6625297908130241
1133371,8,0.2692579659982349
6157367,15,0.24531303834531917
4272970,15,0.5027607500680529
38589183,0,0.6556044252997661
7979714,0,0.40289293041944463
19555680,14,0.6966505701474514
39344371,9,0.2519878878667855
33799132,14,0.5942234879018126
20104999,1,0.4188846261633044
3790848,15,0.790435684138111
38426303,4,0.8228960471468411
35118216,12,0.7623950538168044
5480354,6,0.3111195920479565
34163770,16,0.43835776344615857
35625498,7,0.3227817731231175
32100314,3,0.4308084607258856
8362510,0,0.4698469333319919
10873368,0,0.5187403132030544
13663591,9,0.34722496397647695
394465,7,0.33612083236932333
23910150,10,0.5496784579665951
6260777,16,0.516142184108288
7285746,1,0.7665741689066438
9068625,15,0.4835303680253839
7397969,10,0.3824416343154542
33982167,10,0.5062738194081424
16776721,1,0.37206574618573784
8716801,11,0.2079660130843834
28575070,6,0.5303747489586392
22130602,8,0.7119052816219541
16344076,9,0.752110047427686
31442693,4,0.4229620694736978
29466630,1,0.909333090096403
4918458,8,0.7156309303459978
17884862,15,0.3658668557777823
15494574,0,0.43584374869395015
38241517,1,0.6496165831669417
21738882,4,0.5675048460540332
24364666,6,0.412034346033115
16172810,3,0.7350487105982967
15282614,0,0.7914085728404209
38218091,8,0.2374212329708022
30071849,4,0.46166518236293486
29940869,3,0.2703402392505935
30432228,9,0.31983667230523655
5703456,0,0.7491641146295813
19356736,7,0.3288676987704828
37694908,16,0.3471029208177003
35503922,15,0.9867731100978129
3267081,11,0.24747222349568776
21842885,16,0.3699708892738939
3893576,0,0.4660475963795363
39775055,4,0.4579760787849249
12341468,3,0.40800601736461006
34336511,13,0.9339043124030096
25233749,3,0.5328276724883909
31273995,15,0.5133393663133645
32640029,11,0.30538413029787087
11109458,3,0.3592374962332979
24382417,15,0.18922389588137492
34386971,9,0.4045470092339759
12616074,9,0.6314475420607366
3576071,10,0.2929090457934366
18675471,8,0.5761681228954337
28890220,11,0.30837328631744537
9480436,13,0.38531033177382973
4352244,3,0.6966146065571547
18562350,11,0.31907464840239996
26930593,14,0.8379370875680469
39030037,16,0.31139662080985353
15456475,15,0.4408736745316923
11976498,0,0.3154538314497043
21337090,7,0.9253289085911707
39870912,5,0.9040255747712853
31544489,14,0.8784115332517666
37886596,8,0.49997038476415107
5022237,3,0.4482926269495636
30442794,7,0.436198277915759
24159654,3,0.4903111164855576
20301338,11,0.4250811162379737
39580066,13,0.686720921020257
31775295,12,0.24342317785874712
39168281,1,0.43321353613312313
18544396,5,0.9799576319774443
15072405,15,0.864182423781622
36312767,1,0.41018663221296336
39373397,0,0.3851342436215268
34671217,7,0.43240604692934753
38644532,4,0.2933188901552559
14593515,2,0.4129376015965268
18671938,0,0.5579608853028138
38876353,14,0.6125114264236662
28503770,13,0.39350877756468033
22785484,6,0.5344228125857597
776120,12,0.6253981657589043
26978095,5,0.43240719521331217
14701608,1,0.5585528615998068
4909398,7,0.5866732755072346
26193999,2,0.43560688064680575
23668043,9,0.303649584039057
10947972,2,0.9183398472882507
32232708,7,0.4639160579154558
2945594,12,0.34345525295971574
32791687,8,0.39430941979358514
33991705,5,0.36207048866032343
16413414,4,0.4456534357163958
22796294,16,0.2111322881612328
16044801,9,0.4011050457676891
21708369,9,0.35813225480944194
19701789,11,0.37522221319202154
39377195,4,0.4271851564210554
37624798,5,0.6572088222793857
27709348,5,0.5636205166690744
28347722,10,0.5398952165605504
5426723,15,0.3764755887580155
9247582,5,0.3023489724989249
16621351,1,0.2706332599199536
24540326,1,0.6116159312102627
32643009,12,0.5951064285024118
30525413,15,0.29160587392941506
36707541,8,0.4206345894951806
8258734,9,0.5719553740598478
17389057,8,0.5864903221392873
14453068,0,0.2699630751140499
32843082,1,0.23266445036724273
34909369,8,0.3411176203740182
10129959,12,0.350480689715383
37976551,12,0.42216778659318044
17350168,5,0.3618316949009858
23017625,4,0.4537327258802646
26288380,3,0.5114788263066529
36297912,3,0.510554089097621
30960177,8,0.27479199696158796
39118308,4,0.4884185643359421
30514853,10,0.3311625206136832
2918454,3,0.38486425377268896
991926,2,0.7661665308797261
2270345,0,0.5211805587266038
24251959,1,0.5525074742148522
4287019,3,0.31091592887487335
25104372,16,0.7059890080556368
29065318,8,0.21564921603289638
32021975,2,0.7032672365456375
39760579,5,0.23369591861017747
18446522,3,0.5131153049830468
26150337,8,0.36406295553605333
26609824,2,0.8999667115036029
21233089,3,0.4335830838184566
11012981,4,0.3818788067163493
34657183,4,0.8074732503833038
26243592,9,0.3514507622307672
38060292,15,0.4972708645107166
12138691,10,0.4239250667888286
18682965,16,0.25219449868439225
9015248,9,0.5439079590646446
39509696,0,0.4282032195224261
19639939,0,0.2983611995001157
35874743,12,0.6889539767300605
9249717,16,0.44900460148901417
34939609,10,0.5409076773283266
26761734,8,0.29665943456539934
1155566,6,0.3472521879393563
14151657,12,0.29828107119954583
13976836,15,0.3668808308975914
35140147,10,0.755793252761649
32496906,7,0.43334808205946884
33704925,9,0.5888901081324782
38592324,5,0.7448547604177631
33810617,8,0.24176250886522066
14292271,1,0.5591106803863313
1447422,0,0.7864847199978454
13592166,15,0.7795388579837927
7416170,5,0.9396820068467963
24505638,3,0.6983366526089073
24350967,5,0.7727544590408886
25254093,16,0.3935317871341825
33858344,9,0.5356168524991314
35130192,4,0.4522238332618465
33596363,14,0.24250541290087083
36635607,10,0.5325431644385826
26141287,10,0.3158223310620562
21303510,16,0.7526143922450733
25121535,11,0.4857723102670696
4620009,11,0.5010453749264647
34930305,0,0.8448725586455869
3188925,15,0.3503535038087833
34880843,6,0.3426747773550171
7295639,16,0.2699391919116451
34972485,7,0.5717494566942647
26449835,3,0.3810976113039784
25926384,11,0.46226278051854247
24357358,1,0.5137213789748876
25566781,5,0.5262169166761078
28875296,12,0.6431256398312891
16198539,0,0.6237958098515459
33363622,0,0.2971821194491372
20092850,15,0.740542278277399
34100440,3,0.282654673289729
13068551,4,0.5416154635739574
23377182,9,0.6267179462323298
11144819,0,0.2932352999900641
29829728,12,0.4513875788016077
21999810,1,0.5660067114134054
30777897,6,0.2213021728755553
34473682,8,0.5159246398328592
31778444,8,0.5492964888124171
9959769,6,0.4213608775318516
21597071,8,0.42718114041810296
32848603,15,0.3984923005718956
32595980,11,0.35606355549615054
31692269,8,0.32559542644822204
37896509,1,0.260023278193551
23119031,9,0.35279533746531333
37592168,5,0.6015327453945989
6445508,12,0.6336651293129582
36675489,5,0.8723821488290491
25228175,4,0.4015646140320295
31867543,2,0.4782268919575407
24685790,11,0.30997311120237525
37480487,12,0.24996192490570251
33583757,12,0.353743448630274
35124724,16,0.27919898612290994
1713078,12,0.39260396352575566
38454914,1,0.5779770880797086
21833348,14,0.7719207181693581
25955833,9,0.6017078848907722
17527869,5,0.2514484768581446
13021743,1,0.7600622235506802
6401167,9,0.7483424301369442
11322250,15,0.17021094566128606
21614941,2,0.8246141320194909
38669125,9,0.300988028383873
29740808,12,0.34003751080144723
39525993,15,0.9167678336525239
36473744,13,0.23301006328850574
32022971,9,0.25224836097034964
38077925,12,0.5915303077806817
39862663,3,0.4888901486606247
21240195,14,0.9639606243706805
25656715,2,0.7635930561082424
30732102,12,0.41327554159702407
19551589,12,0.5277259989913743
25603555,13,0.24832166332782177
32519153,7,0.517001399302289
7381089,6,0.369176301828258
1048831,13,0.44818457591865984
2938405,0,0.4910163468978434
30101979,5,0.5325100734628939
26812617,13,0.42475170425008507
16920504,12,0.2567028581118022
26686002,11,0.977389163693947
26502641,14,0.6018651737075881
844110,10,0.43071941471271596
37507943,6,0.6224699424803741
7744471,1,0.8655555163404228
14801778,11,0.5603356097952665
2539599,9,0.24673404077410505
29526088,0,0.3992611971835229
19391849,3,0.5421956376900933
37901929,7,0.535592443725667
30577796,6,0.3503654473737673
11822879,3,0.34698272584437123
37369923,9,0.452825263314975
11579930,15,0.7076130931541392
31426106,8,0.4227708714387819
22148724,15,0.9410457814895001
33085258,12,0.3272839477991759
39630188,1,0.7778297269796238
23388749,4,0.1960808676868432
5461814,12,0.35779170719333453
19199540,9,0.3674091815564618
23301256,6,0.41045503867458244
36736348,8,0.3126528872864345
31851353,3,0.47863740726597304
14589625,13,0.4682118338783049
27832423,2,0.745626106196457
25693930,13,0.5098024074625386
38839174,5,0.515557659989525
39662918,12,0.3790608288772776
1024529,8,0.4626028318327202
10344854,16,0.8079392642421018
13307120,2,0.5903575261327434
17534435,13,0.5280361858349211
21210451,3,0.20740736315672623
34758779,1,0.6896367447892612
19847465,9,0.8807217732653334
24313201,7,0.35943347962352
22894140,11,0.2934112362628041
30873981,16,0.3981202985515212
15537745,10,0.31806209409069036
26423034,9,0.5447460782621963
39990133,9,0.518560731837892
4845913,8,0.1868294239345437
34402713,0,0.2334131340065484
23490643,6,0.3393422867056637
1939228,5,0.8789206180767396
2597827,3,0.4395749977082764
36653465,10,0.6427551760409546
38961709,14,0.4819218327729307
34045568,16,0.3460361970777523
18469715,3,0.3239757554023709
32774981,11,0.7699374424981156
13269936,3,0.5828206779617374
28282997,16,0.6586624858586178
35917953,4,0.49290707789029803
39827247,4,0.7870295692232662
37062466,3,0.9170679932756204
6298940,0,0.5449037246036715
1913613,1,0.37546896505496397
36963076,16,0.3655121674748988
138029,10,0.9583062509772939
1044473,1,0.6612957056264692
39645125,4,0.6601568194302464
22747235,7,0.30379660410988724
27790801,15,0.6068845299652185
24899772,12,0.27828662037729157
9501894,1,0.7486801007550944
30009171,0,0.27621161591288346
1185775,16,0.9184293999777791
37962113,3,0.37056834536748473
15092537,12,0.23546258386985508
38212118,9,0.5035449215473828
2574080,15,0.5793160154675381
12036146,0,0.3992441829701593
29493591,14,0.8753284824002167
19644702,13,0.5057870535881013
33626444,14,0.43708655808324953
26600753,12,0.30134810777260534
22846098,4,0.3229086769344484
20069835,5,0.5302720177077093
33678423,9,0.5174433318840512
18477414,5,0.4275689371439468
19621955,10,0.47904371874693225
32980633,14,0.7956782244453215
1871549,0,0.9999999999577956
31267366,16,0.4096433234574544
35101770,12,0.7569235228766737
39923023,10,0.5892350785128735
34131285,4,0.6121458220503295
18979658,8,0.5197443934444963
25449946,7,0.21484727698696923
17339827,11,0.721154873038199
17225638,13,0.2526762827657652
13420988,10,0.4651537334212445
34427964,11,0.5457001098138008
34171491,4,0.2708163860101208
31161500,1,0.5777719484450612
25334334,13,0.23860353272443074
11362692,1,0.3450427615111351
26861897,1,0.5693524347111389
18557407,11,0.45722728154628334
4466489,12,0.36539328965906837
2596069,1,0.41157146194191924
37396527,3,0.4750080084873598
30495979,11,0.4517674800872338
39586613,13,0.27200596897582496
1845681,3,0.28213959465060817
15864353,10,0.7935976794262298
14148210,15,0.21128615600572356
4579908,8,0.5281221601537314
7191337,6,0.3892849470990613
17433910,3,0.4479890141047027
12453279,12,0.2416025983828561
34526854,5,0.4906025125134542
16040469,15,0.23687628330885474
34292007,3,0.5508824637834187
18894808,6,0.360564509451401
3435900,16,0.7035166541175345
7366528,1,0.4879370171774422
24628959,1,0.8347907047938375
25451348,14,0.6273052412296464
30244246,8,0.3225998119961674
17155055,9,0.482840679329323
30353714,12,0.39467246945648354
34435503,9,0.4961509550449432
32108070,10,0.5289627708268876
29986194,9,0.4072957965022638
21578785,6,0.5133752668050837
20271383,3,0.38235135961374633
17386487,12,0.5209247892560724
26716140,7,0.5060555278889698
39819858,5,0.42371882139537553
38962479,5,0.4977434172322604
3886667,0,0.38935192251118533
36825151,13,0.43809223834796873
8069451,1,0.4178786169629464
36422107,8,0.33336795198855607
24196875,13,0.5013342887372878
3056830,0,0.6551754907698906
35191690,7,0.3497919323477927
15605379,15,0.478771103783231
11638158,1,0.26126297597266085
25573056,16,0.6374885767159515
33316051,13,0.4849339756029744
28308648,0,0.4562513950137662
39613065,12,0.20759784356175365
32546786,1,0.6088475565312768
3956181,15,0.509002413874609
31651906,12,0.41437065132988105
36043095,15,0.6385447910086531
29236813,9,0.8496038511669166
20276508,13,0.8078927404835762
25273690,3,0.697506613052966
19833393,11,0.6884886771400275
30957509,16,0.4788150114971882
1279032,11,0.6096009241722603
2504907,8,0.4526664805129352
5593636,0,0.41358115350025093
18389618,8,0.8217422927441317
24619629,11,0.39279351282388575
36169142,4,0.5887764436603629
29621275,12,0.23601297603415936
30461969,1,0.6503284490676595
38288412,15,0.37366254912078684
33055718,13,0.8808540015225582
30929411,0,0.6676362594288783
25789302,3,0.713400977478986
11391700,11,0.5443262752551262
13207678,10,0.5403173647404869
4118409,1,0.4163180851933951
14825910,2,0.7835334812693158
36926140,5,0.6554570721734638
15487848,0,0.5027648241773285
23642478,12,0.8165695034110523
30409140,9,0.4191322997369092
17844905,8,0.27862007176009324
8805290,16,0.4036736469220577
38622681,13,0.3100222262696505
39408090,10,0.28054887048384736
11326748,7,0.35224593387633646
34292116,15,0.31466497412216493
17518827,4,0.4807890495562604
18093619,15,0.43918608072957477
26854678,11,0.2895123521225072
25604949,16,0.5815169693470135
8412665,12,0.423551219732938
6116345,15,0.3197595311465361
24648045,5,0.2364641627699943
30515773,12,0.37348956397421595
33790854,9,0.24679498816522816
23154242,10,0.6934575620009437
23876588,14,0.9599078531852568
18308786,8,0.8333011917742793
22975308,16,0.8848489745787907
21802708,3,0.7126300930163224
38666744,16,0.49255566600997175
39924168,7,0.36875055206774965
31297859,0,0.35922923473769797
1781617,15,0.4824916628737373
37632845,10,0.4001042130528402
25436589,3,0.6347917219155768
21319384,10,0.39188103582519807
36973331,1,0.8073480448474394
37510460,3,0.3116627986950031
6090275,7,0.2903288631524024
28766248,16,0.773430050801457
36568646,0,0.27558318970332246
28394666,2,0.33112765918143044
18881929,12,0.5709325690428546
18634650,15,0.7991737182510238
34621952,1,0.5655027603950583
7629541,3,0.6217334239654722
37148487,16,0.8026965371116362
8274724,7,0.49980344290659023
11263420,15,0.6938360811506465
26680590,6,0.8164385035597532
21564357,15,0.2886550565618321
39508166,16,0.2984560562697272
16968080,6,0.7632088662244211
12092518,6,0.49599385104535243
34123018,0,0.5184085977992744
27862402,7,0.48466241454150855
34954149,10,0.5361113437593361
19403772,9,0.5691820942729524
27391977,8,0.5159792470142586
9765718,3,0.5683591296447662
29324236,9,0.33753881700929844
30911872,8,0.29990423022134444
13460463,9,0.3416609485525529
10997254,5,0.8680188339744687
7720828,6,0.6730363102360507
25705141,0,0.6683439335451655
35657681,9,0.7334661415333231
35609318,4,0.66529024191125
38915997,4,0.448569069114881
29343051,7,0.42458736089337423
26395491,0,0.40309711088814393
25898403,14,0.57192655465153
18540563,4,0.6229065679854452
4712929,12,0.4752910807517026
16960638,8,0.2991822700723776
13256991,1,0.7165962474299632
13530998,9,0.5306145193345213
22370287,3,0.35537867408249885
31115347,5,0.38272851122325824
8092695,11,0.5740329584921577
24068412,0,0.5572264933398086
9667546,0,0.7251244758261639
37335408,9,0.19044517981345668
9522627,16,0.5130480207007401
28065526,1,0.3669079606004898
12334925,10,0.19419159784868614
13595674,8,0.43612927567935417
28265410,16,0.6086251121218399
30386392,2,0.30533234372484946
7943385,11,0.3240057319074795
13366058,2,0.3025349148278953
20258986,11,0.38241173295551156
19961428,12,0.522220908115383
34960516,7,0.4382178831903449
37572745,12,0.4618502953389958
6089078,0,0.34933467641738053
39416667,15,0.47811176452362825
9543287,15,0.7389344948520449
18388670,8,0.5792003971953708
15282424,1,0.44549878531969067
3522739,8,0.31277097606635795
35477813,15,0.4746930483346704
13854347,9,0.3207986523293437
16554999,8,0.4708154075614119
24563761,0,0.5436689684635485
25590762,9,0.24673525919058503
31039111,9,0.3282436093287588
2674437,5,0.6789443751622641
22599657,9,0.28889080543260465
28905584,7,0.6004200243866576
21948376,0,0.3196228698131463
40050201,4,0.4610180477563248
4239205,5,0.505981785254114
22135780,16,0.5828619384072341
38377047,0,0.3718807775957099
31718742,7,0.31550785793599173
34612569,12,0.6460383066003722
302651,11,0.3197866906403937
27872594,12,0.3321471816289125
38156661,15,0.7765899677044218
36452533,1,0.5035511975206419
23053626,15,0.5212075910175568
35655569,5,0.45406956640381435
19811064,5,0.40013467306275896
8230315,1,0.3163302556003047
27345237,16,0.41426829828558964
14078207,0,0.5458185407804634
36907965,12,0.3088851987111929
14063387,9,0.32464948331426374
29573986,5,0.18249024077066636
33993149,9,0.5026989326557466
11025222,15,0.49543134600710004
34337107,15,0.5025053170802318
22665380,2,0.5665640418299368
31265043,12,0.31266443791222104
13618483,3,0.5159594665549475
34529417,13,0.578731239913645
10184591,12,0.35516989703449164
6714151,0,0.38156907495211084
27065652,5,0.24901318414290988
33833224,2,0.5288592378366631
28333629,0,0.6097221995391781
2400504,16,0.5118589644305168
14804029,0,0.7343931945144412
8661166,16,0.3750151395583112
24639437,7,0.3093683901230252
20004428,8,0.4367807956735158
37402372,1,0.3570453385472137
34732872,0,0.2562716658518893
37955423,13,0.7897494440533293
34564057,16,0.46347900385458535
34011723,9,0.3683854895829444
35061261,4,0.4852621703977361
16598551,1,0.29284755792742256
13067910,12,0.33160918246163257
25145847,8,0.5434747781331757
29380403,5,0.6056712452104919
25334845,5,0.5916550918689355
29852233,13,0.45381875424919865
28348866,10,0.3833454727262101
20134387,4,0.5868801346342488
5790761,9,0.3368232061751581
34148280,14,0.4015026728457036
4170238,16,0.38556272066064756
32577059,7,0.30689336206184537
28403675,14,0.7837956559126756
30444019,12,0.23973845910017053
26067692,5,0.2737311463173772
7577410,3,0.588093888072869
19320203,3,0.7871737649693957
21660981,9,0.5037702754347085
22981402,11,0.8523647819299901
15805619,15,0.47677372677081387
14070197,6,0.4023122586163737
7161856,9,0.35583998986551296
6602390,12,0.31239619464445517
30371752,3,0.4668790771623363
9039897,3,0.33331991008933315
31516951,0,0.3323557539359496
38881305,4,0.4236457071993918
37604437,0,0.48840782181088177
2986258,11,0.404809371006327
9773817,8,0.5710880655248729
27677232,12,0.2746722996090814
38258257,9,0.5138256362660196
32419535,3,0.4883006912666936
37195112,13,0.2641707974113669
34806837,2,0.5702718845765024
5283506,11,0.3956393792208319
4992968,3,0.568397392023326
39143817,6,0.42657911273529375
7530207,11,0.5606657072594045
34226403,3,0.49544924302499227
4433324,12,0.4044365021365289
34394228,4,0.4800574605496408
22211981,14,0.7562150366418556
35106426,7,0.38760962622033784
11678180,11,0.2781812977174784
33234089,5,0.5541911040182337
26289424,15,0.5592384920519242
38104602,9,0.5878061236870605
16389460,8,0.460849701158183
28111392,16,0.4939352975038501
2204914,16,0.490127630912614
26405239,15,0.5233883756245896
30146532,4,0.32888042587713273
35459362,5,0.38422121197689246
10954544,3,0.6620760188250637
11491251,1,0.47118555796359046
12494181,6,0.46704068507545354
28532973,3,0.4780157490855801
28684511,12,0.4312492508344731
28792202,3,0.6217375481097159
39865416,12,0.3784700656900462
34935100,10,0.6668311418277141
22569579,1,0.5858243923857236
35082895,8,0.556266218144358
10567642,10,0.5680801164540583
24111681,6,0.4707409324163219
34364449,1,0.5149150565332284
20428890,9,0.5784911976221899
17909600,11,0.5057981095632165
28307566,9,0.39880191166508916
34397613,15,0.4237772869862358
12454096,16,0.9515226938136905
19802624,9,0.551753389381897
5576005,7,0.4019123585638453
39981340,14,0.6844989383995373
18240964,0,0.4258028403478874
15531687,9,0.5470957169889717
30447779,5,0.9030957269173987
7230462,8,0.7057556707518453
29832301,9,0.380732125838143
14972773,0,0.5145540211070838
5015269,7,0.3583364560991371
14916403,9,0.28181262859836426
32733241,9,0.2375969520561461
17270007,13,0.495783800367937
37159153,4,0.44341243721040907
17960207,10,0.7754547091807457
24788061,12,0.7004021382785266
20208929,3,0.47631382390375465
32129419,10,0.5960981018437762
28675435,8,0.2358423439484948
33687486,3,0.8444263352842111
31033688,10,0.38218078158223584
32303213,13,0.5036960844396062
38461638,14,0.7184285199855994
36228334,8,0.25622370104104625
30967765,16,0.6545750682185929
34287296,4,0.4962766275303815
8594549,3,0.8105919288533443
36058524,0,0.6813394271361928
28289025,5,0.48460068718023824
5251808,16,0.7465101321244489
28910285,5,0.49252496327433376
18261850,9,0.6029783311350315
29158838,16,0.517368181461368
36420994,0,0.28628331906563276
30072367,14,0.9616846580658265
25691780,8,0.5818079943450513
30407543,10,0.7812499645593044
26127280,3,0.46271938320377326
21471512,10,0.40807402575409457
23401303,0,0.240840419675255
33715362,6,0.5294682037720589
15754878,12,0.4098286502700289
32718180,3,0.4289377973981933
21221257,3,0.4785252894853691
17681547,6,0.26840609465694604
10893340,1,0.40570819722830603
33338174,9,0.32475916984244574
20055613,10,0.40964920304992525
9526358,1,0.7724177798991123
29377133,8,0.48520448659339166
30263087,3,0.3374094322490701
27836705,8,0.45580373493663595
38818981,15,0.19318848860094048
23284653,1,0.5393712712097092
25669981,5,0.4976744501971407
21060097,10,0.4952543204498549
33733326,6,0.43158490351502526
37473108,11,0.3012080182624406
9886494,1,0.3787258813097893
26384129,5,0.46336052830047375
38040300,6,0.5767095335421276
31356535,11,0.450410441036511
39986053,4,0.544714928304977
884650,0,0.4289693084982843
16927288,16,0.3576693151701802
21556126,15,0.38225464272923143
39555057,5,0.479129149052253
28520825,9,0.5634438623006776
13749252,6,0.4996582240341076
31716211,3,0.5025793082141572
26825058,15,0.20760046563095927
16307326,15,0.5286345236588735
14258984,15,0.8873549133779514
36223325,1,0.9086398455033768
214852,0,0.9247512818127284
31501557,6,0.7375290899367213
37735245,10,0.2527524845718803
40063930,9,0.4176480095690625
21002633,9,0.5836382632751504
39197011,11,0.2979542082150238
28581948,1,0.3038079812327897
2383645,5,0.7845644354363924
15998653,6,0.3317523598208462
10738560,6,0.431974939240483
18704206,10,0.4613745568261071
9715171,3,0.47767975761429676
17960296,15,0.2636268202895394
21018411,12,0.34511662170191226
20101524,0,0.4987738876066057
24267747,16,0.6490058527753826
28094392,16,0.7328438064038012
34844633,3,0.37935969881197085
1978586,13,0.31956085463962053
3904389,15,0.22688295688128488
8195915,2,0.9014706865746543
9458870,10,0.44667518180854215
34130186,3,0.28927603862560874
26637415,8,0.4953945959485419
38125231,4,0.8824542271807162
18257400,8,0.384895130819978
27681823,16,0.2994649562155273
36650561,0,0.31348348995203834
20962497,6,0.5774486293245011
26447915,10,0.6585748583942
2577252,11,0.2500248537673537
34948928,9,0.1580654792712782
20813231,15,0.23660105984542618
33075778,8,0.48989044591677305
18216372,3,0.27048990915919735
37592721,8,0.6377253469214343
34706274,3,0.9332350256140572
16333213,14,0.6174899342003798
37975672,0,0.5009903767126102
27781812,13,0.4995686346472384
39697145,15,0.7638929544604707
21679388,1,0.43239913152242515
34448867,0,0.48944239532445233
4938723,10,0.28865427334954713
12416394,3,0.6147504818343223
24797311,5,0.5745167707607641
14951676,5,0.629659858135549
22756645,8,0.5857043215715277
25954395,6,0.6410740691676169
28260465,9,0.5930873695213935
17138762,0,0.45237427865316615
275541,12,0.3976969247648546
11013911,15,0.284137330884841
13572383,9,0.42890092394018653
30413361,6,0.8491392062960441
32838874,9,0.4934598960936145
35180764,10,0.5551278549672036
22598334,7,0.2551511396692024
33550048,10,0.7652914127041107
4838305,11,0.37138000825393297
26776824,4,0.6960391604483025
7668204,6,0.5042753884096992
18263136,6,0.40978205243120175
30514396,8,0.32053913151589314
24499609,8,0.4828136534509681
35440188,13,0.3412859055207939
27004842,4,0.3332877217356955
32040422,6,0.40364345663979323
24212789,5,0.5140137817719039
38385360,15,0.20983307488457284
18156139,8,0.3708595056959973
16553405,0,0.30232558437115736
19441591,11,0.8247122802701063
39003704,15,0.36915078062174295
27810981,9,0.3053236393851276
38490811,9,0.2669114085926446
39249169,0,0.47299313653254516
37901679,1,0.43040979679834684
35085809,0,0.47284406871562334
31676713,14,0.2106520339526833
33115343,5,0.3508746003548176
30495337,8,0.4639398503700565
23119782,15,0.49963131737471395
31283429,1,0.33097302005829676
27625363,1,0.3633261341851298
11130339,1,0.3661364529997123
11009691,15,0.44504216138286457
28619838,9,0.5111814338093179
21406887,1,0.6617537172060144
27735478,9,0.6433974071323612
39544553,9,0.7748950722391283
35512132,6,0.5789668541032725
9628489,9,0.5105745203012978
32848546,1,0.5112101135898925
32001927,10,0.29863899985364156
2445823,11,0.7374097958769511
34818832,0,0.5318232560232418
17530308,8,0.3414732926158892
19747369,0,0.5715738528334734
25771916,8,0.2505114645708005
19956141,9,0.4845612310083518
29845531,8,0.18664616353585178
39074285,11,0.6565360905826599
31060614,15,0.29134571143277405
33336813,6,0.5159749968984865
36709684,6,0.3508040926781792
19624035,7,0.5717260608463719
22569789,1,0.4869532913187176
36634795,15,0.708743202290051
24310242,1,0.6643443237803723
18840949,0,0.6047860189254555
34296617,9,0.2790245394172218
34992439,0,0.4752707826902479
25561186,8,0.6546690879745992
38490937,5,0.8150236795656162
24021065,15,0.3176710437352183
36642691,2,0.8969277115547147
3168096,0,0.3625975794012405
11603845,9,0.22891471900057628
24233477,8,0.28850278307617405
16098394,9,0.469193175310294
13591170,11,0.4323641884477409
33913886,16,0.4903323087235594
32932591,15,0.6210263679292997
32918757,9,0.7317177648663
7240382,6,0.8111168729349727
22074536,15,0.47603839964413436
2613527,6,0.5675982796836211
19575943,5,0.8177011502097727
37408129,9,0.3512165181379881
37150067,3,0.4292531033885212
10112680,15,0.32582800883618956
21465445,15,0.25267886258442124
30894616,10,0.34915502884719013
17414040,5,0.59886754333008
34467962,11,0.36720562590669553
39743507,3,0.5465750381641756
6467651,0,0.4042979727674347
8444354,12,0.3425402142145949
17980967,12,0.5799186609729176
34759585,8,0.33568497246233725
21670747,0,0.34470900370026153
30433960,12,0.30252366459920116
32170059,3,0.7366310514286092
6211110,0,0.5008896533835736
18280988,8,0.46621872302036255
7887785,8,0.2530877740695401
5122372,5,0.6418309733168238
12805370,0,0.2961196804622351
32175329,2,0.21033141372263872
9810217,0,0.5571050543604481
33928830,2,0.8726002297831699
9151464,12,0.6148101429974847
33333778,14,0.4440786140261229
35269374,15,0.5094243145726314
38755111,8,0.4742717016038595
8317951,16,0.38729547244056667
19225347,9,0.8941886642466071
20322465,0,0.33278440970899287
35168870,2,0.27615236388713954
35674651,13,0.7244739178786617
35764509,2,0.514768520289492
24186569,1,0.3983769022507977
35842598,5,0.8780515077437112
34441624,15,0.5584982690360462
31959379,10,0.9065295237058367
38123480,13,0.607828460529098
25740582,8,0.44071920427863265
8495367,11,0.2250295883608799
15690016,0,0.3813681746013998
5771376,8,0.23688599007406577
28486832,15,0.21056256284457645
31257955,1,0.37763998329105847
20456860,16,0.6991811477011941
33071046,16,0.4098254250720926
39487769,9,0.3801847645560746
1408277,3,0.6983465173487963
6564004,5,0.2971403069687481
1643265,12,0.1862685252597922
7700545,15,0.8086596452261966
28904750,0,0.2900466408177634
37645965,10,0.46221039615561227
38455492,4,0.3257701205765687
17187564,2,0.30920208172186986
7489390,3,0.7517572377651147
26959189,3,0.39915028868648417
24984545,13,0.35206667911929734
30647460,5,0.3341966531541649
14183533,5,0.5808669968156472
28975667,8,0.3661764075618263
27444181,11,0.5419626349931838
18536349,12,0.5482444009071308
17603678,14,0.6844768276871148
18237343,3,0.4291936968059082
31527844,11,0.4045065077524388
11803121,9,0.49645308352203454
28874556,4,0.5422439613667971
24541083,6,0.44345108119742216
38946492,4,0.4810587507811361
39334586,16,0.31718742511590525
9700396,1,0.3061573473622661
14008494,3,0.5791852677591266
20461790,0,0.6628717714233925
16779411,12,0.3475522710472781
34312193,15,0.2593371421656563
19185762,9,0.4437857443144801
13892929,7,0.19430680821379975
21515771,1,0.49000372509362233
20172475,1,0.58482904585372
497654,2,0.31213541088322977
5480716,7,0.26070112719615995
7470609,3,0.4274298999005313
18177354,0,0.5902531255329255
35990732,1,0.3002371648852619
31464555,15,0.2645798346952864
28566731,9,0.9799932326519402
34001149,16,0.5070396270570428
37193487,4,0.5521486304091289
38846874,0,0.5962830129416826
7395542,8,0.7698220310802485
34954461,15,0.8262939742439267
457207,8,0.32570462626140134
23324690,0,0.42082253664047414
33384406,14,0.22854812145686204
34953853,15,0.655518844935218
17763862,9,0.6617665171028488
39492524,8,0.7318018824656748
32022401,11,0.6000917775219093
28457805,11,0.6737496475211041
23546312,12,0.442855860265706
22022820,9,0.8177844084964531
19968065,5,0.6896375975026082
24253977,15,0.5055133494683761
15801883,13,0.4285743044477647
26859291,0,0.44783962242501657
28513604,16,0.36274075740756445
24923536,15,0.5749081367748206
30023913,3,0.4476499823334619
12980500,16,0.31898321727569695
18947938,1,0.5215662840260445
32873021,8,0.22229174491770837
34381370,0,0.3526314610385859
793341,6,0.428615121219948
33089459,8,0.30558038893503836
11986196,11,0.37562139601786965
16990684,8,0.2947307071818903
35195719,9,0.7848706262787127
28870163,0,0.4105523797315321
18827170,16,0.9999999999903517
14157624,14,0.39238015808818016
30158811,4,0.5830298390185238
30177884,12,0.6965254870627431
34144034,13,0.4557247693821239
36466954,0,0.35962122909748906
14568528,8,0.5990624000639543
26242482,15,0.47679981831473994
23594465,1,0.30868899285110024
33149967,4,0.36523433154907325
1817780,13,0.435476060927384
33231494,11,0.49331264255490426
32693114,2,0.2732156111929778
27461479,15,0.3925660950354929
35481540,15,0.29794592387087876
13735422,12,0.4379969978938948
37052727,6,0.6320378073404458
39715909,3,0.5170349394852243
14222543,9,0.7661714310304681
10351645,7,0.4480146880497773
34207321,12,0.4110237617878962
30421325,7,0.4883278927724253
32405620,3,0.8626553072743771
30415205,12,0.6898317553370138
21077503,1,0.2845132701049133
39639342,9,0.5830691890840397
33371349,6,0.6360933850690643
15114616,8,0.3022386147027878
39742893,9,0.5363682937862638
8947977,3,0.4614743248174138
8751438,16,0.49273839197681024
21199497,5,0.3932688259673028
37560786,9,0.4164244614053512
21463344,9,0.5321323291129006
20650074,12,0.5639413361332192
38595400,8,0.46638605730151733
28845428,10,0.5990744499183844
15614676,9,0.2049260438219224
12714760,6,0.5212339339723959
17846613,5,0.6932781778982127
17037300,1,0.5922055787842048
28967592,12,0.31340267590306564
31016654,9,0.25852340190982354
27813466,3,0.31835223314483674
22339166,11,0.8194345071822402
27128290,6,0.34044612269435254
19409606,3,0.3234145521567028
37658127,14,0.6328141267119505
33870862,5,0.8578976041668352
7544424,1,0.8072329701906086
15009332,7,0.3966258279814349
11998613,16,0.9999999999881113
11047105,8,0.28242334398905083
36508616,6,0.2257146718333935
16070535,16,0.4262697751353893
20956671,4,0.6280213571991128
25417911,15,0.6836057062187668
36358204,11,0.2812491034915965
13808428,15,0.7349918999799411
2497525,3,0.5760116831205483
10081942,5,0.31736762518666173
27698386,1,0.72288731190961
28314173,2,0.448692551613301
4504470,8,0.3872411543006614
13675440,0,0.32316520319259606
22394864,15,0.5127970661542607
31890061,8,0.5462579380442752
3294349,12,0.45594985304057406
14078588,7,0.4754683819660107
12134341,12,0.47836621791868755
18510790,3,0.6857709649622326
38730487,10,0.2776176509389187
33018028,11,0.4507903513064891
36472681,8,0.3935043429929606
15357800,8,0.2742251904743971
3582737,8,0.4266232329783981
4355762,3,0.15793682374826462
22119244,10,0.6917935179569894
19870735,10,0.6869606749486145
33914978,3,0.8218396351487527
17401944,9,0.7136969997208508
10836276,11,0.22468855290873632
12867263,0,0.49426395895449843
14825988,15,0.35285496144562095
3268198,16,0.39370189017969554
35526867,1,0.45696356787230924
13906343,0,0.6240899762108405
27051188,1,0.5211933759124991
24363130,10,0.6079415680904813
11792629,3,0.4622450592822104
7056204,12,0.34515756139953757
1950781,9,0.3737729243834277
32648010,9,0.4208244492975259
33572130,3,0.4430011942182047
5957211,1,0.4984111085008581
30627923,10,0.43199614610791237
21034367,4,0.4303216331815885
20572303,9,0.5044993828251229
11454264,13,0.4009072536902111
33293518,3,0.9216793616926885
18309140,8,0.39315514531756335
20845778,16,0.37869319551541875
38579190,1,0.7318372646435353
37669256,8,0.3346770444005931
29852498,10,0.5694055892009504
14133098,8,0.28344127328911395
28676374,5,0.34576946689957677
32407613,14,0.6830793838586546
22640898,12,0.3171673665890179
38444110,1,0.398449906887715
24769117,0,0.6257445907358683
16310803,6,0.4319490393400146
27927103,3,0.6494606944618332
38003626,13,0.7926523475144814
1596440,0,0.2741290913896337
37045347,15,0.5446795539487967
27369538,15,0.5758379768274925
39737026,5,0.2537179096020512
19363736,11,0.2959302713544295
38209719,4,0.5356541435300853
31678327,1,0.5516832026989454
33656724,12,0.6056873410936676
4528667,7,0.17150869346864736
19485768,3,0.5540575844427327
17099458,8,0.2774777477676075
26365369,15,0.5340416111631103
34646042,11,0.7131079053624382
38508564,9,0.7457559910949146
21017652,1,0.4829307132166068
34744863,4,0.28959688360128333
12453595,8,0.5239991047582548
18927786,5,0.3349683363203935
6022450,6,0.5323345966153298
19649788,13,0.30385920217614326
35736217,4,0.8056815556648482
28702673,3,0.3964713048234182
23420669,14,0.5365365214892104
19713844,11,0.4727416953460547
31954507,9,0.19539546679921754
36680695,9,0.7145887139413056
25477528,16,0.5481553679026682
16875404,6,0.5267320961115515
20957949,11,0.2553465355275231
22392823,14,0.6766121825940083
36690433,2,0.4989583511434952
31625792,12,0.28804647006869405
9941766,12,0.37630070553184936
28452361,9,0.8676360542735841
6328530,7,0.5737596716894695
298782,6,0.3204408706575662
33724611,5,0.8267697751296985
22290508,2,0.45875247156693544
2105508,9,0.27715839309211354
27654433,1,0.4358878267639078
14324069,3,0.5220436381573892
9718054,11,0.6775867775462652
30647866,11,0.25586103997282145
35328941,5,0.3998101950471756
26046023,13,0.4846197518840577
39833902,15,0.5468427653837773
31095811,6,0.5177865712383322
30339847,6,0.2691033290446232
17200385,8,0.284973162233381
34689852,3,0.42018832422536256
31229728,1,0.24714992737590483
28962403,7,0.41770905814967996
28369852,15,0.5807243122219969
31862169,8,0.735596131179368
38336938,15,0.7705762627837993
34418881,8,0.3986867632631791
4424283,15,0.7560090457097016
32652485,16,0.43537858448472255
35329135,1,0.8771031709956001
25984025,15,0.41985751253371223
30987118,1,0.6984686776464208
34990179,14,0.5248703823686466
29808355,4,0.7527437487295424
22277318,0,0.1932787598298018
19219017,3,0.44006396868195197
22576312,6,0.5317512289602964
38080070,4,0.5512318920028042
36939157,6,0.20013669649063007
4881312,0,0.5993380430757671
2846416,0,0.41368491759166687
33137686,16,0.4909172384016065
36222823,12,0.4249760284769758
39013431,9,0.6287493151102752
32795354,13,0.4300552408960374
28664221,1,0.5904872131856986
26233925,13,0.4862520598503549
16989736,8,0.5091777213694058
31508846,15,0.28255254996644397
27305221,6,0.3143345204154476
37982004,4,0.31501132903415974
36724955,8,0.5382634299497162
1590474,13,0.5929222504058214
17800897,3,0.5277498951535861
39580473,3,0.3765880165397948
1290515,0,0.4823943133359673
31375022,6,0.4114409034931282
18974810,10,0.6320845139928511
31937190,6,0.24140869631014744
35631923,13,0.24391589736337052
11437350,10,0.472505085785658
37898559,11,0.5052239602035834
2121036,6,0.4304809849147657
23157481,3,0.3087844310412009
25928390,12,0.25113420580862517
2276768,2,0.6915571530866674
5567922,3,0.4589538625662386
14757054,12,0.4119263051068922
11819188,0,0.2972583614738164
19862948,4,0.6677599974256655
837256,0,0.5955187305483769
36763438,13,0.5345786170636581
33454243,7,0.5000581249515874
29357326,0,0.25000521513318624
19900279,11,0.3558457980241775
33321545,9,0.47049049039759316
39498729,4,0.889188738637068
29773480,4,0.5245621259096863
24871914,13,0.4325735643412014
12632323,0,0.853750168741701
6645661,1,0.40707345139072165
36612832,9,0.7255669757053947
30465013,2,0.8179674906134659
31793746,16,0.3099652391503211
39538873,0,0.41442182811449874
33282823,10,0.6379896983230541
15880644,6,0.7220490993043478
524714,3,0.33120900884372584
21912859,14,0.5077704857325329
28678351,8,0.2291876242404925
20676849,3,0.4293577437554317
22598561,9,0.47323798542566003
21150761,16,0.6446569740066058
15958917,12,0.21309235096802037
7217715,12,0.3212758892576156
28892261,5,0.4773878817423079
27715515,13,0.36807441903248267
441397,0,0.22982859637684327
11752371,8,0.2865184852144492
38919877,3,0.27074740684435317
28884265,7,0.6288853302508742
6731345,8,0.5707448217297372
37563363,1,0.7607969501465691
8065913,7,0.29231341396140015
31481689,6,0.312443670958367
36169473,13,0.2853442473908309
3302020,3,0.42063910559329715
11473206,4,0.1937393589952604
38900235,15,0.805574502595817
18391977,15,0.3756392897814635
33956029,13,0.5665778032869154
17313970,3,0.8231052295862116
19059360,16,0.3448492970629012
16898086,0,0.26224813744260234
23124248,7,0.428268564363338
15190228,2,0.6515328077296788
4019639,15,0.6642457208730816
18288757,3,0.3030427050970873
38129624,2,0.40391999513822985
39312553,3,0.5389425786523937
25515288,0,0.6937572128209921
18440526,2,0.36939048982336675
33860317,11,0.44464373940925905
26866493,2,0.7768816564814202
24085711,3,0.5027659416459596
23395354,0,0.3078799313519721
14517343,0,0.49076594835359977
38975664,12,0.4452381949591283
11143827,8,0.48788328674261777
29964585,6,0.21443593488418655
35822251,5,0.2437451639769024
8158937,7,0.4979676537502342
17472124,0,0.44643308849967656
9667742,6,0.35676075422208997
21455021,8,0.39320623344857686
7859775,11,0.4685502533870771
22336460,3,0.24884349367282432
13542276,9,0.46370877493518
6802877,15,0.5793731882934808
9074230,15,0.4294659479404581
2081281,9,0.5093667636774626
2576715,6,0.39065079184622725
39548864,3,0.9187891932483414
19078325,4,0.48331069370093005
36377396,8,0.3654520629552414
35949412,4,0.4939885707467689
37577127,9,0.5532548057941686
23404222,16,0.3365350922939696
25518023,3,0.6100327942519065
34830738,2,0.7601494883122432
39422242,12,0.6724978038782102
16469758,9,0.42304053785319506
21799191,1,0.9351854437456437
25691951,1,0.5308271841890262
23444858,4,0.9098180949449347
2002357,1,0.5673504101969533
13423216,15,0.5148499660570279
36393450,8,0.31026347238257224
28366550,0,0.41813653470392054
38542419,4,0.5314640877578689
36619631,4,0.884172128014109
17665809,15,0.7945394582377006
2196693,5,0.5515916882523773
28669288,15,0.26791996423848785
38886251,10,0.37070858333135903
31988553,14,0.7241832252067448
22043498,15,0.4894445614543482
28263073,4,0.8294707644867108
24768802,9,0.3913709496843003
34291543,5,0.6275244223288042
25430789,10,0.5351993641484455
28335638,14,0.455305009099314
15177705,14,0.3513985561182136
7751132,9,0.3617427092579995
33139230,6,0.6943936474735877
16750493,15,0.40852644319642495
36342078,10,0.4595170522416415
38175765,10,0.8020963236142407
12739111,12,0.4822747655479219
34833138,12,0.33378382800222983
23955382,10,0.3260505246104455
37351357,14,0.26614908034631096
35615971,6,0.6153469349417823
30201431,1,0.44115752384241
35698927,1,0.4080760844801981
40074004,3,0.4211821199996143
34888742,6,0.24674179287416656
9931998,12,0.48583786904327886
17377452,11,0.681532274215209
39616931,4,0.5305726951843998
38043658,16,0.4505631262908335
1554362,9,0.6358610814316105
36271449,11,0.6307906177690982
26165180,14,0.5073714826057378
4901861,2,0.28357139886750177
24265971,8,0.48858693289297866
5568926,9,0.43841404686290947
37535037,4,0.3423142719143166
38225583,9,0.6916693415605258
18995063,16,0.38058844168806616
16984061,8,0.3065387799228583
23392820,4,0.5838402901482147
27584206,1,0.18998108711417855
39600006,3,0.4220830506073052
23747592,12,0.4056026485960709
2181708,6,0.3046089229760188
30576628,14,0.8724084648855351
24106209,3,0.43749851416562774
36640174,9,0.29185743141690135
33740811,13,0.2722144832358776
10445666,0,0.7177223731088045
39969219,4,0.6317659332792614
20156053,2,0.20320874779183282
31939916,10,0.5863912385682694
31541758,8,0.24403328745222308
4519736,0,0.49824802203032886
10392921,7,0.511240509449659
39479732,4,0.5751234154551151
39811720,16,0.4530518120796512
38113711,15,0.1892491979958476
21141858,8,0.3758861123350906
37515847,10,0.7244564939762437
21233233,1,0.26491965497336056
27409727,1,0.36889443526118193
19783404,12,0.39353749610767136
36522120,1,0.6236510156785762
3862129,6,0.30909559142400556
21805472,13,0.5784151503326609
20530921,3,0.8068694546863626
35821271,14,0.953753951541985
22723022,8,0.25353972615650366
36188226,16,0.40358785061964103
7911098,9,0.3746663650324812
36525020,4,0.5807466317549228
23469008,16,0.42861546051161986
24039132,3,0.2783565071298905
29295654,8,0.7928165527575025
33726160,15,0.9999999999886816
31830429,8,0.461172525357742
32858537,3,0.18067870228490146
21996710,10,0.38111911866831066
25633995,5,0.4033158905736035
24930018,12,0.47659374163991086
22014220,9,0.3490898802831195
33341320,2,0.5302312244969198
2482926,9,0.25949548092959196
2938519,13,0.22537334400080988
29330283,7,0.5882813127608568
31816058,3,0.5827940799916528
25598093,13,0.5712321523145949
21743057,10,0.3674677695984943
37400140,8,0.32305766564146526
33713201,9,0.6926527607256442
38912563,9,0.3951633367031122
21215421,14,0.32730793437430766
2398299,11,0.7108958443974975
28798781,6,0.37290416753470146
28719127,6,0.46393598294118743
1547856,9,0.19379349785295505
19104580,8,0.4136183427757824
32492518,5,0.7606566544597712
10320096,9,0.6119023109582327
23696705,8,0.35742810362703364
3207177,1,0.6787151624843332
16617136,0,0.35142027388175284
20691359,9,0.25803132517326355
25575579,1,0.525869630965112
35387280,10,0.31959104040961567
2525233,15,0.2729697213358161
32754496,9,0.6052408124623183
22024456,12,0.3393530839897727
30870072,14,0.5149624029520847
31855048,0,0.48057249425319926
16968226,10,0.6330400945602233
19613750,0,0.27549053590302786
31793540,8,0.39699498151541696
13287459,9,0.5814813104669425
9949974,8,0.3210076396484451
7720728,1,0.7262161242652126
14519082,1,0.6052380139091599
14531396,7,0.4744659510374135
15477857,5,0.4633340783963111
1893867,16,0.375582516141888
39600379,7,0.36737076713999345
12241499,9,0.4881614425181137
6557959,3,0.2629847544709525
28706967,6,0.32388947888415737
5311669,15,0.9058433849983061
34483081,0,0.36920452244432644
26498337,16,0.27521104804559576
13961930,8,0.5448235304757323
28989191,13,0.41312759151538553
38782072,5,0.4477062222152225
5684471,11,0.44843465696010465
23819310,0,0.24817784315725677
35344985,16,0.4760251036433697
23959889,12,0.7071311863741084
3553088,9,0.1821037792898538
26752933,9,0.5981441855137836
11041405,15,0.8614113747699433
37386499,15,0.529300934776625
33672751,4,0.39393468181746566
18309258,9,0.46689678591866673
38484277,13,0.7029031768665062
29356076,12,0.7084461495100413
7215320,3,0.27553862006728663
39571245,7,0.8721657232230662
6816989,3,0.7848692362127724
30503613,9,0.3524074932636333
18745743,8,0.3483400074743921
1908653,6,0.43373510731328735
6698554,0,0.24953612136866865
26189847,12,0.777406317041599
19684434,16,0.3118770008112701
30997347,13,0.7247969019371253
24642156,13,0.514878366095587
37313690,3,0.701608626513491
27555590,10,0.4509948641141707
3052534,0,0.3806771991091064
7427984,0,0.681598271023755
10324015,15,0.5092578458484229
19869123,2,0.8948612505453655
33604725,9,0.4070043405678602
39307190,9,0.6485623044557126
16662104,10,0.2524108788307623
19612209,10,0.4473693046893743
37576006,14,0.8263270124979168
20848222,0,0.25481053730460373
25041319,1,0.32533253766073555
39647480,3,0.8748369632261334
7958031,9,0.47075496283789403
39023504,15,0.45278674417398534
25030037,5,0.3438494713211876
39151545,4,0.8621784967475006
31610677,7,0.5272009917240043
32618304,16,0.21356337091833003
37517873,11,0.47062170442197415
34583471,10,0.5814747065160589
30457162,0,0.3775002962345921
40088902,11,0.7546125868062781
35611874,4,0.7065786987880396
11005072,11,0.3521843981827337
38255066,4,0.5932583908638253
37522919,12,0.6414727573087425
20403968,1,0.4806030730538342
32511131,16,0.6529171143767927
501626,0,0.46312463239943064
35860839,12,0.4080225504585306
22784890,8,0.24817154310590953
20546321,2,0.8615938054902758
23181442,3,0.706914108936661
2336423,9,0.7750242134319402
19465847,3,0.5503775002628546
25346036,5,0.26337774896337485
15539260,15,0.39127849223200567
35592406,8,0.28194655462644325
33976504,1,0.5448653199891351
31617562,0,0.32344265029889274
34817416,4,0.7193807478843228
31504591,1,0.5373358002878377
34623846,15,0.6930857828601079
26306975,8,0.2147024847126704
25623295,3,0.33994403038398235
10054880,12,0.3335461486784407
36448960,2,0.8471029975673418
22138648,6,0.5670419022173584
9111730,0,0.28833421089339506
19664587,10,0.24794269267350166
30282504,8,0.2670807981468705
31863076,3,0.6893914814179908
30992316,14,0.6752112870098588
21822592,14,0.7424888577705547
27183036,8,0.26456930574543325
29529074,10,0.29739351888362425
31819393,0,0.22549665959109894
17915850,0,0.37415921623172255
34983043,12,0.3990440485394034
36294317,8,0.5614465157275064
31121547,10,0.38118146197030006
27080100,9,0.7763678266854666
15898817,15,0.649533897895761
34967236,12,0.8032230035613874
15136392,10,0.5722244566788316
26974838,0,0.4907545084232687
34971201,3,0.4182423272297035
19382013,14,0.7567976336384682
33959124,14,0.5611362080928811
4946596,15,0.41617126377786173
39095435,9,0.39636216389978185
35414834,8,0.4948055198030986
29917232,1,0.4048012253760592
27081877,2,0.7506504636125569
13781563,11,0.663386568889883
12311310,9,0.5198937311597261
13639444,15,0.43416462364341346
28073132,3,0.35475160243500414
21396414,16,0.4952539466199972
12705527,1,0.8574601029547603
3848954,15,0.4388815295079307
24126240,15,0.5350517269908434
14618100,8,0.3058768471986873
14147175,9,0.4969939952015407
9282149,5,0.7973196279792194
36500348,13,0.5209260036544257
40138085,16,0.37097788524929093
31867193,6,0.4629100143687354
29662590,7,0.5033233130278383
7856843,10,0.4449281052067575
1550707,12,0.4294606386996599
27878137,9,0.5540754570613567
36064812,10,0.5352467322621903
37711337,11,0.37054065954045623
21597469,11,0.5719839689834901
32919383,4,0.3971978752104387
20187219,11,0.3949689598041748
30180445,1,0.6747992770653618
5414241,6,0.6862154523206647
38543898,10,0.33704827867899095
5579407,8,0.528245451081053
17312276,6,0.5588933296755075
29377730,6,0.4062790409390127
17874297,0,0.37039270452159256
29361314,8,0.3378310829877722
23771759,0,0.5210611454386173
24235921,13,0.31271591365894325
14469329,15,0.5259128046292616
21449763,1,0.28235761546391436
24233385,8,0.2857188099719522
39083524,9,0.2611012769697493
19818927,3,0.26076014711253587
34393141,2,0.8080719135312024
38400028,3,0.3089050765125409
22234428,15,0.8490128926408111
39523665,15,0.4333210117568804
37667765,11,0.49861045609793586
3153427,13,0.2129034723034629
25172341,16,0.7142507097009498
11594100,8,0.5243640230680419
9643268,13,0.7352909889301213
20132108,6,0.81912846429765
28457469,9,0.6466368139270589
20979261,3,0.30795435339790445
34343132,8,0.4688055208894256
11104180,9,0.37075599636555956
11615878,8,0.3618805002510713
35923958,1,0.4460435912054375
8436373,15,0.4144922432820297
34145556,15,0.28525273938821194
6589225,12,0.4163493847936948
24399772,13,0.3054530640257311
33600230,6,0.4987675795080908
21642748,5,0.5065732525851264
39149117,16,0.4504883642286644
5472501,12,0.36812460648889056
24602117,11,0.6912260439249932
2664944,0,0.6395308698905053
32641051,3,0.3325410573199594
34358173,8,0.2707319461433165
38040071,3,0.5876279672105876
22329224,16,0.3115160424992534
13536118,6,0.46638342191237514
37443169,14,0.3916159014467909
34030215,1,0.551465607510384
29227351,0,0.3427688179680742
25826979,3,0.24374811743817137
18080746,16,0.29247315608538105
16890899,11,0.41575697727351324
27587250,13,0.27332205191843967
12381785,0,0.23430498738369987
32977809,9,0.3052186728143174
18500998,15,0.2455021825529513
8402800,12,0.28252415010572435
38672638,6,0.31701818115262276
8376270,0,0.8467560558165466
26059821,15,0.8200391617240675
33571348,9,0.554373119165276
8492443,13,0.4847012545877218
35827853,1,0.26242793914657936
3458830,6,0.3067913365894428
19671082,8,0.5165912434625272
35330850,16,0.3752093723129729
30051051,15,0.40916064672991825
35484250,4,0.6486549056320151
37354574,5,0.5183430463273022
8168858,10,0.25194508886785033
13122656,11,0.6005746644046515
823030,16,0.5583491624562721
23183105,15,0.25076582527362584
6773584,13,0.4562201790098273
25100531,3,0.6558077847225843
38489075,9,0.40275191503856167
26811694,10,0.3988592454970937
20043897,12,0.6995494265991041
9566060,4,0.2737715528412121
17605962,6,0.49338066422544824
3964378,12,0.3724370029235167
17687019,5,0.3117200077007944
24958806,15,0.5002578958795211
25796130,13,0.6299119659235399
34030196,15,0.5030759014589038
13855617,6,0.23339643400344734
32335800,12,0.43692649472645084
15745457,0,0.33285031200395615
18462785,5,0.5164066633659552
22775392,10,0.5428992625658187
29632784,13,0.406631242111022
20685797,0,0.4445428321041021
23913962,14,0.8250191765541747
29428894,11,0.4510271650421204
33103802,10,0.3192666072979844
10208814,14,0.748236404670385
24167933,1,0.4387334005152548
4965114,0,0.6435983323776128
25647546,4,0.40926602446973026
872119,9,0.950638035527565
1264472,0,0.3370624653098513
6880096,13,0.47735785427765465
36577025,1,0.7618992885835086
37988388,8,0.3962303036740714
39476732,9,0.3406677176690526
23542526,15,0.8708754341263335
29049621,1,0.5278510332651271
33991527,3,0.7350819691270181
20363927,14,0.7915493781442202
23767772,8,0.4590417587400694
29267597,8,0.4277885078902283
26974120,3,0.3904526180185854
27758491,15,0.9059914075298505
28145024,15,0.5891900375980796
34745609,0,0.41982834153223597
27926220,8,0.27875536813945256
8380376,12,0.5423636332414569
28508208,0,0.390269557114615
36432098,9,0.7504940986215445
13861532,15,0.5713902131363514
17199113,12,0.9017237531984891
20538305,1,0.5718356496059646
9742428,11,0.5317134804005678
22517080,3,0.5719567595826309
14637768,12,0.8833594942581079
14904012,0,0.2915383845724033
37404043,4,0.2758541956787684
7949986,8,0.3390787527197198
22893460,15,0.5396673152906118
14024855,6,0.35815071309932334
1383239,0,0.26429722591443605
14351779,4,0.6893234014586772
4868139,11,0.5773883728405559
12095898,10,0.40275859565355127
3375217,3,0.6329767699507607
38085624,4,0.6504282910388176
33823557,1,0.5986355446231824
14229187,7,0.20624188990853978
29928477,0,0.23956411918115858
39876280,6,0.35169328979283626
13330028,9,0.42971979739076327
24307454,3,0.47279905920973825
30513814,2,0.2555400626765221
26186577,1,0.3806353442540697
32326771,9,0.49289086150253075
6649096,16,0.5972763982044541
12204287,0,0.23028599408542086
39504728,2,0.18120126114001725
38550392,8,0.5398905050706664
37085708,9,0.581693297300517
18712318,12,0.27759950493672125
30616211,2,0.939275759052421
29364189,14,0.425261333327933
30838232,6,0.42962228333786034
33605493,14,0.7674625006933248
7459248,1,0.47406635210282316
26434718,16,0.46574813944655935
7943971,12,0.3264439774283924
6479214,0,0.6300070720766141
14172700,15,0.6030974429372998
23431015,12,0.4988574398298683
30878697,0,0.28487049204126225
18259697,2,0.23492130771832445
1916663,15,0.9503916175425953
14648793,16,0.7611143779250327
32177669,3,0.32016882017595144
10889506,7,0.2910789623756741
21148655,0,0.26256903430558676
36044210,16,0.7392901676325856
1416646,15,0.6907944536036018
9574379,8,0.44749269226796373
14601570,8,0.6029904684099777
18590658,3,0.41697624195760613
5559147,3,0.22480028028105004
12964547,7,0.3252368977320852
5218805,9,0.24121663784709496
6880691,8,0.39090487341722974
9949246,8,0.2554077803025429
24123659,14,0.8805160125416167
32768331,4,0.5662230470407431
33907369,12,0.5430586994297323
38910958,8,0.5950281177819726
31411357,1,0.7808015830871351
8539100,10,0.24054572656634687
38162539,4,0.4220244953249337
14422340,1,0.39414420312196125
17433453,10,0.31313958007435505
37060639,12,0.316268933116284
472977,12,0.3807601298208959
24982793,16,0.4237930727325495
19313966,9,0.45225550715542967
28065523,5,0.8649736276425715
29834213,4,0.47865261263415576
18940735,13,0.2706856061444229
20352794,16,0.4925801646568485
12068121,0,0.7229320322906984
8796655,9,0.756038359096313
8826965,6,0.2077222721875275
34205310,1,0.2588141806603009
20926076,9,0.3592694026010422
40138350,4,0.6593708974758115
36630135,1,0.5261655842428662
13055727,10,0.8532025593163388
11554145,8,0.5756374301632756
16552738,11,0.5026922651471347
26210417,16,0.4724911898370192
29275353,1,0.47160047037413566
18720207,10,0.32835575706705983
30371987,8,0.3098921099971812
6391388,11,0.5959921020843866
38380336,7,0.4882539222420337
25798730,9,0.5589000468227192
29871243,16,0.43253694977855434
24789269,9,0.5259385141502111
11527290,8,0.3780949338601563
14080041,8,0.4224453303135039
34057783,0,0.4609151483008355
23398445,8,0.3565222779003723
39778235,3,0.615376734854315
23250726,16,0.3722307232246454
30529055,5,0.5802267666177052
244750,6,0.32708243161760236
23108356,16,0.20059391348998395
21943393,3,0.3006736474770969
28044332,1,0.8267233790096685
35330872,14,0.4195161142556747
17489178,16,0.3686104012205402
30918905,15,0.604026546628319
37387726,10,0.2443229224141518
29447188,6,0.5256256070095283
31631052,4,0.35820758515879086
20361235,2,0.28069385155883403
10656831,12,0.2599704120054838
21938272,1,0.6112671431177362
17737703,15,0.3415113843479071
35819129,0,0.46099823793551103
7488649,0,0.5700960828668412
31617827,8,0.5190501698554437
23133573,16,0.3818907860228459
38791527,9,0.36912321603179693
17958667,3,0.7470409459020496
35441534,6,0.7274635771495847
18945450,12,0.2753274250316737
8991433,7,0.4865489867992628
18704215,9,0.800035847942549
23062926,3,0.28935023890668904
19670153,1,0.43286981553525045
35281360,8,0.4504785962385904
36285966,0,0.32975833093548956
20039200,15,0.24929863955420978
6019473,14,0.8812022253254156
14398791,8,0.3289672440685001
32238896,2,0.18602078195686103
15316428,3,0.5080297034589529
23841011,3,0.6044623944701333
6839116,11,0.37930151835775616
9098441,6,0.48666778496691065
20642284,6,0.4577650304780805
5517314,2,0.4732021490190363
33859025,10,0.5215045531680373
39535756,15,0.41037111659472353
9303301,1,0.7071637225057201
23126498,3,0.5080039340600804
37297367,4,0.7726938160592105
28310657,5,0.4507052754400674
38255340,9,0.975268674133955
11469228,8,0.5118922845776065
6587516,8,0.5919960077249293
31317642,13,0.44516873099177506
19290674,16,0.34227480101793867
23274357,5,0.7205338444061955
40072838,3,0.36848723886476176
32995170,15,0.37415343856780886
6451229,7,0.3154815480026877
37810281,11,0.4918503810387614
22234443,1,0.36215278341352286
2656900,8,0.4191016033586342
6879991,2,0.2925612074907903
39071093,1,0.42625919194773043
5094697,12,0.38640396524537896
34306443,0,0.3484677034925619
2900084,15,0.9221239377664007
9793631,8,0.6601890970765858
4574296,3,0.8535174813172238
14504887,0,0.4010360572780796
15166186,14,0.572280271064964
36456766,3,0.4643907185714531
888550,2,0.8789378607324546
32185442,10,0.6219151008221523
12557794,16,0.7463649051379908
17451473,6,0.27002798174367926
9294530,3,0.5027360929915262
15794038,1,0.2369024276391714
10924339,1,0.2138780468419661
7117443,9,0.4432425567763877
38150311,4,0.2473000687616953
20932840,1,0.4826102532106749
35098258,13,0.9065889907034534
36526319,15,0.35298184185860126
8387546,8,0.5148602425398447
29757126,9,0.428599025354149
35921527,12,0.5182699073157858
18518038,0,0.4114306148172515
31198020,5,0.4781593780321082
39402445,11,0.3641464775039333
19354708,1,0.8994544455841763
19763848,14,0.3968850913503748
34886973,3,0.8355220089110854
20925224,3,0.329581855454446
25365633,3,0.6171228573839269
2744687,3,0.7573334865771932
30203964,8,0.5068731305442401
19527463,9,0.3438407375307098
5570981,6,0.7041902962188779
1466732,7,0.3996271543915016
4644025,15,0.9999999999847156
24248970,15,0.3128759363424567
21849878,0,0.6986822348843764
19490542,8,0.42788942593912344
35374660,4,0.6508449581045105
30916782,15,0.3216793661091682
33989262,6,0.618125376253039
24991795,8,0.2886484462804148
24695878,6,0.43047026227039087
38007131,8,0.5543043343372833
30236122,3,0.6535745043452648
1654922,0,0.445198905905644
23154105,12,0.30200744234509397
7278588,0,0.23182113559958087
12003010,9,0.371623810778359
7365531,5,0.43168510575110375
27953895,16,0.30655854007819267
35509525,0,0.5517222588557407
21003069,1,0.44296318212747005
33382672,1,0.369785439426221
33651043,3,0.3945592698922105
2878493,6,0.5130958374508137
31225489,3,0.507137358325444
26977618,12,0.7265974980606409
16183401,10,0.3657482622177257
26945199,3,0.37873399148384185
26851328,0,0.32734234992310207
35641281,1,0.4005286663388264
18112036,9,0.4448286483828159
25302172,5,0.4690397223138483
24028749,6,0.3809205992096627
29741887,8,0.736801922872742
24196876,9,0.5494178369240422
35774902,4,0.49362387024190757
12990199,3,0.44766064871222333
4047735,12,0.5401220307306261
34174416,8,0.48038271707669783
4216489,16,0.6269921875907984
29019628,15,0.4432985790878078
21029492,9,0.7831902898605936
35685496,8,0.5642324057674042
19195903,9,0.4161692706967597
37593961,14,0.32331804514700335
35380166,6,0.3448662046268867
19717108,13,0.3495502390422494
20976550,3,0.5892081410244671
25999821,4,0.34284039356526336
31864684,13,0.8352914501800845
3071462,6,0.4187648596890641
8456389,0,0.35431057838741703
31175451,15,0.41005392153380743
10725642,3,0.4480449470522151
1457757,8,0.5269550856489202
39116123,6,0.33037461327611445
30794080,1,0.4785660742541411
26827391,10,0.28275868378216795
13409559,16,0.5665667336151496
25058767,9,0.4524536537674008
31328580,15,0.5439297665467332
39241346,4,0.5422902426908253
32836815,11,0.24732425362192884
17427966,9,0.19866781348125004
35074387,14,0.5117738097849902
9843741,15,0.5641720668379822
35842022,14,0.419360230452642
30952474,5,0.3767834408397099
7197199,8,0.32749810967676374
34767215,9,0.2649316281029591
35911736,14,0.7754712421606861
13715876,12,0.543670608495953
38024104,3,0.23242406551165185
1183643,8,0.29981695801395486
12566151,3,0.448513646819972
36353016,2,0.9160909463797836
30720760,1,0.4087794122176701
19086314,9,0.7136844708651991
10922319,12,0.5758942389657903
17046073,0,0.29217853975049946
39708136,12,0.3275434516657059
14528379,0,0.4891955256049344
30429321,1,0.4881615424065386
1166503,0,0.4119977360405483
12658870,12,0.7019364690521102
8734673,2,0.5018042174168377
19554900,1,0.5527891480715353
31306519,4,0.8141928537388571
29606432,2,0.3204739860178536
28843083,12,0.1849610344940943
21497126,0,0.6298233210858276
30525160,9,0.42637645351524933
19477264,13,0.48605580873395954
1517418,12,0.37194911640556044
36042508,5,0.5505065951698385
3379032,0,0.861672925985162
3169099,3,0.49596084419617464
27201271,7,0.5627940836015772
38725032,4,0.4821206967451973
8348255,9,0.8330685835371074
10819192,16,0.44247873265125404
19069701,6,0.4880914256215972
22921751,3,0.26521488480534205
31538288,2,0.4759507693488817
25354904,15,0.32465406494854604
8071523,2,0.24413563467652463
33313401,9,0.8442529163445219
26051185,11,0.49512772020504886
20856893,7,0.4668300219313259
37427069,9,0.5667041194677297
18969358,1,0.5326434079949733
17692948,3,0.3266233489036974
17323218,15,0.391926467831618
4987383,10,0.7210451978416379
6621870,0,0.32524509850481564
4638693,7,0.43689908442270914
33840492,6,0.19836688117097878
37747886,5,0.35857427723822727
31381789,7,0.4673940178397913
26549455,12,0.5830241482241859
24788711,8,0.8546520359014179
33474341,11,0.6566290243046514
2962571,0,0.29075390757617153
26381888,6,0.4932894026247763
1316068,5,0.8075631423357357
29104107,6,0.4353231058482351
29478997,0,0.3781796412102505
27648476,9,0.31495623548264506
20858991,10,0.6733707202426429
11854142,15,0.43034451395784196
15440115,0,0.5580066075720818
30620681,12,0.7945312388740498
21277064,1,0.4628951269998662
37475963,3,0.5541528163777264
39875609,1,0.4944645639093731
31826814,6,0.42790085027390984
5120071,2,0.48772749312195607
39874309,16,0.4106417178236257
33883242,2,0.29617481899698717
6199666,6,0.5323958732322289
11385050,16,0.6093764233130995
12444942,6,0.23996160127422492
34701693,0,0.45121903300802263
13355778,1,0.5742318067266324
22363566,9,0.3558369072622272
27095692,3,0.5593715978242174
27086004,6,0.7012208989141063
31034691,16,0.6803314983741582
33775269,12,0.7454756267589302
36356685,13,0.5323624801369292
20091484,16,0.42650348692905765
24590405,8,0.38051598924438995
8754145,1,0.7257121772571563
22527108,15,0.2127055480808518
38943800,15,0.32182587890188113
2433616,16,0.5634185884760039
14595302,12,0.285555092935145
30700150,3,0.3738774878538302
34009116,1,0.37465452347162287
18889658,10,0.711323014775883
32918762,3,0.27320630678624147
35889238,12,0.5651322008945748
8370966,15,0.7763400930712487
29525047,6,0.324429185582213
39770863,5,0.9725814375148596
31301863,2,0.27892028203383146
27659490,1,0.74071891751653
28479968,1,0.6070499546251703
31045908,12,0.41986511174271923
32448939,14,0.6241557897383738
29621532,12,0.8627531321986285
19902998,5,0.2448158436794197
26916827,16,0.9150881721305216
37007465,1,0.8480367128601061
34168775,9,0.5631622819211377
38833362,13,0.710997519481675
4918425,15,0.6562553616988729
35155897,9,0.44951220366276257
31955603,12,0.3621538687867963
28356518,9,0.5430529374596639
18825178,16,0.7447803532601422
4652893,0,0.5680513696750293
37082554,9,0.26543748215837243
39542635,8,0.39129664248963913
4239896,10,0.5312653969940283
28804450,10,0.684988727297047
17743083,8,0.5580381012692304
19600545,0,0.618201306091199
19485969,0,0.21587861870649003
30559865,1,0.64227093957274
3012783,14,0.7447557277657543
16201655,4,0.2536584206084353
20308588,9,0.508887900313929
19381932,8,0.49135395353665445
16350653,12,0.29019463985405425
28360182,3,0.41646371094583956
14265539,1,0.6156954538503647
28753396,1,0.8030691645649803
34449473,7,0.30314315319881147
33396256,15,0.21786347047950508
26103113,5,0.6737859364325611
12080957,15,0.9197630808786926
34816098,13,0.6205814210467446
28511175,16,0.6456496131707985
28619452,3,0.2675059274630157
16824581,10,0.5019665012377891
22025260,1,0.5837958098372462
6117868,8,0.5457162981756595
11350249,11,0.399128289662741
36717603,13,0.39279536657142106
16839630,15,0.5864375747029115
33205437,11,0.32358399476549243
36171867,6,0.4135608586882898
32792008,16,0.6593711306874215
26522997,9,0.6067687553921174
27939697,1,0.6287685933685346
5424942,8,0.2959024987767295
21621463,1,0.5527388307499903
38048098,11,0.698600575580883
27371972,1,0.643906306759195
19622408,9,0.828635503836739
16771391,11,0.468156255124295
23678466,8,0.39998048709523787
22678143,16,0.5222920587399383
34168415,9,0.9999999999892341
37624186,6,0.4269717553354646
20014302,11,0.530476798620752
35349920,12,0.2699916856925092
39248753,14,0.6987242366080193
34966059,15,0.4138495089577014
21614181,9,0.6167272832286429
30679192,5,0.48017015077209607
36783700,12,0.6393077323630402
38526289,14,0.7969701604986377
30037941,13,0.574460777242724
30464454,4,0.5146662475823565
34132368,4,0.31594913082322695
18090731,2,0.3631109534786324
38989667,14,0.8925074052203915
34597093,5,0.6714951062816829
26037977,8,0.36696580788323707
33443748,9,0.5551560511535228
38662656,8,0.2110229966581811
29120431,8,0.4636619731247144
30252693,11,0.5308682852745465
4467193,16,0.24028878471138773
27334949,9,0.21710412638087523
33306510,0,0.26024564119275406
21697867,8,0.4711544405695503
1739566,3,0.32846573755132025
30642950,6,0.6716777014258923
26111370,11,0.5394213036556206
16122128,2,0.5825354245113189
2083504,15,0.6028315869952765
36932491,9,0.350848871924052
15535897,6,0.35186110175994834
18452707,10,0.18063752791983095
11078916,6,0.6609573751077267
35032417,14,0.8286927342582231
34572330,3,0.33858418374681964
31873553,6,0.18803566360229218
5073903,7,0.6938097882845373
38644013,10,0.5137806311121738
30120924,12,0.4075892129166286
296270,12,0.19407210535454383
7983099,8,0.704075559603045
6783826,0,0.5930506550515586
2780904,16,0.9044441974955045
34489301,7,0.4237626650338465
9322284,1,0.6012762001258266
32539611,10,0.7208975571337879
22927288,6,0.23100945889242916
22895618,9,0.3081667415350463
21875967,1,0.2904619193168248
9216829,16,0.4402390905293417
11602579,12,0.8226327955087033
36731874,9,0.6620213111656532
30366142,5,0.2362811906730203
27477940,3,0.2963690131652178
9047349,9,0.4017951367187954
28642871,16,0.37785857685318314
14351854,11,0.360245238645678
40064853,5,0.3408662788816445
29751403,4,0.43113300798955345
25761701,8,0.5082107594935786
9739407,7,0.5240451898649378
37686060,1,0.8279193600568029
15957071,0,0.5543258689000624
30280206,2,0.15250662302494497
38208137,8,0.4635354749221636
10885984,10,0.2526211427047778
24651723,6,0.3205873013745423
31883073,10,0.6504026077171894
26442790,4,0.3586809832303546
21443690,0,0.24052885054500522
39939627,5,0.6560224695318534
27770300,1,0.30693359562644873
17529541,8,0.3014049803015739
8809881,12,0.25290494958462356
25968752,7,0.32645186915246477
30176184,8,0.33519223725706854
18895110,0,0.32186657060633533
4499129,7,0.32699975252799246
16301356,0,0.723939543147917
36007937,7,0.29429620140148016
21781782,6,0.9891335468503092
33525073,10,0.697211489738989
25171995,9,0.761530507851899
33124464,7,0.24308280192075776
38043717,3,0.48989618279453784
15749591,16,0.9980542985756243
31444374,16,0.37389259207989184
13832562,14,0.3812173612791322
38069160,0,0.4368481829508521
32616182,15,0.33140732357514036
10747873,15,0.6301760243310364
15240357,15,0.4612719380393029
3680262,5,0.5176666683223352
16903368,8,0.6372632191874372
16312822,3,0.47267636066087937
37557052,0,0.706826042602679
9818688,0,0.6062526351525305
28429745,3,0.4772549855901304
33832370,10,0.48587478334319956
4641877,0,0.30489519959929867
7477864,16,0.3421740618641392
7985696,15,0.6266044967678062
30643987,1,0.7325850159820824
36062041,8,0.5977455738891777
24846671,0,0.34587114255938267
20228227,10,0.47604331332101085
30573618,10,0.29889220108142905
18383970,3,0.7100967564111557
15878012,3,0.32450325746860276
35769095,6,0.30879882852138996
36428505,8,0.5163147159867292
5050110,11,0.22504977828185277
6838130,8,0.4571022560275438
28838129,13,0.6016473748333605
24041885,15,0.627850981483195
30645276,13,0.5034856536249952
30941350,14,0.6787807744884458
21526351,6,0.4919964584328752
21551154,13,0.46456301224331564
15037690,12,0.4467835022846932
33537917,1,0.48024314375798005
21440816,0,0.23635779319923986
36287701,15,0.47897063040404136
15417415,0,0.30852549317011085
19485728,3,0.5351739648291003
39453015,3,0.27422054769993637
33381807,3,0.44749883203651036
4341746,13,0.33732539090771896
39936200,10,0.5187695720293306
23751870,12,0.31506501189373337
35215754,3,0.7075282341426974
32106500,3,0.5213661438435792
17393343,13,0.43299912773217236
2083353,9,0.6585188311334687
35839043,3,0.5180805544381297
26375381,9,0.40491431243654513
23163508,4,0.5110400611047236
34366763,9,0.6262526503209576
18908204,4,0.606065855675964
15055029,11,0.23395086527840134
31152301,1,0.8609525514490648
33879279,9,0.3102627676196504
30628442,9,0.7423766154033351
36572960,4,0.8852527841376965
33302984,0,0.36045722547947373
19514353,10,0.5536375131159562
8069859,7,0.28730954885391224
5395853,12,0.3338417394746832
23634356,6,0.5658353844284589
28507637,13,0.2559505070632369
19060144,14,0.6256852542223879
26388226,9,0.5728618687934217
17583247,11,0.22594664588523009
39792591,0,0.5054950219833871
20063844,11,0.7368840561144206
26618333,13,0.5188564053605347
30752198,0,0.3544896860159292
13416294,8,0.6715414279249501
34417154,12,0.42089724550996027
26752020,6,0.42876682112162984
2753022,8,0.2715283739421698
29359564,5,0.35849203535207647
17473938,10,0.49090346790160877
8409306,6,0.3788425863894514
1325518,5,0.305059235159121
17768515,6,0.6110375770253543
30224991,6,0.6068144268077331
35993647,6,0.45254738640867365
24088825,12,0.4279321169798493
21223898,5,0.28693408879351173
33683184,0,0.4037579937454917
20316299,9,0.47768083903201153
15154658,5,0.14383098116361218
33136727,9,0.27220422676745315
29290277,9,0.4784611093107927
10709144,0,0.4347140023079048
31303026,15,0.7765771172761896
25332555,0,0.46362664471958287
24285325,15,0.3946739190829926
29372643,14,0.713601086654021
30614996,8,0.3447557667493808
15484443,9,0.36214913430274914
29378090,12,0.31077296632212853
6716934,8,0.3838837563436593
18281767,15,0.2955188785936729
31836211,15,0.8594949839488765
29487282,8,0.3058074360999735
14400993,15,0.3938680047830306
20910616,12,0.34475902316227286
18047232,13,0.5853420706651028
34178840,15,0.2679981624663941
13649316,3,0.8119487766136473
33068690,16,0.35410125203284326
24646139,13,0.7768746569713215
30070358,3,0.487676261639242
14855014,13,0.2925012442593163
40060461,16,0.3855547857683249
34839146,15,0.24458563805045247
3852190,16,0.26748864765726676
27439431,8,0.43400203239655794
39131559,9,0.21442150756671727
15623738,6,0.39360213226132523
17625431,6,0.3990827799733143
5312487,6,0.8733790643918258
11360744,10,0.3946278750698643
7380629,16,0.46482304063277324
38786936,16,0.5937425539049745
18749121,15,0.3016990272302877
35388647,2,0.3112668394881207
7138076,11,0.3282149410918749
3194018,0,0.3622024486985566
21714285,15,0.3335629244458046
37859823,1,0.3529536811437988
38040946,15,0.8249543223035941
21474964,5,0.5585360487260602
32578083,0,0.3377992533461188
31165588,9,0.3732122950375392
32909787,13,0.7875638742532677
24932245,1,0.4440142591706387
37608830,12,0.3924997423115812
39358958,14,0.6036252848262051
26146512,15,0.8539572687856547
22362736,15,0.5341760979069995
9071438,2,0.6835201463183911
36530293,4,0.6320066520745108
22165610,8,0.33488302031320943
1585439,6,0.2342560021999074
19336385,9,0.4733703808462999
14194997,15,0.4952988050543851
5094351,8,0.4362799782897986
39785543,15,0.3949204864823229
30450646,6,0.5746141879244973
36233330,15,0.7775230330485032
30419488,15,0.1467390786349037
17147446,7,0.21338611471275382
22854904,7,0.3921921766475546
30852243,12,0.413985420169335
27180336,9,0.38792963645606676
1397799,7,0.30253714931243764
21212287,8,0.22532155695494702
31032509,9,0.3391391885332227
27029725,16,0.555350681103318
26823026,8,0.5234166919192049
25598942,15,0.9657430185599447
37808567,16,0.43696649867142645
39804652,0,0.5377793217968536
2450593,12,0.4710369087581583
22730956,16,0.5401464772740082
29615870,1,0.32675928927343756
23180879,3,0.8075339842658968
27638005,9,0.4179747141913273
26047801,9,0.7965870768314912
636485,16,0.8616199657354713
21573941,14,0.5557259617062686
9882447,1,0.467633184736578
31134191,6,0.7628173680302722
18476715,2,0.7248352026734494
37316356,0,0.8822049769696628
10251391,3,0.2899383212534593
39296927,9,0.21933898212334052
22885022,9,0.9267107552390925
27380644,16,0.5388825273720722
2522255,0,0.400228774559068
19827792,14,0.922596200338593
18354534,12,0.2459440677081364
16034940,3,0.6274135012944959
36412006,5,0.5698929217896032
35978211,8,0.27420703304131766
36365026,0,0.544207963351831
27456890,8,0.7516779736038519
39128380,0,0.23920173980437606
2799491,5,0.7428622153775418
11159289,3,0.28351843962863343
33534879,15,0.1956287239983404
31424202,4,0.32665743907631617
39784326,9,0.637819469687378
2358896,8,0.26530187681455525
13956055,0,0.27755489517817433
4065061,1,0.3415547196041693
21571693,6,0.6511114284712367
19611387,2,0.5004892521840674
30854465,8,0.36601180741240036
39318232,5,0.9452574469373919
23395065,7,0.44593011593903886
15401526,9,0.5887013248025736
17455302,13,0.2645467752482509
33856436,5,0.6651540891453923
14371331,5,0.4986415124154414
32792263,4,0.6565194380079742
27184015,6,0.8360170360089871
30605890,8,0.30804005976646825
36114619,13,0.8512336772833978
24417149,8,0.38060601966709307
3441358,15,0.21880659366246594
22501006,9,0.8417692340924817
39529655,14,0.42192888478590307
6087388,15,0.27444933692627943
33099588,12,0.5769366352218308
27368950,13,0.5943158819537737
37058388,8,0.5540502507271599
29105310,6,0.35249043871959496
15889335,10,0.5313365870515476
24290219,2,0.8544586625288245
2951123,11,0.35977188761728546
31947756,16,0.6084397972116701
3183617,0,0.33572867819238333
39832861,12,0.3452554913487438
39127388,15,0.5888354274058716
37454785,9,0.42204111920721066
23790415,13,0.7551989931147057
8707457,10,0.4331253975097246
39975898,14,0.4535466243934483
36526789,13,0.2730569829285776
19138609,15,0.3110052576687382
35276340,9,0.8924375963215073
31841151,0,0.3454603725274091
21339448,15,0.26878688037109255
3964926,9,0.5201863427970732
36462828,13,0.5672092721491536
12234998,12,0.5640900434883922
33321207,9,0.7402291941810404
34532993,15,0.4234987606272464
29357442,14,0.7051921659469472
29934246,14,0.5574631246567927
37205243,9,0.6641125609765665
12719205,16,0.78136450252351
39335766,15,0.9079194502869617
15304308,10,0.3078603522515149
17844405,16,0.6382775239213038
37512271,13,0.7600380201846209
2808832,9,0.641291881575256
40118041,10,0.46350036537067285
18622798,9,0.43202418181826713
36826156,9,0.9999999999901172
37397867,3,0.6558678801413318
30953104,6,0.5874548524417851
25080418,8,0.3286689066005746
27577590,7,0.385238499116477
28006960,3,0.26952323064257433
31325707,12,0.422420497014473
17824607,12,0.574983766461368
35964324,12,0.5919252412880056
34062266,11,0.61412691674874
10943589,11,0.4239400405280335
8646293,15,0.8518154363408347
33103014,16,0.8365751893423172
39047695,6,0.33248128525488585
25798843,5,0.6815325457489181
29450567,9,0.3487912802686459
20394667,6,0.35090279340655883
34849328,7,0.4061762999158942
37531032,16,0.4446250115220311
25483349,12,0.3780321214151475
11802436,15,0.7246428640763072
33977673,4,0.5836684602210335
39666392,14,0.6833975237580122
5297937,0,0.3010253160842562
28522106,16,0.4324604618154574
31943169,14,0.6929835061709869
22426374,3,0.6750101240563975
18570619,9,0.23225843667503857
24842305,8,0.3597020559294146
15340781,5,0.6672402661846548
25282661,0,0.581427738897422
39906837,3,0.6662354734522731
27063289,9,0.7456855865920479
8783307,8,0.2969264649580099
24142119,13,0.41647385815415827
38517765,6,0.24827040577729018
28701256,6,0.3231464094346082
34411061,13,0.5990689767546021
16344974,2,0.77120759606545
27695892,12,0.5785512090715119
27895503,4,0.6338136141120033
10590840,0,0.3929436977951355
13752070,0,0.5333508926871781
39514004,0,0.30296884090271037
31623005,10,0.8136293395247053
32922239,2,0.905789839525981
12680006,5,0.6003773188513383
16892486,15,0.2773154737801449
38659842,9,0.5332400389726838
31003968,8,0.19237302533001674
21607025,13,0.7844349893191169
37235310,8,0.3447763507938656
3918700,11,0.34307160684395954
9433573,3,0.6366564024560709
39378363,5,0.4187248433771707
38626017,11,0.4609408666908533
38021656,15,0.5189407908236554
32731140,12,0.5722464699820328
1265665,16,0.5436257025603399
36002457,9,0.6576942897131854
32386268,13,0.49549051369999153
33777703,9,0.7560310779566046
20394613,8,0.39464463981583475
5000752,15,0.31901162312599496
28514801,8,0.3891829887923406
25360700,16,0.8001563665903448
4621938,16,0.5344469209594465
29214770,4,0.4468756094467435
35380641,10,0.596393197756492
25005616,6,0.38709922891710674
2017261,3,0.5143959306080088
6402753,8,0.5375700713061053
39209863,3,0.47386753909219376
29333020,11,0.4265270725135969
6080477,8,0.6586452763826516
32030387,5,0.27794239135334664
25962692,2,0.6177309843051085
5543920,8,0.33507222742849885
34567764,9,0.3410950497249512
36292959,13,0.4557976530290416
18172257,9,0.4747137308780121
20503373,13,0.5472736621459684
8762339,14,0.7837931024283252
13781519,16,0.3945771820647408
24920350,15,0.5076828351805133
30832536,6,0.8254762252469977
2143291,3,0.6014862602135909
18935877,0,0.4129952326451979
21020644,3,0.23247798285645646
37195921,13,0.5110263500198636
5268850,5,0.3666949990142066
38005555,7,0.4202610434041477
7551268,15,0.48179824986154
21001041,4,0.5627370800838486
20278109,13,0.22895164998156406
36461324,12,0.2638158285713407
40049371,13,0.33496201928757013
12335358,16,0.5831274619037193
17792712,9,0.29974726948486013
35647421,2,0.3275700615595633
38234003,4,0.7617679431129794
38068669,9,0.42331968637603123
32723061,8,0.3500334516252843
7096138,8,0.6080664024485742
30554687,16,0.2093749992977066
35532844,4,0.4515462239297709
39289050,9,0.28599610656651875
21976024,16,0.517551459668431
27434855,3,0.5519630861788051
30488061,3,0.4327708808848952
10650016,6,0.3760816897449585
35811031,3,0.32349769546211465
12186994,4,0.3417836185535097
2651874,0,0.8689111481091127
28788166,15,0.5768335470079643
28013170,16,0.8255700007574195
12301800,12,0.8017278650362195
27767672,9,0.478243573113245
16446443,14,0.738200320331195
26326474,9,0.6903541301735868
2462725,1,0.4654398518661613
32428836,9,0.4720277291099281
37784414,16,0.38503877583361934
19434302,10,0.7116199004952227
38318340,9,0.7658447976534389
35323072,1,0.6560987771678366
4371744,9,0.551909851552888
4685253,9,0.389863021473636
25589135,8,0.26668879605543305
24863787,3,0.5905577393767504
11241523,9,0.5270533795223727
25896629,9,0.1931833538939512
27531563,3,0.4390581846889588
32799541,14,0.462753591842318
37195717,0,0.5902659008650029
26904007,7,0.28301444283203187
34481448,9,0.47770757168229283
38394751,9,0.9831267854325284
12163967,15,0.27323670630964364
19646042,6,0.29789517802877263
32896387,4,0.43718136902918386
28254733,0,0.34018536743087135
39231282,14,0.7384141626680422
27744210,6,0.41878432071841615
15166212,3,0.5759729377419809
22158871,12,0.5446562282695221
22598816,9,0.5540610298675277
19718146,0,0.540779071755559
28405010,8,0.19841921739703292
1682567,15,0.7022717256796618
19491295,9,0.5267409799798499
27911306,0,0.885597866206654
16467844,0,0.41259520452768683
8960676,15,0.6548003893656243
37287299,16,0.5688921619227404
14985133,3,0.3395079653418401
8177402,1,0.7702398080522481
34955318,13,0.5182311629435401
95642,3,0.34889846101443217
33366221,8,0.33159798493758047
22000086,16,0.38844431356875464
34188248,14,0.7136789792073065
29994589,6,0.5852814603007863
35156353,3,0.4128536650111096
21490504,15,0.8065010001951836
35830675,16,0.35860898038925443
39433191,16,0.5129913016061457
27607366,3,0.37915525321416804
5878830,2,0.34876974961965057
28289978,0,0.4819518291475207
25675640,3,0.6542567314988474
35853661,15,0.5342848509149898
13636458,0,0.5257775171664065
3428014,5,0.7921769101172254
28014735,5,0.5337255598423132
31400769,5,0.7243118863202685
16248104,9,0.643503607363919
25064353,16,0.357114373423177
37400078,3,0.2986879544394045
32585153,11,0.2496461148090259
33463635,4,0.6950291920201231
21486261,10,0.6195738289793034
10279778,14,0.7523345179137831
33465118,0,0.2440596468145425
31373019,6,0.9102715793291489
37389174,0,0.40840499258365853
37266065,12,0.18012832923770064
35782251,14,0.7021062130830854
31117393,3,0.5048263158412442
18700661,0,0.48639597427716735
20845835,2,0.21310189734514481
37132810,4,0.22194401860859045
38687134,0,0.5524291195563076
18024962,0,0.4973232209330541
11559062,16,0.6244935924250213
35172692,13,0.31422536225292275
12598988,16,0.9012332940647938
20810705,15,0.5881122020372301
25828492,6,0.40156040673710425
11412132,9,0.4437730338737235
27489463,0,0.7485513590396528
22348229,14,0.6971476394883255
9480419,9,0.33467067680019397
22550304,9,0.2784207380631127
38153772,2,0.8006674843698456
38793579,1,0.31773109331015204
5787471,8,0.4369419650838698
18572601,15,0.5517212168883397
23633605,3,0.6001772299688839
32032426,4,0.60678901528449
23424515,1,0.5259932794167189
34262734,16,0.6239079194881083
38068880,9,0.24865760133679524
36598728,8,0.41822050403937544
24792499,13,0.331255354807146
15395610,0,0.29405714607881006
34094468,15,0.31502508147801456
18998568,6,0.4087278231033557
1332853,0,0.503531255483732
38174216,11,0.5374124200007354
16124630,12,0.8647749231562546
28075472,2,0.4985757263926345
34124388,5,0.9344685327914862
7173872,0,0.611752756105308
39087245,15,0.636372606390234
8015867,15,0.7338134022496944
26476218,15,0.8828358516279097
12188648,9,0.3350909788060178
7361078,9,0.515544878647461
18467244,15,0.28289890764559894
3034014,15,0.8129611048809664
2467013,3,0.348744836906353
7727087,13,0.4762949947247068
13092807,5,0.5082341819551268
38019688,12,0.41803877560833114
38256369,4,0.5686424114103467
19524383,5,0.41072596729816985
9886150,16,0.5250850810033121
19625101,16,0.534634042341448
28778340,16,0.8789275367317828
16474522,9,0.2478518309044051
564460,0,0.3584192384615868
28661207,0,0.38047987590490834
38410777,0,0.5747892540680434
35606088,15,0.56067888372158
18238610,8,0.28241744955240594
38188359,8,0.2854691573418664
31487034,9,0.47509669958059914
35259305,3,0.4612641184680272
36339679,13,0.7436108847257527
2036392,9,0.3157172379139932
13658806,16,0.35951987748233727
36944089,1,0.6237432998334924
36421919,16,0.3143956812769754
22561458,15,0.6018839019773197
20382946,6,0.3702768920229793
34682174,15,0.5305838412214102
34262083,12,0.3493890322511476
37206015,7,0.31964020981203944
21535376,0,0.7312955488221287
30069564,12,0.5284135134149367
28532913,0,0.5764921104184026
31117431,0,0.3994847668912186
15059007,3,0.45841778607018946
21346725,3,0.6155000020629031
33745936,4,0.4935965700464641
35922844,1,0.39568243126189867
23460652,9,0.3069450659347159
21767552,7,0.21825848601196204
37400738,16,0.4699117150772604
32417242,9,0.4967628334293629
19365513,4,0.8726187213504556
22674922,9,0.2817952234728888
2956904,11,0.5156135097113198
31223529,7,0.6193268158351501
38066515,12,0.38206280544335575
18298044,8,0.2967280251920498
20503183,1,0.41967748876343136
4002015,8,0.39312952389910305
37351418,16,0.2917575631699549
22371375,15,0.5999807465816791
36854067,15,0.6791706761915112
6713430,12,0.48249442419899563
20730950,16,0.6042575106328589
21865900,7,0.25163024441714377
35184151,5,0.547796373397823
1800508,11,0.19001863401827943
19351045,16,0.23292069752038716
15819362,9,0.391086732442823
37845617,13,0.4123224875277906
38256609,3,0.8011646726913425
33543259,3,0.6581526753003778
5886987,9,0.6345661549420276
36530007,9,0.4885557183676807
31291611,2,0.7212021540528205
3830530,15,0.43824513132508136
10860685,15,0.3191673216272014
32217017,4,0.37763686606784413
24079645,11,0.8010450062180314
3134245,12,0.27952807941050056
25989806,10,0.29051949196347676
35978815,6,0.3964741410944177
39905256,1,0.2683703325532401
32539645,12,0.6943688099316145
14104713,16,0.4539265007581897
15101740,13,0.275980444450461
30903522,5,0.34754423303841564
15841910,3,0.47566738464394476
28855928,14,0.6182983623986394
39709197,15,0.9963755425272456
15855168,0,0.3192782113067802
2610421,8,0.40521727506048894
22232932,9,0.267521623659141
37051574,7,0.6284555038872536
26123416,6,0.37961356343069863
32171448,15,0.36371712925188066
31266687,8,0.2617629157822556
25494668,14,0.45159393429283035
30482517,16,0.44657835868490947
20555610,3,0.3098798518864907
3173320,12,0.20699938439808788
22309315,15,0.9999999999895491
19502503,8,0.43632529819816107
13333348,9,0.7967985761550274
29640517,8,0.6724853157022764
20715978,16,0.3357553317602553
25832568,1,0.4410268980166455
39627787,5,0.6071545039777496
39875057,7,0.7105506179872977
30743314,8,0.3746298302876972
37253657,9,0.2773537284146474
22199099,15,0.9887253736240674
10113270,1,0.5009836888036739
6791159,5,0.6039455086128744
3892218,9,0.6102461146920467
28064747,15,0.7677226228034324
30272591,9,0.5217778351130476
17452065,15,0.33909232444519505
36087488,0,0.5132794578677506
29462260,15,0.34989976001704404
1030070,9,0.46772293450378094
33698318,1,0.6435301922734876
14059969,16,0.39424225906331406
27517940,10,0.5295154289863316
10312204,14,0.2551493879511204
33445750,0,0.6247133028573332
36289418,12,0.5836901668167866
9685423,15,0.5620566650454604
9810116,12,0.31646213843894716
21992176,6,0.3472291703233326
16698811,5,0.40542078560457
24843768,16,0.3481346214829241
30790193,5,0.9670194904477682
9519036,9,0.2626398052608098
37730843,4,0.48948802111655804
27080942,3,0.3356760937447457
25762760,1,0.570469367303742
34231018,7,0.22950914058455826
26688775,1,0.4231930257621818
38925115,12,0.6431998050364769
35000251,14,0.7159307549905444
9135447,8,0.3400905430654826
37745600,1,0.6054618326501034
4792847,0,0.31464155718141956
30154647,0,0.7070215327298877
11282134,7,0.7259981738854417
20932810,9,0.29139991116008274
26896722,11,0.2752999244645704
30024243,8,0.5703498689780889
26005126,8,0.48824406241733587
35374333,10,0.33822510985153026
25101489,8,0.5709181320111978
33945863,9,0.7391296174578919
30636199,7,0.5006493293925832
30724071,16,0.7803940734953685
26101633,9,0.5823794407664284
15053160,9,0.6128269685772326
29579912,12,0.3478410109106969
11859234,8,0.5483536318725862
11336056,15,0.3837844377346346
29800675,12,0.2294354923113833
25232022,12,0.307291349591858
10524871,11,0.6215225346712305
37265278,9,0.4992615888788755
29100380,4,0.47224298814688004
22332571,8,0.4184300134336509
18695533,14,0.8300848803883848
23867136,7,0.35876515644166956
39238847,15,0.29065333497606743
36285654,13,0.4202621038459436
36941954,12,0.44445498408573586
28444511,4,0.9301064465364505
33904713,8,0.3487617645231252
22348756,14,0.8228267887277856
32470568,15,0.5167924729658888
36335968,5,0.7625923024736823
4817200,0,0.3769868700608696
40126979,12,0.32335125476677473
7688182,10,0.4160993052404724
9549084,15,0.2554515398320467
22846719,3,0.29224888720282444
10825734,6,0.5448268197969144
12316575,11,0.41027033614969516
10554699,0,0.3275934913648824
21301684,0,0.3283566505504915
30633143,3,0.4498444623316713
26923752,12,0.6594409051478299
17135275,6,0.6405171653839894
6687660,0,0.26173313782101276
20749730,15,0.44236949032455253
40136945,9,0.19566857831493864
3772495,2,0.3658141045960928
38876721,12,0.3460293417131258
36627868,15,0.7311618961040691
23358240,16,0.3134289570784343
2204252,6,0.36512945920117756
6199657,9,0.46871908848698346
18429547,9,0.4238700139355197
28269123,9,0.39775648154462756
36315309,3,0.2972200268174918
38557760,7,0.3491225655440467
40024294,4,0.46499280479702587
24611217,12,0.28780267575359675
4422389,6,0.4805886142822761
24877905,12,0.4980084082468346
26402614,7,0.4492044638587085
35069283,16,0.5756478355715174
9172263,15,0.33527448978627783
14557597,8,0.3028185482520739
34517331,13,0.3151706636915071
6722162,3,0.7142173977806439
39471954,14,0.6113024021033153
32531150,14,0.366912742398777
23513209,8,0.48713882119183066
33470771,8,0.4324946502689824
19914293,7,0.41371409036436974
35637516,11,0.5860882928420175
32638677,7,0.45216128510239906
35747769,12,0.5196357892393367
33832184,8,0.8862201908966442
28049092,15,0.5283827383496723
22438579,12,0.2232455160013427
2712514,0,0.5872309571504101
28422819,13,0.45047609471726024
18751945,0,0.40627741640342124
35634193,11,0.5852979019021416
22166414,9,0.30757373417139444
35388467,8,0.2997071793712114
14554178,15,0.5748564703334008
11561258,1,0.690163919348998
22947689,1,0.3161748548168176
29595508,13,0.6954828791878291
27882920,9,0.3226801137374351
32076636,16,0.40005009887094783
38999713,3,0.4169490534077629
24266273,3,0.659251877361752
18155972,5,0.682555952792864
14562112,9,0.711869811579992
38884644,14,0.7534391907102022
21322568,9,0.4997898403571227
29042949,8,0.3514892141168441
28857520,1,0.31859424999627073
17232246,10,0.47697839586345897
34865765,5,0.6465302278582189
862173,6,0.511528441749672
35423750,9,0.39759664221910407
32273587,16,0.43300821670888534
20395691,2,0.7633768344481903
28311358,1,0.3998304369768346
15603755,6,0.3453061362980917
36074091,2,0.578114620507797
3839426,10,0.6978741322814717
39409170,12,0.2353540700888433
23122362,3,0.2881692571843197
3936957,16,0.34540562585238554
17241211,16,0.42231408792003966
17936384,1,0.44242837367792626
11106483,3,0.5788001746009304
21028819,4,0.7184910415423096
10758668,5,0.28869683570236526
21404885,1,0.4324441023853542
33728792,0,0.5151436934723809
15798209,4,0.7423263843774224
25289887,0,0.46265258645063767
15419912,0,0.306773804777015
37426055,1,0.6885288036362913
3292752,12,0.3008395014525824
32335210,11,0.2326024071004233
16072548,6,0.3370873120179719
35575055,3,0.3902556126908821
18409760,13,0.35546896131763034
18196811,13,0.5689179826403992
25095920,9,0.5420680979650777
32938494,5,0.3009521999195374
32724828,8,0.2702117064356648
3345530,8,0.45884762066455054
5470985,13,0.3702162270502466
14947165,16,0.5055144416827113
13752988,5,0.27602060381125804
29452228,16,0.27324694812014944
36678063,12,0.2110375219069836
7963316,6,0.39602317039113794
10894532,13,0.2791412120384212
32751193,3,0.5369137221923975
23834390,12,0.6200018989188885
30669337,1,0.4157799795930561
11842490,6,0.6528433476236104
38363640,15,0.28529299984467815
29908066,10,0.4581003391393732
29172029,0,0.5507147766277968
39885520,9,0.48181990670760455
34930745,15,0.47918616222311955
16779648,8,0.44131681170457915
36130820,16,0.5043508652776274
23172293,15,0.3535904180097937
38892192,15,0.5118782038741181
37598507,2,0.4707630031990401
26061814,9,0.37389303389636946
9084455,11,0.3425575932667573
12366607,5,0.6470143168689365
14804908,9,0.5688022792916207
37946458,12,0.391168517643763
38400732,14,0.4476704738922836
1916009,11,0.2811209239579022
7990235,15,0.5390946874040357
33334606,6,0.7628450989584878
21127880,6,0.4631667786935897
38600173,12,0.5217500743851917
8945370,8,0.5870854970061646
26216773,6,0.6063331429658909
36607540,7,0.358548249665068
28692542,8,0.28507102225535713
21338635,2,0.7926169099255063
33767122,3,0.23216449896267402
17156911,14,0.2442927136886802
32929725,5,0.4625343761627893
2920793,8,0.34801959342003436
7046842,3,0.3695064459253513
33017452,4,0.6150153189870071
35125752,0,0.577386258567208
19643993,3,0.5807602624099553
13246694,1,0.5352227287944316
35546994,9,0.767159602346375
31364140,9,0.33216904939666697
38387733,6,0.5887225737558318
16086821,15,0.405709973475815
8472282,0,0.2763219377947982
28801216,6,0.4716752991118107
13057742,12,0.6698816935818351
12884638,7,0.42753181568844506
11550435,14,0.30304718105326806
30155345,15,0.1908582664980221
31774230,3,0.5014944965377993
12783422,16,0.24433933715357858
37228319,9,0.3248031563708716
34531416,4,0.6659561905175
37217773,3,0.5746006754872315
28847824,8,0.369463233929822
9343180,6,0.5875885390559267
20936693,1,0.32059440764533864
29368331,3,0.5872419779824927
10394659,5,0.38658396763531205
36713290,0,0.7328971366505448
26019085,13,0.2029486289152363
33742583,1,0.5209193650840181
37667046,13,0.2728678144569595
39982981,0,0.6484251019056189
32471390,9,0.6665696097310246
7919544,15,0.43722905627167846
34116081,15,0.7274790449047172
26842899,1,0.49455241718680504
33843812,10,0.291938665664242
39357863,8,0.7424560062016194
35630305,14,0.36336338308037996
36972714,9,0.4228290302487375
24897906,6,0.46819195091708643
39186169,3,0.32723656416724645
35950231,1,0.2734528541737752
32725922,8,0.29265566835452267
9685068,13,0.5809000687502665
30726029,16,0.8941646777750969
38643131,8,0.25690122596376924
22338927,3,0.42998004406327195
11483509,16,0.4251364376104399
38943625,8,0.47158837953590593
24337416,1,0.5603576674367268
8030721,9,0.32040634833393106
12764463,7,0.49042055177655897
18512981,13,0.44325488816310304
32509815,2,0.8164404013267768
39701507,11,0.2977184942591687
27568663,12,0.4229462495384465
16613751,8,0.37142935613850697
33765191,9,0.4804656317646996
27194933,8,0.5083754821034377
36095910,0,0.733112002964803
30255112,8,0.33222422860588874
37538116,15,0.5278366592384892
39391007,13,0.5017413305255733
30248469,1,0.37518923823726547
14941097,4,0.7823524267878417
7592592,15,0.8395488067013486
11267446,10,0.7338765025385668
35090103,6,0.4839684047742898
10640759,5,0.6538965471509194
27311199,11,0.4048957186948223
27025389,6,0.36496039291656396
22499057,6,0.49723241184156486
20843135,9,0.40173867475935615
27055218,8,0.2077270311332154
9433283,15,0.4827514060372277
34479794,5,0.6733373757512743
21448794,15,0.36071650061243327
14816700,0,0.2735458879505188
5251066,16,0.3858562788831436
27027247,15,0.4382858471419487
34793998,0,0.3674151690352848
5559349,16,0.9999999999904997
32296887,15,0.5501189579865668
10184048,3,0.6175093526825916
39865329,6,0.9775235427530705
16039940,6,0.2416469168238478
32104462,12,0.49780231809310005
37866575,8,0.6240561348720508
32266039,9,0.4176109441438975
36894986,15,0.7256139198458887
17680544,6,0.4359236886207206
17429159,2,0.3530506343263937
9738518,11,0.3122951799981239
7527413,7,0.5005517155158111
34687313,16,0.37465493899226787
22150395,0,0.7774075595705519
27872058,9,0.9658153008997282
9381612,12,0.29693636706486726
16733109,6,0.39955287228097064
39372340,5,0.27895895310045393
34976515,8,0.6391251552264837
39073067,16,0.4516188525475311
18755466,1,0.5868875232842334
12402982,16,0.7752635848422451
27019740,16,0.3348207132851721
29062616,16,0.46731774393977293
34401121,15,0.26556573498521613
31606420,12,0.381976254742058
3625897,3,0.3972812694567007
36535673,5,0.6395693265859417
20726367,6,0.36721625605557956
28004974,9,0.41366881723305327
14789930,9,0.5492181720292326
35215095,6,0.4005493051253738
27129880,7,0.4939707528874604
652291,15,0.8353295760232371
21472772,6,0.3164067611505703
1609775,11,0.6625409546078681
15980548,9,0.28853319118611637
18066269,15,0.4656233636842496
12250475,4,0.6415298657325434
38025003,16,0.5704481184192917
9781944,0,0.42980088084938206
38647250,13,0.46823358698426315
39478853,13,0.5080697666609377
28810066,6,0.6984994967750762
3525952,16,0.6010579379725892
22894897,2,0.7286162417499294
16010992,8,0.5641885577668532
19694920,7,0.28161377355636147
23999524,5,0.8127554435137161
28192838,16,0.3647878417549718
31893638,8,0.637466377391472
23142719,14,0.35939716176652237
22234190,8,0.49327931591446067
16515314,15,0.29215609815624716
32521007,11,0.808756682585734
36573019,16,0.537362445219831
18753091,3,0.5637942233994714
19413332,3,0.4202675421751737
26658130,7,0.3557889562580008
21954603,9,0.2146149698292907
36662181,9,0.29773017950621045
23684323,6,0.3164340506716249
34261244,15,0.42767935246930255
18108462,3,0.7271651845697175
27925447,4,0.669224883685655
35070840,0,0.336439682301389
38754163,13,0.45235580179035006
24638507,9,0.3876301060781531
30116105,6,0.5771267304867557
7698217,10,0.2602047585308624
10964721,10,0.5889939576314366
18612741,10,0.3921986286706656
36344853,14,0.5874231396066749
30677413,7,0.3677549653732471
9950939,15,0.5971643325272514
34622353,15,0.17900757889534372
36255642,10,0.6983896717041489
29489892,4,0.6097386749174355
36701711,9,0.41289227874374596
34822373,9,0.5029856465931928
5162130,9,0.33947742719954416
37284158,15,0.674661048911045
990016,3,0.38415774961273574
2770810,2,0.5629536291903903
39962277,9,0.4161472197719807
34659109,9,0.6663080395091527
16203874,16,0.4952353326370907
22633139,15,0.22169435955084638
19436365,13,0.8617892050468913
18164415,16,0.6669215082696103
5744977,12,0.8044760538508415
35048921,0,0.15359136711528568
18967518,9,0.570048926769216
6931880,16,0.6168473185908381
28816496,3,0.7983263269911011
16534246,0,0.2226289442124945
12698843,6,0.45297838638386656
12876172,1,0.5009860119490686
35990541,12,0.4530754384097585
29248280,13,0.7498469310581322
23925766,15,0.556379636325702
16455636,13,0.5012360138051903
4965342,15,0.28073630455604587
11853725,12,0.25540189074491626
33203620,13,0.5692293105188476
18807743,9,0.750171064724912
17427565,3,0.5765245580714048
30965974,2,0.8014907231576912
22447572,0,0.4786984219470811
24354311,12,0.3557058536188355
35686058,9,0.6060934614185702
18172653,5,0.5362162583159918
27581683,9,0.47280132804416236
16800375,2,0.8902043750869176
11162798,9,0.41720605766907687
33399106,5,0.3500565247774059
12357043,7,0.3996521315829829
3848829,9,0.3563291268363331
20561778,6,0.5007318566259704
30068995,12,0.41459196978258867
27128688,5,0.35944922311384875
4907924,2,0.5814211324092221
37307421,5,0.34991016604158004
912526,15,0.397903784255159
9520873,0,0.5152022728141801
31017823,1,0.43518050178165757
27769722,9,0.6719378926996934
39604672,5,0.31053389730872993
36634602,1,0.6880265663755847
38615761,10,0.6201154419869226
27542447,12,0.6195159861220755
38284177,9,0.5004264876682095
15796734,3,0.6964752011777912
25792989,9,0.4360803121034394
34107339,6,0.4591260780583893
29837876,5,0.4952329902464254
34571623,14,0.9129952856700637
27731380,15,0.6781680610799895
7629403,12,0.3801984030906825
11911164,12,0.5635114912056605
35015828,3,0.46781236565704687
40136283,8,0.6269715054364202
27378883,8,0.3533200189909336
12151306,9,0.3550359533459571
39275552,13,0.4714008605910504
24486995,9,0.33364150050803815
26436961,6,0.31670327545121113
32996230,8,0.37222185372750943
35101297,3,0.2936348011710085
26788807,15,0.3901886180405321
36959262,5,0.2946063343401992
32191030,15,0.23370494108913567
6860294,7,0.25585491468025123
4239346,16,0.8783077618180136
7940441,9,0.43465712497730735
19339341,0,0.25572715366015886
11043282,13,0.3076798993722554
25195426,9,0.23439155223216954
19935408,16,0.46088309190295135
31118164,0,0.3565603576393398
10158684,1,0.46610050725170205
32724914,11,0.5011542832421535
34348307,11,0.6948796138393923
11563100,15,0.30729121949699606
36520561,9,0.9871985541648484
39559384,6,0.2384508200224728
39277477,3,0.4360963102678295
35485362,8,0.7062458283483192
3098337,16,0.4194093460749686
36779023,4,0.4355860837805505
36076679,7,0.4325874497458824
7114866,0,0.2733314095310593
33635081,10,0.3828087907007017
11892084,13,0.531100042775874
13050225,10,0.24804298567004562
2362729,11,0.295101204298354
1145334,11,0.770806977824169
36399357,10,0.6175510244370852
39129223,8,0.3700062523292072
36649295,3,0.5441165830378192
31073119,1,0.2716573559538322
25293954,16,0.4565152243849313
31555116,12,0.24330135630871466
3271478,16,0.4832369349117591
27951419,16,0.3747803823548726
24417401,7,0.5172913382137622
12571073,8,0.25205417212143677
32957525,15,0.404499021239062
29881965,10,0.6754303576912277
6864106,8,0.5377767922306645
37890972,7,0.45867491299335533
19151516,5,0.7615397197087832
26061610,1,0.4769132365735463
27815008,12,0.3773072360309163
19613716,8,0.5758539547498723
33017847,12,0.48399355552896434
33323661,14,0.4527197106280633
26961052,11,0.6189163968272438
15041834,15,0.6908114591648593
38724411,3,0.23936650500147347
39674681,15,0.33544766272179666
13334044,3,0.6087375440133695
34931486,13,0.6323615037047655
17507325,7,0.6682089214891029
15411252,9,0.6190485291130031
1635827,9,0.45391971198073866
4035195,2,0.3682192165171088
1903209,5,0.45425064462451803
35434092,13,0.5098051679466717
29033245,5,0.6913665550361515
36696404,16,0.6026997457746281
13480031,15,0.6135030728175331
26783719,5,0.47542582505233233
85577,0,0.34734668843549027
35418410,5,0.222633710995759
37683026,12,0.3726200821307083
15153900,9,0.3301079398218309
16093247,3,0.668452237731357
38458115,4,0.5020845057911176
14900546,11,0.741889096516653
3823659,0,0.45485619616380846
27477970,9,0.453924555613177
33050788,9,0.3600163199712093
36338693,14,0.5703624041763035
10368281,8,0.28983068244420523
15965309,15,0.2579042630087708
36129386,16,0.5536656667890105
12738781,15,0.38372137687144553
3653717,0,0.7557084912613338
35658529,16,0.6429400896548463
925716,8,0.44437153912695715
27317564,9,0.3781938932461203
37331282,16,0.6289355980913688
20085929,15,0.3580113678143635
9059921,12,0.34190800612891636
31187407,1,0.2947216478467731
19604389,9,0.3514811376395876
34418406,3,0.46524405153024445
13412913,15,0.511469600807092
28858204,6,0.6939357824144784
37665330,13,0.4139448604897043
28310627,3,0.3063356826238809
28136626,16,0.6600242832450839
20171216,5,0.6138753570464016
35524207,7,0.28479567781673154
37602106,5,0.35502889577064317
32010322,9,0.7179909480468126
32688335,15,0.2917934589561197
36556547,7,0.3597955354829521
39374599,14,0.3910993214286516
2250385,14,0.35817845776852586
38701400,4,0.7815660420643392
10861427,5,0.5053851485568157
26044977,0,0.2762943648203352
31112523,6,0.2812406797432786
27952759,15,0.7681697319144706
26800052,2,0.5289989602107648
12592916,9,0.4800905501891228
24566119,15,0.463610770407113
40121765,0,0.6311547997924346
29576822,15,0.3742165299203468
39297480,8,0.36949025635481586
17131962,11,0.44023010701233806
4300979,9,0.23293554789286208
11847992,8,0.3893538327618039
39390927,15,0.20544131215650221
27713282,9,0.7245522258312608
16993486,6,0.2713387396309512
31446465,11,0.4989763279940868
27498316,13,0.818403485109686
33656696,8,0.5186865102347687
14675732,0,0.45276178584217297
35557828,13,0.598509177970131
21973008,12,0.4174747728349613
37626614,15,0.6321604546183863
34193862,4,0.4154529816641223
37245782,9,0.24105895828679025
39257455,12,0.7005016697882642
28171130,14,0.7274783245871241
24358715,7,0.4712698868145153
31270635,4,0.7101250791133871
7624840,0,0.4379803336226773
18130165,15,0.8041143631717994
18473217,8,0.28137322670119297
9245900,2,0.4798968001243947
29034301,10,0.2959724044576042
32827419,1,0.21331181822723086
26064115,2,0.8151757472112029
5450067,5,0.6929346780678795
38381803,11,0.2933860280657946
38520210,0,0.22424923504231373
15722118,10,0.360727315550203
30879964,3,0.49416165034162224
5891045,7,0.5309521059966488
20246702,8,0.22899978055241377
6518154,16,0.9353384755023055
39488216,6,0.2488994697352125
5356263,0,0.3319325727526118
35973820,9,0.23375599142709777
37265411,13,0.5295244864750828
5661485,0,0.3338359638623845
32789692,1,0.3498872769338857
3418339,11,0.37595613920841847
25691403,7,0.6303615214461371
19555472,16,0.39175229490168534
35453596,5,0.6917061633806127
14273049,9,0.3028569478490206
37383332,15,0.27533831631203287
39695857,12,0.22202664752041606
36406737,13,0.45036391758082084
338103,0,0.6175299074870584
19394227,7,0.21183967484419958
34137007,1,0.7375886543436372
2035599,0,0.5241333163622165
21609961,0,0.41337819500432266
14448310,16,0.6735003659723718
24316900,6,0.44093920741989884
39328197,6,0.5306699199959688
38956950,13,0.3637062085920176
23284531,9,0.29311513833978076
16879928,5,0.30312555386042095
22025675,8,0.29398013028112785
8932410,12,0.17298657461602113
12139624,12,0.238832064541675
31861017,7,0.3027359707276598
21255525,12,0.43111145405236345
4472458,16,0.428132531507192
32621089,8,0.4573920314821903
34257472,3,0.5233930362158155
32752250,9,0.5282755097215245
37311699,4,0.23930085159159412
21856559,8,0.3193930106440858
32138140,10,0.49259907944374626
23930695,11,0.29459667252886773
38533642,6,0.6518879659301735
19991033,9,0.22880139195148105
37211765,6,0.231045707733494
26429322,13,0.24053097788985267
38462666,1,0.5375185778569035
9969406,10,0.6330360560985373
34904465,4,0.5455196073975931
30657223,16,0.6636162450167958
10827393,9,0.37700761229640484
38808248,8,0.280249995652173
16382493,0,0.38937855553733713
11570942,5,0.36453096302504223
21575749,10,0.6672340593978325
27894738,15,0.6787671927490582
25749252,8,0.33614141507707734
16793501,6,0.364914700684133
31714453,15,0.617603514579903
28990440,0,0.2476393434787506
8609147,10,0.2600543721811536
20316100,0,0.4421000234108818
37659782,15,0.6326198397320455
8709453,9,0.6412357101636784
39569128,1,0.6453308810837884
33003536,15,0.8259326838781664
32894184,3,0.2861205816750756
26775558,13,0.30604364420721936
34010974,9,0.9902510959086186
18427775,8,0.3317170999707269
11433810,2,0.894375969914224
21407985,12,0.3552173660672174
33106871,8,0.6245323348358007
16567249,12,0.4062056400005618
6359734,8,0.40170977477596276
17736731,9,0.4486571642617972
33791555,9,0.39451787965944585
30223073,1,0.38130422413179144
21445515,9,0.35373578485428747
22726498,5,0.7681085884297236
17476989,11,0.6934439699351274
25407258,9,0.4503376817899207
10549634,1,0.20900762715554816
2911867,12,0.2260823419879501
4770164,0,0.4613472327265227
3254560,0,0.5194276936602545
14940338,9,0.6089125207656297
19421835,6,0.26368176918462405
38410843,15,0.3113413974108319
28073916,8,0.5075421036455193
10368371,14,0.6685957356321165
15387354,11,0.2985884802015569
31106363,3,0.6139048931801852
16351286,1,0.2503148033167249
30290028,16,0.41070382679204864
10797189,3,0.62919117374699
17959644,0,0.30974074988550554
20229817,3,0.2809475872802664
32279887,14,0.3385117792572385
18561519,6,0.49098604234978954
2991557,8,0.285407205595604
38656786,14,0.4616723007028796
23353887,7,0.4183494002557261
38160518,16,0.8473744757332986
36871756,10,0.605234433318367
39156809,10,0.34970598055625557
33137165,2,0.8008740190210218
33478942,10,0.2277116404720234
20669085,1,0.785526394504725
11424808,15,0.35507098379599367
39482504,0,0.49472647806588177
18112393,15,0.8719536678909362
25862513,9,0.5509431554757139
5128807,1,0.7515454459375742
29118729,0,0.8730108229354492
19666462,11,0.7175906206025907
19621625,3,0.558012192611985
39920252,14,0.851472095390667
17737914,6,0.882539217627368
3408494,16,0.25889744876983495
34431833,6,0.7090804573454309
38715570,15,0.32258784546271563
39441880,7,0.39678372533994094
9154023,8,0.6619264650720927
37417765,3,0.6519143515512691
11476886,0,0.6463379324317862
38191114,9,0.9196937018364021
27516059,0,0.9468830888272808
6591890,2,0.6973467908397297
37632766,13,0.6596764349407321
24154465,12,0.28429632786839987
37516570,1,0.9139917403632748
29039434,14,0.3788836989486251
30605090,4,0.33074440092001745
19377427,6,0.31226667772405087
18620199,4,0.5300116908726852
21916146,15,0.6144676736043567
36401400,0,0.2870861642430792
15461511,3,0.5642096468678192
39033106,6,0.41100939313126683
36362027,3,0.4178423336808433
35296244,8,0.631463120085509
20400671,8,0.3553158877780487
33576537,0,0.6887492791526528
1022649,15,0.2733667932632093
7109149,8,0.2939366120051641
39949841,14,0.670480269449111
12593366,9,0.39333145534215835
37376798,2,0.47799669591958965
36279649,9,0.4215751638466222
18006023,15,0.41061689971438176
12550843,14,0.6891826307703649
8474394,8,0.6155930888138147
10411359,1,0.2872540763617539
38921364,16,0.44801483285871835
31660951,0,0.593457993533878
5331275,5,0.49530629851873714
36442023,14,0.9075584678915861
24790655,6,0.4712011478682953
36390290,3,0.426732019794657
35319652,16,0.21656447026409656
37006187,4,0.28707192229333534
23914730,9,0.7750518182993413
27782511,13,0.2797572948273467
18793888,6,0.3515918254867363
31973169,4,0.6298371681095931
17760769,7,0.37351527106367605
24379456,5,0.46914327921681587
15075792,9,0.45238446440874874
33883840,8,0.4811941471992987
1547944,16,0.4960973506088007
16107658,12,0.3052280691060972
30452395,6,0.5894540430611352
24012327,15,0.897396141516789
20448664,6,0.36067352523700014
15911674,1,0.5295904099734632
17694732,9,0.3020063285047544
13158452,5,0.525468533124261
34973763,15,0.476210186198265
34296436,12,0.41713738540698225
7039200,12,0.3591851639153941
17183122,13,0.35560597866424903
4244855,10,0.6296215949094334
17837078,9,0.4116980465318001
27938954,8,0.4641952662745296
10086412,9,0.7108567049739953
38469632,9,0.2540373749989179
39594002,6,0.4155652229355761
30363174,1,0.8650325186416213
14043719,16,0.3327888297100902
34189397,14,0.2716324730720941
30968256,6,0.480349394598639
23367218,15,0.3286224956851702
7651220,16,0.5206240620249373
28904793,12,0.28850795244535765
33188104,15,0.390314533584005
138045,15,0.5319991768850518
32038881,16,0.4993745587309598
31421322,2,0.5707148073839143
30559068,12,0.7456220911666388
8655938,11,0.7372347322936232
36626833,14,0.2938979867868711
33629440,12,0.37066877393301656
26920092,11,0.26082160521819403
35796802,1,0.28677588571884355
7911986,0,0.34224614235151984
23929165,15,0.6334561887151569
12906351,0,0.40833290721705123
33877577,9,0.24261562665151185
15846389,3,0.49606631816574454
38285737,3,0.5255780999241522
32125812,1,0.5444872237355551
28790883,16,0.5154911691208199
37368078,11,0.34538779003260883
23863852,12,0.3002087300987303
1945812,3,0.5834569225866456
8859760,12,0.4041446339311715
7733180,16,0.33426341494090933
27925736,8,0.25348624768140665
28096351,8,0.5153088177680506
36576366,16,0.4643655693865906
30268270,4,0.7099855279708974
25584160,13,0.5714939228132663
33894841,3,0.4479597137938799
24730189,11,0.5492767470428684
34853390,9,0.22794905037875735
24627620,15,0.4873566561942012
32255001,5,0.4645776263622898
10117885,1,0.5993758766540922
3408272,0,0.515773642189026
1859438,8,0.26425083082980994
2969481,12,0.204364931143617
11151572,16,0.5219206423000917
8676682,0,0.3675005372444451
38175199,2,0.9027888198464372
26364156,2,0.4842091571486569
32103224,9,0.5988980566020224
904746,16,0.8529506650351621
35311585,9,0.2903162576009296
26342132,13,0.28533528284915416
30347090,3,0.3094187865268586
24703315,16,0.8579942464549488
4445109,5,0.7809316616406636
35305124,10,0.5516741792792139
34537922,2,0.5945235750284498
7761659,15,0.39139722910591884
27825206,14,0.4749684271771412
9778389,15,0.521682354830038
267628,0,0.564940250491761
35141438,0,0.3965684945388189
11801658,8,0.3143920279228534
38081866,0,0.48708369732138096
27612958,15,0.230471917502434
37098471,9,0.20772384488357956
24000394,0,0.4999441222962089
34725405,8,0.591763518664496
19145645,9,0.8796550681986064
28564566,16,0.4556676243368721
22055454,12,0.25754752588205815
39289217,8,0.26149416660186525
27304900,8,0.19929131713684062
23983476,8,0.5036223035549531
5422464,11,0.3945982187301954
37043534,9,0.26662500841914183
39402154,13,0.7569476771796195
23710572,12,0.5856833402993658
35695015,14,0.7773732623317683
36493966,0,0.419111921607873
19912866,5,0.5106241154454572
18300322,11,0.6565480880070294
36095421,11,0.44596785724933413
21770014,3,0.3666043298330897
14845336,14,0.6491662596161886
29825571,0,0.5125251841321643
30392099,1,0.38030834395844326
26976025,15,0.8715959376071707
36652786,16,0.3546432571062428
25137484,6,0.7619230587493884
14260601,13,0.3945468558223757
17595590,15,0.417718520621006
11970820,3,0.5239928461208574
26791615,6,0.6223109372577225
31675798,5,0.7085823754244996
4474690,15,0.4104125699628805
34978483,9,0.48692851725074565
22405239,15,0.5918291179419183
18808363,13,0.5638467168891175
3349147,12,0.3006404819527815
33489267,15,0.43558884420236543
38313288,8,0.4388543531267304
29929540,16,0.5461588685013967
26477603,1,0.3460517826921576
16088666,10,0.45524376605738043
18392341,1,0.8256783556547477
28282671,1,0.5332211035317538
25327148,0,0.3053421917569727
34596082,16,0.3450479234161903
33404850,14,0.5094779907403908
19925256,3,0.36039790108109354
8845435,3,0.2979784591016592
36489711,4,0.5564417383365247
38293878,13,0.37958567461306597
10970639,3,0.3967650807723313
32944377,5,0.6500953105364217
17136015,3,0.46286871001385443
30270373,9,0.25970488813603243
21595936,12,0.472039971642241
17300370,16,0.3079681342585011
4503257,6,0.49883102639533955
16493500,9,0.7588269183938863
20072030,13,0.48117844695270306
20208681,5,0.44870559054180004
12416278,14,0.830024930110616
22927336,3,0.4072413620443783
17556929,8,0.5371039346078978
24237185,6,0.5624293189347778
7330718,8,0.46036904879819923
23421778,15,0.379224861138934
34093547,1,0.6221106320011326
8917548,9,0.2865500424569057
20410501,5,0.5927665482663648
21964452,13,0.3559243815791899
32407913,9,0.3333254090215516
24907337,11,0.6961250290038891
40065760,5,0.4790788613829208
37162381,13,0.4527751854230881
940822,16,0.8037794437794068
14424408,1,0.5491338620198164
36905267,0,0.36986139364944604
28489560,11,0.2785089735860983
32386768,9,0.5044552295288152
37502848,6,0.6299407239399912
27349184,8,0.253889175129715
39919405,0,0.584937999115344
19016224,8,0.5746756963250941
16930657,5,0.5024544265456141
37053314,15,0.5619515268204106
22278993,6,0.5386930921692199
31039249,9,0.7893975503577052
38411903,8,0.3720086330818373
1348510,12,0.29716136921740216
21331077,6,0.3307666514384419
12152487,16,0.3931984156378086
38082699,10,0.3925890615825895
33350570,1,0.5017651836983261
8354078,8,0.24220856871299568
21094536,0,0.5126452632456975
35748384,15,0.9710883427740085
12544086,15,0.4071799181779419
38061344,8,0.7018094594341159
18830651,15,0.37806706552008706
26617865,11,0.6903752326641784
37525576,16,0.34659417215731164
14035522,0,0.40138907818257913
5204640,0,0.346717124072447
1346297,0,0.43980817516856435
16013330,0,0.43495608525513196
27136481,15,0.28978528490233835
27377223,16,0.691000439429384
25045292,15,0.40008453815285844
22263745,14,0.4569011150992978
21079995,1,0.47860820434853396
26074523,8,0.5374170955069868
16369685,12,0.4785944146380653
30471943,15,0.42129993692453127
23773577,12,0.5742359066978804
24018309,2,0.2734373468661753
40042071,0,0.29600901907943405
12733840,0,0.6575050839815169
28231738,0,0.32987480107433226
4333094,15,0.3383460751481475
37953143,0,0.747553324125641
25410336,9,0.48503864495639887
36946844,3,0.7273659425857725
24703675,9,0.30091321558753215
12602032,9,0.27970096415531326
17415354,12,0.2711264935228017
20535605,9,0.9204000546315899
37645504,1,0.6832710816836319
13090505,2,0.42933383912727685
20319813,4,0.1876516295151146
29447503,11,0.34889285464440856
1684197,1,0.43445945031585004
31300131,5,0.387482453048066
39664963,3,0.7194578435993397
31200648,7,0.41318649484323067
33650426,5,0.25054009229863994
28370598,14,0.5786107667039051
35410041,7,0.8180992912165035
11504104,8,0.504293362670479
866208,2,0.22570897979129254
32920007,5,0.8639946012410675
29594936,5,0.6117943253683454
33925015,4,0.40051642208811816
16720286,6,0.34548247617036876
17406252,0,0.5772292361038285
19374707,11,0.6474689171294227
21742587,9,0.41763779059058076
4780791,5,0.579109701227681
19915116,11,0.6276738819871559
6341823,15,0.5241061012430976
25444267,13,0.5278401075434488
20112760,4,0.5643052069562596
29401707,1,0.8657417367631842
13160139,8,0.3440347359358205
38467716,15,0.6776438091516324
23430900,0,0.47938103052153763
39186906,3,0.6156217743167057
37094448,8,0.32029233534844287
15816884,9,0.414487449930042
30745056,16,0.5711536956887924
30227883,4,0.5537425246466788
38664732,3,0.3352139645147323
34505579,4,0.29369926713884165
23538140,9,0.439764062473608
35565262,11,0.38463288604916485
19705229,2,0.2903024966227183
36902682,12,0.2610741193877418
6715944,12,0.5978293090104897
29145897,8,0.4029599665120773
4758968,2,0.6224638357075636
14568141,16,0.23596255643668226
34601782,2,0.5048947536468535
14029883,8,0.3700734705208756
17169927,6,0.39881264163060676
36851561,3,0.79329386747669
24948660,15,0.8318936090510959
10341847,11,0.4479380628148965
37661712,8,0.28704597683544697
10958248,3,0.5704239037014769
18603407,6,0.5607835831575613
28420448,12,0.2982113480530974
17781906,8,0.8033317789241577
8685842,5,0.40454335034062705
24723525,9,0.6740021826937875
1355710,15,0.26229313059624326
18335432,8,0.36069574587356157
6705521,0,0.24161610300553016
12867075,9,0.42201762536347615
26455408,4,0.3886883145998247
40141660,9,0.7060755315193735
36332167,3,0.9077146338650225
20001045,15,0.5468998173852768
5878689,11,0.41376334654663766
29667892,4,0.30942413381530315
22440589,8,0.31305280832199195
23600582,13,0.34867111096441145
5725065,3,0.40930893919428085
4976613,16,0.5589128147276192
25067998,14,0.7756363841822886
39303157,1,0.38530047430169645
25673848,10,0.44361622074639095
12630594,8,0.428343143288644
39607566,0,0.28852084781782644
31408445,9,0.19285269085750587
16013692,0,0.416506091382618
39898068,6,0.6123270118171836
32969491,5,0.44057022930676376
11942919,9,0.49236233178444333
38498654,5,0.906136866501674
18676859,1,0.6885552767615558
25080922,15,0.4009462888839932
38405454,0,0.5880539966674057
36944943,8,0.42499816397238116
6728719,15,0.4155205237308007
23264037,3,0.3163588981368633
33252802,3,0.4810230581839858
24395155,16,0.6968211851792283
24944676,5,0.45702850056691346
22416886,13,0.618001347644961
28102769,11,0.40762155973400527
29375200,15,0.8450603977988254
27999762,13,0.3796930285704872
10425414,15,0.22972966513531204
5888771,3,0.900269823905565
28800272,10,0.5825266360406813
34418982,4,0.6115167621234313
13293902,15,0.7078210410143424
35330420,1,0.4439064228928392
29292526,15,0.5337609448301911
35212716,15,0.9063718498721941
37796601,6,0.4755777285134094
11661121,9,0.3777719661006653
1264300,3,0.36357756319849016
9482859,3,0.23025634441439538
35245185,15,0.41837092932118664
30801340,14,0.2226895196669447
29344964,15,0.26174852437624013
35682804,2,0.5186004718726698
20568743,6,0.4374226351817228
4657001,6,0.24467557506722193
14264682,5,0.4233753402838153
2045968,16,0.48020629167445966
34320067,4,0.5514845382343645
26855746,6,0.42104857708279886
35003277,9,0.35359417885719485
13273727,1,0.3588865573159572
35719653,4,0.4850930596943892
24563790,8,0.5123836655144683
25883898,8,0.43395309360790757
22442839,8,0.2847355234760753
972267,11,0.4742683120500269
27781881,8,0.2859263874822854
25560879,1,0.2982217576298195
26115889,12,0.5323728754898419
8425304,10,0.41640164130891927
14933771,16,0.5999803388009733
28118236,3,0.6920735970250675
10716916,9,0.5022415302999887
15406882,1,0.8836831199717747
16010898,10,0.553521665343159
38744353,5,0.8203727419413294
29962525,0,0.46432757170667316
37644156,12,0.410479019101602
5037432,15,0.2836390423721473
7738272,12,0.3081095134756007
27270829,13,0.5129020566422995
32928328,12,0.6538838331611975
30823730,8,0.380058550888885
38354163,1,0.6657633021779501
8730946,15,0.5919421031315611
21923964,14,0.5645329120228332
39659469,3,0.7450871560763866
1704085,12,0.46006416408226536
7474976,9,0.46532942988373827
19036477,14,0.3792062741048817
21781233,16,0.7930280827374143
35902694,16,0.41601231681067924
37152940,0,0.36399139671289216
27664609,3,0.32719457239054434
31320657,16,0.6376162407443244
21770419,0,0.24655050222428576
38277002,15,0.24839053201880804
4122504,12,0.4194824340587438
28211333,15,0.5019724126846966
7419787,14,0.761870943429617
27503961,1,0.5843667462120498
11277432,15,0.7556128565760893
27908424,15,0.22886183588708073
7685087,8,0.5331648949853274
25791196,0,0.43460889279640663
30327523,10,0.2650435814003319
12890100,0,0.37480850118745074
17663862,3,0.6942265774532347
28032395,10,0.7286999624610401
16214190,16,0.5769508712187463
31103161,11,0.6378290422447834
1157725,11,0.33261656402041284
25923565,3,0.756150586244958
28780493,9,0.2769662032347833
15318800,6,0.30062989347829616
21162535,11,0.4462536135234121
26274037,15,0.33437886387419397
8556398,13,0.5013861912558649
24160626,3,0.45399986940299586
23237628,2,0.48832788783916703
35988808,12,0.8245652997344265
35464976,16,0.5157547052079882
32697252,15,0.1885514065272327
33271060,13,0.7046438195754405
38761142,4,0.4679699844716669
34672408,3,0.7940773160788175
31254758,13,0.3828055841401849
20160622,15,0.3038809665969334
25920049,12,0.7297804570033565
34334927,0,0.6524661011044387
25271459,12,0.5330403611140093
37015852,4,0.21432682014133436
17000732,10,0.44029937154213333
14603104,1,0.5274429608958829
19950823,16,0.49320399556155403
32616111,8,0.45227024532793597
17132659,12,0.4155838626787768
18009979,15,0.26470529112838587
1641470,3,0.37757901153561174
27791014,11,0.5587768616698111
27273499,0,0.5470733079473397
3371795,12,0.47026346351727905
27288730,8,0.5308020575071348
6276170,9,0.24764473518012822
7403585,12,0.29014502739504067
24741690,13,0.9018291519195261
36698082,8,0.3041271083241653
22015803,7,0.30349535900033
26182916,10,0.3876907968581186
14847703,9,0.36035841882186775
37373196,6,0.60220362558661
21125674,8,0.29665265528249807
11289670,0,0.33731941358271456
18455576,8,0.3078445848880147
35456290,5,0.7769734164045129
35305688,8,0.4163151335279577
36846007,4,0.4690578948015699
9970005,9,0.8857118547897818
32501869,9,0.5683311734572156
39929934,1,0.33950664094986277
17210425,13,0.6614235413262217
26792615,11,0.4487280098672416
17477583,14,0.493091334100319
24279706,0,0.3450286741786017
33433863,5,0.17757701519490093
29127196,8,0.3683912014819955
23582393,15,0.3940324373164665
23303221,15,0.6923984944159766
34693939,4,0.2695292521760108
14706225,0,0.49641916525549173
39256611,15,0.5291607276229129
2805595,12,0.4504100677455252
35566034,6,0.41489657632651084
23064280,12,0.2550769436090321
32986366,9,0.6491792872571707
13991248,9,0.6256273663230753
21443381,0,0.43397690127220934
21536555,15,0.5074375709325564
8284890,5,0.5058164390776214
11034388,9,0.2851419135357767
16269376,4,0.4559526716186505
19967862,0,0.39060083780319665
38283475,10,0.30975435378385113
14443595,9,0.29749665957529264
14496193,8,0.2711493446308317
37903818,15,0.37368191614182117
21527610,15,0.3711850981421866
35060732,9,0.3973406979722624
35383195,3,0.40070998603034014
25557311,11,0.7617809617632387
27328116,13,0.3662413013389547
29586096,16,0.573337788552799
33745964,4,0.29849010798601455
4002286,12,0.5211028816031418
13513244,14,0.3327234784748316
33632932,8,0.4194204259574648
27828184,8,0.2800358126576829
38938306,3,0.5138760902920423
30570659,7,0.3088788608218711
20435405,0,0.42553694767738687
27188983,0,0.2581210228206005
39537757,3,0.5499813780594786
16451849,5,0.21531229951436653
3726338,13,0.5023182198111031
20516178,6,0.3623263185199138
32029892,1,0.6739541605121007
32847800,4,0.617225579956984
15686658,3,0.5368559457176716
33116305,16,0.47899432182429147
9314149,6,0.5227448567275751
3979658,0,0.2872990029507627
15535683,1,0.34634417400351514
24017650,0,0.21931974135560242
4833646,0,0.5809898090978128
35596031,2,0.46324387117042287
33355265,7,0.46677288560579333
33527596,10,0.6487216066924522
20395913,12,0.3097023137676806
38233515,1,0.6658353668891508
23389450,9,0.5593696568603529
18347352,13,0.2634444614725444
29937830,9,0.5630435904176064
16773583,3,0.5214377143892747
14063877,9,0.576421557422281
4436240,15,0.3163866818978269
14626613,15,0.4140979150251041
33283235,16,0.6574088544431456
17874609,14,0.24293669426615588
30127355,16,0.35259524298512745
20767639,0,0.7569088375459778
25654453,15,0.44094992094643903
32567100,7,0.34020513914097233
35709639,6,0.5192243116142428
35227154,6,0.5175731969956243
4525147,2,0.6645818923095819
14363655,9,0.3023696657983237
4806237,6,0.41241731559860956
9771562,8,0.3482379930209589
28721397,15,0.9112839378054626
9955548,8,0.5960408293251394
26813499,9,0.914675587894568
39064725,16,0.8942421064037537
30675501,14,0.5186040126273616
10097477,5,0.38842505088682155
11730952,5,0.7608983791032741
23042963,6,0.2532315548325523
20438594,12,0.5080108317848311
25936696,13,0.4512719627502778
19591467,0,0.4074767840782572
12162021,1,0.41322235172827493
24045265,6,0.5266144762452429
29042787,2,0.2925630095938484
12073957,12,0.3885637464888165
35236880,13,0.6154729332852762
5202721,8,0.3004959404928194
35005574,9,0.2133981262304218
37710542,1,0.437687326252077
32317330,4,0.4156888663787228
36435012,6,0.4264374271573814
36050887,15,0.2584820638143073
2509260,15,0.5065149216328799
21876482,1,0.6920488684546049
24785928,10,0.3994521378585393
30935583,7,0.7373976903202628
22534854,15,0.33830979777312686
32963088,7,0.3300375749642926
18179606,8,0.43369521347233164
28873113,12,0.4301020359097767
23203332,13,0.48710885058374154
21147075,8,0.503293125464075
16232244,9,0.49613953251422055
27218543,4,0.7642183761712581
31282297,7,0.8016321901096822
20437976,10,0.29042521589091774
37614550,12,0.2865743214026541
21614739,1,0.44151062482699865
38666329,8,0.390642981941481
33868598,13,0.3614453546667181
28997364,9,0.3957669757095724
32993775,0,0.3255368273002465
8638534,1,0.46067214543461527
38335685,12,0.47879017398040163
21453137,11,0.23644993912737491
21307835,5,0.4114510725440985
4414375,6,0.7852846666005323
30189749,10,0.351215978720033
2327989,8,0.44939798784376594
34582419,15,0.3374238026810678
4988301,15,0.42480149099023556
5595658,9,0.2777015702053564
37912206,15,0.9277862959791137
29157808,16,0.30927219173865766
25550874,3,0.43978318277975603
34731954,6,0.39714985175627787
26656151,3,0.8072176744448795
28207805,1,0.48963509196139016
36422775,13,0.36063752009387473
28200686,7,0.5943092211672032
37114683,13,0.4049005989716181
40050625,4,0.2954358670575535
33664163,13,0.5998980450210771
39681616,9,0.4495832787363881
8577055,1,0.3844325335027913
10985565,9,0.6025710698665152
20062179,6,0.8550696111218549
38093965,4,0.3888658086002843
16745740,8,0.29681802372298477
13337870,8,0.2229966403931285
11122418,8,0.7088113234793298
31085768,11,0.7437734865098591
10705360,13,0.651017997130013
11488555,6,0.3138460069973143
21762720,16,0.4117819446938278
33563572,13,0.36369027668848325
38255065,9,0.49922396695736515
20539069,5,0.8081501375165392
19609041,0,0.48012848208853043
27737091,9,0.42007657859394415
34747543,8,0.31990042204919855
29649147,8,0.1897946249160576
38310392,15,0.5612730114600354
31884965,8,0.6033737852224693
35996569,12,0.3581614437892795
12350907,1,0.3064876909149337
30420841,15,0.840119457145479
39825307,12,0.40812093982926784
28076561,9,0.40621779958471715
32874273,8,0.3279188349733633
33121433,6,0.6381757774527312
30682918,4,0.3530486196143604
33514317,9,0.5692578417312936
18208287,3,0.308577761395386
15525493,5,0.5091579068866584
26427340,15,0.6219208986533276
38079222,1,0.4078158666238019
8914642,11,0.6131890735550024
9444242,0,0.2546289580926584
27207971,6,0.40242248356592397
39746035,2,0.2731777604696735
33271600,12,0.5067148513421985
22323054,8,0.29655812256371683
33712418,9,0.21546239868424405
31524210,12,0.6500333407916025
36227945,15,0.7739776389792793
555344,16,0.8889553278474697
14035775,1,0.7991381115716963
11804589,3,0.47433139661642015
1303105,12,0.22077725357428124
26763900,15,0.7264662084762108
34449674,8,0.390955763935019
35475103,6,0.6939731554452435
21852662,8,0.4126912583899421
34598898,4,0.4404978561716089
39217888,0,0.46886860145627257
36989625,16,0.7323299943555938
36063632,3,0.4105466120341225
33338327,9,0.5112850008900686
22147773,2,0.39216716299559706
28745759,11,0.4698601447397801
27312139,11,0.28592677254855225
34890051,10,0.480205959487764
20171906,6,0.5158021851543101
3389817,0,0.5118817930785584
19942970,9,0.43123132371350104
32250200,4,0.4479385790583454
24838715,6,0.325117118308172
28301031,11,0.40436695375905213
17147156,10,0.48578786142537855
7113218,13,0.5651061136635356
36718214,5,0.676765769396734
24287483,9,0.32531328213893757
24576181,0,0.3180661332638481
15476971,0,0.28244212767474475
1455602,16,0.6923797921418317
13298633,4,0.8159750606408747
27756962,5,0.33689507189627915
27999138,9,0.5726477456475249
21944249,2,0.28193460823508437
39734360,15,0.33180393262727065
4358001,7,0.5689456857795396
30111973,5,0.5667948003681862
22620303,10,0.44025295301863165
35307546,1,0.6541675461092588
21455789,6,0.39927394252101306
25727687,11,0.8318266814108936
24743349,3,0.5717838194597906
20144725,9,0.455879507645538
39276998,15,0.24298785529088396
24481178,1,0.4005522920056729
37350758,10,0.5357075580265047
26516193,14,0.6430873578233536
37445466,4,0.5073455588369337
39995094,12,0.469299064932289
22162267,13,0.40350876162901905
36855792,12,0.540692945231297
31943339,5,0.5108520436186649
36636053,12,0.265741662754365
31291493,8,0.3267075852889799
14110121,0,0.5342590006937181
33608365,8,0.5524543034482624
3209362,14,0.6994721584405702
18158382,14,0.26857738163353917
27029426,14,0.3913252951003449
39845833,13,0.4850768629179636
30422535,15,0.3326592862043939
9289427,15,0.2942405004149272
38729873,7,0.2697627398215116
17728820,11,0.40578667017041886
13225201,9,0.59216148366257
31362680,5,0.4111976461185731
37265501,9,0.3191011537833271
5354061,11,0.15376847732202029
36068113,7,0.37689162635208856
10253279,11,0.5054697042204684
8094032,9,0.36400455893733746
36816302,6,0.8275920996890085
16924319,15,0.2157231356713026
26313660,3,0.569082996136387
13613635,0,0.274640889729871
2406959,9,0.3318255600150747
28726742,4,0.3387026684005275
35253849,7,0.7082357115169049
22252235,12,0.2983541859117462
20807579,1,0.23328795076588868
17955970,7,0.34307395904618093
22147084,10,0.5720396961421458
2296803,9,0.37039827328451336
17907109,1,0.4590087986838572
22671396,8,0.2791864671606486
16269649,16,0.49201460590102236
1821399,0,0.2687806543527422
27955947,12,0.2330492319753859
26759784,3,0.24798600026176273
25036699,14,0.7671107883217461
34035731,9,0.34188937290067034
35079438,0,0.6581845557744176
34487862,16,0.20245011258469642
19646520,14,0.673535763321984
27720647,12,0.3278297024166434
33712135,9,0.8940508633993438
25779070,3,0.38048066278403614
39847547,9,0.24363041187348466
20494783,16,0.5499332189270076
12323085,10,0.45186827266557206
14323831,10,0.5518106396627226
30856866,0,0.4908301881520248
23803255,2,0.3712091447735713
3997887,2,0.8738735491325175
39021513,2,0.8612399851785407
24476058,9,0.2755494662155711
11076377,7,0.597399276476011
19930998,4,0.496027523329659
681565,11,0.45926108521024983
33381305,15,0.9999999999896394
12574275,6,0.2215700828626786
6319915,6,0.5096906214995812
19416008,15,0.360182312280282
34763139,3,0.5650032774428497
36260599,6,0.41553921619969136
20904447,10,0.36738041479497574
27853002,11,0.4024335180094543
5730407,12,0.4290319018294617
1977022,0,0.5295635687067151
9588331,13,0.3368597796476324
39547056,16,0.5803304697819806
12970567,15,0.3563714182242411
37653995,0,0.24913397514829
29608581,2,0.5183912342631133
6225843,0,0.4872996896932518
38448321,5,0.6126718125687166
27990419,6,0.38743047115174756
23511569,6,0.34325296475347705
19466460,6,0.3443001782006203
32671668,8,0.3297669922345878
34031410,15,0.5028696522868029
16143226,7,0.48523358379883563
29744062,1,0.581175770604318
31821780,15,0.5589066575462543
3025031,3,0.5928809049285787
9072227,16,0.5661145389150525
38184969,9,0.9926087598086462
31650897,6,0.5302099057906767
37090869,10,0.6402733642860159
23901291,14,0.2287409550219186
37020712,10,0.5068621879569957
15145222,16,0.49847826917852983
2888598,11,0.3481100402536099
4695609,13,0.5321279429273182
35510666,6,0.42885916365828614
19835923,8,0.3688862572445508
20484366,11,0.30141163425493783
36724202,0,0.4731450805905168
22825693,9,0.42725242045645523
6010011,11,0.34946766969979853
28684187,8,0.2509535185114919
35708920,4,0.6180573393222393
6217351,3,0.5729574020072763
33661115,1,0.7267876989767791
17752460,16,0.6472276541450832
27184204,5,0.741260361549382
27631241,6,0.4461650518514966
25516805,13,0.444560909584703
22316489,9,0.28050791908520323
31334629,7,0.7956989994951574
5698175,0,0.45259832157215274
33824334,15,0.840829395654341
36237853,8,0.5009643722709379
31926470,0,0.38753833504276924
3149370,1,0.6012876170376772
12468823,13,0.5811711988136047
12076092,9,0.5794835516222836
12419875,15,0.34305878468151924
35422392,8,0.3608993430572677
11888635,3,0.32636917217849337
15170450,1,0.5966350943224963
39601218,9,0.5649595065851301
34763208,15,0.6791085496290484
37710662,0,0.6167286508701156
39916655,5,0.4521682186129409
35964994,1,0.36298065263033336
33836647,3,0.7151618803152152
5321186,2,0.7372785530544864
31454438,13,0.6420672289718029
36667061,8,0.3291080657415682
32740048,3,0.38151855480936575
1959188,0,0.21709003378699704
7449395,8,0.41666494766941825
28629911,6,0.5118970591234722
23455341,3,0.29748371312859956
5910703,3,0.979122620455115
15042945,1,0.3131015944381211
22210251,6,0.4916759269197393
14865572,15,0.2447367296101053
36420970,1,0.2627537084646913
28357582,9,0.671080720715878
5106358,15,0.4116474393511938
13464759,13,0.34085374221510034
34946062,10,0.474572670958591
24288780,9,0.5226555719700808
29820370,3,0.4558904056568832
34200551,8,0.32087975143574027
34079787,5,0.493691767298732
36472879,12,0.4414403630927527
13752507,15,0.6248849763334283
15049333,3,0.45668700120154543
1002072,3,0.544427311845547
32559406,6,0.6738025677351883
19572248,16,0.42132002282606823
33135354,1,0.3538269449811446
13834472,8,0.8447728918683091
2278150,9,0.4294995733616852
29670109,11,0.7508195391331668
19684765,13,0.518303522099127
31537305,1,0.31789604410924877
15312170,14,0.6683677811461907
35923078,6,0.4303301369239408
27219849,11,0.3174979058305866
30636014,15,0.6147210549077581
39681631,0,0.8713954481375726
23387488,3,0.3085546331466436
24693024,15,0.23814059788739403
18663956,8,0.44791602866598934
20498469,15,0.26430948933952103
30408127,0,0.5990599999934554
26374648,15,0.23539917018163156
6244272,14,0.3268066703118839
19532344,6,0.3258644139380734
35463419,9,0.6005359352228149
37778176,3,0.46316700522659837
18020849,8,0.40185554431776177
29865518,1,0.8167897792714539
33547061,3,0.6151877738894999
7482959,0,0.26152607855914484
7417701,0,0.2370826884242121
23619426,12,0.3473725501009887
30821951,9,0.25132414902849826
23687011,15,0.3418233119075058
19199944,1,0.6053717869900015
13241200,9,0.42267051020347257
37358499,8,0.3239265809182181
16733716,9,0.4317347156148195
12927060,1,0.8338827911161554
17309356,6,0.614605326805001
26175761,8,0.28753197924313506
35663109,9,0.3698337307556061
11226252,8,0.36701997806713155
39444808,10,0.477704544739265
25320719,15,0.673903271475745
19848965,15,0.5111679835932217
12431826,9,0.7785170831667916
34883086,0,0.5891461278904849
39160750,9,0.4223195960895941
3548937,9,0.2976984259083401
35355657,1,0.42200706024223417
31528600,1,0.45395291588191033
25151108,14,0.3949622861568743
34710482,4,0.5590712194749751
36453888,9,0.43572459503582817
29088467,8,0.35539513602262274
19458344,16,0.6648674358007408
37669177,16,0.22983609335058297
22660581,8,0.3469144857225614
32201138,1,0.2979673756690168
37166827,14,0.818804351693899
38205540,4,0.40300278082777014
28427651,8,0.4946773467063796
8002282,8,0.5775557504116693
32414960,9,0.43166401746856503
2139823,16,0.36377973284050447
22733642,3,0.30314906253456775
39585179,15,0.5459555280198075
32427110,15,0.2716475648327241
25432139,8,0.5834962369810576
16494560,9,0.2869794930281259
8925293,2,0.5992822752107295
3626619,8,0.37633249010402453
20014811,9,0.44158961903751853
25071242,6,0.4056854166798425
18057029,12,0.3048407719188119
30253141,9,0.39070156281138824
35455991,10,0.4713803102777874
31459439,0,0.8524644749833374
34801132,9,0.5781039845946011
15578416,7,0.38619371631615196
37324106,13,0.4446617169211242
18344996,16,0.2559927173166921
36069211,1,0.5495649676415282
7555335,16,0.7223341159968104
3370996,12,0.3581203036391076
6796722,6,0.5334148769983014
24694887,2,0.4522408356345428
38296748,0,0.2648825774041872
25892181,10,0.3941562490569513
17028562,0,0.7369039187535061
32509261,0,0.42354072158673184
22994881,15,0.1987465657560886
26470151,5,0.3300600727036125
28621908,13,0.3795362780151867
39574813,1,0.4922887410711052
14071096,2,0.5096574686353326
36702120,16,0.4264120563066473
6582183,2,0.5929377325722889
34650978,10,0.40694159970110677
28455413,10,0.1932059786525869
22039057,13,0.5974002866307777
16453746,16,0.4514115849536353
35906395,3,0.3685859293122964
35202289,3,0.36797289575118003
31935514,15,0.4999039637983807
24654209,13,0.3332502624368884
22868900,7,0.30131412379428946
14536167,2,0.3769342184468736
37579374,4,0.3830884092847061
28164874,14,0.5473883195173584
5602265,15,0.7916939503460899
28997120,4,0.6708679323688655
25127899,9,0.243454202167501
27020950,6,0.5476781341039758
27164129,2,0.4678246369063166
18029074,13,0.42418467134399696
29732282,16,0.2705850594428905
32803223,13,0.7264941876254774
21679401,6,0.16220051232538873
35983172,12,0.2859778447573517
28973150,8,0.5062134831099707
1645962,13,0.48092843027248217
33363613,6,0.5003567670161373
29871460,5,0.6078555372826759
38848471,12,0.4819891456854304
24492345,6,0.3950754704364057
16678006,9,0.33966750955175057
37009788,4,0.4911175307521637
35572308,3,0.3624040169225443
39973360,15,0.5533100050676342
31298298,9,0.31598908225841926
32933480,1,0.5290044544799004
21597078,2,0.4005251670384665
37285708,13,0.49540895165667
1473625,3,0.7441606861314765
39247527,4,0.5232317667913757
34752521,8,0.3458238649339365
27011143,2,0.6865829954946912
2781186,0,0.5548551863686991
3233674,0,0.7711118964706751
36183763,2,0.6430079931653917
19291738,0,0.3343410316333439
9313999,8,0.8310718388097001
22962474,16,0.4614193298984531
14171719,1,0.44987573109628487
23447411,13,0.450227918337884
25161449,14,0.765955208318021
19770147,0,0.1506333264897808
26435738,10,0.7412604643586173
24597761,13,0.34180229154303887
14432020,16,0.7589175869503129
4024972,1,0.620315770860286
10640623,3,0.4079335121414884
16319878,16,0.6184540733465049
32152166,1,0.47989756978940923
32156071,1,0.47567611729699777
9758513,13,0.37802322685093753
14872061,11,0.45920986585952234
39507592,5,0.350581723977191
5720233,12,0.627120078526547
33476561,12,0.42779183532331067
16000228,15,0.33121656424714574
27696154,11,0.4755087999535179
22840985,13,0.5268197075088429
31137414,2,0.39187674600731587
33105045,5,0.44212916063263163
21516322,1,0.5644093480293425
9815077,9,0.31733788449018574
31576270,1,0.7256512387243027
38456295,9,0.35060696860995844
22130727,1,0.5311507347888236
37989239,9,0.2696369993682545
20944212,16,0.4709616283687052
19750890,3,0.625963422961939
23903848,11,0.42771004542397895
34984174,9,0.45135525382589553
15715597,0,0.44659908473712306
15709933,1,0.47996665528371985
25143621,13,0.2559565602514388
32656758,0,0.811222461965089
1060745,1,0.49974236167941255
23189610,10,0.39532861899022537
23040727,3,0.4145073080837311
30564792,12,0.5210090910117584
27560764,8,0.3945196941925484
603595,11,0.22932239478600092
35725265,12,0.363871495110816
13169535,15,0.990784430447682
31690038,15,0.24859355439154027
26261190,9,0.7233088787031178
30164528,12,0.32632358162382935
3453757,9,0.5970690061457771
33094758,0,0.3838206095212591
13475567,3,0.28883864378639146
19364051,9,0.4478352606365049
15204225,6,0.40252796706556765
17113970,8,0.3289630680184128
23028255,8,0.2748090598248813
36902899,9,0.4629133434110148
35348346,12,0.23573694160251513
29868741,12,0.2582142822439086
24921545,2,0.7017857386408218
22134712,10,0.32932163274091475
37233669,11,0.31029603614281304
32966108,11,0.556076476988491
19410377,11,0.4884151791049039
14159318,3,0.44982865919217574
38949402,6,0.45766120459887827
33084068,0,0.4019701426579685
34107775,1,0.617560672752901
24011117,3,0.5454163055197894
4291704,15,0.29451259679011454
39524220,5,0.4882846535596416
33667862,1,0.45564032395611703
28715192,1,0.6628359592855728
15998188,4,0.37123780484666447
13860738,0,0.2661071884643849
36146551,12,0.3283525674787079
7456181,8,0.6106365907968269
33639344,12,0.35805233708649725
18390092,11,0.7073944600587108
26880611,13,0.441527841820577
37897851,3,0.7006192407415847
14158947,6,0.44134082564529253
15876307,6,0.4097684788143837
28529852,8,0.3520878588367593
13232935,0,0.43625388934640497
23974147,12,0.6067428724543795
15597439,9,0.4149199432749863
32800168,10,0.5274886163464461
33790105,0,0.41183391877970066
22059989,3,0.49152415650545134
11100244,4,0.23679596728039987
4873679,15,0.35813298073480393
2540043,13,0.3864123230568114
8437792,3,0.6583539989091475
24633664,14,0.36870386658056015
32546804,0,0.4191458231424447
9182462,9,0.6748015644418178
1158108,8,0.37454029286764057
22183205,15,0.1834700061121771
27261662,5,0.4524588936879506
25729867,0,0.24540823769003775
4211454,6,0.3491228921531743
27843361,7,0.27406880689119273
37742895,15,0.6707545660413903
10267817,9,0.6253066801213074
33681546,9,0.37669228758403783
35391579,11,0.6168343826738284
29972682,9,0.23096570022175308
32936215,1,0.8719056791100563
34563522,14,0.47969405923233144
25106498,8,0.3987805379007451
39734786,9,0.3692718000183469
39263563,12,0.3646303874967047
26698044,1,0.6112433859339097
38237460,10,0.8038424030054373
22486663,15,0.2537287159907044
40075008,3,0.5970944692613915
11480589,0,0.5560391631035533
17143015,15,0.7039306694284961
19412835,2,0.5714513313391876
24259329,9,0.2899257486190965
38857855,9,0.45121866314569115
6896589,14,0.17832380785721713
6725771,14,0.2609358687694975
4403289,8,0.3488471732094239
15580869,9,0.31114188563966927
9143506,16,0.5287052012482858
30754693,6,0.5745836971659474
37396046,9,0.7316427452557727
35026040,8,0.26057413008660985
9850261,11,0.8165691765839546
9816816,8,0.45201945598447235
15214386,3,0.40216617468916993
15456804,16,0.7897096728884639
25796309,5,0.7825063280093807
32041223,3,0.3380876362950769
38448638,12,0.24973227626940364
8795698,5,0.368451857490284
31276585,5,0.5345833705618679
19096808,1,0.4439185533922813
21330829,8,0.6207001712702088
5554100,1,0.48104038697360524
14541182,9,0.27982572814359596
23379357,13,0.9067940190213551
30278454,16,0.5908111402984579
19644391,6,0.5742660924938899
30229119,16,0.5710701297839895
38138143,15,0.4994498710871587
13033060,9,0.2291251142014807
22795148,3,0.3489935901888058
5228717,13,0.21057633861205566
18195758,14,0.6561129369554239
9142264,9,0.47976385414574674
20154390,9,0.45948729161261115
8844073,3,0.44265978905968684
8234723,7,0.23057741860762454
20886565,9,0.48309701629912627
29914293,11,0.7727761944906176
33251246,9,0.33904272776040867
39131424,14,0.5748763214304997
20780419,9,0.3866739725168393
32975871,9,0.2644586435109991
30822124,1,0.837939967846159
27537530,10,0.3164020685876774
23734899,5,0.5711755985117749
12368485,9,0.6042817081263674
5708352,1,0.412591129644822
24210405,1,0.4689183953783233
33735914,15,0.5669292104680531
36045610,2,0.5187974498125837
16535995,12,0.6609237554685188
25076058,3,0.43931636818227443
25474562,11,0.717068462756346
28495905,4,0.5911871492175873
32788991,1,0.5353915006539097
33678995,8,0.6821062127849237
23392041,10,0.6559909706942179
29847145,12,0.6889826494428758
38458288,8,0.23671115721852834
39495994,8,0.4166824425195812
36481763,6,0.6259266840644262
33934948,4,0.8076142016737868
32090714,4,0.4301765152272431
20928787,1,0.7660470043759355
25123127,14,0.4776735677256933
9795431,16,0.7783098833670022
16803835,16,0.7559413670964049
38084537,11,0.34948802207092794
32049122,10,0.26966949198953505
13077638,16,0.4989492711055974
34415398,11,0.4918971352732874
37482313,15,0.507779505619947
19498063,16,0.5267065650635978
20584889,1,0.5487237520731011
25387251,5,0.4245655681155543
19403532,0,0.6698329870924052
39639806,5,0.6609879554240382
32980559,0,0.3910840803428976
18038003,15,0.423766135440691
27350599,9,0.3005120537748801
35794897,6,0.3049901685105032
32311048,2,0.5321430916793788
29922108,4,0.4327249705647698
12899431,6,0.34184310938696744
886238,3,0.44420904970728187
33191477,6,0.45825668700306965
28302556,16,0.999999999991448
24456314,3,0.27831192397861915
17334993,10,0.41989030678876554
31617858,9,0.24744803145511207
25998282,9,0.27741472481554275
2768038,16,0.7806813174963292
13305767,2,0.4312364660319698
8983019,1,0.7638859011859029
6940257,11,0.6839247524936531
19276731,13,0.6729303501836618
10756383,8,0.4034859774064392
33449279,1,0.40851944057039624
30301112,13,0.328215418656899
17671733,7,0.6435748050259571
26581666,9,0.8264015614768435
33068747,6,0.5505680873904829
35468907,13,0.5914834278357431
38740631,1,0.45024553596328337
25503926,7,0.7783971480221102
30715650,10,0.6474537904235312
38858982,11,0.4712555777163893
5500563,11,0.27375417520876755
30068578,9,0.8433968299248548
20183020,13,0.5148781712425253
17520927,16,0.3204414614773044
15208543,8,0.3376335857649471
6359881,9,0.40154868912128044
11249941,3,0.44095608970849365
27967298,12,0.7519646025864062
28258873,3,0.3519779563640681
19962495,5,0.2492062862491411
21465903,10,0.9801294114433569
27048746,12,0.41055905627831946
26188666,15,0.2813878315617182
30352394,13,0.3032721524483931
38744747,12,0.30350341946921516
17110379,9,0.3516962676165367
22843336,3,0.6360757542278046
31148251,9,0.9999999999903942
38213819,8,0.27247366926357736
32999363,3,0.43363505160092203
30176479,2,0.3646979048003835
33200025,1,0.4952932740712273
29207107,8,0.37961412907679043
24231994,0,0.3665929598376612
11351110,8,0.26599016858351837
37620761,16,0.8710302821743728
38491963,3,0.48662480677690856
20665895,0,0.6804744764678469
32671247,6,0.24977903352753933
5577425,9,0.44367844733493156
37081085,5,0.4178514446958275
24663332,13,0.27900609645843305
11076018,10,0.3396569111103594
19254974,16,0.6149555183567657
20067316,0,0.5221278079537442
26796316,9,0.8571251559274901
4882674,1,0.38386367059964366
29180739,8,0.34253509326890774
10689273,15,0.29459536104731104
20277394,6,0.3010620845439239
37368152,0,0.3971910631759063
9529428,15,0.7102116450784595
35328487,13,0.5933461052684819
36969724,10,0.5911661511602705
2201867,16,0.5142022513267911
5764449,2,0.31902800962140965
29519051,4,0.5953239259014321
22571800,13,0.8708597072704297
36608834,8,0.6057139130350419
36945410,12,0.5003149035008843
34913005,5,0.43829603947763107
8556724,0,0.47205494810856585
37014153,15,0.45950989036431894
7060534,10,0.34345994898428384
34377278,9,0.8114466421756272
34106696,8,0.49663250441918205
23393687,0,0.27122223478662755
38425775,3,0.3353514936414977
32443901,15,0.4039261361250296
34179675,1,0.27885671826036423
5441961,8,0.7202477772068416
8918847,2,0.334473479972142
26879942,6,0.34248227285183186
14423896,16,0.5005772397565724
22273985,15,0.2825911328360016
19274503,5,0.3438220199805533
3419202,9,0.5692963382212776
210629,16,0.20467318190191278
26626238,11,0.45242104259530896
37529333,5,0.31220922434651216
3452489,10,0.9158563665446195
25257932,8,0.3802979655672629
3467723,15,0.2681317059920804
38000237,6,0.41249985093201413
5617322,13,0.5098283548848938
36834574,1,0.36761770063084687
9832622,1,0.5439905543614588
37750899,13,0.2993944183338648
9307836,8,0.6042446769541419
25212804,7,0.19234131484950343
11807955,2,0.596130322712543
328964,9,0.4147404598107397
36243708,6,0.31855078823876387
24075340,1,0.592205894121615
32620164,1,0.6815300580188813
19694360,2,0.5189622689467396
38427570,7,0.2652821305379152
29069306,2,0.586399949060147
2233422,1,0.4410318793655855
28774824,10,0.3349030159806141
12935407,2,0.5005069456565724
34090316,16,0.2606208403825607
3899593,15,0.9999999999860748
22177059,6,0.7880238962964081
34483142,6,0.309965789577816
11125690,7,0.26993969040005245
883520,13,0.5185460163721518
32039423,2,0.7228361512447506
31100948,9,0.6716440689790057
2526589,10,0.3301628552212408
8356907,15,0.46297029415858
33843860,1,0.37138597349075203
39964728,4,0.3269499920064403
30802158,0,0.7390799649997094
34429375,12,0.34651629123886385
18263285,9,0.21105735778264378
22572768,1,0.25298314675736405
13714790,5,0.5629109442421363
19712395,1,0.38988667535378696
37055664,14,0.21933395615932486
39952592,1,0.5847416312582732
39995912,9,0.5451293836533875
17386151,14,0.7707638369721133
11601243,9,0.3747887047777256
21923120,5,0.9999999999920899
2619129,11,0.4497750913526873
7362770,13,0.6143671807536742
21352925,10,0.42443048138280853
6963302,0,0.2530286996318332
28099106,11,0.3503127535258041
9644784,16,0.42560928790084634
6450228,0,0.2595732081572605
1386093,13,0.27176575058070185
3497223,15,0.8219656558523022
28489598,9,0.2329504261301643
19898403,13,0.5510384966679833
33113135,8,0.24276773510369704
13094829,9,0.667140921017044
39227706,15,0.6155095473120646
13993492,8,0.3479167806263034
6855984,3,0.408230869885465
36841861,9,0.29396686879775974
8074850,10,0.3001235637609978
15296126,1,0.744891861550824
33831289,10,0.48848045735386386
33536525,5,0.3398379529953654
302867,1,0.848397127490602
35702535,1,0.44280401639692984
29835163,6,0.3271913086643539
36023521,4,0.5966693046727313
37134281,6,0.7402707616141511
11574850,6,0.5480794097108556
39998184,4,0.4373571875677981
38839828,9,0.29741734692380306
38977929,3,0.46240982389134533
26410206,13,0.4169630289634569
35559678,5,0.4324151489426303
8689825,0,0.25547731032286247
13982442,11,0.2273490304096455
14026851,11,0.38414429153242885
807863,15,0.4888006171294511
33228369,9,0.5381634073985496
7772253,14,0.4231212267685726
11861704,12,0.60323335157745
22995375,3,0.36282678226498116
22553679,8,0.27075625518958074
29437675,9,0.2680241310490469
20553596,6,0.5265437334413465
11563816,8,0.5438989328536763
32902832,14,0.5621477637271719
34789658,9,0.2988767440419533
19630737,15,0.8497965713681314
11518252,12,0.1803904432765619
30387793,6,0.5513915805415693
23184410,0,0.27794571220336395
17862520,9,0.35527083518882446
32193211,0,0.39102232555239386
29880154,11,0.3847718572312193
24665536,11,0.6719907172940334
38602884,5,0.22586447322440215
15515218,15,0.3081205457298177
27993036,5,0.4033099047419522
30024717,6,0.33460715252059453
19393677,8,0.35042662873196967
39946601,5,0.40964451930471296
19704067,0,0.45233240411995546
3690380,1,0.6542829692990885
15004838,15,0.4480531875983026
18117806,1,0.6540830174787947
27181990,16,0.6463957080903229
39043417,13,0.1787903824915717
15341762,5,0.9402897739672123
34798558,3,0.6630592390073144
29957968,15,0.5559570395728339
21512305,14,0.8083344230165033
36815187,10,0.5158592035528022
330383,13,0.5032103913749397
21222458,14,0.46842970992048605
12086724,9,0.5413652739817681
21961037,15,0.21966421564204386
3687702,5,0.7181204109181075
32540422,16,0.41845292301685877
2301458,8,0.7436612097990991
8814383,0,0.4127795274351698
32160439,1,0.5006663127555318
6807459,10,0.37646852096187233
30337602,9,0.3261189666669693
30539564,9,0.42343479207562346
12521575,16,0.4851233947281732
26404893,0,0.2719645811607616
30094682,5,0.4798438498451435
32655778,8,0.3663902155624914
36343197,0,0.5287968106731644
37283514,11,0.4219818540405952
26083293,4,0.6683529219106495
29347626,15,0.2555046259137344
35880249,13,0.3028422223178577
17066451,8,0.4242190516894392
23232463,4,0.5735917542492597
38026431,0,0.22218310650510897
1918270,15,0.5030427069205425
30684872,2,0.4872487355061881
10888373,8,0.3367483762851232
24932730,13,0.46525104127310807
34740102,16,0.35033169034803907
2085592,12,0.5071360043290101
11062417,14,0.6635700141886662
34143988,4,0.4032626887435946
12855534,11,0.40350218206457916
27887393,11,0.30963303150630067
11371415,16,0.5066341525111384
27421282,12,0.5519121263367739
36006248,4,0.3198198379367803
5848184,8,0.4036740041100972
33969479,2,0.6775065458666716
1776290,0,0.5686724486083858
35765317,5,0.4025731596343913
31237499,9,0.3248079833037272
17535127,9,0.3943960188854109
23156116,8,0.6685709688391049
16971396,16,0.487214550325243
16396599,9,0.51555692259592
16267450,13,0.3597755596163409
19645908,12,0.3708149308669839
10459041,11,0.506546288680836
13111899,0,0.4744013874429582
18249177,1,0.6633198665899365
28489031,16,0.6844660842306356
20098238,8,0.45716763593187315
39580427,9,0.27337244696328183
35210564,1,0.479633923320979
2419416,8,0.20523748711754924
6734487,3,0.20869989856704485
32071337,1,0.4331270140102057
14396178,16,0.4302767641559859
30222389,15,0.2628836773000215
33593485,9,0.5710796646184831
32216391,13,0.37951851221950683
8186828,3,0.6346637386918271
26578264,9,0.3304639850280998
24884756,2,0.65516105838766
37276888,14,0.6198441049131738
29219386,8,0.31266099129460384
32612026,4,0.47864824144628687
37634370,14,0.5981745704798206
16720033,1,0.2930816084372947
19227798,9,0.2920924405990971
478655,3,0.6834726523841642
36250928,7,0.6870702392867798
7585617,0,0.32014348982050056
31459325,1,0.562945061792074
39963452,0,0.511730099873289
8280533,8,0.3771452924890134
29190966,9,0.43332470236558973
33821264,1,0.5928967358529711
35643326,8,0.34567330841942734
22133694,15,0.6610024252262306
7614869,3,0.4463930324158486
35603454,5,0.29095996128425405
38529246,9,0.22367019698539253
16514138,10,0.5241622595675702
6101902,1,0.3259953491235243
1122691,15,0.3285162603360233
20434470,9,0.6549321700504627
32699740,15,0.5817638419058264
36002197,3,0.3679125872971454
37917208,6,0.713586968981533
34357439,6,0.30372362306586237
33760441,1,0.2790562082798608
30251145,2,0.44667886379532196
24621808,12,0.6085417482458807
37559279,10,0.3497218699674201
10055045,15,0.411404490329417
13070759,0,0.8282672429943808
24017943,7,0.6508348592167813
25796140,3,0.4129260358796689
37623036,15,0.9999999999885336
6541771,0,0.5197882575589938
30133278,8,0.3328581420721548
12564043,15,0.3196134232321083
11732792,6,0.36768088799289933
1052613,6,0.22810506781407694
17065009,8,0.3973653997886654
33611969,8,0.4826352832980231
32354312,14,0.6971968835403802
2773164,1,0.4352080299912967
28246304,7,0.31303327497675637
8328493,8,0.33003208615585256
31592791,4,0.8207352798658106
24101426,10,0.3845691336360926
1734001,1,0.49738110426918813
39926533,2,0.7148824618840784
22095074,1,0.42379754719757373
36600293,2,0.912423623501599
12010140,3,0.5899182726186794
6356041,15,0.7669808099686956
27221223,3,0.4159303342244391
38243055,10,0.6123083472884183
37124512,5,0.5927002666728758
36364357,6,0.2786306319549526
22968652,12,0.32833139496884545
30372907,9,0.37873122265512826
19710362,2,0.5123381969803689
10146959,2,0.6140797192603362
27735999,1,0.46299693388320723
29307448,16,0.49843152049889977
6320954,10,0.5186143055147847
27818607,15,0.21563661449358354
37037751,14,0.2932749402367609
4064464,8,0.42761890501607464
16327107,2,0.3536631987979868
2541254,10,0.5404371096384487
33077395,2,0.46063726047264514
26207392,9,0.4445072190747657
27208413,4,0.3831535412732447
23056739,1,0.3313340763144561
34046626,4,0.515703034088258
24371304,15,0.21833598643502417
39165078,5,0.5807397168195768
17046421,8,0.3791918170092804
6824062,6,0.4382711414811424
26198847,0,0.46430127185542913
35963509,14,0.38414186660825406
23062193,15,0.2538209750623719
26588154,3,0.425226068979357
36242349,15,0.48527558816804867
19821525,4,0.2418729366591435
32881905,13,0.7665875044809567
2581217,15,0.38117745090792055
14992675,6,0.3141235973635451
33153821,16,0.5355292295919958
4088731,1,0.36199551725351564
26080808,2,0.7701278159224986
35454093,9,0.45486289170984623
10566382,3,0.3727091527664861
13323929,9,0.5537218406813353
12056115,14,0.9009202150397786
39642663,9,0.400727110075418
12432130,0,0.3741905317541996
27098762,4,0.386657987562206
38602963,3,0.33888983635406505
6834388,8,0.32279819040144536
37354691,9,0.34183296623021225
12124959,12,0.5493879232071227
27333915,14,0.4924238539138542
29517825,1,0.5019665804586942
35153942,11,0.6575025600747327
15603356,6,0.6352090545876367
20182748,15,0.7345442426230193
13055776,15,0.5037409415560876
2207875,2,0.7012146346783472
24739533,0,0.26690447952013197
36308320,3,0.35716705583313485
29861653,3,0.4840621995827643
24511046,3,0.35606506810755456
17633734,2,0.6428943935353171
34030573,15,0.4680069885060212
33426715,3,0.3280244605340485
23378076,5,0.3756280533201263
25898282,8,0.2988504338464444
28003189,13,0.4693455782247764
24414647,3,0.23378386938121232
24060728,6,0.43266072866618605
27670396,15,0.4593904012776864
35425476,15,0.5128895591259579
901704,15,0.3357930675847617
26428941,8,0.435706600588617
6321795,15,0.3585253569733742
12785133,6,0.40856861866565003
15649257,7,0.6081694121165271
35735064,16,0.34821427068135685
37174909,10,0.7126622127194447
19200608,6,0.40830413109236047
14905866,16,0.5366340371092891
23599650,15,0.3912391262417292
19657301,3,0.5007199363989363
19394099,10,0.514804006780566
8247151,15,0.30069781573967286
22648641,8,0.4000470585081005
3460867,12,0.31482920230288924
3936798,6,0.5079296061059546
36442900,1,0.6414694855046699
18700929,2,0.7986141600080797
34434353,8,0.5214003010382433
23066149,1,0.41183589197633935
13854472,16,0.7450614509857286
30492556,4,0.8740542903967128
13820954,3,0.6547696931894085
36766355,8,0.2300141941519159
34020508,3,0.41419149176420217
30990342,1,0.17171889957188377
16078366,1,0.3961737381289805
21393454,3,0.6290839819858038
19160571,1,0.2805055364209834
18129860,2,0.3355677454172168
16797459,16,0.5133016100332904
34323570,14,0.7313854145194261
6678266,0,0.2856211177821324
23229649,10,0.288754022914908
16746609,15,0.5551585570807422
32697958,5,0.31512363428465656
36590898,8,0.46137692549741227
28551122,1,0.760580243348155
36076136,16,0.9999999999907304
3762199,0,0.21779676558885205
34004922,8,0.44863600764984046
35620938,8,0.37592526247998764
24212450,11,0.24251431085775413
6031007,0,0.6109888335343732
12623571,14,0.716943221617504
8193965,12,0.2423068979644324
38599261,4,0.3778017259464756
18657935,9,0.48149125235229356
32099273,10,0.4422799770939144
30082300,8,0.5853109423932783
9108238,9,0.26085125463808395
2939070,11,0.48579660544203024
14003924,6,0.2908474367059169
24806069,14,0.705595539821566
35281989,9,0.7980531767617992
13324439,5,0.3065904755182692
39400302,12,0.34105080356999384
29382145,15,0.5426470127030977
16042773,9,0.3365396259615841
37733892,14,0.8503935930361013
35437458,2,0.5399790392284801
15898798,3,0.40760320463880184
35483111,16,0.5655313363928784
12925227,12,0.5324229609225566
17995668,9,0.5784924846051478
34187515,2,0.6725032284040904
24481169,9,0.3649196796243136
30654895,15,0.45876204148967564
11943831,15,0.6295121097428016
1315425,0,0.4574732538771019
3096953,13,0.40036788110917726
7501557,2,0.6641516078368385
27554036,13,0.4635987548308645
33461115,6,0.5316704793477552
4525735,6,0.4616031141547527
14783714,15,0.5210688106379288
6243276,12,0.5049011377087815
30227503,9,0.4207371809527534
26271715,13,0.6330570660097365
27241726,12,0.30251574175101803
3112469,13,0.6413317478726046
27872305,13,0.673010248243928
33373465,15,0.19487336166689048
5966852,2,0.24334398949007197
15933588,14,0.8283080056228134
3137685,3,0.5558994034803884
14660541,9,0.4236240616107272
38057096,9,0.46817005432530523
23255308,5,0.2122741009630377
31308318,12,0.6807166651424659
26313520,13,0.3733809869174887
29933701,9,0.7367776360658137
25397971,12,0.5285550063957273
28155383,15,0.22943920168997423
21682086,4,0.6600302400285238
10499258,2,0.47416384568725023
8543730,12,0.2732698891710904
28733625,0,0.4629682109088254
23737316,10,0.5334423848474402
27531010,2,0.3053602697946844
29931461,7,0.29605095551459487
9223579,8,0.3985031692443412
30732569,12,0.3211036922574836
15118741,15,0.9291246113410431
37480466,9,0.4824461134739519
22402599,1,0.28847966556505134
29871621,4,0.8293692177267568
10513235,16,0.31110282364048253
27900812,11,0.3602951053255292
30449763,15,0.4437868453505734
5853948,12,0.712079777434337
8718878,13,0.545243638335046
12995925,15,0.32092878850856843
3139922,8,0.35923153271965813
39946750,15,0.6413547097720562
1224585,0,0.4678867437391635
34146628,1,0.30042767970868284
12014042,15,0.2535685988656894
28209329,10,0.20759888473932492
29612259,12,0.22768597685065575
31124329,7,0.6710380650447586
31130450,0,0.49480053220521447
16307640,1,0.663874644319218
36702370,1,0.35206862749903883
35402874,1,0.42729245500031526
29682133,6,0.183903878073515
8275746,5,0.711422832164091
28664813,0,0.29175184414750926
31728810,3,0.6078560818161087
4616272,2,0.3684986606805015
10545041,9,0.42335653487582464
38985598,15,0.28170390463015144
11487036,3,0.8078080243902026
35678215,12,0.20032496700089425
5249917,0,0.6657252061629739
12651618,13,0.3949307471929496
32550269,11,0.7308251336664441
8749505,11,0.38814042532555315
5263712,1,0.570414184854092
30771652,8,0.42472387349829244
31328367,5,0.8560145042279342
618827,1,0.28500767174913444
23846973,9,0.3479653761195505
27468051,16,0.35359407858215586
10693808,3,0.40121928572066995
34544588,3,0.3377663873631207
31621154,6,0.33898208926263934
25311754,16,0.31712862405475034
12885860,9,0.5830010935905323
31393322,6,0.5399200384262102
29030682,0,0.33034194296310987
37840809,1,0.5317149468275632
25455462,1,0.41670432683413294
9933920,16,0.295898097122848
16903409,1,0.3366965649565637
35963592,1,0.5815304540391213
1059594,0,0.787633022533971
7769419,6,0.4500846028738801
118467,12,0.3013876565221171
39879746,7,0.4906194197076388
17737638,1,0.36626900209392654
28038453,13,0.4516666109074822
36186554,8,0.2870138817710482
18647236,16,0.2578686238971646
22874513,5,0.4666148074114861
27767662,8,0.4488294671098154
5791766,0,0.4758049747157623
10340439,2,0.2155021239545972
8647735,10,0.6212166708143458
39734304,4,0.9380069193842824
22002726,1,0.48228067341397246
14896982,3,0.28699240318938285
18899648,14,0.6670711393560665
11062773,9,0.2845654709321098
31436881,15,0.5512963262055648
16198789,1,0.46897091099200794
28074495,16,0.5278055524781985
36693486,12,0.256417634613264
36907242,6,0.45638852393604673
14694834,3,0.5382298855865232
28440708,8,0.3949406995013827
24705646,11,0.3907658748505528
6094171,15,0.26631825977166057
16953149,12,0.5318697989595551
12864911,6,0.3146482287059061
29321077,9,0.4257913183481611
33176278,6,0.8511194494493336
36212494,0,0.564239785634434
6474549,3,0.33901126840471524
21659375,6,0.7061965742692997
8402176,12,0.5726235414452884
29590988,8,0.705470094564401
30233109,3,0.6185657979076195
36377688,10,0.6408845987112258
1998261,16,0.8336250601889091
32608199,14,0.669999756504642
16774889,16,0.2802513648134579
32930452,9,0.6346246657052703
23784905,9,0.4993880223013058
295670,3,0.4583987631248331
35439244,16,0.6802473386468916
16517303,13,0.3054886080797847
28694021,9,0.451043889411742
35945362,9,0.5716147139535254
35104067,2,0.6749979845261428
33493723,13,0.4238222495822242
16332861,9,0.5971669166403176
5638334,8,0.41811909733290337
36795745,16,0.6381303798754921
28228218,15,0.6045880354067384
37959724,13,0.5956977273211209
35838690,16,0.9846508955279573
7117318,0,0.5015990152855851
26558617,8,0.5819504233274008
36757965,9,0.5250949992660667
